ISO-10303-21;
HEADER;
FILE_DESCRIPTION (( 'STEP AP203' ),
    '1' );
FILE_NAME ('摄像头底座卡扣版.STEP',
    '2026-06-16T07:46:51',
    ( '' ),
    ( '' ),
    'SwSTEP 2.0',
    'SolidWorks 2021',
    '' );
FILE_SCHEMA (( 'CONFIG_CONTROL_DESIGN' ));
ENDSEC;

DATA;
#1 = EDGE_CURVE ( 'NONE', #66, #1662, #1839, .T. ) ;
#2 = CYLINDRICAL_SURFACE ( 'NONE', #401, 10.00000000000000000 ) ;
#3 = ORIENTED_EDGE ( 'NONE', *, *, #111, .T. ) ;
#4 = AXIS2_PLACEMENT_3D ( 'NONE', #1843, #117, #456 ) ;
#5 = PLANE ( 'NONE',  #152 ) ;
#6 = EDGE_CURVE ( 'NONE', #810, #1543, #482, .T. ) ;
#7 = ORIENTED_EDGE ( 'NONE', *, *, #579, .T. ) ;
#8 = EDGE_CURVE ( 'NONE', #739, #236, #310, .T. ) ;
#9 = CARTESIAN_POINT ( 'NONE',  ( 5.499999999999996447, -85.09684063225437001, 32.02361701774041336 ) ) ;
#10 = LINE ( 'NONE', #738, #1259 ) ;
#11 = VECTOR ( 'NONE', #68, 1000.000000000000000 ) ;
#12 = LINE ( 'NONE', #625, #1254 ) ;
#13 = DIRECTION ( 'NONE',  ( 0.000000000000000000, 0.000000000000000000, -1.000000000000000000 ) ) ;
#14 = AXIS2_PLACEMENT_3D ( 'NONE', #396, #99, #1206 ) ;
#15 = ORIENTED_EDGE ( 'NONE', *, *, #1091, .T. ) ;
#16 = CARTESIAN_POINT ( 'NONE',  ( 14.00000000000000000, -13.99999999999999822, 8.500000000000000000 ) ) ;
#17 = CARTESIAN_POINT ( 'NONE',  ( 3.499999999999998668, -83.64674817299579956, 31.34742779895517728 ) ) ;
#18 = EDGE_LOOP ( 'NONE', ( #1537, #1925, #249, #640 ) ) ;
#19 = EDGE_CURVE ( 'NONE', #1429, #468, #10, .T. ) ;
#20 = CALENDAR_DATE ( 2026, 16, 6 ) ;
#21 = EDGE_CURVE ( 'NONE', #935, #1938, #895, .T. ) ;
#22 = CARTESIAN_POINT ( 'NONE',  ( -17.00000000000000000, 3.124264068711927411, 3.124264068711927855 ) ) ;
#23 = DIRECTION ( 'NONE',  ( -1.000000000000000000, 0.000000000000000000, 0.000000000000000000 ) ) ;
#24 = VECTOR ( 'NONE', #1547, 1000.000000000000000 ) ;
#25 = EDGE_CURVE ( 'NONE', #238, #1569, #1984, .T. ) ;
#26 = ORIENTED_EDGE ( 'NONE', *, *, #1995, .F. ) ;
#27 = ORIENTED_EDGE ( 'NONE', *, *, #991, .F. ) ;
#28 = LINE ( 'NONE', #509, #389 ) ;
#29 = VECTOR ( 'NONE', #1666, 1000.000000000000227 ) ;
#30 = CARTESIAN_POINT ( 'NONE',  ( -17.00000000000000000, 12.19722436226801321, 8.500000000000000000 ) ) ;
#31 = CIRCLE ( 'NONE', #305, 1.350000000000000533 ) ;
#32 = CARTESIAN_POINT ( 'NONE',  ( 3.499999999999998668, -83.91000615738244051, 27.47018701314511446 ) ) ;
#33 = ORIENTED_EDGE ( 'NONE', *, *, #34, .T. ) ;
#34 = EDGE_CURVE ( 'NONE', #525, #1306, #1213, .T. ) ;
#35 = EDGE_LOOP ( 'NONE', ( #423, #1936, #654, #1285 ) ) ;
#36 = DIRECTION ( 'NONE',  ( 0.7071067811865489050, -0.7071067811865462405, -1.533293416683370687E-16 ) ) ;
#37 = DIRECTION ( 'NONE',  ( 0.000000000000000000, 0.000000000000000000, 1.000000000000000000 ) ) ;
#38 = ORIENTED_EDGE ( 'NONE', *, *, #1645, .F. ) ;
#39 = CARTESIAN_POINT ( 'NONE',  ( -3.500000000000001332, -83.91000615738241208, 27.47018701314510025 ) ) ;
#40 = FACE_OUTER_BOUND ( 'NONE', #524, .T. ) ;
#41 = PLANE ( 'NONE',  #375 ) ;
#42 = ORIENTED_EDGE ( 'NONE', *, *, #1849, .T. ) ;
#43 = VECTOR ( 'NONE', #1329, 999.9999999999998863 ) ;
#44 = EDGE_LOOP ( 'NONE', ( #1398, #48, #820, #1584 ) ) ;
#45 = VERTEX_POINT ( 'NONE', #1286 ) ;
#46 = PLANE ( 'NONE',  #1557 ) ;
#47 = DIRECTION ( 'NONE',  ( -1.000000000000000000, 0.000000000000000000, 0.000000000000000000 ) ) ;
#48 = ORIENTED_EDGE ( 'NONE', *, *, #485, .F. ) ;
#49 = DIRECTION ( 'NONE',  ( 0.000000000000000000, 0.000000000000000000, 1.000000000000000000 ) ) ;
#50 = ADVANCED_FACE ( 'NONE', ( #989 ), #1420, .F. ) ;
#51 = CARTESIAN_POINT ( 'NONE',  ( 7.499999999999996447, -22.78305337357063109, 4.000000000000000000 ) ) ;
#52 = ORIENTED_EDGE ( 'NONE', *, *, #1822, .T. ) ;
#53 = ADVANCED_FACE ( 'NONE', ( #1882 ), #686, .F. ) ;
#54 = ORIENTED_EDGE ( 'NONE', *, *, #6, .F. ) ;
#55 = ORIENTED_EDGE ( 'NONE', *, *, #1787, .T. ) ;
#56 = CARTESIAN_POINT ( 'NONE',  ( 7.499999999999992895, -85.09684063225444106, 32.02361701774028546 ) ) ;
#57 = DIRECTION ( 'NONE',  ( -1.000000000000000000, 0.000000000000000000, -0.000000000000000000 ) ) ;
#58 = COORDINATED_UNIVERSAL_TIME_OFFSET ( 8, 0, .AHEAD. ) ;
#59 = VECTOR ( 'NONE', #1672, 1000.000000000000000 ) ;
#60 = AXIS2_PLACEMENT_3D ( 'NONE', #1136, #1741, #969 ) ;
#61 = FACE_OUTER_BOUND ( 'NONE', #967, .T. ) ;
#62 = VERTEX_POINT ( 'NONE', #358 ) ;
#63 = FACE_OUTER_BOUND ( 'NONE', #1041, .T. ) ;
#64 = EDGE_CURVE ( 'NONE', #842, #727, #325, .T. ) ;
#65 = PLANE ( 'NONE',  #1098 ) ;
#66 = VERTEX_POINT ( 'NONE', #1309 ) ;
#67 = EDGE_LOOP ( 'NONE', ( #224, #357, #1991, #1454 ) ) ;
#68 = DIRECTION ( 'NONE',  ( 0.000000000000000000, 1.000000000000000000, 0.000000000000000000 ) ) ;
#69 = CARTESIAN_POINT ( 'NONE',  ( -5.500000000000001776, -85.09684063225437001, 32.02361701774041336 ) ) ;
#70 = CARTESIAN_POINT ( 'NONE',  ( 17.00000000000000000, -17.00000000000000000, 1.000000000000002220 ) ) ;
#71 = ORIENTED_EDGE ( 'NONE', *, *, #1107, .F. ) ;
#72 = DIRECTION ( 'NONE',  ( 0.000000000000000000, 0.000000000000000000, 1.000000000000000000 ) ) ;
#73 = LINE ( 'NONE', #836, #471 ) ;
#74 = EDGE_LOOP ( 'NONE', ( #551, #507 ) ) ;
#75 = AXIS2_PLACEMENT_3D ( 'NONE', #1118, #227, #1580 ) ;
#76 = VERTEX_POINT ( 'NONE', #1898 ) ;
#77 = AXIS2_PLACEMENT_3D ( 'NONE', #1014, #867, #1343 ) ;
#78 = ORIENTED_EDGE ( 'NONE', *, *, #934, .F. ) ;
#79 = DIRECTION ( 'NONE',  ( -0.000000000000000000, 1.000000000000000000, -0.000000000000000000 ) ) ;
#80 = VECTOR ( 'NONE', #1438, 1000.000000000000000 ) ;
#81 = EDGE_CURVE ( 'NONE', #1848, #1662, #368, .T. ) ;
#82 = CARTESIAN_POINT ( 'NONE',  ( 7.499999999999992895, -25.00000000000000000, 2.168404344971009262E-15 ) ) ;
#83 = FACE_OUTER_BOUND ( 'NONE', #1684, .T. ) ;
#84 = ORIENTED_EDGE ( 'NONE', *, *, #1491, .F. ) ;
#85 = CARTESIAN_POINT ( 'NONE',  ( -14.00000000000000355, 14.00000000000000178, 8.500000000000000000 ) ) ;
#86 = DIRECTION ( 'NONE',  ( 0.000000000000000000, -0.9063077870366524902, 0.4226182617406938902 ) ) ;
#87 = ORIENTED_EDGE ( 'NONE', *, *, #623, .F. ) ;
#88 = ORIENTED_EDGE ( 'NONE', *, *, #207, .F. ) ;
#89 = CARTESIAN_POINT ( 'NONE',  ( -17.00000000000000000, 2.999999999999999556, 0.8757359312880718116 ) ) ;
#90 = DIRECTION ( 'NONE',  ( -0.000000000000000000, -0.000000000000000000, -1.000000000000000000 ) ) ;
#91 = CARTESIAN_POINT ( 'NONE',  ( -3.500000000000001332, -85.17883705923372872, 28.06185257958207302 ) ) ;
#92 = AXIS2_PLACEMENT_3D ( 'NONE', #627, #1862, #330 ) ;
#93 = CARTESIAN_POINT ( 'NONE',  ( -16.69999999999999929, -3.124264068711927855, 1.000000000000000666 ) ) ;
#94 = EDGE_LOOP ( 'NONE', ( #1230, #240, #1031, #1749, #1892 ) ) ;
#95 = VERTEX_POINT ( 'NONE', #1588 ) ;
#96 = FACE_OUTER_BOUND ( 'NONE', #1228, .T. ) ;
#97 = CALENDAR_DATE ( 2026, 16, 6 ) ;
#98 = ADVANCED_FACE ( 'NONE', ( #380 ), #46, .F. ) ;
#99 = DIRECTION ( 'NONE',  ( -0.000000000000000000, -0.000000000000000000, -1.000000000000000000 ) ) ;
#100 = CARTESIAN_POINT ( 'NONE',  ( -7.500000000000001776, -25.00000000000000000, 4.000000000000000000 ) ) ;
#101 = DIRECTION ( 'NONE',  ( 0.000000000000000000, 0.4226182617406938902, 0.9063077870366526012 ) ) ;
#102 = LINE ( 'NONE', #894, #1453 ) ;
#103 = ORIENTED_EDGE ( 'NONE', *, *, #1295, .F. ) ;
#104 = AXIS2_PLACEMENT_3D ( 'NONE', #1634, #898, #721 ) ;
#105 = EDGE_CURVE ( 'NONE', #1448, #494, #821, .T. ) ;
#106 = DIRECTION ( 'NONE',  ( 0.000000000000000000, 1.000000000000000000, 0.000000000000000000 ) ) ;
#107 = CARTESIAN_POINT ( 'NONE',  ( 16.99999999999999645, -3.043635738092519194, 0.9563642619074782525 ) ) ;
#108 = AXIS2_PLACEMENT_3D ( 'NONE', #533, #1029, #1152 ) ;
#109 = ORIENTED_EDGE ( 'NONE', *, *, #1695, .F. ) ;
#110 = CARTESIAN_POINT ( 'NONE',  ( -17.00000000000000000, -17.00000000000000000, 4.000000000000000000 ) ) ;
#111 = EDGE_CURVE ( 'NONE', #1062, #761, #273, .T. ) ;
#112 = CARTESIAN_POINT ( 'NONE',  ( 15.80277563773197613, 17.00000000000001066, 8.500000000000000000 ) ) ;
#113 = ORIENTED_EDGE ( 'NONE', *, *, #1800, .T. ) ;
#114 = CARTESIAN_POINT ( 'NONE',  ( 14.00000000000000000, -13.99999999999999822, 8.500000000000000000 ) ) ;
#115 = ADVANCED_FACE ( 'NONE', ( #1926 ), #1266, .T. ) ;
#116 = CARTESIAN_POINT ( 'NONE',  ( -3.500000000000001332, -82.37791727114448292, 30.75576223251819741 ) ) ;
#117 = DIRECTION ( 'NONE',  ( 0.000000000000000000, 1.000000000000000000, 0.000000000000000000 ) ) ;
#118 = CYLINDRICAL_SURFACE ( 'NONE', #792, 0.2999999999999999334 ) ;
#119 = ORIENTED_EDGE ( 'NONE', *, *, #1972, .F. ) ;
#120 = FACE_BOUND ( 'NONE', #1102, .T. ) ;
#121 = CIRCLE ( 'NONE', #394, 2.000000000000001776 ) ;
#122 = CIRCLE ( 'NONE', #839, 1.350000000000000533 ) ;
#123 = VECTOR ( 'NONE', #938, 1000.000000000000000 ) ;
#124 = EDGE_CURVE ( 'NONE', #1124, #1819, #1432, .T. ) ;
#125 = DIRECTION ( 'NONE',  ( 0.000000000000000000, 0.000000000000000000, -1.000000000000000000 ) ) ;
#126 = VERTEX_POINT ( 'NONE', #56 ) ;
#127 = CARTESIAN_POINT ( 'NONE',  ( 10.49999999999999822, -13.99999999999999822, 8.500000000000000000 ) ) ;
#128 = CIRCLE ( 'NONE', #1013, 3.500000000000001332 ) ;
#129 = DIRECTION ( 'NONE',  ( -0.000000000000000000, 0.4226182617406938347, 0.9063077870366526012 ) ) ;
#130 = CARTESIAN_POINT ( 'NONE',  ( 13.99999999999999645, 14.00000000000000178, 8.500000000000000000 ) ) ;
#131 = CARTESIAN_POINT ( 'NONE',  ( 16.91213203435596668, 2.912132034355964905, 2.912132034355965793 ) ) ;
#132 = ORIENTED_EDGE ( 'NONE', *, *, #1311, .T. ) ;
#133 = CARTESIAN_POINT ( 'NONE',  ( -17.00000000000000000, 17.00000000000000000, 4.000000000000000000 ) ) ;
#134 = EDGE_LOOP ( 'NONE', ( #1066, #1307, #486, #458 ) ) ;
#135 = CC_DESIGN_DATE_AND_TIME_ASSIGNMENT ( #1941, #1633, ( #703 ) ) ;
#136 = FACE_OUTER_BOUND ( 'NONE', #134, .T. ) ;
#137 = ORIENTED_EDGE ( 'NONE', *, *, #478, .T. ) ;
#138 = LINE ( 'NONE', #1678, #1648 ) ;
#139 = DIRECTION ( 'NONE',  ( 0.000000000000000000, 0.000000000000000000, -1.000000000000000000 ) ) ;
#140 = CARTESIAN_POINT ( 'NONE',  ( 0.000000000000000000, 0.000000000000000000, 4.000000000000000000 ) ) ;
#141 = VECTOR ( 'NONE', #261, 1000.000000000000000 ) ;
#142 = PLANE ( 'NONE',  #4 ) ;
#143 = ADVANCED_FACE ( 'NONE', ( #673 ), #189, .T. ) ;
#144 = EDGE_LOOP ( 'NONE', ( #1802, #78, #265, #1211, #1722, #828, #103, #1611 ) ) ;
#145 = CIRCLE ( 'NONE', #862, 2.000000000000001776 ) ;
#146 = ORIENTED_EDGE ( 'NONE', *, *, #1165, .F. ) ;
#147 = DIRECTION ( 'NONE',  ( -0.000000000000000000, -0.000000000000000000, -1.000000000000000000 ) ) ;
#148 = ORIENTED_EDGE ( 'NONE', *, *, #1972, .T. ) ;
#149 = CARTESIAN_POINT ( 'NONE',  ( 16.21213203435596739, -2.212132034355962507, 1.787867965644036827 ) ) ;
#150 = CARTESIAN_POINT ( 'NONE',  ( -14.00000000000000000, -13.99999999999999822, 8.500000000000000000 ) ) ;
#151 = EDGE_CURVE ( 'NONE', #998, #1524, #1910, .T. ) ;
#152 = AXIS2_PLACEMENT_3D ( 'NONE', #140, #470, #1215 ) ;
#153 = ORIENTED_EDGE ( 'NONE', *, *, #529, .T. ) ;
#154 = CARTESIAN_POINT ( 'NONE',  ( -17.00000000000000000, -15.80277563773199390, 0.000000000000000000 ) ) ;
#155 = CARTESIAN_POINT ( 'NONE',  ( -5.500000000000001776, -88.44154509256568986, 29.58327832184857797 ) ) ;
#156 = ORIENTED_EDGE ( 'NONE', *, *, #1847, .T. ) ;
#157 = DIRECTION ( 'NONE',  ( 0.000000000000000000, 0.000000000000000000, 1.000000000000000000 ) ) ;
#158 = AXIS2_PLACEMENT_3D ( 'NONE', #1857, #1253, #1536 ) ;
#159 = ADVANCED_FACE ( 'NONE', ( #1753 ), #1125, .T. ) ;
#160 = DIRECTION ( 'NONE',  ( -1.000000000000000000, -0.000000000000000000, -0.000000000000000000 ) ) ;
#161 = ORIENTED_EDGE ( 'NONE', *, *, #819, .T. ) ;
#162 = LINE ( 'NONE', #1142, #80 ) ;
#163 = DIRECTION ( 'NONE',  ( 0.000000000000000000, 0.000000000000000000, -1.000000000000000000 ) ) ;
#164 = ADVANCED_FACE ( 'NONE', ( #1054 ), #1024, .T. ) ;
#165 = EDGE_CURVE ( 'NONE', #340, #698, #1508, .T. ) ;
#166 = CIRCLE ( 'NONE', #787, 10.00000000000000000 ) ;
#167 = ORIENTED_EDGE ( 'NONE', *, *, #1455, .T. ) ;
#168 = DIRECTION ( 'NONE',  ( 0.000000000000000000, -0.000000000000000000, 1.000000000000000000 ) ) ;
#169 = APPROVAL_STATUS ( 'not_yet_approved' ) ;
#170 = AXIS2_PLACEMENT_3D ( 'NONE', #856, #1324, #1813 ) ;
#171 = VECTOR ( 'NONE', #1760, 1000.000000000000000 ) ;
#172 = ORIENTED_EDGE ( 'NONE', *, *, #1107, .T. ) ;
#173 = CARTESIAN_POINT ( 'NONE',  ( 14.00000000000000000, -13.99999999999999822, 8.500000000000000000 ) ) ;
#174 = VECTOR ( 'NONE', #918, 1000.000000000000000 ) ;
#175 = DIRECTION ( 'NONE',  ( 0.000000000000000000, 0.4226182617406958886, 0.9063077870366516020 ) ) ;
#176 = ORIENTED_EDGE ( 'NONE', *, *, #219, .F. ) ;
#177 = ORIENTED_EDGE ( 'NONE', *, *, #1311, .F. ) ;
#178 = EDGE_LOOP ( 'NONE', ( #1700, #1763, #516, #1752 ) ) ;
#179 = DIRECTION ( 'NONE',  ( 0.000000000000000000, -0.9063077870366517130, 0.4226182617406959441 ) ) ;
#180 = PERSON_AND_ORGANIZATION ( #204, #1162 ) ;
#181 = AXIS2_PLACEMENT_3D ( 'NONE', #1078, #1841, #1426 ) ;
#182 = CARTESIAN_POINT ( 'NONE',  ( -17.00000000000000000, -3.000000000000000444, 3.124264068711929188 ) ) ;
#183 = CARTESIAN_POINT ( 'NONE',  ( 78.95062054906398430, -22.78305337357062754, 10.00000000000000000 ) ) ;
#184 = LOCAL_TIME ( 15, 46, 51.00000000000000000, #251 ) ;
#185 = EDGE_CURVE ( 'NONE', #538, #1597, #1922, .T. ) ;
#186 = ORIENTED_EDGE ( 'NONE', *, *, #683, .T. ) ;
#187 = AXIS2_PLACEMENT_3D ( 'NONE', #1698, #1244, #13 ) ;
#188 = ORIENTED_EDGE ( 'NONE', *, *, #1970, .F. ) ;
#189 = CYLINDRICAL_SURFACE ( 'NONE', #1496, 3.500000000000001332 ) ;
#190 = FACE_OUTER_BOUND ( 'NONE', #2005, .T. ) ;
#191 = CYLINDRICAL_SURFACE ( 'NONE', #187, 0.2999999999999999334 ) ;
#192 = VECTOR ( 'NONE', #451, 1000.000000000000000 ) ;
#193 = EDGE_LOOP ( 'NONE', ( #1883, #1340, #1135, #785 ) ) ;
#194 = DIRECTION ( 'NONE',  ( 0.000000000000000000, -0.9063077870366524902, 0.4226182617406938902 ) ) ;
#195 = DIRECTION ( 'NONE',  ( -0.7071067811865462405, 0.000000000000000000, -0.7071067811865489050 ) ) ;
#196 = CARTESIAN_POINT ( 'NONE',  ( -12.65000000000000036, -13.99999999999999822, 8.500000000000000000 ) ) ;
#197 = ORIENTED_EDGE ( 'NONE', *, *, #1022, .T. ) ;
#198 = ORIENTED_EDGE ( 'NONE', *, *, #510, .F. ) ;
#199 = CARTESIAN_POINT ( 'NONE',  ( -12.19722436226801676, -17.00000000000001066, 8.500000000000000000 ) ) ;
#200 = DIRECTION ( 'NONE',  ( 1.000000000000000000, 0.000000000000000000, 0.000000000000000000 ) ) ;
#201 = EDGE_CURVE ( 'NONE', #236, #1437, #1064, .T. ) ;
#202 = DIRECTION ( 'NONE',  ( -0.000000000000000000, -0.000000000000000000, -1.000000000000000000 ) ) ;
#203 = ADVANCED_FACE ( 'NONE', ( #1350 ), #897, .T. ) ;
#204 = PERSON ( '未指定', '未指定', '未指定', ('未指定'), ('未指定'), ('未指定') ) ;
#205 = ORIENTED_EDGE ( 'NONE', *, *, #528, .T. ) ;
#206 = DIRECTION ( 'NONE',  ( -1.000000000000000000, 0.000000000000000000, 0.000000000000000000 ) ) ;
#207 = EDGE_CURVE ( 'NONE', #945, #1935, #1333, .T. ) ;
#208 = AXIS2_PLACEMENT_3D ( 'NONE', #674, #527, #57 ) ;
#209 = FACE_OUTER_BOUND ( 'NONE', #608, .T. ) ;
#210 = ORIENTED_EDGE ( 'NONE', *, *, #1847, .F. ) ;
#211 = AXIS2_PLACEMENT_3D ( 'NONE', #85, #1346, #1620 ) ;
#212 = EDGE_LOOP ( 'NONE', ( #520, #177 ) ) ;
#213 = EDGE_CURVE ( 'NONE', #1845, #238, #855, .T. ) ;
#214 = ORIENTED_EDGE ( 'NONE', *, *, #779, .F. ) ;
#215 = DIRECTION ( 'NONE',  ( 0.000000000000000000, 1.000000000000000000, 0.000000000000000000 ) ) ;
#216 = CARTESIAN_POINT ( 'NONE',  ( 16.91213203435596668, 2.912132034355962240, 1.087867965644035317 ) ) ;
#217 = DIRECTION ( 'NONE',  ( 1.000000000000000000, 0.000000000000000000, 0.000000000000000000 ) ) ;
#218 = DIRECTION ( 'NONE',  ( 0.000000000000000000, 0.000000000000000000, 1.000000000000000000 ) ) ;
#219 = EDGE_CURVE ( 'NONE', #698, #448, #166, .T. ) ;
#220 = CARTESIAN_POINT ( 'NONE',  ( -5.500000000000005329, -88.44154509256568986, 29.58327832184858153 ) ) ;
#221 = ORIENTED_EDGE ( 'NONE', *, *, #776, .T. ) ;
#222 = FACE_OUTER_BOUND ( 'NONE', #1668, .T. ) ;
#223 = DIRECTION ( 'NONE',  ( -0.000000000000000000, 2.168404344971007882E-16, -1.000000000000000000 ) ) ;
#224 = ORIENTED_EDGE ( 'NONE', *, *, #1088, .T. ) ;
#225 = VERTEX_POINT ( 'NONE', #1172 ) ;
#226 = EDGE_LOOP ( 'NONE', ( #587, #1879, #277, #925 ) ) ;
#227 = DIRECTION ( 'NONE',  ( -0.000000000000000000, -0.000000000000000000, -1.000000000000000000 ) ) ;
#228 = CIRCLE ( 'NONE', #1201, 3.500000000000001332 ) ;
#229 = LINE ( 'NONE', #82, #279 ) ;
#230 = CC_DESIGN_PERSON_AND_ORGANIZATION_ASSIGNMENT ( #1159, #875, ( #477 ) ) ;
#231 = DIRECTION ( 'NONE',  ( 0.5773502691896243988, 0.5773502691896263972, -0.5773502691896265082 ) ) ;
#232 = ORIENTED_EDGE ( 'NONE', *, *, #1204, .F. ) ;
#233 = FACE_OUTER_BOUND ( 'NONE', #697, .T. ) ;
#234 = AXIS2_PLACEMENT_3D ( 'NONE', #976, #376, #387 ) ;
#235 = CARTESIAN_POINT ( 'NONE',  ( 15.34999999999999787, 14.00000000000000178, 4.000000000000000000 ) ) ;
#236 = VERTEX_POINT ( 'NONE', #1971 ) ;
#237 = EDGE_CURVE ( 'NONE', #569, #734, #1184, .T. ) ;
#238 = VERTEX_POINT ( 'NONE', #1632 ) ;
#239 = ADVANCED_FACE ( 'NONE', ( #96 ), #1342, .F. ) ;
#240 = ORIENTED_EDGE ( 'NONE', *, *, #891, .T. ) ;
#241 = DIRECTION ( 'NONE',  ( -0.000000000000000000, -0.000000000000000000, -1.000000000000000000 ) ) ;
#242 = CALENDAR_DATE ( 2026, 16, 6 ) ;
#243 = CARTESIAN_POINT ( 'NONE',  ( -14.00000000000000000, -13.99999999999999822, 8.500000000000000000 ) ) ;
#244 = CARTESIAN_POINT ( 'NONE',  ( 12.19722436226801676, 17.00000000000001066, 8.500000000000000000 ) ) ;
#245 = VERTEX_POINT ( 'NONE', #352 ) ;
#246 = EDGE_CURVE ( 'NONE', #810, #727, #138, .T. ) ;
#247 = LINE ( 'NONE', #409, #1558 ) ;
#248 = DIRECTION ( 'NONE',  ( 1.000000000000000000, -0.000000000000000000, -0.000000000000000000 ) ) ;
#249 = ORIENTED_EDGE ( 'NONE', *, *, #872, .T. ) ;
#250 = DIRECTION ( 'NONE',  ( -0.000000000000000000, -0.000000000000000000, -1.000000000000000000 ) ) ;
#251 = COORDINATED_UNIVERSAL_TIME_OFFSET ( 8, 0, .AHEAD. ) ;
#252 = AXIS2_PLACEMENT_3D ( 'NONE', #1798, #1629, #691 ) ;
#253 = LINE ( 'NONE', #1315, #1313 ) ;
#254 = DIRECTION ( 'NONE',  ( 1.000000000000000000, 0.000000000000000000, -0.000000000000000000 ) ) ;
#255 = DIRECTION ( 'NONE',  ( -0.000000000000000000, 0.000000000000000000, -1.000000000000000000 ) ) ;
#256 = EDGE_CURVE ( 'NONE', #1393, #1011, #921, .T. ) ;
#257 = ORIENTED_EDGE ( 'NONE', *, *, #246, .T. ) ;
#258 = DIRECTION ( 'NONE',  ( -0.000000000000000000, -0.000000000000000000, 1.000000000000000000 ) ) ;
#259 = SECURITY_CLASSIFICATION_LEVEL ( 'unclassified' ) ;
#260 = CIRCLE ( 'NONE', #1865, 1.400000000000001021 ) ;
#261 = DIRECTION ( 'NONE',  ( 1.000000000000000000, 0.000000000000000000, 0.000000000000000000 ) ) ;
#262 = CARTESIAN_POINT ( 'NONE',  ( -7.500000000000001776, -17.00000000000000000, 4.000000000000000000 ) ) ;
#263 = LINE ( 'NONE', #546, #574 ) ;
#264 = CARTESIAN_POINT ( 'NONE',  ( -17.00000000000000000, -17.00000000000000000, 4.000000000000000000 ) ) ;
#265 = ORIENTED_EDGE ( 'NONE', *, *, #1539, .F. ) ;
#266 = ORIENTED_EDGE ( 'NONE', *, *, #1719, .T. ) ;
#267 = AXIS2_PLACEMENT_3D ( 'NONE', #424, #1202, #1986 ) ;
#268 = DIRECTION ( 'NONE',  ( 1.000000000000000000, 0.000000000000000000, 0.000000000000000000 ) ) ;
#269 = FACE_OUTER_BOUND ( 'NONE', #1642, .T. ) ;
#270 = EDGE_CURVE ( 'NONE', #761, #1163, #1688, .T. ) ;
#271 = ORIENTED_EDGE ( 'NONE', *, *, #1401, .T. ) ;
#272 = DIRECTION ( 'NONE',  ( -0.000000000000000000, -0.000000000000000000, -1.000000000000000000 ) ) ;
#273 = CIRCLE ( 'NONE', #621, 1.400000000000001021 ) ;
#274 = ADVANCED_FACE ( 'NONE', ( #443, #1832, #492 ), #1407, .T. ) ;
#275 = PLANE ( 'NONE',  #1950 ) ;
#276 = DIRECTION ( 'NONE',  ( 0.000000000000000000, 0.9063077870366534894, -0.4226182617406918918 ) ) ;
#277 = ORIENTED_EDGE ( 'NONE', *, *, #1719, .F. ) ;
#278 = CARTESIAN_POINT ( 'NONE',  ( 13.99999999999999645, 14.00000000000000178, 4.000000000000000000 ) ) ;
#279 = VECTOR ( 'NONE', #688, 1000.000000000000000 ) ;
#280 = DIRECTION ( 'NONE',  ( -0.000000000000000000, -0.000000000000000000, -1.000000000000000000 ) ) ;
#281 = DIRECTION ( 'NONE',  ( -0.000000000000000000, -0.000000000000000000, -1.000000000000000000 ) ) ;
#282 = CYLINDRICAL_SURFACE ( 'NONE', #1840, 0.2999999999999999334 ) ;
#283 = ORIENTED_EDGE ( 'NONE', *, *, #165, .T. ) ;
#284 = LINE ( 'NONE', #905, #414 ) ;
#285 = CARTESIAN_POINT ( 'NONE',  ( -15.80277563773197613, 17.00000000000001066, 8.500000000000000000 ) ) ;
#286 = DIRECTION ( 'NONE',  ( -0.000000000000000000, -0.000000000000000000, -1.000000000000000000 ) ) ;
#287 = ORIENTED_EDGE ( 'NONE', *, *, #975, .T. ) ;
#288 = CARTESIAN_POINT ( 'NONE',  ( 78.95062054906398430, -25.00000000000000000, 2.168404344971009262E-15 ) ) ;
#289 = CC_DESIGN_APPROVAL ( #1084, ( #703 ) ) ;
#290 = CARTESIAN_POINT ( 'NONE',  ( 17.33333333333333215, 3.333333333333333037, 3.333333333333333925 ) ) ;
#291 = CARTESIAN_POINT ( 'NONE',  ( -14.00000000000000000, -13.99999999999999822, 4.000000000000000000 ) ) ;
#292 = CYLINDRICAL_SURFACE ( 'NONE', #1751, 1.350000000000000533 ) ;
#293 = VERTEX_POINT ( 'NONE', #1529 ) ;
#294 = CC_DESIGN_PERSON_AND_ORGANIZATION_ASSIGNMENT ( #1137, #1742, ( #1799 ) ) ;
#295 = CARTESIAN_POINT ( 'NONE',  ( 78.95062054906398430, -25.00000000000000000, 4.000000000000000000 ) ) ;
#296 = CIRCLE ( 'NONE', #1129, 1.350000000000000533 ) ;
#297 = CARTESIAN_POINT ( 'NONE',  ( 78.95062054906398430, -22.78305337357063109, 14.00000000000000000 ) ) ;
#298 = ADVANCED_FACE ( 'NONE', ( #462 ), #1996, .F. ) ;
#299 = EDGE_LOOP ( 'NONE', ( #833, #968, #1609, #1994 ) ) ;
#300 = CYLINDRICAL_SURFACE ( 'NONE', #381, 10.00000000000000000 ) ;
#301 = UNCERTAINTY_MEASURE_WITH_UNIT (LENGTH_MEASURE( 1.000000000000000082E-05 ), #488, 'distance_accuracy_value', 'NONE');
#302 = CIRCLE ( 'NONE', #948, 3.500000000000001332 ) ;
#303 = ADVANCED_FACE ( 'NONE', ( #40 ), #300, .T. ) ;
#304 = LINE ( 'NONE', #1530, #427 ) ;
#305 = AXIS2_PLACEMENT_3D ( 'NONE', #1369, #1224, #1680 ) ;
#306 = LINE ( 'NONE', #743, #1942 ) ;
#307 = CARTESIAN_POINT ( 'NONE',  ( 16.21213203435596739, 2.212132034355959398, 1.787867965644038160 ) ) ;
#308 = VERTEX_POINT ( 'NONE', #637 ) ;
#309 = ORIENTED_EDGE ( 'NONE', *, *, #105, .T. ) ;
#310 = LINE ( 'NONE', #928, #123 ) ;
#311 = CARTESIAN_POINT ( 'NONE',  ( -17.00000000000000000, 3.124264068711927411, 0.8757359312880718116 ) ) ;
#312 = DIRECTION ( 'NONE',  ( 1.000000000000000000, 0.000000000000000000, 0.000000000000000000 ) ) ;
#313 = AXIS2_PLACEMENT_3D ( 'NONE', #426, #1045, #268 ) ;
#314 = AXIS2_PLACEMENT_3D ( 'NONE', #1252, #1746, #788 ) ;
#315 = VERTEX_POINT ( 'NONE', #1262 ) ;
#316 = CARTESIAN_POINT ( 'NONE',  ( -17.00000000000000000, -15.80277563773199034, 8.500000000000000000 ) ) ;
#317 = ORIENTED_EDGE ( 'NONE', *, *, #246, .F. ) ;
#318 = ADVANCED_FACE ( 'NONE', ( #1115 ), #763, .F. ) ;
#319 = CARTESIAN_POINT ( 'NONE',  ( 21.66666666666666430, -7.666666666666679397, 7.666666666666681174 ) ) ;
#320 = CC_DESIGN_APPROVAL ( #735, ( #350 ) ) ;
#321 = EDGE_CURVE ( 'NONE', #1761, #1323, #602, .T. ) ;
#322 = ORIENTED_EDGE ( 'NONE', *, *, #1665, .T. ) ;
#323 = EDGE_CURVE ( 'NONE', #315, #614, #1679, .T. ) ;
#324 = AXIS2_PLACEMENT_3D ( 'NONE', #1816, #923, #2009 ) ;
#325 = CIRCLE ( 'NONE', #1703, 1.400000000000001021 ) ;
#326 = CARTESIAN_POINT ( 'NONE',  ( -14.00000000000000355, 14.00000000000000178, 8.500000000000000000 ) ) ;
#327 = CARTESIAN_POINT ( 'NONE',  ( -16.21213203435596739, 2.212132034355962507, 1.787867965644037271 ) ) ;
#328 = LINE ( 'NONE', #1412, #2012 ) ;
#329 = VECTOR ( 'NONE', #248, 1000.000000000000000 ) ;
#330 = DIRECTION ( 'NONE',  ( 1.000000000000000000, 0.000000000000000000, 0.000000000000000000 ) ) ;
#331 = EDGE_CURVE ( 'NONE', #1524, #716, #506, .T. ) ;
#332 = ORIENTED_EDGE ( 'NONE', *, *, #64, .T. ) ;
#333 = CARTESIAN_POINT ( 'NONE',  ( 13.99999999999999645, 14.00000000000000178, 8.500000000000000000 ) ) ;
#334 = DIRECTION ( 'NONE',  ( -1.000000000000000000, 0.000000000000000000, 0.000000000000000000 ) ) ;
#335 = EDGE_LOOP ( 'NONE', ( #853, #1441, #332, #317 ) ) ;
#336 = ORIENTED_EDGE ( 'NONE', *, *, #514, .F. ) ;
#337 = APPROVAL_STATUS ( 'not_yet_approved' ) ;
#338 = EDGE_CURVE ( 'NONE', #1448, #569, #1155, .T. ) ;
#339 = VECTOR ( 'NONE', #1768, 1000.000000000000114 ) ;
#340 = VERTEX_POINT ( 'NONE', #1727 ) ;
#341 = CARTESIAN_POINT ( 'NONE',  ( 17.00000000000000000, 3.124264068711926523, 3.124264068711927855 ) ) ;
#342 = DIRECTION ( 'NONE',  ( 1.000000000000000000, 0.000000000000000000, 0.000000000000000000 ) ) ;
#343 = CIRCLE ( 'NONE', #996, 1.350000000000000533 ) ;
#344 = LINE ( 'NONE', #1281, #1661 ) ;
#345 = EDGE_LOOP ( 'NONE', ( #495, #1630, #84, #1908, #642, #904, #978, #439 ) ) ;
#346 = ORIENTED_EDGE ( 'NONE', *, *, #1372, .F. ) ;
#347 = ORIENTED_EDGE ( 'NONE', *, *, #19, .T. ) ;
#348 = APPROVAL_DATE_TIME ( #1714, #735 ) ;
#349 = ORIENTED_EDGE ( 'NONE', *, *, #1665, .F. ) ;
#350 = PRODUCT_DEFINITION ( '未知', '', #477, #1670 ) ;
#351 = CARTESIAN_POINT ( 'NONE',  ( 7.499999999999996447, -25.00000000000000000, 4.000000000000000000 ) ) ;
#352 = CARTESIAN_POINT ( 'NONE',  ( 15.34999999999999787, 14.00000000000000178, 8.500000000000000000 ) ) ;
#353 = CARTESIAN_POINT ( 'NONE',  ( 12.19722436226801676, 17.00000000000001066, 8.500000000000000000 ) ) ;
#354 = EDGE_LOOP ( 'NONE', ( #172, #1812 ) ) ;
#355 = EDGE_CURVE ( 'NONE', #1560, #1597, #815, .T. ) ;
#356 = CIRCLE ( 'NONE', #1677, 10.00000000000000000 ) ;
#357 = ORIENTED_EDGE ( 'NONE', *, *, #570, .T. ) ;
#358 = CARTESIAN_POINT ( 'NONE',  ( -7.500000000000001776, -86.62892951849238443, 28.73804179836718831 ) ) ;
#359 = APPLICATION_PROTOCOL_DEFINITION ( 'international standard', 'config_control_design', 1994, #1715 ) ;
#360 = ADVANCED_FACE ( 'NONE', ( #1223 ), #453, .T. ) ;
#361 = ORIENTED_EDGE ( 'NONE', *, *, #995, .T. ) ;
#362 = DIRECTION ( 'NONE',  ( -1.000000000000000000, 0.000000000000000000, 0.000000000000000000 ) ) ;
#363 = ADVANCED_FACE ( 'NONE', ( #1823, #1068 ), #1090, .F. ) ;
#364 = CARTESIAN_POINT ( 'NONE',  ( -16.91213203435596668, -2.912132034355965793, 1.087867965644036206 ) ) ;
#365 = VERTEX_POINT ( 'NONE', #929 ) ;
#366 = ADVANCED_FACE ( 'NONE', ( #1079 ), #1255, .T. ) ;
#367 = VERTEX_POINT ( 'NONE', #631 ) ;
#368 = LINE ( 'NONE', #1001, #11 ) ;
#369 = CARTESIAN_POINT ( 'NONE',  ( -17.00000000000000000, 3.124264068711927411, 3.124264068711927855 ) ) ;
#370 = CARTESIAN_POINT ( 'NONE',  ( 13.99999999999999645, 14.00000000000000178, 8.500000000000000000 ) ) ;
#371 = AXIS2_PLACEMENT_3D ( 'NONE', #843, #179, #1732 ) ;
#372 = CARTESIAN_POINT ( 'NONE',  ( 14.00000000000000000, -13.99999999999999822, 8.500000000000000000 ) ) ;
#373 = ORIENTED_EDGE ( 'NONE', *, *, #1165, .T. ) ;
#374 = CARTESIAN_POINT ( 'NONE',  ( 16.21213203435596739, 2.212132034355962951, 2.212132034355964283 ) ) ;
#375 = AXIS2_PLACEMENT_3D ( 'NONE', #503, #1304, #648 ) ;
#376 = DIRECTION ( 'NONE',  ( 1.000000000000000000, 0.000000000000000000, 0.000000000000000000 ) ) ;
#377 = ORIENTED_EDGE ( 'NONE', *, *, #1475, .T. ) ;
#378 = ORIENTED_EDGE ( 'NONE', *, *, #1797, .T. ) ;
#379 = EDGE_LOOP ( 'NONE', ( #1120, #1909 ) ) ;
#380 = FACE_OUTER_BOUND ( 'NONE', #1579, .T. ) ;
#381 = AXIS2_PLACEMENT_3D ( 'NONE', #183, #342, #964 ) ;
#382 = DIRECTION ( 'NONE',  ( -0.000000000000000000, -0.4226182617406938902, -0.9063077870366526012 ) ) ;
#383 = VERTEX_POINT ( 'NONE', #327 ) ;
#384 = EDGE_CURVE ( 'NONE', #1097, #1848, #1104, .T. ) ;
#385 = CARTESIAN_POINT ( 'NONE',  ( -14.00000000000000355, 14.00000000000000178, 4.000000000000000000 ) ) ;
#386 = EDGE_CURVE ( 'NONE', #552, #493, #469, .T. ) ;
#387 = DIRECTION ( 'NONE',  ( 0.000000000000000000, 0.000000000000000000, -1.000000000000000000 ) ) ;
#388 = VERTEX_POINT ( 'NONE', #1389 ) ;
#389 = VECTOR ( 'NONE', #200, 1000.000000000000000 ) ;
#390 = ORIENTED_EDGE ( 'NONE', *, *, #1139, .F. ) ;
#391 = VERTEX_POINT ( 'NONE', #1380 ) ;
#392 = LINE ( 'NONE', #1012, #1500 ) ;
#393 = PERSON_AND_ORGANIZATION_ROLE ( 'classification_officer' ) ;
#394 = AXIS2_PLACEMENT_3D ( 'NONE', #1756, #382, #1003 ) ;
#395 = ADVANCED_FACE ( 'NONE', ( #1704 ), #1696, .T. ) ;
#396 = CARTESIAN_POINT ( 'NONE',  ( -14.00000000000000355, 14.00000000000000178, 8.500000000000000000 ) ) ;
#397 = CARTESIAN_POINT ( 'NONE',  ( 13.99999999999999645, 14.00000000000000178, 4.000000000000000000 ) ) ;
#398 = ORIENTED_EDGE ( 'NONE', *, *, #742, .T. ) ;
#399 =( BOUNDED_CURVE ( )  B_SPLINE_CURVE ( 3, ( #1406, #1270, #1884, #22 ),
 .UNSPECIFIED., .F., .F. ) 
 B_SPLINE_CURVE_WITH_KNOTS ( ( 4, 4 ),
 ( 3.926990816987250277, 4.712388980384689674 ),
 .UNSPECIFIED. ) 
 CURVE ( )  GEOMETRIC_REPRESENTATION_ITEM ( )  RATIONAL_B_SPLINE_CURVE ( ( 1.000000000000000000, 0.9492530216741923432, 0.9492530216741923432, 1.000000000000000000 ) ) 
 REPRESENTATION_ITEM ( '' )  );
#400 = CARTESIAN_POINT ( 'NONE',  ( -17.00000000000000000, -17.00000000000000000, 0.000000000000000000 ) ) ;
#401 = AXIS2_PLACEMENT_3D ( 'NONE', #297, #1552, #1241 ) ;
#402 = CARTESIAN_POINT ( 'NONE',  ( -17.00000000000000000, 2.999999999999999556, 3.000000000000000000 ) ) ;
#403 = AXIS2_PLACEMENT_3D ( 'NONE', #1669, #753, #1689 ) ;
#404 = ORIENTED_EDGE ( 'NONE', *, *, #1891, .T. ) ;
#405 = ORIENTED_EDGE ( 'NONE', *, *, #386, .F. ) ;
#406 = CARTESIAN_POINT ( 'NONE',  ( 17.00000000000000000, 3.043635738092520082, 0.9563642619074783635 ) ) ;
#407 = CARTESIAN_POINT ( 'NONE',  ( 14.00000000000000000, -13.99999999999999822, 8.500000000000000000 ) ) ;
#408 = EDGE_CURVE ( 'NONE', #126, #1299, #1870, .T. ) ;
#409 = CARTESIAN_POINT ( 'NONE',  ( -16.91213203435596668, 2.999999999999999556, 2.912132034355963572 ) ) ;
#410 =( BOUNDED_CURVE ( )  B_SPLINE_CURVE ( 3, ( #1034, #1351, #406, #858 ),
 .UNSPECIFIED., .F., .F. ) 
 B_SPLINE_CURVE_WITH_KNOTS ( ( 4, 4 ),
 ( 3.926990816987247612, 4.712388980384689674 ),
 .UNSPECIFIED. ) 
 CURVE ( )  GEOMETRIC_REPRESENTATION_ITEM ( )  RATIONAL_B_SPLINE_CURVE ( ( 1.000000000000000000, 0.9492530216741918991, 0.9492530216741918991, 1.000000000000000000 ) ) 
 REPRESENTATION_ITEM ( '' )  );
#411 = CIRCLE ( 'NONE', #313, 1.350000000000000533 ) ;
#412 = ORIENTED_EDGE ( 'NONE', *, *, #1767, .F. ) ;
#413 = ORIENTED_EDGE ( 'NONE', *, *, #201, .T. ) ;
#414 = VECTOR ( 'NONE', #1513, 1000.000000000000000 ) ;
#415 = DIRECTION ( 'NONE',  ( 0.000000000000000000, -0.9063077870366524902, 0.4226182617406938902 ) ) ;
#416 = CYLINDRICAL_SURFACE ( 'NONE', #1275, 3.500000000000001332 ) ;
#417 = CARTESIAN_POINT ( 'NONE',  ( -15.35000000000000497, 14.00000000000000178, 8.500000000000000000 ) ) ;
#418 = CARTESIAN_POINT ( 'NONE',  ( -16.91213203435596668, -2.912132034355965349, 2.912132034355966237 ) ) ;
#419 = DIRECTION ( 'NONE',  ( 0.000000000000000000, 0.000000000000000000, -1.000000000000000000 ) ) ;
#420 = PLANE ( 'NONE',  #1644 ) ;
#421 = ORIENTED_EDGE ( 'NONE', *, *, #696, .F. ) ;
#422 = AXIS2_PLACEMENT_3D ( 'NONE', #764, #1100, #444 ) ;
#423 = ORIENTED_EDGE ( 'NONE', *, *, #1391, .T. ) ;
#424 = CARTESIAN_POINT ( 'NONE',  ( 14.00000000000000000, -13.99999999999999822, 8.500000000000000000 ) ) ;
#425 = EDGE_CURVE ( 'NONE', #238, #1845, #31, .T. ) ;
#426 = CARTESIAN_POINT ( 'NONE',  ( 13.99999999999999645, 14.00000000000000178, 4.000000000000000000 ) ) ;
#427 = VECTOR ( 'NONE', #139, 1000.000000000000000 ) ;
#428 = CARTESIAN_POINT ( 'NONE',  ( -14.00000000000000000, -13.99999999999999822, 8.500000000000000000 ) ) ;
#429 = EDGE_CURVE ( 'NONE', #45, #614, #304, .T. ) ;
#430 = ORIENTED_EDGE ( 'NONE', *, *, #124, .F. ) ;
#431 = DIRECTION ( 'NONE',  ( 1.000000000000000000, 0.000000000000000000, 0.000000000000000000 ) ) ;
#432 = VECTOR ( 'NONE', #750, 1000.000000000000000 ) ;
#433 = FACE_OUTER_BOUND ( 'NONE', #799, .T. ) ;
#434 = ORIENTED_EDGE ( 'NONE', *, *, #1246, .T. ) ;
#435 = EDGE_LOOP ( 'NONE', ( #659, #26, #1959, #1000 ) ) ;
#436 = ADVANCED_FACE ( 'NONE', ( #1261 ), #825, .F. ) ;
#437 = CARTESIAN_POINT ( 'NONE',  ( -7.500000000000001776, -17.00000000000000000, 0.000000000000000000 ) ) ;
#438 = LINE ( 'NONE', #1046, #1573 ) ;
#439 = ORIENTED_EDGE ( 'NONE', *, *, #1347, .T. ) ;
#440 = DIRECTION ( 'NONE',  ( -0.000000000000000000, -1.000000000000000000, 2.168404344971009115E-16 ) ) ;
#441 = AXIS2_PLACEMENT_3D ( 'NONE', #288, #752, #1368 ) ;
#442 = ORIENTED_EDGE ( 'NONE', *, *, #1103, .T. ) ;
#443 = FACE_BOUND ( 'NONE', #1878, .T. ) ;
#444 = DIRECTION ( 'NONE',  ( 0.000000000000000000, 0.000000000000000000, 1.000000000000000000 ) ) ;
#445 = VECTOR ( 'NONE', #707, 1000.000000000000000 ) ;
#446 = DIRECTION ( 'NONE',  ( 0.000000000000000000, 0.000000000000000000, 1.000000000000000000 ) ) ;
#447 = DIRECTION ( 'NONE',  ( -1.000000000000000000, 0.000000000000000000, 0.000000000000000000 ) ) ;
#448 = VERTEX_POINT ( 'NONE', #1876 ) ;
#449 = CARTESIAN_POINT ( 'NONE',  ( -17.00000000000000000, -17.00000000000000000, 4.000000000000000000 ) ) ;
#450 = EDGE_CURVE ( 'NONE', #1097, #1393, #745, .T. ) ;
#451 = DIRECTION ( 'NONE',  ( 1.000000000000000000, 0.000000000000000000, 0.000000000000000000 ) ) ;
#452 = VERTEX_POINT ( 'NONE', #341 ) ;
#453 = PLANE ( 'NONE',  #181 ) ;
#454 = CIRCLE ( 'NONE', #871, 3.499999999999997780 ) ;
#455 = PLANE ( 'NONE',  #1289 ) ;
#456 = DIRECTION ( 'NONE',  ( 0.000000000000000000, -0.000000000000000000, 1.000000000000000000 ) ) ;
#457 = EDGE_CURVE ( 'NONE', #739, #245, #122, .T. ) ;
#458 = ORIENTED_EDGE ( 'NONE', *, *, #646, .F. ) ;
#459 = ORIENTED_EDGE ( 'NONE', *, *, #537, .F. ) ;
#460 = LINE ( 'NONE', #1545, #645 ) ;
#461 = VERTEX_POINT ( 'NONE', #1425 ) ;
#462 = FACE_OUTER_BOUND ( 'NONE', #684, .T. ) ;
#463 = CIRCLE ( 'NONE', #1392, 3.500000000000001332 ) ;
#464 = CARTESIAN_POINT ( 'NONE',  ( 0.000000000000000000, 0.000000000000000000, 4.000000000000000000 ) ) ;
#465 = ORIENTED_EDGE ( 'NONE', *, *, #1109, .T. ) ;
#466 = ADVANCED_FACE ( 'NONE', ( #513 ), #814, .F. ) ;
#467 = DIRECTION ( 'NONE',  ( -0.000000000000000000, -0.4226182617406959441, -0.9063077870366517130 ) ) ;
#468 = VERTEX_POINT ( 'NONE', #1114 ) ;
#469 =( BOUNDED_CURVE ( )  B_SPLINE_CURVE ( 3, ( #149, #1997, #487, #772 ),
 .UNSPECIFIED., .F., .F. ) 
 B_SPLINE_CURVE_WITH_KNOTS ( ( 4, 4 ),
 ( 2.356194490192349278, 3.926990816987233401 ),
 .UNSPECIFIED. ) 
 CURVE ( )  GEOMETRIC_REPRESENTATION_ITEM ( )  RATIONAL_B_SPLINE_CURVE ( ( 1.000000000000000000, 0.8047378541243679351, 0.8047378541243679351, 1.000000000000000000 ) ) 
 REPRESENTATION_ITEM ( '' )  );
#470 = DIRECTION ( 'NONE',  ( 0.000000000000000000, 0.000000000000000000, -1.000000000000000000 ) ) ;
#471 = VECTOR ( 'NONE', #535, 1000.000000000000000 ) ;
#472 = AXIS2_PLACEMENT_3D ( 'NONE', #806, #984, #194 ) ;
#473 = ORIENTED_EDGE ( 'NONE', *, *, #185, .T. ) ;
#474 = EDGE_CURVE ( 'NONE', #767, #1260, #162, .T. ) ;
#475 = EDGE_CURVE ( 'NONE', #479, #949, #1094, .T. ) ;
#476 = CARTESIAN_POINT ( 'NONE',  ( 16.69999999999999929, -17.00000000000000000, 0.8757359312880739211 ) ) ;
#477 = PRODUCT_DEFINITION_FORMATION_WITH_SPECIFIED_SOURCE ( '任何', '', #1799, .NOT_KNOWN. ) ;
#478 = EDGE_CURVE ( 'NONE', #525, #1260, #1628, .T. ) ;
#479 = VERTEX_POINT ( 'NONE', #374 ) ;
#480 = DIRECTION ( 'NONE',  ( -0.000000000000000000, -1.000000000000000000, 2.168404344971008621E-16 ) ) ;
#481 = AXIS2_PLACEMENT_3D ( 'NONE', #951, #676, #982 ) ;
#482 = CIRCLE ( 'NONE', #1009, 1.399999999999999467 ) ;
#483 = LINE ( 'NONE', #955, #1708 ) ;
#484 = ORIENTED_EDGE ( 'NONE', *, *, #321, .T. ) ;
#485 = EDGE_CURVE ( 'NONE', #1978, #1460, #1399, .T. ) ;
#486 = ORIENTED_EDGE ( 'NONE', *, *, #917, .F. ) ;
#487 = CARTESIAN_POINT ( 'NONE',  ( 16.08786796564404042, -2.087867965644034207, 2.087867965644035095 ) ) ;
#488 =( LENGTH_UNIT ( ) NAMED_UNIT ( * ) SI_UNIT ( .MILLI., .METRE. ) );
#489 = VECTOR ( 'NONE', #1320, 1000.000000000000000 ) ;
#490 = ORIENTED_EDGE ( 'NONE', *, *, #579, .F. ) ;
#491 = CARTESIAN_POINT ( 'NONE',  ( 16.08786796564404398, 2.087867965644035095, 2.087867965644036428 ) ) ;
#492 = FACE_OUTER_BOUND ( 'NONE', #560, .T. ) ;
#493 = VERTEX_POINT ( 'NONE', #1716 ) ;
#494 = VERTEX_POINT ( 'NONE', #1582 ) ;
#495 = ORIENTED_EDGE ( 'NONE', *, *, #34, .F. ) ;
#496 = APPLICATION_PROTOCOL_DEFINITION ( 'international standard', 'config_control_design', 1994, #1037 ) ;
#497 = DIRECTION ( 'NONE',  ( -1.000000000000000000, 0.000000000000000000, 0.000000000000000000 ) ) ;
#498 = ORIENTED_EDGE ( 'NONE', *, *, #1445, .T. ) ;
#499 = EDGE_CURVE ( 'NONE', #1487, #76, #826, .T. ) ;
#500 = LINE ( 'NONE', #795, #1796 ) ;
#501 = CARTESIAN_POINT ( 'NONE',  ( -14.00000000000000000, -13.99999999999999822, 8.500000000000000000 ) ) ;
#502 = VECTOR ( 'NONE', #1036, 1000.000000000000000 ) ;
#503 = CARTESIAN_POINT ( 'NONE',  ( -17.00000000000000000, 2.999999999999999556, 3.000000000000000000 ) ) ;
#504 = EDGE_CURVE ( 'NONE', #1569, #388, #343, .T. ) ;
#505 = ORIENTED_EDGE ( 'NONE', *, *, #573, .F. ) ;
#506 =( BOUNDED_CURVE ( )  B_SPLINE_CURVE ( 3, ( #1379, #1415, #1271, #1885 ),
 .UNSPECIFIED., .F., .T. ) 
 B_SPLINE_CURVE_WITH_KNOTS ( ( 4, 4 ),
 ( 1.570796326794897446, 2.356194490192335511 ),
 .UNSPECIFIED. ) 
 CURVE ( )  GEOMETRIC_REPRESENTATION_ITEM ( )  RATIONAL_B_SPLINE_CURVE ( ( 1.000000000000000000, 0.9492530216741924542, 0.9492530216741924542, 1.000000000000000000 ) ) 
 REPRESENTATION_ITEM ( '' )  );
#507 = ORIENTED_EDGE ( 'NONE', *, *, #213, .F. ) ;
#508 = DIRECTION ( 'NONE',  ( -0.000000000000000000, -2.168404344971007882E-16, 1.000000000000000000 ) ) ;
#509 = CARTESIAN_POINT ( 'NONE',  ( -17.00000000000000000, -17.00000000000000000, 4.000000000000000000 ) ) ;
#510 = EDGE_CURVE ( 'NONE', #293, #1163, #931, .T. ) ;
#511 = LOCAL_TIME ( 15, 46, 51.00000000000000000, #830 ) ;
#512 = ORIENTED_EDGE ( 'NONE', *, *, #504, .F. ) ;
#513 = FACE_OUTER_BOUND ( 'NONE', #1712, .T. ) ;
#514 = EDGE_CURVE ( 'NONE', #1543, #810, #765, .T. ) ;
#515 = LINE ( 'NONE', #1748, #892 ) ;
#516 = ORIENTED_EDGE ( 'NONE', *, *, #1435, .F. ) ;
#517 = ORIENTED_EDGE ( 'NONE', *, *, #1855, .F. ) ;
#518 = DIRECTION ( 'NONE',  ( -0.7071067811865489050, 0.7071067811865462405, 0.000000000000000000 ) ) ;
#519 = LINE ( 'NONE', #1161, #877 ) ;
#520 = ORIENTED_EDGE ( 'NONE', *, *, #1091, .F. ) ;
#521 = DIRECTION ( 'NONE',  ( -1.000000000000000000, 0.000000000000000000, -0.000000000000000000 ) ) ;
#522 = EDGE_CURVE ( 'NONE', #383, #1076, #1913, .T. ) ;
#523 = DIRECTION ( 'NONE',  ( 0.7071067811865462405, 0.000000000000000000, 0.7071067811865489050 ) ) ;
#524 = EDGE_LOOP ( 'NONE', ( #232, #1762, #176, #1535 ) ) ;
#525 = VERTEX_POINT ( 'NONE', #1414 ) ;
#526 = DIRECTION ( 'NONE',  ( 0.000000000000000000, -0.9063077870366524902, 0.4226182617406938902 ) ) ;
#527 = DIRECTION ( 'NONE',  ( 0.000000000000000000, 0.000000000000000000, -1.000000000000000000 ) ) ;
#528 = EDGE_CURVE ( 'NONE', #45, #1978, #399, .T. ) ;
#529 = EDGE_CURVE ( 'NONE', #383, #614, #500, .T. ) ;
#530 = CYLINDRICAL_SURFACE ( 'NONE', #615, 1.350000000000000533 ) ;
#531 = EDGE_LOOP ( 'NONE', ( #1053, #412 ) ) ;
#532 =( BOUNDED_CURVE ( )  B_SPLINE_CURVE ( 3, ( #418, #1919, #1933, #1178 ),
 .UNSPECIFIED., .F., .T. ) 
 B_SPLINE_CURVE_WITH_KNOTS ( ( 4, 4 ),
 ( 0.7853981633974574939, 1.570796326794896558 ),
 .UNSPECIFIED. ) 
 CURVE ( )  GEOMETRIC_REPRESENTATION_ITEM ( )  RATIONAL_B_SPLINE_CURVE ( ( 1.000000000000000000, 0.9492530216741923432, 0.9492530216741923432, 1.000000000000000000 ) ) 
 REPRESENTATION_ITEM ( '' )  );
#533 = CARTESIAN_POINT ( 'NONE',  ( 16.69999999999999929, 3.124264068711926523, 4.000000000000000000 ) ) ;
#534 = VECTOR ( 'NONE', #699, 1000.000000000000000 ) ;
#535 = DIRECTION ( 'NONE',  ( 0.000000000000000000, -1.000000000000000000, 0.000000000000000000 ) ) ;
#536 = ORIENTED_EDGE ( 'NONE', *, *, #1445, .F. ) ;
#537 = EDGE_CURVE ( 'NONE', #580, #367, #145, .T. ) ;
#538 = VERTEX_POINT ( 'NONE', #1785 ) ;
#539 = EDGE_LOOP ( 'NONE', ( #186, #1440, #1431, #1263 ) ) ;
#540 = DIRECTION ( 'NONE',  ( -0.000000000000000000, -0.000000000000000000, -1.000000000000000000 ) ) ;
#541 = CARTESIAN_POINT ( 'NONE',  ( 16.00000000000000000, -1.999999999999995781, 2.000000000000003553 ) ) ;
#542 = AXIS2_PLACEMENT_3D ( 'NONE', #501, #1122, #2006 ) ;
#543 = CARTESIAN_POINT ( 'NONE',  ( -17.00000000000000000, 15.80277563773199034, 8.500000000000000000 ) ) ;
#544 = LINE ( 'NONE', #1447, #1106 ) ;
#545 = ORIENTED_EDGE ( 'NONE', *, *, #891, .F. ) ;
#546 = CARTESIAN_POINT ( 'NONE',  ( -12.65000000000000391, 14.00000000000000178, 8.500000000000000000 ) ) ;
#547 = CARTESIAN_POINT ( 'NONE',  ( -17.00000000000000000, -15.80277563773199034, 8.500000000000000000 ) ) ;
#548 = ORIENTED_EDGE ( 'NONE', *, *, #956, .T. ) ;
#549 = AXIS2_PLACEMENT_3D ( 'NONE', #1360, #942, #1069 ) ;
#550 = CARTESIAN_POINT ( 'NONE',  ( -17.00000000000000000, -3.124264068711927855, 0.8757359312880724778 ) ) ;
#551 = ORIENTED_EDGE ( 'NONE', *, *, #425, .F. ) ;
#552 = VERTEX_POINT ( 'NONE', #1196 ) ;
#553 = DIRECTION ( 'NONE',  ( 0.000000000000000000, 1.000000000000000000, -1.084202172485504311E-16 ) ) ;
#554 = CIRCLE ( 'NONE', #1868, 3.499999999999997780 ) ;
#555 = ADVANCED_FACE ( 'NONE', ( #713, #1303 ), #1338, .F. ) ;
#556 = CARTESIAN_POINT ( 'NONE',  ( -16.21213203435596739, -2.212132034355963395, 2.212132034355964283 ) ) ;
#557 = CYLINDRICAL_SURFACE ( 'NONE', #1606, 3.500000000000001332 ) ;
#558 = FACE_OUTER_BOUND ( 'NONE', #1117, .T. ) ;
#559 = AXIS2_PLACEMENT_3D ( 'NONE', #9, #175, #797 ) ;
#560 = EDGE_LOOP ( 'NONE', ( #620, #1145, #818, #42, #1917, #283 ) ) ;
#561 = EDGE_LOOP ( 'NONE', ( #1526, #1507 ) ) ;
#562 = CARTESIAN_POINT ( 'NONE',  ( -16.08786796564404398, -2.087867965644037316, 1.912132034355966015 ) ) ;
#563 = DIRECTION ( 'NONE',  ( 0.000000000000000000, -0.4226182617406958886, -0.9063077870366516020 ) ) ;
#564 = CC_DESIGN_PERSON_AND_ORGANIZATION_ASSIGNMENT ( #1765, #393, ( #703 ) ) ;
#565 = PLANE ( 'NONE',  #974 ) ;
#566 = DIRECTION ( 'NONE',  ( 0.000000000000000000, 2.168404344971007882E-16, -1.000000000000000000 ) ) ;
#567 = ADVANCED_FACE ( 'NONE', ( #1319 ), #1449, .T. ) ;
#568 = DIRECTION ( 'NONE',  ( -0.000000000000000000, -0.000000000000000000, -1.000000000000000000 ) ) ;
#569 = VERTEX_POINT ( 'NONE', #881 ) ;
#570 = EDGE_CURVE ( 'NONE', #889, #45, #247, .T. ) ;
#571 = CARTESIAN_POINT ( 'NONE',  ( -3.500000000000001332, -85.75886336507002738, 23.50529993622497571 ) ) ;
#572 = APPROVAL_ROLE ( '' ) ;
#573 = EDGE_CURVE ( 'NONE', #889, #1460, #532, .T. ) ;
#574 = VECTOR ( 'NONE', #1956, 1000.000000000000000 ) ;
#575 = FACE_OUTER_BOUND ( 'NONE', #1512, .T. ) ;
#576 = CARTESIAN_POINT ( 'NONE',  ( -15.80277563773197613, -17.00000000000001066, 8.500000000000000000 ) ) ;
#577 = DIRECTION ( 'NONE',  ( 0.000000000000000000, 1.000000000000000000, 0.000000000000000000 ) ) ;
#578 = CARTESIAN_POINT ( 'NONE',  ( 0.000000000000000000, 0.000000000000000000, 4.000000000000000000 ) ) ;
#579 = EDGE_CURVE ( 'NONE', #95, #1789, #1378, .T. ) ;
#580 = VERTEX_POINT ( 'NONE', #1638 ) ;
#581 = VECTOR ( 'NONE', #970, 1000.000000000000000 ) ;
#582 = ORIENTED_EDGE ( 'NONE', *, *, #1475, .F. ) ;
#583 = DIRECTION ( 'NONE',  ( 0.000000000000000000, -0.9063077870366534894, 0.4226182617406918918 ) ) ;
#584 = CARTESIAN_POINT ( 'NONE',  ( -16.21213203435596739, 1.999999999999999112, 1.787867965644036161 ) ) ;
#585 = VECTOR ( 'NONE', #1931, 1000.000000000000000 ) ;
#586 = LINE ( 'NONE', #746, #1734 ) ;
#587 = ORIENTED_EDGE ( 'NONE', *, *, #957, .T. ) ;
#588 = LINE ( 'NONE', #1820, #1473 ) ;
#589 = CARTESIAN_POINT ( 'NONE',  ( 14.00000000000000000, -13.99999999999999822, 4.000000000000000000 ) ) ;
#590 = AXIS2_PLACEMENT_3D ( 'NONE', #326, #927, #947 ) ;
#591 = FACE_OUTER_BOUND ( 'NONE', #598, .T. ) ;
#592 = CARTESIAN_POINT ( 'NONE',  ( 12.65000000000000036, -13.99999999999999822, 8.500000000000000000 ) ) ;
#593 = PRODUCT_DEFINITION_SHAPE ( 'NONE', 'NONE',  #350 ) ;
#594 = CARTESIAN_POINT ( 'NONE',  ( -7.500000000000001776, -85.09684063225444106, 32.02361701774027125 ) ) ;
#595 = CARTESIAN_POINT ( 'NONE',  ( -7.500000000000001776, -25.00000000000000000, 2.168404344971009262E-15 ) ) ;
#596 = ADVANCED_FACE ( 'NONE', ( #233 ), #1461, .T. ) ;
#597 = ADVANCED_FACE ( 'NONE', ( #63, #724 ), #1474, .T. ) ;
#598 = EDGE_LOOP ( 'NONE', ( #7, #465 ) ) ;
#599 = CARTESIAN_POINT ( 'NONE',  ( -7.500000000000001776, -22.78305337357062754, 2.168404344971009262E-15 ) ) ;
#600 = CARTESIAN_POINT ( 'NONE',  ( -14.00000000000000000, -13.99999999999999822, 4.000000000000000000 ) ) ;
#601 = ORIENTED_EDGE ( 'NONE', *, *, #1797, .F. ) ;
#602 = LINE ( 'NONE', #30, #804 ) ;
#603 = CARTESIAN_POINT ( 'NONE',  ( -12.19722436226801676, -17.00000000000001066, 4.000000000000000000 ) ) ;
#604 = DIRECTION ( 'NONE',  ( -1.000000000000000000, 0.000000000000000000, 0.000000000000000000 ) ) ;
#605 = ORIENTED_EDGE ( 'NONE', *, *, #733, .F. ) ;
#606 = ORIENTED_EDGE ( 'NONE', *, *, #840, .F. ) ;
#607 = CARTESIAN_POINT ( 'NONE',  ( 17.00000000000000000, -15.80277563773199390, 0.000000000000000000 ) ) ;
#608 = EDGE_LOOP ( 'NONE', ( #1581, #3, #915, #1778 ) ) ;
#609 = DIRECTION ( 'NONE',  ( -0.000000000000000000, -0.000000000000000000, -1.000000000000000000 ) ) ;
#610 = VECTOR ( 'NONE', #930, 999.9999999999998863 ) ;
#611 = CARTESIAN_POINT ( 'NONE',  ( 3.499999999999998668, -84.49003246321873917, 22.91363436978801005 ) ) ;
#612 = EDGE_CURVE ( 'NONE', #1127, #1349, #680, .T. ) ;
#613 = CARTESIAN_POINT ( 'NONE',  ( 17.00000000000000000, -3.124264068711925635, 0.8757359312880723667 ) ) ;
#614 = VERTEX_POINT ( 'NONE', #869 ) ;
#615 = AXIS2_PLACEMENT_3D ( 'NONE', #372, #1617, #1327 ) ;
#616 = CARTESIAN_POINT ( 'NONE',  ( 3.499999999999998668, -85.17883705923375715, 28.06185257958208368 ) ) ;
#617 = DIRECTION ( 'NONE',  ( -0.000000000000000000, 0.000000000000000000, -1.000000000000000000 ) ) ;
#618 = ORIENTED_EDGE ( 'NONE', *, *, #1664, .F. ) ;
#619 = FACE_OUTER_BOUND ( 'NONE', #144, .T. ) ;
#620 = ORIENTED_EDGE ( 'NONE', *, *, #1699, .F. ) ;
#621 = AXIS2_PLACEMENT_3D ( 'NONE', #1277, #1442, #980 ) ;
#622 = ORIENTED_EDGE ( 'NONE', *, *, #840, .T. ) ;
#623 = EDGE_CURVE ( 'NONE', #365, #1789, #263, .T. ) ;
#624 = EDGE_CURVE ( 'NONE', #848, #998, #1773, .T. ) ;
#625 = CARTESIAN_POINT ( 'NONE',  ( 17.00000000000000000, -15.80277563773199034, 8.500000000000000000 ) ) ;
#626 = VECTOR ( 'NONE', #280, 1000.000000000000000 ) ;
#627 = CARTESIAN_POINT ( 'NONE',  ( -14.00000000000000000, -13.99999999999999822, 4.000000000000000000 ) ) ;
#628 = EDGE_LOOP ( 'NONE', ( #87, #132, #1377, #1373 ) ) ;
#629 = DIRECTION ( 'NONE',  ( 1.000000000000000000, 0.000000000000000000, 0.000000000000000000 ) ) ;
#630 = FACE_OUTER_BOUND ( 'NONE', #628, .T. ) ;
#631 = CARTESIAN_POINT ( 'NONE',  ( -5.500000000000005329, -86.90945620632774649, 32.86885354122166802 ) ) ;
#632 = APPROVAL_ROLE ( '' ) ;
#633 = CARTESIAN_POINT ( 'NONE',  ( 17.00000000000000000, -12.19722436226801321, 8.500000000000000000 ) ) ;
#634 = AXIS2_PLACEMENT_3D ( 'NONE', #150, #1080, #312 ) ;
#635 = ORIENTED_EDGE ( 'NONE', *, *, #819, .F. ) ;
#636 = CARTESIAN_POINT ( 'NONE',  ( -5.500000000000001776, -85.09684063225444106, 32.02361701774027836 ) ) ;
#637 = CARTESIAN_POINT ( 'NONE',  ( 16.91213203435596668, -2.912132034355964905, 1.087867965644034429 ) ) ;
#638 = CIRCLE ( 'NONE', #944, 3.500000000000001332 ) ;
#639 = VECTOR ( 'NONE', #286, 1000.000000000000000 ) ;
#640 = ORIENTED_EDGE ( 'NONE', *, *, #1, .F. ) ;
#641 = ORIENTED_EDGE ( 'NONE', *, *, #1284, .T. ) ;
#642 = ORIENTED_EDGE ( 'NONE', *, *, #723, .T. ) ;
#643 = DIRECTION ( 'NONE',  ( -0.7071067811865462405, -0.7071067811865489050, 0.000000000000000000 ) ) ;
#644 = CARTESIAN_POINT ( 'NONE',  ( 16.21213203435596739, 1.999999999999998224, 2.212132034355964727 ) ) ;
#645 = VECTOR ( 'NONE', #1087, 1000.000000000000000 ) ;
#646 = EDGE_CURVE ( 'NONE', #126, #1574, #861, .T. ) ;
#647 = DIRECTION ( 'NONE',  ( 0.000000000000000000, -0.9063077870366534894, 0.4226182617406918918 ) ) ;
#648 = DIRECTION ( 'NONE',  ( 0.7071067811865462405, 0.000000000000000000, -0.7071067811865489050 ) ) ;
#649 = ORIENTED_EDGE ( 'NONE', *, *, #1767, .T. ) ;
#650 = EDGE_CURVE ( 'NONE', #1656, #1566, #1887, .T. ) ;
#651 = ORIENTED_EDGE ( 'NONE', *, *, #474, .F. ) ;
#652 = CARTESIAN_POINT ( 'NONE',  ( -3.500000000000001332, -82.37791727114448292, 30.75576223251819741 ) ) ;
#653 = CIRCLE ( 'NONE', #1924, 1.400000000000001021 ) ;
#654 = ORIENTED_EDGE ( 'NONE', *, *, #529, .F. ) ;
#655 = DIRECTION ( 'NONE',  ( -0.000000000000000000, -0.4226182617406938902, -0.9063077870366526012 ) ) ;
#656 = CARTESIAN_POINT ( 'NONE',  ( -16.96914487369269864, 2.969144873692699083, 1.030855126307300695 ) ) ;
#657 = AXIS2_PLACEMENT_3D ( 'NONE', #39, #655, #1110 ) ;
#658 = CARTESIAN_POINT ( 'NONE',  ( 16.91213203435596668, 2.999999999999999112, 1.087867965644036428 ) ) ;
#659 = ORIENTED_EDGE ( 'NONE', *, *, #1028, .T. ) ;
#660 = ORIENTED_EDGE ( 'NONE', *, *, #64, .F. ) ;
#661 = DIRECTION ( 'NONE',  ( -0.000000000000000000, -0.000000000000000000, -1.000000000000000000 ) ) ;
#662 = PLANE ( 'NONE',  #208 ) ;
#663 = CARTESIAN_POINT ( 'NONE',  ( -15.80277563773199034, -17.00000000000000000, 0.000000000000000000 ) ) ;
#664 = ADVANCED_FACE ( 'NONE', ( #558 ), #1966, .T. ) ;
#665 = DIRECTION ( 'NONE',  ( -0.7071067811865489050, -7.666467083416858365E-17, -0.7071067811865462405 ) ) ;
#666 = LOCAL_TIME ( 15, 46, 51.00000000000000000, #58 ) ;
#667 = ORIENTED_EDGE ( 'NONE', *, *, #835, .T. ) ;
#668 = CARTESIAN_POINT ( 'NONE',  ( -3.500000000000001332, -85.75886336507002738, 23.50529993622497571 ) ) ;
#669 = CARTESIAN_POINT ( 'NONE',  ( -17.00000000000000355, -12.19722436226800966, 8.500000000000000000 ) ) ;
#670 = ORIENTED_EDGE ( 'NONE', *, *, #81, .T. ) ;
#671 = ADVANCED_FACE ( 'NONE', ( #994, #1594, #222 ), #834, .F. ) ;
#672 = ORIENTED_EDGE ( 'NONE', *, *, #775, .T. ) ;
#673 = FACE_OUTER_BOUND ( 'NONE', #18, .T. ) ;
#674 = CARTESIAN_POINT ( 'NONE',  ( 0.000000000000000000, 0.000000000000000000, 0.000000000000000000 ) ) ;
#675 = DATE_AND_TIME ( #20, #666 ) ;
#676 = DIRECTION ( 'NONE',  ( 0.000000000000000000, 0.000000000000000000, 1.000000000000000000 ) ) ;
#677 = CIRCLE ( 'NONE', #158, 10.00000000000000000 ) ;
#678 = CARTESIAN_POINT ( 'NONE',  ( -16.91213203435596668, -2.912132034355965349, 2.912132034355966237 ) ) ;
#679 = ORIENTED_EDGE ( 'NONE', *, *, #1204, .T. ) ;
#680 = LINE ( 'NONE', #400, #502 ) ;
#681 = DIRECTION ( 'NONE',  ( -0.000000000000000000, 1.000000000000000000, -0.000000000000000000 ) ) ;
#682 = ORIENTED_EDGE ( 'NONE', *, *, #1119, .T. ) ;
#683 = EDGE_CURVE ( 'NONE', #1487, #1349, #1651, .T. ) ;
#684 = EDGE_LOOP ( 'NONE', ( #1528, #1791, #1157, #1023 ) ) ;
#685 = EDGE_LOOP ( 'NONE', ( #1428, #979, #1239, #2010 ) ) ;
#686 = CYLINDRICAL_SURFACE ( 'NONE', #60, 1.350000000000000533 ) ;
#687 = CARTESIAN_POINT ( 'NONE',  ( 7.499999999999996447, -25.00000000000000000, 2.168404344971009262E-15 ) ) ;
#688 = DIRECTION ( 'NONE',  ( 0.000000000000000000, 0.9063077870366526012, -0.4226182617406938902 ) ) ;
#689 = FACE_OUTER_BOUND ( 'NONE', #1599, .T. ) ;
#690 = ORIENTED_EDGE ( 'NONE', *, *, #1208, .T. ) ;
#691 = DIRECTION ( 'NONE',  ( 1.000000000000000000, 0.000000000000000000, -0.000000000000000000 ) ) ;
#692 = VECTOR ( 'NONE', #508, 1000.000000000000000 ) ;
#693 = DIRECTION ( 'NONE',  ( -0.000000000000000000, 1.000000000000000000, -0.000000000000000000 ) ) ;
#694 = EDGE_LOOP ( 'NONE', ( #1265, #1383, #1587, #2003 ) ) ;
#695 = VECTOR ( 'NONE', #258, 1000.000000000000000 ) ;
#696 = EDGE_CURVE ( 'NONE', #461, #225, #890, .T. ) ;
#697 = EDGE_LOOP ( 'NONE', ( #498, #1874, #266, #390 ) ) ;
#698 = VERTEX_POINT ( 'NONE', #1504 ) ;
#699 = DIRECTION ( 'NONE',  ( -0.000000000000000000, -0.000000000000000000, -1.000000000000000000 ) ) ;
#700 = CARTESIAN_POINT ( 'NONE',  ( 14.00000000000000000, -13.99999999999999822, 0.000000000000000000 ) ) ;
#701 = CARTESIAN_POINT ( 'NONE',  ( -14.00000000000000000, -13.99999999999999822, 8.500000000000000000 ) ) ;
#702 = CARTESIAN_POINT ( 'NONE',  ( 13.99999999999999645, 14.00000000000000178, 8.500000000000000000 ) ) ;
#703 = SECURITY_CLASSIFICATION ( '', '', #259 ) ;
#704 = DIRECTION ( 'NONE',  ( -0.000000000000000000, 1.000000000000000000, -0.000000000000000000 ) ) ;
#705 = EDGE_LOOP ( 'NONE', ( #405, #1472, #1410, #119 ) ) ;
#706 = VERTEX_POINT ( 'NONE', #599 ) ;
#707 = DIRECTION ( 'NONE',  ( -0.000000000000000000, 1.000000000000000000, -1.084202172485504311E-16 ) ) ;
#708 = DIRECTION ( 'NONE',  ( -1.000000000000000000, 0.000000000000000000, 0.000000000000000000 ) ) ;
#709 = CIRCLE ( 'NONE', #1771, 1.350000000000000533 ) ;
#710 = CARTESIAN_POINT ( 'NONE',  ( 3.499999999999998668, -82.37791727114449714, 30.75576223251820451 ) ) ;
#711 = FACE_OUTER_BOUND ( 'NONE', #193, .T. ) ;
#712 = DIRECTION ( 'NONE',  ( 0.000000000000000000, 0.000000000000000000, 1.000000000000000000 ) ) ;
#713 = FACE_OUTER_BOUND ( 'NONE', #94, .T. ) ;
#714 = ADVANCED_FACE ( 'NONE', ( #120, #1675 ), #1525, .T. ) ;
#715 = CARTESIAN_POINT ( 'NONE',  ( 15.80277563773197613, 17.00000000000001066, 0.000000000000000000 ) ) ;
#716 = VERTEX_POINT ( 'NONE', #1073 ) ;
#717 = CARTESIAN_POINT ( 'NONE',  ( -14.00000000000000000, -13.99999999999999822, 0.000000000000000000 ) ) ;
#718 = DIRECTION ( 'NONE',  ( 0.000000000000000000, 0.000000000000000000, -1.000000000000000000 ) ) ;
#719 = SHAPE_DEFINITION_REPRESENTATION ( #593, #940 ) ;
#720 = EDGE_CURVE ( 'NONE', #1124, #1429, #962, .T. ) ;
#721 = DIRECTION ( 'NONE',  ( -1.000000000000000000, 0.000000000000000000, 0.000000000000000000 ) ) ;
#722 = CARTESIAN_POINT ( 'NONE',  ( 16.91213203435596668, -2.912132034355964905, 1.087867965644034429 ) ) ;
#723 = EDGE_CURVE ( 'NONE', #1938, #538, #1828, .T. ) ;
#724 = FACE_BOUND ( 'NONE', #531, .T. ) ;
#725 = VECTOR ( 'NONE', #1158, 1000.000000000000114 ) ;
#726 = CARTESIAN_POINT ( 'NONE',  ( -17.00000000000000000, 15.80277563773199034, 0.000000000000000000 ) ) ;
#727 = VERTEX_POINT ( 'NONE', #1979 ) ;
#728 = ORIENTED_EDGE ( 'NONE', *, *, #1264, .T. ) ;
#729 = DIRECTION ( 'NONE',  ( -1.000000000000000000, 0.000000000000000000, 0.000000000000000000 ) ) ;
#730 = VECTOR ( 'NONE', #272, 1000.000000000000000 ) ;
#731 = CYLINDRICAL_SURFACE ( 'NONE', #1219, 3.500000000000001332 ) ;
#732 = CARTESIAN_POINT ( 'NONE',  ( -17.00000000000000355, -3.043635738092521414, 0.9563642619074786966 ) ) ;
#733 = EDGE_CURVE ( 'NONE', #1618, #716, #588, .T. ) ;
#734 = VERTEX_POINT ( 'NONE', #1063 ) ;
#735 = APPROVAL ( #169, '未指定' ) ;
#736 = DIRECTION ( 'NONE',  ( 0.000000000000000000, 0.000000000000000000, 1.000000000000000000 ) ) ;
#737 = FACE_OUTER_BOUND ( 'NONE', #354, .T. ) ;
#738 = CARTESIAN_POINT ( 'NONE',  ( -17.00000000000000355, -12.19722436226800966, 8.500000000000000000 ) ) ;
#739 = VERTEX_POINT ( 'NONE', #1663 ) ;
#740 = EDGE_CURVE ( 'NONE', #1127, #461, #284, .T. ) ;
#741 = DIRECTION ( 'NONE',  ( -0.000000000000000000, -0.000000000000000000, -1.000000000000000000 ) ) ;
#742 = EDGE_CURVE ( 'NONE', #1384, #126, #1929, .T. ) ;
#743 = CARTESIAN_POINT ( 'NONE',  ( -17.00000000000000000, 3.124264068711927411, 3.000000000000000000 ) ) ;
#744 = VECTOR ( 'NONE', #1955, 1000.000000000000000 ) ;
#745 = CIRCLE ( 'NONE', #1293, 3.500000000000001332 ) ;
#746 = CARTESIAN_POINT ( 'NONE',  ( -3.500000000000001332, -84.49003246321871075, 22.91363436978800650 ) ) ;
#747 = ORIENTED_EDGE ( 'NONE', *, *, #1208, .F. ) ;
#748 = CARTESIAN_POINT ( 'NONE',  ( 5.499999999999996447, -85.09684063225444106, 32.02361701774027836 ) ) ;
#749 = AXIS2_PLACEMENT_3D ( 'NONE', #985, #827, #1462 ) ;
#750 = DIRECTION ( 'NONE',  ( -0.000000000000000000, -0.000000000000000000, -1.000000000000000000 ) ) ;
#751 = ORIENTED_EDGE ( 'NONE', *, *, #740, .F. ) ;
#752 = DIRECTION ( 'NONE',  ( 0.000000000000000000, -0.4226182617406938902, -0.9063077870366526012 ) ) ;
#753 = DIRECTION ( 'NONE',  ( -0.000000000000000000, 0.000000000000000000, -1.000000000000000000 ) ) ;
#754 = DIRECTION ( 'NONE',  ( -0.000000000000000000, -0.000000000000000000, 1.000000000000000000 ) ) ;
#755 = DIRECTION ( 'NONE',  ( -0.000000000000000000, -0.000000000000000000, -1.000000000000000000 ) ) ;
#756 = DIRECTION ( 'NONE',  ( -5.421010862427503681E-17, 1.000000000000000000, -1.626303258728256651E-16 ) ) ;
#757 = EDGE_LOOP ( 'NONE', ( #361, #309, #71, #1654 ) ) ;
#758 = DIRECTION ( 'NONE',  ( 0.000000000000000000, 0.9063077870366526012, -0.4226182617406938902 ) ) ;
#759 = ORIENTED_EDGE ( 'NONE', *, *, #1699, .T. ) ;
#760 = FACE_OUTER_BOUND ( 'NONE', #178, .T. ) ;
#761 = VERTEX_POINT ( 'NONE', #616 ) ;
#762 = EDGE_CURVE ( 'NONE', #949, #552, #946, .T. ) ;
#763 = PLANE ( 'NONE',  #902 ) ;
#764 = CARTESIAN_POINT ( 'NONE',  ( 17.00000000000000000, -17.00000000000000000, 4.000000000000000000 ) ) ;
#765 = CIRCLE ( 'NONE', #657, 1.399999999999999467 ) ;
#766 = CARTESIAN_POINT ( 'NONE',  ( -16.33333333333333570, -2.333333333333331705, 2.333333333333332593 ) ) ;
#767 = VERTEX_POINT ( 'NONE', #154 ) ;
#768 = ORIENTED_EDGE ( 'NONE', *, *, #1809, .F. ) ;
#769 = DIRECTION ( 'NONE',  ( 5.421010862427503065E-17, -1.000000000000000000, 1.626303258728256404E-16 ) ) ;
#770 = ORIENTED_EDGE ( 'NONE', *, *, #1203, .T. ) ;
#771 = AXIS2_PLACEMENT_3D ( 'NONE', #1842, #1381, #773 ) ;
#772 = CARTESIAN_POINT ( 'NONE',  ( 16.21213203435596739, -2.212132034355962062, 2.212132034355963839 ) ) ;
#773 = DIRECTION ( 'NONE',  ( -1.000000000000000000, 0.000000000000000000, 0.000000000000000000 ) ) ;
#774 = FACE_OUTER_BOUND ( 'NONE', #44, .T. ) ;
#775 = EDGE_CURVE ( 'NONE', #1308, #315, #1856, .T. ) ;
#776 = EDGE_CURVE ( 'NONE', #1550, #1618, #1952, .T. ) ;
#777 = DIRECTION ( 'NONE',  ( -1.000000000000000000, 0.000000000000000000, -0.000000000000000000 ) ) ;
#778 = DIRECTION ( 'NONE',  ( -0.000000000000000000, -0.4226182617406938902, -0.9063077870366526012 ) ) ;
#779 = EDGE_CURVE ( 'NONE', #767, #1131, #1829, .T. ) ;
#780 = AXIS2_PLACEMENT_3D ( 'NONE', #870, #1484, #419 ) ;
#781 = CARTESIAN_POINT ( 'NONE',  ( 17.00000000000000000, -12.19722436226801321, 8.500000000000000000 ) ) ;
#782 = AXIS2_PLACEMENT_3D ( 'NONE', #571, #1643, #583 ) ;
#783 = DIRECTION ( 'NONE',  ( -1.000000000000000000, 0.000000000000000000, 0.000000000000000000 ) ) ;
#784 = DIRECTION ( 'NONE',  ( 0.000000000000000000, 0.000000000000000000, 1.000000000000000000 ) ) ;
#785 = ORIENTED_EDGE ( 'NONE', *, *, #124, .T. ) ;
#786 = ADVANCED_FACE ( 'NONE', ( #1375 ), #868, .T. ) ;
#787 = AXIS2_PLACEMENT_3D ( 'NONE', #1623, #1042, #1214 ) ;
#788 = DIRECTION ( 'NONE',  ( -1.000000000000000000, 1.982541115402068463E-15, 0.000000000000000000 ) ) ;
#789 = VECTOR ( 'NONE', #540, 1000.000000000000000 ) ;
#790 = EDGE_LOOP ( 'NONE', ( #1411, #824, #1276, #860, #1021, #1488, #1141, #679 ) ) ;
#791 = DIRECTION ( 'NONE',  ( 0.7071067811865462405, 0.7071067811865489050, 0.000000000000000000 ) ) ;
#792 = AXIS2_PLACEMENT_3D ( 'NONE', #1061, #756, #2000 ) ;
#793 = VECTOR ( 'NONE', #1051, 1000.000000000000000 ) ;
#794 = ORIENTED_EDGE ( 'NONE', *, *, #510, .T. ) ;
#795 = CARTESIAN_POINT ( 'NONE',  ( -17.00000000000000000, 2.999999999999999556, 1.000000000000000000 ) ) ;
#796 = DIRECTION ( 'NONE',  ( -0.000000000000000000, -0.000000000000000000, -1.000000000000000000 ) ) ;
#797 = DIRECTION ( 'NONE',  ( 0.000000000000000000, -0.9063077870366523792, 0.4226182617406943343 ) ) ;
#798 = VECTOR ( 'NONE', #609, 1000.000000000000000 ) ;
#799 = EDGE_LOOP ( 'NONE', ( #167, #1803, #794, #1895 ) ) ;
#800 = ORIENTED_EDGE ( 'NONE', *, *, #1088, .F. ) ;
#801 = DIRECTION ( 'NONE',  ( -0.000000000000000000, -0.000000000000000000, -1.000000000000000000 ) ) ;
#802 = DATE_AND_TIME ( #1871, #805 ) ;
#803 = EDGE_CURVE ( 'NONE', #1418, #538, #1944, .T. ) ;
#804 = VECTOR ( 'NONE', #1717, 1000.000000000000000 ) ;
#805 = LOCAL_TIME ( 15, 46, 51.00000000000000000, #1256 ) ;
#806 = CARTESIAN_POINT ( 'NONE',  ( 3.499999999999998668, -82.37791727114449714, 30.75576223251820451 ) ) ;
#807 = CARTESIAN_POINT ( 'NONE',  ( -16.91213203435596668, 2.912132034355964905, 1.087867965644034873 ) ) ;
#808 = EDGE_CURVE ( 'NONE', #1384, #367, #544, .T. ) ;
#809 = DIRECTION ( 'NONE',  ( -0.000000000000000000, 1.000000000000000000, -1.084202172485504557E-16 ) ) ;
#810 = VERTEX_POINT ( 'NONE', #91 ) ;
#811 = ORIENTED_EDGE ( 'NONE', *, *, #1809, .T. ) ;
#812 = AXIS2_PLACEMENT_3D ( 'NONE', #1967, #1198, #1514 ) ;
#813 = VERTEX_POINT ( 'NONE', #220 ) ;
#814 = PLANE ( 'NONE',  #1074 ) ;
#815 = LINE ( 'NONE', #1519, #798 ) ;
#816 = CARTESIAN_POINT ( 'NONE',  ( 16.99999999999999645, 3.043635738092520526, 3.043635738092521859 ) ) ;
#817 = EDGE_LOOP ( 'NONE', ( #413, #113 ) ) ;
#818 = ORIENTED_EDGE ( 'NONE', *, *, #1880, .T. ) ;
#819 = EDGE_CURVE ( 'NONE', #949, #1550, #859, .T. ) ;
#820 = ORIENTED_EDGE ( 'NONE', *, *, #528, .F. ) ;
#821 = LINE ( 'NONE', #1561, #1058 ) ;
#822 = DIRECTION ( 'NONE',  ( -1.487873981414441726E-32, -1.000000000000000000, 1.084202172485504311E-16 ) ) ;
#823 = CARTESIAN_POINT ( 'NONE',  ( 13.99999999999999645, 14.00000000000000178, 8.500000000000000000 ) ) ;
#824 = ORIENTED_EDGE ( 'NONE', *, *, #1851, .T. ) ;
#825 = CYLINDRICAL_SURFACE ( 'NONE', #1981, 1.399999999999999467 ) ;
#826 = CIRCLE ( 'NONE', #1694, 3.500000000000001332 ) ;
#827 = DIRECTION ( 'NONE',  ( -0.000000000000000000, 0.4226182617406938347, 0.9063077870366526012 ) ) ;
#828 = ORIENTED_EDGE ( 'NONE', *, *, #384, .F. ) ;
#829 = DIRECTION ( 'NONE',  ( 0.000000000000000000, -0.000000000000000000, 1.000000000000000000 ) ) ;
#830 = COORDINATED_UNIVERSAL_TIME_OFFSET ( 8, 0, .AHEAD. ) ;
#831 = CARTESIAN_POINT ( 'NONE',  ( -16.21213203435596739, -2.000000000000000444, 2.212132034355965171 ) ) ;
#832 = DIRECTION ( 'NONE',  ( -1.000000000000000000, 0.000000000000000000, 0.000000000000000000 ) ) ;
#833 = ORIENTED_EDGE ( 'NONE', *, *, #934, .T. ) ;
#834 = PLANE ( 'NONE',  #1858 ) ;
#835 = EDGE_CURVE ( 'NONE', #952, #1131, #519, .T. ) ;
#836 = CARTESIAN_POINT ( 'NONE',  ( -17.00000000000000000, -12.19722436226801321, 8.500000000000000000 ) ) ;
#837 = EDGE_LOOP ( 'NONE', ( #1650, #649, #993, #1844 ) ) ;
#838 = AXIS2_PLACEMENT_3D ( 'NONE', #130, #755, #604 ) ;
#839 = AXIS2_PLACEMENT_3D ( 'NONE', #333, #1128, #629 ) ;
#840 = EDGE_CURVE ( 'NONE', #1761, #1260, #1035, .T. ) ;
#841 = ORIENTED_EDGE ( 'NONE', *, *, #1095, .T. ) ;
#842 = VERTEX_POINT ( 'NONE', #1176 ) ;
#843 = CARTESIAN_POINT ( 'NONE',  ( 78.95062054906398430, -88.44154509256568986, 29.58327832184858153 ) ) ;
#844 = CARTESIAN_POINT ( 'NONE',  ( -16.69999999999999929, 2.999999999999999556, 0.8757359312880718116 ) ) ;
#845 = VECTOR ( 'NONE', #1366, 1000.000000000000000 ) ;
#846 = LINE ( 'NONE', #1026, #1149 ) ;
#847 = DIRECTION ( 'NONE',  ( 0.000000000000000000, 0.000000000000000000, 1.000000000000000000 ) ) ;
#848 = VERTEX_POINT ( 'NONE', #1301 ) ;
#849 = ADVANCED_FACE ( 'NONE', ( #83, #1783 ), #1140, .T. ) ;
#850 = DIRECTION ( 'NONE',  ( 1.000000000000000000, 0.000000000000000000, 0.000000000000000000 ) ) ;
#851 = CYLINDRICAL_SURFACE ( 'NONE', #749, 1.400000000000001021 ) ;
#852 = VERTEX_POINT ( 'NONE', #417 ) ;
#853 = ORIENTED_EDGE ( 'NONE', *, *, #6, .T. ) ;
#854 = ORIENTED_EDGE ( 'NONE', *, *, #683, .F. ) ;
#855 = CIRCLE ( 'NONE', #267, 1.350000000000000533 ) ;
#856 = CARTESIAN_POINT ( 'NONE',  ( 13.99999999999999645, 14.00000000000000178, 4.000000000000000000 ) ) ;
#857 = LINE ( 'NONE', #1467, #534 ) ;
#858 = CARTESIAN_POINT ( 'NONE',  ( 17.00000000000000000, 3.124264068711926523, 0.8757359312880717006 ) ) ;
#859 = LINE ( 'NONE', #1627, #1485 ) ;
#860 = ORIENTED_EDGE ( 'NONE', *, *, #1435, .T. ) ;
#861 = LINE ( 'NONE', #1492, #43 ) ;
#862 = AXIS2_PLACEMENT_3D ( 'NONE', #636, #101, #1190 ) ;
#863 = DIRECTION ( 'NONE',  ( -1.000000000000000000, 0.000000000000000000, -0.000000000000000000 ) ) ;
#864 = ORIENTED_EDGE ( 'NONE', *, *, #1880, .F. ) ;
#865 = DIRECTION ( 'NONE',  ( -0.000000000000000000, -0.000000000000000000, -1.000000000000000000 ) ) ;
#866 = EDGE_CURVE ( 'NONE', #1524, #452, #1795, .T. ) ;
#867 = DIRECTION ( 'NONE',  ( 0.000000000000000000, 0.000000000000000000, 1.000000000000000000 ) ) ;
#868 = CYLINDRICAL_SURFACE ( 'NONE', #1081, 3.499999999999997780 ) ;
#869 = CARTESIAN_POINT ( 'NONE',  ( -16.91213203435596668, 2.912132034355964905, 1.087867965644034873 ) ) ;
#870 = CARTESIAN_POINT ( 'NONE',  ( 16.42426406871193123, -17.00000000000000000, 2.000000000000003553 ) ) ;
#871 = AXIS2_PLACEMENT_3D ( 'NONE', #1531, #157, #783 ) ;
#872 = EDGE_CURVE ( 'NONE', #1597, #1662, #228, .T. ) ;
#873 = LINE ( 'NONE', #264, #845 ) ;
#874 = EDGE_LOOP ( 'NONE', ( #1156, #1739, #1341, #27 ) ) ;
#875 = PERSON_AND_ORGANIZATION_ROLE ( 'creator' ) ;
#876 = MANIFOLD_SOLID_BREP ( '圆角9', #1169 ) ;
#877 = VECTOR ( 'NONE', #1604, 1000.000000000000000 ) ;
#878 = ADVANCED_FACE ( 'NONE', ( #1015 ), #530, .F. ) ;
#879 = CYLINDRICAL_SURFACE ( 'NONE', #1534, 2.000000000000003109 ) ;
#880 = PLANE ( 'NONE',  #324 ) ;
#881 = CARTESIAN_POINT ( 'NONE',  ( -15.35000000000000142, -13.99999999999999822, 8.500000000000000000 ) ) ;
#882 = CYLINDRICAL_SURFACE ( 'NONE', #780, 0.2999999999999999334 ) ;
#883 = EDGE_LOOP ( 'NONE', ( #864, #1641, #1332, #434 ) ) ;
#884 = ADVANCED_FACE ( 'NONE', ( #1744 ), #557, .T. ) ;
#885 = APPROVAL ( #337, '未指定' ) ;
#886 = FACE_OUTER_BOUND ( 'NONE', #1463, .T. ) ;
#887 = CARTESIAN_POINT ( 'NONE',  ( 10.49999999999999822, -13.99999999999999822, 4.000000000000000000 ) ) ;
#888 = DIRECTION ( 'NONE',  ( 0.000000000000000000, 0.000000000000000000, 1.000000000000000000 ) ) ;
#889 = VERTEX_POINT ( 'NONE', #678 ) ;
#890 = LINE ( 'NONE', #449, #1721 ) ;
#891 = EDGE_CURVE ( 'NONE', #1393, #1251, #638, .T. ) ;
#892 = VECTOR ( 'NONE', #1427, 1000.000000000000000 ) ;
#893 = ADVANCED_FACE ( 'NONE', ( #61 ), #565, .F. ) ;
#894 = CARTESIAN_POINT ( 'NONE',  ( 17.00000000000000000, -12.19722436226801321, 8.500000000000000000 ) ) ;
#895 = LINE ( 'NONE', #1667, #1518 ) ;
#896 = ORIENTED_EDGE ( 'NONE', *, *, #514, .T. ) ;
#897 = CYLINDRICAL_SURFACE ( 'NONE', #1138, 3.500000000000001332 ) ;
#898 = DIRECTION ( 'NONE',  ( 0.000000000000000000, 0.000000000000000000, 1.000000000000000000 ) ) ;
#899 = DIRECTION ( 'NONE',  ( 0.000000000000000000, 0.000000000000000000, 1.000000000000000000 ) ) ;
#900 = DIRECTION ( 'NONE',  ( 0.000000000000000000, -2.168404344971007882E-16, 1.000000000000000000 ) ) ;
#901 = ADVANCED_FACE ( 'NONE', ( #1915 ), #1291, .F. ) ;
#902 = AXIS2_PLACEMENT_3D ( 'NONE', #910, #1877, #195 ) ;
#903 = CARTESIAN_POINT ( 'NONE',  ( -14.00000000000000000, -13.99999999999999822, 8.500000000000000000 ) ) ;
#904 = ORIENTED_EDGE ( 'NONE', *, *, #803, .F. ) ;
#905 = CARTESIAN_POINT ( 'NONE',  ( 7.499999999999996447, -17.00000000000000000, 4.000000000000000000 ) ) ;
#906 = LINE ( 'NONE', #1640, #1683 ) ;
#907 = ORIENTED_EDGE ( 'NONE', *, *, #21, .F. ) ;
#908 = CIRCLE ( 'NONE', #634, 3.500000000000001332 ) ;
#909 = EDGE_LOOP ( 'NONE', ( #545, #1072, #442, #349 ) ) ;
#910 = CARTESIAN_POINT ( 'NONE',  ( -17.00000000000000000, 2.999999999999999556, 1.000000000000000000 ) ) ;
#911 = DIRECTION ( 'NONE',  ( -5.421010862427503065E-17, 1.000000000000000000, -1.626303258728256651E-16 ) ) ;
#912 = AXIS2_PLACEMENT_3D ( 'NONE', #428, #446, #1071 ) ;
#913 = VECTOR ( 'NONE', #1457, 1000.000000000000000 ) ;
#914 = FACE_OUTER_BOUND ( 'NONE', #837, .T. ) ;
#915 = ORIENTED_EDGE ( 'NONE', *, *, #270, .T. ) ;
#916 = DIRECTION ( 'NONE',  ( 0.000000000000000000, -0.4226182617406938902, -0.9063077870366526012 ) ) ;
#917 = EDGE_CURVE ( 'NONE', #1574, #1283, #121, .T. ) ;
#918 = DIRECTION ( 'NONE',  ( -5.421010862427501832E-17, -1.000000000000000000, 1.626303258728256651E-16 ) ) ;
#919 = AXIS2_PLACEMENT_3D ( 'NONE', #1556, #163, #777 ) ;
#920 = ORIENTED_EDGE ( 'NONE', *, *, #331, .F. ) ;
#921 = LINE ( 'NONE', #127, #1907 ) ;
#922 = LINE ( 'NONE', #319, #24 ) ;
#923 = DIRECTION ( 'NONE',  ( -0.7071067811865489050, -0.7071067811865462405, -1.533293416683370687E-16 ) ) ;
#924 = ORIENTED_EDGE ( 'NONE', *, *, #803, .T. ) ;
#925 = ORIENTED_EDGE ( 'NONE', *, *, #1493, .F. ) ;
#926 = DIRECTION ( 'NONE',  ( 0.000000000000000000, 0.4226182617406938902, 0.9063077870366526012 ) ) ;
#927 = DIRECTION ( 'NONE',  ( -0.000000000000000000, -0.000000000000000000, -1.000000000000000000 ) ) ;
#928 = CARTESIAN_POINT ( 'NONE',  ( 12.64999999999999680, 14.00000000000000178, 8.500000000000000000 ) ) ;
#929 = CARTESIAN_POINT ( 'NONE',  ( -12.65000000000000391, 14.00000000000000178, 8.500000000000000000 ) ) ;
#930 = DIRECTION ( 'NONE',  ( -0.000000000000000000, 0.4226182617406959441, 0.9063077870366517130 ) ) ;
#931 = CIRCLE ( 'NONE', #472, 1.400000000000001021 ) ;
#932 = ADVANCED_FACE ( 'NONE', ( #689 ), #142, .F. ) ;
#933 = DIRECTION ( 'NONE',  ( -0.000000000000000000, -0.000000000000000000, -1.000000000000000000 ) ) ;
#934 = EDGE_CURVE ( 'NONE', #1656, #1838, #1382, .T. ) ;
#935 = VERTEX_POINT ( 'NONE', #1082 ) ;
#936 = DIRECTION ( 'NONE',  ( -3.469446951953611033E-15, 0.9063077870366523792, -0.4226182617406943343 ) ) ;
#937 = PLANE ( 'NONE',  #919 ) ;
#938 = DIRECTION ( 'NONE',  ( -0.000000000000000000, -0.000000000000000000, -1.000000000000000000 ) ) ;
#939 = CC_DESIGN_SECURITY_CLASSIFICATION ( #703, ( #477 ) ) ;
#940 = ADVANCED_BREP_SHAPE_REPRESENTATION ( '摄像头底座卡扣版', ( #876, #1385 ), #1233 ) ;
#941 = CARTESIAN_POINT ( 'NONE',  ( 7.499999999999992895, -25.00000000000000000, 4.000000000000000000 ) ) ;
#942 = DIRECTION ( 'NONE',  ( -0.000000000000000000, -0.4226182617406938902, -0.9063077870366526012 ) ) ;
#943 = ADVANCED_FACE ( 'NONE', ( #269 ), #880, .F. ) ;
#944 = AXIS2_PLACEMENT_3D ( 'NONE', #407, #712, #832 ) ;
#945 = VERTEX_POINT ( 'NONE', #262 ) ;
#946 = LINE ( 'NONE', #1544, #174 ) ;
#947 = DIRECTION ( 'NONE',  ( -1.000000000000000000, 0.000000000000000000, 0.000000000000000000 ) ) ;
#948 = AXIS2_PLACEMENT_3D ( 'NONE', #1386, #1711, #334 ) ;
#949 = VERTEX_POINT ( 'NONE', #307 ) ;
#950 = LINE ( 'NONE', #1571, #1126 ) ;
#951 = CARTESIAN_POINT ( 'NONE',  ( -14.00000000000000355, 14.00000000000000178, 4.000000000000000000 ) ) ;
#952 = VERTEX_POINT ( 'NONE', #576 ) ;
#953 = CARTESIAN_POINT ( 'NONE',  ( -16.08786796564404042, 2.087867965644035984, 2.087867965644035095 ) ) ;
#954 = DIRECTION ( 'NONE',  ( -0.000000000000000000, -0.000000000000000000, -1.000000000000000000 ) ) ;
#955 = CARTESIAN_POINT ( 'NONE',  ( 7.499999999999992895, -22.78305337357063109, 4.000000000000000000 ) ) ;
#956 = EDGE_CURVE ( 'NONE', #448, #706, #438, .T. ) ;
#957 = EDGE_CURVE ( 'NONE', #308, #998, #1227, .T. ) ;
#958 = ORIENTED_EDGE ( 'NONE', *, *, #1539, .T. ) ;
#959 = EDGE_LOOP ( 'NONE', ( #1968, #770, #1598, #1232, #1516, #346, #670, #1089, #1592, #1713, #1709, #1464, #1451, #1735 ) ) ;
#960 = VECTOR ( 'NONE', #809, 1000.000000000000000 ) ;
#961 = DIRECTION ( 'NONE',  ( -0.5773502691896242878, -0.5773502691896265082, 0.5773502691896265082 ) ) ;
#962 = CIRCLE ( 'NONE', #1030, 3.500000000000001332 ) ;
#963 = DIRECTION ( 'NONE',  ( -0.000000000000000000, 0.000000000000000000, 1.000000000000000000 ) ) ;
#964 = DIRECTION ( 'NONE',  ( 0.000000000000000000, 0.000000000000000000, -1.000000000000000000 ) ) ;
#965 = CARTESIAN_POINT ( 'NONE',  ( -17.00000000000000000, 2.999999999999999556, 1.000000000000000000 ) ) ;
#966 = ORIENTED_EDGE ( 'NONE', *, *, #612, .F. ) ;
#967 = EDGE_LOOP ( 'NONE', ( #1144, #1631, #635, #1559 ) ) ;
#968 = ORIENTED_EDGE ( 'NONE', *, *, #1231, .T. ) ;
#969 = DIRECTION ( 'NONE',  ( -1.000000000000000000, 0.000000000000000000, 0.000000000000000000 ) ) ;
#970 = DIRECTION ( 'NONE',  ( 5.421010862427500600E-17, 1.000000000000000000, -1.626303258728257144E-16 ) ) ;
#971 = EDGE_LOOP ( 'NONE', ( #205, #517, #1322, #1863 ) ) ;
#972 = CARTESIAN_POINT ( 'NONE',  ( 16.08786796564404398, 2.087867965644034207, 1.912132034355967125 ) ) ;
#973 = CARTESIAN_POINT ( 'NONE',  ( -17.00000000000000355, 3.043635738092521414, 0.9563642619074781415 ) ) ;
#974 = AXIS2_PLACEMENT_3D ( 'NONE', #70, #665, #992 ) ;
#975 = EDGE_CURVE ( 'NONE', #1010, #580, #1682, .T. ) ;
#976 = CARTESIAN_POINT ( 'NONE',  ( -7.500000000000007105, -22.78305337357063109, 14.00000000000000000 ) ) ;
#977 = ORIENTED_EDGE ( 'NONE', *, *, #1822, .F. ) ;
#978 = ORIENTED_EDGE ( 'NONE', *, *, #1284, .F. ) ;
#979 = ORIENTED_EDGE ( 'NONE', *, *, #1139, .T. ) ;
#980 = DIRECTION ( 'NONE',  ( 0.000000000000000000, 0.9063077870366524902, -0.4226182617406938902 ) ) ;
#981 = DIRECTION ( 'NONE',  ( 0.000000000000000000, 0.000000000000000000, 1.000000000000000000 ) ) ;
#982 = DIRECTION ( 'NONE',  ( 1.000000000000000000, 0.000000000000000000, 0.000000000000000000 ) ) ;
#983 = ORIENTED_EDGE ( 'NONE', *, *, #1146, .F. ) ;
#984 = DIRECTION ( 'NONE',  ( 0.000000000000000000, 0.4226182617406938347, 0.9063077870366526012 ) ) ;
#985 = CARTESIAN_POINT ( 'NONE',  ( 3.499999999999998668, -85.75886336507004160, 23.50529993622498282 ) ) ;
#986 = EDGE_LOOP ( 'NONE', ( #1273, #1867, #1171, #484 ) ) ;
#987 = ORIENTED_EDGE ( 'NONE', *, *, #1246, .F. ) ;
#988 = ORIENTED_EDGE ( 'NONE', *, *, #355, .F. ) ;
#989 = FACE_OUTER_BOUND ( 'NONE', #1905, .T. ) ;
#990 = PERSON_AND_ORGANIZATION ( #204, #1162 ) ;
#991 = EDGE_CURVE ( 'NONE', #494, #734, #709, .T. ) ;
#992 = DIRECTION ( 'NONE',  ( -0.7071067811865462405, 0.000000000000000000, 0.7071067811865489050 ) ) ;
#993 = ORIENTED_EDGE ( 'NONE', *, *, #8, .T. ) ;
#994 = FACE_BOUND ( 'NONE', #1854, .T. ) ;
#995 = EDGE_CURVE ( 'NONE', #569, #1448, #1236, .T. ) ;
#996 = AXIS2_PLACEMENT_3D ( 'NONE', #1575, #1736, #1551 ) ;
#997 = DIRECTION ( 'NONE',  ( -0.7071067811865489050, 1.533293416683371673E-16, 0.7071067811865462405 ) ) ;
#998 = VERTEX_POINT ( 'NONE', #613 ) ;
#999 = EDGE_LOOP ( 'NONE', ( #1969, #987, #459, #1182 ) ) ;
#1000 = ORIENTED_EDGE ( 'NONE', *, *, #775, .F. ) ;
#1001 = CARTESIAN_POINT ( 'NONE',  ( 17.00000000000000000, -17.00000000000000000, 4.000000000000000000 ) ) ;
#1002 = LINE ( 'NONE', #1975, #339 ) ;
#1003 = DIRECTION ( 'NONE',  ( 0.000000000000000000, 0.9063077870366523792, -0.4226182617406943343 ) ) ;
#1004 = EDGE_LOOP ( 'NONE', ( #1116, #137, #606, #1170 ) ) ;
#1005 = CARTESIAN_POINT ( 'NONE',  ( 14.00000000000000000, -13.99999999999999822, 8.500000000000000000 ) ) ;
#1006 = PLANE ( 'NONE',  #1298 ) ;
#1007 = ORIENTED_EDGE ( 'NONE', *, *, #1965, .T. ) ;
#1008 = AXIS2_PLACEMENT_3D ( 'NONE', #701, #1769, #254 ) ;
#1009 = AXIS2_PLACEMENT_3D ( 'NONE', #1052, #778, #276 ) ;
#1010 = VERTEX_POINT ( 'NONE', #1237 ) ;
#1011 = VERTEX_POINT ( 'NONE', #887 ) ;
#1012 = CARTESIAN_POINT ( 'NONE',  ( -15.35000000000000497, 14.00000000000000178, 8.500000000000000000 ) ) ;
#1013 = AXIS2_PLACEMENT_3D ( 'NONE', #600, #1527, #1701 ) ;
#1014 = CARTESIAN_POINT ( 'NONE',  ( 13.99999999999999645, 14.00000000000000178, 8.500000000000000000 ) ) ;
#1015 = FACE_OUTER_BOUND ( 'NONE', #1693, .T. ) ;
#1016 = ORIENTED_EDGE ( 'NONE', *, *, #450, .F. ) ;
#1017 = DIRECTION ( 'NONE',  ( -0.000000000000000000, -1.000000000000000000, 1.084202172485504557E-16 ) ) ;
#1018 = DIRECTION ( 'NONE',  ( -0.5773502691896243988, 0.5773502691896265082, 0.5773502691896263972 ) ) ;
#1019 =( BOUNDED_CURVE ( )  B_SPLINE_CURVE ( 3, ( #1894, #816, #1904, #1143 ),
 .UNSPECIFIED., .F., .T. ) 
 B_SPLINE_CURVE_WITH_KNOTS ( ( 4, 4 ),
 ( 4.712388980384689674, 5.497787143782127295 ),
 .UNSPECIFIED. ) 
 CURVE ( )  GEOMETRIC_REPRESENTATION_ITEM ( )  RATIONAL_B_SPLINE_CURVE ( ( 1.000000000000000000, 0.9492530216741924542, 0.9492530216741924542, 1.000000000000000000 ) ) 
 REPRESENTATION_ITEM ( '' )  );
#1020 = CARTESIAN_POINT ( 'NONE',  ( 12.19722436226801676, -17.00000000000001066, 8.500000000000000000 ) ) ;
#1021 = ORIENTED_EDGE ( 'NONE', *, *, #1503, .T. ) ;
#1022 = EDGE_CURVE ( 'NONE', #706, #1935, #1195, .T. ) ;
#1023 = ORIENTED_EDGE ( 'NONE', *, *, #1602, .F. ) ;
#1024 = CYLINDRICAL_SURFACE ( 'NONE', #1918, 3.500000000000001332 ) ;
#1025 = APPROVAL_DATE_TIME ( #802, #885 ) ;
#1026 = CARTESIAN_POINT ( 'NONE',  ( 17.00000000000000000, -17.00000000000000000, 0.000000000000000000 ) ) ;
#1027 = DIRECTION ( 'NONE',  ( 1.000000000000000000, 0.000000000000000000, 0.000000000000000000 ) ) ;
#1028 = EDGE_CURVE ( 'NONE', #1308, #1546, #1625, .T. ) ;
#1029 = DIRECTION ( 'NONE',  ( 0.000000000000000000, 0.000000000000000000, -1.000000000000000000 ) ) ;
#1030 = AXIS2_PLACEMENT_3D ( 'NONE', #1355, #736, #1212 ) ;
#1031 = ORIENTED_EDGE ( 'NONE', *, *, #1290, .T. ) ;
#1032 = CARTESIAN_POINT ( 'NONE',  ( 78.95062054906398430, -27.00923599097756522, 0.9369221296334735438 ) ) ;
#1033 = LINE ( 'NONE', #1658, #626 ) ;
#1034 = CARTESIAN_POINT ( 'NONE',  ( 16.91213203435596668, 2.912132034355962240, 1.087867965644035317 ) ) ;
#1035 = LINE ( 'NONE', #1187, #1258 ) ;
#1036 = DIRECTION ( 'NONE',  ( 1.000000000000000000, 0.000000000000000000, 0.000000000000000000 ) ) ;
#1037 = APPLICATION_CONTEXT ( 'configuration controlled 3d designs of mechanical parts and assemblies' ) ;
#1038 = LINE ( 'NONE', #1639, #1903 ) ;
#1039 = EDGE_CURVE ( 'NONE', #1543, #842, #586, .T. ) ;
#1040 = CARTESIAN_POINT ( 'NONE',  ( 15.80277563773199034, -17.00000000000000000, 0.000000000000000000 ) ) ;
#1041 = EDGE_LOOP ( 'NONE', ( #404, #682, #958, #1245, #641 ) ) ;
#1042 = DIRECTION ( 'NONE',  ( 1.000000000000000000, 0.000000000000000000, 0.000000000000000000 ) ) ;
#1043 = COORDINATED_UNIVERSAL_TIME_OFFSET ( 8, 0, .AHEAD. ) ;
#1044 = CARTESIAN_POINT ( 'NONE',  ( -16.21213203435596739, -2.212132034355964727, 1.787867965644037715 ) ) ;
#1045 = DIRECTION ( 'NONE',  ( 0.000000000000000000, 0.000000000000000000, 1.000000000000000000 ) ) ;
#1046 = CARTESIAN_POINT ( 'NONE',  ( 0.000000000000000000, -22.78305337357062754, -0.000000000000000000 ) ) ;
#1047 = EDGE_CURVE ( 'NONE', #1302, #1938, #554, .T. ) ;
#1048 = VECTOR ( 'NONE', #693, 1000.000000000000000 ) ;
#1049 = FACE_OUTER_BOUND ( 'NONE', #1363, .T. ) ;
#1050 = ORIENTED_EDGE ( 'NONE', *, *, #474, .T. ) ;
#1051 = DIRECTION ( 'NONE',  ( 1.000000000000000000, 0.000000000000000000, 0.000000000000000000 ) ) ;
#1052 = CARTESIAN_POINT ( 'NONE',  ( -3.500000000000001332, -83.91000615738241208, 27.47018701314510025 ) ) ;
#1053 = ORIENTED_EDGE ( 'NONE', *, *, #457, .F. ) ;
#1054 = FACE_OUTER_BOUND ( 'NONE', #1750, .T. ) ;
#1055 = CARTESIAN_POINT ( 'NONE',  ( 17.00000000000000000, 12.19722436226801321, 4.000000000000000000 ) ) ;
#1056 = VECTOR ( 'NONE', #865, 1000.000000000000000 ) ;
#1057 = DIRECTION ( 'NONE',  ( -1.000000000000000000, 0.000000000000000000, -0.000000000000000000 ) ) ;
#1058 = VECTOR ( 'NONE', #801, 1000.000000000000000 ) ;
#1059 = CARTESIAN_POINT ( 'NONE',  ( -14.00000000000000355, 14.00000000000000178, 4.000000000000000000 ) ) ;
#1060 = ADVANCED_FACE ( 'NONE', ( #1660 ), #282, .T. ) ;
#1061 = CARTESIAN_POINT ( 'NONE',  ( -16.42426406871193123, 2.999999999999999556, 2.000000000000000000 ) ) ;
#1062 = VERTEX_POINT ( 'NONE', #1825 ) ;
#1063 = CARTESIAN_POINT ( 'NONE',  ( -15.35000000000000142, -13.99999999999999822, 4.000000000000000000 ) ) ;
#1064 = CIRCLE ( 'NONE', #1312, 1.350000000000000533 ) ;
#1065 = AXIS2_PLACEMENT_3D ( 'NONE', #700, #1954, #1175 ) ;
#1066 = ORIENTED_EDGE ( 'NONE', *, *, #742, .F. ) ;
#1067 = AXIS2_PLACEMENT_3D ( 'NONE', #748, #926, #936 ) ;
#1068 = FACE_BOUND ( 'NONE', #212, .T. ) ;
#1069 = DIRECTION ( 'NONE',  ( 0.000000000000000000, 0.9063077870366523792, -0.4226182617406943343 ) ) ;
#1070 = ADVANCED_FACE ( 'NONE', ( #914 ), #1522, .F. ) ;
#1071 = DIRECTION ( 'NONE',  ( 1.000000000000000000, 0.000000000000000000, 0.000000000000000000 ) ) ;
#1072 = ORIENTED_EDGE ( 'NONE', *, *, #256, .T. ) ;
#1073 = CARTESIAN_POINT ( 'NONE',  ( 16.91213203435596668, -2.912132034355964905, 2.912132034355966237 ) ) ;
#1074 = AXIS2_PLACEMENT_3D ( 'NONE', #351, #521, #963 ) ;
#1075 = DIRECTION ( 'NONE',  ( -0.000000000000000000, -0.000000000000000000, -1.000000000000000000 ) ) ;
#1076 = VERTEX_POINT ( 'NONE', #1226 ) ;
#1077 = VECTOR ( 'NONE', #129, 1000.000000000000000 ) ;
#1078 = CARTESIAN_POINT ( 'NONE',  ( -17.00000000000000000, 17.00000000000000000, 4.000000000000000000 ) ) ;
#1079 = FACE_OUTER_BOUND ( 'NONE', #226, .T. ) ;
#1080 = DIRECTION ( 'NONE',  ( 0.000000000000000000, 0.000000000000000000, 1.000000000000000000 ) ) ;
#1081 = AXIS2_PLACEMENT_3D ( 'NONE', #1459, #1316, #1481 ) ;
#1082 = CARTESIAN_POINT ( 'NONE',  ( -12.19722436226801676, 17.00000000000001066, 8.500000000000000000 ) ) ;
#1083 = ORIENTED_EDGE ( 'NONE', *, *, #1548, .T. ) ;
#1084 = APPROVAL ( #1468, '未指定' ) ;
#1085 = ORIENTED_EDGE ( 'NONE', *, *, #1372, .T. ) ;
#1086 = VECTOR ( 'NONE', #568, 1000.000000000000000 ) ;
#1087 = DIRECTION ( 'NONE',  ( 0.000000000000000000, -2.168404344971007882E-16, 1.000000000000000000 ) ) ;
#1088 = EDGE_CURVE ( 'NONE', #1757, #889, #1835, .T. ) ;
#1089 = ORIENTED_EDGE ( 'NONE', *, *, #872, .F. ) ;
#1090 = PLANE ( 'NONE',  #403 ) ;
#1091 = EDGE_CURVE ( 'NONE', #852, #365, #296, .T. ) ;
#1092 = DIRECTION ( 'NONE',  ( 0.000000000000000000, 0.000000000000000000, -1.000000000000000000 ) ) ;
#1093 = CARTESIAN_POINT ( 'NONE',  ( 7.499999999999992895, -22.78305337357063109, 14.00000000000000000 ) ) ;
#1094 =( BOUNDED_CURVE ( )  B_SPLINE_CURVE ( 3, ( #1864, #491, #972, #1294 ),
 .UNSPECIFIED., .F., .T. ) 
 B_SPLINE_CURVE_WITH_KNOTS ( ( 4, 4 ),
 ( 5.497787143782143282, 7.068583470577024741 ),
 .UNSPECIFIED. ) 
 CURVE ( )  GEOMETRIC_REPRESENTATION_ITEM ( )  RATIONAL_B_SPLINE_CURVE ( ( 1.000000000000000000, 0.8047378541243684902, 0.8047378541243684902, 1.000000000000000000 ) ) 
 REPRESENTATION_ITEM ( '' )  );
#1095 = EDGE_CURVE ( 'NONE', #1424, #1299, #356, .T. ) ;
#1096 = LINE ( 'NONE', #1830, #1134 ) ;
#1097 = VERTEX_POINT ( 'NONE', #633 ) ;
#1098 = AXIS2_PLACEMENT_3D ( 'NONE', #965, #1296, #1565 ) ;
#1099 = ADVANCED_FACE ( 'NONE', ( #774 ), #191, .T. ) ;
#1100 = DIRECTION ( 'NONE',  ( -1.000000000000000000, 0.000000000000000000, 0.000000000000000000 ) ) ;
#1101 = AXIS2_PLACEMENT_3D ( 'NONE', #702, #1483, #1758 ) ;
#1102 = EDGE_LOOP ( 'NONE', ( #672, #2013, #1985, #271 ) ) ;
#1103 = EDGE_CURVE ( 'NONE', #1011, #225, #1946, .T. ) ;
#1104 = LINE ( 'NONE', #781, #1781 ) ;
#1105 = PERSON_AND_ORGANIZATION ( #204, #1162 ) ;
#1106 = VECTOR ( 'NONE', #1471, 1000.000000000000000 ) ;
#1107 = EDGE_CURVE ( 'NONE', #734, #494, #1331, .T. ) ;
#1108 = ORIENTED_EDGE ( 'NONE', *, *, #779, .T. ) ;
#1109 = EDGE_CURVE ( 'NONE', #1789, #95, #1980, .T. ) ;
#1110 = DIRECTION ( 'NONE',  ( 0.000000000000000000, 0.9063077870366534894, -0.4226182617406918918 ) ) ;
#1111 = LINE ( 'NONE', #316, #1417 ) ;
#1112 = ORIENTED_EDGE ( 'NONE', *, *, #1586, .F. ) ;
#1113 = DIRECTION ( 'NONE',  ( 0.000000000000000000, 0.9063077870366526012, -0.4226182617406938902 ) ) ;
#1114 = CARTESIAN_POINT ( 'NONE',  ( -17.00000000000000000, -12.19722436226800433, 4.000000000000000000 ) ) ;
#1115 = FACE_OUTER_BOUND ( 'NONE', #1720, .T. ) ;
#1116 = ORIENTED_EDGE ( 'NONE', *, *, #1282, .T. ) ;
#1117 = EDGE_LOOP ( 'NONE', ( #1465, #1612, #505, #146 ) ) ;
#1118 = CARTESIAN_POINT ( 'NONE',  ( 14.00000000000000000, -13.99999999999999822, 8.500000000000000000 ) ) ;
#1119 = EDGE_CURVE ( 'NONE', #1560, #66, #1538, .T. ) ;
#1120 = ORIENTED_EDGE ( 'NONE', *, *, #995, .F. ) ;
#1121 = DIRECTION ( 'NONE',  ( -0.5773502691896242878, 0.5773502691896265082, -0.5773502691896265082 ) ) ;
#1122 = DIRECTION ( 'NONE',  ( 0.000000000000000000, 0.000000000000000000, 1.000000000000000000 ) ) ;
#1123 = CARTESIAN_POINT ( 'NONE',  ( -3.500000000000001332, -82.64117525553109544, 26.87852144670813104 ) ) ;
#1124 = VERTEX_POINT ( 'NONE', #1912 ) ;
#1125 = PLANE ( 'NONE',  #371 ) ;
#1126 = VECTOR ( 'NONE', #822, 1000.000000000000000 ) ;
#1127 = VERTEX_POINT ( 'NONE', #1754 ) ;
#1128 = DIRECTION ( 'NONE',  ( 0.000000000000000000, 0.000000000000000000, 1.000000000000000000 ) ) ;
#1129 = AXIS2_PLACEMENT_3D ( 'NONE', #1257, #37, #1872 ) ;
#1130 = DIRECTION ( 'NONE',  ( 0.000000000000000000, 0.9063077870366524902, -0.4226182617406938902 ) ) ;
#1131 = VERTEX_POINT ( 'NONE', #663 ) ;
#1132 = EDGE_CURVE ( 'NONE', #1076, #1757, #1899, .T. ) ;
#1133 = EDGE_CURVE ( 'NONE', #1819, #468, #128, .T. ) ;
#1134 = VECTOR ( 'NONE', #617, 1000.000000000000000 ) ;
#1135 = ORIENTED_EDGE ( 'NONE', *, *, #720, .F. ) ;
#1136 = CARTESIAN_POINT ( 'NONE',  ( 13.99999999999999645, 14.00000000000000178, 8.500000000000000000 ) ) ;
#1137 = PERSON_AND_ORGANIZATION ( #204, #1162 ) ;
#1138 = AXIS2_PLACEMENT_3D ( 'NONE', #114, #741, #708 ) ;
#1139 = EDGE_CURVE ( 'NONE', #452, #848, #1096, .T. ) ;
#1140 = PLANE ( 'NONE',  #1008 ) ;
#1141 = ORIENTED_EDGE ( 'NONE', *, *, #1022, .F. ) ;
#1142 = CARTESIAN_POINT ( 'NONE',  ( -17.00000000000000000, -17.00000000000000000, 0.000000000000000000 ) ) ;
#1143 = CARTESIAN_POINT ( 'NONE',  ( 16.91213203435596668, 2.912132034355964905, 2.912132034355965793 ) ) ;
#1144 = ORIENTED_EDGE ( 'NONE', *, *, #1572, .T. ) ;
#1145 = ORIENTED_EDGE ( 'NONE', *, *, #917, .T. ) ;
#1146 = EDGE_CURVE ( 'NONE', #1323, #1302, #1400, .T. ) ;
#1147 = ORIENTED_EDGE ( 'NONE', *, *, #1707, .F. ) ;
#1148 = CARTESIAN_POINT ( 'NONE',  ( 17.00000000000000000, -3.124264068711926079, 3.000000000000001332 ) ) ;
#1149 = VECTOR ( 'NONE', #106, 1000.000000000000000 ) ;
#1150 = DIRECTION ( 'NONE',  ( -0.000000000000000000, -0.000000000000000000, -1.000000000000000000 ) ) ;
#1151 = ORIENTED_EDGE ( 'NONE', *, *, #1146, .T. ) ;
#1152 = DIRECTION ( 'NONE',  ( -1.000000000000000000, 0.000000000000000000, 0.000000000000000000 ) ) ;
#1153 = CARTESIAN_POINT ( 'NONE',  ( 17.00000000000000000, 12.19722436226801321, 8.500000000000000000 ) ) ;
#1154 = EDGE_LOOP ( 'NONE', ( #1515, #1016, #1317, #1085 ) ) ;
#1155 = CIRCLE ( 'NONE', #542, 1.350000000000000533 ) ;
#1156 = ORIENTED_EDGE ( 'NONE', *, *, #105, .F. ) ;
#1157 = ORIENTED_EDGE ( 'NONE', *, *, #25, .T. ) ;
#1158 = DIRECTION ( 'NONE',  ( 0.5773502691896245098, -0.5773502691896263972, -0.5773502691896263972 ) ) ;
#1159 = PERSON_AND_ORGANIZATION ( #204, #1162 ) ;
#1160 = CARTESIAN_POINT ( 'NONE',  ( -14.00000000000000000, -13.99999999999999822, 8.500000000000000000 ) ) ;
#1161 = CARTESIAN_POINT ( 'NONE',  ( -15.80277563773197613, -17.00000000000001066, 8.500000000000000000 ) ) ;
#1162 = ORGANIZATION ( '未指定', '未指定', '' ) ;
#1163 = VERTEX_POINT ( 'NONE', #17 ) ;
#1164 = CARTESIAN_POINT ( 'NONE',  ( 17.00000000000000000, -2.999999999999999112, 0.8757359312880723667 ) ) ;
#1165 = EDGE_CURVE ( 'NONE', #1546, #889, #460, .T. ) ;
#1166 = CARTESIAN_POINT ( 'NONE',  ( 5.499999999999991118, -86.90945620632774649, 32.86885354122166802 ) ) ;
#1167 = ORIENTED_EDGE ( 'NONE', *, *, #1408, .F. ) ;
#1168 = VECTOR ( 'NONE', #961, 1000.000000000000000 ) ;
#1169 = CLOSED_SHELL ( 'NONE', ( #436, #1334, #1635, #878, #203, #1686, #53, #143, #1906, #932, #98, #1859, #714, #360, #1553, #597, #164, #884, #1070, #1818, #363, #786, #567, #1189, #1314, #555, #115, #1834, #298, #1248, #849, #1759, #1743, #1595, #1356, #901, #466, #671, #159, #274, #1238, #303, #1452, #239, #1250, #1737, #318, #1520, #1497, #2011, #893, #943, #1423, #50, #1619, #1395, #664, #1099, #1567, #395, #1060, #1755, #366, #596 ) ) ;
#1170 = ORIENTED_EDGE ( 'NONE', *, *, #1673, .F. ) ;
#1171 = ORIENTED_EDGE ( 'NONE', *, *, #1673, .T. ) ;
#1172 = CARTESIAN_POINT ( 'NONE',  ( 12.19722436226800610, -17.00000000000000000, 4.000000000000000000 ) ) ;
#1173 = CARTESIAN_POINT ( 'NONE',  ( 12.65000000000000036, -13.99999999999999822, 4.000000000000000000 ) ) ;
#1174 = CIRCLE ( 'NONE', #812, 1.350000000000000533 ) ;
#1175 = DIRECTION ( 'NONE',  ( -1.000000000000000000, 0.000000000000000000, 0.000000000000000000 ) ) ;
#1176 = CARTESIAN_POINT ( 'NONE',  ( -3.500000000000001332, -81.10908636929316629, 30.16409666608122464 ) ) ;
#1177 = AXIS2_PLACEMENT_3D ( 'NONE', #476, #1540, #1860 ) ;
#1178 = CARTESIAN_POINT ( 'NONE',  ( -17.00000000000000000, -3.124264068711928299, 3.124264068711929188 ) ) ;
#1179 = CARTESIAN_POINT ( 'NONE',  ( 10.49999999999999822, -13.99999999999999822, 8.500000000000000000 ) ) ;
#1180 = DIRECTION ( 'NONE',  ( -1.000000000000000000, 0.000000000000000000, 0.000000000000000000 ) ) ;
#1181 = ORIENTED_EDGE ( 'NONE', *, *, #623, .T. ) ;
#1182 = ORIENTED_EDGE ( 'NONE', *, *, #1851, .F. ) ;
#1183 = CARTESIAN_POINT ( 'NONE',  ( 16.91213203435596668, 2.912132034355962684, 3.000000000000000000 ) ) ;
#1184 = LINE ( 'NONE', #1792, #1056 ) ;
#1185 = DIRECTION ( 'NONE',  ( 0.000000000000000000, 0.4226182617406938347, 0.9063077870366526012 ) ) ;
#1186 = LINE ( 'NONE', #1794, #141 ) ;
#1187 = CARTESIAN_POINT ( 'NONE',  ( -17.00000000000000000, 15.80277563773199034, 8.500000000000000000 ) ) ;
#1188 = CIRCLE ( 'NONE', #77, 1.350000000000000533 ) ;
#1189 = ADVANCED_FACE ( 'NONE', ( #630 ), #1220, .F. ) ;
#1190 = DIRECTION ( 'NONE',  ( 0.000000000000000000, 0.9063077870366523792, -0.4226182617406943343 ) ) ;
#1191 = FACE_OUTER_BOUND ( 'NONE', #705, .T. ) ;
#1192 = VECTOR ( 'NONE', #1017, 1000.000000000000000 ) ;
#1193 = ORIENTED_EDGE ( 'NONE', *, *, #1914, .T. ) ;
#1194 = CYLINDRICAL_SURFACE ( 'NONE', #1826, 0.2999999999999999334 ) ;
#1195 = LINE ( 'NONE', #595, #59 ) ;
#1196 = CARTESIAN_POINT ( 'NONE',  ( 16.21213203435596739, -2.212132034355962507, 1.787867965644036827 ) ) ;
#1197 = VECTOR ( 'NONE', #1852, 1000.000000000000000 ) ;
#1198 = DIRECTION ( 'NONE',  ( 0.000000000000000000, 0.000000000000000000, 1.000000000000000000 ) ) ;
#1199 = ORIENTED_EDGE ( 'NONE', *, *, #151, .F. ) ;
#1200 = VERTEX_POINT ( 'NONE', #607 ) ;
#1201 = AXIS2_PLACEMENT_3D ( 'NONE', #397, #847, #1591 ) ;
#1202 = DIRECTION ( 'NONE',  ( 0.000000000000000000, 0.000000000000000000, 1.000000000000000000 ) ) ;
#1203 = EDGE_CURVE ( 'NONE', #391, #1424, #483, .T. ) ;
#1204 = EDGE_CURVE ( 'NONE', #706, #340, #677, .T. ) ;
#1205 = CARTESIAN_POINT ( 'NONE',  ( 17.00000000000000000, 15.80277563773199034, 8.500000000000000000 ) ) ;
#1206 = DIRECTION ( 'NONE',  ( -1.000000000000000000, 0.000000000000000000, 0.000000000000000000 ) ) ;
#1207 = DIRECTION ( 'NONE',  ( -0.000000000000000000, 0.4226182617406938347, 0.9063077870366526012 ) ) ;
#1208 = EDGE_CURVE ( 'NONE', #1131, #1935, #1866, .T. ) ;
#1209 = VECTOR ( 'NONE', #147, 1000.000000000000000 ) ;
#1210 = DIRECTION ( 'NONE',  ( -1.000000000000000000, 0.000000000000000000, 0.000000000000000000 ) ) ;
#1211 = ORIENTED_EDGE ( 'NONE', *, *, #1, .T. ) ;
#1212 = DIRECTION ( 'NONE',  ( 1.000000000000000000, 0.000000000000000000, 0.000000000000000000 ) ) ;
#1213 = LINE ( 'NONE', #1821, #913 ) ;
#1214 = DIRECTION ( 'NONE',  ( 0.000000000000000000, 0.000000000000000000, 1.000000000000000000 ) ) ;
#1215 = DIRECTION ( 'NONE',  ( -1.000000000000000000, 0.000000000000000000, -0.000000000000000000 ) ) ;
#1216 = CARTESIAN_POINT ( 'NONE',  ( 16.69999999999999929, -3.124264068711926523, 4.000000000000002665 ) ) ;
#1217 = ORIENTED_EDGE ( 'NONE', *, *, #1039, .F. ) ;
#1218 = DIRECTION ( 'NONE',  ( 0.000000000000000000, 0.000000000000000000, 1.000000000000000000 ) ) ;
#1219 = AXIS2_PLACEMENT_3D ( 'NONE', #1160, #1626, #1490 ) ;
#1220 = CYLINDRICAL_SURFACE ( 'NONE', #590, 1.350000000000000533 ) ;
#1221 = EDGE_LOOP ( 'NONE', ( #618, #198 ) ) ;
#1222 = VECTOR ( 'NONE', #480, 1000.000000000000000 ) ;
#1223 = FACE_OUTER_BOUND ( 'NONE', #345, .T. ) ;
#1224 = DIRECTION ( 'NONE',  ( 0.000000000000000000, 0.000000000000000000, 1.000000000000000000 ) ) ;
#1225 = DIRECTION ( 'NONE',  ( -1.000000000000000000, 0.000000000000000000, 0.000000000000000000 ) ) ;
#1226 = CARTESIAN_POINT ( 'NONE',  ( -16.21213203435596739, 2.212132034355962951, 2.212132034355963395 ) ) ;
#1227 =( BOUNDED_CURVE ( )  B_SPLINE_CURVE ( 3, ( #722, #1371, #107, #1999 ),
 .UNSPECIFIED., .F., .F. ) 
 B_SPLINE_CURVE_WITH_KNOTS ( ( 4, 4 ),
 ( 3.926990816987252941, 4.712388980384690562 ),
 .UNSPECIFIED. ) 
 CURVE ( )  GEOMETRIC_REPRESENTATION_ITEM ( )  RATIONAL_B_SPLINE_CURVE ( ( 1.000000000000000000, 0.9492530216741924542, 0.9492530216741924542, 1.000000000000000000 ) ) 
 REPRESENTATION_ITEM ( '' )  );
#1228 = EDGE_LOOP ( 'NONE', ( #1217, #896, #257, #52 ) ) ;
#1229 = EDGE_CURVE ( 'NONE', #1419, #767, #1111, .T. ) ;
#1230 = ORIENTED_EDGE ( 'NONE', *, *, #450, .T. ) ;
#1231 = EDGE_CURVE ( 'NONE', #1838, #1306, #302, .T. ) ;
#1232 = ORIENTED_EDGE ( 'NONE', *, *, #696, .T. ) ;
#1233 =( GEOMETRIC_REPRESENTATION_CONTEXT ( 3 ) GLOBAL_UNCERTAINTY_ASSIGNED_CONTEXT ( ( #301 ) ) GLOBAL_UNIT_ASSIGNED_CONTEXT ( ( #488, #1267, #1724 ) ) REPRESENTATION_CONTEXT ( 'NONE', 'WORKASPACE' ) );
#1234 = CARTESIAN_POINT ( 'NONE',  ( 3.499999999999998668, -87.02769426692135823, 24.09696550266195558 ) ) ;
#1235 = CYLINDRICAL_SURFACE ( 'NONE', #771, 3.500000000000001332 ) ;
#1236 = CIRCLE ( 'NONE', #912, 1.350000000000000533 ) ;
#1237 = CARTESIAN_POINT ( 'NONE',  ( -7.500000000000001776, -27.00923599097756878, 4.936922129633472878 ) ) ;
#1238 = ADVANCED_FACE ( 'NONE', ( #760 ), #2, .F. ) ;
#1239 = ORIENTED_EDGE ( 'NONE', *, *, #624, .T. ) ;
#1240 = ORIENTED_EDGE ( 'NONE', *, *, #1572, .F. ) ;
#1241 = DIRECTION ( 'NONE',  ( 0.000000000000000000, 0.000000000000000000, -1.000000000000000000 ) ) ;
#1242 = DIRECTION ( 'NONE',  ( -0.000000000000000000, -0.000000000000000000, -1.000000000000000000 ) ) ;
#1243 = PLANE ( 'NONE',  #422 ) ;
#1244 = DIRECTION ( 'NONE',  ( 0.000000000000000000, -1.000000000000000000, 2.168404344971008621E-16 ) ) ;
#1245 = ORIENTED_EDGE ( 'NONE', *, *, #650, .T. ) ;
#1246 = EDGE_CURVE ( 'NONE', #367, #813, #1846, .T. ) ;
#1247 = AXIS2_PLACEMENT_3D ( 'NONE', #1353, #1977, #1210 ) ;
#1248 = ADVANCED_FACE ( 'NONE', ( #1993 ), #937, .F. ) ;
#1249 = LINE ( 'NONE', #1998, #1568 ) ;
#1250 = ADVANCED_FACE ( 'NONE', ( #136 ), #1394, .T. ) ;
#1251 = VERTEX_POINT ( 'NONE', #1020 ) ;
#1252 = CARTESIAN_POINT ( 'NONE',  ( -14.00000000000000355, 14.00000000000000178, 0.000000000000000000 ) ) ;
#1253 = DIRECTION ( 'NONE',  ( -1.000000000000000000, -0.000000000000000000, -0.000000000000000000 ) ) ;
#1254 = VECTOR ( 'NONE', #281, 1000.000000000000000 ) ;
#1255 = CYLINDRICAL_SURFACE ( 'NONE', #1177, 0.2999999999999999334 ) ;
#1256 = COORDINATED_UNIVERSAL_TIME_OFFSET ( 8, 0, .AHEAD. ) ;
#1257 = CARTESIAN_POINT ( 'NONE',  ( -14.00000000000000355, 14.00000000000000178, 8.500000000000000000 ) ) ;
#1258 = VECTOR ( 'NONE', #202, 1000.000000000000000 ) ;
#1259 = VECTOR ( 'NONE', #1242, 1000.000000000000000 ) ;
#1260 = VERTEX_POINT ( 'NONE', #726 ) ;
#1261 = FACE_OUTER_BOUND ( 'NONE', #335, .T. ) ;
#1262 = CARTESIAN_POINT ( 'NONE',  ( -17.00000000000000000, 3.124264068711927411, 0.8757359312880718116 ) ) ;
#1263 = ORIENTED_EDGE ( 'NONE', *, *, #499, .F. ) ;
#1264 = EDGE_CURVE ( 'NONE', #468, #1302, #873, .T. ) ;
#1265 = ORIENTED_EDGE ( 'NONE', *, *, #457, .T. ) ;
#1266 = CYLINDRICAL_SURFACE ( 'NONE', #75, 3.500000000000001332 ) ;
#1267 =( NAMED_UNIT ( * ) PLANE_ANGLE_UNIT ( ) SI_UNIT ( $, .RADIAN. ) );
#1268 = DIRECTION ( 'NONE',  ( 0.000000000000000000, 0.000000000000000000, 1.000000000000000000 ) ) ;
#1269 = EDGE_LOOP ( 'NONE', ( #1740, #33, #1811, #109, #1147, #966, #1477, #548, #197, #747, #214, #1050 ) ) ;
#1270 = CARTESIAN_POINT ( 'NONE',  ( -16.96914487369269864, 2.969144873692699083, 2.969144873692699527 ) ) ;
#1271 = CARTESIAN_POINT ( 'NONE',  ( 16.96914487369269509, -2.969144873692697750, 2.969144873692699527 ) ) ;
#1272 = CARTESIAN_POINT ( 'NONE',  ( -17.00000000000000000, -3.124264068711928299, 3.124264068711929188 ) ) ;
#1273 = ORIENTED_EDGE ( 'NONE', *, *, #1817, .T. ) ;
#1274 = EDGE_LOOP ( 'NONE', ( #622, #651, #1348, #582, #347, #728, #983, #1321 ) ) ;
#1275 = AXIS2_PLACEMENT_3D ( 'NONE', #243, #1636, #1646 ) ;
#1276 = ORIENTED_EDGE ( 'NONE', *, *, #975, .F. ) ;
#1277 = CARTESIAN_POINT ( 'NONE',  ( 3.499999999999998668, -83.91000615738244051, 27.47018701314511446 ) ) ;
#1278 = AXIS2_PLACEMENT_3D ( 'NONE', #717, #1960, #1804 ) ;
#1279 = ORIENTED_EDGE ( 'NONE', *, *, #1787, .F. ) ;
#1280 = EDGE_CURVE ( 'NONE', #340, #62, #1494, .T. ) ;
#1281 = CARTESIAN_POINT ( 'NONE',  ( -7.500000000000001776, -25.00000000000000000, 4.000000000000000000 ) ) ;
#1282 = EDGE_CURVE ( 'NONE', #1725, #525, #1949, .T. ) ;
#1283 = VERTEX_POINT ( 'NONE', #1621 ) ;
#1284 = EDGE_CURVE ( 'NONE', #1566, #1418, #906, .T. ) ;
#1285 = ORIENTED_EDGE ( 'NONE', *, *, #522, .T. ) ;
#1286 = CARTESIAN_POINT ( 'NONE',  ( -16.91213203435596668, 2.912132034355964905, 2.912132034355964905 ) ) ;
#1287 = LINE ( 'NONE', #541, #725 ) ;
#1288 = DIRECTION ( 'NONE',  ( -1.000000000000000000, 0.000000000000000000, 0.000000000000000000 ) ) ;
#1289 = AXIS2_PLACEMENT_3D ( 'NONE', #464, #1092, #1057 ) ;
#1290 = EDGE_CURVE ( 'NONE', #1251, #1487, #1776, .T. ) ;
#1291 = PLANE ( 'NONE',  #1808 ) ;
#1292 = ORIENTED_EDGE ( 'NONE', *, *, #331, .T. ) ;
#1293 = AXIS2_PLACEMENT_3D ( 'NONE', #16, #49, #362 ) ;
#1294 = CARTESIAN_POINT ( 'NONE',  ( 16.21213203435596739, 2.212132034355959398, 1.787867965644038160 ) ) ;
#1295 = EDGE_CURVE ( 'NONE', #76, #1097, #102, .T. ) ;
#1296 = DIRECTION ( 'NONE',  ( 0.7071067811865489050, 0.7071067811865462405, 0.000000000000000000 ) ) ;
#1297 = ORIENTED_EDGE ( 'NONE', *, *, #25, .F. ) ;
#1298 = AXIS2_PLACEMENT_3D ( 'NONE', #1583, #997, #523 ) ;
#1299 = VERTEX_POINT ( 'NONE', #1983 ) ;
#1300 = DIRECTION ( 'NONE',  ( -1.000000000000000000, 0.000000000000000000, 0.000000000000000000 ) ) ;
#1301 = CARTESIAN_POINT ( 'NONE',  ( 17.00000000000000000, 3.124264068711926523, 0.8757359312880717006 ) ) ;
#1302 = VERTEX_POINT ( 'NONE', #1505 ) ;
#1303 = FACE_BOUND ( 'NONE', #74, .T. ) ;
#1304 = DIRECTION ( 'NONE',  ( 0.7071067811865489050, 1.533293416683371180E-16, 0.7071067811865462405 ) ) ;
#1305 = VECTOR ( 'NONE', #1576, 1000.000000000000000 ) ;
#1306 = VERTEX_POINT ( 'NONE', #715 ) ;
#1307 = ORIENTED_EDGE ( 'NONE', *, *, #1747, .F. ) ;
#1308 = VERTEX_POINT ( 'NONE', #550 ) ;
#1309 = CARTESIAN_POINT ( 'NONE',  ( 17.00000000000000000, 12.19722436226801321, 8.500000000000000000 ) ) ;
#1310 = FACE_OUTER_BOUND ( 'NONE', #1269, .T. ) ;
#1311 = EDGE_CURVE ( 'NONE', #365, #852, #1174, .T. ) ;
#1312 = AXIS2_PLACEMENT_3D ( 'NONE', #278, #1466, #1613 ) ;
#1313 = VECTOR ( 'NONE', #1326, 999.9999999999998863 ) ;
#1314 = ADVANCED_FACE ( 'NONE', ( #591 ), #275, .F. ) ;
#1315 = CARTESIAN_POINT ( 'NONE',  ( 5.499999999999996447, -86.90945620632774649, 32.86885354122166802 ) ) ;
#1316 = DIRECTION ( 'NONE',  ( -0.000000000000000000, -0.000000000000000000, -1.000000000000000000 ) ) ;
#1317 = ORIENTED_EDGE ( 'NONE', *, *, #384, .T. ) ;
#1318 = AXIS2_PLACEMENT_3D ( 'NONE', #1005, #255, #1607 ) ;
#1319 = FACE_OUTER_BOUND ( 'NONE', #1004, .T. ) ;
#1320 = DIRECTION ( 'NONE',  ( -0.000000000000000000, 2.168404344971007882E-16, -1.000000000000000000 ) ) ;
#1321 = ORIENTED_EDGE ( 'NONE', *, *, #321, .F. ) ;
#1322 = ORIENTED_EDGE ( 'NONE', *, *, #323, .T. ) ;
#1323 = VERTEX_POINT ( 'NONE', #1788 ) ;
#1324 = DIRECTION ( 'NONE',  ( 0.000000000000000000, 0.000000000000000000, 1.000000000000000000 ) ) ;
#1325 = FACE_OUTER_BOUND ( 'NONE', #874, .T. ) ;
#1326 = DIRECTION ( 'NONE',  ( -0.000000000000000000, 0.4226182617406959441, 0.9063077870366517130 ) ) ;
#1327 = DIRECTION ( 'NONE',  ( -1.000000000000000000, 0.000000000000000000, 0.000000000000000000 ) ) ;
#1328 = CC_DESIGN_APPROVAL ( #885, ( #477 ) ) ;
#1329 = DIRECTION ( 'NONE',  ( 0.000000000000000000, -0.4226182617406959441, -0.9063077870366517130 ) ) ;
#1330 = LINE ( 'NONE', #402, #1610 ) ;
#1331 = CIRCLE ( 'NONE', #92, 1.350000000000000533 ) ;
#1332 = ORIENTED_EDGE ( 'NONE', *, *, #808, .T. ) ;
#1333 = LINE ( 'NONE', #1359, #1916 ) ;
#1334 = ADVANCED_FACE ( 'NONE', ( #433 ), #1339, .F. ) ;
#1335 = CARTESIAN_POINT ( 'NONE',  ( -16.21213203435596739, -2.212132034355963395, 2.212132034355964283 ) ) ;
#1336 = AXIS2_PLACEMENT_3D ( 'NONE', #1476, #1653, #86 ) ;
#1337 = DIRECTION ( 'NONE',  ( 0.000000000000000000, 0.000000000000000000, -1.000000000000000000 ) ) ;
#1338 = PLANE ( 'NONE',  #1318 ) ;
#1339 = CYLINDRICAL_SURFACE ( 'NONE', #1336, 1.400000000000001021 ) ;
#1340 = ORIENTED_EDGE ( 'NONE', *, *, #19, .F. ) ;
#1341 = ORIENTED_EDGE ( 'NONE', *, *, #237, .T. ) ;
#1342 = CYLINDRICAL_SURFACE ( 'NONE', #782, 1.399999999999999467 ) ;
#1343 = DIRECTION ( 'NONE',  ( 1.000000000000000000, 0.000000000000000000, 0.000000000000000000 ) ) ;
#1344 = DIRECTION ( 'NONE',  ( 0.000000000000000000, -0.9063077870366524902, 0.4226182617406938347 ) ) ;
#1345 = CIRCLE ( 'NONE', #1793, 1.350000000000000533 ) ;
#1346 = DIRECTION ( 'NONE',  ( -0.000000000000000000, -0.000000000000000000, -1.000000000000000000 ) ) ;
#1347 = EDGE_CURVE ( 'NONE', #1566, #1306, #1957, .T. ) ;
#1348 = ORIENTED_EDGE ( 'NONE', *, *, #1229, .F. ) ;
#1349 = VERTEX_POINT ( 'NONE', #1040 ) ;
#1350 = FACE_OUTER_BOUND ( 'NONE', #909, .T. ) ;
#1351 = CARTESIAN_POINT ( 'NONE',  ( 16.96914487369269864, 2.969144873692697750, 1.030855126307301139 ) ) ;
#1352 = CARTESIAN_POINT ( 'NONE',  ( -16.96914487369269864, -2.969144873692699083, 1.030855126307301362 ) ) ;
#1353 = CARTESIAN_POINT ( 'NONE',  ( -14.00000000000000000, -13.99999999999999822, 8.500000000000000000 ) ) ;
#1354 = ORIENTED_EDGE ( 'NONE', *, *, #733, .T. ) ;
#1355 = CARTESIAN_POINT ( 'NONE',  ( -14.00000000000000000, -13.99999999999999822, 8.500000000000000000 ) ) ;
#1356 = ADVANCED_FACE ( 'NONE', ( #737 ), #420, .F. ) ;
#1357 = DIRECTION ( 'NONE',  ( -0.000000000000000000, -0.000000000000000000, -1.000000000000000000 ) ) ;
#1358 = ORIENTED_EDGE ( 'NONE', *, *, #1593, .T. ) ;
#1359 = CARTESIAN_POINT ( 'NONE',  ( -7.500000000000001776, -17.00000000000000000, 4.000000000000000000 ) ) ;
#1360 = CARTESIAN_POINT ( 'NONE',  ( -5.500000000000001776, -86.62892951849238443, 28.73804179836718475 ) ) ;
#1361 = DIRECTION ( 'NONE',  ( -1.000000000000000000, 0.000000000000000000, 0.000000000000000000 ) ) ;
#1362 = CIRCLE ( 'NONE', #1873, 1.400000000000001021 ) ;
#1363 = EDGE_LOOP ( 'NONE', ( #1779, #768, #38, #1745 ) ) ;
#1364 = CARTESIAN_POINT ( 'NONE',  ( 15.80277563773197613, -17.00000000000001066, 8.500000000000000000 ) ) ;
#1365 = PRODUCT_RELATED_PRODUCT_CATEGORY ( 'detail', '', ( #1799 ) ) ;
#1366 = DIRECTION ( 'NONE',  ( 0.000000000000000000, 1.000000000000000000, 0.000000000000000000 ) ) ;
#1367 = ORIENTED_EDGE ( 'NONE', *, *, #1455, .F. ) ;
#1368 = DIRECTION ( 'NONE',  ( 0.000000000000000000, 0.9063077870366526012, -0.4226182617406938902 ) ) ;
#1369 = CARTESIAN_POINT ( 'NONE',  ( 14.00000000000000000, -13.99999999999999822, 8.500000000000000000 ) ) ;
#1370 = CARTESIAN_POINT ( 'NONE',  ( 17.00000000000000000, 15.80277563773199034, 0.000000000000000000 ) ) ;
#1371 = CARTESIAN_POINT ( 'NONE',  ( 16.96914487369269509, -2.969144873692697306, 1.030855126307300695 ) ) ;
#1372 = EDGE_CURVE ( 'NONE', #1848, #1011, #463, .T. ) ;
#1373 = ORIENTED_EDGE ( 'NONE', *, *, #1109, .F. ) ;
#1374 = EDGE_LOOP ( 'NONE', ( #1831, #1167, #920, #1199 ) ) ;
#1375 = FACE_OUTER_BOUND ( 'NONE', #1387, .T. ) ;
#1376 = CARTESIAN_POINT ( 'NONE',  ( -17.00000000000000000, 12.19722436226801321, 8.500000000000000000 ) ) ;
#1377 = ORIENTED_EDGE ( 'NONE', *, *, #1586, .T. ) ;
#1378 = CIRCLE ( 'NONE', #1964, 1.350000000000000533 ) ;
#1379 = CARTESIAN_POINT ( 'NONE',  ( 17.00000000000000000, -3.124264068711926079, 3.124264068711929188 ) ) ;
#1380 = CARTESIAN_POINT ( 'NONE',  ( -7.500000000000001776, -22.78305337357063109, 4.000000000000000000 ) ) ;
#1381 = DIRECTION ( 'NONE',  ( -0.000000000000000000, -0.000000000000000000, -1.000000000000000000 ) ) ;
#1382 = LINE ( 'NONE', #1806, #1413 ) ;
#1383 = ORIENTED_EDGE ( 'NONE', *, *, #1790, .T. ) ;
#1384 = VERTEX_POINT ( 'NONE', #1166 ) ;
#1385 = AXIS2_PLACEMENT_3D ( 'NONE', #1890, #981, #217 ) ;
#1386 = CARTESIAN_POINT ( 'NONE',  ( 13.99999999999999645, 14.00000000000000178, 0.000000000000000000 ) ) ;
#1387 = EDGE_LOOP ( 'NONE', ( #1897, #907, #1405, #1151 ) ) ;
#1388 = CIRCLE ( 'NONE', #1730, 3.500000000000001332 ) ;
#1389 = CARTESIAN_POINT ( 'NONE',  ( 15.35000000000000142, -13.99999999999999822, 4.000000000000000000 ) ) ;
#1390 = FACE_OUTER_BOUND ( 'NONE', #959, .T. ) ;
#1391 = EDGE_CURVE ( 'NONE', #1076, #45, #1330, .T. ) ;
#1392 = AXIS2_PLACEMENT_3D ( 'NONE', #589, #1774, #1786 ) ;
#1393 = VERTEX_POINT ( 'NONE', #1179 ) ;
#1394 = CYLINDRICAL_SURFACE ( 'NONE', #559, 2.000000000000001776 ) ;
#1395 = ADVANCED_FACE ( 'NONE', ( #1191 ), #882, .F. ) ;
#1396 = ORIENTED_EDGE ( 'NONE', *, *, #1645, .T. ) ;
#1397 = CARTESIAN_POINT ( 'NONE',  ( 13.99999999999999645, 14.00000000000000178, 8.500000000000000000 ) ) ;
#1398 = ORIENTED_EDGE ( 'NONE', *, *, #573, .T. ) ;
#1399 = LINE ( 'NONE', #182, #1222 ) ;
#1400 = LINE ( 'NONE', #1376, #1209 ) ;
#1401 = EDGE_CURVE ( 'NONE', #1460, #1308, #1038, .T. ) ;
#1402 = CIRCLE ( 'NONE', #1065, 3.500000000000001332 ) ;
#1403 = DIRECTION ( 'NONE',  ( 1.000000000000000000, 0.000000000000000000, 0.000000000000000000 ) ) ;
#1404 = CALENDAR_DATE ( 2026, 16, 6 ) ;
#1405 = ORIENTED_EDGE ( 'NONE', *, *, #1817, .F. ) ;
#1406 = CARTESIAN_POINT ( 'NONE',  ( -16.91213203435596668, 2.912132034355964905, 2.912132034355964905 ) ) ;
#1407 = PLANE ( 'NONE',  #441 ) ;
#1408 = EDGE_CURVE ( 'NONE', #716, #308, #1439, .T. ) ;
#1409 = ORIENTED_EDGE ( 'NONE', *, *, #219, .T. ) ;
#1410 = ORIENTED_EDGE ( 'NONE', *, *, #475, .F. ) ;
#1411 = ORIENTED_EDGE ( 'NONE', *, *, #1280, .T. ) ;
#1412 = CARTESIAN_POINT ( 'NONE',  ( -7.500000000000007105, -27.00923599097756878, 4.936922129633471990 ) ) ;
#1413 = VECTOR ( 'NONE', #1990, 1000.000000000000000 ) ;
#1414 = CARTESIAN_POINT ( 'NONE',  ( -15.80277563773197613, 17.00000000000001066, 0.000000000000000000 ) ) ;
#1415 = CARTESIAN_POINT ( 'NONE',  ( 16.99999999999999645, -3.043635738092520082, 3.043635738092522747 ) ) ;
#1416 = CARTESIAN_POINT ( 'NONE',  ( 15.80277563773197613, -17.00000000000001066, 8.500000000000000000 ) ) ;
#1417 = VECTOR ( 'NONE', #1075, 1000.000000000000000 ) ;
#1418 = VERTEX_POINT ( 'NONE', #353 ) ;
#1419 = VERTEX_POINT ( 'NONE', #547 ) ;
#1420 = PLANE ( 'NONE',  #1772 ) ;
#1421 = LINE ( 'NONE', #644, #581 ) ;
#1422 = EDGE_CURVE ( 'NONE', #1424, #461, #1934, .T. ) ;
#1423 = ADVANCED_FACE ( 'NONE', ( #1596 ), #1006, .F. ) ;
#1424 = VERTEX_POINT ( 'NONE', #51 ) ;
#1425 = CARTESIAN_POINT ( 'NONE',  ( 7.499999999999992895, -17.00000000000000000, 4.000000000000000000 ) ) ;
#1426 = DIRECTION ( 'NONE',  ( 0.000000000000000000, -0.000000000000000000, 1.000000000000000000 ) ) ;
#1427 = DIRECTION ( 'NONE',  ( -1.000000000000000000, -0.000000000000000000, -0.000000000000000000 ) ) ;
#1428 = ORIENTED_EDGE ( 'NONE', *, *, #866, .T. ) ;
#1429 = VERTEX_POINT ( 'NONE', #669 ) ;
#1430 = VECTOR ( 'NONE', #911, 1000.000000000000000 ) ;
#1431 = ORIENTED_EDGE ( 'NONE', *, *, #1948, .F. ) ;
#1432 = LINE ( 'NONE', #199, #789 ) ;
#1433 = LINE ( 'NONE', #687, #1585 ) ;
#1434 = DIRECTION ( 'NONE',  ( 1.000000000000000000, 0.000000000000000000, 0.000000000000000000 ) ) ;
#1435 = EDGE_CURVE ( 'NONE', #1010, #391, #1987, .T. ) ;
#1436 = CARTESIAN_POINT ( 'NONE',  ( 17.00000000000000000, 2.999999999999999112, 3.124264068711927855 ) ) ;
#1437 = VERTEX_POINT ( 'NONE', #235 ) ;
#1438 = DIRECTION ( 'NONE',  ( 0.000000000000000000, 1.000000000000000000, 0.000000000000000000 ) ) ;
#1439 = LINE ( 'NONE', #1728, #489 ) ;
#1440 = ORIENTED_EDGE ( 'NONE', *, *, #1707, .T. ) ;
#1441 = ORIENTED_EDGE ( 'NONE', *, *, #1039, .T. ) ;
#1442 = DIRECTION ( 'NONE',  ( -0.000000000000000000, -0.4226182617406938902, -0.9063077870366526012 ) ) ;
#1443 = PERSON_AND_ORGANIZATION_ROLE ( 'creator' ) ;
#1444 = APPROVAL_PERSON_ORGANIZATION ( #1911, #1084, #572 ) ;
#1445 = EDGE_CURVE ( 'NONE', #452, #1618, #1019, .T. ) ;
#1446 = CC_DESIGN_PERSON_AND_ORGANIZATION_ASSIGNMENT ( #1489, #1928, ( #477 ) ) ;
#1447 = CARTESIAN_POINT ( 'NONE',  ( 78.95062054906398430, -86.90945620632774649, 32.86885354122166802 ) ) ;
#1448 = VERTEX_POINT ( 'NONE', #196 ) ;
#1449 = CYLINDRICAL_SURFACE ( 'NONE', #211, 3.499999999999994227 ) ;
#1450 = FACE_OUTER_BOUND ( 'NONE', #67, .T. ) ;
#1451 = ORIENTED_EDGE ( 'NONE', *, *, #1133, .F. ) ;
#1452 = ADVANCED_FACE ( 'NONE', ( #209 ), #851, .F. ) ;
#1453 = VECTOR ( 'NONE', #704, 1000.000000000000000 ) ;
#1454 = ORIENTED_EDGE ( 'NONE', *, *, #1132, .T. ) ;
#1455 = EDGE_CURVE ( 'NONE', #761, #1062, #1362, .T. ) ;
#1456 = ORIENTED_EDGE ( 'NONE', *, *, #740, .T. ) ;
#1457 = DIRECTION ( 'NONE',  ( 1.000000000000000000, 0.000000000000000000, 0.000000000000000000 ) ) ;
#1458 = CARTESIAN_POINT ( 'NONE',  ( -15.80277563773197613, 17.00000000000001066, 8.500000000000000000 ) ) ;
#1459 = CARTESIAN_POINT ( 'NONE',  ( -14.00000000000000355, 14.00000000000000178, 8.500000000000000000 ) ) ;
#1460 = VERTEX_POINT ( 'NONE', #1272 ) ;
#1461 = CYLINDRICAL_SURFACE ( 'NONE', #108, 0.3000000000000016542 ) ;
#1462 = DIRECTION ( 'NONE',  ( 0.000000000000000000, -0.9063077870366524902, 0.4226182617406938902 ) ) ;
#1463 = EDGE_LOOP ( 'NONE', ( #15, #1181, #490, #1112 ) ) ;
#1464 = ORIENTED_EDGE ( 'NONE', *, *, #1264, .F. ) ;
#1465 = ORIENTED_EDGE ( 'NONE', *, *, #1028, .F. ) ;
#1466 = DIRECTION ( 'NONE',  ( 0.000000000000000000, 0.000000000000000000, 1.000000000000000000 ) ) ;
#1467 = CARTESIAN_POINT ( 'NONE',  ( 15.35000000000000142, -13.99999999999999822, 8.500000000000000000 ) ) ;
#1468 = APPROVAL_STATUS ( 'not_yet_approved' ) ;
#1469 = VECTOR ( 'NONE', #90, 1000.000000000000000 ) ;
#1470 = DIRECTION ( 'NONE',  ( 0.000000000000000000, 1.000000000000000000, -2.168404344971009115E-16 ) ) ;
#1471 = DIRECTION ( 'NONE',  ( -1.000000000000000000, 0.000000000000000000, 0.000000000000000000 ) ) ;
#1472 = ORIENTED_EDGE ( 'NONE', *, *, #762, .F. ) ;
#1473 = VECTOR ( 'NONE', #440, 1000.000000000000000 ) ;
#1474 = PLANE ( 'NONE',  #252 ) ;
#1475 = EDGE_CURVE ( 'NONE', #1429, #1419, #73, .T. ) ;
#1476 = CARTESIAN_POINT ( 'NONE',  ( 3.499999999999998668, -85.75886336507004160, 23.50529993622498282 ) ) ;
#1477 = ORIENTED_EDGE ( 'NONE', *, *, #1548, .F. ) ;
#1478 = ORIENTED_EDGE ( 'NONE', *, *, #1914, .F. ) ;
#1479 = CARTESIAN_POINT ( 'NONE',  ( 13.99999999999999645, 14.00000000000000178, 8.500000000000000000 ) ) ;
#1480 = LINE ( 'NONE', #1805, #1469 ) ;
#1481 = DIRECTION ( 'NONE',  ( -1.000000000000000000, 0.000000000000000000, 0.000000000000000000 ) ) ;
#1482 = APPROVAL_PERSON_ORGANIZATION ( #1105, #885, #632 ) ;
#1483 = DIRECTION ( 'NONE',  ( 0.000000000000000000, 0.000000000000000000, 1.000000000000000000 ) ) ;
#1484 = DIRECTION ( 'NONE',  ( -5.421010862427501216E-17, -1.000000000000000000, 1.626303258728256651E-16 ) ) ;
#1485 = VECTOR ( 'NONE', #231, 1000.000000000000000 ) ;
#1486 = CARTESIAN_POINT ( 'NONE',  ( -7.500000000000001776, -25.00000000000000000, 2.168404344971009262E-15 ) ) ;
#1487 = VERTEX_POINT ( 'NONE', #1416 ) ;
#1488 = ORIENTED_EDGE ( 'NONE', *, *, #207, .T. ) ;
#1489 = PERSON_AND_ORGANIZATION ( #204, #1162 ) ;
#1490 = DIRECTION ( 'NONE',  ( -1.000000000000000000, 0.000000000000000000, 0.000000000000000000 ) ) ;
#1491 = EDGE_CURVE ( 'NONE', #935, #1725, #515, .T. ) ;
#1492 = CARTESIAN_POINT ( 'NONE',  ( 7.499999999999996447, -86.62892951849238443, 28.73804179836718475 ) ) ;
#1493 = EDGE_CURVE ( 'NONE', #308, #1550, #1718, .T. ) ;
#1494 = LINE ( 'NONE', #1486, #29 ) ;
#1495 = EDGE_LOOP ( 'NONE', ( #1923, #1108, #1932, #210 ) ) ;
#1496 = AXIS2_PLACEMENT_3D ( 'NONE', #1889, #661, #1300 ) ;
#1497 = ADVANCED_FACE ( 'NONE', ( #1450 ), #41, .F. ) ;
#1498 = LINE ( 'NONE', #584, #1430 ) ;
#1499 = CARTESIAN_POINT ( 'NONE',  ( -17.00000000000000000, -3.124264068711927855, 0.8757359312880724778 ) ) ;
#1500 = VECTOR ( 'NONE', #241, 1000.000000000000000 ) ;
#1501 = FACE_OUTER_BOUND ( 'NONE', #757, .T. ) ;
#1502 = ORIENTED_EDGE ( 'NONE', *, *, #1422, .F. ) ;
#1503 = EDGE_CURVE ( 'NONE', #391, #945, #344, .T. ) ;
#1504 = CARTESIAN_POINT ( 'NONE',  ( 7.499999999999992895, -27.00923599097756522, 0.9369221296334736548 ) ) ;
#1505 = CARTESIAN_POINT ( 'NONE',  ( -17.00000000000000000, 12.19722436226801321, 4.000000000000000000 ) ) ;
#1506 = ORIENTED_EDGE ( 'NONE', *, *, #1945, .T. ) ;
#1507 = ORIENTED_EDGE ( 'NONE', *, *, #1602, .T. ) ;
#1508 = LINE ( 'NONE', #1032, #1655 ) ;
#1509 = LINE ( 'NONE', #290, #1197 ) ;
#1510 = DIRECTION ( 'NONE',  ( 0.000000000000000000, -1.000000000000000000, 0.000000000000000000 ) ) ;
#1511 = CYLINDRICAL_SURFACE ( 'NONE', #1247, 1.350000000000000533 ) ;
#1512 = EDGE_LOOP ( 'NONE', ( #1292, #605, #536, #1827 ) ) ;
#1513 = DIRECTION ( 'NONE',  ( -0.000000000000000000, -0.000000000000000000, 1.000000000000000000 ) ) ;
#1514 = DIRECTION ( 'NONE',  ( 1.000000000000000000, 0.000000000000000000, 0.000000000000000000 ) ) ;
#1515 = ORIENTED_EDGE ( 'NONE', *, *, #256, .F. ) ;
#1516 = ORIENTED_EDGE ( 'NONE', *, *, #1103, .F. ) ;
#1517 = VECTOR ( 'NONE', #1344, 1000.000000000000227 ) ;
#1518 = VECTOR ( 'NONE', #1357, 1000.000000000000000 ) ;
#1519 = CARTESIAN_POINT ( 'NONE',  ( 10.49999999999999467, 14.00000000000000178, 8.500000000000000000 ) ) ;
#1520 = ADVANCED_FACE ( 'NONE', ( #1738 ), #65, .F. ) ;
#1521 = FACE_OUTER_BOUND ( 'NONE', #817, .T. ) ;
#1522 = CYLINDRICAL_SURFACE ( 'NONE', #838, 1.350000000000000533 ) ;
#1523 = CARTESIAN_POINT ( 'NONE',  ( -16.21213203435596739, -2.212132034355964727, 1.787867965644037715 ) ) ;
#1524 = VERTEX_POINT ( 'NONE', #1920 ) ;
#1525 = PLANE ( 'NONE',  #2002 ) ;
#1526 = ORIENTED_EDGE ( 'NONE', *, *, #504, .T. ) ;
#1527 = DIRECTION ( 'NONE',  ( 0.000000000000000000, 0.000000000000000000, 1.000000000000000000 ) ) ;
#1528 = ORIENTED_EDGE ( 'NONE', *, *, #1593, .F. ) ;
#1529 = CARTESIAN_POINT ( 'NONE',  ( 3.499999999999998668, -81.10908636929318050, 30.16409666608123530 ) ) ;
#1530 = CARTESIAN_POINT ( 'NONE',  ( -16.91213203435596668, 2.912132034355963128, 1.000000000000000000 ) ) ;
#1531 = CARTESIAN_POINT ( 'NONE',  ( -14.00000000000000355, 14.00000000000000178, 8.500000000000000000 ) ) ;
#1532 = DIRECTION ( 'NONE',  ( 0.000000000000000000, 0.000000000000000000, 1.000000000000000000 ) ) ;
#1533 = ORIENTED_EDGE ( 'NONE', *, *, #408, .T. ) ;
#1534 = AXIS2_PLACEMENT_3D ( 'NONE', #69, #563, #1930 ) ;
#1535 = ORIENTED_EDGE ( 'NONE', *, *, #165, .F. ) ;
#1536 = DIRECTION ( 'NONE',  ( 0.000000000000000000, 0.000000000000000000, -1.000000000000000000 ) ) ;
#1537 = ORIENTED_EDGE ( 'NONE', *, *, #1119, .F. ) ;
#1538 = CIRCLE ( 'NONE', #1814, 3.500000000000001332 ) ;
#1539 = EDGE_CURVE ( 'NONE', #66, #1656, #1886, .T. ) ;
#1540 = DIRECTION ( 'NONE',  ( 0.000000000000000000, -1.000000000000000000, 1.084202172485504557E-16 ) ) ;
#1541 = DIRECTION ( 'NONE',  ( 0.000000000000000000, 0.4226182617406938347, 0.9063077870366526012 ) ) ;
#1542 = CARTESIAN_POINT ( 'NONE',  ( 14.00000000000000000, -13.99999999999999822, 4.000000000000000000 ) ) ;
#1543 = VERTEX_POINT ( 'NONE', #1123 ) ;
#1544 = CARTESIAN_POINT ( 'NONE',  ( 16.21213203435596739, -1.999999999999998224, 1.787867965644036827 ) ) ;
#1545 = CARTESIAN_POINT ( 'NONE',  ( -16.91213203435596668, -2.912132034355964016, 3.000000000000001776 ) ) ;
#1546 = VERTEX_POINT ( 'NONE', #364 ) ;
#1547 = DIRECTION ( 'NONE',  ( 0.5773502691896242878, -0.5773502691896265082, 0.5773502691896265082 ) ) ;
#1548 = EDGE_CURVE ( 'NONE', #448, #1127, #1433, .T. ) ;
#1549 = VECTOR ( 'NONE', #769, 1000.000000000000000 ) ;
#1550 = VERTEX_POINT ( 'NONE', #216 ) ;
#1551 = DIRECTION ( 'NONE',  ( 1.000000000000000000, 0.000000000000000000, 0.000000000000000000 ) ) ;
#1552 = DIRECTION ( 'NONE',  ( 1.000000000000000000, 0.000000000000000000, 0.000000000000000000 ) ) ;
#1553 = ADVANCED_FACE ( 'NONE', ( #1310 ), #662, .T. ) ;
#1554 = CARTESIAN_POINT ( 'NONE',  ( -16.21213203435596739, 2.212132034355962951, 2.212132034355963395 ) ) ;
#1555 = DIRECTION ( 'NONE',  ( -0.000000000000000000, 0.4226182617406938347, 0.9063077870366526012 ) ) ;
#1556 = CARTESIAN_POINT ( 'NONE',  ( 0.000000000000000000, 0.000000000000000000, 4.000000000000000000 ) ) ;
#1557 = AXIS2_PLACEMENT_3D ( 'NONE', #1600, #215, #829 ) ;
#1558 = VECTOR ( 'NONE', #1947, 1000.000000000000000 ) ;
#1559 = ORIENTED_EDGE ( 'NONE', *, *, #762, .T. ) ;
#1560 = VERTEX_POINT ( 'NONE', #1614 ) ;
#1561 = CARTESIAN_POINT ( 'NONE',  ( -12.65000000000000036, -13.99999999999999822, 8.500000000000000000 ) ) ;
#1562 = MECHANICAL_CONTEXT ( 'NONE', #1715, 'mechanical' ) ;
#1563 = CC_DESIGN_DATE_AND_TIME_ASSIGNMENT ( #675, #1861, ( #350 ) ) ;
#1564 = DIRECTION ( 'NONE',  ( 0.000000000000000000, 0.000000000000000000, 1.000000000000000000 ) ) ;
#1565 = DIRECTION ( 'NONE',  ( -0.7071067811865462405, 0.7071067811865489050, 0.000000000000000000 ) ) ;
#1566 = VERTEX_POINT ( 'NONE', #1927 ) ;
#1567 = ADVANCED_FACE ( 'NONE', ( #1601 ), #1940, .T. ) ;
#1568 = VECTOR ( 'NONE', #1225, 1000.000000000000000 ) ;
#1569 = VERTEX_POINT ( 'NONE', #1173 ) ;
#1570 = DIRECTION ( 'NONE',  ( 0.000000000000000000, 0.4226182617406938347, 0.9063077870366526012 ) ) ;
#1571 = CARTESIAN_POINT ( 'NONE',  ( -16.91213203435596668, -2.999999999999998668, 1.087867965644037094 ) ) ;
#1572 = EDGE_CURVE ( 'NONE', #552, #308, #1287, .T. ) ;
#1573 = VECTOR ( 'NONE', #1647, 1000.000000000000000 ) ;
#1574 = VERTEX_POINT ( 'NONE', #1764 ) ;
#1575 = CARTESIAN_POINT ( 'NONE',  ( 14.00000000000000000, -13.99999999999999822, 4.000000000000000000 ) ) ;
#1576 = DIRECTION ( 'NONE',  ( -0.000000000000000000, 0.4226182617406938347, 0.9063077870366526012 ) ) ;
#1577 = DIRECTION ( 'NONE',  ( -0.000000000000000000, -0.4226182617406938902, -0.9063077870366526012 ) ) ;
#1578 = ORIENTED_EDGE ( 'NONE', *, *, #612, .T. ) ;
#1579 = EDGE_LOOP ( 'NONE', ( #1578, #854, #1951, #322, #421, #751 ) ) ;
#1580 = DIRECTION ( 'NONE',  ( -1.000000000000000000, 0.000000000000000000, 0.000000000000000000 ) ) ;
#1581 = ORIENTED_EDGE ( 'NONE', *, *, #1875, .F. ) ;
#1582 = CARTESIAN_POINT ( 'NONE',  ( -12.65000000000000036, -13.99999999999999822, 4.000000000000000000 ) ) ;
#1583 = CARTESIAN_POINT ( 'NONE',  ( 17.00000000000000000, -17.00000000000000000, 3.000000000000004441 ) ) ;
#1584 = ORIENTED_EDGE ( 'NONE', *, *, #570, .F. ) ;
#1585 = VECTOR ( 'NONE', #79, 1000.000000000000000 ) ;
#1586 = EDGE_CURVE ( 'NONE', #852, #95, #392, .T. ) ;
#1587 = ORIENTED_EDGE ( 'NONE', *, *, #201, .F. ) ;
#1588 = CARTESIAN_POINT ( 'NONE',  ( -15.35000000000000497, 14.00000000000000178, 4.000000000000000000 ) ) ;
#1589 = APPROVAL_ROLE ( '' ) ;
#1590 = AXIS2_PLACEMENT_3D ( 'NONE', #93, #566, #577 ) ;
#1591 = DIRECTION ( 'NONE',  ( 1.000000000000000000, 0.000000000000000000, 0.000000000000000000 ) ) ;
#1592 = ORIENTED_EDGE ( 'NONE', *, *, #185, .F. ) ;
#1593 = EDGE_CURVE ( 'NONE', #1845, #388, #857, .T. ) ;
#1594 = FACE_BOUND ( 'NONE', #1221, .T. ) ;
#1595 = ADVANCED_FACE ( 'NONE', ( #1325 ), #292, .F. ) ;
#1596 = FACE_OUTER_BOUND ( 'NONE', #1775, .T. ) ;
#1597 = VERTEX_POINT ( 'NONE', #1649 ) ;
#1598 = ORIENTED_EDGE ( 'NONE', *, *, #1422, .T. ) ;
#1599 = EDGE_LOOP ( 'NONE', ( #667, #690, #88, #188, #430, #601 ) ) ;
#1600 = CARTESIAN_POINT ( 'NONE',  ( -17.00000000000000000, -17.00000000000000000, 4.000000000000000000 ) ) ;
#1601 = FACE_OUTER_BOUND ( 'NONE', #435, .T. ) ;
#1602 = EDGE_CURVE ( 'NONE', #388, #1569, #1345, .T. ) ;
#1603 = CARTESIAN_POINT ( 'NONE',  ( -12.65000000000000391, 14.00000000000000178, 4.000000000000000000 ) ) ;
#1604 = DIRECTION ( 'NONE',  ( -0.000000000000000000, -0.000000000000000000, -1.000000000000000000 ) ) ;
#1605 = VERTEX_POINT ( 'NONE', #1523 ) ;
#1606 = AXIS2_PLACEMENT_3D ( 'NONE', #823, #1150, #47 ) ;
#1607 = DIRECTION ( 'NONE',  ( -1.000000000000000000, 0.000000000000000000, 0.000000000000000000 ) ) ;
#1608 = CARTESIAN_POINT ( 'NONE',  ( 7.499999999999996447, -25.00000000000000000, 4.000000000000000000 ) ) ;
#1609 = ORIENTED_EDGE ( 'NONE', *, *, #1347, .F. ) ;
#1610 = VECTOR ( 'NONE', #1018, 1000.000000000000000 ) ;
#1611 = ORIENTED_EDGE ( 'NONE', *, *, #1948, .T. ) ;
#1612 = ORIENTED_EDGE ( 'NONE', *, *, #1401, .F. ) ;
#1613 = DIRECTION ( 'NONE',  ( 1.000000000000000000, 0.000000000000000000, 0.000000000000000000 ) ) ;
#1614 = CARTESIAN_POINT ( 'NONE',  ( 10.49999999999999467, 14.00000000000000178, 8.500000000000000000 ) ) ;
#1615 = APPROVAL_DATE_TIME ( #1624, #1084 ) ;
#1616 = CYLINDRICAL_SURFACE ( 'NONE', #14, 1.350000000000000533 ) ;
#1617 = DIRECTION ( 'NONE',  ( -0.000000000000000000, -0.000000000000000000, -1.000000000000000000 ) ) ;
#1618 = VERTEX_POINT ( 'NONE', #131 ) ;
#1619 = ADVANCED_FACE ( 'NONE', ( #1049 ), #118, .F. ) ;
#1620 = DIRECTION ( 'NONE',  ( -1.000000000000000000, 0.000000000000000000, 0.000000000000000000 ) ) ;
#1621 = CARTESIAN_POINT ( 'NONE',  ( 5.499999999999991118, -88.44154509256568986, 29.58327832184858153 ) ) ;
#1622 = ORIENTED_EDGE ( 'NONE', *, *, #646, .T. ) ;
#1623 = CARTESIAN_POINT ( 'NONE',  ( 7.499999999999992895, -22.78305337357062754, 10.00000000000000000 ) ) ;
#1624 = DATE_AND_TIME ( #97, #1837 ) ;
#1625 =( BOUNDED_CURVE ( )  B_SPLINE_CURVE ( 3, ( #1499, #732, #1352, #1976 ),
 .UNSPECIFIED., .F., .T. ) 
 B_SPLINE_CURVE_WITH_KNOTS ( ( 4, 4 ),
 ( 4.712388980384689674, 5.497787143782129959 ),
 .UNSPECIFIED. ) 
 CURVE ( )  GEOMETRIC_REPRESENTATION_ITEM ( )  RATIONAL_B_SPLINE_CURVE ( ( 1.000000000000000000, 0.9492530216741921212, 0.9492530216741921212, 1.000000000000000000 ) ) 
 REPRESENTATION_ITEM ( '' )  );
#1626 = DIRECTION ( 'NONE',  ( -0.000000000000000000, -0.000000000000000000, -1.000000000000000000 ) ) ;
#1627 = CARTESIAN_POINT ( 'NONE',  ( 10.33333333333334281, -3.666666666666684282, 7.666666666666682950 ) ) ;
#1628 = CIRCLE ( 'NONE', #314, 3.499999999999994227 ) ;
#1629 = DIRECTION ( 'NONE',  ( 0.000000000000000000, 0.000000000000000000, 1.000000000000000000 ) ) ;
#1630 = ORIENTED_EDGE ( 'NONE', *, *, #1282, .F. ) ;
#1631 = ORIENTED_EDGE ( 'NONE', *, *, #1493, .T. ) ;
#1632 = CARTESIAN_POINT ( 'NONE',  ( 12.65000000000000036, -13.99999999999999822, 8.500000000000000000 ) ) ;
#1633 = DATE_TIME_ROLE ( 'classification_date' ) ;
#1634 = CARTESIAN_POINT ( 'NONE',  ( -14.00000000000000355, 14.00000000000000178, 8.500000000000000000 ) ) ;
#1635 = ADVANCED_FACE ( 'NONE', ( #1501 ), #1511, .F. ) ;
#1636 = DIRECTION ( 'NONE',  ( -0.000000000000000000, -0.000000000000000000, -1.000000000000000000 ) ) ;
#1637 = DIRECTION ( 'NONE',  ( 0.000000000000000000, 0.000000000000000000, 1.000000000000000000 ) ) ;
#1638 = CARTESIAN_POINT ( 'NONE',  ( -7.500000000000001776, -85.09684063225442685, 32.02361701774027125 ) ) ;
#1639 = CARTESIAN_POINT ( 'NONE',  ( -17.00000000000000000, -3.124264068711927855, 1.000000000000000888 ) ) ;
#1640 = CARTESIAN_POINT ( 'NONE',  ( 15.80277563773197613, 17.00000000000001066, 8.500000000000000000 ) ) ;
#1641 = ORIENTED_EDGE ( 'NONE', *, *, #1747, .T. ) ;
#1642 = EDGE_LOOP ( 'NONE', ( #1506, #1921, #1240, #1691 ) ) ;
#1643 = DIRECTION ( 'NONE',  ( -0.000000000000000000, 0.4226182617406938347, 0.9063077870366526012 ) ) ;
#1644 = AXIS2_PLACEMENT_3D ( 'NONE', #578, #1652, #1982 ) ;
#1645 = EDGE_CURVE ( 'NONE', #1757, #1605, #1784, .T. ) ;
#1646 = DIRECTION ( 'NONE',  ( -1.000000000000000000, 0.000000000000000000, 0.000000000000000000 ) ) ;
#1647 = DIRECTION ( 'NONE',  ( -1.000000000000000000, -0.000000000000000000, -0.000000000000000000 ) ) ;
#1648 = VECTOR ( 'NONE', #1555, 1000.000000000000000 ) ;
#1649 = CARTESIAN_POINT ( 'NONE',  ( 10.49999999999999467, 14.00000000000000178, 4.000000000000000000 ) ) ;
#1650 = ORIENTED_EDGE ( 'NONE', *, *, #1790, .F. ) ;
#1651 = LINE ( 'NONE', #1364, #730 ) ;
#1652 = DIRECTION ( 'NONE',  ( 0.000000000000000000, 0.000000000000000000, -1.000000000000000000 ) ) ;
#1653 = DIRECTION ( 'NONE',  ( -0.000000000000000000, 0.4226182617406938347, 0.9063077870366526012 ) ) ;
#1654 = ORIENTED_EDGE ( 'NONE', *, *, #237, .F. ) ;
#1655 = VECTOR ( 'NONE', #1657, 1000.000000000000000 ) ;
#1656 = VERTEX_POINT ( 'NONE', #1205 ) ;
#1657 = DIRECTION ( 'NONE',  ( 1.000000000000000000, 0.000000000000000000, 0.000000000000000000 ) ) ;
#1658 = CARTESIAN_POINT ( 'NONE',  ( 12.19722436226801676, -17.00000000000001066, 8.500000000000000000 ) ) ;
#1659 = CARTESIAN_POINT ( 'NONE',  ( 17.00000000000000000, -12.19722436226801321, 4.000000000000000000 ) ) ;
#1660 = FACE_OUTER_BOUND ( 'NONE', #1374, .T. ) ;
#1661 = VECTOR ( 'NONE', #681, 1000.000000000000000 ) ;
#1662 = VERTEX_POINT ( 'NONE', #1055 ) ;
#1663 = CARTESIAN_POINT ( 'NONE',  ( 12.64999999999999680, 14.00000000000000178, 8.500000000000000000 ) ) ;
#1664 = EDGE_CURVE ( 'NONE', #1163, #293, #653, .T. ) ;
#1665 = EDGE_CURVE ( 'NONE', #1251, #225, #1033, .T. ) ;
#1666 = DIRECTION ( 'NONE',  ( 0.000000000000000000, -0.9063077870366524902, 0.4226182617406938347 ) ) ;
#1667 = CARTESIAN_POINT ( 'NONE',  ( -12.19722436226801676, 17.00000000000001066, 8.500000000000000000 ) ) ;
#1668 = EDGE_LOOP ( 'NONE', ( #1901, #398, #1533, #1007, #287, #1731 ) ) ;
#1669 = CARTESIAN_POINT ( 'NONE',  ( -14.00000000000000355, 14.00000000000000178, 8.500000000000000000 ) ) ;
#1670 = DESIGN_CONTEXT ( 'detailed design', #1037, 'design' ) ;
#1671 = LINE ( 'NONE', #611, #1077 ) ;
#1672 = DIRECTION ( 'NONE',  ( -0.000000000000000000, 1.000000000000000000, -0.000000000000000000 ) ) ;
#1673 = EDGE_CURVE ( 'NONE', #1725, #1761, #1853, .T. ) ;
#1674 = ORIENTED_EDGE ( 'NONE', *, *, #475, .T. ) ;
#1675 = FACE_OUTER_BOUND ( 'NONE', #1274, .T. ) ;
#1676 = CARTESIAN_POINT ( 'NONE',  ( 17.00000000000000000, 12.19722436226801321, 8.500000000000000000 ) ) ;
#1677 = AXIS2_PLACEMENT_3D ( 'NONE', #1093, #160, #784 ) ;
#1678 = CARTESIAN_POINT ( 'NONE',  ( -3.500000000000001332, -87.02769426692132981, 24.09696550266194492 ) ) ;
#1679 =( BOUNDED_CURVE ( )  B_SPLINE_CURVE ( 3, ( #311, #973, #656, #807 ),
 .UNSPECIFIED., .F., .T. ) 
 B_SPLINE_CURVE_WITH_KNOTS ( ( 4, 4 ),
 ( 4.712388980384689674, 5.497787143782129959 ),
 .UNSPECIFIED. ) 
 CURVE ( )  GEOMETRIC_REPRESENTATION_ITEM ( )  RATIONAL_B_SPLINE_CURVE ( ( 1.000000000000000000, 0.9492530216741921212, 0.9492530216741921212, 1.000000000000000000 ) ) 
 REPRESENTATION_ITEM ( '' )  );
#1680 = DIRECTION ( 'NONE',  ( 1.000000000000000000, 0.000000000000000000, 0.000000000000000000 ) ) ;
#1681 = LINE ( 'NONE', #594, #610 ) ;
#1682 = LINE ( 'NONE', #100, #1517 ) ;
#1683 = VECTOR ( 'NONE', #1180, 1000.000000000000000 ) ;
#1684 = EDGE_LOOP ( 'NONE', ( #156, #378, #2001, #377 ) ) ;
#1685 = ORIENTED_EDGE ( 'NONE', *, *, #1891, .F. ) ;
#1686 = ADVANCED_FACE ( 'NONE', ( #886 ), #1616, .F. ) ;
#1687 = DIRECTION ( 'NONE',  ( -0.000000000000000000, -0.000000000000000000, -1.000000000000000000 ) ) ;
#1688 = LINE ( 'NONE', #1234, #1305 ) ;
#1689 = DIRECTION ( 'NONE',  ( -1.000000000000000000, 0.000000000000000000, 0.000000000000000000 ) ) ;
#1690 = DIRECTION ( 'NONE',  ( 0.000000000000000000, -0.9063077870366524902, 0.4226182617406938902 ) ) ;
#1691 = ORIENTED_EDGE ( 'NONE', *, *, #386, .T. ) ;
#1692 = CARTESIAN_POINT ( 'NONE',  ( -17.00000000000000000, -17.00000000000000000, 0.000000000000000000 ) ) ;
#1693 = EDGE_LOOP ( 'NONE', ( #1770, #1358, #512, #1297 ) ) ;
#1694 = AXIS2_PLACEMENT_3D ( 'NONE', #1726, #1564, #206 ) ;
#1695 = EDGE_CURVE ( 'NONE', #1200, #1838, #846, .T. ) ;
#1696 = CYLINDRICAL_SURFACE ( 'NONE', #1988, 0.3000000000000016542 ) ;
#1697 = CARTESIAN_POINT ( 'NONE',  ( -12.19722436226800788, 17.00000000000000000, 4.000000000000000000 ) ) ;
#1698 = CARTESIAN_POINT ( 'NONE',  ( -16.69999999999999929, 2.999999999999999556, 3.124264068711927855 ) ) ;
#1699 = EDGE_CURVE ( 'NONE', #1574, #698, #229, .T. ) ;
#1700 = ORIENTED_EDGE ( 'NONE', *, *, #1095, .F. ) ;
#1701 = DIRECTION ( 'NONE',  ( 1.000000000000000000, 0.000000000000000000, 0.000000000000000000 ) ) ;
#1702 = AXIS2_PLACEMENT_3D ( 'NONE', #1706, #1268, #497 ) ;
#1703 = AXIS2_PLACEMENT_3D ( 'NONE', #652, #1570, #526 ) ;
#1704 = FACE_OUTER_BOUND ( 'NONE', #971, .T. ) ;
#1705 = CARTESIAN_POINT ( 'NONE',  ( -17.00000000000000000, -3.000000000000000000, 1.000000000000000666 ) ) ;
#1706 = CARTESIAN_POINT ( 'NONE',  ( 14.00000000000000000, -13.99999999999999822, 4.000000000000000000 ) ) ;
#1707 = EDGE_CURVE ( 'NONE', #1349, #1200, #1402, .T. ) ;
#1708 = VECTOR ( 'NONE', #2004, 1000.000000000000000 ) ;
#1709 = ORIENTED_EDGE ( 'NONE', *, *, #1047, .F. ) ;
#1710 = CARTESIAN_POINT ( 'NONE',  ( -16.08786796564404042, 2.087867965644035984, 1.912132034355966015 ) ) ;
#1711 = DIRECTION ( 'NONE',  ( -0.000000000000000000, -0.000000000000000000, 1.000000000000000000 ) ) ;
#1712 = EDGE_LOOP ( 'NONE', ( #1729, #1622, #759, #1409, #1083, #1456, #1502, #841 ) ) ;
#1713 = ORIENTED_EDGE ( 'NONE', *, *, #723, .F. ) ;
#1714 = DATE_AND_TIME ( #1404, #511 ) ;
#1715 = APPLICATION_CONTEXT ( 'configuration controlled 3d designs of mechanical parts and assemblies' ) ;
#1716 = CARTESIAN_POINT ( 'NONE',  ( 16.21213203435596739, -2.212132034355962062, 2.212132034355963839 ) ) ;
#1717 = DIRECTION ( 'NONE',  ( -0.000000000000000000, -1.000000000000000000, -0.000000000000000000 ) ) ;
#1718 = LINE ( 'NONE', #658, #960 ) ;
#1719 = EDGE_CURVE ( 'NONE', #1550, #848, #410, .T. ) ;
#1720 = EDGE_LOOP ( 'NONE', ( #153, #1888, #1279, #811 ) ) ;
#1721 = VECTOR ( 'NONE', #431, 1000.000000000000000 ) ;
#1722 = ORIENTED_EDGE ( 'NONE', *, *, #81, .F. ) ;
#1723 = CARTESIAN_POINT ( 'NONE',  ( 17.00000000000000000, 2.999999999999999112, 4.000000000000000000 ) ) ;
#1724 =( NAMED_UNIT ( * ) SI_UNIT ( $, .STERADIAN. ) SOLID_ANGLE_UNIT ( ) );
#1725 = VERTEX_POINT ( 'NONE', #1458 ) ;
#1726 = CARTESIAN_POINT ( 'NONE',  ( 14.00000000000000000, -13.99999999999999822, 8.500000000000000000 ) ) ;
#1727 = CARTESIAN_POINT ( 'NONE',  ( -7.500000000000001776, -27.00923599097756522, 0.9369221296334733218 ) ) ;
#1728 = CARTESIAN_POINT ( 'NONE',  ( 16.91213203435596668, -2.912132034355961796, 1.000000000000000888 ) ) ;
#1729 = ORIENTED_EDGE ( 'NONE', *, *, #408, .F. ) ;
#1730 = AXIS2_PLACEMENT_3D ( 'NONE', #1397, #899, #1833 ) ;
#1731 = ORIENTED_EDGE ( 'NONE', *, *, #537, .T. ) ;
#1732 = DIRECTION ( 'NONE',  ( 0.000000000000000000, -0.4226182617406959441, -0.9063077870366517130 ) ) ;
#1733 = PLANE ( 'NONE',  #1896 ) ;
#1734 = VECTOR ( 'NONE', #1207, 1000.000000000000000 ) ;
#1735 = ORIENTED_EDGE ( 'NONE', *, *, #1970, .T. ) ;
#1736 = DIRECTION ( 'NONE',  ( 0.000000000000000000, 0.000000000000000000, 1.000000000000000000 ) ) ;
#1737 = ADVANCED_FACE ( 'NONE', ( #1962 ), #879, .T. ) ;
#1738 = FACE_OUTER_BOUND ( 'NONE', #35, .T. ) ;
#1739 = ORIENTED_EDGE ( 'NONE', *, *, #338, .T. ) ;
#1740 = ORIENTED_EDGE ( 'NONE', *, *, #478, .F. ) ;
#1741 = DIRECTION ( 'NONE',  ( -0.000000000000000000, -0.000000000000000000, -1.000000000000000000 ) ) ;
#1742 = PERSON_AND_ORGANIZATION_ROLE ( 'design_owner' ) ;
#1743 = ADVANCED_FACE ( 'NONE', ( #711 ), #416, .T. ) ;
#1744 = FACE_OUTER_BOUND ( 'NONE', #299, .T. ) ;
#1745 = ORIENTED_EDGE ( 'NONE', *, *, #1132, .F. ) ;
#1746 = DIRECTION ( 'NONE',  ( -0.000000000000000000, -0.000000000000000000, 1.000000000000000000 ) ) ;
#1747 = EDGE_CURVE ( 'NONE', #1283, #1384, #253, .T. ) ;
#1748 = CARTESIAN_POINT ( 'NONE',  ( -15.80277563773197613, 17.00000000000001066, 8.500000000000000000 ) ) ;
#1749 = ORIENTED_EDGE ( 'NONE', *, *, #499, .T. ) ;
#1750 = EDGE_LOOP ( 'NONE', ( #988, #1685, #924, #473 ) ) ;
#1751 = AXIS2_PLACEMENT_3D ( 'NONE', #903, #933, #447 ) ;
#1752 = ORIENTED_EDGE ( 'NONE', *, *, #1965, .F. ) ;
#1753 = FACE_OUTER_BOUND ( 'NONE', #883, .T. ) ;
#1754 = CARTESIAN_POINT ( 'NONE',  ( 7.499999999999996447, -17.00000000000000000, 2.168404344971009262E-15 ) ) ;
#1755 = ADVANCED_FACE ( 'NONE', ( #575 ), #1194, .T. ) ;
#1756 = CARTESIAN_POINT ( 'NONE',  ( 5.499999999999996447, -86.62892951849238443, 28.73804179836718475 ) ) ;
#1757 = VERTEX_POINT ( 'NONE', #556 ) ;
#1758 = DIRECTION ( 'NONE',  ( 1.000000000000000000, 0.000000000000000000, 0.000000000000000000 ) ) ;
#1759 = ADVANCED_FACE ( 'NONE', ( #1782 ), #731, .T. ) ;
#1760 = DIRECTION ( 'NONE',  ( 0.000000000000000000, 1.000000000000000000, 0.000000000000000000 ) ) ;
#1761 = VERTEX_POINT ( 'NONE', #543 ) ;
#1762 = ORIENTED_EDGE ( 'NONE', *, *, #956, .F. ) ;
#1763 = ORIENTED_EDGE ( 'NONE', *, *, #1203, .F. ) ;
#1764 = CARTESIAN_POINT ( 'NONE',  ( 7.499999999999992895, -86.62892951849238443, 28.73804179836719186 ) ) ;
#1765 = PERSON_AND_ORGANIZATION ( #204, #1162 ) ;
#1766 = CIRCLE ( 'NONE', #549, 2.000000000000001776 ) ;
#1767 = EDGE_CURVE ( 'NONE', #245, #739, #1188, .T. ) ;
#1768 = DIRECTION ( 'NONE',  ( -0.5773502691896245098, -0.5773502691896263972, -0.5773502691896263972 ) ) ;
#1769 = DIRECTION ( 'NONE',  ( 0.000000000000000000, 0.000000000000000000, 1.000000000000000000 ) ) ;
#1770 = ORIENTED_EDGE ( 'NONE', *, *, #425, .T. ) ;
#1771 = AXIS2_PLACEMENT_3D ( 'NONE', #291, #1532, #1963 ) ;
#1772 = AXIS2_PLACEMENT_3D ( 'NONE', #1723, #518, #643 ) ;
#1773 = LINE ( 'NONE', #1164, #1192 ) ;
#1774 = DIRECTION ( 'NONE',  ( 0.000000000000000000, 0.000000000000000000, 1.000000000000000000 ) ) ;
#1775 = EDGE_LOOP ( 'NONE', ( #1193, #1354, #1958, #148 ) ) ;
#1776 = LINE ( 'NONE', #1801, #329 ) ;
#1777 = VECTOR ( 'NONE', #467, 999.9999999999998863 ) ;
#1778 = ORIENTED_EDGE ( 'NONE', *, *, #1664, .T. ) ;
#1779 = ORIENTED_EDGE ( 'NONE', *, *, #522, .F. ) ;
#1780 = DIRECTION ( 'NONE',  ( 0.000000000000000000, 0.000000000000000000, 1.000000000000000000 ) ) ;
#1781 = VECTOR ( 'NONE', #1850, 1000.000000000000000 ) ;
#1782 = FACE_OUTER_BOUND ( 'NONE', #1495, .T. ) ;
#1783 = FACE_BOUND ( 'NONE', #379, .T. ) ;
#1784 =( BOUNDED_CURVE ( )  B_SPLINE_CURVE ( 3, ( #1335, #1973, #562, #1044 ),
 .UNSPECIFIED., .F., .F. ) 
 B_SPLINE_CURVE_WITH_KNOTS ( ( 4, 4 ),
 ( 5.497787143782145947, 7.068583470577027406 ),
 .UNSPECIFIED. ) 
 CURVE ( )  GEOMETRIC_REPRESENTATION_ITEM ( )  RATIONAL_B_SPLINE_CURVE ( ( 1.000000000000000000, 0.8047378541243684902, 0.8047378541243684902, 1.000000000000000000 ) ) 
 REPRESENTATION_ITEM ( '' )  );
#1785 = CARTESIAN_POINT ( 'NONE',  ( 12.19722436226799900, 17.00000000000000000, 4.000000000000000000 ) ) ;
#1786 = DIRECTION ( 'NONE',  ( -1.000000000000000000, 0.000000000000000000, 0.000000000000000000 ) ) ;
#1787 = EDGE_CURVE ( 'NONE', #1605, #1546, #1002, .T. ) ;
#1788 = CARTESIAN_POINT ( 'NONE',  ( -17.00000000000000000, 12.19722436226801321, 8.500000000000000000 ) ) ;
#1789 = VERTEX_POINT ( 'NONE', #1603 ) ;
#1790 = EDGE_CURVE ( 'NONE', #245, #1437, #1480, .T. ) ;
#1791 = ORIENTED_EDGE ( 'NONE', *, *, #213, .T. ) ;
#1792 = CARTESIAN_POINT ( 'NONE',  ( -15.35000000000000142, -13.99999999999999822, 8.500000000000000000 ) ) ;
#1793 = AXIS2_PLACEMENT_3D ( 'NONE', #1542, #888, #1807 ) ;
#1794 = CARTESIAN_POINT ( 'NONE',  ( -15.80277563773197613, -17.00000000000001066, 8.500000000000000000 ) ) ;
#1795 = LINE ( 'NONE', #1436, #744 ) ;
#1796 = VECTOR ( 'NONE', #1121, 1000.000000000000000 ) ;
#1797 = EDGE_CURVE ( 'NONE', #952, #1124, #1186, .T. ) ;
#1798 = CARTESIAN_POINT ( 'NONE',  ( 13.99999999999999645, 14.00000000000000178, 8.500000000000000000 ) ) ;
#1799 = PRODUCT ( '摄像头底座卡扣版', '摄像头底座卡扣版', '', ( #1562 ) ) ;
#1800 = EDGE_CURVE ( 'NONE', #1437, #236, #411, .T. ) ;
#1801 = CARTESIAN_POINT ( 'NONE',  ( 15.80277563773197613, -17.00000000000001066, 8.500000000000000000 ) ) ;
#1802 = ORIENTED_EDGE ( 'NONE', *, *, #1695, .T. ) ;
#1803 = ORIENTED_EDGE ( 'NONE', *, *, #1875, .T. ) ;
#1804 = DIRECTION ( 'NONE',  ( -1.000000000000000000, 0.000000000000000000, 0.000000000000000000 ) ) ;
#1805 = CARTESIAN_POINT ( 'NONE',  ( 15.34999999999999787, 14.00000000000000178, 8.500000000000000000 ) ) ;
#1806 = CARTESIAN_POINT ( 'NONE',  ( 17.00000000000000000, 15.80277563773199034, 8.500000000000000000 ) ) ;
#1807 = DIRECTION ( 'NONE',  ( 1.000000000000000000, 0.000000000000000000, 0.000000000000000000 ) ) ;
#1808 = AXIS2_PLACEMENT_3D ( 'NONE', #1900, #1027, #1337 ) ;
#1809 = EDGE_CURVE ( 'NONE', #1605, #383, #1498, .T. ) ;
#1810 = CARTESIAN_POINT ( 'NONE',  ( 0.000000000000000000, 0.000000000000000000, 4.000000000000000000 ) ) ;
#1811 = ORIENTED_EDGE ( 'NONE', *, *, #1231, .F. ) ;
#1812 = ORIENTED_EDGE ( 'NONE', *, *, #991, .T. ) ;
#1813 = DIRECTION ( 'NONE',  ( 1.000000000000000000, 0.000000000000000000, 0.000000000000000000 ) ) ;
#1814 = AXIS2_PLACEMENT_3D ( 'NONE', #370, #218, #1434 ) ;
#1815 = CARTESIAN_POINT ( 'NONE',  ( 16.69999999999999929, -17.00000000000000000, 3.124264068711932296 ) ) ;
#1816 = CARTESIAN_POINT ( 'NONE',  ( 17.00000000000000000, -2.999999999999999112, 4.000000000000002665 ) ) ;
#1817 = EDGE_CURVE ( 'NONE', #1323, #935, #454, .T. ) ;
#1818 = ADVANCED_FACE ( 'NONE', ( #1521 ), #455, .F. ) ;
#1819 = VERTEX_POINT ( 'NONE', #603 ) ;
#1820 = CARTESIAN_POINT ( 'NONE',  ( 16.91213203435596668, -2.999999999999999112, 2.912132034355964905 ) ) ;
#1821 = CARTESIAN_POINT ( 'NONE',  ( -17.00000000000000000, 17.00000000000000000, 0.000000000000000000 ) ) ;
#1822 = EDGE_CURVE ( 'NONE', #727, #842, #260, .T. ) ;
#1823 = FACE_OUTER_BOUND ( 'NONE', #986, .T. ) ;
#1824 = FACE_BOUND ( 'NONE', #685, .T. ) ;
#1825 = CARTESIAN_POINT ( 'NONE',  ( 3.499999999999998668, -82.64117525553112387, 26.87852144670814170 ) ) ;
#1826 = AXIS2_PLACEMENT_3D ( 'NONE', #1815, #1470, #1943 ) ;
#1827 = ORIENTED_EDGE ( 'NONE', *, *, #866, .F. ) ;
#1828 = LINE ( 'NONE', #133, #793 ) ;
#1829 = CIRCLE ( 'NONE', #1278, 3.500000000000001332 ) ;
#1830 = CARTESIAN_POINT ( 'NONE',  ( 17.00000000000000000, 3.124264068711926523, 1.000000000000000444 ) ) ;
#1831 = ORIENTED_EDGE ( 'NONE', *, *, #957, .F. ) ;
#1832 = FACE_BOUND ( 'NONE', #1836, .T. ) ;
#1833 = DIRECTION ( 'NONE',  ( 1.000000000000000000, 0.000000000000000000, 0.000000000000000000 ) ) ;
#1834 = ADVANCED_FACE ( 'NONE', ( #1989 ), #1235, .T. ) ;
#1835 = LINE ( 'NONE', #766, #1168 ) ;
#1836 = EDGE_LOOP ( 'NONE', ( #1367, #1881 ) ) ;
#1837 = LOCAL_TIME ( 15, 46, 51.00000000000000000, #1043 ) ;
#1838 = VERTEX_POINT ( 'NONE', #1370 ) ;
#1839 = LINE ( 'NONE', #1676, #1869 ) ;
#1840 = AXIS2_PLACEMENT_3D ( 'NONE', #1216, #900, #1510 ) ;
#1841 = DIRECTION ( 'NONE',  ( 0.000000000000000000, 1.000000000000000000, 0.000000000000000000 ) ) ;
#1842 = CARTESIAN_POINT ( 'NONE',  ( 14.00000000000000000, -13.99999999999999822, 8.500000000000000000 ) ) ;
#1843 = CARTESIAN_POINT ( 'NONE',  ( -17.00000000000000000, -17.00000000000000000, 4.000000000000000000 ) ) ;
#1844 = ORIENTED_EDGE ( 'NONE', *, *, #1800, .F. ) ;
#1845 = VERTEX_POINT ( 'NONE', #2008 ) ;
#1846 = LINE ( 'NONE', #155, #1777 ) ;
#1847 = EDGE_CURVE ( 'NONE', #1419, #952, #908, .T. ) ;
#1848 = VERTEX_POINT ( 'NONE', #1659 ) ;
#1849 = EDGE_CURVE ( 'NONE', #813, #62, #1766, .T. ) ;
#1850 = DIRECTION ( 'NONE',  ( -0.000000000000000000, -0.000000000000000000, -1.000000000000000000 ) ) ;
#1851 = EDGE_CURVE ( 'NONE', #62, #580, #1681, .T. ) ;
#1852 = DIRECTION ( 'NONE',  ( 0.5773502691896243988, 0.5773502691896265082, 0.5773502691896263972 ) ) ;
#1853 = CIRCLE ( 'NONE', #104, 3.499999999999994227 ) ;
#1854 = EDGE_LOOP ( 'NONE', ( #977, #660 ) ) ;
#1855 = EDGE_CURVE ( 'NONE', #315, #1978, #306, .T. ) ;
#1856 = LINE ( 'NONE', #89, #445 ) ;
#1857 = CARTESIAN_POINT ( 'NONE',  ( -7.500000000000007105, -22.78305337357062754, 10.00000000000000000 ) ) ;
#1858 = AXIS2_PLACEMENT_3D ( 'NONE', #295, #916, #758 ) ;
#1859 = ADVANCED_FACE ( 'NONE', ( #1390 ), #5, .F. ) ;
#1860 = DIRECTION ( 'NONE',  ( 0.000000000000000000, 0.000000000000000000, -1.000000000000000000 ) ) ;
#1861 = DATE_TIME_ROLE ( 'creation_date' ) ;
#1862 = DIRECTION ( 'NONE',  ( 0.000000000000000000, 0.000000000000000000, 1.000000000000000000 ) ) ;
#1863 = ORIENTED_EDGE ( 'NONE', *, *, #429, .F. ) ;
#1864 = CARTESIAN_POINT ( 'NONE',  ( 16.21213203435596739, 2.212132034355962951, 2.212132034355964283 ) ) ;
#1865 = AXIS2_PLACEMENT_3D ( 'NONE', #116, #1541, #1690 ) ;
#1866 = LINE ( 'NONE', #1692, #192 ) ;
#1867 = ORIENTED_EDGE ( 'NONE', *, *, #1491, .T. ) ;
#1868 = AXIS2_PLACEMENT_3D ( 'NONE', #1059, #1637, #1361 ) ;
#1869 = VECTOR ( 'NONE', #1687, 1000.000000000000000 ) ;
#1870 = LINE ( 'NONE', #941, #1953 ) ;
#1871 = CALENDAR_DATE ( 2026, 16, 6 ) ;
#1872 = DIRECTION ( 'NONE',  ( 1.000000000000000000, 0.000000000000000000, 0.000000000000000000 ) ) ;
#1873 = AXIS2_PLACEMENT_3D ( 'NONE', #32, #1577, #1130 ) ;
#1874 = ORIENTED_EDGE ( 'NONE', *, *, #776, .F. ) ;
#1875 = EDGE_CURVE ( 'NONE', #1062, #293, #1671, .T. ) ;
#1876 = CARTESIAN_POINT ( 'NONE',  ( 7.499999999999996447, -22.78305337357062754, 2.168404344971009262E-15 ) ) ;
#1877 = DIRECTION ( 'NONE',  ( 0.7071067811865489050, -7.666467083416855899E-17, -0.7071067811865462405 ) ) ;
#1878 = EDGE_LOOP ( 'NONE', ( #54, #336 ) ) ;
#1879 = ORIENTED_EDGE ( 'NONE', *, *, #624, .F. ) ;
#1880 = EDGE_CURVE ( 'NONE', #1283, #813, #1249, .T. ) ;
#1881 = ORIENTED_EDGE ( 'NONE', *, *, #111, .F. ) ;
#1882 = FACE_OUTER_BOUND ( 'NONE', #694, .T. ) ;
#1883 = ORIENTED_EDGE ( 'NONE', *, *, #1133, .T. ) ;
#1884 = CARTESIAN_POINT ( 'NONE',  ( -17.00000000000000355, 3.043635738092521859, 3.043635738092522303 ) ) ;
#1885 = CARTESIAN_POINT ( 'NONE',  ( 16.91213203435596668, -2.912132034355964905, 2.912132034355966237 ) ) ;
#1886 = LINE ( 'NONE', #1153, #171 ) ;
#1887 = CIRCLE ( 'NONE', #1101, 3.500000000000001332 ) ;
#1888 = ORIENTED_EDGE ( 'NONE', *, *, #1995, .T. ) ;
#1889 = CARTESIAN_POINT ( 'NONE',  ( 13.99999999999999645, 14.00000000000000178, 8.500000000000000000 ) ) ;
#1890 = CARTESIAN_POINT ( 'NONE',  ( 0.000000000000000000, 0.000000000000000000, 0.000000000000000000 ) ) ;
#1891 = EDGE_CURVE ( 'NONE', #1418, #1560, #1388, .T. ) ;
#1892 = ORIENTED_EDGE ( 'NONE', *, *, #1295, .T. ) ;
#1893 = CARTESIAN_POINT ( 'NONE',  ( -16.21213203435596739, 2.212132034355962507, 1.787867965644037271 ) ) ;
#1894 = CARTESIAN_POINT ( 'NONE',  ( 17.00000000000000000, 3.124264068711926523, 3.124264068711927855 ) ) ;
#1895 = ORIENTED_EDGE ( 'NONE', *, *, #270, .F. ) ;
#1896 = AXIS2_PLACEMENT_3D ( 'NONE', #1705, #36, #791 ) ;
#1897 = ORIENTED_EDGE ( 'NONE', *, *, #1047, .T. ) ;
#1898 = CARTESIAN_POINT ( 'NONE',  ( 17.00000000000000000, -15.80277563773199034, 8.500000000000000000 ) ) ;
#1899 = LINE ( 'NONE', #831, #1549 ) ;
#1900 = CARTESIAN_POINT ( 'NONE',  ( -7.500000000000001776, -25.00000000000000000, 4.000000000000000000 ) ) ;
#1901 = ORIENTED_EDGE ( 'NONE', *, *, #808, .F. ) ;
#1902 = DIRECTION ( 'NONE',  ( -0.000000000000000000, 0.4226182617406938347, 0.9063077870366526012 ) ) ;
#1903 = VECTOR ( 'NONE', #223, 1000.000000000000000 ) ;
#1904 = CARTESIAN_POINT ( 'NONE',  ( 16.96914487369269509, 2.969144873692698638, 2.969144873692698638 ) ) ;
#1905 = EDGE_LOOP ( 'NONE', ( #161, #221, #1478, #1674 ) ) ;
#1906 = ADVANCED_FACE ( 'NONE', ( #1824, #619 ), #1243, .F. ) ;
#1907 = VECTOR ( 'NONE', #954, 1000.000000000000000 ) ;
#1908 = ORIENTED_EDGE ( 'NONE', *, *, #21, .T. ) ;
#1909 = ORIENTED_EDGE ( 'NONE', *, *, #338, .F. ) ;
#1910 = LINE ( 'NONE', #1148, #692 ) ;
#1911 = PERSON_AND_ORGANIZATION ( #204, #1162 ) ;
#1912 = CARTESIAN_POINT ( 'NONE',  ( -12.19722436226801676, -17.00000000000001066, 8.500000000000000000 ) ) ;
#1913 =( BOUNDED_CURVE ( )  B_SPLINE_CURVE ( 3, ( #1893, #1710, #953, #1554 ),
 .UNSPECIFIED., .F., .F. ) 
 B_SPLINE_CURVE_WITH_KNOTS ( ( 4, 4 ),
 ( 2.356194490192352831, 3.926990816987233845 ),
 .UNSPECIFIED. ) 
 CURVE ( )  GEOMETRIC_REPRESENTATION_ITEM ( )  RATIONAL_B_SPLINE_CURVE ( ( 1.000000000000000000, 0.8047378541243686012, 0.8047378541243686012, 1.000000000000000000 ) ) 
 REPRESENTATION_ITEM ( '' )  );
#1914 = EDGE_CURVE ( 'NONE', #479, #1618, #1509, .T. ) ;
#1915 = FACE_OUTER_BOUND ( 'NONE', #790, .T. ) ;
#1916 = VECTOR ( 'NONE', #718, 1000.000000000000000 ) ;
#1917 = ORIENTED_EDGE ( 'NONE', *, *, #1280, .F. ) ;
#1918 = AXIS2_PLACEMENT_3D ( 'NONE', #1479, #250, #729 ) ;
#1919 = CARTESIAN_POINT ( 'NONE',  ( -16.96914487369269864, -2.969144873692699971, 2.969144873692700415 ) ) ;
#1920 = CARTESIAN_POINT ( 'NONE',  ( 17.00000000000000000, -3.124264068711926079, 3.124264068711929188 ) ) ;
#1921 = ORIENTED_EDGE ( 'NONE', *, *, #1408, .T. ) ;
#1922 = CIRCLE ( 'NONE', #170, 3.500000000000001332 ) ;
#1923 = ORIENTED_EDGE ( 'NONE', *, *, #1229, .T. ) ;
#1924 = AXIS2_PLACEMENT_3D ( 'NONE', #710, #1185, #415 ) ;
#1925 = ORIENTED_EDGE ( 'NONE', *, *, #355, .T. ) ;
#1926 = FACE_OUTER_BOUND ( 'NONE', #1154, .T. ) ;
#1927 = CARTESIAN_POINT ( 'NONE',  ( 15.80277563773197613, 17.00000000000001066, 8.500000000000000000 ) ) ;
#1928 = PERSON_AND_ORGANIZATION_ROLE ( 'design_supplier' ) ;
#1929 = CIRCLE ( 'NONE', #1067, 2.000000000000001776 ) ;
#1930 = DIRECTION ( 'NONE',  ( 0.000000000000000000, 0.9063077870366517130, -0.4226182617406957776 ) ) ;
#1931 = DIRECTION ( 'NONE',  ( -0.000000000000000000, -0.000000000000000000, -1.000000000000000000 ) ) ;
#1932 = ORIENTED_EDGE ( 'NONE', *, *, #835, .F. ) ;
#1933 = CARTESIAN_POINT ( 'NONE',  ( -17.00000000000000355, -3.043635738092522747, 3.043635738092523635 ) ) ;
#1934 = LINE ( 'NONE', #1608, #1048 ) ;
#1935 = VERTEX_POINT ( 'NONE', #437 ) ;
#1936 = ORIENTED_EDGE ( 'NONE', *, *, #429, .T. ) ;
#1937 = CC_DESIGN_PERSON_AND_ORGANIZATION_ASSIGNMENT ( #180, #1443, ( #350 ) ) ;
#1938 = VERTEX_POINT ( 'NONE', #1697 ) ;
#1939 = AXIS2_PLACEMENT_3D ( 'NONE', #173, #796, #23 ) ;
#1940 = CYLINDRICAL_SURFACE ( 'NONE', #1961, 0.3000000000000000444 ) ;
#1941 = DATE_AND_TIME ( #242, #184 ) ;
#1942 = VECTOR ( 'NONE', #754, 1000.000000000000000 ) ;
#1943 = DIRECTION ( 'NONE',  ( 0.000000000000000000, 0.000000000000000000, 1.000000000000000000 ) ) ;
#1944 = LINE ( 'NONE', #244, #585 ) ;
#1945 = EDGE_CURVE ( 'NONE', #493, #716, #922, .T. ) ;
#1946 = CIRCLE ( 'NONE', #1702, 3.500000000000001332 ) ;
#1947 = DIRECTION ( 'NONE',  ( -2.975747962828883452E-32, 1.000000000000000000, -2.168404344971008621E-16 ) ) ;
#1948 = EDGE_CURVE ( 'NONE', #76, #1200, #12, .T. ) ;
#1949 = LINE ( 'NONE', #285, #432 ) ;
#1950 = AXIS2_PLACEMENT_3D ( 'NONE', #1810, #125, #863 ) ;
#1951 = ORIENTED_EDGE ( 'NONE', *, *, #1290, .F. ) ;
#1952 = LINE ( 'NONE', #1183, #695 ) ;
#1953 = VECTOR ( 'NONE', #1113, 1000.000000000000000 ) ;
#1954 = DIRECTION ( 'NONE',  ( -0.000000000000000000, -0.000000000000000000, 1.000000000000000000 ) ) ;
#1955 = DIRECTION ( 'NONE',  ( -0.000000000000000000, 1.000000000000000000, -2.168404344971009115E-16 ) ) ;
#1956 = DIRECTION ( 'NONE',  ( -0.000000000000000000, -0.000000000000000000, -1.000000000000000000 ) ) ;
#1957 = LINE ( 'NONE', #112, #1086 ) ;
#1958 = ORIENTED_EDGE ( 'NONE', *, *, #1945, .F. ) ;
#1959 = ORIENTED_EDGE ( 'NONE', *, *, #323, .F. ) ;
#1960 = DIRECTION ( 'NONE',  ( -0.000000000000000000, -0.000000000000000000, 1.000000000000000000 ) ) ;
#1961 = AXIS2_PLACEMENT_3D ( 'NONE', #844, #553, #1780 ) ;
#1962 = FACE_OUTER_BOUND ( 'NONE', #999, .T. ) ;
#1963 = DIRECTION ( 'NONE',  ( 1.000000000000000000, 0.000000000000000000, 0.000000000000000000 ) ) ;
#1964 = AXIS2_PLACEMENT_3D ( 'NONE', #385, #72, #850 ) ;
#1965 = EDGE_CURVE ( 'NONE', #1299, #1010, #328, .T. ) ;
#1966 = CYLINDRICAL_SURFACE ( 'NONE', #1590, 0.2999999999999999334 ) ;
#1967 = CARTESIAN_POINT ( 'NONE',  ( -14.00000000000000355, 14.00000000000000178, 8.500000000000000000 ) ) ;
#1968 = ORIENTED_EDGE ( 'NONE', *, *, #1503, .F. ) ;
#1969 = ORIENTED_EDGE ( 'NONE', *, *, #1849, .F. ) ;
#1970 = EDGE_CURVE ( 'NONE', #1819, #945, #28, .T. ) ;
#1971 = CARTESIAN_POINT ( 'NONE',  ( 12.64999999999999680, 14.00000000000000178, 4.000000000000000000 ) ) ;
#1972 = EDGE_CURVE ( 'NONE', #493, #479, #1421, .T. ) ;
#1973 = CARTESIAN_POINT ( 'NONE',  ( -16.08786796564404398, -2.087867965644037316, 2.087867965644035984 ) ) ;
#1974 = APPROVAL_PERSON_ORGANIZATION ( #990, #735, #1589 ) ;
#1975 = CARTESIAN_POINT ( 'NONE',  ( -15.00000000000000355, -0.9999999999999970024, 3.000000000000005329 ) ) ;
#1976 = CARTESIAN_POINT ( 'NONE',  ( -16.91213203435596668, -2.912132034355965793, 1.087867965644036206 ) ) ;
#1977 = DIRECTION ( 'NONE',  ( -0.000000000000000000, -0.000000000000000000, -1.000000000000000000 ) ) ;
#1978 = VERTEX_POINT ( 'NONE', #369 ) ;
#1979 = CARTESIAN_POINT ( 'NONE',  ( -3.500000000000001332, -83.64674817299577114, 31.34742779895516307 ) ) ;
#1980 = CIRCLE ( 'NONE', #481, 1.350000000000000533 ) ;
#1981 = AXIS2_PLACEMENT_3D ( 'NONE', #668, #1902, #647 ) ;
#1982 = DIRECTION ( 'NONE',  ( -1.000000000000000000, 0.000000000000000000, -0.000000000000000000 ) ) ;
#1983 = CARTESIAN_POINT ( 'NONE',  ( 7.499999999999992895, -27.00923599097756878, 4.936922129633472878 ) ) ;
#1984 = LINE ( 'NONE', #592, #639 ) ;
#1985 = ORIENTED_EDGE ( 'NONE', *, *, #485, .T. ) ;
#1986 = DIRECTION ( 'NONE',  ( 1.000000000000000000, 0.000000000000000000, 0.000000000000000000 ) ) ;
#1987 = CIRCLE ( 'NONE', #234, 10.00000000000000000 ) ;
#1988 = AXIS2_PLACEMENT_3D ( 'NONE', #2007, #168, #1403 ) ;
#1989 = FACE_OUTER_BOUND ( 'NONE', #539, .T. ) ;
#1990 = DIRECTION ( 'NONE',  ( -0.000000000000000000, -0.000000000000000000, -1.000000000000000000 ) ) ;
#1991 = ORIENTED_EDGE ( 'NONE', *, *, #1391, .F. ) ;
#1992 = DIRECTION ( 'NONE',  ( -1.000000000000000000, 0.000000000000000000, 0.000000000000000000 ) ) ;
#1993 = FACE_OUTER_BOUND ( 'NONE', #561, .T. ) ;
#1994 = ORIENTED_EDGE ( 'NONE', *, *, #650, .F. ) ;
#1995 = EDGE_CURVE ( 'NONE', #614, #1546, #950, .T. ) ;
#1996 = CYLINDRICAL_SURFACE ( 'NONE', #1939, 1.350000000000000533 ) ;
#1997 = CARTESIAN_POINT ( 'NONE',  ( 16.08786796564404042, -2.087867965644034651, 1.912132034355965349 ) ) ;
#1998 = CARTESIAN_POINT ( 'NONE',  ( 78.95062054906398430, -88.44154509256568986, 29.58327832184858153 ) ) ;
#1999 = CARTESIAN_POINT ( 'NONE',  ( 17.00000000000000000, -3.124264068711925635, 0.8757359312880723667 ) ) ;
#2000 = DIRECTION ( 'NONE',  ( 0.000000000000000000, 0.000000000000000000, 1.000000000000000000 ) ) ;
#2001 = ORIENTED_EDGE ( 'NONE', *, *, #720, .T. ) ;
#2002 = AXIS2_PLACEMENT_3D ( 'NONE', #110, #1992, #1218 ) ;
#2003 = ORIENTED_EDGE ( 'NONE', *, *, #8, .F. ) ;
#2004 = DIRECTION ( 'NONE',  ( 1.000000000000000000, -0.000000000000000000, -0.000000000000000000 ) ) ;
#2005 = EDGE_LOOP ( 'NONE', ( #55, #373, #800, #1396 ) ) ;
#2006 = DIRECTION ( 'NONE',  ( 1.000000000000000000, 0.000000000000000000, 0.000000000000000000 ) ) ;
#2007 = CARTESIAN_POINT ( 'NONE',  ( -16.69999999999999929, 3.124264068711927411, 1.000000000000000000 ) ) ;
#2008 = CARTESIAN_POINT ( 'NONE',  ( 15.35000000000000142, -13.99999999999999822, 8.500000000000000000 ) ) ;
#2009 = DIRECTION ( 'NONE',  ( 0.7071067811865462405, -0.7071067811865489050, 0.000000000000000000 ) ) ;
#2010 = ORIENTED_EDGE ( 'NONE', *, *, #151, .T. ) ;
#2011 = ADVANCED_FACE ( 'NONE', ( #190 ), #1733, .F. ) ;
#2012 = VECTOR ( 'NONE', #1288, 1000.000000000000000 ) ;
#2013 = ORIENTED_EDGE ( 'NONE', *, *, #1855, .T. ) ;
ENDSEC;
END-ISO-10303-21;
