ISO-10303-21;
HEADER;
FILE_DESCRIPTION (( 'STEP AP203' ),
    '1' );
FILE_NAME ('摄像头盖子卡扣版.STEP',
    '2026-06-16T07:46:06',
    ( '' ),
    ( '' ),
    'SwSTEP 2.0',
    'SolidWorks 2021',
    '' );
FILE_SCHEMA (( 'CONFIG_CONTROL_DESIGN' ));
ENDSEC;

DATA;
#1 = DIRECTION ( 'NONE',  ( -1.000000000000000000, -0.000000000000000000, 1.613696256722611405E-16 ) ) ;
#2 = EDGE_CURVE ( 'NONE', #1234, #1468, #1146, .T. ) ;
#3 = ORIENTED_EDGE ( 'NONE', *, *, #661, .F. ) ;
#4 = LINE ( 'NONE', #265, #83 ) ;
#5 = ORIENTED_EDGE ( 'NONE', *, *, #682, .T. ) ;
#6 = LINE ( 'NONE', #366, #1001 ) ;
#7 = FACE_OUTER_BOUND ( 'NONE', #831, .T. ) ;
#8 = AXIS2_PLACEMENT_3D ( 'NONE', #995, #1452, #1211 ) ;
#9 = VECTOR ( 'NONE', #119, 1000.000000000000000 ) ;
#10 = DIRECTION ( 'NONE',  ( 0.000000000000000000, 1.000000000000000000, -1.020425574104004122E-16 ) ) ;
#11 = CIRCLE ( 'NONE', #1450, 2.000000000000001776 ) ;
#12 = EDGE_CURVE ( 'NONE', #913, #814, #142, .T. ) ;
#13 = VERTEX_POINT ( 'NONE', #185 ) ;
#14 = DIRECTION ( 'NONE',  ( -0.000000000000000000, -0.000000000000000000, 1.000000000000000000 ) ) ;
#15 = VECTOR ( 'NONE', #686, 1000.000000000000000 ) ;
#16 = ORIENTED_EDGE ( 'NONE', *, *, #759, .T. ) ;
#17 = EDGE_CURVE ( 'NONE', #58, #738, #288, .T. ) ;
#18 = DIRECTION ( 'NONE',  ( -1.000000000000000000, 0.000000000000000000, 0.000000000000000000 ) ) ;
#19 = FACE_OUTER_BOUND ( 'NONE', #1335, .T. ) ;
#20 = ORIENTED_EDGE ( 'NONE', *, *, #890, .F. ) ;
#21 = DIRECTION ( 'NONE',  ( 0.000000000000000000, -1.000000000000000000, 0.000000000000000000 ) ) ;
#22 = EDGE_LOOP ( 'NONE', ( #1103, #734, #1531, #1535 ) ) ;
#23 = EDGE_CURVE ( 'NONE', #120, #395, #524, .T. ) ;
#24 = CYLINDRICAL_SURFACE ( 'NONE', #695, 2.000000000000001776 ) ;
#25 = PLANE ( 'NONE',  #312 ) ;
#26 = EDGE_LOOP ( 'NONE', ( #896, #172, #578, #1068, #461, #266 ) ) ;
#27 = CARTESIAN_POINT ( 'NONE',  ( -8.250000000000000000, 7.654382770227325299E-16, 20.49999999999999645 ) ) ;
#28 = VERTEX_POINT ( 'NONE', #784 ) ;
#29 = CARTESIAN_POINT ( 'NONE',  ( 7.499999999999997335, -19.00000000000000355, 4.200000000000002842 ) ) ;
#30 = EDGE_CURVE ( 'NONE', #406, #712, #777, .T. ) ;
#31 = DIRECTION ( 'NONE',  ( -1.807003620809166867E-17, -1.000000000000000000, 9.035018104045871927E-17 ) ) ;
#32 = VECTOR ( 'NONE', #957, 1000.000000000000000 ) ;
#33 = CARTESIAN_POINT ( 'NONE',  ( -17.00000000000000000, -19.00000000000000355, 0.000000000000000000 ) ) ;
#34 = EDGE_CURVE ( 'NONE', #788, #1266, #532, .T. ) ;
#35 = TOROIDAL_SURFACE ( 'NONE', #438, 9.250000000000001776, 1.000000000000000000 ) ;
#36 = VERTEX_POINT ( 'NONE', #1263 ) ;
#37 = CARTESIAN_POINT ( 'NONE',  ( -16.28786796564403971, 2.087867965644034207, 2.087867965644037760 ) ) ;
#38 = AXIS2_PLACEMENT_3D ( 'NONE', #1032, #421, #64 ) ;
#39 = VECTOR ( 'NONE', #18, 1000.000000000000000 ) ;
#40 = CARTESIAN_POINT ( 'NONE',  ( 17.00000000000000000, -17.00000000000000000, 12.49999999999999645 ) ) ;
#41 = AXIS2_PLACEMENT_3D ( 'NONE', #951, #1294, #1430 ) ;
#42 = CARTESIAN_POINT ( 'NONE',  ( -7.500000000000001776, -19.00000000000000355, 4.200000000000002842 ) ) ;
#43 = DIRECTION ( 'NONE',  ( 0.000000000000000000, -1.000000000000000000, 0.000000000000000000 ) ) ;
#44 = DIRECTION ( 'NONE',  ( -1.000000000000000000, 1.224646799147351482E-16, 0.000000000000000000 ) ) ;
#45 = ORIENTED_EDGE ( 'NONE', *, *, #970, .F. ) ;
#46 = CARTESIAN_POINT ( 'NONE',  ( -17.19999999999999929, 17.19999999999999929, 12.49999999999999289 ) ) ;
#47 = CC_DESIGN_PERSON_AND_ORGANIZATION_ASSIGNMENT ( #1209, #331, ( #1455 ) ) ;
#48 = FACE_OUTER_BOUND ( 'NONE', #258, .T. ) ;
#49 = CARTESIAN_POINT ( 'NONE',  ( -19.00000000000000355, 17.00000000000000000, 0.000000000000000000 ) ) ;
#50 = ORIENTED_EDGE ( 'NONE', *, *, #746, .T. ) ;
#51 = CARTESIAN_POINT ( 'NONE',  ( 0.000000000000000000, -3.061276722312016928E-16, 20.49999999999999645 ) ) ;
#52 = VERTEX_POINT ( 'NONE', #1019 ) ;
#53 = CARTESIAN_POINT ( 'NONE',  ( -16.28786796564403971, 2.087867965644033319, 1.912132034355966681 ) ) ;
#54 = EDGE_CURVE ( 'NONE', #626, #584, #296, .T. ) ;
#55 = LINE ( 'NONE', #800, #1292 ) ;
#56 = VERTEX_POINT ( 'NONE', #49 ) ;
#57 = PLANE ( 'NONE',  #1324 ) ;
#58 = VERTEX_POINT ( 'NONE', #1256 ) ;
#59 = LINE ( 'NONE', #789, #1475 ) ;
#60 = EDGE_CURVE ( 'NONE', #58, #604, #1020, .T. ) ;
#61 = FACE_BOUND ( 'NONE', #1396, .T. ) ;
#62 = VECTOR ( 'NONE', #1463, 1000.000000000000000 ) ;
#63 = ORIENTED_EDGE ( 'NONE', *, *, #938, .F. ) ;
#64 = DIRECTION ( 'NONE',  ( 0.000000000000000000, 0.000000000000000000, 1.000000000000000000 ) ) ;
#65 = EDGE_CURVE ( 'NONE', #575, #1085, #1278, .T. ) ;
#66 = VECTOR ( 'NONE', #580, 1000.000000000000000 ) ;
#67 = ORIENTED_EDGE ( 'NONE', *, *, #1436, .F. ) ;
#68 = CARTESIAN_POINT ( 'NONE',  ( -27.00000000000000355, -12.00000000000000000, 4.000000000000001776 ) ) ;
#69 = DIRECTION ( 'NONE',  ( -1.613696256722611405E-16, 0.000000000000000000, -1.000000000000000000 ) ) ;
#70 = ORIENTED_EDGE ( 'NONE', *, *, #746, .F. ) ;
#71 = DIRECTION ( 'NONE',  ( -1.000000000000000000, 0.000000000000000000, 1.613696256722611405E-16 ) ) ;
#72 = EDGE_CURVE ( 'NONE', #1426, #160, #1012, .T. ) ;
#73 = ORIENTED_EDGE ( 'NONE', *, *, #855, .T. ) ;
#74 = FACE_OUTER_BOUND ( 'NONE', #680, .T. ) ;
#75 = CARTESIAN_POINT ( 'NONE',  ( -17.19999999999999929, 17.19999999999999929, 0.9999999999999991118 ) ) ;
#76 = ORIENTED_EDGE ( 'NONE', *, *, #1481, .F. ) ;
#77 = LINE ( 'NONE', #560, #15 ) ;
#78 = EDGE_CURVE ( 'NONE', #1085, #256, #1512, .T. ) ;
#79 = CARTESIAN_POINT ( 'NONE',  ( -19.00000000000000355, 16.00000000000000355, 19.50000000000000000 ) ) ;
#80 = CARTESIAN_POINT ( 'NONE',  ( -16.99999999999999645, 19.00000000000000355, 18.50000000000000000 ) ) ;
#81 = ADVANCED_FACE ( 'NONE', ( #1366, #61 ), #898, .F. ) ;
#82 = DIRECTION ( 'NONE',  ( 1.000000000000000000, -0.000000000000000000, -0.000000000000000000 ) ) ;
#83 = VECTOR ( 'NONE', #384, 1000.000000000000000 ) ;
#84 = VECTOR ( 'NONE', #1102, 1000.000000000000000 ) ;
#85 = ORIENTED_EDGE ( 'NONE', *, *, #1253, .T. ) ;
#86 = DIRECTION ( 'NONE',  ( 0.000000000000000000, 1.020425574104004122E-16, 1.000000000000000000 ) ) ;
#87 = VECTOR ( 'NONE', #113, 1000.000000000000000 ) ;
#88 = SECURITY_CLASSIFICATION ( '', '', #1052 ) ;
#89 = CARTESIAN_POINT ( 'NONE',  ( 0.000000000000000000, 5.357234264046022721E-16, 4.200000000000000178 ) ) ;
#90 = EDGE_CURVE ( 'NONE', #839, #575, #1485, .T. ) ;
#91 = ORIENTED_EDGE ( 'NONE', *, *, #1093, .T. ) ;
#92 = CARTESIAN_POINT ( 'NONE',  ( 9.250000000000001776, -3.061276722312016928E-16, 19.49999999999999645 ) ) ;
#93 = EDGE_LOOP ( 'NONE', ( #612, #1501, #541, #179, #1445, #764, #924, #1212, #697, #230, #50, #483, #1185, #867, #975, #1358 ) ) ;
#94 = DIRECTION ( 'NONE',  ( 0.000000000000000000, 0.000000000000000000, -1.000000000000000000 ) ) ;
#95 = CARTESIAN_POINT ( 'NONE',  ( -7.500000000000001776, -19.00000000000000355, 2.423510738497010213E-15 ) ) ;
#96 = DIRECTION ( 'NONE',  ( 0.000000000000000000, 1.275531967630005492E-16, 1.000000000000000000 ) ) ;
#97 = PLANE ( 'NONE',  #1327 ) ;
#98 = DIRECTION ( 'NONE',  ( 0.000000000000000000, 0.000000000000000000, 1.000000000000000000 ) ) ;
#99 = EDGE_CURVE ( 'NONE', #1363, #1495, #1006, .T. ) ;
#100 = VERTEX_POINT ( 'NONE', #545 ) ;
#101 = CARTESIAN_POINT ( 'NONE',  ( -17.00000000000000000, 17.00000000000000000, 12.49999999999999645 ) ) ;
#102 = ORIENTED_EDGE ( 'NONE', *, *, #1191, .F. ) ;
#103 = CARTESIAN_POINT ( 'NONE',  ( 1.132798289211301895E-15, -9.250000000000001776, 20.49999999999999645 ) ) ;
#104 = DIRECTION ( 'NONE',  ( 0.000000000000000000, 1.275531967630005245E-16, 1.000000000000000000 ) ) ;
#105 = DIRECTION ( 'NONE',  ( 0.000000000000000000, 0.000000000000000000, 1.000000000000000000 ) ) ;
#106 = LINE ( 'NONE', #463, #339 ) ;
#107 = PERSON_AND_ORGANIZATION_ROLE ( 'design_owner' ) ;
#108 = ORIENTED_EDGE ( 'NONE', *, *, #1368, .T. ) ;
#109 = DIRECTION ( 'NONE',  ( 1.000000000000000000, -0.000000000000000000, -0.000000000000000000 ) ) ;
#110 = ORIENTED_EDGE ( 'NONE', *, *, #1454, .T. ) ;
#111 = DIRECTION ( 'NONE',  ( 1.646656929195653044E-32, -1.000000000000000000, 1.020425574104004122E-16 ) ) ;
#112 = EDGE_CURVE ( 'NONE', #355, #271, #183, .T. ) ;
#113 = DIRECTION ( 'NONE',  ( -0.000000000000000000, -1.275531967630005492E-16, -1.000000000000000000 ) ) ;
#114 = CIRCLE ( 'NONE', #159, 2.000000000000001776 ) ;
#115 = TOROIDAL_SURFACE ( 'NONE', #1375, 9.250000000000001776, 1.000000000000000000 ) ;
#116 = CARTESIAN_POINT ( 'NONE',  ( -27.00000000000000355, 0.000000000000000000, 9.000000000000001776 ) ) ;
#117 = AXIS2_PLACEMENT_3D ( 'NONE', #1070, #1187, #1558 ) ;
#118 = VERTEX_POINT ( 'NONE', #1030 ) ;
#119 = DIRECTION ( 'NONE',  ( 1.613696256722611405E-16, -0.000000000000000000, 1.000000000000000000 ) ) ;
#120 = VERTEX_POINT ( 'NONE', #1128 ) ;
#121 = ADVANCED_FACE ( 'NONE', ( #1506, #1491 ), #409, .F. ) ;
#122 = PLANE ( 'NONE',  #1123 ) ;
#123 = CARTESIAN_POINT ( 'NONE',  ( 17.00000000000000355, 10.00000000000000178, 12.49999999999999645 ) ) ;
#124 = ORIENTED_EDGE ( 'NONE', *, *, #352, .F. ) ;
#125 = VERTEX_POINT ( 'NONE', #551 ) ;
#126 = DIRECTION ( 'NONE',  ( 0.000000000000000000, 0.000000000000000000, 1.000000000000000000 ) ) ;
#127 = EDGE_CURVE ( 'NONE', #160, #859, #1035, .T. ) ;
#128 = CARTESIAN_POINT ( 'NONE',  ( 0.000000000000000000, 9.250000000000001776, 20.49999999999999645 ) ) ;
#129 = ORIENTED_EDGE ( 'NONE', *, *, #1421, .T. ) ;
#130 = CARTESIAN_POINT ( 'NONE',  ( 0.000000000000000000, -3.061276722312016928E-16, 20.49999999999999645 ) ) ;
#131 = EDGE_CURVE ( 'NONE', #1234, #945, #55, .T. ) ;
#132 = ORIENTED_EDGE ( 'NONE', *, *, #90, .T. ) ;
#133 = LINE ( 'NONE', #272, #1229 ) ;
#134 = DIRECTION ( 'NONE',  ( -0.000000000000000000, -1.275531967630005245E-16, -1.000000000000000000 ) ) ;
#135 = AXIS2_PLACEMENT_3D ( 'NONE', #130, #1225, #242 ) ;
#136 = DIRECTION ( 'NONE',  ( -0.000000000000000000, -1.275531967630005245E-16, -1.000000000000000000 ) ) ;
#137 = VECTOR ( 'NONE', #748, 1000.000000000000000 ) ;
#138 = ORIENTED_EDGE ( 'NONE', *, *, #1537, .F. ) ;
#139 = CARTESIAN_POINT ( 'NONE',  ( 17.00000000000000000, -10.00000000000000178, 19.49999999999999645 ) ) ;
#140 = ADVANCED_FACE ( 'NONE', ( #837 ), #1472, .T. ) ;
#141 = AXIS2_PLACEMENT_3D ( 'NONE', #1411, #1539, #326 ) ;
#142 = LINE ( 'NONE', #40, #1223 ) ;
#143 = CARTESIAN_POINT ( 'NONE',  ( -16.99999999999996803, 0.000000000000000000, 9.000000000000001776 ) ) ;
#144 = DIRECTION ( 'NONE',  ( 1.000000000000000000, -0.000000000000000000, -0.000000000000000000 ) ) ;
#145 = ORIENTED_EDGE ( 'NONE', *, *, #147, .T. ) ;
#146 = PLANE ( 'NONE',  #8 ) ;
#147 = EDGE_CURVE ( 'NONE', #712, #1363, #792, .T. ) ;
#148 = EDGE_LOOP ( 'NONE', ( #971, #587, #379, #806, #1173 ) ) ;
#149 = CARTESIAN_POINT ( 'NONE',  ( 16.28786796564403971, 2.087867965644036872, 1.912132034355966903 ) ) ;
#150 = ADVANCED_FACE ( 'NONE', ( #1317 ), #347, .T. ) ;
#151 = DIRECTION ( 'NONE',  ( 1.000000000000000000, -0.000000000000000000, -1.613696256722611405E-16 ) ) ;
#152 = VERTEX_POINT ( 'NONE', #333 ) ;
#153 = CARTESIAN_POINT ( 'NONE',  ( -19.00000000000000355, -16.00000000000000355, 18.50000000000000355 ) ) ;
#154 = LINE ( 'NONE', #930, #234 ) ;
#155 = FACE_OUTER_BOUND ( 'NONE', #854, .T. ) ;
#156 = FACE_OUTER_BOUND ( 'NONE', #1060, .T. ) ;
#157 = VECTOR ( 'NONE', #733, 1000.000000000000000 ) ;
#158 = CARTESIAN_POINT ( 'NONE',  ( -16.28786796564403971, -2.087867965644034651, 1.912132034355965571 ) ) ;
#159 = AXIS2_PLACEMENT_3D ( 'NONE', #1449, #136, #1332 ) ;
#160 = VERTEX_POINT ( 'NONE', #567 ) ;
#161 = CARTESIAN_POINT ( 'NONE',  ( 17.00000000000000000, -17.00000000000000000, 12.49999999999999645 ) ) ;
#162 = TOROIDAL_SURFACE ( 'NONE', #796, 1.000000000000000000, 2.000000000000000000 ) ;
#163 = VECTOR ( 'NONE', #675, 1000.000000000000000 ) ;
#164 = DIRECTION ( 'NONE',  ( 0.000000000000000000, -1.000000000000000000, 0.000000000000000000 ) ) ;
#165 = ORIENTED_EDGE ( 'NONE', *, *, #34, .F. ) ;
#166 = LINE ( 'NONE', #900, #1522 ) ;
#167 = EDGE_CURVE ( 'NONE', #1459, #1563, #154, .T. ) ;
#168 = LINE ( 'NONE', #1237, #283 ) ;
#169 = VERTEX_POINT ( 'NONE', #92 ) ;
#170 = PLANE ( 'NONE',  #869 ) ;
#171 = CARTESIAN_POINT ( 'NONE',  ( 7.499999999999996447, -17.00000000000000000, 2.168404344971009262E-15 ) ) ;
#172 = ORIENTED_EDGE ( 'NONE', *, *, #54, .T. ) ;
#173 = CARTESIAN_POINT ( 'NONE',  ( 16.41213203435596668, -2.212132034355963395, 1.787867965644039048 ) ) ;
#174 = EDGE_CURVE ( 'NONE', #1546, #575, #830, .T. ) ;
#175 = ORIENTED_EDGE ( 'NONE', *, *, #1179, .T. ) ;
#176 = DIRECTION ( 'NONE',  ( 1.000000000000000000, 0.000000000000000000, 0.000000000000000000 ) ) ;
#177 = ADVANCED_FACE ( 'NONE', ( #1190 ), #1183, .T. ) ;
#178 = DIRECTION ( 'NONE',  ( 1.000000000000000000, -0.000000000000000000, 0.000000000000000000 ) ) ;
#179 = ORIENTED_EDGE ( 'NONE', *, *, #1268, .F. ) ;
#180 = DIRECTION ( 'NONE',  ( 1.000000000000000000, 0.000000000000000000, 0.000000000000000000 ) ) ;
#181 = ORIENTED_EDGE ( 'NONE', *, *, #1191, .T. ) ;
#182 = DIRECTION ( 'NONE',  ( 0.000000000000000000, -1.020425574104003506E-16, -1.000000000000000000 ) ) ;
#183 = CIRCLE ( 'NONE', #334, 9.250000000000001776 ) ;
#184 = ADVANCED_FACE ( 'NONE', ( #1066 ), #477, .T. ) ;
#185 = CARTESIAN_POINT ( 'NONE',  ( -17.19999999999999929, 2.449293598295088026E-17, 9.200000000000033040 ) ) ;
#186 = VECTOR ( 'NONE', #14, 1000.000000000000000 ) ;
#187 = VECTOR ( 'NONE', #862, 1000.000000000000000 ) ;
#188 = ORIENTED_EDGE ( 'NONE', *, *, #555, .F. ) ;
#189 = CARTESIAN_POINT ( 'NONE',  ( 17.00000000000000000, 19.00000000000000355, 3.227392513445224290E-16 ) ) ;
#190 = CIRCLE ( 'NONE', #824, 2.999999999999999112 ) ;
#191 = LOCAL_TIME ( 15, 46, 6.000000000000000000, #345 ) ;
#192 = VERTEX_POINT ( 'NONE', #354 ) ;
#193 = PLANE ( 'NONE',  #793 ) ;
#194 = FACE_OUTER_BOUND ( 'NONE', #430, .T. ) ;
#195 = CARTESIAN_POINT ( 'NONE',  ( -20.36666666666666003, -6.166666666666671404, 6.166666666666673180 ) ) ;
#196 = EDGE_CURVE ( 'NONE', #271, #355, #641, .T. ) ;
#197 = VERTEX_POINT ( 'NONE', #713 ) ;
#198 = CARTESIAN_POINT ( 'NONE',  ( 17.00000000000000355, 19.00000000000000711, 19.49999999999999645 ) ) ;
#199 = EDGE_CURVE ( 'NONE', #1116, #521, #593, .T. ) ;
#200 = PLANE ( 'NONE',  #471 ) ;
#201 = ORIENTED_EDGE ( 'NONE', *, *, #352, .T. ) ;
#202 = DIRECTION ( 'NONE',  ( 0.000000000000000000, 1.000000000000000000, -1.445602896647339163E-16 ) ) ;
#203 = ORIENTED_EDGE ( 'NONE', *, *, #1260, .T. ) ;
#204 = CARTESIAN_POINT ( 'NONE',  ( -19.00000000000000355, 16.00000000000000355, 18.50000000000000000 ) ) ;
#205 = LINE ( 'NONE', #1062, #239 ) ;
#206 = CC_DESIGN_PERSON_AND_ORGANIZATION_ASSIGNMENT ( #582, #107, ( #478 ) ) ;
#207 = CARTESIAN_POINT ( 'NONE',  ( 17.00000000000000000, -17.00000000000000000, 4.336808689942019314E-15 ) ) ;
#208 = DATE_TIME_ROLE ( 'creation_date' ) ;
#209 = ORIENTED_EDGE ( 'NONE', *, *, #99, .T. ) ;
#210 = FACE_BOUND ( 'NONE', #1290, .T. ) ;
#211 = CIRCLE ( 'NONE', #517, 8.250000000000000000 ) ;
#212 = ORIENTED_EDGE ( 'NONE', *, *, #838, .F. ) ;
#213 = CARTESIAN_POINT ( 'NONE',  ( -17.00000000000000000, -16.00000000000000355, 21.50000000000000000 ) ) ;
#214 = AXIS2_PLACEMENT_3D ( 'NONE', #298, #1008, #642 ) ;
#215 = DIRECTION ( 'NONE',  ( 4.336808689942013792E-16, -1.000000000000000000, 1.275531967630003273E-16 ) ) ;
#216 = EDGE_CURVE ( 'NONE', #469, #1085, #1076, .T. ) ;
#217 = PLANE ( 'NONE',  #1026 ) ;
#218 = DIRECTION ( 'NONE',  ( -0.7071067811865489050, -7.666467083416855899E-17, -0.7071067811865462405 ) ) ;
#219 = ORIENTED_EDGE ( 'NONE', *, *, #1133, .F. ) ;
#220 = DIRECTION ( 'NONE',  ( -1.000000000000000000, 0.000000000000000000, -0.000000000000000000 ) ) ;
#221 = ORIENTED_EDGE ( 'NONE', *, *, #1378, .F. ) ;
#222 = CARTESIAN_POINT ( 'NONE',  ( -21.93333333333332646, 7.733333333333342274, 7.733333333333346715 ) ) ;
#223 = DATE_AND_TIME ( #1560, #729 ) ;
#224 = VERTEX_POINT ( 'NONE', #722 ) ;
#225 = DIRECTION ( 'NONE',  ( 0.000000000000000000, 1.000000000000000000, 0.000000000000000000 ) ) ;
#226 = ORIENTED_EDGE ( 'NONE', *, *, #381, .T. ) ;
#227 = LINE ( 'NONE', #450, #1453 ) ;
#228 = CARTESIAN_POINT ( 'NONE',  ( 19.00000000000000355, 19.00000000000000355, 0.000000000000000000 ) ) ;
#229 = COORDINATED_UNIVERSAL_TIME_OFFSET ( 8, 0, .AHEAD. ) ;
#230 = ORIENTED_EDGE ( 'NONE', *, *, #546, .T. ) ;
#231 = DIRECTION ( 'NONE',  ( -0.000000000000000000, -1.020425574104004122E-16, -1.000000000000000000 ) ) ;
#232 = EDGE_CURVE ( 'NONE', #685, #712, #576, .T. ) ;
#233 = ORIENTED_EDGE ( 'NONE', *, *, #1088, .T. ) ;
#234 = VECTOR ( 'NONE', #202, 1000.000000000000000 ) ;
#235 = CIRCLE ( 'NONE', #564, 1.000000000000000888 ) ;
#236 = CIRCLE ( 'NONE', #846, 2.999999999999999112 ) ;
#237 = AXIS2_PLACEMENT_3D ( 'NONE', #357, #840, #728 ) ;
#238 = CYLINDRICAL_SURFACE ( 'NONE', #1397, 2.000000000000000000 ) ;
#239 = VECTOR ( 'NONE', #809, 1000.000000000000000 ) ;
#240 = PERSON_AND_ORGANIZATION_ROLE ( 'creator' ) ;
#241 = ORIENTED_EDGE ( 'NONE', *, *, #615, .T. ) ;
#242 = DIRECTION ( 'NONE',  ( 0.000000000000000000, 1.000000000000000000, 0.000000000000000000 ) ) ;
#243 = CARTESIAN_POINT ( 'NONE',  ( -17.00000000000000000, -16.00000000000000355, 19.50000000000000355 ) ) ;
#244 = ADVANCED_FACE ( 'NONE', ( #558 ), #1118, .T. ) ;
#245 = PLANE ( 'NONE',  #645 ) ;
#246 = EDGE_CURVE ( 'NONE', #913, #1495, #813, .T. ) ;
#247 = CARTESIAN_POINT ( 'NONE',  ( 17.00000000000000355, 16.00000000000000355, 21.50000000000000000 ) ) ;
#248 = ORIENTED_EDGE ( 'NONE', *, *, #1481, .T. ) ;
#249 = CARTESIAN_POINT ( 'NONE',  ( 17.19999999999999929, 17.19999999999999929, -2.193914984323609042E-15 ) ) ;
#250 = VERTEX_POINT ( 'NONE', #1054 ) ;
#251 = ORIENTED_EDGE ( 'NONE', *, *, #72, .F. ) ;
#252 = DIRECTION ( 'NONE',  ( 0.000000000000000000, 1.275531967630005245E-16, 1.000000000000000000 ) ) ;
#253 = ADVANCED_FACE ( 'NONE', ( #210, #448 ), #1529, .F. ) ;
#254 = LINE ( 'NONE', #602, #84 ) ;
#255 = APPROVAL ( #1198, '未指定' ) ;
#256 = VERTEX_POINT ( 'NONE', #1174 ) ;
#257 = LINE ( 'NONE', #1347, #1197 ) ;
#258 = EDGE_LOOP ( 'NONE', ( #1456, #129, #876, #1279 ) ) ;
#259 = LINE ( 'NONE', #29, #1476 ) ;
#260 = AXIS2_PLACEMENT_3D ( 'NONE', #1243, #888, #182 ) ;
#261 = CARTESIAN_POINT ( 'NONE',  ( 0.000000000000000000, 1.594414959537506138E-15, 12.49999999999999467 ) ) ;
#262 = EDGE_CURVE ( 'NONE', #570, #1116, #1059, .T. ) ;
#263 = AXIS2_PLACEMENT_3D ( 'NONE', #1040, #1516, #98 ) ;
#264 = ORIENTED_EDGE ( 'NONE', *, *, #1235, .T. ) ;
#265 = CARTESIAN_POINT ( 'NONE',  ( 17.00000000000000000, 16.99999999999999645, 19.49999999999999645 ) ) ;
#266 = ORIENTED_EDGE ( 'NONE', *, *, #17, .T. ) ;
#267 = CARTESIAN_POINT ( 'NONE',  ( 16.41213203435596668, 2.212132034355963395, 1.787867965644038826 ) ) ;
#268 = DIRECTION ( 'NONE',  ( -0.000000000000000000, -1.275531967630005245E-16, -1.000000000000000000 ) ) ;
#269 = ORIENTED_EDGE ( 'NONE', *, *, #1421, .F. ) ;
#270 = DIRECTION ( 'NONE',  ( -1.000000000000000000, -0.000000000000000000, -0.000000000000000000 ) ) ;
#271 = VERTEX_POINT ( 'NONE', #1092 ) ;
#272 = CARTESIAN_POINT ( 'NONE',  ( 0.000000000000000000, -17.19999999999999929, 4.200000000000002842 ) ) ;
#273 = PLANE ( 'NONE',  #895 ) ;
#274 = CARTESIAN_POINT ( 'NONE',  ( -16.28786796564403971, -2.087867965644034207, 2.087867965644035095 ) ) ;
#275 = ORIENTED_EDGE ( 'NONE', *, *, #1436, .T. ) ;
#276 = DIRECTION ( 'NONE',  ( 0.7071067811865462405, 0.000000000000000000, -0.7071067811865489050 ) ) ;
#277 = CARTESIAN_POINT ( 'NONE',  ( 19.00000000000000711, 19.00000000000000711, 19.49999999999999645 ) ) ;
#278 = ADVANCED_FACE ( 'NONE', ( #1460 ), #1098, .T. ) ;
#279 = ORIENTED_EDGE ( 'NONE', *, *, #577, .T. ) ;
#280 = DIRECTION ( 'NONE',  ( 0.000000000000000000, 0.000000000000000000, 1.000000000000000000 ) ) ;
#281 = AXIS2_PLACEMENT_3D ( 'NONE', #936, #231, #822 ) ;
#282 = LINE ( 'NONE', #1115, #495 ) ;
#283 = VECTOR ( 'NONE', #773, 1000.000000000000000 ) ;
#284 = ORIENTED_EDGE ( 'NONE', *, *, #518, .T. ) ;
#285 = DIRECTION ( 'NONE',  ( 0.000000000000000000, 0.000000000000000000, -1.000000000000000000 ) ) ;
#286 = CIRCLE ( 'NONE', #1296, 1.000000000000000888 ) ;
#287 = AXIS2_PLACEMENT_3D ( 'NONE', #503, #986, #880 ) ;
#288 = LINE ( 'NONE', #277, #1046 ) ;
#289 = EDGE_LOOP ( 'NONE', ( #1288, #1028, #181, #248 ) ) ;
#290 = DIRECTION ( 'NONE',  ( -1.000000000000000000, -0.000000000000000000, -0.000000000000000000 ) ) ;
#291 = CARTESIAN_POINT ( 'NONE',  ( -19.00000000000000355, 0.000000000000000000, 0.000000000000000000 ) ) ;
#292 = EDGE_CURVE ( 'NONE', #152, #1546, #361, .T. ) ;
#293 = EDGE_CURVE ( 'NONE', #52, #945, #689, .T. ) ;
#294 = ORIENTED_EDGE ( 'NONE', *, *, #308, .T. ) ;
#295 = LINE ( 'NONE', #1029, #594 ) ;
#296 = LINE ( 'NONE', #1160, #1345 ) ;
#297 = ORIENTED_EDGE ( 'NONE', *, *, #432, .T. ) ;
#298 = CARTESIAN_POINT ( 'NONE',  ( -17.00000000000000000, 16.00000000000000355, 19.49999999999999645 ) ) ;
#299 = EDGE_CURVE ( 'NONE', #406, #1388, #4, .T. ) ;
#300 = EDGE_LOOP ( 'NONE', ( #794, #744, #1329, #3 ) ) ;
#301 = DIRECTION ( 'NONE',  ( -0.000000000000000000, 1.000000000000000000, -1.275531967630005245E-16 ) ) ;
#302 = DIRECTION ( 'NONE',  ( 0.000000000000000000, -1.020425574104004122E-16, -1.000000000000000000 ) ) ;
#303 = ORIENTED_EDGE ( 'NONE', *, *, #501, .F. ) ;
#304 = LINE ( 'NONE', #553, #1398 ) ;
#305 = EDGE_LOOP ( 'NONE', ( #1544, #907, #1129, #1224 ) ) ;
#306 = VECTOR ( 'NONE', #706, 1000.000000000000000 ) ;
#307 = CARTESIAN_POINT ( 'NONE',  ( -17.19999999999999929, 2.999999999999999112, 3.000000000000002665 ) ) ;
#308 = EDGE_CURVE ( 'NONE', #458, #125, #605, .T. ) ;
#309 = AXIS2_PLACEMENT_3D ( 'NONE', #1555, #946, #1536 ) ;
#310 = VERTEX_POINT ( 'NONE', #27 ) ;
#311 = DIRECTION ( 'NONE',  ( 1.000000000000000000, -0.000000000000000000, 0.000000000000000000 ) ) ;
#312 = AXIS2_PLACEMENT_3D ( 'NONE', #116, #504, #1083 ) ;
#313 = ADVANCED_FACE ( 'NONE', ( #1200 ), #146, .F. ) ;
#314 = VECTOR ( 'NONE', #563, 1000.000000000000000 ) ;
#315 = ORIENTED_EDGE ( 'NONE', *, *, #344, .F. ) ;
#316 = CYLINDRICAL_SURFACE ( 'NONE', #723, 0.2999999999999999334 ) ;
#317 = CIRCLE ( 'NONE', #1027, 7.000000000000000000 ) ;
#318 = EDGE_LOOP ( 'NONE', ( #1510, #672, #221, #1283, #362 ) ) ;
#319 = CARTESIAN_POINT ( 'NONE',  ( 17.00000000000000355, 19.00000000000000355, 18.50000000000000000 ) ) ;
#320 = CC_DESIGN_DATE_AND_TIME_ASSIGNMENT ( #928, #1084, ( #88 ) ) ;
#321 = LINE ( 'NONE', #833, #66 ) ;
#322 = CARTESIAN_POINT ( 'NONE',  ( 16.41213203435596668, -2.212132034355963839, 2.212132034355966059 ) ) ;
#323 = ORIENTED_EDGE ( 'NONE', *, *, #12, .F. ) ;
#324 = DIRECTION ( 'NONE',  ( -0.000000000000000000, 0.000000000000000000, 1.000000000000000000 ) ) ;
#325 = ORIENTED_EDGE ( 'NONE', *, *, #1251, .T. ) ;
#326 = DIRECTION ( 'NONE',  ( 0.000000000000000000, -1.000000000000000000, 1.275531967630005245E-16 ) ) ;
#327 = EDGE_CURVE ( 'NONE', #738, #945, #819, .T. ) ;
#328 = DIRECTION ( 'NONE',  ( -1.646656929195653044E-32, 1.000000000000000000, -1.020425574104004122E-16 ) ) ;
#329 = CARTESIAN_POINT ( 'NONE',  ( -17.19999999999999929, -12.00000000000000000, 9.200000000000033040 ) ) ;
#330 = CARTESIAN_POINT ( 'NONE',  ( 0.000000000000000000, -10.00000000000000178, 12.49999999999999645 ) ) ;
#331 = PERSON_AND_ORGANIZATION_ROLE ( 'creator' ) ;
#332 = ORIENTED_EDGE ( 'NONE', *, *, #703, .F. ) ;
#333 = CARTESIAN_POINT ( 'NONE',  ( -17.19999999999999929, 17.19999999999999929, -2.193914984323609042E-15 ) ) ;
#334 = AXIS2_PLACEMENT_3D ( 'NONE', #1269, #884, #426 ) ;
#335 =( BOUNDED_CURVE ( )  B_SPLINE_CURVE ( 3, ( #1009, #158, #274, #1132 ),
 .UNSPECIFIED., .F., .T. ) 
 B_SPLINE_CURVE_WITH_KNOTS ( ( 4, 4 ),
 ( 5.497787143782141506, 7.068583470577022076 ),
 .UNSPECIFIED. ) 
 CURVE ( )  GEOMETRIC_REPRESENTATION_ITEM ( )  RATIONAL_B_SPLINE_CURVE ( ( 1.000000000000000000, 0.8047378541243688232, 0.8047378541243688232, 1.000000000000000000 ) ) 
 REPRESENTATION_ITEM ( '' )  );
#336 = AXIS2_PLACEMENT_3D ( 'NONE', #646, #1125, #44 ) ;
#337 = ORIENTED_EDGE ( 'NONE', *, *, #1348, .T. ) ;
#338 = DIRECTION ( 'NONE',  ( -1.000000000000000000, -0.000000000000000000, -0.000000000000000000 ) ) ;
#339 = VECTOR ( 'NONE', #1415, 1000.000000000000000 ) ;
#340 = EDGE_CURVE ( 'NONE', #224, #802, #513, .T. ) ;
#341 = VERTEX_POINT ( 'NONE', #1339 ) ;
#342 = AXIS2_PLACEMENT_3D ( 'NONE', #1221, #151, #398 ) ;
#343 = DIRECTION ( 'NONE',  ( 1.807003620809167175E-17, 1.000000000000000000, -9.035018104045871927E-17 ) ) ;
#344 = EDGE_CURVE ( 'NONE', #1058, #1271, #540, .T. ) ;
#345 = COORDINATED_UNIVERSAL_TIME_OFFSET ( 8, 0, .AHEAD. ) ;
#346 = EDGE_LOOP ( 'NONE', ( #785, #502, #861, #325 ) ) ;
#347 = CYLINDRICAL_SURFACE ( 'NONE', #1195, 0.2999999999999999334 ) ;
#348 = ORIENTED_EDGE ( 'NONE', *, *, #597, .F. ) ;
#349 = CARTESIAN_POINT ( 'NONE',  ( -17.00000000000000000, -16.00000000000000355, 18.50000000000000355 ) ) ;
#350 = CARTESIAN_POINT ( 'NONE',  ( -27.00000000000000355, -6.123233995736766282E-16, 4.000000000000000000 ) ) ;
#351 = LINE ( 'NONE', #574, #390 ) ;
#352 = EDGE_CURVE ( 'NONE', #1563, #455, #257, .T. ) ;
#353 = ORIENTED_EDGE ( 'NONE', *, *, #857, .T. ) ;
#354 = CARTESIAN_POINT ( 'NONE',  ( -9.250000000000001776, 8.266706169801002026E-16, 19.49999999999999645 ) ) ;
#355 = VERTEX_POINT ( 'NONE', #843 ) ;
#356 = DIRECTION ( 'NONE',  ( 0.000000000000000000, 0.000000000000000000, -1.000000000000000000 ) ) ;
#357 = CARTESIAN_POINT ( 'NONE',  ( 17.19999999999999929, -3.000000000000000000, 1.000000000000002442 ) ) ;
#358 = CARTESIAN_POINT ( 'NONE',  ( 0.000000000000000000, -3.061276722312016928E-16, 20.49999999999999645 ) ) ;
#359 = EDGE_CURVE ( 'NONE', #341, #931, #211, .T. ) ;
#360 = ORIENTED_EDGE ( 'NONE', *, *, #661, .T. ) ;
#361 = LINE ( 'NONE', #249, #1372 ) ;
#362 = ORIENTED_EDGE ( 'NONE', *, *, #359, .T. ) ;
#363 = AXIS2_PLACEMENT_3D ( 'NONE', #745, #877, #1233 ) ;
#364 = EDGE_CURVE ( 'NONE', #56, #100, #1467, .T. ) ;
#365 = AXIS2_PLACEMENT_3D ( 'NONE', #500, #1326, #739 ) ;
#366 = CARTESIAN_POINT ( 'NONE',  ( -19.00000000000000355, -12.00000000000000000, 0.000000000000000000 ) ) ;
#367 = DIRECTION ( 'NONE',  ( -1.613696256722611405E-16, 0.000000000000000000, -1.000000000000000000 ) ) ;
#368 = VECTOR ( 'NONE', #1080, 1000.000000000000114 ) ;
#369 = APPROVAL_PERSON_ORGANIZATION ( #962, #1163, #1433 ) ;
#370 = LINE ( 'NONE', #731, #1246 ) ;
#371 = ORIENTED_EDGE ( 'NONE', *, *, #1409, .T. ) ;
#372 = DIRECTION ( 'NONE',  ( 0.000000000000000000, -0.000000000000000000, -1.000000000000000000 ) ) ;
#373 = ORIENTED_EDGE ( 'NONE', *, *, #577, .F. ) ;
#374 = APPLICATION_CONTEXT ( 'configuration controlled 3d designs of mechanical parts and assemblies' ) ;
#375 = CARTESIAN_POINT ( 'NONE',  ( 16.28786796564403971, 2.087867965644036428, 2.087867965644036872 ) ) ;
#376 = LINE ( 'NONE', #1337, #771 ) ;
#377 = ORIENTED_EDGE ( 'NONE', *, *, #359, .F. ) ;
#378 = CARTESIAN_POINT ( 'NONE',  ( 17.19999999999999929, 2.999999999999999112, 3.000000000000002665 ) ) ;
#379 = ORIENTED_EDGE ( 'NONE', *, *, #938, .T. ) ;
#380 = CARTESIAN_POINT ( 'NONE',  ( -17.00000000000000000, -19.00000000000000355, 18.50000000000000355 ) ) ;
#381 = EDGE_CURVE ( 'NONE', #100, #1271, #982, .T. ) ;
#382 = FACE_OUTER_BOUND ( 'NONE', #1203, .T. ) ;
#383 = ORIENTED_EDGE ( 'NONE', *, *, #674, .F. ) ;
#384 = DIRECTION ( 'NONE',  ( -0.000000000000000000, 1.000000000000000000, -0.000000000000000000 ) ) ;
#385 = ORIENTED_EDGE ( 'NONE', *, *, #1253, .F. ) ;
#386 = DIRECTION ( 'NONE',  ( 0.000000000000000000, -0.000000000000000000, 1.000000000000000000 ) ) ;
#387 = VECTOR ( 'NONE', #912, 1000.000000000000000 ) ;
#388 = VECTOR ( 'NONE', #176, 1000.000000000000000 ) ;
#389 = CARTESIAN_POINT ( 'NONE',  ( -17.19999999999999929, 0.000000000000000000, 12.49999999999999467 ) ) ;
#390 = VECTOR ( 'NONE', #583, 1000.000000000000000 ) ;
#391 = ORIENTED_EDGE ( 'NONE', *, *, #1179, .F. ) ;
#392 = CARTESIAN_POINT ( 'NONE',  ( 17.00000000000000711, -16.00000000000000355, 19.50000000000000000 ) ) ;
#393 = ADVANCED_FACE ( 'NONE', ( #964 ), #989, .T. ) ;
#394 = VECTOR ( 'NONE', #1206, 1000.000000000000000 ) ;
#395 = VERTEX_POINT ( 'NONE', #378 ) ;
#396 = DIRECTION ( 'NONE',  ( -1.000000000000000000, 0.000000000000000000, 0.000000000000000000 ) ) ;
#397 = FACE_OUTER_BOUND ( 'NONE', #1385, .T. ) ;
#398 = DIRECTION ( 'NONE',  ( 0.000000000000000000, 0.000000000000000000, 1.000000000000000000 ) ) ;
#399 = CARTESIAN_POINT ( 'NONE',  ( -17.00000000000000000, -10.00000000000000178, 19.49999999999999645 ) ) ;
#400 = ORIENTED_EDGE ( 'NONE', *, *, #674, .T. ) ;
#401 = DIRECTION ( 'NONE',  ( 0.000000000000000000, 0.000000000000000000, 1.000000000000000000 ) ) ;
#402 = EDGE_CURVE ( 'NONE', #931, #310, #1226, .T. ) ;
#403 = CARTESIAN_POINT ( 'NONE',  ( -17.00000000000000000, 17.00000000000000000, 12.49999999999999289 ) ) ;
#404 = DIRECTION ( 'NONE',  ( 0.000000000000000000, 0.000000000000000000, 1.000000000000000000 ) ) ;
#405 = DIRECTION ( 'NONE',  ( 0.000000000000000000, -1.000000000000000000, 1.445602896647339163E-16 ) ) ;
#406 = VERTEX_POINT ( 'NONE', #139 ) ;
#407 = CARTESIAN_POINT ( 'NONE',  ( 16.41213203435596668, 2.212132034355963395, 1.787867965644038826 ) ) ;
#408 = ADVANCED_FACE ( 'NONE', ( #617 ), #1217, .T. ) ;
#409 = PLANE ( 'NONE',  #1071 ) ;
#410 = ORIENTED_EDGE ( 'NONE', *, *, #1088, .F. ) ;
#411 = DIRECTION ( 'NONE',  ( -1.000000000000000000, 0.000000000000000000, 0.000000000000000000 ) ) ;
#412 = CARTESIAN_POINT ( 'NONE',  ( 9.250000000000001776, -3.061276722312016928E-16, 20.49999999999999645 ) ) ;
#413 = EDGE_CURVE ( 'NONE', #1407, #56, #59, .T. ) ;
#414 = VECTOR ( 'NONE', #1231, 1000.000000000000000 ) ;
#415 = EDGE_LOOP ( 'NONE', ( #70, #505, #782, #538 ) ) ;
#416 = DIRECTION ( 'NONE',  ( 1.000000000000000000, 0.000000000000000000, -0.000000000000000000 ) ) ;
#417 = VECTOR ( 'NONE', #343, 1000.000000000000000 ) ;
#418 = CIRCLE ( 'NONE', #1300, 1.000000000000000888 ) ;
#419 = CARTESIAN_POINT ( 'NONE',  ( -17.19999999999999929, -17.19999999999999929, 2.193914984323609042E-15 ) ) ;
#420 = VERTEX_POINT ( 'NONE', #407 ) ;
#421 = DIRECTION ( 'NONE',  ( -1.000000000000000000, 0.000000000000000000, 0.000000000000000000 ) ) ;
#422 = CARTESIAN_POINT ( 'NONE',  ( 0.000000000000000000, -3.061276722312016928E-16, 20.49999999999999645 ) ) ;
#423 = EDGE_CURVE ( 'NONE', #1404, #420, #1135, .T. ) ;
#424 = ORIENTED_EDGE ( 'NONE', *, *, #246, .T. ) ;
#425 = CARTESIAN_POINT ( 'NONE',  ( 1.071565949253934124E-15, -8.250000000000000000, 20.49999999999999645 ) ) ;
#426 = DIRECTION ( 'NONE',  ( 0.000000000000000000, 1.000000000000000000, 0.000000000000000000 ) ) ;
#427 = EDGE_LOOP ( 'NONE', ( #732, #635, #628, #724 ) ) ;
#428 = DIRECTION ( 'NONE',  ( 0.000000000000000000, 1.000000000000000000, -1.445602896647339163E-16 ) ) ;
#429 = ADVANCED_FACE ( 'NONE', ( #1034 ), #765, .T. ) ;
#430 = EDGE_LOOP ( 'NONE', ( #264, #747, #657, #842 ) ) ;
#431 = CARTESIAN_POINT ( 'NONE',  ( -16.41213203435596668, 2.212132034355962951, 1.787867965644038604 ) ) ;
#432 = EDGE_CURVE ( 'NONE', #1390, #479, #1320, .T. ) ;
#433 = CARTESIAN_POINT ( 'NONE',  ( -17.19999999999999929, -2.999999999999999112, 12.49999999999999289 ) ) ;
#434 = ORIENTED_EDGE ( 'NONE', *, *, #615, .F. ) ;
#435 = DIRECTION ( 'NONE',  ( 0.000000000000000000, -1.275531967630005245E-16, -1.000000000000000000 ) ) ;
#436 = VECTOR ( 'NONE', #220, 1000.000000000000000 ) ;
#437 = CARTESIAN_POINT ( 'NONE',  ( -17.19999999999999929, 17.19999999999999929, 12.49999999999999289 ) ) ;
#438 = AXIS2_PLACEMENT_3D ( 'NONE', #358, #960, #10 ) ;
#439 = CC_DESIGN_PERSON_AND_ORGANIZATION_ASSIGNMENT ( #475, #1553, ( #88 ) ) ;
#440 = DIRECTION ( 'NONE',  ( -1.807003620809166867E-17, 1.000000000000000000, -9.035018104045869462E-17 ) ) ;
#441 = VECTOR ( 'NONE', #630, 1000.000000000000000 ) ;
#442 = VECTOR ( 'NONE', #600, 1000.000000000000000 ) ;
#443 = ORIENTED_EDGE ( 'NONE', *, *, #703, .T. ) ;
#444 = CARTESIAN_POINT ( 'NONE',  ( 0.000000000000000000, -3.061276722312016928E-16, 20.49999999999999645 ) ) ;
#445 = CARTESIAN_POINT ( 'NONE',  ( -19.00000000000000355, -16.00000000000000355, 19.50000000000000000 ) ) ;
#446 = ADVANCED_FACE ( 'NONE', ( #1490 ), #1025, .T. ) ;
#447 = ORIENTED_EDGE ( 'NONE', *, *, #1114, .F. ) ;
#448 = FACE_OUTER_BOUND ( 'NONE', #904, .T. ) ;
#449 = ORIENTED_EDGE ( 'NONE', *, *, #413, .T. ) ;
#450 = CARTESIAN_POINT ( 'NONE',  ( -17.19999999999999929, 17.19999999999999929, 0.9999999999999991118 ) ) ;
#451 =( BOUNDED_CURVE ( )  B_SPLINE_CURVE ( 3, ( #322, #1286, #1359, #173 ),
 .UNSPECIFIED., .F., .T. ) 
 B_SPLINE_CURVE_WITH_KNOTS ( ( 4, 4 ),
 ( 5.497787143782143282, 7.068583470577027406 ),
 .UNSPECIFIED. ) 
 CURVE ( )  GEOMETRIC_REPRESENTATION_ITEM ( )  RATIONAL_B_SPLINE_CURVE ( ( 1.000000000000000000, 0.8047378541243679351, 0.8047378541243679351, 1.000000000000000000 ) ) 
 REPRESENTATION_ITEM ( '' )  );
#452 = CARTESIAN_POINT ( 'NONE',  ( -16.41213203435596668, -2.212132034355960286, 2.212132034355962951 ) ) ;
#453 = APPLICATION_PROTOCOL_DEFINITION ( 'international standard', 'config_control_design', 1994, #1389 ) ;
#454 = DIRECTION ( 'NONE',  ( -0.000000000000000000, 0.000000000000000000, 1.000000000000000000 ) ) ;
#455 = VERTEX_POINT ( 'NONE', #897 ) ;
#456 = DIRECTION ( 'NONE',  ( 1.613696256722611405E-16, 0.000000000000000000, 1.000000000000000000 ) ) ;
#457 = EDGE_CURVE ( 'NONE', #250, #1546, #1143, .T. ) ;
#458 = VERTEX_POINT ( 'NONE', #758 ) ;
#459 = DIRECTION ( 'NONE',  ( -0.000000000000000000, -0.000000000000000000, -1.000000000000000000 ) ) ;
#460 = ADVANCED_FACE ( 'NONE', ( #1255 ), #1371, .F. ) ;
#461 = ORIENTED_EDGE ( 'NONE', *, *, #1392, .T. ) ;
#462 = ADVANCED_BREP_SHAPE_REPRESENTATION ( '摄像头盖子卡扣版', ( #1362, #1275 ), #1149 ) ;
#463 = CARTESIAN_POINT ( 'NONE',  ( -17.19999999999999929, 0.000000000000000000, 9.200000000000033040 ) ) ;
#464 = COORDINATED_UNIVERSAL_TIME_OFFSET ( 8, 0, .AHEAD. ) ;
#465 = VERTEX_POINT ( 'NONE', #425 ) ;
#466 = CARTESIAN_POINT ( 'NONE',  ( -17.00000000000000000, 16.99999999999999645, 19.49999999999999645 ) ) ;
#467 = VECTOR ( 'NONE', #178, 1000.000000000000000 ) ;
#468 = AXIS2_PLACEMENT_3D ( 'NONE', #1262, #1386, #1239 ) ;
#469 = VERTEX_POINT ( 'NONE', #911 ) ;
#470 = FACE_OUTER_BOUND ( 'NONE', #616, .T. ) ;
#471 = AXIS2_PLACEMENT_3D ( 'NONE', #683, #1406, #1188 ) ;
#472 = ADVANCED_FACE ( 'NONE', ( #1005 ), #660, .T. ) ;
#473 = CARTESIAN_POINT ( 'NONE',  ( 17.00000000000000355, 10.00000000000000178, 19.49999999999999645 ) ) ;
#474 = LINE ( 'NONE', #590, #314 ) ;
#475 = PERSON_AND_ORGANIZATION ( #750, #1051 ) ;
#476 = ORIENTED_EDGE ( 'NONE', *, *, #976, .F. ) ;
#477 = PLANE ( 'NONE',  #515 ) ;
#478 = PRODUCT ( '摄像头盖子卡扣版', '摄像头盖子卡扣版', '', ( #817 ) ) ;
#479 = VERTEX_POINT ( 'NONE', #1151 ) ;
#480 = DIRECTION ( 'NONE',  ( -1.000000000000000000, 0.000000000000000000, 0.000000000000000000 ) ) ;
#481 = EDGE_CURVE ( 'NONE', #1271, #1468, #1349, .T. ) ;
#482 = PERSON_AND_ORGANIZATION ( #750, #1051 ) ;
#483 = ORIENTED_EDGE ( 'NONE', *, *, #601, .F. ) ;
#484 = DIRECTION ( 'NONE',  ( 0.000000000000000000, 1.000000000000000000, 0.000000000000000000 ) ) ;
#485 = ADVANCED_FACE ( 'NONE', ( #883 ), #170, .T. ) ;
#486 = ORIENTED_EDGE ( 'NONE', *, *, #1169, .F. ) ;
#487 = CARTESIAN_POINT ( 'NONE',  ( -17.19999999999999929, 17.19999999999999929, 12.49999999999999289 ) ) ;
#488 =( LENGTH_UNIT ( ) NAMED_UNIT ( * ) SI_UNIT ( .MILLI., .METRE. ) );
#489 = LINE ( 'NONE', #1465, #519 ) ;
#490 = ORIENTED_EDGE ( 'NONE', *, *, #246, .F. ) ;
#491 = DIRECTION ( 'NONE',  ( 0.7071067811865489050, -0.7071067811865462405, 0.000000000000000000 ) ) ;
#492 = PRODUCT_DEFINITION ( '未知', '', #1455, #1045 ) ;
#493 = ORIENTED_EDGE ( 'NONE', *, *, #199, .F. ) ;
#494 = VECTOR ( 'NONE', #270, 1000.000000000000000 ) ;
#495 = VECTOR ( 'NONE', #1003, 1000.000000000000000 ) ;
#496 = DIRECTION ( 'NONE',  ( 0.000000000000000000, -1.000000000000000000, 0.000000000000000000 ) ) ;
#497 = VECTOR ( 'NONE', #1401, 1000.000000000000000 ) ;
#498 = CARTESIAN_POINT ( 'NONE',  ( 17.19999999999999929, 3.000000000000000000, 1.000000000000001776 ) ) ;
#499 = ORIENTED_EDGE ( 'NONE', *, *, #1412, .T. ) ;
#500 = CARTESIAN_POINT ( 'NONE',  ( -17.00000000000000000, -17.00000000000000000, 0.000000000000000000 ) ) ;
#501 = EDGE_CURVE ( 'NONE', #1459, #197, #905, .T. ) ;
#502 = ORIENTED_EDGE ( 'NONE', *, *, #1018, .T. ) ;
#503 = CARTESIAN_POINT ( 'NONE',  ( -7.500000000000001776, -17.00000000000000000, 4.200000000000002842 ) ) ;
#504 = DIRECTION ( 'NONE',  ( 0.000000000000000000, -1.000000000000000000, 1.224646799147352961E-16 ) ) ;
#505 = ORIENTED_EDGE ( 'NONE', *, *, #54, .F. ) ;
#506 = DIRECTION ( 'NONE',  ( 0.000000000000000000, -1.000000000000000000, 1.275531967630005245E-16 ) ) ;
#507 = ORIENTED_EDGE ( 'NONE', *, *, #147, .F. ) ;
#508 = EDGE_CURVE ( 'NONE', #1363, #814, #655, .T. ) ;
#509 = DIRECTION ( 'NONE',  ( 1.000000000000000000, 0.000000000000000000, 0.000000000000000000 ) ) ;
#510 = CARTESIAN_POINT ( 'NONE',  ( -16.41213203435596668, 2.212132034355962951, 2.212132034355966503 ) ) ;
#511 = LINE ( 'NONE', #228, #414 ) ;
#512 = ORIENTED_EDGE ( 'NONE', *, *, #878, .T. ) ;
#513 = LINE ( 'NONE', #860, #9 ) ;
#514 = VERTEX_POINT ( 'NONE', #648 ) ;
#515 = AXIS2_PLACEMENT_3D ( 'NONE', #75, #684, #1282 ) ;
#516 = DIRECTION ( 'NONE',  ( 0.000000000000000000, -0.000000000000000000, -1.000000000000000000 ) ) ;
#517 = AXIS2_PLACEMENT_3D ( 'NONE', #1562, #1334, #484 ) ;
#518 = EDGE_CURVE ( 'NONE', #1376, #812, #1127, .T. ) ;
#519 = VECTOR ( 'NONE', #144, 1000.000000000000000 ) ;
#520 = DIRECTION ( 'NONE',  ( -0.000000000000000000, 1.445602896647339163E-16, 1.000000000000000000 ) ) ;
#521 = VERTEX_POINT ( 'NONE', #530 ) ;
#522 = DIRECTION ( 'NONE',  ( 0.000000000000000000, 1.000000000000000000, -1.020425574104004122E-16 ) ) ;
#523 = VECTOR ( 'NONE', #959, 1000.000000000000000 ) ;
#524 = LINE ( 'NONE', #1393, #891 ) ;
#525 = DIRECTION ( 'NONE',  ( 0.000000000000000000, -0.000000000000000000, -1.000000000000000000 ) ) ;
#526 = DIRECTION ( 'NONE',  ( 1.000000000000000000, 4.336808689942013792E-16, -5.531738121516642073E-32 ) ) ;
#527 = LINE ( 'NONE', #881, #894 ) ;
#528 = EDGE_CURVE ( 'NONE', #455, #949, #295, .T. ) ;
#529 = EDGE_LOOP ( 'NONE', ( #910, #1310, #1416, #753 ) ) ;
#530 = CARTESIAN_POINT ( 'NONE',  ( 17.19999999999999929, -3.000000000000000888, 3.000000000000003553 ) ) ;
#531 = ADVANCED_FACE ( 'NONE', ( #1267 ), #193, .F. ) ;
#532 = LINE ( 'NONE', #1245, #467 ) ;
#533 = EDGE_LOOP ( 'NONE', ( #102, #353, #1264, #768 ) ) ;
#534 = DIRECTION ( 'NONE',  ( 0.000000000000000000, 1.000000000000000000, 0.000000000000000000 ) ) ;
#535 = VERTEX_POINT ( 'NONE', #307 ) ;
#536 = ADVANCED_FACE ( 'NONE', ( #795 ), #238, .T. ) ;
#537 = CARTESIAN_POINT ( 'NONE',  ( -17.00000000000000000, -10.00000000000000178, 19.49999999999999645 ) ) ;
#538 = ORIENTED_EDGE ( 'NONE', *, *, #855, .F. ) ;
#539 = DIRECTION ( 'NONE',  ( -4.336808689942013792E-16, 1.000000000000000000, 0.000000000000000000 ) ) ;
#540 = CIRCLE ( 'NONE', #943, 2.000000000000001776 ) ;
#541 = ORIENTED_EDGE ( 'NONE', *, *, #1402, .F. ) ;
#542 = DIRECTION ( 'NONE',  ( 0.7071067811865489050, 5.110978055611238499E-17, 0.7071067811865462405 ) ) ;
#543 = AXIS2_PLACEMENT_3D ( 'NONE', #1341, #252, #991 ) ;
#544 = CIRCLE ( 'NONE', #342, 1.000000000000000888 ) ;
#545 = CARTESIAN_POINT ( 'NONE',  ( -19.00000000000000355, -17.00000000000000000, 4.336808689942018525E-15 ) ) ;
#546 = EDGE_CURVE ( 'NONE', #224, #584, #511, .T. ) ;
#547 = ORIENTED_EDGE ( 'NONE', *, *, #1293, .T. ) ;
#548 = DIRECTION ( 'NONE',  ( 0.5773502691896243988, -0.5773502691896265082, -0.5773502691896263972 ) ) ;
#549 = ORIENTED_EDGE ( 'NONE', *, *, #216, .T. ) ;
#550 = DIRECTION ( 'NONE',  ( -0.000000000000000000, -0.000000000000000000, -1.000000000000000000 ) ) ;
#551 = CARTESIAN_POINT ( 'NONE',  ( -17.00000000000000000, 19.00000000000000355, 0.000000000000000000 ) ) ;
#552 = ORIENTED_EDGE ( 'NONE', *, *, #1093, .F. ) ;
#553 = CARTESIAN_POINT ( 'NONE',  ( 17.19999999999999929, -3.000000000000000000, 1.000000000000002442 ) ) ;
#554 = FACE_OUTER_BOUND ( 'NONE', #289, .T. ) ;
#555 = EDGE_CURVE ( 'NONE', #1155, #13, #1471, .T. ) ;
#556 = ORIENTED_EDGE ( 'NONE', *, *, #481, .T. ) ;
#557 = DIRECTION ( 'NONE',  ( -1.000000000000000000, 0.000000000000000000, 0.000000000000000000 ) ) ;
#558 = FACE_OUTER_BOUND ( 'NONE', #1111, .T. ) ;
#559 = EDGE_LOOP ( 'NONE', ( #201, #1161, #410, #1182 ) ) ;
#560 = CARTESIAN_POINT ( 'NONE',  ( -19.00000000000000355, -19.00000000000000355, 0.000000000000000000 ) ) ;
#561 = EDGE_CURVE ( 'NONE', #931, #271, #235, .T. ) ;
#562 = VECTOR ( 'NONE', #679, 1000.000000000000000 ) ;
#563 = DIRECTION ( 'NONE',  ( 0.000000000000000000, 0.000000000000000000, -1.000000000000000000 ) ) ;
#564 = AXIS2_PLACEMENT_3D ( 'NONE', #128, #1313, #1441 ) ;
#565 = APPROVAL_DATE_TIME ( #1543, #609 ) ;
#566 = ORIENTED_EDGE ( 'NONE', *, *, #1484, .T. ) ;
#567 = CARTESIAN_POINT ( 'NONE',  ( -17.19999999999999929, -2.999999999999999112, 3.000000000000002665 ) ) ;
#568 = AXIS2_PLACEMENT_3D ( 'NONE', #89, #1307, #1050 ) ;
#569 = VECTOR ( 'NONE', #1312, 1000.000000000000000 ) ;
#570 = VERTEX_POINT ( 'NONE', #498 ) ;
#571 = LINE ( 'NONE', #1284, #1352 ) ;
#572 = EDGE_CURVE ( 'NONE', #812, #250, #489, .T. ) ;
#573 = CARTESIAN_POINT ( 'NONE',  ( 0.000000000000000000, 0.000000000000000000, 0.000000000000000000 ) ) ;
#574 = CARTESIAN_POINT ( 'NONE',  ( -13.36666666666667425, -0.8333333333333409199, 4.833333333333341919 ) ) ;
#575 = VERTEX_POINT ( 'NONE', #980 ) ;
#576 = LINE ( 'NONE', #466, #915 ) ;
#577 = EDGE_CURVE ( 'NONE', #640, #256, #370, .T. ) ;
#578 = ORIENTED_EDGE ( 'NONE', *, *, #546, .F. ) ;
#579 = CARTESIAN_POINT ( 'NONE',  ( -17.19999999999999929, -17.19999999999999929, 12.49999999999999645 ) ) ;
#580 = DIRECTION ( 'NONE',  ( 0.5773502691896243988, 0.5773502691896263972, -0.5773502691896265082 ) ) ;
#581 = LINE ( 'NONE', #1063, #62 ) ;
#582 = PERSON_AND_ORGANIZATION ( #750, #1051 ) ;
#583 = DIRECTION ( 'NONE',  ( -0.5773502691896242878, 0.5773502691896265082, -0.5773502691896265082 ) ) ;
#584 = VERTEX_POINT ( 'NONE', #1208 ) ;
#585 = CARTESIAN_POINT ( 'NONE',  ( -17.00000000000000000, -10.00000000000000178, 12.49999999999999645 ) ) ;
#586 = ADVANCED_FACE ( 'NONE', ( #1458 ), #35, .T. ) ;
#587 = ORIENTED_EDGE ( 'NONE', *, *, #1299, .T. ) ;
#588 = CARTESIAN_POINT ( 'NONE',  ( 0.000000000000000000, -3.061276722312016928E-16, 20.49999999999999645 ) ) ;
#589 = LINE ( 'NONE', #1167, #1399 ) ;
#590 = CARTESIAN_POINT ( 'NONE',  ( -17.00000000000000000, -19.00000000000000355, 0.000000000000000000 ) ) ;
#591 = APPROVAL_DATE_TIME ( #1314, #1163 ) ;
#592 = ORIENTED_EDGE ( 'NONE', *, *, #601, .T. ) ;
#593 = LINE ( 'NONE', #1545, #719 ) ;
#594 = VECTOR ( 'NONE', #1505, 1000.000000000000000 ) ;
#595 = EDGE_LOOP ( 'NONE', ( #1420, #1013 ) ) ;
#596 = CARTESIAN_POINT ( 'NONE',  ( 17.19999999999999929, 3.000000000000000000, 1.000000000000001776 ) ) ;
#597 = EDGE_CURVE ( 'NONE', #705, #100, #114, .T. ) ;
#598 = VECTOR ( 'NONE', #870, 1000.000000000000000 ) ;
#599 = TOROIDAL_SURFACE ( 'NONE', #798, 1.000000000000000000, 2.000000000000000000 ) ;
#600 = DIRECTION ( 'NONE',  ( 1.000000000000000000, -0.000000000000000000, 0.000000000000000000 ) ) ;
#601 = EDGE_CURVE ( 'NONE', #256, #1228, #254, .T. ) ;
#602 = CARTESIAN_POINT ( 'NONE',  ( -19.00000000000000355, -19.00000000000000355, 0.000000000000000000 ) ) ;
#603 = PERSON_AND_ORGANIZATION_ROLE ( 'design_supplier' ) ;
#604 = VERTEX_POINT ( 'NONE', #247 ) ;
#605 = LINE ( 'NONE', #634, #494 ) ;
#606 = EDGE_LOOP ( 'NONE', ( #323, #424, #1437, #1515 ) ) ;
#607 = CARTESIAN_POINT ( 'NONE',  ( 17.00000000000000000, 38.59282288168918029, 0.000000000000000000 ) ) ;
#608 = DIRECTION ( 'NONE',  ( -1.000000000000000000, 0.000000000000000000, 1.613696256722612145E-16 ) ) ;
#609 = APPROVAL ( #828, '未指定' ) ;
#610 = ORIENTED_EDGE ( 'NONE', *, *, #1268, .T. ) ;
#611 = CARTESIAN_POINT ( 'NONE',  ( -19.00000000000000355, 17.00000000000000000, 0.000000000000000000 ) ) ;
#612 = ORIENTED_EDGE ( 'NONE', *, *, #1235, .F. ) ;
#613 = CARTESIAN_POINT ( 'NONE',  ( 17.00000000000000711, 17.00000000000000000, 18.50000000000000000 ) ) ;
#614 = DIRECTION ( 'NONE',  ( 0.7071067811865489050, 0.7071067811865462405, -0.000000000000000000 ) ) ;
#615 = EDGE_CURVE ( 'NONE', #949, #1033, #1222, .T. ) ;
#616 = EDGE_LOOP ( 'NONE', ( #1428, #887, #315, #1461 ) ) ;
#617 = FACE_OUTER_BOUND ( 'NONE', #300, .T. ) ;
#618 = ORIENTED_EDGE ( 'NONE', *, *, #687, .T. ) ;
#619 = AXIS2_PLACEMENT_3D ( 'NONE', #804, #1164, #456 ) ;
#620 = VECTOR ( 'NONE', #1391, 1000.000000000000000 ) ;
#621 = CARTESIAN_POINT ( 'NONE',  ( -19.00000000000000355, -19.00000000000000355, 18.50000000000000355 ) ) ;
#622 = CIRCLE ( 'NONE', #1500, 2.000000000000001776 ) ;
#623 = AXIS2_PLACEMENT_3D ( 'NONE', #103, #1547, #1521 ) ;
#624 = DIRECTION ( 'NONE',  ( 0.000000000000000000, 1.275531967630004999E-16, 1.000000000000000000 ) ) ;
#625 = ADVANCED_FACE ( 'NONE', ( #841, #19 ), #1214, .F. ) ;
#626 = VERTEX_POINT ( 'NONE', #1323 ) ;
#627 = CARTESIAN_POINT ( 'NONE',  ( -17.00000000000000000, 17.00000000000000000, 0.000000000000000000 ) ) ;
#628 = ORIENTED_EDGE ( 'NONE', *, *, #961, .F. ) ;
#629 = ADVANCED_FACE ( 'NONE', ( #382 ), #25, .T. ) ;
#630 = DIRECTION ( 'NONE',  ( -0.000000000000000000, -1.000000000000000000, 1.275531967630005245E-16 ) ) ;
#631 = CARTESIAN_POINT ( 'NONE',  ( 17.00000000000000000, 10.00000000000000178, 19.49999999999999645 ) ) ;
#632 = DIRECTION ( 'NONE',  ( 0.7071067811865515695, 0.000000000000000000, -0.7071067811865435759 ) ) ;
#633 = EDGE_LOOP ( 'NONE', ( #592, #73, #1325, #1094, #610, #1097, #1079, #279 ) ) ;
#634 = CARTESIAN_POINT ( 'NONE',  ( -19.00000000000000355, 19.00000000000000355, 0.000000000000000000 ) ) ;
#635 = ORIENTED_EDGE ( 'NONE', *, *, #90, .F. ) ;
#636 = EDGE_CURVE ( 'NONE', #1388, #913, #916, .T. ) ;
#637 = FACE_OUTER_BOUND ( 'NONE', #1333, .T. ) ;
#638 = ORIENTED_EDGE ( 'NONE', *, *, #992, .T. ) ;
#639 = DIRECTION ( 'NONE',  ( -1.000000000000000000, 0.000000000000000000, 0.000000000000000000 ) ) ;
#640 = VERTEX_POINT ( 'NONE', #851 ) ;
#641 = CIRCLE ( 'NONE', #281, 9.250000000000001776 ) ;
#642 = DIRECTION ( 'NONE',  ( 0.000000000000000000, 0.000000000000000000, -1.000000000000000000 ) ) ;
#643 = ADVANCED_FACE ( 'NONE', ( #1559 ), #737, .T. ) ;
#644 = AXIS2_PLACEMENT_3D ( 'NONE', #123, #1, #968 ) ;
#645 = AXIS2_PLACEMENT_3D ( 'NONE', #735, #496, #978 ) ;
#646 = CARTESIAN_POINT ( 'NONE',  ( -9.250000000000001776, 8.266706169801002026E-16, 20.49999999999999645 ) ) ;
#647 = ORIENTED_EDGE ( 'NONE', *, *, #72, .T. ) ;
#648 = CARTESIAN_POINT ( 'NONE',  ( -17.19999999999999929, -17.19999999999999929, 2.193914984323609042E-15 ) ) ;
#649 = DIRECTION ( 'NONE',  ( -0.000000000000000000, 1.000000000000000000, -1.275531967630005492E-16 ) ) ;
#650 = EDGE_LOOP ( 'NONE', ( #1219, #852, #821, #963 ) ) ;
#651 = PLANE ( 'NONE',  #917 ) ;
#652 = CARTESIAN_POINT ( 'NONE',  ( -7.500000000000001776, -17.00000000000000000, 4.200000000000002842 ) ) ;
#653 = PLANE ( 'NONE',  #1168 ) ;
#654 = ORIENTED_EDGE ( 'NONE', *, *, #1462, .T. ) ;
#655 = LINE ( 'NONE', #161, #1395 ) ;
#656 = CARTESIAN_POINT ( 'NONE',  ( 17.19999999999999929, -17.19999999999999929, 12.49999999999999645 ) ) ;
#657 = ORIENTED_EDGE ( 'NONE', *, *, #518, .F. ) ;
#658 = LINE ( 'NONE', #652, #871 ) ;
#659 = VERTEX_POINT ( 'NONE', #1095 ) ;
#660 = CYLINDRICAL_SURFACE ( 'NONE', #1422, 2.999999999999999112 ) ;
#661 = EDGE_CURVE ( 'NONE', #125, #788, #376, .T. ) ;
#662 = DIRECTION ( 'NONE',  ( 0.5773502691896242878, 0.5773502691896265082, 0.5773502691896265082 ) ) ;
#663 = EDGE_LOOP ( 'NONE', ( #988, #188, #391, #400 ) ) ;
#664 = CARTESIAN_POINT ( 'NONE',  ( -17.19999999999999929, -17.19999999999999929, 2.193914984323609042E-15 ) ) ;
#665 = AXIS2_PLACEMENT_3D ( 'NONE', #790, #164, #1387 ) ;
#666 = AXIS2_PLACEMENT_3D ( 'NONE', #392, #21, #1110 ) ;
#667 = ORIENTED_EDGE ( 'NONE', *, *, #293, .T. ) ;
#668 = DIRECTION ( 'NONE',  ( 1.000000000000000000, 0.000000000000000000, 0.000000000000000000 ) ) ;
#669 = VECTOR ( 'NONE', #104, 1000.000000000000000 ) ;
#670 = ORIENTED_EDGE ( 'NONE', *, *, #1343, .T. ) ;
#671 = DIRECTION ( 'NONE',  ( 0.000000000000000000, 0.000000000000000000, -1.000000000000000000 ) ) ;
#672 = ORIENTED_EDGE ( 'NONE', *, *, #736, .T. ) ;
#673 = FACE_OUTER_BOUND ( 'NONE', #1091, .T. ) ;
#674 = EDGE_CURVE ( 'NONE', #197, #1033, #987, .T. ) ;
#675 = DIRECTION ( 'NONE',  ( -1.613696256722611405E-16, 0.000000000000000000, -1.000000000000000000 ) ) ;
#676 = ORIENTED_EDGE ( 'NONE', *, *, #857, .F. ) ;
#677 = DIRECTION ( 'NONE',  ( -1.000000000000000000, 0.000000000000000000, 0.000000000000000000 ) ) ;
#678 = CARTESIAN_POINT ( 'NONE',  ( 0.000000000000000000, -3.061276722312016928E-16, 19.49999999999999645 ) ) ;
#679 = DIRECTION ( 'NONE',  ( -1.000000000000000000, -0.000000000000000000, -0.000000000000000000 ) ) ;
#680 = EDGE_LOOP ( 'NONE', ( #507, #721, #1248, #760 ) ) ;
#681 = FACE_OUTER_BOUND ( 'NONE', #22, .T. ) ;
#682 = EDGE_CURVE ( 'NONE', #535, #160, #168, .T. ) ;
#683 = CARTESIAN_POINT ( 'NONE',  ( 17.19999999999999929, 3.000000000000000000, 1.000000000000001776 ) ) ;
#684 = DIRECTION ( 'NONE',  ( 0.7071067811865489050, -7.666467083416858365E-17, -0.7071067811865462405 ) ) ;
#685 = VERTEX_POINT ( 'NONE', #1369 ) ;
#686 = DIRECTION ( 'NONE',  ( 1.000000000000000000, 0.000000000000000000, 0.000000000000000000 ) ) ;
#687 = EDGE_CURVE ( 'NONE', #118, #1426, #335, .T. ) ;
#688 = LINE ( 'NONE', #1047, #1252 ) ;
#689 = CIRCLE ( 'NONE', #363, 2.999999999999999112 ) ;
#690 = PLANE ( 'NONE',  #823 ) ;
#691 = ADVANCED_FACE ( 'NONE', ( #873 ), #653, .T. ) ;
#692 = AXIS2_PLACEMENT_3D ( 'NONE', #763, #268, #1480 ) ;
#693 = ORIENTED_EDGE ( 'NONE', *, *, #561, .F. ) ;
#694 = DIRECTION ( 'NONE',  ( 1.000000000000000000, 0.000000000000000000, 0.000000000000000000 ) ) ;
#695 = AXIS2_PLACEMENT_3D ( 'NONE', #1457, #1112, #933 ) ;
#696 = VECTOR ( 'NONE', #338, 1000.000000000000000 ) ;
#697 = ORIENTED_EDGE ( 'NONE', *, *, #711, .T. ) ;
#698 = DIRECTION ( 'NONE',  ( -0.5773502691896243988, 0.5773502691896263972, 0.5773502691896265082 ) ) ;
#699 = UNCERTAINTY_MEASURE_WITH_UNIT (LENGTH_MEASURE( 1.000000000000000082E-05 ), #488, 'distance_accuracy_value', 'NONE');
#700 = LINE ( 'NONE', #1533, #87 ) ;
#701 = LINE ( 'NONE', #741, #137 ) ;
#702 = FACE_BOUND ( 'NONE', #650, .T. ) ;
#703 = EDGE_CURVE ( 'NONE', #118, #859, #282, .T. ) ;
#704 = COORDINATED_UNIVERSAL_TIME_OFFSET ( 8, 0, .AHEAD. ) ;
#705 = VERTEX_POINT ( 'NONE', #33 ) ;
#706 = DIRECTION ( 'NONE',  ( -0.000000000000000000, -1.000000000000000000, 1.275531967630005245E-16 ) ) ;
#707 = EDGE_LOOP ( 'NONE', ( #145, #209, #939, #937 ) ) ;
#708 = DIRECTION ( 'NONE',  ( -1.000000000000000000, -0.000000000000000000, 1.613696256722611405E-16 ) ) ;
#709 = CARTESIAN_POINT ( 'NONE',  ( -7.500000000000001776, -17.00000000000000000, 2.168404344971009262E-15 ) ) ;
#710 = DIRECTION ( 'NONE',  ( -0.000000000000000000, -1.275531967630005245E-16, -1.000000000000000000 ) ) ;
#711 = EDGE_CURVE ( 'NONE', #458, #224, #1374, .T. ) ;
#712 = VERTEX_POINT ( 'NONE', #399 ) ;
#713 = CARTESIAN_POINT ( 'NONE',  ( -17.19999999999999929, -12.00000000000000000, 4.000000000000001776 ) ) ;
#714 = EDGE_LOOP ( 'NONE', ( #676, #476, #1451, #1199 ) ) ;
#715 = DIRECTION ( 'NONE',  ( -0.000000000000000000, 0.000000000000000000, 1.000000000000000000 ) ) ;
#716 = EDGE_CURVE ( 'NONE', #839, #1376, #527, .T. ) ;
#717 = DIRECTION ( 'NONE',  ( 1.000000000000000000, 0.000000000000000000, 0.000000000000000000 ) ) ;
#718 = CARTESIAN_POINT ( 'NONE',  ( -22.00000000000003908, -12.00000000000000000, 14.00000000000001954 ) ) ;
#719 = VECTOR ( 'NONE', #1517, 1000.000000000000000 ) ;
#720 = PERSON_AND_ORGANIZATION ( #750, #1051 ) ;
#721 = ORIENTED_EDGE ( 'NONE', *, *, #30, .F. ) ;
#722 = CARTESIAN_POINT ( 'NONE',  ( 19.00000000000000355, 17.00000000000000000, 0.000000000000000000 ) ) ;
#723 = AXIS2_PLACEMENT_3D ( 'NONE', #769, #914, #779 ) ;
#724 = ORIENTED_EDGE ( 'NONE', *, *, #457, .T. ) ;
#725 = AXIS2_PLACEMENT_3D ( 'NONE', #803, #953, #810 ) ;
#726 = CC_DESIGN_DATE_AND_TIME_ASSIGNMENT ( #1287, #208, ( #492 ) ) ;
#727 = CIRCLE ( 'NONE', #41, 2.000000000000000000 ) ;
#728 = DIRECTION ( 'NONE',  ( 0.7071067811865462405, -0.7071067811865489050, 0.000000000000000000 ) ) ;
#729 = LOCAL_TIME ( 15, 46, 6.000000000000000000, #944 ) ;
#730 =( NAMED_UNIT ( * ) SI_UNIT ( $, .STERADIAN. ) SOLID_ANGLE_UNIT ( ) );
#731 = CARTESIAN_POINT ( 'NONE',  ( 7.499999999999997335, -19.00000000000000355, 4.200000000000002842 ) ) ;
#732 = ORIENTED_EDGE ( 'NONE', *, *, #174, .T. ) ;
#733 = DIRECTION ( 'NONE',  ( 0.000000000000000000, -1.000000000000000000, 1.084202172485504434E-16 ) ) ;
#734 = ORIENTED_EDGE ( 'NONE', *, *, #1462, .F. ) ;
#735 = CARTESIAN_POINT ( 'NONE',  ( -27.00000000000000355, -12.00000000000000000, 9.000000000000001776 ) ) ;
#736 = EDGE_CURVE ( 'NONE', #310, #192, #1498, .T. ) ;
#737 = PLANE ( 'NONE',  #1048 ) ;
#738 = VERTEX_POINT ( 'NONE', #886 ) ;
#739 = DIRECTION ( 'NONE',  ( -1.000000000000000000, 0.000000000000000000, 0.000000000000000000 ) ) ;
#740 = VERTEX_POINT ( 'NONE', #1136 ) ;
#741 = CARTESIAN_POINT ( 'NONE',  ( 16.41213203435596668, 3.000000000000000000, 2.212132034355965171 ) ) ;
#742 = ADVANCED_FACE ( 'NONE', ( #48 ), #1064, .T. ) ;
#743 = DIRECTION ( 'NONE',  ( 0.000000000000000000, -0.000000000000000000, 1.000000000000000000 ) ) ;
#744 = ORIENTED_EDGE ( 'NONE', *, *, #413, .F. ) ;
#745 = CARTESIAN_POINT ( 'NONE',  ( 17.00000000000000355, -16.00000000000000355, 18.50000000000000355 ) ) ;
#746 = EDGE_CURVE ( 'NONE', #584, #1228, #11, .T. ) ;
#747 = ORIENTED_EDGE ( 'NONE', *, *, #1105, .F. ) ;
#748 = DIRECTION ( 'NONE',  ( 1.807003620809167175E-17, -1.000000000000000000, 9.035018104045869462E-17 ) ) ;
#749 = AXIS2_PLACEMENT_3D ( 'NONE', #422, #1250, #534 ) ;
#750 = PERSON ( '未指定', '未指定', '未指定', ('未指定'), ('未指定'), ('未指定') ) ;
#751 = CIRCLE ( 'NONE', #1379, 8.250000000000000000 ) ;
#752 = CARTESIAN_POINT ( 'NONE',  ( -17.19999999999999929, -12.00000000000000000, 12.49999999999999289 ) ) ;
#753 = ORIENTED_EDGE ( 'NONE', *, *, #1105, .T. ) ;
#754 = CARTESIAN_POINT ( 'NONE',  ( -17.19999999999999929, -2.999999999999999112, 12.49999999999999289 ) ) ;
#755 = ORIENTED_EDGE ( 'NONE', *, *, #65, .T. ) ;
#756 = CARTESIAN_POINT ( 'NONE',  ( 17.19999999999999929, -17.19999999999999929, 12.49999999999999645 ) ) ;
#757 = ORIENTED_EDGE ( 'NONE', *, *, #423, .T. ) ;
#758 = CARTESIAN_POINT ( 'NONE',  ( 17.00000000000000000, 19.00000000000000355, 0.000000000000000000 ) ) ;
#759 = EDGE_CURVE ( 'NONE', #479, #28, #351, .T. ) ;
#760 = ORIENTED_EDGE ( 'NONE', *, *, #508, .F. ) ;
#761 = CARTESIAN_POINT ( 'NONE',  ( -17.19999999999999929, -2.999999999999999112, 1.000000000000001332 ) ) ;
#762 = ADVANCED_FACE ( 'NONE', ( #1057 ), #200, .T. ) ;
#763 = CARTESIAN_POINT ( 'NONE',  ( 17.00000000000000000, 17.00000000000000000, 0.000000000000000000 ) ) ;
#764 = ORIENTED_EDGE ( 'NONE', *, *, #364, .F. ) ;
#765 = CYLINDRICAL_SURFACE ( 'NONE', #260, 2.000000000000001776 ) ;
#766 = DIRECTION ( 'NONE',  ( 4.336808689942013792E-16, -1.000000000000000000, 1.275531967630003273E-16 ) ) ;
#767 = VECTOR ( 'NONE', #766, 1000.000000000000000 ) ;
#768 = ORIENTED_EDGE ( 'NONE', *, *, #199, .T. ) ;
#769 = CARTESIAN_POINT ( 'NONE',  ( -16.62426406871193052, 17.19999999999999929, 2.000000000000000000 ) ) ;
#770 = FACE_OUTER_BOUND ( 'NONE', #633, .T. ) ;
#771 = VECTOR ( 'NONE', #743, 1000.000000000000000 ) ;
#772 = CIRCLE ( 'NONE', #1274, 9.250000000000001776 ) ;
#773 = DIRECTION ( 'NONE',  ( 0.000000000000000000, -1.000000000000000000, 7.228014483236697048E-17 ) ) ;
#774 = VECTOR ( 'NONE', #698, 1000.000000000000000 ) ;
#775 = ORIENTED_EDGE ( 'NONE', *, *, #381, .F. ) ;
#776 = DIRECTION ( 'NONE',  ( 1.000000000000000000, 0.000000000000000000, 0.000000000000000000 ) ) ;
#777 = LINE ( 'NONE', #537, #1270 ) ;
#778 = ORIENTED_EDGE ( 'NONE', *, *, #1293, .F. ) ;
#779 = DIRECTION ( 'NONE',  ( 0.000000000000000000, 0.000000000000000000, 1.000000000000000000 ) ) ;
#780 = FACE_OUTER_BOUND ( 'NONE', #791, .T. ) ;
#781 = EDGE_CURVE ( 'NONE', #192, #169, #772, .T. ) ;
#782 = ORIENTED_EDGE ( 'NONE', *, *, #1133, .T. ) ;
#783 = CARTESIAN_POINT ( 'NONE',  ( 16.41213203435596668, 3.000000000000000000, 1.787867965644038604 ) ) ;
#784 = CARTESIAN_POINT ( 'NONE',  ( -17.19999999999999929, 2.999999999999999112, 1.000000000000000888 ) ) ;
#785 = ORIENTED_EDGE ( 'NONE', *, *, #1412, .F. ) ;
#786 = FACE_OUTER_BOUND ( 'NONE', #1021, .T. ) ;
#787 = EDGE_CURVE ( 'NONE', #1033, #13, #106, .T. ) ;
#788 = VERTEX_POINT ( 'NONE', #80 ) ;
#789 = CARTESIAN_POINT ( 'NONE',  ( -19.00000000000000355, 17.00000000000000000, 0.000000000000000000 ) ) ;
#790 = CARTESIAN_POINT ( 'NONE',  ( 17.00000000000000711, 16.00000000000000355, 19.50000000000000000 ) ) ;
#791 = EDGE_LOOP ( 'NONE', ( #269, #549, #990, #373 ) ) ;
#792 = CIRCLE ( 'NONE', #997, 6.999999999999999112 ) ;
#793 = AXIS2_PLACEMENT_3D ( 'NONE', #1277, #677, #1159 ) ;
#794 = ORIENTED_EDGE ( 'NONE', *, *, #1357, .F. ) ;
#795 = FACE_OUTER_BOUND ( 'NONE', #415, .T. ) ;
#796 = AXIS2_PLACEMENT_3D ( 'NONE', #1272, #71, #1148 ) ;
#797 = ADVANCED_FACE ( 'NONE', ( #1551 ), #690, .T. ) ;
#798 = AXIS2_PLACEMENT_3D ( 'NONE', #950, #1305, #1405 ) ;
#799 = ORIENTED_EDGE ( 'NONE', *, *, #402, .F. ) ;
#800 = CARTESIAN_POINT ( 'NONE',  ( 19.00000000000000355, -16.00000000000000355, 21.50000000000000000 ) ) ;
#801 = LOCAL_TIME ( 15, 46, 6.000000000000000000, #229 ) ;
#802 = VERTEX_POINT ( 'NONE', #1171 ) ;
#803 = CARTESIAN_POINT ( 'NONE',  ( -17.19999999999999929, 17.19999999999999929, 12.49999999999999289 ) ) ;
#804 = CARTESIAN_POINT ( 'NONE',  ( 17.00000000000000355, 16.00000000000000355, 18.50000000000000000 ) ) ;
#805 = ADVANCED_FACE ( 'NONE', ( #1424, #194, #702 ), #834, .F. ) ;
#806 = ORIENTED_EDGE ( 'NONE', *, *, #874, .T. ) ;
#807 = LINE ( 'NONE', #1056, #523 ) ;
#808 = ADVANCED_FACE ( 'NONE', ( #74 ), #942, .F. ) ;
#809 = DIRECTION ( 'NONE',  ( -0.000000000000000000, 1.000000000000000000, -7.228014483236695816E-17 ) ) ;
#810 = DIRECTION ( 'NONE',  ( 0.000000000000000000, 0.000000000000000000, 1.000000000000000000 ) ) ;
#811 = CALENDAR_DATE ( 2026, 16, 6 ) ;
#812 = VERTEX_POINT ( 'NONE', #437 ) ;
#813 = LINE ( 'NONE', #101, #436 ) ;
#814 = VERTEX_POINT ( 'NONE', #818 ) ;
#815 = CARTESIAN_POINT ( 'NONE',  ( -17.00000000000000000, -17.00000000000000000, 12.49999999999999645 ) ) ;
#816 = LINE ( 'NONE', #1470, #187 ) ;
#817 = MECHANICAL_CONTEXT ( 'NONE', #1389, 'mechanical' ) ;
#818 = CARTESIAN_POINT ( 'NONE',  ( 17.00000000000000000, -17.00000000000000000, 12.49999999999999645 ) ) ;
#819 = CIRCLE ( 'NONE', #666, 1.999999999999998224 ) ;
#820 = CALENDAR_DATE ( 2026, 16, 6 ) ;
#821 = ORIENTED_EDGE ( 'NONE', *, *, #1348, .F. ) ;
#822 = DIRECTION ( 'NONE',  ( 0.000000000000000000, 1.000000000000000000, 0.000000000000000000 ) ) ;
#823 = AXIS2_PLACEMENT_3D ( 'NONE', #927, #218, #827 ) ;
#824 = AXIS2_PLACEMENT_3D ( 'NONE', #349, #1311, #1532 ) ;
#825 = ORIENTED_EDGE ( 'NONE', *, *, #716, .T. ) ;
#826 = EDGE_CURVE ( 'NONE', #1058, #705, #474, .T. ) ;
#827 = DIRECTION ( 'NONE',  ( -0.7071067811865462405, 0.000000000000000000, 0.7071067811865489050 ) ) ;
#828 = APPROVAL_STATUS ( 'not_yet_approved' ) ;
#829 = ORIENTED_EDGE ( 'NONE', *, *, #1432, .F. ) ;
#830 = LINE ( 'NONE', #922, #306 ) ;
#831 = EDGE_LOOP ( 'NONE', ( #1142, #1175, #108, #994 ) ) ;
#832 = LINE ( 'NONE', #1419, #696 ) ;
#833 = CARTESIAN_POINT ( 'NONE',  ( 17.19999999999999929, 3.000000000000000000, 1.000000000000001776 ) ) ;
#834 = PLANE ( 'NONE',  #725 ) ;
#835 = APPROVAL_DATE_TIME ( #223, #255 ) ;
#836 = ORIENTED_EDGE ( 'NONE', *, *, #528, .F. ) ;
#837 = FACE_OUTER_BOUND ( 'NONE', #305, .T. ) ;
#838 = EDGE_CURVE ( 'NONE', #1426, #1390, #1298, .T. ) ;
#839 = VERTEX_POINT ( 'NONE', #1180 ) ;
#840 = DIRECTION ( 'NONE',  ( -0.7071067811865489050, -0.7071067811865462405, 0.000000000000000000 ) ) ;
#841 = FACE_BOUND ( 'NONE', #606, .T. ) ;
#842 = ORIENTED_EDGE ( 'NONE', *, *, #1041, .T. ) ;
#843 = CARTESIAN_POINT ( 'NONE',  ( 1.132798289211301895E-15, -9.250000000000001776, 21.50000000000000000 ) ) ;
#844 = AXIS2_PLACEMENT_3D ( 'NONE', #627, #1104, #776 ) ;
#845 = EDGE_CURVE ( 'NONE', #604, #1266, #974, .T. ) ;
#846 = AXIS2_PLACEMENT_3D ( 'NONE', #1023, #893, #280 ) ;
#847 = EDGE_LOOP ( 'NONE', ( #935, #1380, #294, #360 ) ) ;
#848 = CIRCLE ( 'NONE', #117, 6.999999999999999112 ) ;
#849 = CARTESIAN_POINT ( 'NONE',  ( 17.19999999999999929, -2.999999999999999112, 1.000000000000002665 ) ) ;
#850 = CC_DESIGN_SECURITY_CLASSIFICATION ( #88, ( #1455 ) ) ;
#851 = CARTESIAN_POINT ( 'NONE',  ( 7.499999999999997335, -19.00000000000000355, 4.200000000000002842 ) ) ;
#852 = ORIENTED_EDGE ( 'NONE', *, *, #992, .F. ) ;
#853 = DIRECTION ( 'NONE',  ( 0.000000000000000000, 1.224646799147352961E-16, 1.000000000000000000 ) ) ;
#854 = EDGE_LOOP ( 'NONE', ( #1554, #1254, #983, #212 ) ) ;
#855 = EDGE_CURVE ( 'NONE', #1228, #52, #1526, .T. ) ;
#856 = CARTESIAN_POINT ( 'NONE',  ( -17.19999999999999929, 2.999999999999999112, 12.49999999999999289 ) ) ;
#857 = EDGE_CURVE ( 'NONE', #659, #1404, #451, .T. ) ;
#858 = CARTESIAN_POINT ( 'NONE',  ( -17.19999999999999929, 2.999999999999999112, 12.49999999999999289 ) ) ;
#859 = VERTEX_POINT ( 'NONE', #761 ) ;
#860 = CARTESIAN_POINT ( 'NONE',  ( 19.00000000000000711, 17.00000000000000000, 18.50000000000000000 ) ) ;
#861 = ORIENTED_EDGE ( 'NONE', *, *, #23, .T. ) ;
#862 = DIRECTION ( 'NONE',  ( -0.000000000000000000, -1.275531967630005245E-16, -1.000000000000000000 ) ) ;
#863 = ADVANCED_FACE ( 'NONE', ( #770 ), #273, .T. ) ;
#864 = DIRECTION ( 'NONE',  ( -0.7071067811865462405, 0.7071067811865489050, 0.000000000000000000 ) ) ;
#865 = ORIENTED_EDGE ( 'NONE', *, *, #167, .F. ) ;
#866 = CARTESIAN_POINT ( 'NONE',  ( -17.00000000000000000, -17.00000000000000000, 18.50000000000000355 ) ) ;
#867 = ORIENTED_EDGE ( 'NONE', *, *, #65, .F. ) ;
#868 = AXIS2_PLACEMENT_3D ( 'NONE', #243, #1119, #1340 ) ;
#869 = AXIS2_PLACEMENT_3D ( 'NONE', #1117, #542, #276 ) ;
#870 = DIRECTION ( 'NONE',  ( 0.000000000000000000, 0.000000000000000000, 1.000000000000000000 ) ) ;
#871 = VECTOR ( 'NONE', #1259, 1000.000000000000000 ) ;
#872 = CIRCLE ( 'NONE', #623, 1.000000000000000888 ) ;
#873 = FACE_OUTER_BOUND ( 'NONE', #1528, .T. ) ;
#874 = EDGE_CURVE ( 'NONE', #341, #169, #286, .T. ) ;
#875 = CC_DESIGN_APPROVAL ( #1163, ( #492 ) ) ;
#876 = ORIENTED_EDGE ( 'NONE', *, *, #1038, .T. ) ;
#877 = DIRECTION ( 'NONE',  ( -1.000000000000000000, 0.000000000000000000, 1.613696256722611405E-16 ) ) ;
#878 = EDGE_CURVE ( 'NONE', #740, #1507, #1170, .T. ) ;
#879 = ORIENTED_EDGE ( 'NONE', *, *, #555, .T. ) ;
#880 = DIRECTION ( 'NONE',  ( 0.000000000000000000, 0.000000000000000000, 1.000000000000000000 ) ) ;
#881 = CARTESIAN_POINT ( 'NONE',  ( -7.500000000000001776, -17.19999999999999929, 12.49999999999999645 ) ) ;
#882 = EDGE_LOOP ( 'NONE', ( #486, #757, #499, #1065 ) ) ;
#883 = FACE_OUTER_BOUND ( 'NONE', #1232, .T. ) ;
#884 = DIRECTION ( 'NONE',  ( -0.000000000000000000, -1.020425574104004122E-16, -1.000000000000000000 ) ) ;
#885 = FACE_OUTER_BOUND ( 'NONE', #148, .T. ) ;
#886 = CARTESIAN_POINT ( 'NONE',  ( 19.00000000000000711, -16.00000000000000355, 19.50000000000000000 ) ) ;
#887 = ORIENTED_EDGE ( 'NONE', *, *, #481, .F. ) ;
#888 = DIRECTION ( 'NONE',  ( 0.000000000000000000, -1.000000000000000000, 1.020425574104004122E-16 ) ) ;
#889 = DIRECTION ( 'NONE',  ( 0.000000000000000000, 1.000000000000000000, -1.020425574104004122E-16 ) ) ;
#890 = EDGE_CURVE ( 'NONE', #1139, #1126, #658, .T. ) ;
#891 = VECTOR ( 'NONE', #662, 1000.000000000000000 ) ;
#892 = ORIENTED_EDGE ( 'NONE', *, *, #1319, .F. ) ;
#893 = DIRECTION ( 'NONE',  ( 1.000000000000000000, -0.000000000000000000, -0.000000000000000000 ) ) ;
#894 = VECTOR ( 'NONE', #1241, 1000.000000000000000 ) ;
#895 = AXIS2_PLACEMENT_3D ( 'NONE', #1122, #43, #516 ) ;
#896 = ORIENTED_EDGE ( 'NONE', *, *, #903, .T. ) ;
#897 = CARTESIAN_POINT ( 'NONE',  ( -19.00000000000000355, 1.347111479062090180E-15, 11.00000000000001421 ) ) ;
#898 = PLANE ( 'NONE',  #1394 ) ;
#899 = ORIENTED_EDGE ( 'NONE', *, *, #344, .T. ) ;
#900 = CARTESIAN_POINT ( 'NONE',  ( -17.19999999999999929, 17.19999999999999929, 3.999999999999998224 ) ) ;
#901 = DIRECTION ( 'NONE',  ( 0.000000000000000000, 0.000000000000000000, 1.000000000000000000 ) ) ;
#902 = ADVANCED_FACE ( 'NONE', ( #780 ), #57, .F. ) ;
#903 = EDGE_CURVE ( 'NONE', #738, #626, #1201, .T. ) ;
#904 = EDGE_LOOP ( 'NONE', ( #929, #1318, #1346, #275 ) ) ;
#905 = LINE ( 'NONE', #68, #388 ) ;
#906 = CARTESIAN_POINT ( 'NONE',  ( -19.00000000000000355, 17.00000000000000000, 21.50000000000000000 ) ) ;
#907 = ORIENTED_EDGE ( 'NONE', *, *, #1260, .F. ) ;
#908 = CARTESIAN_POINT ( 'NONE',  ( -17.19999999999999929, -17.19999999999999929, 12.49999999999999645 ) ) ;
#909 = EDGE_CURVE ( 'NONE', #788, #740, #236, .T. ) ;
#910 = ORIENTED_EDGE ( 'NONE', *, *, #292, .T. ) ;
#911 = CARTESIAN_POINT ( 'NONE',  ( 7.499999999999996447, -17.19999999999999929, 4.200000000000002842 ) ) ;
#912 = DIRECTION ( 'NONE',  ( 0.000000000000000000, 0.000000000000000000, -1.000000000000000000 ) ) ;
#913 = VERTEX_POINT ( 'NONE', #1367 ) ;
#914 = DIRECTION ( 'NONE',  ( 1.807003620809167483E-17, 1.000000000000000000, -9.035018104045871927E-17 ) ) ;
#915 = VECTOR ( 'NONE', #1403, 1000.000000000000000 ) ;
#916 = CIRCLE ( 'NONE', #644, 7.000000000000000000 ) ;
#917 = AXIS2_PLACEMENT_3D ( 'NONE', #908, #1037, #435 ) ;
#918 = ADVANCED_FACE ( 'NONE', ( #156, #1377 ), #1131, .T. ) ;
#919 = CARTESIAN_POINT ( 'NONE',  ( 17.00000000000000355, -19.00000000000000355, 18.50000000000000355 ) ) ;
#920 = VECTOR ( 'NONE', #717, 1000.000000000000000 ) ;
#921 = CIRCLE ( 'NONE', #1002, 9.250000000000001776 ) ;
#922 = CARTESIAN_POINT ( 'NONE',  ( 17.19999999999999929, -17.19999999999999929, 2.193914984323609042E-15 ) ) ;
#923 = ADVANCED_FACE ( 'NONE', ( #885 ), #115, .T. ) ;
#924 = ORIENTED_EDGE ( 'NONE', *, *, #1357, .T. ) ;
#925 = DIRECTION ( 'NONE',  ( 0.000000000000000000, 1.000000000000000000, 0.000000000000000000 ) ) ;
#926 = PLANE ( 'NONE',  #237 ) ;
#927 = CARTESIAN_POINT ( 'NONE',  ( 17.19999999999999929, 3.000000000000000000, 1.000000000000001776 ) ) ;
#928 = DATE_AND_TIME ( #955, #1205 ) ;
#929 = ORIENTED_EDGE ( 'NONE', *, *, #299, .F. ) ;
#930 = CARTESIAN_POINT ( 'NONE',  ( -19.00000000000000355, 5.782411586589356653E-16, 4.000000000000000000 ) ) ;
#931 = VERTEX_POINT ( 'NONE', #1503 ) ;
#932 = DIRECTION ( 'NONE',  ( 0.000000000000000000, 1.000000000000000000, -1.084202172485504557E-16 ) ) ;
#933 = DIRECTION ( 'NONE',  ( 1.000000000000000000, 0.000000000000000000, -1.613696256722610666E-16 ) ) ;
#934 = DIRECTION ( 'NONE',  ( 0.000000000000000000, -1.000000000000000000, 1.275531967630003273E-16 ) ) ;
#935 = ORIENTED_EDGE ( 'NONE', *, *, #34, .T. ) ;
#936 = CARTESIAN_POINT ( 'NONE',  ( 0.000000000000000000, -2.040851148208010217E-16, 21.50000000000000000 ) ) ;
#937 = ORIENTED_EDGE ( 'NONE', *, *, #232, .T. ) ;
#938 = EDGE_CURVE ( 'NONE', #465, #341, #1099, .T. ) ;
#939 = ORIENTED_EDGE ( 'NONE', *, *, #1432, .T. ) ;
#940 = LINE ( 'NONE', #350, #920 ) ;
#941 = CLOSED_SHELL ( 'NONE', ( #1204, #446, #805, #81, #918, #531, #1530, #1024, #121, #313, #177, #863, #253, #586, #923, #1157, #472, #808, #460, #902, #1514, #742, #954, #244, #1207, #1154, #536, #408, #140, #429, #1315, #393, #1184, #1067, #625, #629, #691, #1124, #797, #1499, #1548, #762, #485, #278, #184, #643, #150, #1137, #984 ) ) ;
#942 = CYLINDRICAL_SURFACE ( 'NONE', #1423, 6.999999999999999112 ) ;
#943 = AXIS2_PLACEMENT_3D ( 'NONE', #866, #372, #1086 ) ;
#944 = COORDINATED_UNIVERSAL_TIME_OFFSET ( 8, 0, .AHEAD. ) ;
#945 = VERTEX_POINT ( 'NONE', #1383 ) ;
#946 = DIRECTION ( 'NONE',  ( -1.000000000000000000, 0.000000000000000000, 0.000000000000000000 ) ) ;
#947 = AXIS2_PLACEMENT_3D ( 'NONE', #1022, #525, #411 ) ;
#948 = VECTOR ( 'NONE', #31, 1000.000000000000000 ) ;
#949 = VERTEX_POINT ( 'NONE', #1494 ) ;
#950 = CARTESIAN_POINT ( 'NONE',  ( -17.00000000000000000, -16.00000000000000355, 18.50000000000000355 ) ) ;
#951 = CARTESIAN_POINT ( 'NONE',  ( -17.00000000000000000, 17.00000000000000000, 18.50000000000000000 ) ) ;
#952 = CARTESIAN_POINT ( 'NONE',  ( 17.19999999999999929, 3.000000000000000000, 3.000000000000001776 ) ) ;
#953 = DIRECTION ( 'NONE',  ( -1.000000000000000000, 0.000000000000000000, 0.000000000000000000 ) ) ;
#954 = ADVANCED_FACE ( 'NONE', ( #786 ), #24, .T. ) ;
#955 = CALENDAR_DATE ( 2026, 16, 6 ) ;
#956 = ORIENTED_EDGE ( 'NONE', *, *, #1454, .F. ) ;
#957 = DIRECTION ( 'NONE',  ( 0.000000000000000000, -1.275531967630005245E-16, -1.000000000000000000 ) ) ;
#958 = ORIENTED_EDGE ( 'NONE', *, *, #340, .F. ) ;
#959 = DIRECTION ( 'NONE',  ( -0.7071067811865515695, 8.659560562354882322E-17, 0.7071067811865435759 ) ) ;
#960 = DIRECTION ( 'NONE',  ( -0.000000000000000000, -1.020425574104004122E-16, -1.000000000000000000 ) ) ;
#961 = EDGE_CURVE ( 'NONE', #250, #839, #1353, .T. ) ;
#962 = PERSON_AND_ORGANIZATION ( #750, #1051 ) ;
#963 = ORIENTED_EDGE ( 'NONE', *, *, #127, .F. ) ;
#964 = FACE_OUTER_BOUND ( 'NONE', #965, .T. ) ;
#965 = EDGE_LOOP ( 'NONE', ( #899, #775, #348, #1302 ) ) ;
#966 = LINE ( 'NONE', #621, #39 ) ;
#967 = PLANE ( 'NONE',  #287 ) ;
#968 = DIRECTION ( 'NONE',  ( 0.000000000000000000, 0.000000000000000000, -1.000000000000000000 ) ) ;
#969 = AXIS2_PLACEMENT_3D ( 'NONE', #754, #491, #1444 ) ;
#970 = EDGE_CURVE ( 'NONE', #802, #1266, #622, .T. ) ;
#971 = ORIENTED_EDGE ( 'NONE', *, *, #736, .F. ) ;
#972 = DIRECTION ( 'NONE',  ( 1.000000000000000000, -0.000000000000000000, -0.000000000000000000 ) ) ;
#973 = VECTOR ( 'NONE', #1361, 1000.000000000000000 ) ;
#974 = CIRCLE ( 'NONE', #263, 2.999999999999999112 ) ;
#975 = ORIENTED_EDGE ( 'NONE', *, *, #174, .F. ) ;
#976 = EDGE_CURVE ( 'NONE', #120, #659, #701, .T. ) ;
#977 = VECTOR ( 'NONE', #459, 1000.000000000000000 ) ;
#978 = DIRECTION ( 'NONE',  ( 0.000000000000000000, -0.000000000000000000, -1.000000000000000000 ) ) ;
#979 = LINE ( 'NONE', #709, #569 ) ;
#980 = CARTESIAN_POINT ( 'NONE',  ( 17.19999999999999929, -17.19999999999999929, 2.193914984323609042E-15 ) ) ;
#981 = ORIENTED_EDGE ( 'NONE', *, *, #112, .F. ) ;
#982 = LINE ( 'NONE', #1474, #186 ) ;
#983 = ORIENTED_EDGE ( 'NONE', *, *, #432, .F. ) ;
#984 = ADVANCED_FACE ( 'NONE', ( #637 ), #985, .T. ) ;
#985 = PLANE ( 'NONE',  #1350 ) ;
#986 = DIRECTION ( 'NONE',  ( -1.000000000000000000, 0.000000000000000000, 0.000000000000000000 ) ) ;
#987 = LINE ( 'NONE', #752, #973 ) ;
#988 = ORIENTED_EDGE ( 'NONE', *, *, #787, .T. ) ;
#989 = CYLINDRICAL_SURFACE ( 'NONE', #365, 2.000000000000001776 ) ;
#990 = ORIENTED_EDGE ( 'NONE', *, *, #78, .T. ) ;
#991 = DIRECTION ( 'NONE',  ( 0.000000000000000000, -1.000000000000000000, 1.275531967630005245E-16 ) ) ;
#992 = EDGE_CURVE ( 'NONE', #28, #535, #1446, .T. ) ;
#993 = DIRECTION ( 'NONE',  ( 0.000000000000000000, 1.224646799147352961E-16, 1.000000000000000000 ) ) ;
#994 = ORIENTED_EDGE ( 'NONE', *, *, #299, .T. ) ;
#995 = CARTESIAN_POINT ( 'NONE',  ( 19.00000000000000355, 19.00000000000000355, 0.000000000000000000 ) ) ;
#996 = ORIENTED_EDGE ( 'NONE', *, *, #1144, .T. ) ;
#997 = AXIS2_PLACEMENT_3D ( 'NONE', #585, #82, #1427 ) ;
#998 = VECTOR ( 'NONE', #632, 1000.000000000000000 ) ;
#999 = CARTESIAN_POINT ( 'NONE',  ( 19.00000000000000711, -16.00000000000000355, 18.50000000000000355 ) ) ;
#1000 =( BOUNDED_CURVE ( )  B_SPLINE_CURVE ( 3, ( #267, #149, #375, #1336 ),
 .UNSPECIFIED., .F., .T. ) 
 B_SPLINE_CURVE_WITH_KNOTS ( ( 4, 4 ),
 ( 2.356194490192351498, 3.926990816987233845 ),
 .UNSPECIFIED. ) 
 CURVE ( )  GEOMETRIC_REPRESENTATION_ITEM ( )  RATIONAL_B_SPLINE_CURVE ( ( 1.000000000000000000, 0.8047378541243683792, 0.8047378541243683792, 1.000000000000000000 ) ) 
 REPRESENTATION_ITEM ( '' )  );
#1001 = VECTOR ( 'NONE', #126, 1000.000000000000000 ) ;
#1002 = AXIS2_PLACEMENT_3D ( 'NONE', #1061, #715, #1193 ) ;
#1003 = DIRECTION ( 'NONE',  ( -0.5773502691896243988, -0.5773502691896265082, -0.5773502691896263972 ) ) ;
#1004 = ORIENTED_EDGE ( 'NONE', *, *, #1402, .T. ) ;
#1005 = FACE_OUTER_BOUND ( 'NONE', #1242, .T. ) ;
#1006 = LINE ( 'NONE', #403, #1096 ) ;
#1007 = FACE_OUTER_BOUND ( 'NONE', #1192, .T. ) ;
#1008 = DIRECTION ( 'NONE',  ( 0.000000000000000000, -1.000000000000000000, 0.000000000000000000 ) ) ;
#1009 = CARTESIAN_POINT ( 'NONE',  ( -16.41213203435596668, -2.212132034355964727, 1.787867965644039048 ) ) ;
#1010 = ORIENTED_EDGE ( 'NONE', *, *, #1392, .F. ) ;
#1011 = DIRECTION ( 'NONE',  ( -0.000000000000000000, -1.020425574104004122E-16, -1.000000000000000000 ) ) ;
#1012 = LINE ( 'NONE', #195, #1321 ) ;
#1013 = ORIENTED_EDGE ( 'NONE', *, *, #112, .T. ) ;
#1014 = CARTESIAN_POINT ( 'NONE',  ( 15.20000000000000107, -0.9999999999999947820, 0.9999999999999970024 ) ) ;
#1015 = DIRECTION ( 'NONE',  ( 0.000000000000000000, 0.000000000000000000, -1.000000000000000000 ) ) ;
#1016 = ORIENTED_EDGE ( 'NONE', *, *, #1251, .F. ) ;
#1017 = CARTESIAN_POINT ( 'NONE',  ( 0.000000000000000000, -3.061276722312016928E-16, 20.49999999999999645 ) ) ;
#1018 = EDGE_CURVE ( 'NONE', #420, #120, #1000, .T. ) ;
#1019 = CARTESIAN_POINT ( 'NONE',  ( 17.00000000000000000, -19.00000000000000355, 18.50000000000000355 ) ) ;
#1020 = CIRCLE ( 'NONE', #665, 1.999999999999998224 ) ;
#1021 = EDGE_LOOP ( 'NONE', ( #1493, #138, #45, #958 ) ) ;
#1022 = CARTESIAN_POINT ( 'NONE',  ( 17.00000000000000711, -17.00000000000000355, 18.50000000000000355 ) ) ;
#1023 = CARTESIAN_POINT ( 'NONE',  ( -17.00000000000000000, 16.00000000000000355, 18.50000000000000000 ) ) ;
#1024 = ADVANCED_FACE ( 'NONE', ( #1230 ), #1236, .F. ) ;
#1025 = TOROIDAL_SURFACE ( 'NONE', #1120, 9.250000000000001776, 1.000000000000000000 ) ;
#1026 = AXIS2_PLACEMENT_3D ( 'NONE', #1178, #1101, #96 ) ;
#1027 = AXIS2_PLACEMENT_3D ( 'NONE', #1176, #708, #94 ) ;
#1028 = ORIENTED_EDGE ( 'NONE', *, *, #976, .T. ) ;
#1029 = CARTESIAN_POINT ( 'NONE',  ( -19.00000000000000355, -12.00000000000000000, 11.00000000000001421 ) ) ;
#1030 = CARTESIAN_POINT ( 'NONE',  ( -16.41213203435596668, -2.212132034355964727, 1.787867965644039048 ) ) ;
#1031 = ORIENTED_EDGE ( 'NONE', *, *, #1041, .F. ) ;
#1032 = CARTESIAN_POINT ( 'NONE',  ( 0.000000000000000000, 16.00000000000000355, 18.50000000000000000 ) ) ;
#1033 = VERTEX_POINT ( 'NONE', #329 ) ;
#1034 = FACE_OUTER_BOUND ( 'NONE', #1434, .T. ) ;
#1035 = LINE ( 'NONE', #433, #387 ) ;
#1036 = EDGE_LOOP ( 'NONE', ( #63, #547, #1556, #693, #377 ) ) ;
#1037 = DIRECTION ( 'NONE',  ( 0.000000000000000000, -1.000000000000000000, 1.275531967630005245E-16 ) ) ;
#1038 = EDGE_CURVE ( 'NONE', #640, #1139, #259, .T. ) ;
#1039 = ORIENTED_EDGE ( 'NONE', *, *, #501, .T. ) ;
#1040 = CARTESIAN_POINT ( 'NONE',  ( 17.00000000000000355, 16.00000000000000355, 18.50000000000000000 ) ) ;
#1041 = EDGE_CURVE ( 'NONE', #1376, #514, #816, .T. ) ;
#1042 = CARTESIAN_POINT ( 'NONE',  ( 0.000000000000000000, 19.00000000000000355, 0.000000000000000000 ) ) ;
#1043 = ORIENTED_EDGE ( 'NONE', *, *, #636, .F. ) ;
#1044 = CARTESIAN_POINT ( 'NONE',  ( -19.00000000000000355, -17.00000000000000355, 18.50000000000000355 ) ) ;
#1045 = DESIGN_CONTEXT ( 'detailed design', #374, 'design' ) ;
#1046 = VECTOR ( 'NONE', #1497, 1000.000000000000000 ) ;
#1047 = CARTESIAN_POINT ( 'NONE',  ( 7.499999999999996447, -17.00000000000000000, 4.200000000000002842 ) ) ;
#1048 = AXIS2_PLACEMENT_3D ( 'NONE', #858, #614, #864 ) ;
#1049 = CIRCLE ( 'NONE', #947, 2.000000000000000000 ) ;
#1050 = DIRECTION ( 'NONE',  ( 0.000000000000000000, 1.000000000000000000, -1.275531967630003273E-16 ) ) ;
#1051 = ORGANIZATION ( '未指定', '未指定', '' ) ;
#1052 = SECURITY_CLASSIFICATION_LEVEL ( 'unclassified' ) ;
#1053 = EDGE_LOOP ( 'NONE', ( #1477, #654, #85, #1147 ) ) ;
#1054 = CARTESIAN_POINT ( 'NONE',  ( 17.19999999999999929, 17.19999999999999929, 12.49999999999999289 ) ) ;
#1055 = EDGE_LOOP ( 'NONE', ( #1513, #297, #16, #638 ) ) ;
#1056 = CARTESIAN_POINT ( 'NONE',  ( -16.99999999999996803, 0.000000000000000000, 9.000000000000001776 ) ) ;
#1057 = FACE_OUTER_BOUND ( 'NONE', #346, .T. ) ;
#1058 = VERTEX_POINT ( 'NONE', #380 ) ;
#1059 = LINE ( 'NONE', #1356, #157 ) ;
#1060 = EDGE_LOOP ( 'NONE', ( #1150, #226, #556, #91, #203, #449 ) ) ;
#1061 = CARTESIAN_POINT ( 'NONE',  ( 0.000000000000000000, -3.061276722312016928E-16, 19.49999999999999645 ) ) ;
#1062 = CARTESIAN_POINT ( 'NONE',  ( 17.19999999999999929, 3.000000000000000000, 3.000000000000001776 ) ) ;
#1063 = CARTESIAN_POINT ( 'NONE',  ( -19.00000000000000355, 16.00000000000000355, 19.49999999999999645 ) ) ;
#1064 = PLANE ( 'NONE',  #568 ) ;
#1065 = ORIENTED_EDGE ( 'NONE', *, *, #262, .T. ) ;
#1066 = FACE_OUTER_BOUND ( 'NONE', #1316, .T. ) ;
#1067 = ADVANCED_FACE ( 'NONE', ( #1107 ), #217, .F. ) ;
#1068 = ORIENTED_EDGE ( 'NONE', *, *, #340, .T. ) ;
#1069 = DIRECTION ( 'NONE',  ( -0.000000000000000000, 1.000000000000000000, -1.275531967630005245E-16 ) ) ;
#1070 = CARTESIAN_POINT ( 'NONE',  ( -17.00000000000000000, 10.00000000000000178, 12.49999999999999645 ) ) ;
#1071 = AXIS2_PLACEMENT_3D ( 'NONE', #906, #302, #889 ) ;
#1072 = CARTESIAN_POINT ( 'NONE',  ( -16.41213203435596668, 17.19999999999999929, 2.212132034355963839 ) ) ;
#1073 = AXIS2_PLACEMENT_3D ( 'NONE', #153, #639, #401 ) ;
#1074 = APPROVAL_ROLE ( '' ) ;
#1075 = ORIENTED_EDGE ( 'NONE', *, *, #845, .T. ) ;
#1076 = LINE ( 'NONE', #1303, #32 ) ;
#1077 = VECTOR ( 'NONE', #290, 1000.000000000000000 ) ;
#1078 = AXIS2_PLACEMENT_3D ( 'NONE', #588, #1280, #1557 ) ;
#1079 = ORIENTED_EDGE ( 'NONE', *, *, #1038, .F. ) ;
#1080 = DIRECTION ( 'NONE',  ( 0.5773502691896243988, -0.5773502691896263972, 0.5773502691896263972 ) ) ;
#1081 = CARTESIAN_POINT ( 'NONE',  ( -19.00000000000000355, 17.00000000000000000, 18.50000000000000000 ) ) ;
#1082 = DIRECTION ( 'NONE',  ( 0.7071067811865462405, 0.000000000000000000, 0.7071067811865489050 ) ) ;
#1083 = DIRECTION ( 'NONE',  ( 0.000000000000000000, -1.224646799147352961E-16, -1.000000000000000000 ) ) ;
#1084 = DATE_TIME_ROLE ( 'classification_date' ) ;
#1085 = VERTEX_POINT ( 'NONE', #1220 ) ;
#1086 = DIRECTION ( 'NONE',  ( -1.000000000000000000, 0.000000000000000000, 0.000000000000000000 ) ) ;
#1087 = ORIENTED_EDGE ( 'NONE', *, *, #127, .T. ) ;
#1088 = EDGE_CURVE ( 'NONE', #1459, #949, #6, .T. ) ;
#1089 = DIRECTION ( 'NONE',  ( -0.7071067811865489050, 5.110978055611237266E-17, 0.7071067811865462405 ) ) ;
#1090 = CARTESIAN_POINT ( 'NONE',  ( 17.00000000000000000, -17.00000000000000000, -2.743283636428439759E-15 ) ) ;
#1091 = EDGE_LOOP ( 'NONE', ( #1100, #956, #996, #1031, #1238, #132, #755, #1304 ) ) ;
#1092 = CARTESIAN_POINT ( 'NONE',  ( 0.000000000000000000, 9.250000000000001776, 21.50000000000000000 ) ) ;
#1093 = EDGE_CURVE ( 'NONE', #1468, #1507, #581, .T. ) ;
#1094 = ORIENTED_EDGE ( 'NONE', *, *, #826, .T. ) ;
#1095 = CARTESIAN_POINT ( 'NONE',  ( 16.41213203435596668, -2.212132034355963839, 2.212132034355966059 ) ) ;
#1096 = VECTOR ( 'NONE', #649, 1000.000000000000000 ) ;
#1097 = ORIENTED_EDGE ( 'NONE', *, *, #1409, .F. ) ;
#1098 = PLANE ( 'NONE',  #969 ) ;
#1099 = CIRCLE ( 'NONE', #749, 8.250000000000000000 ) ;
#1100 = ORIENTED_EDGE ( 'NONE', *, *, #1384, .T. ) ;
#1101 = DIRECTION ( 'NONE',  ( 0.000000000000000000, 1.000000000000000000, -1.275531967630005492E-16 ) ) ;
#1102 = DIRECTION ( 'NONE',  ( 1.000000000000000000, 0.000000000000000000, 0.000000000000000000 ) ) ;
#1103 = ORIENTED_EDGE ( 'NONE', *, *, #60, .T. ) ;
#1104 = DIRECTION ( 'NONE',  ( 0.000000000000000000, -0.000000000000000000, 1.000000000000000000 ) ) ;
#1105 = EDGE_CURVE ( 'NONE', #812, #152, #1541, .T. ) ;
#1106 = EDGE_LOOP ( 'NONE', ( #332, #618, #647, #1087 ) ) ;
#1107 = FACE_OUTER_BOUND ( 'NONE', #529, .T. ) ;
#1108 = DIRECTION ( 'NONE',  ( -1.613696256722611405E-16, 0.000000000000000000, -1.000000000000000000 ) ) ;
#1109 = ORIENTED_EDGE ( 'NONE', *, *, #1378, .T. ) ;
#1110 = DIRECTION ( 'NONE',  ( 0.000000000000000000, 0.000000000000000000, -1.000000000000000000 ) ) ;
#1111 = EDGE_LOOP ( 'NONE', ( #1410, #1189, #1418, #1010 ) ) ;
#1112 = DIRECTION ( 'NONE',  ( 1.613696256722611405E-16, -0.000000000000000000, 1.000000000000000000 ) ) ;
#1113 = CARTESIAN_POINT ( 'NONE',  ( -16.41213203435596668, 17.19999999999999929, 1.787867965644036383 ) ) ;
#1114 = EDGE_CURVE ( 'NONE', #52, #1058, #966, .T. ) ;
#1115 = CARTESIAN_POINT ( 'NONE',  ( -10.46666666666667389, 3.733333333333348936, 7.733333333333351156 ) ) ;
#1116 = VERTEX_POINT ( 'NONE', #849 ) ;
#1117 = CARTESIAN_POINT ( 'NONE',  ( -17.19999999999999929, 17.19999999999999929, 3.000000000000000888 ) ) ;
#1118 = TOROIDAL_SURFACE ( 'NONE', #619, 1.000000000000000000, 2.000000000000000000 ) ;
#1119 = DIRECTION ( 'NONE',  ( -0.000000000000000000, -1.000000000000000000, 0.000000000000000000 ) ) ;
#1120 = AXIS2_PLACEMENT_3D ( 'NONE', #1017, #1011, #522 ) ;
#1121 = AXIS2_PLACEMENT_3D ( 'NONE', #291, #396, #901 ) ;
#1122 = CARTESIAN_POINT ( 'NONE',  ( 0.000000000000000000, -19.00000000000000355, 0.000000000000000000 ) ) ;
#1123 = AXIS2_PLACEMENT_3D ( 'NONE', #607, #1447, #367 ) ;
#1124 = ADVANCED_FACE ( 'NONE', ( #1331 ), #245, .F. ) ;
#1125 = DIRECTION ( 'NONE',  ( 1.224646799147353207E-16, 1.000000000000000000, 0.000000000000000000 ) ) ;
#1126 = VERTEX_POINT ( 'NONE', #1140 ) ;
#1127 = LINE ( 'NONE', #46, #1273 ) ;
#1128 = CARTESIAN_POINT ( 'NONE',  ( 16.41213203435596668, 2.212132034355963395, 2.212132034355964727 ) ) ;
#1129 = ORIENTED_EDGE ( 'NONE', *, *, #878, .F. ) ;
#1130 = LINE ( 'NONE', #1014, #368 ) ;
#1131 = PLANE ( 'NONE',  #1121 ) ;
#1132 = CARTESIAN_POINT ( 'NONE',  ( -16.41213203435596668, -2.212132034355960286, 2.212132034355962951 ) ) ;
#1133 = EDGE_CURVE ( 'NONE', #626, #52, #1049, .T. ) ;
#1134 = ORIENTED_EDGE ( 'NONE', *, *, #787, .F. ) ;
#1135 = LINE ( 'NONE', #783, #620 ) ;
#1136 = CARTESIAN_POINT ( 'NONE',  ( -17.00000000000000000, 16.00000000000000355, 21.50000000000000000 ) ) ;
#1137 = ADVANCED_FACE ( 'NONE', ( #155 ), #316, .T. ) ;
#1138 = DIRECTION ( 'NONE',  ( -0.000000000000000000, -1.275531967630005245E-16, -1.000000000000000000 ) ) ;
#1139 = VERTEX_POINT ( 'NONE', #42 ) ;
#1140 = CARTESIAN_POINT ( 'NONE',  ( -7.500000000000001776, -17.19999999999999929, 4.200000000000002842 ) ) ;
#1141 = DIRECTION ( 'NONE',  ( 0.000000000000000000, -1.000000000000000000, 0.000000000000000000 ) ) ;
#1142 = ORIENTED_EDGE ( 'NONE', *, *, #636, .T. ) ;
#1143 = LINE ( 'NONE', #1496, #1295 ) ;
#1144 = EDGE_CURVE ( 'NONE', #36, #514, #1486, .T. ) ;
#1145 = DIRECTION ( 'NONE',  ( -0.5773502691896243988, -0.5773502691896263972, 0.5773502691896263972 ) ) ;
#1146 = CIRCLE ( 'NONE', #868, 2.000000000000001776 ) ;
#1147 = ORIENTED_EDGE ( 'NONE', *, *, #1525, .T. ) ;
#1148 = DIRECTION ( 'NONE',  ( 1.613696256722611405E-16, 0.000000000000000000, 1.000000000000000000 ) ) ;
#1149 =( GEOMETRIC_REPRESENTATION_CONTEXT ( 3 ) GLOBAL_UNCERTAINTY_ASSIGNED_CONTEXT ( ( #699 ) ) GLOBAL_UNIT_ASSIGNED_CONTEXT ( ( #488, #1440, #730 ) ) REPRESENTATION_CONTEXT ( 'NONE', 'WORKASPACE' ) );
#1150 = ORIENTED_EDGE ( 'NONE', *, *, #364, .T. ) ;
#1151 = CARTESIAN_POINT ( 'NONE',  ( -16.41213203435596668, 2.212132034355962951, 1.787867965644038604 ) ) ;
#1152 = LOCAL_TIME ( 15, 46, 6.000000000000000000, #464 ) ;
#1153 = DIRECTION ( 'NONE',  ( -0.000000000000000000, -1.000000000000000000, 1.275531967630005492E-16 ) ) ;
#1154 = ADVANCED_FACE ( 'NONE', ( #1007 ), #162, .T. ) ;
#1155 = VERTEX_POINT ( 'NONE', #1249 ) ;
#1156 = CARTESIAN_POINT ( 'NONE',  ( 17.19999999999999929, 17.19999999999999929, -2.193914984323609042E-15 ) ) ;
#1157 = ADVANCED_FACE ( 'NONE', ( #1502 ), #1258, .T. ) ;
#1158 = EDGE_LOOP ( 'NONE', ( #778, #1165, #799, #1489, #981 ) ) ;
#1159 = DIRECTION ( 'NONE',  ( 0.000000000000000000, 0.000000000000000000, 1.000000000000000000 ) ) ;
#1160 = CARTESIAN_POINT ( 'NONE',  ( 19.00000000000000355, -17.00000000000000000, -1.444447458290426890E-31 ) ) ;
#1161 = ORIENTED_EDGE ( 'NONE', *, *, #528, .T. ) ;
#1162 = CARTESIAN_POINT ( 'NONE',  ( 17.00000000000000000, -19.00000000000000355, 0.000000000000000000 ) ) ;
#1163 = APPROVAL ( #1301, '未指定' ) ;
#1164 = DIRECTION ( 'NONE',  ( -1.000000000000000000, 0.000000000000000000, 1.613696256722611405E-16 ) ) ;
#1165 = ORIENTED_EDGE ( 'NONE', *, *, #1299, .F. ) ;
#1166 = DIRECTION ( 'NONE',  ( 0.000000000000000000, 0.000000000000000000, 1.000000000000000000 ) ) ;
#1167 = CARTESIAN_POINT ( 'NONE',  ( 17.00000000000000000, 17.00000000000000000, 21.50000000000000000 ) ) ;
#1168 = AXIS2_PLACEMENT_3D ( 'NONE', #1488, #520, #405 ) ;
#1169 = EDGE_CURVE ( 'NONE', #1404, #1116, #304, .T. ) ;
#1170 = CIRCLE ( 'NONE', #214, 2.000000000000001776 ) ;
#1171 = CARTESIAN_POINT ( 'NONE',  ( 19.00000000000000711, 17.00000000000000000, 18.50000000000000000 ) ) ;
#1172 = PERSON_AND_ORGANIZATION ( #750, #1051 ) ;
#1173 = ORIENTED_EDGE ( 'NONE', *, *, #781, .F. ) ;
#1174 = CARTESIAN_POINT ( 'NONE',  ( 7.499999999999997335, -19.00000000000000355, 2.423510738497010213E-15 ) ) ;
#1175 = ORIENTED_EDGE ( 'NONE', *, *, #12, .T. ) ;
#1176 = CARTESIAN_POINT ( 'NONE',  ( 17.00000000000000355, -10.00000000000000178, 12.49999999999999645 ) ) ;
#1177 = LINE ( 'NONE', #473, #442 ) ;
#1178 = CARTESIAN_POINT ( 'NONE',  ( 17.19999999999999929, 17.19999999999999929, 12.49999999999999289 ) ) ;
#1179 = EDGE_CURVE ( 'NONE', #197, #1155, #166, .T. ) ;
#1180 = CARTESIAN_POINT ( 'NONE',  ( 17.19999999999999929, -17.19999999999999929, 12.49999999999999645 ) ) ;
#1181 = APPLICATION_PROTOCOL_DEFINITION ( 'international standard', 'config_control_design', 1994, #374 ) ;
#1182 = ORIENTED_EDGE ( 'NONE', *, *, #167, .T. ) ;
#1183 = PLANE ( 'NONE',  #1244 ) ;
#1184 = ADVANCED_FACE ( 'NONE', ( #673 ), #651, .F. ) ;
#1185 = ORIENTED_EDGE ( 'NONE', *, *, #78, .F. ) ;
#1186 = CYLINDRICAL_SURFACE ( 'NONE', #1552, 2.000000000000001776 ) ;
#1187 = DIRECTION ( 'NONE',  ( 1.000000000000000000, -0.000000000000000000, -0.000000000000000000 ) ) ;
#1188 = DIRECTION ( 'NONE',  ( -0.7071067811865462405, -0.7071067811865489050, 0.000000000000000000 ) ) ;
#1189 = ORIENTED_EDGE ( 'NONE', *, *, #845, .F. ) ;
#1190 = FACE_OUTER_BOUND ( 'NONE', #847, .T. ) ;
#1191 = EDGE_CURVE ( 'NONE', #659, #521, #1130, .T. ) ;
#1192 = EDGE_LOOP ( 'NONE', ( #1338, #1309, #219, #1210 ) ) ;
#1193 = DIRECTION ( 'NONE',  ( 1.000000000000000000, 0.000000000000000000, 0.000000000000000000 ) ) ;
#1194 = CARTESIAN_POINT ( 'NONE',  ( -7.500000000000001776, -17.19999999999999929, 4.200000000000002842 ) ) ;
#1195 = AXIS2_PLACEMENT_3D ( 'NONE', #1435, #440, #1417 ) ;
#1196 = DIRECTION ( 'NONE',  ( 0.000000000000000000, -1.000000000000000000, 1.275531967630004999E-16 ) ) ;
#1197 = VECTOR ( 'NONE', #853, 1000.000000000000000 ) ;
#1198 = APPROVAL_STATUS ( 'not_yet_approved' ) ;
#1199 = ORIENTED_EDGE ( 'NONE', *, *, #423, .F. ) ;
#1200 = FACE_OUTER_BOUND ( 'NONE', #26, .T. ) ;
#1201 = CIRCLE ( 'NONE', #1227, 1.000000000000000888 ) ;
#1202 = CIRCLE ( 'NONE', #141, 2.000000000000000000 ) ;
#1203 = EDGE_LOOP ( 'NONE', ( #566, #879, #1482, #124 ) ) ;
#1204 = ADVANCED_FACE ( 'NONE', ( #1291 ), #1247, .T. ) ;
#1205 = LOCAL_TIME ( 15, 46, 6.000000000000000000, #704 ) ;
#1206 = DIRECTION ( 'NONE',  ( -0.000000000000000000, -1.000000000000000000, 1.020425574104004122E-16 ) ) ;
#1207 = ADVANCED_FACE ( 'NONE', ( #681 ), #1186, .T. ) ;
#1208 = CARTESIAN_POINT ( 'NONE',  ( 19.00000000000000355, -17.00000000000000000, 0.000000000000000000 ) ) ;
#1209 = PERSON_AND_ORGANIZATION ( #750, #1051 ) ;
#1210 = ORIENTED_EDGE ( 'NONE', *, *, #903, .F. ) ;
#1211 = DIRECTION ( 'NONE',  ( 1.613696256722611405E-16, 0.000000000000000000, 1.000000000000000000 ) ) ;
#1212 = ORIENTED_EDGE ( 'NONE', *, *, #308, .F. ) ;
#1213 = DIRECTION ( 'NONE',  ( -0.7071067811865435759, -0.000000000000000000, -0.7071067811865515695 ) ) ;
#1214 = PLANE ( 'NONE',  #1322 ) ;
#1215 = PRODUCT_RELATED_PRODUCT_CATEGORY ( 'detail', '', ( #478 ) ) ;
#1216 = ORIENTED_EDGE ( 'NONE', *, *, #1365, .T. ) ;
#1217 = CYLINDRICAL_SURFACE ( 'NONE', #844, 2.000000000000000000 ) ;
#1218 = ORIENTED_EDGE ( 'NONE', *, *, #1509, .T. ) ;
#1219 = ORIENTED_EDGE ( 'NONE', *, *, #682, .F. ) ;
#1220 = CARTESIAN_POINT ( 'NONE',  ( 7.499999999999996447, -17.19999999999999929, 2.193914984323609042E-15 ) ) ;
#1221 = CARTESIAN_POINT ( 'NONE',  ( 19.00000000000000711, 16.00000000000000355, 18.50000000000000000 ) ) ;
#1222 = LINE ( 'NONE', #718, #998 ) ;
#1223 = VECTOR ( 'NONE', #1153, 1000.000000000000000 ) ;
#1224 = ORIENTED_EDGE ( 'NONE', *, *, #909, .F. ) ;
#1225 = DIRECTION ( 'NONE',  ( 0.000000000000000000, 1.020425574104004122E-16, 1.000000000000000000 ) ) ;
#1226 = CIRCLE ( 'NONE', #135, 8.250000000000000000 ) ;
#1227 = AXIS2_PLACEMENT_3D ( 'NONE', #999, #1478, #404 ) ;
#1228 = VERTEX_POINT ( 'NONE', #1162 ) ;
#1229 = VECTOR ( 'NONE', #1469, 1000.000000000000000 ) ;
#1230 = FACE_OUTER_BOUND ( 'NONE', #93, .T. ) ;
#1231 = DIRECTION ( 'NONE',  ( -0.000000000000000000, -1.000000000000000000, -0.000000000000000000 ) ) ;
#1232 = EDGE_LOOP ( 'NONE', ( #251, #1240, #1216, #5 ) ) ;
#1233 = DIRECTION ( 'NONE',  ( 0.000000000000000000, 0.000000000000000000, 1.000000000000000000 ) ) ;
#1234 = VERTEX_POINT ( 'NONE', #213 ) ;
#1235 = EDGE_CURVE ( 'NONE', #514, #152, #571, .T. ) ;
#1236 = PLANE ( 'NONE',  #543 ) ;
#1237 = CARTESIAN_POINT ( 'NONE',  ( -17.19999999999999929, 17.19999999999999929, 3.000000000000000888 ) ) ;
#1238 = ORIENTED_EDGE ( 'NONE', *, *, #716, .F. ) ;
#1239 = DIRECTION ( 'NONE',  ( 0.000000000000000000, 0.000000000000000000, -1.000000000000000000 ) ) ;
#1240 = ORIENTED_EDGE ( 'NONE', *, *, #838, .T. ) ;
#1241 = DIRECTION ( 'NONE',  ( -1.000000000000000000, -0.000000000000000000, -0.000000000000000000 ) ) ;
#1242 = EDGE_LOOP ( 'NONE', ( #447, #667, #1443, #670 ) ) ;
#1243 = CARTESIAN_POINT ( 'NONE',  ( -17.00000000000000000, 1.989829869502807650E-15, 19.49999999999999645 ) ) ;
#1244 = AXIS2_PLACEMENT_3D ( 'NONE', #1042, #225, #1289 ) ;
#1245 = CARTESIAN_POINT ( 'NONE',  ( 19.00000000000000711, 19.00000000000000355, 18.50000000000000000 ) ) ;
#1246 = VECTOR ( 'NONE', #1344, 1000.000000000000000 ) ;
#1247 = TOROIDAL_SURFACE ( 'NONE', #1078, 9.250000000000001776, 1.000000000000000000 ) ;
#1248 = ORIENTED_EDGE ( 'NONE', *, *, #1368, .F. ) ;
#1249 = CARTESIAN_POINT ( 'NONE',  ( -17.19999999999999929, -6.123233995736766282E-16, 4.000000000000000000 ) ) ;
#1250 = DIRECTION ( 'NONE',  ( 0.000000000000000000, 1.020425574104004122E-16, 1.000000000000000000 ) ) ;
#1251 = EDGE_CURVE ( 'NONE', #395, #570, #1429, .T. ) ;
#1252 = VECTOR ( 'NONE', #215, 1000.000000000000000 ) ;
#1253 = EDGE_CURVE ( 'NONE', #604, #740, #832, .T. ) ;
#1254 = ORIENTED_EDGE ( 'NONE', *, *, #1509, .F. ) ;
#1255 = FACE_OUTER_BOUND ( 'NONE', #1561, .T. ) ;
#1256 = CARTESIAN_POINT ( 'NONE',  ( 19.00000000000000711, 16.00000000000000355, 19.50000000000000000 ) ) ;
#1257 = EDGE_LOOP ( 'NONE', ( #233, #241, #383, #303 ) ) ;
#1258 = CYLINDRICAL_SURFACE ( 'NONE', #38, 2.999999999999999112 ) ;
#1259 = DIRECTION ( 'NONE',  ( -0.000000000000000000, 1.000000000000000000, -1.275531967630003273E-16 ) ) ;
#1260 = EDGE_CURVE ( 'NONE', #1507, #1407, #418, .T. ) ;
#1261 = ORIENTED_EDGE ( 'NONE', *, *, #572, .T. ) ;
#1262 = CARTESIAN_POINT ( 'NONE',  ( 0.000000000000000000, 10.00000000000000178, 12.49999999999999645 ) ) ;
#1263 = CARTESIAN_POINT ( 'NONE',  ( -7.500000000000001776, -17.19999999999999929, 2.193914984323609042E-15 ) ) ;
#1264 = ORIENTED_EDGE ( 'NONE', *, *, #1169, .T. ) ;
#1265 = DIRECTION ( 'NONE',  ( -0.000000000000000000, 0.000000000000000000, 1.000000000000000000 ) ) ;
#1266 = VERTEX_POINT ( 'NONE', #319 ) ;
#1267 = FACE_OUTER_BOUND ( 'NONE', #707, .T. ) ;
#1268 = EDGE_CURVE ( 'NONE', #705, #1466, #77, .T. ) ;
#1269 = CARTESIAN_POINT ( 'NONE',  ( 0.000000000000000000, -2.040851148208010217E-16, 21.50000000000000000 ) ) ;
#1270 = VECTOR ( 'NONE', #1373, 1000.000000000000000 ) ;
#1271 = VERTEX_POINT ( 'NONE', #1044 ) ;
#1272 = CARTESIAN_POINT ( 'NONE',  ( 17.00000000000000355, -16.00000000000000355, 18.50000000000000355 ) ) ;
#1273 = VECTOR ( 'NONE', #301, 1000.000000000000000 ) ;
#1274 = AXIS2_PLACEMENT_3D ( 'NONE', #678, #454, #1542 ) ;
#1275 = AXIS2_PLACEMENT_3D ( 'NONE', #573, #105, #1534 ) ;
#1276 = ORIENTED_EDGE ( 'NONE', *, *, #1525, .F. ) ;
#1277 = CARTESIAN_POINT ( 'NONE',  ( -17.00000000000000000, 0.000000000000000000, 0.000000000000000000 ) ) ;
#1278 = LINE ( 'NONE', #419, #562 ) ;
#1279 = ORIENTED_EDGE ( 'NONE', *, *, #890, .T. ) ;
#1280 = DIRECTION ( 'NONE',  ( -0.000000000000000000, 0.000000000000000000, 1.000000000000000000 ) ) ;
#1281 = DIRECTION ( 'NONE',  ( 0.000000000000000000, 0.000000000000000000, 1.000000000000000000 ) ) ;
#1282 = DIRECTION ( 'NONE',  ( -0.7071067811865462405, 0.000000000000000000, -0.7071067811865489050 ) ) ;
#1283 = ORIENTED_EDGE ( 'NONE', *, *, #874, .F. ) ;
#1284 = CARTESIAN_POINT ( 'NONE',  ( -17.19999999999999929, 17.19999999999999929, -2.193914984323609042E-15 ) ) ;
#1285 = CARTESIAN_POINT ( 'NONE',  ( -17.00000000000000000, 17.00000000000000000, 12.49999999999999289 ) ) ;
#1286 = CARTESIAN_POINT ( 'NONE',  ( 16.28786796564403971, -2.087867965644036428, 2.087867965644037316 ) ) ;
#1287 = DATE_AND_TIME ( #1425, #191 ) ;
#1288 = ORIENTED_EDGE ( 'NONE', *, *, #23, .F. ) ;
#1289 = DIRECTION ( 'NONE',  ( 0.000000000000000000, -0.000000000000000000, 1.000000000000000000 ) ) ;
#1290 = EDGE_LOOP ( 'NONE', ( #1109, #1473 ) ) ;
#1291 = FACE_OUTER_BOUND ( 'NONE', #318, .T. ) ;
#1292 = VECTOR ( 'NONE', #109, 1000.000000000000000 ) ;
#1293 = EDGE_CURVE ( 'NONE', #465, #355, #872, .T. ) ;
#1294 = DIRECTION ( 'NONE',  ( 0.000000000000000000, -0.000000000000000000, 1.000000000000000000 ) ) ;
#1295 = VECTOR ( 'NONE', #1483, 1000.000000000000000 ) ;
#1296 = AXIS2_PLACEMENT_3D ( 'NONE', #412, #1141, #1015 ) ;
#1297 = DIRECTION ( 'NONE',  ( -1.000000000000000000, 0.000000000000000000, 0.000000000000000000 ) ) ;
#1298 = LINE ( 'NONE', #1072, #417 ) ;
#1299 = EDGE_CURVE ( 'NONE', #310, #465, #751, .T. ) ;
#1300 = AXIS2_PLACEMENT_3D ( 'NONE', #204, #480, #1166 ) ;
#1301 = APPROVAL_STATUS ( 'not_yet_approved' ) ;
#1302 = ORIENTED_EDGE ( 'NONE', *, *, #826, .F. ) ;
#1303 = CARTESIAN_POINT ( 'NONE',  ( 7.499999999999996447, -17.19999999999999929, 4.200000000000002842 ) ) ;
#1304 = ORIENTED_EDGE ( 'NONE', *, *, #216, .F. ) ;
#1305 = DIRECTION ( 'NONE',  ( -1.000000000000000000, 0.000000000000000000, 0.000000000000000000 ) ) ;
#1306 = CARTESIAN_POINT ( 'NONE',  ( -19.00000000000000355, -6.123233995736766282E-16, 4.000000000000000000 ) ) ;
#1307 = DIRECTION ( 'NONE',  ( 0.000000000000000000, -1.275531967630003273E-16, -1.000000000000000000 ) ) ;
#1308 = PERSON_AND_ORGANIZATION ( #750, #1051 ) ;
#1309 = ORIENTED_EDGE ( 'NONE', *, *, #293, .F. ) ;
#1310 = ORIENTED_EDGE ( 'NONE', *, *, #457, .F. ) ;
#1311 = DIRECTION ( 'NONE',  ( 1.000000000000000000, -0.000000000000000000, -0.000000000000000000 ) ) ;
#1312 = DIRECTION ( 'NONE',  ( -0.000000000000000000, 1.000000000000000000, -1.275531967630003273E-16 ) ) ;
#1313 = DIRECTION ( 'NONE',  ( -1.000000000000000000, 0.000000000000000000, 0.000000000000000000 ) ) ;
#1314 = DATE_AND_TIME ( #811, #1152 ) ;
#1315 = ADVANCED_FACE ( 'NONE', ( #470 ), #599, .T. ) ;
#1316 = EDGE_LOOP ( 'NONE', ( #1520, #1218, #443, #337 ) ) ;
#1317 = FACE_OUTER_BOUND ( 'NONE', #714, .T. ) ;
#1318 = ORIENTED_EDGE ( 'NONE', *, *, #30, .T. ) ;
#1319 = EDGE_CURVE ( 'NONE', #13, #455, #807, .T. ) ;
#1320 =( BOUNDED_CURVE ( )  B_SPLINE_CURVE ( 3, ( #1511, #37, #53, #431 ),
 .UNSPECIFIED., .F., .T. ) 
 B_SPLINE_CURVE_WITH_KNOTS ( ( 4, 4 ),
 ( 2.356194490192345281, 3.926990816987236066 ),
 .UNSPECIFIED. ) 
 CURVE ( )  GEOMETRIC_REPRESENTATION_ITEM ( )  RATIONAL_B_SPLINE_CURVE ( ( 1.000000000000000000, 0.8047378541243663808, 0.8047378541243663808, 1.000000000000000000 ) ) 
 REPRESENTATION_ITEM ( '' )  );
#1321 = VECTOR ( 'NONE', #1145, 1000.000000000000114 ) ;
#1322 = AXIS2_PLACEMENT_3D ( 'NONE', #261, #624, #1196 ) ;
#1323 = CARTESIAN_POINT ( 'NONE',  ( 19.00000000000000711, -17.00000000000000355, 18.50000000000000355 ) ) ;
#1324 = AXIS2_PLACEMENT_3D ( 'NONE', #1487, #526, #539 ) ;
#1325 = ORIENTED_EDGE ( 'NONE', *, *, #1114, .T. ) ;
#1326 = DIRECTION ( 'NONE',  ( 0.000000000000000000, 0.000000000000000000, -1.000000000000000000 ) ) ;
#1327 = AXIS2_PLACEMENT_3D ( 'NONE', #952, #1089, #1082 ) ;
#1328 = CC_DESIGN_APPROVAL ( #609, ( #1455 ) ) ;
#1329 = ORIENTED_EDGE ( 'NONE', *, *, #1464, .F. ) ;
#1330 = CC_DESIGN_PERSON_AND_ORGANIZATION_ASSIGNMENT ( #1172, #240, ( #492 ) ) ;
#1331 = FACE_OUTER_BOUND ( 'NONE', #1257, .T. ) ;
#1332 = DIRECTION ( 'NONE',  ( 0.000000000000000000, -1.000000000000000000, 1.275531967630003273E-16 ) ) ;
#1333 = EDGE_LOOP ( 'NONE', ( #434, #836, #892, #1134 ) ) ;
#1334 = DIRECTION ( 'NONE',  ( 0.000000000000000000, 1.020425574104004122E-16, 1.000000000000000000 ) ) ;
#1335 = EDGE_LOOP ( 'NONE', ( #1370, #825, #284, #1261 ) ) ;
#1336 = CARTESIAN_POINT ( 'NONE',  ( 16.41213203435596668, 2.212132034355963395, 2.212132034355964727 ) ) ;
#1337 = CARTESIAN_POINT ( 'NONE',  ( -17.00000000000000000, 19.00000000000000355, 0.000000000000000000 ) ) ;
#1338 = ORIENTED_EDGE ( 'NONE', *, *, #327, .T. ) ;
#1339 = CARTESIAN_POINT ( 'NONE',  ( 8.250000000000000000, -3.061276722312016928E-16, 20.49999999999999645 ) ) ;
#1340 = DIRECTION ( 'NONE',  ( 0.000000000000000000, 0.000000000000000000, -1.000000000000000000 ) ) ;
#1341 = CARTESIAN_POINT ( 'NONE',  ( -19.00000000000000355, 17.00000000000000000, 0.000000000000000000 ) ) ;
#1342 = LINE ( 'NONE', #1113, #948 ) ;
#1343 = EDGE_CURVE ( 'NONE', #1234, #1058, #190, .T. ) ;
#1344 = DIRECTION ( 'NONE',  ( -0.000000000000000000, -1.275531967630005492E-16, -1.000000000000000000 ) ) ;
#1345 = VECTOR ( 'NONE', #69, 1000.000000000000000 ) ;
#1346 = ORIENTED_EDGE ( 'NONE', *, *, #232, .F. ) ;
#1347 = CARTESIAN_POINT ( 'NONE',  ( -19.00000000000000355, 0.000000000000000000, 0.000000000000000000 ) ) ;
#1348 = EDGE_CURVE ( 'NONE', #859, #28, #227, .T. ) ;
#1349 = CIRCLE ( 'NONE', #1073, 1.000000000000000888 ) ;
#1350 = AXIS2_PLACEMENT_3D ( 'NONE', #143, #1213, #1414 ) ;
#1351 = ORIENTED_EDGE ( 'NONE', *, *, #262, .F. ) ;
#1352 = VECTOR ( 'NONE', #1069, 1000.000000000000000 ) ;
#1353 = LINE ( 'NONE', #756, #441 ) ;
#1354 = LINE ( 'NONE', #1360, #394 ) ;
#1355 = EDGE_LOOP ( 'NONE', ( #385, #1075, #165, #1382 ) ) ;
#1356 = CARTESIAN_POINT ( 'NONE',  ( 17.19999999999999929, 3.000000000000000000, 1.000000000000001776 ) ) ;
#1357 = EDGE_CURVE ( 'NONE', #56, #125, #1202, .T. ) ;
#1358 = ORIENTED_EDGE ( 'NONE', *, *, #292, .F. ) ;
#1359 = CARTESIAN_POINT ( 'NONE',  ( 16.28786796564403971, -2.087867965644036428, 1.912132034355967125 ) ) ;
#1360 = CARTESIAN_POINT ( 'NONE',  ( -17.00000000000000000, -16.00000000000000000, 21.50000000000000000 ) ) ;
#1361 = DIRECTION ( 'NONE',  ( 0.000000000000000000, 0.000000000000000000, 1.000000000000000000 ) ) ;
#1362 = MANIFOLD_SOLID_BREP ( '倒角1', #941 ) ;
#1363 = VERTEX_POINT ( 'NONE', #815 ) ;
#1364 = CARTESIAN_POINT ( 'NONE',  ( 0.000000000000000000, -16.00000000000000355, 18.50000000000000355 ) ) ;
#1365 = EDGE_CURVE ( 'NONE', #1390, #535, #1438, .T. ) ;
#1366 = FACE_OUTER_BOUND ( 'NONE', #427, .T. ) ;
#1367 = CARTESIAN_POINT ( 'NONE',  ( 17.00000000000000355, 17.00000000000000000, 12.49999999999999645 ) ) ;
#1368 = EDGE_CURVE ( 'NONE', #814, #406, #317, .T. ) ;
#1369 = CARTESIAN_POINT ( 'NONE',  ( -17.00000000000000000, 10.00000000000000178, 19.49999999999999645 ) ) ;
#1370 = ORIENTED_EDGE ( 'NONE', *, *, #961, .T. ) ;
#1371 = CYLINDRICAL_SURFACE ( 'NONE', #468, 7.000000000000000000 ) ;
#1372 = VECTOR ( 'NONE', #972, 1000.000000000000000 ) ;
#1373 = DIRECTION ( 'NONE',  ( -1.000000000000000000, 0.000000000000000000, -0.000000000000000000 ) ) ;
#1374 = CIRCLE ( 'NONE', #692, 2.000000000000000000 ) ;
#1375 = AXIS2_PLACEMENT_3D ( 'NONE', #51, #1265, #180 ) ;
#1376 = VERTEX_POINT ( 'NONE', #579 ) ;
#1377 = FACE_BOUND ( 'NONE', #559, .T. ) ;
#1378 = EDGE_CURVE ( 'NONE', #169, #192, #921, .T. ) ;
#1379 = AXIS2_PLACEMENT_3D ( 'NONE', #444, #86, #925 ) ;
#1380 = ORIENTED_EDGE ( 'NONE', *, *, #1537, .T. ) ;
#1381 = CARTESIAN_POINT ( 'NONE',  ( 17.19999999999999929, -17.19999999999999929, 12.49999999999999645 ) ) ;
#1382 = ORIENTED_EDGE ( 'NONE', *, *, #909, .T. ) ;
#1383 = CARTESIAN_POINT ( 'NONE',  ( 17.00000000000000355, -16.00000000000000355, 21.50000000000000000 ) ) ;
#1384 = EDGE_CURVE ( 'NONE', #469, #1126, #133, .T. ) ;
#1385 = EDGE_LOOP ( 'NONE', ( #1004, #110, #20, #371 ) ) ;
#1386 = DIRECTION ( 'NONE',  ( 1.000000000000000000, -0.000000000000000000, 0.000000000000000000 ) ) ;
#1387 = DIRECTION ( 'NONE',  ( 0.000000000000000000, 0.000000000000000000, -1.000000000000000000 ) ) ;
#1388 = VERTEX_POINT ( 'NONE', #631 ) ;
#1389 = APPLICATION_CONTEXT ( 'configuration controlled 3d designs of mechanical parts and assemblies' ) ;
#1390 = VERTEX_POINT ( 'NONE', #510 ) ;
#1391 = DIRECTION ( 'NONE',  ( -1.807003620809166867E-17, 1.000000000000000000, -9.035018104045869462E-17 ) ) ;
#1392 = EDGE_CURVE ( 'NONE', #802, #58, #544, .T. ) ;
#1393 = CARTESIAN_POINT ( 'NONE',  ( 16.53333333333333499, 2.333333333333331705, 2.333333333333333037 ) ) ;
#1394 = AXIS2_PLACEMENT_3D ( 'NONE', #1381, #311, #671 ) ;
#1395 = VECTOR ( 'NONE', #416, 1000.000000000000000 ) ;
#1396 = EDGE_LOOP ( 'NONE', ( #1351, #1016, #76, #493 ) ) ;
#1397 = AXIS2_PLACEMENT_3D ( 'NONE', #1090, #1108, #608 ) ;
#1398 = VECTOR ( 'NONE', #548, 1000.000000000000000 ) ;
#1399 = VECTOR ( 'NONE', #328, 1000.000000000000000 ) ;
#1400 = APPROVAL_PERSON_ORGANIZATION ( #720, #255, #1527 ) ;
#1401 = DIRECTION ( 'NONE',  ( 1.613696256722611405E-16, 0.000000000000000000, 1.000000000000000000 ) ) ;
#1402 = EDGE_CURVE ( 'NONE', #1466, #36, #979, .T. ) ;
#1403 = DIRECTION ( 'NONE',  ( 0.000000000000000000, -1.000000000000000000, 0.000000000000000000 ) ) ;
#1404 = VERTEX_POINT ( 'NONE', #1523 ) ;
#1405 = DIRECTION ( 'NONE',  ( 0.000000000000000000, 0.000000000000000000, 1.000000000000000000 ) ) ;
#1406 = DIRECTION ( 'NONE',  ( -0.7071067811865489050, 0.7071067811865462405, 0.000000000000000000 ) ) ;
#1407 = VERTEX_POINT ( 'NONE', #1081 ) ;
#1408 = CARTESIAN_POINT ( 'NONE',  ( 0.000000000000000000, 0.000000000000000000, 19.49999999999999645 ) ) ;
#1409 = EDGE_CURVE ( 'NONE', #1139, #1466, #700, .T. ) ;
#1410 = ORIENTED_EDGE ( 'NONE', *, *, #970, .T. ) ;
#1411 = CARTESIAN_POINT ( 'NONE',  ( -17.00000000000000000, 17.00000000000000000, 0.000000000000000000 ) ) ;
#1412 = EDGE_CURVE ( 'NONE', #420, #570, #321, .T. ) ;
#1413 = CARTESIAN_POINT ( 'NONE',  ( -19.00000000000000355, -12.00000000000000000, 4.000000000000001776 ) ) ;
#1414 = DIRECTION ( 'NONE',  ( 0.000000000000000000, -1.000000000000000000, 0.000000000000000000 ) ) ;
#1415 = DIRECTION ( 'NONE',  ( 0.000000000000000000, 1.000000000000000000, 0.000000000000000000 ) ) ;
#1416 = ORIENTED_EDGE ( 'NONE', *, *, #572, .F. ) ;
#1417 = DIRECTION ( 'NONE',  ( 0.000000000000000000, 0.000000000000000000, 1.000000000000000000 ) ) ;
#1418 = ORIENTED_EDGE ( 'NONE', *, *, #60, .F. ) ;
#1419 = CARTESIAN_POINT ( 'NONE',  ( -19.00000000000000000, 16.00000000000000355, 21.50000000000000000 ) ) ;
#1420 = ORIENTED_EDGE ( 'NONE', *, *, #196, .T. ) ;
#1421 = EDGE_CURVE ( 'NONE', #469, #640, #688, .T. ) ;
#1422 = AXIS2_PLACEMENT_3D ( 'NONE', #1364, #668, #285 ) ;
#1423 = AXIS2_PLACEMENT_3D ( 'NONE', #330, #557, #1281 ) ;
#1424 = FACE_BOUND ( 'NONE', #663, .T. ) ;
#1425 = CALENDAR_DATE ( 2026, 16, 6 ) ;
#1426 = VERTEX_POINT ( 'NONE', #452 ) ;
#1427 = DIRECTION ( 'NONE',  ( 0.000000000000000000, 0.000000000000000000, 1.000000000000000000 ) ) ;
#1428 = ORIENTED_EDGE ( 'NONE', *, *, #2, .T. ) ;
#1429 = LINE ( 'NONE', #596, #977 ) ;
#1430 = DIRECTION ( 'NONE',  ( 1.000000000000000000, 0.000000000000000000, 0.000000000000000000 ) ) ;
#1431 = PRODUCT_DEFINITION_SHAPE ( 'NONE', 'NONE',  #492 ) ;
#1432 = EDGE_CURVE ( 'NONE', #1495, #685, #848, .T. ) ;
#1433 = APPROVAL_ROLE ( '' ) ;
#1434 = EDGE_LOOP ( 'NONE', ( #512, #552, #1504, #1276 ) ) ;
#1435 = CARTESIAN_POINT ( 'NONE',  ( 16.62426406871193052, 3.000000000000000000, 2.000000000000001776 ) ) ;
#1436 = EDGE_CURVE ( 'NONE', #685, #1388, #1177, .T. ) ;
#1437 = ORIENTED_EDGE ( 'NONE', *, *, #99, .F. ) ;
#1438 = LINE ( 'NONE', #222, #774 ) ;
#1439 = FACE_OUTER_BOUND ( 'NONE', #533, .T. ) ;
#1440 =( NAMED_UNIT ( * ) PLANE_ANGLE_UNIT ( ) SI_UNIT ( $, .RADIAN. ) );
#1441 = DIRECTION ( 'NONE',  ( 0.000000000000000000, 0.000000000000000000, 1.000000000000000000 ) ) ;
#1442 = SHAPE_DEFINITION_REPRESENTATION ( #1431, #462 ) ;
#1443 = ORIENTED_EDGE ( 'NONE', *, *, #131, .F. ) ;
#1444 = DIRECTION ( 'NONE',  ( 0.7071067811865462405, 0.7071067811865489050, 0.000000000000000000 ) ) ;
#1445 = ORIENTED_EDGE ( 'NONE', *, *, #597, .T. ) ;
#1446 = LINE ( 'NONE', #856, #598 ) ;
#1447 = DIRECTION ( 'NONE',  ( 1.000000000000000000, 0.000000000000000000, -1.613696256722611405E-16 ) ) ;
#1448 = VECTOR ( 'NONE', #506, 1000.000000000000000 ) ;
#1449 = CARTESIAN_POINT ( 'NONE',  ( -17.00000000000000000, -17.00000000000000000, 4.336808689942018525E-15 ) ) ;
#1450 = AXIS2_PLACEMENT_3D ( 'NONE', #207, #710, #934 ) ;
#1451 = ORIENTED_EDGE ( 'NONE', *, *, #1018, .F. ) ;
#1452 = DIRECTION ( 'NONE',  ( -1.000000000000000000, 0.000000000000000000, 1.613696256722611405E-16 ) ) ;
#1453 = VECTOR ( 'NONE', #932, 1000.000000000000000 ) ;
#1454 = EDGE_CURVE ( 'NONE', #36, #1126, #1540, .T. ) ;
#1455 = PRODUCT_DEFINITION_FORMATION_WITH_SPECIFIED_SOURCE ( '任何', '', #478, .NOT_KNOWN. ) ;
#1456 = ORIENTED_EDGE ( 'NONE', *, *, #1384, .F. ) ;
#1457 = CARTESIAN_POINT ( 'NONE',  ( 17.00000000000000000, 17.00000000000000000, -2.743283636428439759E-15 ) ) ;
#1458 = FACE_OUTER_BOUND ( 'NONE', #1158, .T. ) ;
#1459 = VERTEX_POINT ( 'NONE', #1413 ) ;
#1460 = FACE_OUTER_BOUND ( 'NONE', #1106, .T. ) ;
#1461 = ORIENTED_EDGE ( 'NONE', *, *, #1343, .F. ) ;
#1462 = EDGE_CURVE ( 'NONE', #945, #604, #589, .T. ) ;
#1463 = DIRECTION ( 'NONE',  ( 0.000000000000000000, 1.000000000000000000, -1.020425574104004122E-16 ) ) ;
#1464 = EDGE_CURVE ( 'NONE', #788, #1407, #727, .T. ) ;
#1465 = CARTESIAN_POINT ( 'NONE',  ( 17.19999999999999929, 17.19999999999999929, 12.49999999999999289 ) ) ;
#1466 = VERTEX_POINT ( 'NONE', #95 ) ;
#1467 = LINE ( 'NONE', #611, #1448 ) ;
#1468 = VERTEX_POINT ( 'NONE', #445 ) ;
#1469 = DIRECTION ( 'NONE',  ( -1.000000000000000000, 0.000000000000000000, 0.000000000000000000 ) ) ;
#1470 = CARTESIAN_POINT ( 'NONE',  ( -17.19999999999999929, -17.19999999999999929, 12.49999999999999645 ) ) ;
#1471 = LINE ( 'NONE', #389, #1519 ) ;
#1472 = TOROIDAL_SURFACE ( 'NONE', #309, 1.000000000000000000, 2.000000000000000000 ) ;
#1473 = ORIENTED_EDGE ( 'NONE', *, *, #781, .T. ) ;
#1474 = CARTESIAN_POINT ( 'NONE',  ( -19.00000000000000355, -17.00000000000000000, 0.000000000000000000 ) ) ;
#1475 = VECTOR ( 'NONE', #550, 1000.000000000000000 ) ;
#1476 = VECTOR ( 'NONE', #1297, 1000.000000000000000 ) ;
#1477 = ORIENTED_EDGE ( 'NONE', *, *, #131, .T. ) ;
#1478 = DIRECTION ( 'NONE',  ( 1.000000000000000000, -0.000000000000000000, -1.613696256722611405E-16 ) ) ;
#1479 = APPROVAL_PERSON_ORGANIZATION ( #482, #609, #1074 ) ;
#1480 = DIRECTION ( 'NONE',  ( 0.000000000000000000, -1.000000000000000000, 1.275531967630005245E-16 ) ) ;
#1481 = EDGE_CURVE ( 'NONE', #521, #395, #205, .T. ) ;
#1482 = ORIENTED_EDGE ( 'NONE', *, *, #1319, .T. ) ;
#1483 = DIRECTION ( 'NONE',  ( -0.000000000000000000, -1.275531967630005245E-16, -1.000000000000000000 ) ) ;
#1484 = EDGE_CURVE ( 'NONE', #1563, #1155, #940, .T. ) ;
#1485 = LINE ( 'NONE', #656, #1549 ) ;
#1486 = LINE ( 'NONE', #664, #1077 ) ;
#1487 = CARTESIAN_POINT ( 'NONE',  ( 7.499999999999996447, -17.00000000000000000, 4.200000000000002842 ) ) ;
#1488 = CARTESIAN_POINT ( 'NONE',  ( -27.00000000000000355, -6.123233995736766282E-16, 4.000000000000000000 ) ) ;
#1489 = ORIENTED_EDGE ( 'NONE', *, *, #561, .T. ) ;
#1490 = FACE_OUTER_BOUND ( 'NONE', #1036, .T. ) ;
#1491 = FACE_OUTER_BOUND ( 'NONE', #1053, .T. ) ;
#1492 = CC_DESIGN_PERSON_AND_ORGANIZATION_ASSIGNMENT ( #1308, #603, ( #1455 ) ) ;
#1493 = ORIENTED_EDGE ( 'NONE', *, *, #711, .F. ) ;
#1494 = CARTESIAN_POINT ( 'NONE',  ( -19.00000000000000355, -12.00000000000000000, 11.00000000000001421 ) ) ;
#1495 = VERTEX_POINT ( 'NONE', #1285 ) ;
#1496 = CARTESIAN_POINT ( 'NONE',  ( 17.19999999999999929, 17.19999999999999929, 12.49999999999999289 ) ) ;
#1497 = DIRECTION ( 'NONE',  ( 1.646656929195653044E-32, -1.000000000000000000, 1.020425574104004122E-16 ) ) ;
#1498 = CIRCLE ( 'NONE', #336, 1.000000000000000888 ) ;
#1499 = ADVANCED_FACE ( 'NONE', ( #1439 ), #926, .T. ) ;
#1500 = AXIS2_PLACEMENT_3D ( 'NONE', #613, #386, #509 ) ;
#1501 = ORIENTED_EDGE ( 'NONE', *, *, #1144, .F. ) ;
#1502 = FACE_OUTER_BOUND ( 'NONE', #1355, .T. ) ;
#1503 = CARTESIAN_POINT ( 'NONE',  ( 0.000000000000000000, 8.250000000000000000, 20.49999999999999645 ) ) ;
#1504 = ORIENTED_EDGE ( 'NONE', *, *, #2, .F. ) ;
#1505 = DIRECTION ( 'NONE',  ( 0.000000000000000000, -1.000000000000000000, 0.000000000000000000 ) ) ;
#1506 = FACE_BOUND ( 'NONE', #595, .T. ) ;
#1507 = VERTEX_POINT ( 'NONE', #79 ) ;
#1508 = LINE ( 'NONE', #189, #163 ) ;
#1509 = EDGE_CURVE ( 'NONE', #479, #118, #1342, .T. ) ;
#1510 = ORIENTED_EDGE ( 'NONE', *, *, #402, .T. ) ;
#1511 = CARTESIAN_POINT ( 'NONE',  ( -16.41213203435596668, 2.212132034355962951, 2.212132034355966503 ) ) ;
#1512 = LINE ( 'NONE', #171, #767 ) ;
#1513 = ORIENTED_EDGE ( 'NONE', *, *, #1365, .F. ) ;
#1514 = ADVANCED_FACE ( 'NONE', ( #397 ), #967, .F. ) ;
#1515 = ORIENTED_EDGE ( 'NONE', *, *, #508, .T. ) ;
#1516 = DIRECTION ( 'NONE',  ( -1.000000000000000000, 0.000000000000000000, 1.613696256722611405E-16 ) ) ;
#1517 = DIRECTION ( 'NONE',  ( 0.000000000000000000, 0.000000000000000000, 1.000000000000000000 ) ) ;
#1518 = AXIS2_PLACEMENT_3D ( 'NONE', #1408, #324, #694 ) ;
#1519 = VECTOR ( 'NONE', #993, 1000.000000000000000 ) ;
#1520 = ORIENTED_EDGE ( 'NONE', *, *, #759, .F. ) ;
#1521 = DIRECTION ( 'NONE',  ( -1.224646799147351482E-16, 1.000000000000000000, 0.000000000000000000 ) ) ;
#1522 = VECTOR ( 'NONE', #428, 1000.000000000000000 ) ;
#1523 = CARTESIAN_POINT ( 'NONE',  ( 16.41213203435596668, -2.212132034355963395, 1.787867965644039048 ) ) ;
#1524 = CC_DESIGN_APPROVAL ( #255, ( #88 ) ) ;
#1525 = EDGE_CURVE ( 'NONE', #740, #1234, #1354, .T. ) ;
#1526 = LINE ( 'NONE', #919, #497 ) ;
#1527 = APPROVAL_ROLE ( '' ) ;
#1528 = EDGE_LOOP ( 'NONE', ( #1039, #175, #1538, #865 ) ) ;
#1529 = PLANE ( 'NONE',  #1518 ) ;
#1530 = ADVANCED_FACE ( 'NONE', ( #7 ), #122, .F. ) ;
#1531 = ORIENTED_EDGE ( 'NONE', *, *, #327, .F. ) ;
#1532 = DIRECTION ( 'NONE',  ( 0.000000000000000000, 0.000000000000000000, 1.000000000000000000 ) ) ;
#1533 = CARTESIAN_POINT ( 'NONE',  ( -7.500000000000001776, -19.00000000000000355, 4.200000000000002842 ) ) ;
#1534 = DIRECTION ( 'NONE',  ( 1.000000000000000000, 0.000000000000000000, 0.000000000000000000 ) ) ;
#1535 = ORIENTED_EDGE ( 'NONE', *, *, #17, .F. ) ;
#1536 = DIRECTION ( 'NONE',  ( 0.000000000000000000, 0.000000000000000000, 1.000000000000000000 ) ) ;
#1537 = EDGE_CURVE ( 'NONE', #1266, #458, #1508, .T. ) ;
#1538 = ORIENTED_EDGE ( 'NONE', *, *, #1484, .F. ) ;
#1539 = DIRECTION ( 'NONE',  ( -0.000000000000000000, -1.275531967630005245E-16, -1.000000000000000000 ) ) ;
#1540 = LINE ( 'NONE', #1194, #669 ) ;
#1541 = LINE ( 'NONE', #487, #1550 ) ;
#1542 = DIRECTION ( 'NONE',  ( 1.000000000000000000, 0.000000000000000000, 0.000000000000000000 ) ) ;
#1543 = DATE_AND_TIME ( #820, #801 ) ;
#1544 = ORIENTED_EDGE ( 'NONE', *, *, #1464, .T. ) ;
#1545 = CARTESIAN_POINT ( 'NONE',  ( 17.19999999999999929, -3.000000000000000000, 1.000000000000002442 ) ) ;
#1546 = VERTEX_POINT ( 'NONE', #1156 ) ;
#1547 = DIRECTION ( 'NONE',  ( 1.000000000000000000, 1.224646799147353207E-16, -1.249660913094568882E-32 ) ) ;
#1548 = ADVANCED_FACE ( 'NONE', ( #554 ), #97, .T. ) ;
#1549 = VECTOR ( 'NONE', #1138, 1000.000000000000000 ) ;
#1550 = VECTOR ( 'NONE', #134, 1000.000000000000000 ) ;
#1551 = FACE_OUTER_BOUND ( 'NONE', #882, .T. ) ;
#1552 = AXIS2_PLACEMENT_3D ( 'NONE', #198, #111, #356 ) ;
#1553 = PERSON_AND_ORGANIZATION_ROLE ( 'classification_officer' ) ;
#1554 = ORIENTED_EDGE ( 'NONE', *, *, #687, .F. ) ;
#1555 = CARTESIAN_POINT ( 'NONE',  ( -17.00000000000000000, 16.00000000000000355, 18.50000000000000000 ) ) ;
#1556 = ORIENTED_EDGE ( 'NONE', *, *, #196, .F. ) ;
#1557 = DIRECTION ( 'NONE',  ( 1.000000000000000000, 0.000000000000000000, 0.000000000000000000 ) ) ;
#1558 = DIRECTION ( 'NONE',  ( 0.000000000000000000, -9.912705577010326536E-16, 1.000000000000000000 ) ) ;
#1559 = FACE_OUTER_BOUND ( 'NONE', #1055, .T. ) ;
#1560 = CALENDAR_DATE ( 2026, 16, 6 ) ;
#1561 = EDGE_LOOP ( 'NONE', ( #1043, #67, #829, #490 ) ) ;
#1562 = CARTESIAN_POINT ( 'NONE',  ( 0.000000000000000000, -3.061276722312016928E-16, 20.49999999999999645 ) ) ;
#1563 = VERTEX_POINT ( 'NONE', #1306 ) ;
ENDSEC;
END-ISO-10303-21;
