ISO-10303-21;
HEADER;
FILE_DESCRIPTION (( 'STEP AP203' ),
    '1' );
FILE_NAME ('手柄.STEP',
    '2026-06-03T06:37:07',
    ( '' ),
    ( '' ),
    'SwSTEP 2.0',
    'SolidWorks 2021',
    '' );
FILE_SCHEMA (( 'CONFIG_CONTROL_DESIGN' ));
ENDSEC;

DATA;
#1 = CARTESIAN_POINT ( 'NONE',  ( 24.14999999999999147, -24.29999999999999716, -21.73578643762691343 ) ) ;
#2 = LINE ( 'NONE', #5044, #1429 ) ;
#3 = CC_DESIGN_DATE_AND_TIME_ASSIGNMENT ( #3799, #4945, ( #4753 ) ) ;
#4 = FACE_OUTER_BOUND ( 'NONE', #3581, .T. ) ;
#5 = ORIENTED_EDGE ( 'NONE', *, *, #4954, .T. ) ;
#6 = CARTESIAN_POINT ( 'NONE',  ( -8.700061631382640215, -97.58022337919881295, -3.923222345294218982 ) ) ;
#7 = CARTESIAN_POINT ( 'NONE',  ( 9.581595758427653209, -92.10178298158353982, -1.427207926711025365 ) ) ;
#8 = VERTEX_POINT ( 'NONE', #935 ) ;
#9 = CARTESIAN_POINT ( 'NONE',  ( -6.406854249492381470, -6.993145750507616221, -20.15000000000000213 ) ) ;
#10 = CARTESIAN_POINT ( 'NONE',  ( 7.818107280003586013, -109.8417537479883777, -5.263003651868027433 ) ) ;
#11 = EDGE_CURVE ( 'NONE', #245, #5352, #4817, .T. ) ;
#12 = CARTESIAN_POINT ( 'NONE',  ( 24.14999999999999147, -24.29999999999999716, -21.73578643762691343 ) ) ;
#13 = DIRECTION ( 'NONE',  ( -1.000000000000000000, 0.000000000000000000, 6.897508850802415061E-17 ) ) ;
#14 = EDGE_LOOP ( 'NONE', ( #3699, #3113, #1502, #711, #5767, #6877, #4839, #4667 ) ) ;
#15 = ADVANCED_FACE ( 'NONE', ( #4433 ), #3278, .F. ) ;
#16 = VERTEX_POINT ( 'NONE', #6579 ) ;
#17 = CIRCLE ( 'NONE', #950, 2.000000000000000888 ) ;
#18 = VECTOR ( 'NONE', #1700, 1000.000000000000000 ) ;
#19 = EDGE_LOOP ( 'NONE', ( #5648, #1107, #6652 ) ) ;
#20 = CARTESIAN_POINT ( 'NONE',  ( 3.618399029330065186, -127.9311210210654082, -37.93924747931035313 ) ) ;
#21 = AXIS2_PLACEMENT_3D ( 'NONE', #943, #4370, #7146 ) ;
#22 = CARTESIAN_POINT ( 'NONE',  ( -13.85000000000000675, -12.65000000000000036, -29.15000000000000568 ) ) ;
#23 = DIRECTION ( 'NONE',  ( 0.8660254037844385966, 0.5000000000000000000, 0.000000000000000000 ) ) ;
#24 = VECTOR ( 'NONE', #952, 1000.000000000000000 ) ;
#25 = CARTESIAN_POINT ( 'NONE',  ( -10.61385857676452815, -24.29999999999999716, -25.15000000000000568 ) ) ;
#26 = CIRCLE ( 'NONE', #962, 1.050000000000000488 ) ;
#27 = VERTEX_POINT ( 'NONE', #2095 ) ;
#28 = CARTESIAN_POINT ( 'NONE',  ( -0.8500000000000045297, -1.031049961377747515, -29.15000000000000568 ) ) ;
#29 = DIRECTION ( 'NONE',  ( 0.000000000000000000, 1.000000000000000000, -0.000000000000000000 ) ) ;
#30 = CARTESIAN_POINT ( 'NONE',  ( -2.487063435501904340, -25.29999999999999361, -20.20890771264115315 ) ) ;
#31 = CARTESIAN_POINT ( 'NONE',  ( 10.64999999999996838, -3.299999999999976730, 22.15000000000000213 ) ) ;
#32 = CARTESIAN_POINT ( 'NONE',  ( -0.9319323494440745481, -25.30000000000000782, -24.16887906549553477 ) ) ;
#33 = DIRECTION ( 'NONE',  ( 0.7071067811865483499, 0.000000000000000000, 0.7071067811865466846 ) ) ;
#34 = CARTESIAN_POINT ( 'NONE',  ( -3.420346981349307480, -122.6728069419544198, -3.538395341058677257 ) ) ;
#35 = ORIENTED_EDGE ( 'NONE', *, *, #6569, .F. ) ;
#36 = DIRECTION ( 'NONE',  ( -1.000000000000000000, 0.000000000000000000, 6.897508850802415061E-17 ) ) ;
#37 = CARTESIAN_POINT ( 'NONE',  ( -4.767892387538224419, -25.30000000000000071, -24.16888564459128830 ) ) ;
#38 = CARTESIAN_POINT ( 'NONE',  ( -7.375627346050037225, -90.99796331377153535, 0.4020415993500477958 ) ) ;
#39 = CARTESIAN_POINT ( 'NONE',  ( -7.375627346049475008, -107.8143174813417602, -2.563135357542557280 ) ) ;
#40 = FACE_OUTER_BOUND ( 'NONE', #3841, .T. ) ;
#41 = CARTESIAN_POINT ( 'NONE',  ( -3.787368454840759405E-14, -120.8986963996895128, -17.01516173353738282 ) ) ;
#42 = ADVANCED_FACE ( 'NONE', ( #4872 ), #418, .T. ) ;
#43 = CARTESIAN_POINT ( 'NONE',  ( -12.03347682474237601, -126.7054424708289844, -32.63173467657572502 ) ) ;
#44 = CARTESIAN_POINT ( 'NONE',  ( 1.125282703498181824, -102.3028182583436632, -1.609564491805512532 ) ) ;
#45 = CARTESIAN_POINT ( 'NONE',  ( 1.509567366379654052, -91.23353062969546556, 0.3240087641988244060 ) ) ;
#46 = ORIENTED_EDGE ( 'NONE', *, *, #1444, .F. ) ;
#47 = DIRECTION ( 'NONE',  ( -1.000000000000000000, 0.000000000000000000, 0.000000000000000000 ) ) ;
#48 = CARTESIAN_POINT ( 'NONE',  ( -0.7855240078075658161, -24.47820001963270897, -26.24703089587817928 ) ) ;
#49 = CARTESIAN_POINT ( 'NONE',  ( -25.15000000000000213, 2.999999999999999112, 25.15000000000000213 ) ) ;
#50 = CARTESIAN_POINT ( 'NONE',  ( -5.727064476163291395, -24.98372869334808755, -24.87973630435417505 ) ) ;
#51 = ORIENTED_EDGE ( 'NONE', *, *, #6728, .F. ) ;
#52 = ORIENTED_EDGE ( 'NONE', *, *, #2465, .F. ) ;
#53 = EDGE_CURVE ( 'NONE', #3363, #6301, #1868, .T. ) ;
#54 = VECTOR ( 'NONE', #2703, 1000.000000000000000 ) ;
#55 = EDGE_LOOP ( 'NONE', ( #6589, #1340, #120 ) ) ;
#56 = CARTESIAN_POINT ( 'NONE',  ( -8.120350957695935179, -130.4506866008096608, -24.81063147450577588 ) ) ;
#57 = CARTESIAN_POINT ( 'NONE',  ( -8.506854249492384668, -6.993145750507621550, -28.15000000000000213 ) ) ;
#58 = CARTESIAN_POINT ( 'NONE',  ( 0.7068542494923784059, -6.993145750507620662, -28.15000000000000213 ) ) ;
#59 = EDGE_CURVE ( 'NONE', #1989, #2998, #5987, .T. ) ;
#60 = CIRCLE ( 'NONE', #2321, 1.000000000000000888 ) ;
#61 = AXIS2_PLACEMENT_3D ( 'NONE', #6969, #4225, #1856 ) ;
#62 = CARTESIAN_POINT ( 'NONE',  ( 7.390348260180316764, -107.8363196305885765, -2.588636568381116554 ) ) ;
#63 = VERTEX_POINT ( 'NONE', #7281 ) ;
#64 = EDGE_CURVE ( 'NONE', #510, #2369, #4471, .T. ) ;
#65 = CARTESIAN_POINT ( 'NONE',  ( 2.146476370910897380, -24.29999999999999716, 21.73578643762689566 ) ) ;
#66 = CARTESIAN_POINT ( 'NONE',  ( 7.347799205796515132, -25.29999999999999005, 11.98708964753315698 ) ) ;
#67 = CARTESIAN_POINT ( 'NONE',  ( -11.51608626362157750, -25.29999999999999716, 8.007045225569855873 ) ) ;
#68 = DIRECTION ( 'NONE',  ( 0.000000000000000000, 0.000000000000000000, -1.000000000000000000 ) ) ;
#69 = CARTESIAN_POINT ( 'NONE',  ( 12.64911064067352520, -57.92808151989759580, 0.1808163328863402752 ) ) ;
#70 = AXIS2_PLACEMENT_3D ( 'NONE', #6978, #778, #3042 ) ;
#71 = DIRECTION ( 'NONE',  ( 6.897508850802412596E-17, 0.000000000000000000, -1.000000000000000000 ) ) ;
#72 = CARTESIAN_POINT ( 'NONE',  ( -7.435042730404148870, -121.5104127811360399, -5.072956682820255914 ) ) ;
#73 = ORIENTED_EDGE ( 'NONE', *, *, #231, .F. ) ;
#74 = DIRECTION ( 'NONE',  ( -2.812538085595996338E-16, -0.9848077530122081313, -0.1736481776669306365 ) ) ;
#75 = DIRECTION ( 'NONE',  ( 0.000000000000000000, -1.000000000000000000, 0.000000000000000000 ) ) ;
#76 = B_SPLINE_CURVE_WITH_KNOTS ( 'NONE', 3,
 ( #4782, #5981, #7183, #2527, #911, #1965, #3111, #1998, #5944, #3181, #5430, #2628, #2109, #6626, #4335, #4882, #6590, #4409, #6177, #577, #428, #2260, #5657, #5026, #5503, #465, #1584, #2733, #1137, #1018, #3253, #3848, #3407, #2851, #3364, #2700, #6822, #6095, #3810, #3290, #6697, #6782, #4486, #7290, #2304, #6134, #1058, #3328, #5106, #1662, #1622, #3930 ),
 .UNSPECIFIED., .F., .F.,
 ( 4, 2, 2, 2, 2, 2, 2, 2, 2, 2, 2, 2, 2, 2, 2, 2, 2, 2, 2, 2, 2, 2, 2, 2, 2, 4 ),
 ( 0.006071479947939942105, 0.007058694992442586351, 0.008045910036945231464, 0.01002034012595051822, 0.01100755517045316247, 0.01199477021495580498, 0.01298198525945844922, 0.01396920030396109347, 0.01594363039296634726, 0.01693084543746898110, 0.01791806048197161147, 0.01989249057097682710, 0.02087970561547943665, 0.02186692065998204620, 0.02285413570448465576, 0.02384135074898726878, 0.02482856579348987486, 0.02581578083799248441, 0.02779021092699772433, 0.02877742597150034429, 0.02976464101600296425, 0.03173907110500818335, 0.03371350119401340245, 0.03568793128301862849, 0.03667514632752123804, 0.03766236137202384066 ),
 .UNSPECIFIED. ) ;
#77 = B_SPLINE_CURVE_WITH_KNOTS ( 'NONE', 3,
 ( #3262, #3225, #5990, #2669, #2115, #3819, #6062, #5508, #6556, #6519 ),
 .UNSPECIFIED., .F., .F.,
 ( 4, 2, 2, 2, 4 ),
 ( 0.000000000000000000, 0.001957889229026934987, 0.002936833843540401830, 0.003426306150797134385, 0.003915778458053867372 ),
 .UNSPECIFIED. ) ;
#78 = CARTESIAN_POINT ( 'NONE',  ( -7.825980985032272130, -116.5144945480633396, -6.445801251473653792 ) ) ;
#79 = CARTESIAN_POINT ( 'NONE',  ( -8.664846952480354858, -111.5395806135055778, -6.345672742652945786 ) ) ;
#80 = CARTESIAN_POINT ( 'NONE',  ( 0.4623983873244575937, -119.1537696948466731, -4.533653053303439151 ) ) ;
#81 = DIRECTION ( 'NONE',  ( -6.897508850802416293E-17, -0.000000000000000000, -1.000000000000000000 ) ) ;
#82 = AXIS2_PLACEMENT_3D ( 'NONE', #7193, #3823, #6067 ) ;
#83 = CARTESIAN_POINT ( 'NONE',  ( -15.56854727625227675, -121.8121395776596501, -17.22072939990368212 ) ) ;
#84 = VERTEX_POINT ( 'NONE', #4977 ) ;
#85 = DIRECTION ( 'NONE',  ( -0.000000000000000000, -1.000000000000000000, 0.000000000000000000 ) ) ;
#86 = LINE ( 'NONE', #4550, #5509 ) ;
#87 = ORIENTED_EDGE ( 'NONE', *, *, #5983, .F. ) ;
#88 = CARTESIAN_POINT ( 'NONE',  ( -9.152010915917992762, -103.6404660134633104, -3.207617013576642417 ) ) ;
#89 = CIRCLE ( 'NONE', #6518, 13.99999999999999645 ) ;
#90 = DIRECTION ( 'NONE',  ( 1.000000000000000000, 0.000000000000000000, 0.000000000000000000 ) ) ;
#91 = VECTOR ( 'NONE', #6413, 1000.000000000000000 ) ;
#92 = LINE ( 'NONE', #6846, #6248 ) ;
#93 = ORIENTED_EDGE ( 'NONE', *, *, #5444, .T. ) ;
#94 = VERTEX_POINT ( 'NONE', #2688 ) ;
#95 = CARTESIAN_POINT ( 'NONE',  ( -15.04388853313972696, -136.3723717440433347, -30.79637699590875499 ) ) ;
#96 = CARTESIAN_POINT ( 'NONE',  ( -12.96122686573905369, -123.8565438156478393, -14.16556900069534208 ) ) ;
#97 = DIRECTION ( 'NONE',  ( 0.000000000000000000, 8.673617379884027583E-16, -1.000000000000000000 ) ) ;
#98 = AXIS2_PLACEMENT_3D ( 'NONE', #110, #6641, #4503 ) ;
#99 = EDGE_CURVE ( 'NONE', #2849, #7145, #5400, .T. ) ;
#100 = CARTESIAN_POINT ( 'NONE',  ( 3.421937144893236304, -108.1807622880360924, -2.971050909729277212 ) ) ;
#101 = EDGE_LOOP ( 'NONE', ( #3350, #7173, #5685 ) ) ;
#102 = PLANE ( 'NONE',  #6179 ) ;
#103 = CARTESIAN_POINT ( 'NONE',  ( 12.58366144621680149, -29.91523800293971291, 5.327502172083120158 ) ) ;
#104 = CARTESIAN_POINT ( 'NONE',  ( -14.00000000000001243, -30.35682623323144469, -1.980620367685081762 ) ) ;
#105 = DIRECTION ( 'NONE',  ( 0.000000000000000000, 0.000000000000000000, 1.000000000000000000 ) ) ;
#106 = CARTESIAN_POINT ( 'NONE',  ( 11.83846387104669873, -48.00468846406948842, -11.77809984280262867 ) ) ;
#107 = EDGE_CURVE ( 'NONE', #5057, #5352, #2221, .T. ) ;
#108 = DIRECTION ( 'NONE',  ( 0.7071067811865491270, 0.000000000000000000, 0.7071067811865459074 ) ) ;
#109 = CARTESIAN_POINT ( 'NONE',  ( -12.24321744406979739, -110.9214293232238617, -8.360285551143910254 ) ) ;
#110 = CARTESIAN_POINT ( 'NONE',  ( 15.32499999999973817, -11.94544826719053532, 23.15000000000000213 ) ) ;
#111 = FACE_OUTER_BOUND ( 'NONE', #6376, .T. ) ;
#112 = ADVANCED_FACE ( 'NONE', ( #4394 ), #6084, .F. ) ;
#113 = CYLINDRICAL_SURFACE ( 'NONE', #3880, 0.9999999999999988898 ) ;
#114 = VECTOR ( 'NONE', #5501, 1000.000000000000000 ) ;
#115 = CARTESIAN_POINT ( 'NONE',  ( -7.615611329419893494, -109.6355041810462865, -5.071620857392193038 ) ) ;
#116 = CARTESIAN_POINT ( 'NONE',  ( 4.688629494086305805, -101.7475657165277028, -2.194891336919988944 ) ) ;
#117 = CARTESIAN_POINT ( 'NONE',  ( -5.421759683068420266, -120.0401227055035491, -3.734410038388050523 ) ) ;
#118 = AXIS2_PLACEMENT_3D ( 'NONE', #12, #7321, #1650 ) ;
#119 = CARTESIAN_POINT ( 'NONE',  ( -2.627857607396245015E-14, -88.13973296516790867, 2.977099946411256415 ) ) ;
#120 = ORIENTED_EDGE ( 'NONE', *, *, #5087, .F. ) ;
#121 = CARTESIAN_POINT ( 'NONE',  ( -8.797680877317731074, -95.52138137155404252, -3.671423714496171886 ) ) ;
#122 = CARTESIAN_POINT ( 'NONE',  ( 8.220137428860095241, -91.30692585189531485, -0.2189992081927614187 ) ) ;
#123 = ORIENTED_EDGE ( 'NONE', *, *, #4321, .F. ) ;
#124 = CARTESIAN_POINT ( 'NONE',  ( -10.41336682974383798, -102.3752618379068764, -4.241103353497742035 ) ) ;
#125 = CARTESIAN_POINT ( 'NONE',  ( -20.15000000000000213, 2.999999999999999112, 19.14999999999999858 ) ) ;
#126 = LINE ( 'NONE', #5789, #2817 ) ;
#127 = ORIENTED_EDGE ( 'NONE', *, *, #7297, .T. ) ;
#128 = EDGE_LOOP ( 'NONE', ( #1307, #3798 ) ) ;
#129 = CARTESIAN_POINT ( 'NONE',  ( -6.958990860400732004, -131.4080301732323051, -26.86870442391227698 ) ) ;
#130 = AXIS2_PLACEMENT_3D ( 'NONE', #2584, #7064, #5835 ) ;
#131 = CARTESIAN_POINT ( 'NONE',  ( -13.32101931205070322, -122.7382165984336808, -13.45979248652662186 ) ) ;
#132 = CARTESIAN_POINT ( 'NONE',  ( 22.94289321881338140, -24.29999999999999716, -22.94289321881351640 ) ) ;
#133 = AXIS2_PLACEMENT_3D ( 'NONE', #2277, #4583, #1157 ) ;
#134 = CARTESIAN_POINT ( 'NONE',  ( 8.222203189250885558, -105.8573200487737722, -2.849886131129709455 ) ) ;
#135 = ORIENTED_EDGE ( 'NONE', *, *, #1239, .T. ) ;
#136 = VECTOR ( 'NONE', #2144, 1000.000000000000000 ) ;
#137 = DIRECTION ( 'NONE',  ( 1.075850890337208239E-16, -1.000000000000000000, -7.420691038244552907E-33 ) ) ;
#138 = FACE_OUTER_BOUND ( 'NONE', #5839, .T. ) ;
#139 = EDGE_CURVE ( 'NONE', #1150, #3929, #6046, .T. ) ;
#140 = CARTESIAN_POINT ( 'NONE',  ( -13.90975476960796797, -30.18634893860071955, 0.8407160582936518134 ) ) ;
#141 = ORIENTED_EDGE ( 'NONE', *, *, #5724, .F. ) ;
#142 = EDGE_CURVE ( 'NONE', #6964, #5943, #2158, .T. ) ;
#143 = CARTESIAN_POINT ( 'NONE',  ( 0.000000000000000000, 3.000000000000000000, 24.15000000000000213 ) ) ;
#144 = DIRECTION ( 'NONE',  ( 0.000000000000000000, 1.000000000000000000, 0.000000000000000000 ) ) ;
#145 = CARTESIAN_POINT ( 'NONE',  ( 5.560689933284010067, -25.30000000000000782, 24.15000000000000213 ) ) ;
#146 = VECTOR ( 'NONE', #2033, 1000.000000000000000 ) ;
#147 = CARTESIAN_POINT ( 'NONE',  ( -8.126094478492108308, -105.8275694209780653, -2.777009564292118426 ) ) ;
#148 = EDGE_LOOP ( 'NONE', ( #390, #3130 ) ) ;
#149 = CARTESIAN_POINT ( 'NONE',  ( -12.79198108151836877, -56.64569868335478020, 0.09272386592518058746 ) ) ;
#150 = CIRCLE ( 'NONE', #4992, 1.000000000000000000 ) ;
#151 = CARTESIAN_POINT ( 'NONE',  ( 11.76977021592321826, -125.2533653297526968, -15.08406736473597931 ) ) ;
#152 = EDGE_CURVE ( 'NONE', #1401, #3398, #86, .T. ) ;
#153 = FACE_OUTER_BOUND ( 'NONE', #3977, .T. ) ;
#154 = FACE_OUTER_BOUND ( 'NONE', #6880, .T. ) ;
#155 = EDGE_CURVE ( 'NONE', #2172, #3708, #2348, .T. ) ;
#156 = CARTESIAN_POINT ( 'NONE',  ( -8.681688172306465390, -114.5328012994717568, -6.889381603578265789 ) ) ;
#157 = ADVANCED_FACE ( 'NONE', ( #2283 ), #4587, .F. ) ;
#158 = LINE ( 'NONE', #2532, #5759 ) ;
#159 = ORIENTED_EDGE ( 'NONE', *, *, #699, .F. ) ;
#160 = DIRECTION ( 'NONE',  ( 0.000000000000000000, -0.000000000000000000, 1.000000000000000000 ) ) ;
#161 = CARTESIAN_POINT ( 'NONE',  ( 11.06866102423052922, -97.81670790889116063, -3.928853057937741866 ) ) ;
#162 = CARTESIAN_POINT ( 'NONE',  ( -5.643872303772097254, -101.4055487199614163, -2.495873742259085759 ) ) ;
#163 = LINE ( 'NONE', #2536, #6562 ) ;
#164 = DIRECTION ( 'NONE',  ( -1.000000000000000000, -0.000000000000000000, 6.897508850802415061E-17 ) ) ;
#165 = ORIENTED_EDGE ( 'NONE', *, *, #53, .T. ) ;
#166 = ORIENTED_EDGE ( 'NONE', *, *, #6015, .F. ) ;
#167 = CARTESIAN_POINT ( 'NONE',  ( -6.127872471613978078, -131.8608250900830399, -27.88898702997591172 ) ) ;
#168 = FACE_OUTER_BOUND ( 'NONE', #7100, .T. ) ;
#169 = CARTESIAN_POINT ( 'NONE',  ( -2.850000000000001865, -4.649999999999997691, -28.15000000000000213 ) ) ;
#170 = CARTESIAN_POINT ( 'NONE',  ( 9.581595758424416687, -108.9181371491561805, -4.392384883599069312 ) ) ;
#171 = VECTOR ( 'NONE', #3851, 1000.000000000000000 ) ;
#172 = ORIENTED_EDGE ( 'NONE', *, *, #654, .F. ) ;
#173 = VECTOR ( 'NONE', #5913, 1000.000000000000000 ) ;
#174 = DATE_TIME_ROLE ( 'creation_date' ) ;
#175 = CARTESIAN_POINT ( 'NONE',  ( 9.637772572990797926, -25.29999999999999005, 10.21064744854154860 ) ) ;
#176 = CARTESIAN_POINT ( 'NONE',  ( -12.90789464910074358, -25.29999999999998650, 5.476436196866912631 ) ) ;
#177 = ORIENTED_EDGE ( 'NONE', *, *, #4689, .T. ) ;
#178 = CARTESIAN_POINT ( 'NONE',  ( 4.906854249492377029, -6.993145750507620662, -28.15000000000000213 ) ) ;
#179 = VECTOR ( 'NONE', #3241, 1000.000000000000114 ) ;
#180 = CARTESIAN_POINT ( 'NONE',  ( 8.407922940894311026, -46.52142999184000161, -15.28564768030467214 ) ) ;
#181 = AXIS2_PLACEMENT_3D ( 'NONE', #57, #572, #2175 ) ;
#182 = CARTESIAN_POINT ( 'NONE',  ( -8.886046068971104717, -106.1181986583256673, -3.419109763568971339 ) ) ;
#183 = VERTEX_POINT ( 'NONE', #5717 ) ;
#184 = CARTESIAN_POINT ( 'NONE',  ( 15.32499999999973817, -11.94544826719053532, 23.15000000000000213 ) ) ;
#185 = CARTESIAN_POINT ( 'NONE',  ( 9.512716976273415170, -126.0617397950965000, -16.35457347137523243 ) ) ;
#186 = FACE_OUTER_BOUND ( 'NONE', #5135, .T. ) ;
#187 = CARTESIAN_POINT ( 'NONE',  ( -8.921649105293383286, -126.0285047560635263, -16.71642527962869451 ) ) ;
#188 = CIRCLE ( 'NONE', #70, 1.000000000000001332 ) ;
#189 = CARTESIAN_POINT ( 'NONE',  ( -1.469129850409602867, -108.0525598080437675, -2.648198406689082240 ) ) ;
#190 = ADVANCED_FACE ( 'NONE', ( #4063 ), #5548, .T. ) ;
#191 = CARTESIAN_POINT ( 'NONE',  ( -9.702754573658603832, -119.9771193193159746, -6.597593265971771537 ) ) ;
#192 = CARTESIAN_POINT ( 'NONE',  ( 2.146476370910897824, -24.29999999999999716, 21.14999999999999858 ) ) ;
#193 = EDGE_CURVE ( 'NONE', #201, #4554, #788, .T. ) ;
#194 = VERTEX_POINT ( 'NONE', #3228 ) ;
#195 = DIRECTION ( 'NONE',  ( -0.4999999999999999445, -0.8660254037844387076, 0.000000000000000000 ) ) ;
#196 = CARTESIAN_POINT ( 'NONE',  ( 11.00649423909024094, -94.46412720236608607, -3.270087249834241483 ) ) ;
#197 = CARTESIAN_POINT ( 'NONE',  ( -8.851641685539064497, -103.8670375535721888, -2.990636997031101973 ) ) ;
#198 = DIRECTION ( 'NONE',  ( 0.000000000000000000, 0.000000000000000000, 1.000000000000000000 ) ) ;
#199 = EDGE_CURVE ( 'NONE', #3422, #5783, #6601, .T. ) ;
#200 = LINE ( 'NONE', #1772, #2108 ) ;
#201 = VERTEX_POINT ( 'NONE', #6105 ) ;
#202 = ADVANCED_FACE ( 'NONE', ( #6029 ), #1522, .T. ) ;
#203 = ORIENTED_EDGE ( 'NONE', *, *, #6214, .T. ) ;
#204 = CIRCLE ( 'NONE', #548, 1.000000000000000888 ) ;
#205 = CARTESIAN_POINT ( 'NONE',  ( -8.307418112515941644, -127.4903968462016195, -35.94655638254688057 ) ) ;
#206 = CIRCLE ( 'NONE', #5876, 0.9999999999999995559 ) ;
#207 = CYLINDRICAL_SURFACE ( 'NONE', #610, 1.050000000000000488 ) ;
#208 = DIRECTION ( 'NONE',  ( -0.000000000000000000, -0.000000000000000000, -1.000000000000000000 ) ) ;
#209 = CARTESIAN_POINT ( 'NONE',  ( 11.00649423909102076, -111.2804813699288644, -6.235264206725526392 ) ) ;
#210 = CIRCLE ( 'NONE', #3163, 1.000000000000000888 ) ;
#211 = ORIENTED_EDGE ( 'NONE', *, *, #6853, .F. ) ;
#212 = ORIENTED_EDGE ( 'NONE', *, *, #3085, .F. ) ;
#213 = LINE ( 'NONE', #5215, #4284 ) ;
#214 = CARTESIAN_POINT ( 'NONE',  ( 5.299999550935206495E-14, -25.29999999999999361, 18.25293848457193135 ) ) ;
#215 = VECTOR ( 'NONE', #7055, 1000.000000000000000 ) ;
#216 = EDGE_LOOP ( 'NONE', ( #1394, #301, #5718, #6496 ) ) ;
#217 = CARTESIAN_POINT ( 'NONE',  ( 1.575395784897450246, -122.8691261068932903, -3.236921502940011131 ) ) ;
#218 = CARTESIAN_POINT ( 'NONE',  ( 14.00312996561052437, -51.39893268177662122, -5.290607352700975596 ) ) ;
#219 =( BOUNDED_SURFACE ( )  B_SPLINE_SURFACE ( 3, 2, ( 
 ( #5770, #3555, #6291 ),
 ( #4638, #2960, #1177 ),
 ( #2995, #3447, #5836 ),
 ( #4708, #696, #1853 ),
 ( #5800, #1217, #729 ),
 ( #3518, #4151, #6253 ),
 ( #2890, #66, #5694 ),
 ( #5250, #4675, #2343 ),
 ( #2482, #175, #6401 ),
 ( #4606, #1325, #3031 ),
 ( #3590, #5289, #4741 ),
 ( #5734, #6859, #658 ),
 ( #3486, #621, #103 ),
 ( #1744, #4009, #2379 ),
 ( #6893, #1819, #6331 ),
 ( #1463, #1426, #5462 ),
 ( #3068, #2551, #3171 ),
 ( #311, #5937, #5324 ),
 ( #4190, #5904, #2518 ),
 ( #3694, #248, #3628 ),
 ( #4254, #3766, #3104 ),
 ( #3134, #1925, #4775 ),
 ( #4875, #6542, #2023 ),
 ( #5387, #834, #5355 ),
 ( #7035, #1360, #2585 ),
 ( #6010, #1501, #4838 ),
 ( #1990, #864, #347 ),
 ( #901, #937, #7099 ),
 ( #6506, #385, #4803 ),
 ( #279, #3207, #7000 ),
 ( #1957, #4291, #7066 ),
 ( #5871, #3730, #5422 ),
 ( #5972, #801, #3662 ),
 ( #2619, #4326, #4222 ) ),
 .UNSPECIFIED., .F., .F., .T. ) 
 B_SPLINE_SURFACE_WITH_KNOTS ( ( 4, 2, 2, 2, 2, 2, 2, 2, 2, 2, 2, 2, 2, 2, 2, 2, 4 ),
 ( 3, 3 ),
 ( 0.000000000000000000, 0.1963495408493620697, 0.3926990816987241395, 0.5890486225480862092, 0.7853981633974482790, 0.9817477042468103487, 1.178097245096172418, 1.374446785945534488, 1.570796326794896558, 1.767145867644258628, 1.963495408493620697, 2.159844949342982545, 2.356194490192344837, 2.552544031041707129, 2.748893571891068976, 2.945243112740430824, 3.141592653589793116 ),
 ( 0.000000000000000000, 1.000000000000000000 ),
 .UNSPECIFIED. ) 
 GEOMETRIC_REPRESENTATION_ITEM ( )  RATIONAL_B_SPLINE_SURFACE ( (
 ( 1.000000000000000000, 0.7660444431189786796, 1.000000000000000000),
 ( 1.000000000000000000, 0.7660447846216600354, 1.000000000000000000),
 ( 1.000000000000000000, 0.7656793964976938982, 1.000000000000000000),
 ( 1.000000000000000000, 0.7642301280328075430, 1.000000000000000000),
 ( 1.000000000000000000, 0.7631459113718659371, 1.000000000000000000),
 ( 1.000000000000000000, 0.7602909906390853401, 1.000000000000000000),
 ( 1.000000000000000000, 0.7585202981496891317, 1.000000000000000000),
 ( 1.000000000000000000, 0.7543466378111493009, 1.000000000000000000),
 ( 1.000000000000000000, 0.7519436904826214407, 1.000000000000000000),
 ( 1.000000000000000000, 0.7465807864405783478, 1.000000000000000000),
 ( 1.000000000000000000, 0.7436208632201699587, 1.000000000000000000),
 ( 1.000000000000000000, 0.7372395343391995315, 1.000000000000000000),
 ( 1.000000000000000000, 0.7338181808307158160, 1.000000000000000000),
 ( 1.000000000000000000, 0.7266285184045049306, 1.000000000000000000),
 ( 1.000000000000000000, 0.7228602876175119762, 1.000000000000000000),
 ( 1.000000000000000000, 0.7151084734468976523, 1.000000000000000000),
 ( 1.000000000000000000, 0.7111250026734334817, 1.000000000000000000),
 ( 1.000000000000000000, 0.7030885596996625519, 1.000000000000000000),
 ( 1.000000000000000000, 0.6990357430446220155, 1.000000000000000000),
 ( 1.000000000000000000, 0.6910167171894844307, 1.000000000000000000),
 ( 1.000000000000000000, 0.6870507125536170490, 1.000000000000000000),
 ( 1.000000000000000000, 0.6793662950589763883, 1.000000000000000000),
 ( 1.000000000000000000, 0.6756481360082492449, 1.000000000000000000),
 ( 1.000000000000000000, 0.6686183862782761889, 1.000000000000000000),
 ( 1.000000000000000000, 0.6653070889289380840, 1.000000000000000000),
 ( 1.000000000000000000, 0.6592397739876054708, 1.000000000000000000),
 ( 1.000000000000000000, 0.6564840664371774936, 1.000000000000000000),
 ( 1.000000000000000000, 0.6516572233616230170, 1.000000000000000000),
 ( 1.000000000000000000, 0.6495863788352498336, 1.000000000000000000),
 ( 1.000000000000000000, 0.6462299683340861911, 1.000000000000000000),
 ( 1.000000000000000000, 0.6449446310889089817, 1.000000000000000000),
 ( 1.000000000000000000, 0.6432233885229977632, 1.000000000000000000),
 ( 1.000000000000000000, 0.6427869295304986519, 1.000000000000000000),
 ( 1.000000000000000000, 0.6427876096865395850, 1.000000000000000000) ) ) 
 REPRESENTATION_ITEM ( '' )  SURFACE ( )  );
#220 = AXIS2_PLACEMENT_3D ( 'NONE', #893, #1494, #6501 ) ;
#221 = CARTESIAN_POINT ( 'NONE',  ( -9.594028895272016300, -106.4633426361025812, -4.097459586563821254 ) ) ;
#222 = CARTESIAN_POINT ( 'NONE',  ( 13.26187640737044759, -121.6776518954689692, -12.59748559203209695 ) ) ;
#223 = CYLINDRICAL_SURFACE ( 'NONE', #5696, 1.000000000000000888 ) ;
#224 = DIRECTION ( 'NONE',  ( 6.897508850802415061E-17, -0.000000000000000000, 1.000000000000000000 ) ) ;
#225 = ORIENTED_EDGE ( 'NONE', *, *, #4546, .F. ) ;
#226 = CARTESIAN_POINT ( 'NONE',  ( -1.140212240571238267, -108.0432723713515628, -2.622831366117360119 ) ) ;
#227 = B_SPLINE_CURVE_WITH_KNOTS ( 'NONE', 3,
 ( #3672, #4850, #6632, #6596 ),
 .UNSPECIFIED., .F., .F.,
 ( 4, 4 ),
 ( 0.000000000000000000, 0.0003506430263637286206 ),
 .UNSPECIFIED. ) ;
#228 = CARTESIAN_POINT ( 'NONE',  ( -9.366942334137871029, -117.8969075239250657, -5.798666093306598768 ) ) ;
#229 = CARTESIAN_POINT ( 'NONE',  ( 24.14999999999999147, 4.000000000000000000, -21.73578643762691698 ) ) ;
#230 = EDGE_LOOP ( 'NONE', ( #2266, #5427, #5786 ) ) ;
#231 = EDGE_CURVE ( 'NONE', #4630, #1645, #5869, .T. ) ;
#232 = CARTESIAN_POINT ( 'NONE',  ( 10.64810664225114323, -90.44431032487223376, -2.390191410222988644 ) ) ;
#233 = EDGE_CURVE ( 'NONE', #4167, #2784, #4969, .T. ) ;
#234 = FACE_OUTER_BOUND ( 'NONE', #5538, .T. ) ;
#235 = DIRECTION ( 'NONE',  ( 0.000000000000000000, 0.000000000000000000, 1.000000000000000000 ) ) ;
#236 = CIRCLE ( 'NONE', #5325, 1.000000000000000888 ) ;
#237 = DIRECTION ( 'NONE',  ( 6.897508850802415061E-17, -0.000000000000000000, 1.000000000000000000 ) ) ;
#238 = ORIENTED_EDGE ( 'NONE', *, *, #362, .T. ) ;
#239 = ORIENTED_EDGE ( 'NONE', *, *, #3728, .T. ) ;
#240 = ADVANCED_FACE ( 'NONE', ( #3151 ), #3943, .F. ) ;
#241 = CARTESIAN_POINT ( 'NONE',  ( -14.46803198531246615, -127.5624943280134858, -13.68718366827938659 ) ) ;
#242 = DIRECTION ( 'NONE',  ( -0.000000000000000000, -0.000000000000000000, 1.000000000000000000 ) ) ;
#243 = ADVANCED_FACE ( 'NONE', ( #551 ), #7303, .T. ) ;
#244 = CARTESIAN_POINT ( 'NONE',  ( 9.419757762864279016, -120.2691283127060302, -6.357301370089898818 ) ) ;
#245 = VERTEX_POINT ( 'NONE', #3901 ) ;
#246 = VERTEX_POINT ( 'NONE', #4541 ) ;
#247 = LINE ( 'NONE', #800, #6288 ) ;
#248 = CARTESIAN_POINT ( 'NONE',  ( 13.32258745125228927, -25.29999999999999361, -4.714796575700841430 ) ) ;
#249 = CARTESIAN_POINT ( 'NONE',  ( 8.498701879597041042, -129.9394896335880389, -23.76986613197472309 ) ) ;
#250 = ORIENTED_EDGE ( 'NONE', *, *, #354, .F. ) ;
#251 = LINE ( 'NONE', #2521, #4324 ) ;
#252 = AXIS2_PLACEMENT_3D ( 'NONE', #3133, #4802, #1395 ) ;
#253 = DIRECTION ( 'NONE',  ( 1.000000000000000000, 0.000000000000000000, 0.000000000000000000 ) ) ;
#254 = VERTEX_POINT ( 'NONE', #2824 ) ;
#255 = PLANE ( 'NONE',  #4175 ) ;
#256 = CARTESIAN_POINT ( 'NONE',  ( -0.8018718314599794228, -88.14321744747223875, 2.960879981074427292 ) ) ;
#257 = AXIS2_PLACEMENT_3D ( 'NONE', #3024, #6394, #2989 ) ;
#258 = ORIENTED_EDGE ( 'NONE', *, *, #829, .T. ) ;
#259 = VECTOR ( 'NONE', #3217, 1000.000000000000000 ) ;
#260 = CARTESIAN_POINT ( 'NONE',  ( 22.14999999999996660, 2.999999999999999112, -25.15000000000000568 ) ) ;
#261 = CARTESIAN_POINT ( 'NONE',  ( -11.91174579042341009, -116.1133779998516502, -8.700236542239320414 ) ) ;
#262 = CYLINDRICAL_SURFACE ( 'NONE', #2099, 1.000000000000000888 ) ;
#263 = ORIENTED_EDGE ( 'NONE', *, *, #6715, .T. ) ;
#264 = CARTESIAN_POINT ( 'NONE',  ( 11.16345372673962189, -101.2564837985008097, -4.959396161509912915 ) ) ;
#265 = CARTESIAN_POINT ( 'NONE',  ( -11.02110465967938424, -98.02393507891891034, -3.912089749404619621 ) ) ;
#266 = FACE_OUTER_BOUND ( 'NONE', #3160, .T. ) ;
#267 = EDGE_CURVE ( 'NONE', #4360, #1386, #4596, .T. ) ;
#268 = DIRECTION ( 'NONE',  ( 0.000000000000000000, 0.000000000000000000, -1.000000000000000000 ) ) ;
#269 = ORIENTED_EDGE ( 'NONE', *, *, #1830, .F. ) ;
#270 = VERTEX_POINT ( 'NONE', #7265 ) ;
#271 = CARTESIAN_POINT ( 'NONE',  ( -15.57013827343058843, -124.7036358729077961, -25.35452716620955016 ) ) ;
#272 = CARTESIAN_POINT ( 'NONE',  ( 10.64999999999996838, -3.299999999999976730, 22.15000000000000213 ) ) ;
#273 = CARTESIAN_POINT ( 'NONE',  ( 8.210711793900236088, -110.3782876102937252, -5.689460177260609264 ) ) ;
#274 = EDGE_CURVE ( 'NONE', #2946, #4334, #3341, .T. ) ;
#275 = CARTESIAN_POINT ( 'NONE',  ( 7.644730694605921251, -119.1937402482279822, -4.750016660047363004 ) ) ;
#276 = VERTEX_POINT ( 'NONE', #3381 ) ;
#277 = ORIENTED_EDGE ( 'NONE', *, *, #2636, .T. ) ;
#278 = CARTESIAN_POINT ( 'NONE',  ( 12.47499999999973674, -10.30000000000010019, 25.94999999999999929 ) ) ;
#279 = CARTESIAN_POINT ( 'NONE',  ( 6.122097509409425875, -25.29999999999999361, -19.34789870799302136 ) ) ;
#280 = CARTESIAN_POINT ( 'NONE',  ( 15.28969407911891487, -125.0166876880281990, -26.39967895159831457 ) ) ;
#281 = ADVANCED_FACE ( 'NONE', ( #4496 ), #425, .F. ) ;
#282 = CARTESIAN_POINT ( 'NONE',  ( -20.15000000000000213, -20.30000000000000071, 19.14999999999999858 ) ) ;
#283 = EDGE_CURVE ( 'NONE', #7090, #1509, #5052, .T. ) ;
#285 = ORIENTED_EDGE ( 'NONE', *, *, #3607, .F. ) ;
#284 = CARTESIAN_POINT ( 'NONE',  ( 5.569473308122337762, -127.8012581870573143, -37.34164277993971126 ) ) ;
#286 = VERTEX_POINT ( 'NONE', #6226 ) ;
#287 = CARTESIAN_POINT ( 'NONE',  ( 21.73578643762690987, 2.999999999999999112, 25.15000000000000213 ) ) ;
#288 = CARTESIAN_POINT ( 'NONE',  ( -8.994736302683504547, -24.62007551494087565, -25.10546229661835582 ) ) ;
#289 = CIRCLE ( 'NONE', #1955, 1.000000000000000888 ) ;
#290 = DIRECTION ( 'NONE',  ( 0.000000000000000000, 0.000000000000000000, 1.000000000000000000 ) ) ;
#291 = CARTESIAN_POINT ( 'NONE',  ( 22.14999999999997016, -24.29999999999999716, -25.15000000000001279 ) ) ;
#292 = AXIS2_PLACEMENT_3D ( 'NONE', #2596, #4816, #6631 ) ;
#293 = CARTESIAN_POINT ( 'NONE',  ( -4.850000000000002309, 2.000000000000000000, -29.15000000000000568 ) ) ;
#294 = DIRECTION ( 'NONE',  ( -0.000000000000000000, -0.000000000000000000, 1.000000000000000000 ) ) ;
#295 = ORIENTED_EDGE ( 'NONE', *, *, #5310, .T. ) ;
#296 = CARTESIAN_POINT ( 'NONE',  ( 8.715292686072219297, -97.54585170416831374, -3.931931080654830435 ) ) ;
#297 = CARTESIAN_POINT ( 'NONE',  ( -11.30695831432844756, -91.31999263347057649, -3.413385775328273031 ) ) ;
#298 = CARTESIAN_POINT ( 'NONE',  ( 11.60204075186570627, -100.2434796815193181, -5.414398229502543458 ) ) ;
#299 = CARTESIAN_POINT ( 'NONE',  ( -0.8500000000000041966, 1.999999999999999112, -25.15000000000000568 ) ) ;
#300 = ORIENTED_EDGE ( 'NONE', *, *, #4140, .T. ) ;
#301 = ORIENTED_EDGE ( 'NONE', *, *, #2237, .T. ) ;
#302 = CARTESIAN_POINT ( 'NONE',  ( -12.25216837337422504, -124.8416921709387140, -10.27748634636223457 ) ) ;
#303 = DIRECTION ( 'NONE',  ( 1.000000000000000000, 0.000000000000000000, 0.000000000000000000 ) ) ;
#304 = CARTESIAN_POINT ( 'NONE',  ( 7.092792162015285840, -117.3125297786418457, -6.067910080387552973 ) ) ;
#305 = CARTESIAN_POINT ( 'NONE',  ( 11.98584776956093734, -115.8286774094953131, -8.773571063075342735 ) ) ;
#306 = ORIENTED_EDGE ( 'NONE', *, *, #5094, .F. ) ;
#307 = EDGE_LOOP ( 'NONE', ( #6089, #5088 ) ) ;
#308 = AXIS2_PLACEMENT_3D ( 'NONE', #6611, #2754, #4429 ) ;
#309 = APPROVAL_ROLE ( '' ) ;
#310 = CIRCLE ( 'NONE', #5517, 1.000000000000000888 ) ;
#311 = CARTESIAN_POINT ( 'NONE',  ( 18.99999999999998934, -25.29999999999999361, -2.302897951088553441 ) ) ;
#312 = CARTESIAN_POINT ( 'NONE',  ( 16.72426764538546351, -132.3110808109056507, -21.67383092223606056 ) ) ;
#313 = AXIS2_PLACEMENT_3D ( 'NONE', #2722, #3242, #3356 ) ;
#314 = DIRECTION ( 'NONE',  ( -6.897508850802412596E-17, -0.000000000000000000, 1.000000000000000000 ) ) ;
#315 = EDGE_CURVE ( 'NONE', #194, #3503, #6792, .T. ) ;
#316 = AXIS2_PLACEMENT_3D ( 'NONE', #520, #4428, #560 ) ;
#318 = ORIENTED_EDGE ( 'NONE', *, *, #6627, .F. ) ;
#317 = LINE ( 'NONE', #6623, #6326 ) ;
#319 = ORIENTED_EDGE ( 'NONE', *, *, #5260, .T. ) ;
#320 = CIRCLE ( 'NONE', #2469, 1.050000000000000488 ) ;
#321 = FACE_OUTER_BOUND ( 'NONE', #4114, .T. ) ;
#322 = CARTESIAN_POINT ( 'NONE',  ( -4.092112087109041330E-14, -25.29999999999999361, -20.33327276708637754 ) ) ;
#323 = ORIENTED_EDGE ( 'NONE', *, *, #3820, .T. ) ;
#324 = FACE_OUTER_BOUND ( 'NONE', #6250, .T. ) ;
#325 = EDGE_CURVE ( 'NONE', #7033, #1424, #2807, .T. ) ;
#326 = CARTESIAN_POINT ( 'NONE',  ( 3.027549880134890792, -91.32776912039869899, 0.08007542643318556197 ) ) ;
#327 = AXIS2_PLACEMENT_3D ( 'NONE', #6150, #2792, #6302 ) ;
#328 = FACE_OUTER_BOUND ( 'NONE', #799, .T. ) ;
#329 = ADVANCED_FACE ( 'NONE', ( #379 ), #6004, .F. ) ;
#330 = CARTESIAN_POINT ( 'NONE',  ( 25.14999999999999503, -24.29999999999999716, -22.15000000000000568 ) ) ;
#331 = DIRECTION ( 'NONE',  ( 0.7071067811865491270, 0.000000000000000000, 0.7071067811865459074 ) ) ;
#332 = ORIENTED_EDGE ( 'NONE', *, *, #5810, .T. ) ;
#333 = CARTESIAN_POINT ( 'NONE',  ( 8.932919495518456543, -101.5213933257437304, -2.545909993481254130 ) ) ;
#334 = CARTESIAN_POINT ( 'NONE',  ( -9.558403823967655200, -100.8696318700652057, -2.962970551540526909 ) ) ;
#335 = CARTESIAN_POINT ( 'NONE',  ( 2.113394312881701875, -104.9859535806491948, -0.1248879798591669560 ) ) ;
#336 = CARTESIAN_POINT ( 'NONE',  ( 17.64999999999998792, -10.29999999999999005, 22.15000000000000213 ) ) ;
#337 = CARTESIAN_POINT ( 'NONE',  ( 12.31985042847655443, -111.6234167034444624, -8.627086106438000002 ) ) ;
#338 = DIRECTION ( 'NONE',  ( -0.000000000000000000, 1.000000000000000000, 0.000000000000000000 ) ) ;
#339 = ORIENTED_EDGE ( 'NONE', *, *, #3716, .F. ) ;
#340 = CARTESIAN_POINT ( 'NONE',  ( -6.640143076111946208, -122.4041269714618494, -12.20129789974361501 ) ) ;
#341 = CARTESIAN_POINT ( 'NONE',  ( 13.02199117574799736, -55.78337831500095234, -0.3092878372408885412 ) ) ;
#342 = LINE ( 'NONE', #4216, #1073 ) ;
#343 = CARTESIAN_POINT ( 'NONE',  ( -10.60685424949238431, -6.993145750507616221, -28.15000000000000213 ) ) ;
#344 = CARTESIAN_POINT ( 'NONE',  ( 10.76805918778934057, -115.6190682267619536, -6.740616440893523631 ) ) ;
#345 = EDGE_LOOP ( 'NONE', ( #5049, #2325, #4427, #481 ) ) ;
#346 = ORIENTED_EDGE ( 'NONE', *, *, #6256, .F. ) ;
#347 = CARTESIAN_POINT ( 'NONE',  ( 8.539857086086545479, -30.99034495117253840, -12.46512177498427754 ) ) ;
#348 = ORIENTED_EDGE ( 'NONE', *, *, #1298, .T. ) ;
#349 = CARTESIAN_POINT ( 'NONE',  ( 15.39448652295157594, -124.9035240646644667, -26.02051642874160819 ) ) ;
#350 = CARTESIAN_POINT ( 'NONE',  ( 0.1499999999999958866, -0.2158152870422743730, -25.55156521730668473 ) ) ;
#352 = VERTEX_POINT ( 'NONE', #1606 ) ;
#351 = DIRECTION ( 'NONE',  ( 2.812538085595988943E-16, 0.9848077530122081313, 0.1736481776669306920 ) ) ;
#353 = ORIENTED_EDGE ( 'NONE', *, *, #231, .T. ) ;
#354 = EDGE_CURVE ( 'NONE', #3145, #4262, #7299, .T. ) ;
#355 = DIRECTION ( 'NONE',  ( 1.000000000000000000, 0.000000000000000000, -0.000000000000000000 ) ) ;
#356 = DIRECTION ( 'NONE',  ( 0.000000000000000000, 1.000000000000000000, 0.000000000000000000 ) ) ;
#357 = LINE ( 'NONE', #2595, #3370 ) ;
#358 = APPROVAL_PERSON_ORGANIZATION ( #2690, #6667, #3206 ) ;
#359 = CARTESIAN_POINT ( 'NONE',  ( 1.476015593612630017, -91.23388781550603710, 0.3221188650594519198 ) ) ;
#360 = DIRECTION ( 'NONE',  ( 0.8321428571428574061, 0.5545613269117513067, -9.620105526626660038E-16 ) ) ;
#361 = AXIS2_PLACEMENT_3D ( 'NONE', #3969, #1178, #578 ) ;
#362 = EDGE_CURVE ( 'NONE', #4916, #6812, #2166, .T. ) ;
#363 = AXIS2_PLACEMENT_3D ( 'NONE', #2507, #3165, #3201 ) ;
#364 = FACE_OUTER_BOUND ( 'NONE', #498, .T. ) ;
#365 = CARTESIAN_POINT ( 'NONE',  ( 3.015553078194751713, -25.29999999999999716, 19.41184658543261321 ) ) ;
#366 = AXIS2_PLACEMENT_3D ( 'NONE', #2496, #4658, #5915 ) ;
#367 = ORIENTED_EDGE ( 'NONE', *, *, #4954, .F. ) ;
#368 = CARTESIAN_POINT ( 'NONE',  ( 8.506566634769509250, -104.1022990137414723, -2.755690303891599857 ) ) ;
#369 = EDGE_CURVE ( 'NONE', #6221, #2793, #448, .T. ) ;
#370 = CARTESIAN_POINT ( 'NONE',  ( -7.856605425503993878, -99.65231237196633174, -3.497101769836095997 ) ) ;
#371 = CARTESIAN_POINT ( 'NONE',  ( 12.16172096949623693, -93.61902963516551779, -5.162395181222035667 ) ) ;
#372 = AXIS2_PLACEMENT_3D ( 'NONE', #6707, #3898, #6141 ) ;
#373 = DIRECTION ( 'NONE',  ( -1.000000000000000000, -1.734723475976806897E-15, 0.000000000000000000 ) ) ;
#374 = CARTESIAN_POINT ( 'NONE',  ( 6.524041905008106212, -121.9065760151682980, -4.598593748635767753 ) ) ;
#375 = EDGE_CURVE ( 'NONE', #4066, #6609, #5294, .T. ) ;
#376 = DIRECTION ( 'NONE',  ( -1.000000000000000000, 0.000000000000000000, 0.000000000000000000 ) ) ;
#377 = ORIENTED_EDGE ( 'NONE', *, *, #1830, .T. ) ;
#378 = CARTESIAN_POINT ( 'NONE',  ( -8.318078121592042962, -125.2130700713208142, -15.78129232008931915 ) ) ;
#379 = FACE_OUTER_BOUND ( 'NONE', #3660, .T. ) ;
#380 = DIRECTION ( 'NONE',  ( 1.000000000000000000, 0.000000000000000000, 0.000000000000000000 ) ) ;
#381 = CARTESIAN_POINT ( 'NONE',  ( -14.85000000000000497, -12.64999999999999858, -30.15000000000000568 ) ) ;
#382 = CARTESIAN_POINT ( 'NONE',  ( 10.45161684054593643, -116.3490585732156291, -6.539186270171588156 ) ) ;
#383 = ORIENTED_EDGE ( 'NONE', *, *, #325, .T. ) ;
#384 = ORIENTED_EDGE ( 'NONE', *, *, #3276, .F. ) ;
#385 = CARTESIAN_POINT ( 'NONE',  ( 5.790455144860603198, -25.29999999999783711, -13.13869947827896745 ) ) ;
#386 = ORIENTED_EDGE ( 'NONE', *, *, #1887, .F. ) ;
#387 = CARTESIAN_POINT ( 'NONE',  ( 16.69213391531777546, -132.1003618770463675, -21.25963744299126290 ) ) ;
#388 = DIRECTION ( 'NONE',  ( 0.000000000000000000, 0.000000000000000000, 1.000000000000000000 ) ) ;
#389 = CARTESIAN_POINT ( 'NONE',  ( 12.96913376936599605, -126.3844215691062800, -31.36165680808509393 ) ) ;
#390 = ORIENTED_EDGE ( 'NONE', *, *, #4102, .T. ) ;
#391 = AXIS2_PLACEMENT_3D ( 'NONE', #6510, #2589, #6053 ) ;
#392 = CARTESIAN_POINT ( 'NONE',  ( 1.756854249492376674, -6.993145750507620662, -30.15000000000000568 ) ) ;
#393 = CARTESIAN_POINT ( 'NONE',  ( 3.146476370910904041, 3.000000000000000000, 21.73578643762688500 ) ) ;
#394 = CARTESIAN_POINT ( 'NONE',  ( -8.506854249492382891, -6.993145750507621550, -0.1500000000000042966 ) ) ;
#395 = CARTESIAN_POINT ( 'NONE',  ( 0.9553004939347524704, -91.21875862623177511, 0.3647005562687615776 ) ) ;
#396 = DIRECTION ( 'NONE',  ( -6.897508850802415061E-17, 0.000000000000000000, -1.000000000000000000 ) ) ;
#397 = AXIS2_PLACEMENT_3D ( 'NONE', #1802, #6945, #6274 ) ;
#398 = CARTESIAN_POINT ( 'NONE',  ( 2.531929648365021990, -25.09966683982721847, 20.37909344509188614 ) ) ;
#399 = ORIENTED_EDGE ( 'NONE', *, *, #5354, .F. ) ;
#400 = CARTESIAN_POINT ( 'NONE',  ( 6.356696461314320423, -105.1423543001147323, -1.563143631491482832 ) ) ;
#401 = AXIS2_PLACEMENT_3D ( 'NONE', #851, #4758, #3648 ) ;
#402 = CARTESIAN_POINT ( 'NONE',  ( -8.509973125999225729, -94.17158595512758268, -3.118181793759175147 ) ) ;
#403 = EDGE_CURVE ( 'NONE', #7063, #928, #204, .T. ) ;
#404 = CARTESIAN_POINT ( 'NONE',  ( 17.64999999999998792, -10.29999999999999005, 22.15000000000000213 ) ) ;
#405 = VECTOR ( 'NONE', #3696, 1000.000000000000000 ) ;
#406 = DIRECTION ( 'NONE',  ( 1.000000000000000000, 0.000000000000000000, 0.000000000000000000 ) ) ;
#407 = CARTESIAN_POINT ( 'NONE',  ( 10.65910809203923293, -118.8834065224319971, -7.430328823227346113 ) ) ;
#408 = CARTESIAN_POINT ( 'NONE',  ( -4.430511007335314666, -45.76321319532684129, -17.26794076043868031 ) ) ;
#409 = EDGE_CURVE ( 'NONE', #694, #1097, #1003, .T. ) ;
#410 = ORIENTED_EDGE ( 'NONE', *, *, #1755, .T. ) ;
#411 = FACE_OUTER_BOUND ( 'NONE', #4139, .T. ) ;
#412 = VECTOR ( 'NONE', #6834, 1000.000000000000000 ) ;
#413 = DIRECTION ( 'NONE',  ( 1.000000000000000000, 0.000000000000000000, 0.000000000000000000 ) ) ;
#414 = SPHERICAL_SURFACE ( 'NONE', #6776, 1.000000000000000000 ) ;
#415 = DIRECTION ( 'NONE',  ( 6.897508850802415061E-17, -0.000000000000000000, 1.000000000000000000 ) ) ;
#416 = ADVANCED_FACE ( 'NONE', ( #3913 ), #1040, .F. ) ;
#417 = CARTESIAN_POINT ( 'NONE',  ( 0.02706447616306533951, -24.98372869334810886, -24.87973630435417505 ) ) ;
#418 = SPHERICAL_SURFACE ( 'NONE', #313, 1.000000000000000000 ) ;
#419 = EDGE_CURVE ( 'NONE', #4710, #7096, #1617, .T. ) ;
#420 = VERTEX_POINT ( 'NONE', #4466 ) ;
#421 = CARTESIAN_POINT ( 'NONE',  ( -14.85000000000000497, -12.64999999999999858, -29.15000000000000568 ) ) ;
#422 = ORIENTED_EDGE ( 'NONE', *, *, #2905, .T. ) ;
#423 = CARTESIAN_POINT ( 'NONE',  ( 9.129979279969937522, -127.3557543643167520, -35.35939466570992096 ) ) ;
#424 = DIRECTION ( 'NONE',  ( -0.7071067811865445751, -0.000000000000000000, 0.7071067811865504593 ) ) ;
#425 = TOROIDAL_SURFACE ( 'NONE', #4232, 14.00000000000000178, 2.000000000000000000 ) ;
#426 = CARTESIAN_POINT ( 'NONE',  ( 14.43637980143586752, -120.2295660653919214, -13.71494872396005960 ) ) ;
#427 = ORIENTED_EDGE ( 'NONE', *, *, #1407, .T. ) ;
#428 = CARTESIAN_POINT ( 'NONE',  ( -12.21063007597488514, -97.86409784694176039, -5.998984000480505507 ) ) ;
#429 = CARTESIAN_POINT ( 'NONE',  ( -24.15000000000000213, -24.29999999999999716, -21.73578643762691343 ) ) ;
#430 = VECTOR ( 'NONE', #6149, 1000.000000000000000 ) ;
#431 = AXIS2_PLACEMENT_3D ( 'NONE', #2899, #5036, #472 ) ;
#432 = CARTESIAN_POINT ( 'NONE',  ( 6.771227517611229096, -92.22525196738050113, -1.449929486142979229 ) ) ;
#433 = CARTESIAN_POINT ( 'NONE',  ( 16.59999999999999076, -10.29999999999999005, 20.15000000000000213 ) ) ;
#434 = DIRECTION ( 'NONE',  ( -6.897508850802415061E-17, 0.000000000000000000, -1.000000000000000000 ) ) ;
#435 = CARTESIAN_POINT ( 'NONE',  ( 0.7068542494923784059, -6.993145750507620662, -28.15000000000000213 ) ) ;
#436 = ORIENTED_EDGE ( 'NONE', *, *, #6270, .T. ) ;
#437 = CARTESIAN_POINT ( 'NONE',  ( 7.349967312981728007, -102.5280512779742423, -1.627473158825682775 ) ) ;
#438 = AXIS2_PLACEMENT_3D ( 'NONE', #6390, #3578, #5826 ) ;
#439 = CARTESIAN_POINT ( 'NONE',  ( -4.267037560162947329, -91.48122094407223415, -0.2589406324410877813 ) ) ;
#440 = CARTESIAN_POINT ( 'NONE',  ( -0.6769830321683352192, -104.9524524138164168, 0.02698885146858221243 ) ) ;
#441 = DIRECTION ( 'NONE',  ( -1.000000000000000000, 0.000000000000000000, 0.000000000000000000 ) ) ;
#442 = CARTESIAN_POINT ( 'NONE',  ( 12.32902047828526726, -113.5719993398007261, -8.987760997973170518 ) ) ;
#443 = CARTESIAN_POINT ( 'NONE',  ( -13.94878913292736833, -50.72875231720242084, -6.382558367513874842 ) ) ;
#444 = EDGE_CURVE ( 'NONE', #1586, #4978, #898, .T. ) ;
#445 = ORIENTED_EDGE ( 'NONE', *, *, #3327, .F. ) ;
#446 = EDGE_CURVE ( 'NONE', #2984, #510, #6157, .T. ) ;
#447 = CARTESIAN_POINT ( 'NONE',  ( 5.019591335306453850, -132.2829657485938810, -28.87269282664799874 ) ) ;
#448 = LINE ( 'NONE', #3310, #6593 ) ;
#449 = DIRECTION ( 'NONE',  ( -1.000000000000000000, 0.000000000000000000, 0.000000000000000000 ) ) ;
#450 = DIRECTION ( 'NONE',  ( 0.7071067811865466846, 0.000000000000000000, -0.7071067811865483499 ) ) ;
#451 = CARTESIAN_POINT ( 'NONE',  ( -2.850000000000004086, -12.65000000000000036, -29.15000000000000568 ) ) ;
#452 = DIRECTION ( 'NONE',  ( -2.812538085595988943E-16, -0.9848077530122080203, -0.1736481776669306920 ) ) ;
#453 = ORIENTED_EDGE ( 'NONE', *, *, #3922, .T. ) ;
#454 = ADVANCED_FACE ( 'NONE', ( #2797 ), #3870, .F. ) ;
#455 = DATE_AND_TIME ( #2135, #1068 ) ;
#456 = EDGE_LOOP ( 'NONE', ( #3161, #5942, #2244, #1611, #4220, #5531 ) ) ;
#457 = CARTESIAN_POINT ( 'NONE',  ( 14.88731010097660601, -136.5009126543477578, -31.12071547676897154 ) ) ;
#458 = LINE ( 'NONE', #6734, #951 ) ;
#459 = EDGE_CURVE ( 'NONE', #823, #3145, #4345, .T. ) ;
#460 = CARTESIAN_POINT ( 'NONE',  ( -20.44289321881339561, 4.000000000000000000, 20.44289321881348798 ) ) ;
#461 = CARTESIAN_POINT ( 'NONE',  ( -5.936609395010490786, -131.9413750433271559, -28.07508917320650710 ) ) ;
#462 = EDGE_LOOP ( 'NONE', ( #1734, #5494, #6203, #5405 ) ) ;
#463 = EDGE_CURVE ( 'NONE', #5393, #254, #4900, .T. ) ;
#464 = AXIS2_PLACEMENT_3D ( 'NONE', #2309, #1182, #4996 ) ;
#465 = CARTESIAN_POINT ( 'NONE',  ( -12.27071904858681073, -94.31791116232719219, -5.483853496739189204 ) ) ;
#466 = CARTESIAN_POINT ( 'NONE',  ( -18.39231632514079351, -25.29999999999999716, -6.042533121884467562 ) ) ;
#467 = CARTESIAN_POINT ( 'NONE',  ( -21.15000000000000213, 4.000000000000000000, 0.000000000000000000 ) ) ;
#468 = CARTESIAN_POINT ( 'NONE',  ( -4.454121409451974323, -105.4031867899559103, -0.8092418061177925059 ) ) ;
#469 = DIRECTION ( 'NONE',  ( 0.000000000000000000, 0.000000000000000000, 1.000000000000000000 ) ) ;
#470 = CARTESIAN_POINT ( 'NONE',  ( -9.689384153376330744, -120.0099500317360537, -6.578040795103163418 ) ) ;
#471 = CARTESIAN_POINT ( 'NONE',  ( 5.149999999999996803, -12.65000000000000391, -28.15000000000000213 ) ) ;
#472 = DIRECTION ( 'NONE',  ( -1.000000000000000000, 0.000000000000000000, 0.000000000000000000 ) ) ;
#473 = EDGE_LOOP ( 'NONE', ( #3101, #1452, #383, #5511 ) ) ;
#474 = CARTESIAN_POINT ( 'NONE',  ( 3.361708862557872823, -102.0547457420068440, -1.888197513343955247 ) ) ;
#475 = CARTESIAN_POINT ( 'NONE',  ( -4.268558227568847840, -90.54274521619319671, 1.891705467075392777 ) ) ;
#476 = CARTESIAN_POINT ( 'NONE',  ( -11.15148947191567785, -107.9012055869108195, -6.123610894078106881 ) ) ;
#477 = CIRCLE ( 'NONE', #1675, 12.00000000000000178 ) ;
#478 = CARTESIAN_POINT ( 'NONE',  ( -1.658406440915458635, -122.8680367057016980, -3.238732449746736020 ) ) ;
#479 = CARTESIAN_POINT ( 'NONE',  ( 12.22920326028867066, -114.5516817279915784, -8.974849002403512799 ) ) ;
#480 = FACE_OUTER_BOUND ( 'NONE', #6664, .T. ) ;
#481 = ORIENTED_EDGE ( 'NONE', *, *, #7206, .T. ) ;
#482 = CARTESIAN_POINT ( 'NONE',  ( 0.8352672508788907546, -132.9755663210960677, -30.55036184346158734 ) ) ;
#483 = AXIS2_PLACEMENT_3D ( 'NONE', #3883, #3924, #5019 ) ;
#484 = CARTESIAN_POINT ( 'NONE',  ( 3.146476370910897380, -25.30000000000000071, 0.000000000000000000 ) ) ;
#485 = CYLINDRICAL_SURFACE ( 'NONE', #4064, 1.000000000000000888 ) ;
#486 = CARTESIAN_POINT ( 'NONE',  ( 5.240988614667736023, -108.4894269936364992, -3.590182424751725776 ) ) ;
#487 = CARTESIAN_POINT ( 'NONE',  ( 24.14999999999999147, 3.000000000000000000, -21.73578643762691343 ) ) ;
#488 = AXIS2_PLACEMENT_3D ( 'NONE', #5403, #4852, #6222 ) ;
#489 = DIRECTION ( 'NONE',  ( 0.000000000000000000, 0.1736481776669308585, -0.9848077530122080203 ) ) ;
#490 = EDGE_LOOP ( 'NONE', ( #5377, #1451, #766, #1028 ) ) ;
#491 = VERTEX_POINT ( 'NONE', #5453 ) ;
#492 = CARTESIAN_POINT ( 'NONE',  ( 3.182609832535267191, -127.9527048615133396, -38.03929986154011544 ) ) ;
#493 = DIRECTION ( 'NONE',  ( 0.9915415861795914276, 0.08359705125243520329, -0.09928149826809468115 ) ) ;
#494 = CARTESIAN_POINT ( 'NONE',  ( -2.531010437230539090, -119.0027736807103622, -4.709885383590282082 ) ) ;
#495 = EDGE_CURVE ( 'NONE', #6539, #3398, #5287, .T. ) ;
#496 = CARTESIAN_POINT ( 'NONE',  ( -7.035786160369159603, -23.92172417181669175, -25.58900116620898402 ) ) ;
#497 = CARTESIAN_POINT ( 'NONE',  ( -2.667144272545034500, -132.8058102663902389, -30.13171967845541133 ) ) ;
#498 = EDGE_LOOP ( 'NONE', ( #367, #1201, #2679, #6391 ) ) ;
#499 = DIRECTION ( 'NONE',  ( 0.000000000000000000, 0.000000000000000000, -1.000000000000000000 ) ) ;
#500 = ADVANCED_FACE ( 'NONE', ( #3351 ), #2053, .T. ) ;
#501 = CARTESIAN_POINT ( 'NONE',  ( -0.9163082512827401827, -31.16824088832307638, -15.40923400202329319 ) ) ;
#502 = CYLINDRICAL_SURFACE ( 'NONE', #5608, 1.000000000000000888 ) ;
#503 = DIRECTION ( 'NONE',  ( 0.000000000000000000, 0.000000000000000000, -1.000000000000000000 ) ) ;
#504 = EDGE_CURVE ( 'NONE', #5476, #4214, #3200, .T. ) ;
#505 = CARTESIAN_POINT ( 'NONE',  ( -10.85000000000000320, -12.64999999999999858, -20.15000000000000213 ) ) ;
#506 = FACE_OUTER_BOUND ( 'NONE', #562, .T. ) ;
#507 = VERTEX_POINT ( 'NONE', #1688 ) ;
#508 = DIRECTION ( 'NONE',  ( -0.000000000000000000, 1.000000000000000000, 0.000000000000000000 ) ) ;
#509 = CARTESIAN_POINT ( 'NONE',  ( 0.1499999999999953593, 2.999999999999999112, -29.15000000000000568 ) ) ;
#510 = VERTEX_POINT ( 'NONE', #9 ) ;
#511 = DIRECTION ( 'NONE',  ( 1.000000000000000000, 0.000000000000000000, -6.897508850802415061E-17 ) ) ;
#512 = CARTESIAN_POINT ( 'NONE',  ( -8.928091495621780282, -91.66116314583433677, -0.8110303209384750467 ) ) ;
#513 = CARTESIAN_POINT ( 'NONE',  ( -5.861892521404127088, -108.6491796562201699, -3.869579265270345125 ) ) ;
#514 = CARTESIAN_POINT ( 'NONE',  ( -3.107601731449874283, -118.9148403395737148, -4.806534076941036737 ) ) ;
#515 = CYLINDRICAL_SURFACE ( 'NONE', #2027, 1.000000000000000888 ) ;
#516 = AXIS2_PLACEMENT_3D ( 'NONE', #6828, #1143, #3975 ) ;
#517 = DIRECTION ( 'NONE',  ( 0.8660254037844385966, -0.5000000000000001110, 0.000000000000000000 ) ) ;
#518 = EDGE_LOOP ( 'NONE', ( #1704, #600, #4739, #3172, #1373 ) ) ;
#519 = TOROIDAL_SURFACE ( 'NONE', #1474, 11.00000000000000355, 1.000000000000000000 ) ;
#520 = CARTESIAN_POINT ( 'NONE',  ( -1.321292138320749019E-14, -46.37860626958296706, -7.731807848911335768 ) ) ;
#521 = CARTESIAN_POINT ( 'NONE',  ( 7.109882342475144057, -92.42500616497858346, -1.690973327134502213 ) ) ;
#522 = CIRCLE ( 'NONE', #1476, 2.099999999999999645 ) ;
#523 = ORIENTED_EDGE ( 'NONE', *, *, #2970, .F. ) ;
#524 = CARTESIAN_POINT ( 'NONE',  ( 10.64999999999998970, -17.30000000000002203, 20.15000000000000213 ) ) ;
#525 = FACE_OUTER_BOUND ( 'NONE', #714, .T. ) ;
#526 = CARTESIAN_POINT ( 'NONE',  ( 3.027549880134883686, -108.1441232879689238, -2.885101530458683783 ) ) ;
#527 = DIRECTION ( 'NONE',  ( 0.000000000000000000, 0.000000000000000000, 1.000000000000000000 ) ) ;
#528 = LINE ( 'NONE', #6239, #5152 ) ;
#529 = DIRECTION ( 'NONE',  ( -2.769809312337045459E-16, -1.000000000000000000, 0.000000000000000000 ) ) ;
#530 = ORIENTED_EDGE ( 'NONE', *, *, #7260, .T. ) ;
#531 = AXIS2_PLACEMENT_3D ( 'NONE', #2276, #1192, #4459 ) ;
#532 = CARTESIAN_POINT ( 'NONE',  ( 16.13820029567294512, -135.1747534646754616, -27.87307035761966034 ) ) ;
#533 = CARTESIAN_POINT ( 'NONE',  ( -24.15000000000000213, 2.999999999999999112, 16.73578643762689921 ) ) ;
#534 = DIRECTION ( 'NONE',  ( -1.000000000000000000, 0.000000000000000000, -6.897508850802399037E-17 ) ) ;
#535 = CARTESIAN_POINT ( 'NONE',  ( -6.063003644389211466, -24.23702468716719949, -26.51066254241095521 ) ) ;
#536 = ORIENTED_EDGE ( 'NONE', *, *, #3718, .T. ) ;
#537 = CARTESIAN_POINT ( 'NONE',  ( 20.14999999999999503, -20.30000000000000071, 20.15000000000000213 ) ) ;
#538 = EDGE_CURVE ( 'NONE', #2438, #1913, #4001, .T. ) ;
#539 = CARTESIAN_POINT ( 'NONE',  ( -7.016109438463184134, -31.05348687844501399, -13.51009741127398911 ) ) ;
#540 = EDGE_CURVE ( 'NONE', #6143, #4970, #1164, .T. ) ;
#541 = CARTESIAN_POINT ( 'NONE',  ( 2.146476370910900489, -11.93193262840708613, 22.14999999999998437 ) ) ;
#542 = DIRECTION ( 'NONE',  ( -0.000000000000000000, 1.000000000000000000, -0.000000000000000000 ) ) ;
#543 = FACE_OUTER_BOUND ( 'NONE', #2627, .T. ) ;
#544 = CC_DESIGN_PERSON_AND_ORGANIZATION_ASSIGNMENT ( #6087, #4396, ( #3457 ) ) ;
#545 = CARTESIAN_POINT ( 'NONE',  ( -1.383923776363700897, -122.8912741681557748, -3.202729808728016714 ) ) ;
#546 = ORIENTED_EDGE ( 'NONE', *, *, #5512, .T. ) ;
#547 = EDGE_CURVE ( 'NONE', #3929, #6856, #3879, .T. ) ;
#548 = AXIS2_PLACEMENT_3D ( 'NONE', #6684, #2649, #6079 ) ;
#549 = CARTESIAN_POINT ( 'NONE',  ( -5.727064476163182150, -24.92455904944909051, -24.93097758850767320 ) ) ;
#550 = ORIENTED_EDGE ( 'NONE', *, *, #1189, .F. ) ;
#551 = FACE_OUTER_BOUND ( 'NONE', #6503, .T. ) ;
#552 = CARTESIAN_POINT ( 'NONE',  ( -4.646626284040669574, -90.57127557265161499, 1.759627298361997383 ) ) ;
#553 = CARTESIAN_POINT ( 'NONE',  ( -3.378990356645146242, -108.1824977104498657, -2.972596796632608562 ) ) ;
#554 = EDGE_CURVE ( 'NONE', #4795, #507, #6109, .T. ) ;
#555 = VECTOR ( 'NONE', #2560, 1000.000000000000000 ) ;
#556 = CARTESIAN_POINT ( 'NONE',  ( -0.3839447347173687297, -24.39387378289514174, -26.33920891306252088 ) ) ;
#557 = CARTESIAN_POINT ( 'NONE',  ( -15.18890073016118691, -121.1883396746615631, -15.76800764283018275 ) ) ;
#558 = CIRCLE ( 'NONE', #689, 1.000000000000000888 ) ;
#559 = EDGE_LOOP ( 'NONE', ( #1935, #4564, #1604, #731 ) ) ;
#560 = DIRECTION ( 'NONE',  ( 0.000000000000000000, 0.1736481776669308585, -0.9848077530122080203 ) ) ;
#561 = CARTESIAN_POINT ( 'NONE',  ( 6.323921264260399688, -92.01678037349034867, -1.169204878252295909 ) ) ;
#562 = EDGE_LOOP ( 'NONE', ( #3066, #3037, #2803, #6988 ) ) ;
#563 = DIRECTION ( 'NONE',  ( 0.000000000000000000, 0.000000000000000000, 1.000000000000000000 ) ) ;
#564 = CARTESIAN_POINT ( 'NONE',  ( -21.73578643762688856, -24.29999999999999716, 19.14999999999999858 ) ) ;
#565 = CARTESIAN_POINT ( 'NONE',  ( -13.01002756571808128, -120.7353510578924585, -11.72652011523784843 ) ) ;
#566 = CYLINDRICAL_SURFACE ( 'NONE', #992, 1.050000000000000488 ) ;
#567 = VECTOR ( 'NONE', #415, 1000.000000000000000 ) ;
#568 = ORIENTED_EDGE ( 'NONE', *, *, #2785, .F. ) ;
#569 = ORIENTED_EDGE ( 'NONE', *, *, #4321, .T. ) ;
#570 = ORIENTED_EDGE ( 'NONE', *, *, #152, .T. ) ;
#571 = CARTESIAN_POINT ( 'NONE',  ( 5.162551659651435365, -139.6278511851398321, -39.63907798534979321 ) ) ;
#572 = DIRECTION ( 'NONE',  ( -0.000000000000000000, -0.000000000000000000, -1.000000000000000000 ) ) ;
#573 = CARTESIAN_POINT ( 'NONE',  ( -1.596297136799756933, -88.16081516335273704, 2.880670477341368940 ) ) ;
#574 = CARTESIAN_POINT ( 'NONE',  ( -9.842224228534433905, -24.46236786829598131, -25.13937684427907726 ) ) ;
#575 = VERTEX_POINT ( 'NONE', #5639 ) ;
#576 = FACE_BOUND ( 'NONE', #7324, .T. ) ;
#577 = CARTESIAN_POINT ( 'NONE',  ( -12.15887304457378271, -98.18579224570250119, -5.962153395868907246 ) ) ;
#578 = DIRECTION ( 'NONE',  ( 0.000000000000000000, -1.000000000000000000, 0.000000000000000000 ) ) ;
#579 = CARTESIAN_POINT ( 'NONE',  ( -1.321292138320749019E-14, -43.60023542691207865, -23.48873189710666409 ) ) ;
#580 = FACE_OUTER_BOUND ( 'NONE', #2976, .T. ) ;
#581 = CARTESIAN_POINT ( 'NONE',  ( -4.977129955210857659, -105.3708547855929112, -0.9926057146536623188 ) ) ;
#582 = CARTESIAN_POINT ( 'NONE',  ( -10.85000000000000320, -12.64999999999999858, -28.15000000000000213 ) ) ;
#583 = EDGE_CURVE ( 'NONE', #4395, #5791, #6277, .T. ) ;
#584 = VECTOR ( 'NONE', #71, 1000.000000000000000 ) ;
#585 = CARTESIAN_POINT ( 'NONE',  ( -3.668071464818273304E-14, -122.9205321072674337, -3.155693352942731789 ) ) ;
#586 = EDGE_LOOP ( 'NONE', ( #7342, #5751 ) ) ;
#587 = CARTESIAN_POINT ( 'NONE',  ( 21.14999999999999503, 4.000000000000000000, 19.14999999999999858 ) ) ;
#588 = CARTESIAN_POINT ( 'NONE',  ( -5.278738564703497893, -24.97384962513550377, -24.89147132286964492 ) ) ;
#589 = ORIENTED_EDGE ( 'NONE', *, *, #4005, .F. ) ;
#590 = CARTESIAN_POINT ( 'NONE',  ( -1.796841994099463768, -91.24969417248490799, 0.2805290107900372254 ) ) ;
#591 = CARTESIAN_POINT ( 'NONE',  ( -10.79751198744980201, -107.4571824467785461, -5.591520219416358906 ) ) ;
#592 = EDGE_CURVE ( 'NONE', #3638, #270, #6135, .T. ) ;
#593 = DIRECTION ( 'NONE',  ( 1.000000000000000000, 0.000000000000000000, 0.000000000000000000 ) ) ;
#594 = CARTESIAN_POINT ( 'NONE',  ( 10.64999999999996838, -3.299999999999976730, 22.15000000000000213 ) ) ;
#595 = CARTESIAN_POINT ( 'NONE',  ( -14.15815142935689686, -119.8905213432554149, -13.00310015753465898 ) ) ;
#596 = EDGE_CURVE ( 'NONE', #2582, #2946, #2815, .T. ) ;
#597 = EDGE_LOOP ( 'NONE', ( #2860, #5723, #6771, #2557 ) ) ;
#598 = CARTESIAN_POINT ( 'NONE',  ( -5.491851125533973033, -101.4649765342999643, -2.443399661257330102 ) ) ;
#599 = CARTESIAN_POINT ( 'NONE',  ( 5.632566029001640828, -91.77648434093006813, -0.8020339861801965009 ) ) ;
#600 = ORIENTED_EDGE ( 'NONE', *, *, #2694, .F. ) ;
#601 = DIRECTION ( 'NONE',  ( -0.000000000000000000, -0.000000000000000000, 1.000000000000000000 ) ) ;
#602 = CARTESIAN_POINT ( 'NONE',  ( 5.476074321815765700, -108.5492859432876003, -3.694482957362437592 ) ) ;
#603 = LINE ( 'NONE', #49, #5266 ) ;
#604 = CIRCLE ( 'NONE', #2022, 2.099999999999999645 ) ;
#605 = EDGE_CURVE ( 'NONE', #2780, #2723, #5516, .T. ) ;
#606 = LINE ( 'NONE', #644, #1511 ) ;
#607 = ORIENTED_EDGE ( 'NONE', *, *, #7297, .F. ) ;
#608 = ORIENTED_EDGE ( 'NONE', *, *, #1514, .F. ) ;
#609 = AXIS2_PLACEMENT_3D ( 'NONE', #3427, #4026, #6796 ) ;
#610 = AXIS2_PLACEMENT_3D ( 'NONE', #1884, #4143, #795 ) ;
#611 = ORIENTED_EDGE ( 'NONE', *, *, #6449, .T. ) ;
#612 = CARTESIAN_POINT ( 'NONE',  ( -4.034484289971072002, -132.5516127611792854, -29.51398401914800118 ) ) ;
#613 = CIRCLE ( 'NONE', #3692, 0.9999999999999988898 ) ;
#614 = CARTESIAN_POINT ( 'NONE',  ( 19.14999999999999503, 2.999999999999999112, 19.14999999999999858 ) ) ;
#615 = DIRECTION ( 'NONE',  ( -0.000000000000000000, -0.000000000000000000, 1.000000000000000000 ) ) ;
#616 = CIRCLE ( 'NONE', #7123, 1.000000000000000888 ) ;
#617 = DIRECTION ( 'NONE',  ( 0.000000000000000000, 1.000000000000000000, 0.000000000000000000 ) ) ;
#618 = AXIS2_PLACEMENT_3D ( 'NONE', #5063, #5690, #534 ) ;
#619 = ORIENTED_EDGE ( 'NONE', *, *, #2240, .F. ) ;
#620 = DIRECTION ( 'NONE',  ( -0.7071067811865492381, 0.000000000000000000, -0.7071067811865457964 ) ) ;
#621 = CARTESIAN_POINT ( 'NONE',  ( 12.90789464910647588, -25.29999999999999716, 5.476436196868864847 ) ) ;
#622 = DIRECTION ( 'NONE',  ( 6.897508850802415061E-17, -0.000000000000000000, 1.000000000000000000 ) ) ;
#623 = CARTESIAN_POINT ( 'NONE',  ( -17.07782624843637720, -25.29999999999999361, -9.589930173403780955 ) ) ;
#624 = DIRECTION ( 'NONE',  ( 0.000000000000000000, 0.000000000000000000, -1.000000000000000000 ) ) ;
#625 = CARTESIAN_POINT ( 'NONE',  ( -5.247271970986264300, -25.30000000000000426, -24.14999999999999858 ) ) ;
#626 = DIRECTION ( 'NONE',  ( -0.000000000000000000, 1.000000000000000000, 0.000000000000000000 ) ) ;
#627 = CARTESIAN_POINT ( 'NONE',  ( -6.275754838646674827, -121.9840497307259142, -4.494252039888831263 ) ) ;
#628 = ORIENTED_EDGE ( 'NONE', *, *, #7220, .F. ) ;
#629 = CARTESIAN_POINT ( 'NONE',  ( -24.15000000000000213, -24.29999999999999716, -21.73578643762690987 ) ) ;
#630 = FACE_BOUND ( 'NONE', #7216, .T. ) ;
#631 = CARTESIAN_POINT ( 'NONE',  ( -8.624351459862479530, -111.3729456127194197, -6.271878093341825888 ) ) ;
#632 = CARTESIAN_POINT ( 'NONE',  ( -11.91396237763972366, -109.4089298147559788, -7.517815311149868229 ) ) ;
#633 = CARTESIAN_POINT ( 'NONE',  ( -24.14999999999999858, 3.000000000000000000, -21.73578643762691343 ) ) ;
#634 = CARTESIAN_POINT ( 'NONE',  ( -9.556854249492383602, -6.993145750507621550, -0.1500000000000042133 ) ) ;
#635 = CARTESIAN_POINT ( 'NONE',  ( -5.186083951415159987, -127.8289750747547942, -37.46889195704186193 ) ) ;
#636 = ORIENTED_EDGE ( 'NONE', *, *, #6356, .T. ) ;
#637 = EDGE_CURVE ( 'NONE', #1150, #2019, #7186, .T. ) ;
#638 = DIRECTION ( 'NONE',  ( 0.000000000000000000, 1.000000000000000000, 0.000000000000000000 ) ) ;
#639 = CARTESIAN_POINT ( 'NONE',  ( 9.148154734062760696, -89.42111762068957148, -0.6970203226402680308 ) ) ;
#640 = ORIENTED_EDGE ( 'NONE', *, *, #3595, .T. ) ;
#641 = CARTESIAN_POINT ( 'NONE',  ( -8.223602234550746459, -102.0326282578534460, -2.112649122992727779 ) ) ;
#642 = DIRECTION ( 'NONE',  ( 6.897508850802415061E-17, -0.000000000000000000, 1.000000000000000000 ) ) ;
#643 = APPROVAL ( #3030, '未指定' ) ;
#644 = CARTESIAN_POINT ( 'NONE',  ( 5.560689933284010067, -25.30000000000000782, 25.15000000000000213 ) ) ;
#645 = EDGE_LOOP ( 'NONE', ( #4288, #3205 ) ) ;
#646 = TOROIDAL_SURFACE ( 'NONE', #3131, 14.00000000000000178, 2.000000000000000000 ) ;
#647 = ORIENTED_EDGE ( 'NONE', *, *, #6940, .T. ) ;
#648 = EDGE_CURVE ( 'NONE', #2320, #491, #2169, .T. ) ;
#649 = CARTESIAN_POINT ( 'NONE',  ( -3.462520044718637724, -127.9446298039318748, -38.00158864729073116 ) ) ;
#650 = DIRECTION ( 'NONE',  ( 0.000000000000000000, 1.000000000000000000, 0.000000000000000000 ) ) ;
#651 = CARTESIAN_POINT ( 'NONE',  ( -6.580771462494662494, -117.6987520958752356, -5.834144362675613316 ) ) ;
#652 = AXIS2_PLACEMENT_3D ( 'NONE', #6387, #2434, #4242 ) ;
#653 = CIRCLE ( 'NONE', #6565, 1.000000000000000888 ) ;
#654 = EDGE_CURVE ( 'NONE', #4750, #1725, #3045, .T. ) ;
#655 = CARTESIAN_POINT ( 'NONE',  ( 10.94030843745406933, -111.0563784826661049, -6.122629380377367703 ) ) ;
#656 = VERTEX_POINT ( 'NONE', #3413 ) ;
#657 = CARTESIAN_POINT ( 'NONE',  ( 0.03882754282087257786, -1.001365090980916861, -28.67702753421614048 ) ) ;
#658 = CARTESIAN_POINT ( 'NONE',  ( 12.14964238609887381, -29.86488049346622020, 6.160900403291421412 ) ) ;
#659 = FACE_OUTER_BOUND ( 'NONE', #2868, .T. ) ;
#660 = FACE_OUTER_BOUND ( 'NONE', #1295, .T. ) ;
#661 = DIRECTION ( 'NONE',  ( 0.000000000000000000, 0.000000000000000000, 1.000000000000000000 ) ) ;
#662 = CARTESIAN_POINT ( 'NONE',  ( 21.73578643762688500, -24.29999999999999716, -24.15000000000000568 ) ) ;
#663 = CARTESIAN_POINT ( 'NONE',  ( 9.599999999999988987, -17.30000000000002203, 15.15000000000000213 ) ) ;
#664 = CARTESIAN_POINT ( 'NONE',  ( -6.444464631706515512, -105.4083661452580145, -1.658973599727649351 ) ) ;
#665 = ORIENTED_EDGE ( 'NONE', *, *, #5300, .T. ) ;
#666 = CARTESIAN_POINT ( 'NONE',  ( -8.390347419828723119, -46.52237294530230827, -15.28539248701800624 ) ) ;
#667 = CARTESIAN_POINT ( 'NONE',  ( 2.806854249492379605, -6.993145750507620662, -0.1500000000000042966 ) ) ;
#668 = PLANE ( 'NONE',  #4603 ) ;
#669 = CARTESIAN_POINT ( 'NONE',  ( -7.343042822495380761, -117.0814585353916470, -6.191554913145621342 ) ) ;
#670 = CARTESIAN_POINT ( 'NONE',  ( 2.167134483671805167, -102.2290173194730869, -1.696938138667956730 ) ) ;
#671 = CARTESIAN_POINT ( 'NONE',  ( -8.508389849767937108, -115.1383202529885068, -6.815291579156423474 ) ) ;
#672 = CIRCLE ( 'NONE', #6359, 1.000000000000000888 ) ;
#673 = CARTESIAN_POINT ( 'NONE',  ( -13.47647665328392996, -119.2065868345298298, -11.70883996965367224 ) ) ;
#674 = VERTEX_POINT ( 'NONE', #5619 ) ;
#675 = CARTESIAN_POINT ( 'NONE',  ( -8.418322628372274963, -98.58485194639132487, -3.805286953311391329 ) ) ;
#676 = CARTESIAN_POINT ( 'NONE',  ( 0.02706447616317289584, -24.98372869334810531, -24.87973630435418215 ) ) ;
#677 = ORIENTED_EDGE ( 'NONE', *, *, #4092, .F. ) ;
#678 = CARTESIAN_POINT ( 'NONE',  ( -2.740990237347626923, -103.6860893431059907, -0.02965214951808760324 ) ) ;
#679 = AXIS2_PLACEMENT_3D ( 'NONE', #5071, #2263, #2773 ) ;
#680 = CARTESIAN_POINT ( 'NONE',  ( -2.850000000000004086, -12.65000000000000036, -30.15000000000000568 ) ) ;
#681 = CIRCLE ( 'NONE', #7308, 5.000000000000000888 ) ;
#682 = EDGE_CURVE ( 'NONE', #276, #16, #5764, .T. ) ;
#683 = CARTESIAN_POINT ( 'NONE',  ( -0.9667934830559664627, -25.04147239601469366, -24.84203082848306821 ) ) ;
#684 = ORIENTED_EDGE ( 'NONE', *, *, #2545, .T. ) ;
#685 = ORIENTED_EDGE ( 'NONE', *, *, #6630, .F. ) ;
#686 = CARTESIAN_POINT ( 'NONE',  ( -11.22786899372007419, -138.3770062198397852, -36.08665176478299230 ) ) ;
#687 = FACE_OUTER_BOUND ( 'NONE', #5909, .T. ) ;
#688 = CARTESIAN_POINT ( 'NONE',  ( 21.73578643762691343, -24.29999999999999716, 24.15000000000000568 ) ) ;
#689 = AXIS2_PLACEMENT_3D ( 'NONE', #789, #1384, #3754 ) ;
#690 = ADVANCED_FACE ( 'NONE', ( #5661 ), #1181, .T. ) ;
#691 = CARTESIAN_POINT ( 'NONE',  ( 5.622807915031892811, -105.2611662671339445, -1.208530910625358779 ) ) ;
#692 =( BOUNDED_SURFACE ( )  B_SPLINE_SURFACE ( 3, 2, ( 
 ( #2146, #7291, #2853 ),
 ( #1099, #6663, #501 ),
 ( #30, #1060, #3931 ),
 ( #6740, #6178, #1663 ),
 ( #6783, #3970, #2306 ),
 ( #2734, #7332, #3291 ),
 ( #6255, #1746, #539 ),
 ( #3367, #2813, #5107 ),
 ( #3410, #4010, #5069 ),
 ( #1585, #2261, #4527 ),
 ( #6823, #5695, #1179 ),
 ( #6215, #6136, #3448 ),
 ( #623, #2891, #6096 ),
 ( #3329, #1019, #5540 ),
 ( #466, #4991, #7254 ),
 ( #4444, #6699, #1624 ),
 ( #3892, #5579, #104 ),
 ( #5146, #6332, #765 ),
 ( #1294, #3629, #140 ),
 ( #2416, #4743, #2997 ),
 ( #5251, #3519, #5872 ),
 ( #6402, #176, #2448 ),
 ( #5801, #1327, #4676 ),
 ( #5838, #67, #3591 ),
 ( #730, #4709, #6928 ),
 ( #2961, #6966, #5771 ),
 ( #2344, #1257, #5735 ),
 ( #4080, #5290, #698 ),
 ( #3556, #802, #5216 ),
 ( #3032, #7001, #1854 ),
 ( #1893, #1926, #1785 ),
 ( #4192, #4153, #6860 ),
 ( #2929, #4607, #5184 ),
 ( #214, #4117, #4044 ) ),
 .UNSPECIFIED., .F., .F., .T. ) 
 B_SPLINE_SURFACE_WITH_KNOTS ( ( 4, 2, 2, 2, 2, 2, 2, 2, 2, 2, 2, 2, 2, 2, 2, 2, 4 ),
 ( 3, 3 ),
 ( 3.141592653589793116, 3.337942194439155408, 3.534291735288517255, 3.730641276137879103, 3.926990816987241395, 4.123340357836603687, 4.319689898685965090, 4.516039439535327382, 4.712388980384689674, 4.908738521234051966, 5.105088062083414258, 5.301437602932775661, 5.497787143782137953, 5.694136684631500245, 5.890486225480861648, 6.086835766330223940, 6.283185307179586232 ),
 ( 0.000000000000000000, 1.000000000000000000 ),
 .UNSPECIFIED. ) 
 GEOMETRIC_REPRESENTATION_ITEM ( )  RATIONAL_B_SPLINE_SURFACE ( (
 ( 1.000000000000000000, 0.6427876096865395850, 1.000000000000000000),
 ( 1.000000000000000000, 0.6427869295304986519, 1.000000000000000000),
 ( 1.000000000000000000, 0.6432233885229977632, 1.000000000000000000),
 ( 1.000000000000000000, 0.6449446310889089817, 1.000000000000000000),
 ( 1.000000000000000000, 0.6462299683340860801, 1.000000000000000000),
 ( 1.000000000000000000, 0.6495863788352497226, 1.000000000000000000),
 ( 1.000000000000000000, 0.6516572233616922949, 1.000000000000000000),
 ( 1.000000000000000000, 0.6564840664371082157, 1.000000000000000000),
 ( 1.000000000000000000, 0.6592397739871879159, 1.000000000000000000),
 ( 1.000000000000000000, 0.6653070889293554169, 1.000000000000000000),
 ( 1.000000000000000000, 0.6686183862782762999, 1.000000000000000000),
 ( 1.000000000000000000, 0.6756481360082493559, 1.000000000000000000),
 ( 1.000000000000000000, 0.6793662950591700112, 1.000000000000000000),
 ( 1.000000000000000000, 0.6870507125534238702, 1.000000000000000000),
 ( 1.000000000000000000, 0.6910167171895187366, 1.000000000000000000),
 ( 1.000000000000000000, 0.6990357430445877096, 1.000000000000000000),
 ( 1.000000000000000000, 0.7030885596997684672, 1.000000000000000000),
 ( 1.000000000000000000, 0.7111250026733280105, 1.000000000000000000),
 ( 1.000000000000000000, 0.7151084734469310700, 1.000000000000000000),
 ( 1.000000000000000000, 0.7228602876174790026, 1.000000000000000000),
 ( 1.000000000000000000, 0.7266285184046294976, 1.000000000000000000),
 ( 1.000000000000000000, 0.7338181808305912490, 1.000000000000000000),
 ( 1.000000000000000000, 0.7372395343391368039, 1.000000000000000000),
 ( 1.000000000000000000, 0.7436208632202331303, 1.000000000000000000),
 ( 1.000000000000000000, 0.7465807864405725747, 1.000000000000000000),
 ( 1.000000000000000000, 0.7519436904826272139, 1.000000000000000000),
 ( 1.000000000000000000, 0.7543466378110934567, 1.000000000000000000),
 ( 1.000000000000000000, 0.7585202981497454200, 1.000000000000000000),
 ( 1.000000000000000000, 0.7602909906390853401, 1.000000000000000000),
 ( 1.000000000000000000, 0.7631459113718659371, 1.000000000000000000),
 ( 1.000000000000000000, 0.7642301280326709856, 1.000000000000000000),
 ( 1.000000000000000000, 0.7656793964978304556, 1.000000000000000000),
 ( 1.000000000000000000, 0.7660447846215578949, 1.000000000000000000),
 ( 1.000000000000000000, 0.7660444431189786796, 1.000000000000000000) ) ) 
 REPRESENTATION_ITEM ( '' )  SURFACE ( )  );
#693 = B_SPLINE_CURVE_WITH_KNOTS ( 'NONE', 3,
 ( #1548, #1404, #288, #5945, #6057, #3255 ),
 .UNSPECIFIED., .F., .F.,
 ( 4, 2, 4 ),
 ( 0.000000000000000000, 0.002478514706821724218, 0.004957029413643448436 ),
 .UNSPECIFIED. ) ;
#694 = VERTEX_POINT ( 'NONE', #2224 ) ;
#695 = CARTESIAN_POINT ( 'NONE',  ( -0.3839447347173119973, -24.39387378289513109, -26.33920891306256706 ) ) ;
#696 = CARTESIAN_POINT ( 'NONE',  ( 3.817934427863943991, -25.30000000000215010, 13.55498103609845018 ) ) ;
#697 = B_SPLINE_CURVE_WITH_KNOTS ( 'NONE', 3,
 ( #1292, #5799, #3554, #6290, #3517, #657, #2259, #1782 ),
 .UNSPECIFIED., .F., .F.,
 ( 4, 2, 2, 4 ),
 ( 0.000000000000000000, 0.0003947212523767549695, 0.0007894425047535099391, 0.001578885009507026817 ),
 .UNSPECIFIED. ) ;
#698 = CARTESIAN_POINT ( 'NONE',  ( -7.016109438462089010, -29.54651312155306897, 11.42976312876062295 ) ) ;
#699 = EDGE_CURVE ( 'NONE', #16, #790, #1387, .T. ) ;
#700 = FACE_OUTER_BOUND ( 'NONE', #6838, .T. ) ;
#701 = CARTESIAN_POINT ( 'NONE',  ( 13.26665861584154626, -55.01719670271133111, -0.8512349196738968615 ) ) ;
#702 = DIRECTION ( 'NONE',  ( 0.000000000000000000, 0.000000000000000000, -1.000000000000000000 ) ) ;
#703 = ADVANCED_FACE ( 'NONE', ( #6138 ), #1665, .T. ) ;
#704 = DIRECTION ( 'NONE',  ( 0.000000000000000000, 0.000000000000000000, 1.000000000000000000 ) ) ;
#705 = CARTESIAN_POINT ( 'NONE',  ( -13.34618691260221013, -54.77745685874876358, -1.054295690947659292 ) ) ;
#706 = DIRECTION ( 'NONE',  ( 0.7071067811865466846, 0.000000000000000000, -0.7071067811865483499 ) ) ;
#707 = CARTESIAN_POINT ( 'NONE',  ( 8.499999999999989342, -17.30000000000002203, 25.15000000000000213 ) ) ;
#708 = CARTESIAN_POINT ( 'NONE',  ( 6.707119387059929494, -100.7965499392614532, -2.924591254481852420 ) ) ;
#709 = CARTESIAN_POINT ( 'NONE',  ( -6.930538981926027908, -117.4459556274306067, -5.991202660095275689 ) ) ;
#710 = CARTESIAN_POINT ( 'NONE',  ( 11.14999999999999858, -12.65000000000000036, -25.15000000000000213 ) ) ;
#711 = ORIENTED_EDGE ( 'NONE', *, *, #915, .T. ) ;
#712 = CARTESIAN_POINT ( 'NONE',  ( -8.400287274082574029, -93.88124096415678821, -2.955456356070605306 ) ) ;
#713 = CARTESIAN_POINT ( 'NONE',  ( 12.33697482542312152, -95.05215560462016811, -5.737295016845853191 ) ) ;
#714 = EDGE_LOOP ( 'NONE', ( #4935, #5321, #3340, #4327 ) ) ;
#715 = CARTESIAN_POINT ( 'NONE',  ( -0.2505005260804268330, -103.8270452730678528, 0.2338093955504046972 ) ) ;
#716 = CARTESIAN_POINT ( 'NONE',  ( -2.850000000000003642, -12.65000000000000036, -27.65000000000000924 ) ) ;
#717 = CARTESIAN_POINT ( 'NONE',  ( -19.14999999999999858, -20.30000000000000071, -20.15000000000000213 ) ) ;
#718 = ORIENTED_EDGE ( 'NONE', *, *, #6586, .F. ) ;
#719 = VERTEX_POINT ( 'NONE', #4994 ) ;
#720 = APPLICATION_CONTEXT ( 'configuration controlled 3d designs of mechanical parts and assemblies' ) ;
#721 = CARTESIAN_POINT ( 'NONE',  ( -9.375538337099278863, -138.8956711822316947, -37.53932276735296369 ) ) ;
#722 = CARTESIAN_POINT ( 'NONE',  ( 8.499999999999969802, -3.299999999999976286, 22.15000000000000213 ) ) ;
#723 = FACE_OUTER_BOUND ( 'NONE', #586, .T. ) ;
#724 = CARTESIAN_POINT ( 'NONE',  ( 8.508942841076445163, -111.0189849397326043, -6.089514768394080235 ) ) ;
#725 = AXIS2_PLACEMENT_3D ( 'NONE', #4110, #4598, #4670 ) ;
#726 = VERTEX_POINT ( 'NONE', #1748 ) ;
#727 = CIRCLE ( 'NONE', #4869, 1.000000000000000888 ) ;
#728 = CARTESIAN_POINT ( 'NONE',  ( 1.082947262291515278, -24.01265920580834390, -26.71164818536796304 ) ) ;
#729 = CARTESIAN_POINT ( 'NONE',  ( 4.511019217460257025, -29.47610355599657339, 12.59501550135628278 ) ) ;
#730 = CARTESIAN_POINT ( 'NONE',  ( -14.31434942365437202, -25.29999999999999361, 11.70923315847603519 ) ) ;
#731 = ORIENTED_EDGE ( 'NONE', *, *, #1583, .F. ) ;
#732 = CARTESIAN_POINT ( 'NONE',  ( 21.73578643762690987, -25.30000000000000071, 25.15000000000000213 ) ) ;
#733 = CARTESIAN_POINT ( 'NONE',  ( 5.052423844131855191, -45.84208087918306518, -17.05449755225727060 ) ) ;
#734 = ADVANCED_FACE ( 'NONE', ( #3933, #4012 ), #3450, .T. ) ;
#735 = VECTOR ( 'NONE', #1669, 1000.000000000000000 ) ;
#736 = CIRCLE ( 'NONE', #4874, 2.100000000000000977 ) ;
#737 = CARTESIAN_POINT ( 'NONE',  ( -11.21677948327759644, -107.9989852230043823, -6.230617354480820325 ) ) ;
#738 = ADVANCED_FACE ( 'NONE', ( #3369 ), #6258, .T. ) ;
#739 = CARTESIAN_POINT ( 'NONE',  ( -13.94691976403522027, -52.47910594070146573, -3.679688211621134908 ) ) ;
#740 = CONICAL_SURFACE ( 'NONE', #1694, 23.99999999999995737, 0.7853981633974469467 ) ;
#741 = CARTESIAN_POINT ( 'NONE',  ( 13.33697707988251757, -122.5966105233152632, -13.36040255836419988 ) ) ;
#742 = CARTESIAN_POINT ( 'NONE',  ( -25.15000000000000213, 2.999999999999999112, 17.14999999999999858 ) ) ;
#743 = EDGE_CURVE ( 'NONE', #6320, #5057, #5177, .T. ) ;
#744 = CARTESIAN_POINT ( 'NONE',  ( 3.146476370910903153, 3.000000000000000000, 21.73578643762688500 ) ) ;
#745 = CARTESIAN_POINT ( 'NONE',  ( -10.78047643772101338, -115.5841915706920560, -6.748038411364981393 ) ) ;
#746 = EDGE_CURVE ( 'NONE', #5943, #1163, #6035, .T. ) ;
#747 = DIRECTION ( 'NONE',  ( 6.897508850802415061E-17, -0.000000000000000000, 1.000000000000000000 ) ) ;
#748 = ORIENTED_EDGE ( 'NONE', *, *, #948, .F. ) ;
#749 = B_SPLINE_CURVE_WITH_KNOTS ( 'NONE', 3,
 ( #4545, #6191, #1723, #2318, #2904, #1193, #3386, #6753, #3463, #556 ),
 .UNSPECIFIED., .F., .F.,
 ( 4, 2, 2, 2, 4 ),
 ( 4.336808689942017736E-19, 0.001156961037414613695, 0.002313922074829226957, 0.003470883112243840218, 0.004627844149658453046 ),
 .UNSPECIFIED. ) ;
#750 = CARTESIAN_POINT ( 'NONE',  ( -7.825980985032269466, -99.69814038049308635, -3.480624294581780021 ) ) ;
#751 = CARTESIAN_POINT ( 'NONE',  ( 8.745947440720490462, -95.13106678569744190, -3.542878086186067144 ) ) ;
#752 = DIRECTION ( 'NONE',  ( -1.000000000000000000, 0.000000000000000000, 0.000000000000000000 ) ) ;
#753 = FACE_OUTER_BOUND ( 'NONE', #3942, .T. ) ;
#754 = CARTESIAN_POINT ( 'NONE',  ( -3.784822204387401356, -25.07485938131005554, -24.83435258186400674 ) ) ;
#755 = ORIENTED_EDGE ( 'NONE', *, *, #2432, .F. ) ;
#756 = VERTEX_POINT ( 'NONE', #3594 ) ;
#757 = CARTESIAN_POINT ( 'NONE',  ( -4.930694732216663212, -132.3146482745609944, -28.94719526407460464 ) ) ;
#758 = PLANE ( 'NONE',  #4404 ) ;
#759 = CYLINDRICAL_SURFACE ( 'NONE', #2036, 0.9999999999999988898 ) ;
#760 = CARTESIAN_POINT ( 'NONE',  ( 7.089490484857033259, -107.7566532679359739, -2.395222083026389281 ) ) ;
#761 = ORIENTED_EDGE ( 'NONE', *, *, #6863, .F. ) ;
#762 = AXIS2_PLACEMENT_3D ( 'NONE', #541, #4529, #6257 ) ;
#763 = ORIENTED_EDGE ( 'NONE', *, *, #193, .F. ) ;
#764 = DIRECTION ( 'NONE',  ( 0.000000000000000000, 0.000000000000000000, -1.000000000000000000 ) ) ;
#765 = CARTESIAN_POINT ( 'NONE',  ( -14.00000000000000533, -30.24317376676852120, -0.09971391482926948713 ) ) ;
#766 = ORIENTED_EDGE ( 'NONE', *, *, #5168, .F. ) ;
#767 = DIRECTION ( 'NONE',  ( -0.000000000000000000, 1.000000000000000000, -0.000000000000000000 ) ) ;
#768 = AXIS2_PLACEMENT_3D ( 'NONE', #716, #4791, #4137 ) ;
#769 = CARTESIAN_POINT ( 'NONE',  ( 12.86498367454240643, -56.34852173809404974, -0.02216499475201796562 ) ) ;
#770 = AXIS2_PLACEMENT_3D ( 'NONE', #2696, #2026, #388 ) ;
#772 = EDGE_LOOP ( 'NONE', ( #2656, #2529 ) ) ;
#771 = CARTESIAN_POINT ( 'NONE',  ( -11.61776657808187174, -108.6662704164631208, -6.912190872470461933 ) ) ;
#773 = ADVANCED_FACE ( 'NONE', ( #4712 ), #6970, .T. ) ;
#774 = CARTESIAN_POINT ( 'NONE',  ( -4.850000000000002309, 2.999999999999997335, -29.15000000000000568 ) ) ;
#775 = EDGE_CURVE ( 'NONE', #2294, #956, #5875, .T. ) ;
#776 = DIRECTION ( 'NONE',  ( 1.000000000000000000, 0.000000000000000000, 0.000000000000000000 ) ) ;
#777 = CIRCLE ( 'NONE', #1128, 1.000000000000000888 ) ;
#778 = DIRECTION ( 'NONE',  ( -0.7071067811865446862, -0.000000000000000000, 0.7071067811865504593 ) ) ;
#779 = CARTESIAN_POINT ( 'NONE',  ( -6.471552060048206378, -119.7329368616196348, -4.151910920863524090 ) ) ;
#780 = EDGE_CURVE ( 'NONE', #6428, #3075, #6406, .T. ) ;
#781 = CARTESIAN_POINT ( 'NONE',  ( 3.146476370910897380, -24.29999999999999716, 21.73578643762688145 ) ) ;
#782 = ORIENTED_EDGE ( 'NONE', *, *, #3909, .F. ) ;
#783 = CARTESIAN_POINT ( 'NONE',  ( 2.806854249492377384, -6.993145750507620662, -20.15000000000000213 ) ) ;
#784 = CARTESIAN_POINT ( 'NONE',  ( 10.85360610522467439, -98.55579365888377197, -3.824201024932527559 ) ) ;
#785 = EDGE_CURVE ( 'NONE', #1254, #3150, #1756, .T. ) ;
#786 = CARTESIAN_POINT ( 'NONE',  ( -0.2771091617833882359, -106.1203247232866715, -0.1651967333363208723 ) ) ;
#787 = DIRECTION ( 'NONE',  ( -1.000000000000000000, 0.000000000000000000, 0.000000000000000000 ) ) ;
#788 = CIRCLE ( 'NONE', #6472, 1.600000000000002531 ) ;
#789 = CARTESIAN_POINT ( 'NONE',  ( -21.15000000000000213, 3.000000000000000000, 19.14999999999999858 ) ) ;
#790 = VERTEX_POINT ( 'NONE', #4348 ) ;
#791 = EDGE_LOOP ( 'NONE', ( #52, #3541, #1954, #2732 ) ) ;
#792 = AXIS2_PLACEMENT_3D ( 'NONE', #2893, #2185, #5148 ) ;
#793 = CARTESIAN_POINT ( 'NONE',  ( -10.52628445081992226, -122.9762344759512871, -8.383340466412695591 ) ) ;
#794 = AXIS2_PLACEMENT_3D ( 'NONE', #3082, #5819, #5886 ) ;
#795 = DIRECTION ( 'NONE',  ( -1.000000000000000000, 0.000000000000000000, 7.744301232039314216E-17 ) ) ;
#796 = FACE_BOUND ( 'NONE', #6448, .T. ) ;
#797 = CARTESIAN_POINT ( 'NONE',  ( 5.632566028996531138, -108.5928385084990140, -3.767210943070018914 ) ) ;
#798 = ORIENTED_EDGE ( 'NONE', *, *, #6208, .T. ) ;
#799 = EDGE_LOOP ( 'NONE', ( #250, #1671, #4253, #974 ) ) ;
#800 = CARTESIAN_POINT ( 'NONE',  ( -22.14999999999998437, -25.30000000000000071, 19.14999999999999858 ) ) ;
#801 = CARTESIAN_POINT ( 'NONE',  ( 0.8475209813128016245, -25.29999999999783356, -14.37450480412072373 ) ) ;
#802 = CARTESIAN_POINT ( 'NONE',  ( -6.505922469921346263, -25.29999999999783000, 12.47167637910113314 ) ) ;
#803 = VECTOR ( 'NONE', #5959, 1000.000000000000000 ) ;
#804 = ORIENTED_EDGE ( 'NONE', *, *, #1683, .T. ) ;
#805 = CARTESIAN_POINT ( 'NONE',  ( 0.2635399038054688226, -122.9205321072674053, -3.155693352942732233 ) ) ;
#806 = AXIS2_PLACEMENT_3D ( 'NONE', #6843, #5011, #2799 ) ;
#808 = EDGE_LOOP ( 'NONE', ( #4473, #1208, #755, #5285 ) ) ;
#807 = DIRECTION ( 'NONE',  ( -1.000000000000000000, 0.000000000000000000, 0.000000000000000000 ) ) ;
#809 = ORIENTED_EDGE ( 'NONE', *, *, #1189, .T. ) ;
#810 = CARTESIAN_POINT ( 'NONE',  ( -2.850000000000003642, -12.65000000000000036, -26.65000000000000568 ) ) ;
#811 = CARTESIAN_POINT ( 'NONE',  ( -0.9318619960760835541, -25.30000000000000071, -24.16887652110807139 ) ) ;
#812 = ADVANCED_FACE ( 'NONE', ( #2608 ), #2084, .T. ) ;
#813 = CARTESIAN_POINT ( 'NONE',  ( -2.515578791866155850, -105.0075743863960724, -0.2205859053915430468 ) ) ;
#814 = CARTESIAN_POINT ( 'NONE',  ( -10.46953123149273068, -116.3124921010096813, -6.551374718363514482 ) ) ;
#815 = CARTESIAN_POINT ( 'NONE',  ( -12.95000000000000462, -12.64999999999999858, -20.15000000000000213 ) ) ;
#816 = ORIENTED_EDGE ( 'NONE', *, *, #5395, .F. ) ;
#817 = CARTESIAN_POINT ( 'NONE',  ( 10.45161684054525786, -99.53270440564719479, -3.574009313279133515 ) ) ;
#818 = CARTESIAN_POINT ( 'NONE',  ( -9.908670433855474968, -100.4284675500281736, -3.202388614307551506 ) ) ;
#819 = EDGE_CURVE ( 'NONE', #1661, #286, #7030, .T. ) ;
#820 = CARTESIAN_POINT ( 'NONE',  ( 0.1499999999999957201, 1.999999999999999112, -25.15000000000000568 ) ) ;
#821 = AXIS2_PLACEMENT_3D ( 'NONE', #3373, #6666, #1063 ) ;
#822 = CARTESIAN_POINT ( 'NONE',  ( -6.406854249492381470, -6.993145750507616221, -28.15000000000000213 ) ) ;
#823 = VERTEX_POINT ( 'NONE', #2199 ) ;
#824 = EDGE_CURVE ( 'NONE', #1127, #4066, #4460, .T. ) ;
#825 = EDGE_LOOP ( 'NONE', ( #5896, #4160, #4259 ) ) ;
#826 = CARTESIAN_POINT ( 'NONE',  ( -7.139166753765803897, -123.1284978860602166, -13.05258372170936099 ) ) ;
#827 = PLANE ( 'NONE',  #841 ) ;
#828 = LINE ( 'NONE', #2508, #1558 ) ;
#829 = EDGE_CURVE ( 'NONE', #1714, #726, #89, .T. ) ;
#830 = CARTESIAN_POINT ( 'NONE',  ( 5.960437389118055762, -122.0923728926923246, -4.354328944325764006 ) ) ;
#831 = ORIENTED_EDGE ( 'NONE', *, *, #4065, .T. ) ;
#832 = ORIENTED_EDGE ( 'NONE', *, *, #854, .F. ) ;
#833 = DIRECTION ( 'NONE',  ( 1.000000000000000000, 0.000000000000000000, -0.000000000000000000 ) ) ;
#834 = CARTESIAN_POINT ( 'NONE',  ( 10.65606891897931519, -25.29999999999999005, -9.456568293993758090 ) ) ;
#835 = CARTESIAN_POINT ( 'NONE',  ( 7.938976594512491936, -130.6462379897522794, -25.21962060386606908 ) ) ;
#836 = CARTESIAN_POINT ( 'NONE',  ( 0.1499999999999959421, -0.3218898604847845180, -25.63497745414679230 ) ) ;
#838 = ORIENTED_EDGE ( 'NONE', *, *, #1918, .F. ) ;
#837 = DIRECTION ( 'NONE',  ( 6.897508850802415061E-17, -0.000000000000000000, 1.000000000000000000 ) ) ;
#839 = DIRECTION ( 'NONE',  ( -1.000000000000000000, -0.000000000000000000, -0.000000000000000000 ) ) ;
#840 = LINE ( 'NONE', #3112, #555 ) ;
#841 = AXIS2_PLACEMENT_3D ( 'NONE', #272, #2542, #4797 ) ;
#842 = ORIENTED_EDGE ( 'NONE', *, *, #4461, .F. ) ;
#843 = AXIS2_PLACEMENT_3D ( 'NONE', #4525, #29, #7218 ) ;
#844 = DIRECTION ( 'NONE',  ( 1.000000000000000000, 0.000000000000000000, 0.000000000000000000 ) ) ;
#845 = LINE ( 'NONE', #291, #3723 ) ;
#846 = CARTESIAN_POINT ( 'NONE',  ( -2.850000000000001865, -4.649999999999997691, -28.15000000000000213 ) ) ;
#847 = CARTESIAN_POINT ( 'NONE',  ( 2.278644773045163330, -24.80115067588377187, 20.88566319573159191 ) ) ;
#848 = ORIENTED_EDGE ( 'NONE', *, *, #3558, .F. ) ;
#849 = CARTESIAN_POINT ( 'NONE',  ( 11.46417363740822459, -91.58801183381584110, -3.683173193602358619 ) ) ;
#850 = CARTESIAN_POINT ( 'NONE',  ( -11.05644286402237420, -94.65998404498630237, -3.360115121892950807 ) ) ;
#851 = CARTESIAN_POINT ( 'NONE',  ( 22.94289321881354837, 3.000000000000000000, 22.94289321881336363 ) ) ;
#852 = FACE_OUTER_BOUND ( 'NONE', #1521, .T. ) ;
#853 = VERTEX_POINT ( 'NONE', #1678 ) ;
#854 = EDGE_CURVE ( 'NONE', #1774, #5586, #4403, .T. ) ;
#855 = ORIENTED_EDGE ( 'NONE', *, *, #4058, .T. ) ;
#856 = LINE ( 'NONE', #5348, #4476 ) ;
#857 = FACE_OUTER_BOUND ( 'NONE', #6511, .T. ) ;
#858 = CARTESIAN_POINT ( 'NONE',  ( 4.688629494086290705, -118.5639198840979560, -5.160068293811858275 ) ) ;
#859 = CARTESIAN_POINT ( 'NONE',  ( 11.57325922278343988, -117.1363302279350478, -8.348817041448505449 ) ) ;
#860 = ORIENTED_EDGE ( 'NONE', *, *, #2427, .T. ) ;
#861 = EDGE_LOOP ( 'NONE', ( #1126, #5136, #2087, #4239 ) ) ;
#862 = EDGE_CURVE ( 'NONE', #2744, #1163, #6230, .T. ) ;
#863 = CARTESIAN_POINT ( 'NONE',  ( -9.294655033357999585, -24.29999999999999716, 9.294655033358020901 ) ) ;
#864 = CARTESIAN_POINT ( 'NONE',  ( 8.046424708237852386, -25.30000000000215010, -11.84144393584069554 ) ) ;
#865 = B_SPLINE_CURVE_WITH_KNOTS ( 'NONE', 3,
 ( #1576, #6272, #4361, #1800, #3499, #635, #6232, #2867, #5676, #5123, #2136, #2319, #3801, #6798, #5161, #2100, #43, #6049, #975, #1539, #3246, #2832, #4584, #5634, #4060, #4910, #1010, #5496, #6837, #3840, #83, #557, #2906, #595, #673, #5086 ),
 .UNSPECIFIED., .F., .F.,
 ( 4, 2, 2, 2, 2, 2, 2, 2, 2, 2, 2, 2, 2, 2, 2, 2, 2, 4 ),
 ( 0.03928302060660914669, 0.04173553064926293493, 0.04418804069191672318, 0.04541429571324361730, 0.04664055073457050449, 0.04909306077722427886, 0.05031931579855117298, 0.05154557081987806016, 0.05399808086253181372, 0.05522433588385868009, 0.05645059090518554645, 0.05890310094783930694, 0.06135561099049306744, 0.06380812103314682793, 0.06871314111845439054, 0.07116565116110815103, 0.07361816120376192540, 0.07852318128906947414 ),
 .UNSPECIFIED. ) ;
#866 = CARTESIAN_POINT ( 'NONE',  ( 7.366713580373210668, -123.4794426047237437, -13.48190188536591094 ) ) ;
#867 = CARTESIAN_POINT ( 'NONE',  ( 0.1499999999999958311, 1.024794331177345086, -25.15000000000000568 ) ) ;
#868 = EDGE_CURVE ( 'NONE', #2101, #5330, #749, .T. ) ;
#870 = ORIENTED_EDGE ( 'NONE', *, *, #3854, .T. ) ;
#869 = CARTESIAN_POINT ( 'NONE',  ( 15.19997192117903495, -121.2045320056732152, -15.80450019842583131 ) ) ;
#871 = ORIENTED_EDGE ( 'NONE', *, *, #637, .F. ) ;
#872 = DIRECTION ( 'NONE',  ( 0.000000000000000000, -1.000000000000000000, -0.000000000000000000 ) ) ;
#873 = AXIS2_PLACEMENT_3D ( 'NONE', #6161, #1088, #3876 ) ;
#874 = CARTESIAN_POINT ( 'NONE',  ( -13.85000000000000675, -12.65000000000000036, -30.15000000000000568 ) ) ;
#875 = CIRCLE ( 'NONE', #1844, 1.050000000000000488 ) ;
#876 = ORIENTED_EDGE ( 'NONE', *, *, #2955, .T. ) ;
#877 = CARTESIAN_POINT ( 'NONE',  ( 7.771081261491216807, -99.77282766872858133, -3.450763526625212574 ) ) ;
#878 = FACE_OUTER_BOUND ( 'NONE', #1281, .T. ) ;
#879 = AXIS2_PLACEMENT_3D ( 'NONE', #2000, #844, #1438 ) ;
#880 = DIRECTION ( 'NONE',  ( 6.897508850802415061E-17, -0.000000000000000000, 1.000000000000000000 ) ) ;
#881 = CARTESIAN_POINT ( 'NONE',  ( 2.749833367270131834, -25.24446441008759479, 19.54664300364159502 ) ) ;
#882 = ORIENTED_EDGE ( 'NONE', *, *, #3646, .T. ) ;
#883 = CARTESIAN_POINT ( 'NONE',  ( 1.425699293012004265, -103.7810669234087442, 0.1460326265341279073 ) ) ;
#884 = CARTESIAN_POINT ( 'NONE',  ( -12.13078573285182316, -93.46544994486272628, -5.079805009295393248 ) ) ;
#885 = CARTESIAN_POINT ( 'NONE',  ( 8.886936788942101373, -103.8378898824804537, -3.017857046862909343 ) ) ;
#886 = DIRECTION ( 'NONE',  ( -0.000000000000000000, -0.000000000000000000, 1.000000000000000000 ) ) ;
#887 = CARTESIAN_POINT ( 'NONE',  ( 2.231918846731981265, -122.8259004997320858, -3.304796259641143763 ) ) ;
#888 = CARTESIAN_POINT ( 'NONE',  ( -21.73578643762691343, -24.29999999999999716, -24.15000000000000568 ) ) ;
#889 = ORIENTED_EDGE ( 'NONE', *, *, #375, .F. ) ;
#890 = ORIENTED_EDGE ( 'NONE', *, *, #5444, .F. ) ;
#891 = CARTESIAN_POINT ( 'NONE',  ( -14.73501611211950113, -120.5845020261193383, -14.45130349368094791 ) ) ;
#892 = DIRECTION ( 'NONE',  ( -0.000000000000000000, -0.000000000000000000, 1.000000000000000000 ) ) ;
#893 = CARTESIAN_POINT ( 'NONE',  ( 19.14999999999999503, 2.999999999999999112, -19.14999999999999858 ) ) ;
#894 = EDGE_CURVE ( 'NONE', #4943, #2295, #5450, .T. ) ;
#895 = CARTESIAN_POINT ( 'NONE',  ( 8.177088613395014249, -121.1215893276816047, -5.507525387230812086 ) ) ;
#896 = VERTEX_POINT ( 'NONE', #3987 ) ;
#897 = ORIENTED_EDGE ( 'NONE', *, *, #5528, .T. ) ;
#898 = CIRCLE ( 'NONE', #6708, 1.050000000000000488 ) ;
#899 = DATE_AND_TIME ( #6999, #4274 ) ;
#900 = VECTOR ( 'NONE', #4847, 1000.000000000000000 ) ;
#901 = CARTESIAN_POINT ( 'NONE',  ( 9.521862809342112044, -25.29999999999999361, -17.78333384632967906 ) ) ;
#902 = EDGE_LOOP ( 'NONE', ( #5557, #6140, #2241, #1104 ) ) ;
#903 = CARTESIAN_POINT ( 'NONE',  ( 16.07230497175644501, -130.1851882289755054, -17.74797185380863240 ) ) ;
#904 = VECTOR ( 'NONE', #6616, 1000.000000000000000 ) ;
#905 = DIRECTION ( 'NONE',  ( 0.000000000000000000, 1.000000000000000000, 0.000000000000000000 ) ) ;
#906 = EDGE_CURVE ( 'NONE', #3592, #5616, #3683, .T. ) ;
#907 = VECTOR ( 'NONE', #4640, 1000.000000000000227 ) ;
#909 = ORIENTED_EDGE ( 'NONE', *, *, #540, .F. ) ;
#908 = CARTESIAN_POINT ( 'NONE',  ( 11.53217267826100922, -126.8726750570041162, -33.29613453071529250 ) ) ;
#910 = ORIENTED_EDGE ( 'NONE', *, *, #3598, .T. ) ;
#911 = CARTESIAN_POINT ( 'NONE',  ( -7.244053927856834108, -104.7821624797731630, -2.004338956458458831 ) ) ;
#912 = EDGE_CURVE ( 'NONE', #6050, #2060, #5084, .T. ) ;
#913 = SPHERICAL_SURFACE ( 'NONE', #5646, 1.000000000000000000 ) ;
#914 = FACE_OUTER_BOUND ( 'NONE', #3405, .T. ) ;
#915 = EDGE_CURVE ( 'NONE', #1634, #2101, #477, .T. ) ;
#916 = CARTESIAN_POINT ( 'NONE',  ( 7.616822470575796089, -99.96723920910727657, -3.367619893985168478 ) ) ;
#917 = VECTOR ( 'NONE', #4392, 1000.000000000000000 ) ;
#918 = CARTESIAN_POINT ( 'NONE',  ( 17.64999999999998792, -10.29999999999999005, 22.15000000000000213 ) ) ;
#919 = PLANE ( 'NONE',  #1213 ) ;
#920 = CARTESIAN_POINT ( 'NONE',  ( 2.102948179564091191, -24.49563448381951503, 20.19352819134647348 ) ) ;
#921 = ORIENTED_EDGE ( 'NONE', *, *, #5709, .F. ) ;
#922 = CARTESIAN_POINT ( 'NONE',  ( 1.575395784897467344, -106.0527719393230939, -0.2717445460481337505 ) ) ;
#923 = CARTESIAN_POINT ( 'NONE',  ( -12.27809939501907444, -94.37710089428878746, -5.507598230915299098 ) ) ;
#924 = CARTESIAN_POINT ( 'NONE',  ( 10.83105338519616012, -90.65291353244917616, -2.657221308394746906 ) ) ;
#925 = DIRECTION ( 'NONE',  ( -0.000000000000000000, -0.000000000000000000, 1.000000000000000000 ) ) ;
#926 = CARTESIAN_POINT ( 'NONE',  ( 12.34710894117317537, -113.2398718573191729, -8.963729085292428067 ) ) ;
#927 = CARTESIAN_POINT ( 'NONE',  ( -8.506854249492382891, -6.993145750507616221, -28.15000000000000213 ) ) ;
#928 = VERTEX_POINT ( 'NONE', #5160 ) ;
#929 = CARTESIAN_POINT ( 'NONE',  ( -15.91918505604548528, -129.8025333238622920, -17.07049197583129896 ) ) ;
#930 = DIRECTION ( 'NONE',  ( -2.812538085595988450E-16, -0.9848077530122080203, -0.1736481776669306920 ) ) ;
#931 = FACE_OUTER_BOUND ( 'NONE', #2293, .T. ) ;
#932 = CARTESIAN_POINT ( 'NONE',  ( 5.855818241478266017, -118.1073779455681176, -5.543907676831444142 ) ) ;
#933 = CIRCLE ( 'NONE', #4380, 1.000000000000000000 ) ;
#934 = CARTESIAN_POINT ( 'NONE',  ( 8.777507301817832897, -113.9555979278044333, -6.898341864964506520 ) ) ;
#935 = CARTESIAN_POINT ( 'NONE',  ( -0.8500000000000048628, 2.000000000000000000, -29.15000000000000568 ) ) ;
#936 = ORIENTED_EDGE ( 'NONE', *, *, #5928, .T. ) ;
#937 = CARTESIAN_POINT ( 'NONE',  ( 6.566570603065948752, -25.29999999999781579, -12.75537950347097471 ) ) ;
#938 = VERTEX_POINT ( 'NONE', #5633 ) ;
#939 = CARTESIAN_POINT ( 'NONE',  ( 9.032667501799279464, -128.0373493947267889, -20.21609270094727506 ) ) ;
#940 = DIRECTION ( 'NONE',  ( 1.000000000000000000, 0.000000000000000000, 0.000000000000000000 ) ) ;
#941 = CARTESIAN_POINT ( 'NONE',  ( -2.850000000000001865, -4.649999999999997691, -28.15000000000000213 ) ) ;
#942 = EDGE_LOOP ( 'NONE', ( #5686, #2404 ) ) ;
#943 = CARTESIAN_POINT ( 'NONE',  ( 22.15000000000000568, -25.30000000000000071, 25.15000000000000213 ) ) ;
#944 = EDGE_CURVE ( 'NONE', #5749, #823, #1641, .T. ) ;
#945 = CARTESIAN_POINT ( 'NONE',  ( -1.702744227189561307E-14, -45.51868073377310964, -17.93960373180995660 ) ) ;
#946 = DIRECTION ( 'NONE',  ( -1.000000000000000000, -0.000000000000000000, 0.000000000000000000 ) ) ;
#947 = CARTESIAN_POINT ( 'NONE',  ( 8.089366669456623526, -93.37105972633415263, -2.582529718381716854 ) ) ;
#948 = EDGE_CURVE ( 'NONE', #1586, #4943, #2, .T. ) ;
#949 = DIRECTION ( 'NONE',  ( 1.000000000000000000, 0.000000000000000000, 0.000000000000000000 ) ) ;
#950 = AXIS2_PLACEMENT_3D ( 'NONE', #4266, #360, #7223 ) ;
#951 = VECTOR ( 'NONE', #5101, 1000.000000000000114 ) ;
#952 = DIRECTION ( 'NONE',  ( 1.000000000000000000, 0.000000000000000000, 0.000000000000000000 ) ) ;
#953 = ADVANCED_FACE ( 'NONE', ( #5594 ), #515, .T. ) ;
#954 = CARTESIAN_POINT ( 'NONE',  ( 2.642857393258252863, -25.17378638948019187, 20.15723795530488260 ) ) ;
#955 = CIRCLE ( 'NONE', #7014, 1.050000000000000933 ) ;
#956 = VERTEX_POINT ( 'NONE', #4502 ) ;
#957 = CARTESIAN_POINT ( 'NONE',  ( -0.8500000000000030864, -12.65000000000000036, -28.15000000000000568 ) ) ;
#958 = CARTESIAN_POINT ( 'NONE',  ( -8.770070996755643833, -95.29565900693877722, -3.599512019551775577 ) ) ;
#959 = CARTESIAN_POINT ( 'NONE',  ( 8.247369673808842450, -89.04031089683928712, 0.1089591460538119339 ) ) ;
#960 = AXIS2_PLACEMENT_3D ( 'NONE', #629, #706, #3600 ) ;
#961 = EDGE_CURVE ( 'NONE', #4504, #6221, #3408, .T. ) ;
#962 = AXIS2_PLACEMENT_3D ( 'NONE', #3482, #3322, #2338 ) ;
#963 =( BOUNDED_SURFACE ( )  B_SPLINE_SURFACE ( 3, 2, ( 
 ( #7268, #6718, #5043 ),
 ( #80, #1640, #2198 ),
 ( #2903, #3498, #7309 ),
 ( #6752, #6190, #478 ),
 ( #5159, #6309, #5004 ),
 ( #6148, #3905, #1074 ),
 ( #3344, #5083, #5593 ),
 ( #514, #1677, #3946 ),
 ( #1904, #4690, #2458 ),
 ( #3534, #4165, #5268 ),
 ( #5781, #117, #1408 ),
 ( #5303, #779, #6418 ),
 ( #6344, #7016, #2973 ),
 ( #6942, #1342, #3567 ),
 ( #3606, #1864, #4721 ),
 ( #709, #5851, #191 ),
 ( #5197, #4130, #4752 ),
 ( #3640, #228, #3044 ),
 ( #5817, #1267, #1940 ),
 ( #4655, #6381, #4204 ),
 ( #6453, #2495, #1305 ),
 ( #5747, #1376, #5885 ),
 ( #3009, #814, #5233 ),
 ( #3081, #5336, #4095 ),
 ( #671, #745, #261 ),
 ( #156, #4234, #2531 ),
 ( #4785, #6979, #7048 ),
 ( #1970, #6485, #2941 ),
 ( #2394, #6908, #1831 ),
 ( #2426, #1760, #1639 ),
 ( #1720, #4024, #1072 ),
 ( #2828, #6266, #1191 ),
 ( #5003, #5041, #3984 ),
 ( #3459, #5710, #3424 ),
 ( #79, #1032, #4499 ),
 ( #5671, #7307, #632 ),
 ( #2901, #6794, #4056 ),
 ( #2747, #2236, #6147 ),
 ( #5158, #5592, #476 ),
 ( #2358, #4619, #591 ),
 ( #3301, #3343, #5553 ),
 ( #6751, #6873, #6228 ),
 ( #1796, #6714, #1153 ),
 ( #1674, #2863, #3945 ),
 ( #6189, #7267, #5120 ),
 ( #513, #39, #2315 ),
 ( #7346, #2788, #1110 ),
 ( #5081, #4581, #3383 ),
 ( #5631, #2273, #2196 ),
 ( #6833, #4458, #3903 ),
 ( #553, #4543, #6907 ),
 ( #6343, #3605, #5196 ),
 ( #5815, #3497, #4128 ),
 ( #4719, #2425, #813 ),
 ( #189, #1829, #1374 ),
 ( #226, #3007, #6380 ) ),
 .UNSPECIFIED., .F., .F., .T. ) 
 B_SPLINE_SURFACE_WITH_KNOTS ( ( 4, 2, 2, 2, 2, 2, 2, 2, 2, 2, 2, 2, 2, 2, 2, 2, 2, 2, 2, 2, 2, 2, 2, 2, 2, 2, 2, 4 ),
 ( 3, 3 ),
 ( 0.000000000000000000, 0.001978783772446245440, 0.002968175658669368160, 0.003957567544892490879, 0.004946959431115613599, 0.005936351317338736319, 0.007915135089784981759, 0.008904526976008103611, 0.009893918862231227199, 0.01088331074845435079, 0.01187270263467747264, 0.01286209452090059449, 0.01385148640712371808, 0.01583027017956996352, 0.01681966206579308537, 0.01780905395201620722, 0.01879844583823932908, 0.01978783772446245440, 0.02176662149690870157, 0.02275601338313182342, 0.02374540526935494528, 0.02473479715557806713, 0.02572418904180118898, 0.02770297281424743616, 0.02869236470047056148, 0.02968175658669368333, 0.03067114847291680518, 0.03166054035913992704 ),
 ( 0.000000000000000000, 1.000000000000000000 ),
 .UNSPECIFIED. ) 
 GEOMETRIC_REPRESENTATION_ITEM ( )  RATIONAL_B_SPLINE_SURFACE ( (
 ( 1.000000000000000000, 0.8655334644490567664, 1.000000000000000000),
 ( 1.000000000000000000, 0.8645581509625688277, 1.000000000000000000),
 ( 1.000000000000000000, 0.8644520920341018932, 1.000000000000000000),
 ( 1.000000000000000000, 0.8655538356816093737, 1.000000000000000000),
 ( 1.000000000000000000, 0.8661320748772554090, 1.000000000000000000),
 ( 1.000000000000000000, 0.8676249689913508867, 1.000000000000000000),
 ( 1.000000000000000000, 0.8685295551890286347, 1.000000000000000000),
 ( 1.000000000000000000, 0.8705174654252922917, 1.000000000000000000),
 ( 1.000000000000000000, 0.8716007380041389530, 1.000000000000000000),
 ( 1.000000000000000000, 0.8737856060078960097, 1.000000000000000000),
 ( 1.000000000000000000, 0.8748933584645751660, 1.000000000000000000),
 ( 1.000000000000000000, 0.8779262447263400659, 1.000000000000000000),
 ( 1.000000000000000000, 0.8795093233199844374, 1.000000000000000000),
 ( 1.000000000000000000, 0.8804294569276006621, 1.000000000000000000),
 ( 1.000000000000000000, 0.8804944010141749766, 1.000000000000000000),
 ( 1.000000000000000000, 0.8800910478605573628, 1.000000000000000000),
 ( 1.000000000000000000, 0.8796282371442860626, 1.000000000000000000),
 ( 1.000000000000000000, 0.8782356729759566161, 1.000000000000000000),
 ( 1.000000000000000000, 0.8773060879644289933, 1.000000000000000000),
 ( 1.000000000000000000, 0.8750844409344458175, 1.000000000000000000),
 ( 1.000000000000000000, 0.8737955747033701037, 1.000000000000000000),
 ( 1.000000000000000000, 0.8710856343837045657, 1.000000000000000000),
 ( 1.000000000000000000, 0.8696579631037466562, 1.000000000000000000),
 ( 1.000000000000000000, 0.8668324578213080223, 1.000000000000000000),
 ( 1.000000000000000000, 0.8654296929825078255, 1.000000000000000000),
 ( 1.000000000000000000, 0.8615587525795999069, 1.000000000000000000),
 ( 1.000000000000000000, 0.8594898937964146057, 1.000000000000000000),
 ( 1.000000000000000000, 0.8577996439063162448, 1.000000000000000000),
 ( 1.000000000000000000, 0.8574680308601996259, 1.000000000000000000),
 ( 1.000000000000000000, 0.8573242950472790280, 1.000000000000000000),
 ( 1.000000000000000000, 0.8575085430427400457, 1.000000000000000000),
 ( 1.000000000000000000, 0.8583567387587387465, 1.000000000000000000),
 ( 1.000000000000000000, 0.8590206786993994648, 1.000000000000000000),
 ( 1.000000000000000000, 0.8607596690753127611, 1.000000000000000000),
 ( 1.000000000000000000, 0.8618421024659590479, 1.000000000000000000),
 ( 1.000000000000000000, 0.8654933747601889493, 1.000000000000000000),
 ( 1.000000000000000000, 0.8684326202859715682, 1.000000000000000000),
 ( 1.000000000000000000, 0.8725951430537051134, 1.000000000000000000),
 ( 1.000000000000000000, 0.8739445883177556773, 1.000000000000000000),
 ( 1.000000000000000000, 0.8763624966829279828, 1.000000000000000000),
 ( 1.000000000000000000, 0.8774109423908850180, 1.000000000000000000),
 ( 1.000000000000000000, 0.8790700322112620091, 1.000000000000000000),
 ( 1.000000000000000000, 0.8796805421652242885, 1.000000000000000000),
 ( 1.000000000000000000, 0.8803937524089759936, 1.000000000000000000),
 ( 1.000000000000000000, 0.8804948334223715589, 1.000000000000000000),
 ( 1.000000000000000000, 0.8800192952250454059, 1.000000000000000000),
 ( 1.000000000000000000, 0.8786687500540639739, 1.000000000000000000),
 ( 1.000000000000000000, 0.8758387942782823732, 1.000000000000000000),
 ( 1.000000000000000000, 0.8747615306798534052, 1.000000000000000000),
 ( 1.000000000000000000, 0.8725792986304518051, 1.000000000000000000),
 ( 1.000000000000000000, 0.8714694122563275691, 1.000000000000000000),
 ( 1.000000000000000000, 0.8693809802651089047, 1.000000000000000000),
 ( 1.000000000000000000, 0.8684024975679248692, 1.000000000000000000),
 ( 1.000000000000000000, 0.8667258886113980987, 1.000000000000000000),
 ( 1.000000000000000000, 0.8660389801099139806, 1.000000000000000000),
 ( 1.000000000000000000, 0.8655553264662499968, 1.000000000000000000) ) ) 
 REPRESENTATION_ITEM ( '' )  SURFACE ( )  );
#964 = CARTESIAN_POINT ( 'NONE',  ( 5.834507100787544864, -105.3089555915466775, -1.343653488496950210 ) ) ;
#965 = CARTESIAN_POINT ( 'NONE',  ( 12.29142071758100307, -111.3150457424671345, -8.519074542160124608 ) ) ;
#966 = CARTESIAN_POINT ( 'NONE',  ( -5.044589121188952419, -45.84096895013788497, -17.05748109712219218 ) ) ;
#967 = EDGE_LOOP ( 'NONE', ( #5331, #2539, #5861, #5668 ) ) ;
#968 = DIRECTION ( 'NONE',  ( 0.7071067811865466846, -0.000000000000000000, -0.7071067811865483499 ) ) ;
#969 = CARTESIAN_POINT ( 'NONE',  ( -8.750000000000001776, -12.64999999999999858, -28.15000000000000213 ) ) ;
#970 = FACE_OUTER_BOUND ( 'NONE', #5339, .T. ) ;
#971 = DIRECTION ( 'NONE',  ( 1.000000000000000000, 0.000000000000000000, 0.000000000000000000 ) ) ;
#972 = CARTESIAN_POINT ( 'NONE',  ( 10.06187240519612125, -117.0512877258357349, -6.274993763520088308 ) ) ;
#973 = CARTESIAN_POINT ( 'NONE',  ( -1.889755031971762644, -25.07429975205469574, -24.83433656119860444 ) ) ;
#974 = ORIENTED_EDGE ( 'NONE', *, *, #2831, .F. ) ;
#975 = CARTESIAN_POINT ( 'NONE',  ( -12.98338440455702525, -126.3790548212885341, -31.34071672365736916 ) ) ;
#976 = ORIENTED_EDGE ( 'NONE', *, *, #592, .F. ) ;
#977 = CARTESIAN_POINT ( 'NONE',  ( 6.184270938636265313, -131.8345225768177897, -27.82873509008511448 ) ) ;
#978 = LINE ( 'NONE', #4805, #5850 ) ;
#979 = CARTESIAN_POINT ( 'NONE',  ( 15.32499999999973817, -8.654551732809666831, 23.15000000000000213 ) ) ;
#980 = ORIENTED_EDGE ( 'NONE', *, *, #7005, .F. ) ;
#981 = CARTESIAN_POINT ( 'NONE',  ( 22.44289321881346311, -25.30000000000000071, 24.85710678118654471 ) ) ;
#982 = DIRECTION ( 'NONE',  ( 0.7071067811865467956, 0.000000000000000000, -0.7071067811865484609 ) ) ;
#983 = DIRECTION ( 'NONE',  ( 0.000000000000000000, 1.000000000000000000, 0.000000000000000000 ) ) ;
#984 = CARTESIAN_POINT ( 'NONE',  ( 8.642671920689863896, -94.62574354574739743, -3.338715054285690265 ) ) ;
#985 = EDGE_CURVE ( 'NONE', #6240, #3588, #3573, .T. ) ;
#986 = CARTESIAN_POINT ( 'NONE',  ( -8.506854249492382891, -6.993145750507616221, -20.15000000000000213 ) ) ;
#987 = DIRECTION ( 'NONE',  ( -1.000000000000000000, 0.000000000000000000, 7.744301232039311751E-17 ) ) ;
#988 = CIRCLE ( 'NONE', #5149, 2.000000000000001776 ) ;
#989 = CARTESIAN_POINT ( 'NONE',  ( 2.197550267231398902, -24.62221566055984567, 21.04785220735907103 ) ) ;
#990 = ORIENTED_EDGE ( 'NONE', *, *, #1918, .T. ) ;
#991 = CARTESIAN_POINT ( 'NONE',  ( 9.938406385877325278, -102.9606646276892263, -3.817465032583779561 ) ) ;
#992 = AXIS2_PLACEMENT_3D ( 'NONE', #1240, #6160, #6805 ) ;
#993 = CARTESIAN_POINT ( 'NONE',  ( 10.64999999999998970, -17.30000000000002203, 22.15000000000000213 ) ) ;
#994 = CARTESIAN_POINT ( 'NONE',  ( -1.140212240578865277, -108.0432723713517618, -2.622831366117946761 ) ) ;
#995 = CIRCLE ( 'NONE', #1365, 2.099999999999996980 ) ;
#996 = EDGE_CURVE ( 'NONE', #2882, #6812, #6022, .T. ) ;
#997 = DIRECTION ( 'NONE',  ( 1.000000000000000000, 0.000000000000000000, 0.000000000000000000 ) ) ;
#998 = CARTESIAN_POINT ( 'NONE',  ( 9.840525345386454958, -106.6374571513177472, -4.384608830924399570 ) ) ;
#999 = CARTESIAN_POINT ( 'NONE',  ( -13.29204659612312156, -49.39208781601118403, -8.881095713854040952 ) ) ;
#1000 = EDGE_CURVE ( 'NONE', #3243, #4504, #1059, .T. ) ;
#1001 = ORIENTED_EDGE ( 'NONE', *, *, #7042, .T. ) ;
#1002 = CARTESIAN_POINT ( 'NONE',  ( 7.402816363142005862, -131.1072673655653205, -26.20701580419229870 ) ) ;
#1003 = LINE ( 'NONE', #4353, #3041 ) ;
#1004 = CARTESIAN_POINT ( 'NONE',  ( 10.64999999999996838, -3.299999999999976730, 15.15000000000000213 ) ) ;
#1005 = FACE_OUTER_BOUND ( 'NONE', #2802, .T. ) ;
#1006 = ADVANCED_FACE ( 'NONE', ( #659 ), #2852, .T. ) ;
#1007 = CARTESIAN_POINT ( 'NONE',  ( -0.7867402585682501392, -24.47845541590549345, -26.24675172708015580 ) ) ;
#1008 = DIRECTION ( 'NONE',  ( 0.000000000000000000, 0.000000000000000000, 1.000000000000000000 ) ) ;
#1009 = EDGE_LOOP ( 'NONE', ( #3190, #763, #6236, #4387 ) ) ;
#1010 = CARTESIAN_POINT ( 'NONE',  ( -15.81366269435923222, -124.2944437507892559, -24.04819289415078032 ) ) ;
#1011 = VERTEX_POINT ( 'NONE', #2928 ) ;
#1012 = CARTESIAN_POINT ( 'NONE',  ( 12.91236008672695235, -126.4058228686747469, -31.44514149048081109 ) ) ;
#1013 = DIRECTION ( 'NONE',  ( -0.09963023994972163011, 0.000000000000000000, -0.9950245299928845988 ) ) ;
#1014 = AXIS2_PLACEMENT_3D ( 'NONE', #2233, #4455, #6187 ) ;
#1015 = LINE ( 'NONE', #6736, #1771 ) ;
#1016 = CARTESIAN_POINT ( 'NONE',  ( -8.693582654136758237, -129.5665673979997905, -23.03610119221757913 ) ) ;
#1017 = ORIENTED_EDGE ( 'NONE', *, *, #5435, .T. ) ;
#1018 = CARTESIAN_POINT ( 'NONE',  ( -11.90279446361628857, -92.61508373469094124, -4.542328623721553882 ) ) ;
#1019 = CARTESIAN_POINT ( 'NONE',  ( -13.00066364899072546, -25.29999999999999361, -5.584483559083381010 ) ) ;
#1020 = CARTESIAN_POINT ( 'NONE',  ( 4.092408406681101951, -105.4225929884603374, -0.6991837853517294255 ) ) ;
#1021 = CARTESIAN_POINT ( 'NONE',  ( 12.68767777589550683, -57.28042892326595137, 0.2118690064830658915 ) ) ;
#1022 = AXIS2_PLACEMENT_3D ( 'NONE', #2873, #47, #2286 ) ;
#1023 = VECTOR ( 'NONE', #5782, 1000.000000000000000 ) ;
#1024 = CARTESIAN_POINT ( 'NONE',  ( -9.556854249492385378, -6.993145750507621550, -30.15000000000000568 ) ) ;
#1025 = CARTESIAN_POINT ( 'NONE',  ( -5.646621948562042803, -0.9800439959765367970, -28.76829327575045880 ) ) ;
#1026 = CARTESIAN_POINT ( 'NONE',  ( 20.14999999999999503, 2.999999999999999112, -19.14999999999999858 ) ) ;
#1027 = FACE_OUTER_BOUND ( 'NONE', #2440, .T. ) ;
#1028 = ORIENTED_EDGE ( 'NONE', *, *, #2680, .F. ) ;
#1029 = DIRECTION ( 'NONE',  ( -1.075850890337208239E-16, 1.000000000000000000, 7.420691038244552907E-33 ) ) ;
#1030 = AXIS2_PLACEMENT_3D ( 'NONE', #1642, #5006, #2751 ) ;
#1031 = CARTESIAN_POINT ( 'NONE',  ( -7.263737174690851894, -92.53090384455651929, -1.809784473278482686 ) ) ;
#1032 = CARTESIAN_POINT ( 'NONE',  ( -10.99800706057564170, -111.2491165943067699, -6.220160811509280130 ) ) ;
#1033 = LINE ( 'NONE', #5518, #4697 ) ;
#1034 = DIRECTION ( 'NONE',  ( 1.000000000000000000, 0.000000000000000000, 0.000000000000000000 ) ) ;
#1035 = PLANE ( 'NONE',  #3167 ) ;
#1036 = ADVANCED_BREP_SHAPE_REPRESENTATION ( '手柄', ( #5881, #252 ), #5562 ) ;
#1037 = ORIENTED_EDGE ( 'NONE', *, *, #354, .T. ) ;
#1038 = ADVANCED_FACE ( 'NONE', ( #5183 ), #6698, .F. ) ;
#1039 = CARTESIAN_POINT ( 'NONE',  ( -25.15000000000000213, -24.29999999999999716, -22.14999999999999858 ) ) ;
#1040 = CYLINDRICAL_SURFACE ( 'NONE', #308, 2.099999999999996980 ) ;
#1041 = DIRECTION ( 'NONE',  ( 1.000000000000000000, 0.000000000000000000, 0.000000000000000000 ) ) ;
#1042 = CARTESIAN_POINT ( 'NONE',  ( 6.147967408096016939, -108.7638133816720085, -4.034239152566525100 ) ) ;
#1043 = EDGE_CURVE ( 'NONE', #3516, #4369, #2525, .T. ) ;
#1044 = LINE ( 'NONE', #3314, #2699 ) ;
#1045 = ORIENTED_EDGE ( 'NONE', *, *, #4237, .T. ) ;
#1046 = ORIENTED_EDGE ( 'NONE', *, *, #1797, .T. ) ;
#1047 = COORDINATED_UNIVERSAL_TIME_OFFSET ( 8, 0, .AHEAD. ) ;
#1048 = AXIS2_PLACEMENT_3D ( 'NONE', #2766, #5576, #6659 ) ;
#1049 = ORIENTED_EDGE ( 'NONE', *, *, #4641, .F. ) ;
#1050 = ADVANCED_FACE ( 'NONE', ( #5877 ), #4158, .T. ) ;
#1051 = CARTESIAN_POINT ( 'NONE',  ( -0.5115660329904830883, -139.9140274693413346, -40.47588342840295894 ) ) ;
#1052 = CARTESIAN_POINT ( 'NONE',  ( 8.499999999999989342, -17.30000000000002203, 22.15000000000000213 ) ) ;
#1053 = DIRECTION ( 'NONE',  ( -0.000000000000000000, -0.000000000000000000, 1.000000000000000000 ) ) ;
#1054 = DIRECTION ( 'NONE',  ( -0.000000000000000000, -0.000000000000000000, 1.000000000000000000 ) ) ;
#1055 = CARTESIAN_POINT ( 'NONE',  ( -8.395489836612259893, -130.1194743960120661, -24.12641636944793788 ) ) ;
#1056 = EDGE_LOOP ( 'NONE', ( #3142, #1169 ) ) ;
#1057 = VECTOR ( 'NONE', #6336, 1000.000000000000000 ) ;
#1058 = CARTESIAN_POINT ( 'NONE',  ( -4.161263009148996161, -88.29331949490588727, 2.323703500598148342 ) ) ;
#1059 = LINE ( 'NONE', #2812, #2978 ) ;
#1060 = CARTESIAN_POINT ( 'NONE',  ( -1.693964317049181600, -25.29999999999999716, -14.29701132071095948 ) ) ;
#1061 = PLANE ( 'NONE',  #4094 ) ;
#1062 = CARTESIAN_POINT ( 'NONE',  ( 25.14999999999999503, -25.30000000000000071, -22.15000000000000568 ) ) ;
#1063 = DIRECTION ( 'NONE',  ( 0.000000000000000000, 1.000000000000000000, 0.000000000000000000 ) ) ;
#1064 = FACE_OUTER_BOUND ( 'NONE', #4673, .T. ) ;
#1065 = ORIENTED_EDGE ( 'NONE', *, *, #3501, .F. ) ;
#1066 = CARTESIAN_POINT ( 'NONE',  ( 4.853583152097472819, 2.999999999999999112, 24.85710678118654471 ) ) ;
#1067 = CARTESIAN_POINT ( 'NONE',  ( 5.149999999999995914, -12.65000000000000036, -28.15000000000000213 ) ) ;
#1068 = LOCAL_TIME ( 14, 37, 7.000000000000000000, #1047 ) ;
#1069 = VERTEX_POINT ( 'NONE', #1366 ) ;
#1070 = CARTESIAN_POINT ( 'NONE',  ( 9.624999999999737099, -11.94544826719053709, 20.15000000000000213 ) ) ;
#1071 = CARTESIAN_POINT ( 'NONE',  ( -3.680199059140684792, -91.39998621540974000, -0.08488377904175870015 ) ) ;
#1072 = CARTESIAN_POINT ( 'NONE',  ( -12.35005061570895535, -112.1382313446942192, -8.774946993949788165 ) ) ;
#1073 = VECTOR ( 'NONE', #6041, 1000.000000000000000 ) ;
#1074 = CARTESIAN_POINT ( 'NONE',  ( -3.032094848156353439, -122.7304200728620316, -3.451588259357690980 ) ) ;
#1075 = DIRECTION ( 'NONE',  ( 1.000000000000000000, 0.000000000000000000, 0.000000000000000000 ) ) ;
#1076 = LINE ( 'NONE', #7270, #5189 ) ;
#1077 = VECTOR ( 'NONE', #2927, 1000.000000000000000 ) ;
#1078 = ORIENTED_EDGE ( 'NONE', *, *, #7257, .F. ) ;
#1079 = DIRECTION ( 'NONE',  ( 1.000000000000000000, 0.000000000000000000, 0.000000000000000000 ) ) ;
#1080 = CARTESIAN_POINT ( 'NONE',  ( 9.697567471019352681, -89.72526408345338211, -1.258356415947109008 ) ) ;
#1081 = AXIS2_PLACEMENT_3D ( 'NONE', #5587, #5117, #36 ) ;
#1082 = ORIENTED_EDGE ( 'NONE', *, *, #5967, .F. ) ;
#1083 = DIRECTION ( 'NONE',  ( -6.897508850802415061E-17, 0.000000000000000000, -1.000000000000000000 ) ) ;
#1084 = DIRECTION ( 'NONE',  ( 1.000000000000000000, -0.000000000000000000, 0.000000000000000000 ) ) ;
#1085 = CARTESIAN_POINT ( 'NONE',  ( -12.64911064067356605, -118.4824174576203291, -10.49654689181841150 ) ) ;
#1086 = CARTESIAN_POINT ( 'NONE',  ( 15.32499999999973817, -11.94544826719053532, 20.15000000000000213 ) ) ;
#1087 = ADVANCED_FACE ( 'NONE', ( #6976 ), #223, .T. ) ;
#1088 = DIRECTION ( 'NONE',  ( -0.000000000000000000, -0.000000000000000000, 1.000000000000000000 ) ) ;
#1089 = AXIS2_PLACEMENT_3D ( 'NONE', #5226, #5154, #3038 ) ;
#1090 = CARTESIAN_POINT ( 'NONE',  ( -5.248412093735038475, -25.01429838960938667, -24.85109393264256994 ) ) ;
#1091 = ORIENTED_EDGE ( 'NONE', *, *, #4562, .F. ) ;
#1092 = CARTESIAN_POINT ( 'NONE',  ( 6.531876315874622918, -131.6616977697718767, -27.43486266940226770 ) ) ;
#1093 = DIRECTION ( 'NONE',  ( -1.000000000000000000, 0.000000000000000000, 0.000000000000000000 ) ) ;
#1094 = CARTESIAN_POINT ( 'NONE',  ( 1.125282703498168058, -119.1191724259138880, -4.574741448697384527 ) ) ;
#1095 = ADVANCED_FACE ( 'NONE', ( #186 ), #7263, .F. ) ;
#1096 = DIRECTION ( 'NONE',  ( 1.000000000000000000, 0.000000000000000000, 0.000000000000000000 ) ) ;
#1097 = VERTEX_POINT ( 'NONE', #4339 ) ;
#1098 = DIRECTION ( 'NONE',  ( 1.000000000000000000, 0.000000000000000000, -0.000000000000000000 ) ) ;
#1099 = CARTESIAN_POINT ( 'NONE',  ( -1.243561198169492510, -25.29999999999999361, -20.33327276708637754 ) ) ;
#1100 = ADVANCED_FACE ( 'NONE', ( #3223 ), #2274, .F. ) ;
#1101 = FACE_OUTER_BOUND ( 'NONE', #1942, .T. ) ;
#1102 = DIRECTION ( 'NONE',  ( 1.000000000000000000, 0.000000000000000000, -0.000000000000000000 ) ) ;
#1103 = CARTESIAN_POINT ( 'NONE',  ( 3.804735922941015147, -22.63571428571428612, -27.15000000000000213 ) ) ;
#1104 = ORIENTED_EDGE ( 'NONE', *, *, #4051, .F. ) ;
#1105 = DIRECTION ( 'NONE',  ( -0.000000000000000000, -0.000000000000000000, -1.000000000000000000 ) ) ;
#1106 = DIRECTION ( 'NONE',  ( -1.000000000000000000, -0.000000000000000000, 0.000000000000000000 ) ) ;
#1107 = ORIENTED_EDGE ( 'NONE', *, *, #6068, .F. ) ;
#1108 = DIRECTION ( 'NONE',  ( 0.000000000000000000, 0.000000000000000000, 1.000000000000000000 ) ) ;
#1109 = CARTESIAN_POINT ( 'NONE',  ( -8.206649531041628975, -89.01362975240948572, 0.1523457277039793334 ) ) ;
#1110 = CARTESIAN_POINT ( 'NONE',  ( -7.520053581312198254, -105.6291288588341502, -2.299149113478724527 ) ) ;
#1111 = CIRCLE ( 'NONE', #5263, 2.100000000000000977 ) ;
#1112 = DIRECTION ( 'NONE',  ( 0.000000000000000000, 1.000000000000000000, 0.000000000000000000 ) ) ;
#1113 = CARTESIAN_POINT ( 'NONE',  ( -25.15000000000000213, -24.29999999999999716, -25.15000000000000213 ) ) ;
#1114 = AXIS2_PLACEMENT_3D ( 'NONE', #2777, #4449, #2857 ) ;
#1115 = ORIENTED_EDGE ( 'NONE', *, *, #3216, .T. ) ;
#1116 = TOROIDAL_SURFACE ( 'NONE', #768, 4.099999999999999645, 1.000000000000000000 ) ;
#1117 = CARTESIAN_POINT ( 'NONE',  ( 2.270466674792840145, -132.8576300804917025, -30.25898130911296136 ) ) ;
#1118 = CARTESIAN_POINT ( 'NONE',  ( -0.6769830321596131961, -88.13609824622314193, 2.992165808364815938 ) ) ;
#1119 = TOROIDAL_SURFACE ( 'NONE', #2665, 6.099999999999999645, 1.000000000000000000 ) ;
#1120 = ORIENTED_EDGE ( 'NONE', *, *, #2423, .F. ) ;
#1121 = CARTESIAN_POINT ( 'NONE',  ( -3.028351061508032238, -105.4717107870428237, -0.4206229072315182949 ) ) ;
#1122 = LINE ( 'NONE', #7204, #2629 ) ;
#1123 = DIRECTION ( 'NONE',  ( 1.219743961040557168E-31, 0.1736481776669306920, -0.9848077530122080203 ) ) ;
#1124 = CARTESIAN_POINT ( 'NONE',  ( -4.092112087109041330E-14, -25.29999999999999361, -20.33327276708637754 ) ) ;
#1125 = CARTESIAN_POINT ( 'NONE',  ( -4.850000000000002309, 1.999999999999999112, -29.15000000000000568 ) ) ;
#1126 = ORIENTED_EDGE ( 'NONE', *, *, #5310, .F. ) ;
#1127 = VERTEX_POINT ( 'NONE', #5436 ) ;
#1128 = AXIS2_PLACEMENT_3D ( 'NONE', #4966, #4424, #3788 ) ;
#1129 = ORIENTED_EDGE ( 'NONE', *, *, #6263, .T. ) ;
#1130 = CARTESIAN_POINT ( 'NONE',  ( 4.482710014326115378, -127.8805194276134927, -37.70549991136856249 ) ) ;
#1131 = LINE ( 'NONE', #4519, #3332 ) ;
#1133 = EDGE_CURVE ( 'NONE', #2101, #1163, #17, .T. ) ;
#1132 = CARTESIAN_POINT ( 'NONE',  ( -3.041699431626444294, -118.9316742708538470, -4.790086635998514808 ) ) ;
#1134 = CARTESIAN_POINT ( 'NONE',  ( -9.504735922941025095, -22.63571428571428257, -27.15000000000000568 ) ) ;
#1135 = ORIENTED_EDGE ( 'NONE', *, *, #547, .T. ) ;
#1136 = CARTESIAN_POINT ( 'NONE',  ( 0.000000000000000000, 4.000000000000000000, 0.000000000000000000 ) ) ;
#1137 = CARTESIAN_POINT ( 'NONE',  ( -12.05661305050833221, -93.14679682151640350, -4.894356870575493623 ) ) ;
#1138 = DIRECTION ( 'NONE',  ( -0.000000000000000000, -0.000000000000000000, -1.000000000000000000 ) ) ;
#1139 = FACE_OUTER_BOUND ( 'NONE', #2716, .T. ) ;
#1140 = CARTESIAN_POINT ( 'NONE',  ( 19.14999999999999503, -20.30000000000000071, -19.14999999999999858 ) ) ;
#1141 = EDGE_CURVE ( 'NONE', #2369, #510, #6643, .T. ) ;
#1142 = DIRECTION ( 'NONE',  ( -0.000000000000000000, -0.000000000000000000, -1.000000000000000000 ) ) ;
#1143 = DIRECTION ( 'NONE',  ( 0.000000000000000000, 1.000000000000000000, -0.000000000000000000 ) ) ;
#1144 = EDGE_CURVE ( 'NONE', #6812, #3124, #6064, .T. ) ;
#1145 = ORIENTED_EDGE ( 'NONE', *, *, #2925, .T. ) ;
#1146 = CARTESIAN_POINT ( 'NONE',  ( -20.15000000000000213, 2.999999999999999112, 19.14999999999999858 ) ) ;
#1147 = VECTOR ( 'NONE', #7276, 1000.000000000000000 ) ;
#1148 = DIRECTION ( 'NONE',  ( -1.000000000000000000, -1.075850890337208239E-16, 6.897508850802415061E-17 ) ) ;
#1149 = AXIS2_PLACEMENT_3D ( 'NONE', #1343, #6345, #6488 ) ;
#1150 = VERTEX_POINT ( 'NONE', #5947 ) ;
#1151 = EDGE_CURVE ( 'NONE', #4881, #2137, #227, .T. ) ;
#1152 = CARTESIAN_POINT ( 'NONE',  ( -10.79751198744973806, -90.64082827920826446, -2.626343262524398536 ) ) ;
#1153 = CARTESIAN_POINT ( 'NONE',  ( -9.932241792708714101, -106.6962125619574806, -4.485373659074582520 ) ) ;
#1154 = B_SPLINE_CURVE_WITH_KNOTS ( 'NONE', 3,
 ( #6757, #6644, #1684, #2089, #2834, #4351, #3831, #6610, #1529, #3237, #2681, #6077, #4936, #7202, #4134, #5821, #712, #6313, #5200, #3502, #121, #2322, #4586, #5784, #5678, #6, #1272, #1871, #675, #2397, #2363, #750, #5163, #4660, #5716, #6384, #2282, #3468, #598, #3539, #4028, #5237, #1235, #6839, #6800, #44 ),
 .UNSPECIFIED., .F., .F.,
 ( 4, 2, 2, 2, 2, 2, 2, 2, 2, 2, 2, 2, 2, 2, 2, 2, 2, 2, 2, 2, 2, 2, 4 ),
 ( 0.02633280220644124842, 0.02790676018512361703, 0.02948071816380598564, 0.03105467614248835773, 0.03184165513182954377, 0.03262863412117072981, 0.03341561311051191585, 0.03420259209985310189, 0.03577655007853547398, 0.03656352906787664614, 0.03735050805721781136, 0.03813748704655897659, 0.03892446603590014875, 0.03971144502524131398, 0.04049842401458247920, 0.04128540300392365137, 0.04207238199326481659, 0.04285936098260598182, 0.04364633997194715398, 0.04522029795062949137, 0.04679425592931182876, 0.04836821390799417308, 0.05151612986535884786 ),
 .UNSPECIFIED. ) ;
#1155 = CIRCLE ( 'NONE', #5299, 1.050000000000000488 ) ;
#1156 = FACE_OUTER_BOUND ( 'NONE', #6745, .T. ) ;
#1157 = DIRECTION ( 'NONE',  ( -1.000000000000000000, 0.000000000000000000, 0.000000000000000000 ) ) ;
#1158 = DIRECTION ( 'NONE',  ( -0.000000000000000000, -0.000000000000000000, 1.000000000000000000 ) ) ;
#1159 = VECTOR ( 'NONE', #2983, 1000.000000000000000 ) ;
#1160 = ORIENTED_EDGE ( 'NONE', *, *, #2150, .T. ) ;
#1161 = DIRECTION ( 'NONE',  ( -0.000000000000000000, -0.000000000000000000, -1.000000000000000000 ) ) ;
#1162 = CARTESIAN_POINT ( 'NONE',  ( -1.444599189954135721, -90.43812528573587883, 2.496798172025898044 ) ) ;
#1163 = VERTEX_POINT ( 'NONE', #1518 ) ;
#1164 = LINE ( 'NONE', #3993, #6836 ) ;
#1165 = DIRECTION ( 'NONE',  ( 0.000000000000000000, 1.000000000000000000, 0.000000000000000000 ) ) ;
#1166 = CARTESIAN_POINT ( 'NONE',  ( -20.15000000000000213, 4.000000000000000000, -19.14999999999999858 ) ) ;
#1167 = CARTESIAN_POINT ( 'NONE',  ( -2.409459145801339908, -24.64992372834767309, -25.38095153626695577 ) ) ;
#1168 = ORIENTED_EDGE ( 'NONE', *, *, #780, .F. ) ;
#1169 = ORIENTED_EDGE ( 'NONE', *, *, #283, .T. ) ;
#1170 = ORIENTED_EDGE ( 'NONE', *, *, #4691, .F. ) ;
#1171 = CARTESIAN_POINT ( 'NONE',  ( -14.81842845680926857, -136.5551767622542059, -31.25818472239003398 ) ) ;
#1172 = CARTESIAN_POINT ( 'NONE',  ( 1.125282703498168502, -122.1789450854630985, -7.151132582022326822 ) ) ;
#1173 = CYLINDRICAL_SURFACE ( 'NONE', #1692, 2.149999999999999023 ) ;
#1174 = CARTESIAN_POINT ( 'NONE',  ( 9.624999999999737099, -11.94544826719053709, 23.15000000000000213 ) ) ;
#1175 = VERTEX_POINT ( 'NONE', #433 ) ;
#1176 = DIRECTION ( 'NONE',  ( 1.000000000000000000, 0.000000000000000000, 0.000000000000000000 ) ) ;
#1177 = CARTESIAN_POINT ( 'NONE',  ( 0.9163082512826228321, -29.43175911167253034, 13.32889971950962149 ) ) ;
#1178 = DIRECTION ( 'NONE',  ( -0.7071067811865459074, 0.000000000000000000, 0.7071067811865491270 ) ) ;
#1179 = CARTESIAN_POINT ( 'NONE',  ( -11.13150675837156989, -30.82961807876224114, -9.805151244931771259 ) ) ;
#1180 = FACE_OUTER_BOUND ( 'NONE', #3887, .T. ) ;
#1181 = PLANE ( 'NONE',  #6716 ) ;
#1182 = DIRECTION ( 'NONE',  ( -0.000000000000000000, -0.000000000000000000, 1.000000000000000000 ) ) ;
#1183 = AXIS2_PLACEMENT_3D ( 'NONE', #6845, #4032, #90 ) ;
#1184 = CARTESIAN_POINT ( 'NONE',  ( -5.357815996290838712, -122.2795335788074169, -4.106943923825100207 ) ) ;
#1185 = ORIENTED_EDGE ( 'NONE', *, *, #3475, .T. ) ;
#1186 = EDGE_CURVE ( 'NONE', #6924, #2780, #3147, .T. ) ;
#1187 = LINE ( 'NONE', #5076, #735 ) ;
#1188 = CARTESIAN_POINT ( 'NONE',  ( -3.334919475905799846, -25.30000000000000426, -24.57284274977947192 ) ) ;
#1189 = EDGE_CURVE ( 'NONE', #2019, #2520, #5366, .T. ) ;
#1190 = CARTESIAN_POINT ( 'NONE',  ( -6.082826074159159546, -108.7396644873092839, -3.998288468396638429 ) ) ;
#1191 = CARTESIAN_POINT ( 'NONE',  ( -12.30988319406216824, -111.5045305038659933, -8.587368719627898273 ) ) ;
#1192 = DIRECTION ( 'NONE',  ( 0.000000000000000000, 1.000000000000000000, 0.000000000000000000 ) ) ;
#1193 = CARTESIAN_POINT ( 'NONE',  ( 1.429586569824755182, -23.86737012298413063, -26.79022515248271930 ) ) ;
#1194 = EDGE_CURVE ( 'NONE', #4435, #2019, #6668, .T. ) ;
#1195 = LINE ( 'NONE', #2360, #6899 ) ;
#1196 = EDGE_LOOP ( 'NONE', ( #3966, #4049, #1948, #3141 ) ) ;
#1197 = B_SPLINE_CURVE_WITH_KNOTS ( 'NONE', 3,
 ( #585, #5585, #545, #5151, #2818, #34, #3855, #6260, #1184, #627, #2896, #2265, #72, #4613, #6101, #1667, #5545, #470, #6182, #2739, #4997, #7259, #5074, #6787, #5740, #6375, #1300, #4048, #4682, #5190, #5255, #2967, #1367, #6408, #109, #3562, #3073, #5807, #771, #737, #6935, #5776, #7006, #2421, #221, #182, #2526, #147, #5222, #3036, #6300, #664, #1824, #3002 ),
 .UNSPECIFIED., .F., .F.,
 ( 4, 2, 2, 2, 2, 2, 2, 2, 2, 2, 2, 2, 2, 2, 2, 2, 2, 2, 2, 2, 2, 2, 2, 2, 2, 2, 4 ),
 ( 0.000000000000000000, 0.002074659288229155352, 0.003111988932343733895, 0.004149318576458311571, 0.006223977864687468657, 0.007261307508802048068, 0.008298637152916628346, 0.009335966797031207756, 0.01037329644114578717, 0.01244795572937494772, 0.01348528537348952540, 0.01452261501760410481, 0.01555994466171868075, 0.01659727430583326016, 0.01867193359406237388, 0.01970926323817693421, 0.02074659288229149107, 0.02178392252640605140, 0.02282125217052061172, 0.02489591145874969422, 0.02593324110286421638, 0.02697057074697874549, 0.02904523003520777594, 0.03008255967932229810, 0.03111988932343681680, 0.03215721896755133896, 0.03319454861166585419 ),
 .UNSPECIFIED. ) ;
#1198 = CARTESIAN_POINT ( 'NONE',  ( 21.73578643762688856, 2.999999999999999112, -24.15000000000000568 ) ) ;
#1199 = CARTESIAN_POINT ( 'NONE',  ( 8.222203189256738654, -89.04096588120341949, 0.1152908257578690865 ) ) ;
#1200 = ADVANCED_FACE ( 'NONE', ( #878 ), #7189, .F. ) ;
#1201 = ORIENTED_EDGE ( 'NONE', *, *, #2150, .F. ) ;
#1202 = CARTESIAN_POINT ( 'NONE',  ( 1.425699293012004265, -103.7810669234087442, 0.1460326265341279073 ) ) ;
#1203 = DIRECTION ( 'NONE',  ( 1.000000000000000000, 0.000000000000000000, 0.000000000000000000 ) ) ;
#1204 = AXIS2_PLACEMENT_3D ( 'NONE', #278, #4740, #833 ) ;
#1205 = CARTESIAN_POINT ( 'NONE',  ( -1.102136937327898414, -24.53050187043622188, -25.41229481715984306 ) ) ;
#1206 = EDGE_LOOP ( 'NONE', ( #4221, #6748, #5421 ) ) ;
#1207 = CIRCLE ( 'NONE', #725, 1.000000000000000888 ) ;
#1208 = ORIENTED_EDGE ( 'NONE', *, *, #3501, .T. ) ;
#1209 = CARTESIAN_POINT ( 'NONE',  ( -13.92334951293219802, -125.9792257167745788, -29.80921799449603782 ) ) ;
#1210 = AXIS2_PLACEMENT_3D ( 'NONE', #4917, #872, #2592 ) ;
#1211 = DIRECTION ( 'NONE',  ( 0.000000000000000000, 1.000000000000000000, 0.000000000000000000 ) ) ;
#1212 = LINE ( 'NONE', #2921, #2877 ) ;
#1213 = AXIS2_PLACEMENT_3D ( 'NONE', #5474, #1519, #5437 ) ;
#1214 = CARTESIAN_POINT ( 'NONE',  ( 11.11267952698270811, -111.7378567093812052, -6.434230407400049145 ) ) ;
#1215 = ORIENTED_EDGE ( 'NONE', *, *, #5967, .T. ) ;
#1216 = CYLINDRICAL_SURFACE ( 'NONE', #2269, 2.149999999999999023 ) ;
#1217 = CARTESIAN_POINT ( 'NONE',  ( 4.741581670254094050, -25.30000000000215366, 13.25495828087922057 ) ) ;
#1218 = DIRECTION ( 'NONE',  ( -0.8660254037844387076, 0.4999999999999998890, 0.000000000000000000 ) ) ;
#1219 = CARTESIAN_POINT ( 'NONE',  ( -2.850000000000004086, -12.65000000000000036, -25.15000000000000568 ) ) ;
#1220 = DIRECTION ( 'NONE',  ( 1.000000000000000000, 0.000000000000000000, 0.000000000000000000 ) ) ;
#1221 = CARTESIAN_POINT ( 'NONE',  ( 6.788599728246098586, -46.13340397406518179, -16.28187228689589361 ) ) ;
#1222 = CARTESIAN_POINT ( 'NONE',  ( -5.850000000000004086, -1.031049961377747515, -27.15000000000000213 ) ) ;
#1223 = SPHERICAL_SURFACE ( 'NONE', #3604, 1.000000000000000000 ) ;
#1224 = ORIENTED_EDGE ( 'NONE', *, *, #5087, .T. ) ;
#1225 = CARTESIAN_POINT ( 'NONE',  ( -6.785155412258413676, -46.13274638827459029, -16.28360232258390994 ) ) ;
#1226 = FACE_OUTER_BOUND ( 'NONE', #1206, .T. ) ;
#1227 = CARTESIAN_POINT ( 'NONE',  ( 0.000000000000000000, -20.30000000000000071, 0.000000000000000000 ) ) ;
#1228 = CARTESIAN_POINT ( 'NONE',  ( -8.214434949749463755, -115.8677479993043846, -6.660792097510694454 ) ) ;
#1229 = ADVANCED_FACE ( 'NONE', ( #328 ), #2598, .T. ) ;
#1230 = CARTESIAN_POINT ( 'NONE',  ( 24.14999999999999147, -24.29999999999999716, 25.15000000000000213 ) ) ;
#1231 = EDGE_CURVE ( 'NONE', #7144, #27, #4959, .T. ) ;
#1232 = CARTESIAN_POINT ( 'NONE',  ( 24.14999999999999858, 3.000000000000000000, 21.73578643762690632 ) ) ;
#1233 = DIRECTION ( 'NONE',  ( -0.7071067811865457964, 3.469446951953618133E-15, 0.7071067811865492381 ) ) ;
#1234 = ORIENTED_EDGE ( 'NONE', *, *, #3863, .F. ) ;
#1235 = CARTESIAN_POINT ( 'NONE',  ( -2.531010437230523102, -102.1864195131401090, -1.744708426698409420 ) ) ;
#1236 = DIRECTION ( 'NONE',  ( -0.9913137904063029637, -0.04521638444443604188, -0.1235007997061621787 ) ) ;
#1237 = ORIENTED_EDGE ( 'NONE', *, *, #554, .T. ) ;
#1238 = CARTESIAN_POINT ( 'NONE',  ( -9.953965168023845678, -102.9076706828299876, -3.840487435203299604 ) ) ;
#1239 = EDGE_CURVE ( 'NONE', #6642, #5532, #845, .T. ) ;
#1240 = CARTESIAN_POINT ( 'NONE',  ( -10.85000000000000142, -12.64999999999999858, -0.1500000000000042966 ) ) ;
#1241 = AXIS2_PLACEMENT_3D ( 'NONE', #1859, #4715, #4123 ) ;
#1242 = CARTESIAN_POINT ( 'NONE',  ( -22.15000000000000568, 4.000000000000000000, -24.15000000000000213 ) ) ;
#1243 = ORIENTED_EDGE ( 'NONE', *, *, #3043, .F. ) ;
#1244 = EDGE_CURVE ( 'NONE', #5791, #5075, #4088, .T. ) ;
#1245 = CIRCLE ( 'NONE', #5614, 12.00000000000000178 ) ;
#1246 = ORIENTED_EDGE ( 'NONE', *, *, #894, .F. ) ;
#1247 = ORIENTED_EDGE ( 'NONE', *, *, #315, .T. ) ;
#1248 = CARTESIAN_POINT ( 'NONE',  ( -1.160765691001067301, -139.9028229406520438, -40.44292159308417922 ) ) ;
#1249 = DIRECTION ( 'NONE',  ( 1.000000000000000000, 0.000000000000000000, -0.000000000000000000 ) ) ;
#1250 = DIRECTION ( 'NONE',  ( 1.000000000000000000, 0.000000000000000000, 0.000000000000000000 ) ) ;
#1251 = EDGE_CURVE ( 'NONE', #2897, #4844, #2186, .T. ) ;
#1252 = CARTESIAN_POINT ( 'NONE',  ( 3.018247265368145360, -105.0246273803921042, -0.3028697270477527792 ) ) ;
#1253 = AXIS2_PLACEMENT_3D ( 'NONE', #1230, #1903, #5265 ) ;
#1254 = VERTEX_POINT ( 'NONE', #2039 ) ;
#1255 = FACE_BOUND ( 'NONE', #1537, .T. ) ;
#1256 = CARTESIAN_POINT ( 'NONE',  ( 22.94289321881338140, 4.000000000000000000, -22.94289321881351640 ) ) ;
#1257 = CARTESIAN_POINT ( 'NONE',  ( -8.913431823758813266, -25.29999999999999005, 10.85744602420476390 ) ) ;
#1258 = DIRECTION ( 'NONE',  ( 0.000000000000000000, 0.1736481776669312749, -0.9848077530122079093 ) ) ;
#1259 = CARTESIAN_POINT ( 'NONE',  ( 13.34640774945420105, -54.77679326366293822, -1.054843614017999975 ) ) ;
#1260 = LINE ( 'NONE', #5774, #5211 ) ;
#1261 = CARTESIAN_POINT ( 'NONE',  ( 13.44440032802471663, -119.2008926369254027, -11.73721421990647507 ) ) ;
#1262 = CARTESIAN_POINT ( 'NONE',  ( -13.57059781220902828, -54.08308906362479718, -1.699385145338382364 ) ) ;
#1263 = CARTESIAN_POINT ( 'NONE',  ( 9.599999999999988987, -17.30000000000002203, 22.15000000000000213 ) ) ;
#1264 = CARTESIAN_POINT ( 'NONE',  ( -0.8500000000000041966, 2.999999999999999112, -25.15000000000000568 ) ) ;
#1265 = CARTESIAN_POINT ( 'NONE',  ( -3.711792272028628048, -108.2150358941166957, -3.051151860174323271 ) ) ;
#1266 = CARTESIAN_POINT ( 'NONE',  ( 3.697258306923878912, -101.9971840740638669, -1.951090612696889437 ) ) ;
#1267 = CARTESIAN_POINT ( 'NONE',  ( -9.558403823966514778, -117.6859860376354021, -5.928147508432547674 ) ) ;
#1268 = AXIS2_PLACEMENT_3D ( 'NONE', #2528, #1862, #6446 ) ;
#1269 = LINE ( 'NONE', #3536, #1023 ) ;
#1270 = AXIS2_PLACEMENT_3D ( 'NONE', #2210, #3877, #6730 ) ;
#1271 = EDGE_LOOP ( 'NONE', ( #51, #172 ) ) ;
#1272 = CARTESIAN_POINT ( 'NONE',  ( -8.646113353407931967, -97.83498744645596901, -3.908303662871069672 ) ) ;
#1273 = CARTESIAN_POINT ( 'NONE',  ( 8.508942841078075858, -94.20263077216694114, -3.124337811504620088 ) ) ;
#1274 = ORIENTED_EDGE ( 'NONE', *, *, #3411, .F. ) ;
#1275 = CARTESIAN_POINT ( 'NONE',  ( -6.018292073438898271, -105.2576250275859593, -1.413991013551597176 ) ) ;
#1276 = AXIS2_PLACEMENT_3D ( 'NONE', #6180, #7256, #1102 ) ;
#1277 = CARTESIAN_POINT ( 'NONE',  ( 6.264556704405698895, -88.56002125629129296, 1.404913537086680986 ) ) ;
#1278 = VECTOR ( 'NONE', #2944, 1000.000000000000114 ) ;
#1279 = CARTESIAN_POINT ( 'NONE',  ( -5.213549061908848259, -25.01652495237774332, -24.84900774775193710 ) ) ;
#1280 = CIRCLE ( 'NONE', #327, 2.099999999999996980 ) ;
#1281 = EDGE_LOOP ( 'NONE', ( #3170, #4097, #4548, #5423, #4035 ) ) ;
#1282 = EDGE_CURVE ( 'NONE', #5180, #7057, #4302, .T. ) ;
#1283 = ORIENTED_EDGE ( 'NONE', *, *, #3420, .T. ) ;
#1284 = CARTESIAN_POINT ( 'NONE',  ( -7.813377599982892718, -139.2337417577091117, -38.50119090985899106 ) ) ;
#1285 = CARTESIAN_POINT ( 'NONE',  ( -8.921649105293383286, -126.0285047560635263, -16.71642527962869451 ) ) ;
#1286 = DIRECTION ( 'NONE',  ( 0.7071067811865491270, 0.000000000000000000, 0.7071067811865459074 ) ) ;
#1287 = CIRCLE ( 'NONE', #3769, 1.000000000000000000 ) ;
#1288 = ADVANCED_FACE ( 'NONE', ( #3743 ), #4491, .T. ) ;
#1289 = CARTESIAN_POINT ( 'NONE',  ( 8.441232239924781666, -110.8448246019432872, -5.990334952910054689 ) ) ;
#1290 = ORIENTED_EDGE ( 'NONE', *, *, #369, .T. ) ;
#1291 = ADVANCED_FACE ( 'NONE', ( #506 ), #1840, .T. ) ;
#1292 = CARTESIAN_POINT ( 'NONE',  ( -0.8500000000000044187, -0.8178404338007663199, -29.15000000000000568 ) ) ;
#1293 = LINE ( 'NONE', #1256, #1437 ) ;
#1294 = CARTESIAN_POINT ( 'NONE',  ( -18.87752433018197706, -25.29999999999999361, 1.485263256583363889 ) ) ;
#1295 = EDGE_LOOP ( 'NONE', ( #6241, #3040, #6619, #6281, #3921, #848, #6132, #5638, #1842, #6944 ) ) ;
#1296 = LINE ( 'NONE', #5840, #2065 ) ;
#1297 = CARTESIAN_POINT ( 'NONE',  ( -5.850000000000003197, 0.8910060413298571680, -25.14999999999999503 ) ) ;
#1298 = EDGE_CURVE ( 'NONE', #4258, #420, #6868, .T. ) ;
#1299 = DIRECTION ( 'NONE',  ( -0.7071067811865491270, -0.000000000000000000, -0.7071067811865459074 ) ) ;
#1300 = CARTESIAN_POINT ( 'NONE',  ( -11.94960595261415826, -115.9716313372759089, -8.738014475729617203 ) ) ;
#1301 = CARTESIAN_POINT ( 'NONE',  ( -12.86393066311736177, -56.35286279050770730, -0.02051841818369219000 ) ) ;
#1302 = CARTESIAN_POINT ( 'NONE',  ( 13.08840796414673768, -123.5826021418964729, -14.00050146578607979 ) ) ;
#1303 = DIRECTION ( 'NONE',  ( 0.000000000000000000, -1.000000000000000000, 0.000000000000000000 ) ) ;
#1304 = DIRECTION ( 'NONE',  ( -1.000000000000000000, -8.673617379884035472E-16, 0.000000000000000000 ) ) ;
#1305 = CARTESIAN_POINT ( 'NONE',  ( -11.16778312658889405, -118.0226108665080176, -7.931212100363588924 ) ) ;
#1306 = DIRECTION ( 'NONE',  ( 0.7071067811865457964, 0.000000000000000000, -0.7071067811865492381 ) ) ;
#1307 = ORIENTED_EDGE ( 'NONE', *, *, #419, .T. ) ;
#1308 = CARTESIAN_POINT ( 'NONE',  ( -22.44289321881343824, -25.30000000000000071, 19.85710678118654826 ) ) ;
#1309 = CARTESIAN_POINT ( 'NONE',  ( 8.266613731232984819, -98.93913723692288897, -3.723791727249186945 ) ) ;
#1310 = CARTESIAN_POINT ( 'NONE',  ( -4.350642423923451574, -105.6931030287493769, -0.8140147136948024942 ) ) ;
#1311 = CARTESIAN_POINT ( 'NONE',  ( 1.380534426694053574, -88.15114925895765907, 2.922895730623051858 ) ) ;
#1312 = CARTESIAN_POINT ( 'NONE',  ( -1.913248738773051683, -25.07480423998320163, -24.83435993386444451 ) ) ;
#1313 = ORIENTED_EDGE ( 'NONE', *, *, #4565, .F. ) ;
#1314 = ORIENTED_EDGE ( 'NONE', *, *, #2785, .T. ) ;
#1315 = CARTESIAN_POINT ( 'NONE',  ( -7.530316440606430461, -131.0033895638004537, -25.98295426205236680 ) ) ;
#1316 = CARTESIAN_POINT ( 'NONE',  ( 4.099999999999996092, -12.65000000000000391, -28.15000000000000213 ) ) ;
#1317 = CARTESIAN_POINT ( 'NONE',  ( 21.73578643762691698, 3.000000000000000000, 24.15000000000000213 ) ) ;
#1318 = EDGE_CURVE ( 'NONE', #84, #694, #1630, .T. ) ;
#1319 = CARTESIAN_POINT ( 'NONE',  ( 7.885592439904771211, -105.7491851308348174, -2.589541497643423007 ) ) ;
#1320 = AXIS2_PLACEMENT_3D ( 'NONE', #3400, #1738, #6091 ) ;
#1321 = ORIENTED_EDGE ( 'NONE', *, *, #2145, .F. ) ;
#1322 = ORIENTED_EDGE ( 'NONE', *, *, #4185, .T. ) ;
#1323 = VECTOR ( 'NONE', #839, 1000.000000000000000 ) ;
#1324 = COORDINATED_UNIVERSAL_TIME_OFFSET ( 8, 0, .AHEAD. ) ;
#1325 = CARTESIAN_POINT ( 'NONE',  ( 10.93916498384254155, -25.29999999999999716, 8.786392650565250761 ) ) ;
#1326 = CC_DESIGN_PERSON_AND_ORGANIZATION_ASSIGNMENT ( #3839, #7244, ( #3457 ) ) ;
#1327 = CARTESIAN_POINT ( 'NONE',  ( -12.50087899601294694, -25.29999999999999361, 6.352939047756646751 ) ) ;
#1328 = ORIENTED_EDGE ( 'NONE', *, *, #3279, .T. ) ;
#1329 = DIRECTION ( 'NONE',  ( -1.000000000000000000, 0.000000000000000000, 7.744301232039314216E-17 ) ) ;
#1330 = CARTESIAN_POINT ( 'NONE',  ( 14.01226037388867240, -51.74578985525166530, -4.743731707602582226 ) ) ;
#1331 = VECTOR ( 'NONE', #7049, 1000.000000000000114 ) ;
#1332 = EDGE_CURVE ( 'NONE', #5497, #94, #5368, .T. ) ;
#1333 = CIRCLE ( 'NONE', #1564, 11.00000000000000355 ) ;
#1334 = DIRECTION ( 'NONE',  ( 0.000000000000000000, 1.000000000000000000, 0.000000000000000000 ) ) ;
#1335 = DIRECTION ( 'NONE',  ( -0.000000000000000000, -0.000000000000000000, 1.000000000000000000 ) ) ;
#1336 = CARTESIAN_POINT ( 'NONE',  ( -13.88319067612088098, -52.86177881563735781, -3.162395783386608095 ) ) ;
#1337 = CARTESIAN_POINT ( 'NONE',  ( 11.64440781249544088, -125.3428288984295733, -15.15889475475682779 ) ) ;
#1338 = EDGE_CURVE ( 'NONE', #2796, #6583, #6704, .T. ) ;
#1339 = CARTESIAN_POINT ( 'NONE',  ( 0.02706447616317248644, -25.30000000000000071, -24.15000000000000568 ) ) ;
#1340 = ORIENTED_EDGE ( 'NONE', *, *, #4511, .F. ) ;
#1341 = CARTESIAN_POINT ( 'NONE',  ( 9.624999999999737099, -8.654551732809668607, 23.15000000000000213 ) ) ;
#1342 = CARTESIAN_POINT ( 'NONE',  ( -7.953853133775538709, -119.0184933896935746, -4.921263549600201515 ) ) ;
#1343 = CARTESIAN_POINT ( 'NONE',  ( 10.64999999999998970, -17.30000000000002203, 25.15000000000000213 ) ) ;
#1344 = ORIENTED_EDGE ( 'NONE', *, *, #5892, .T. ) ;
#1345 = DIRECTION ( 'NONE',  ( -0.8321428571428572951, 0.5545613269117511956, 0.000000000000000000 ) ) ;
#1346 = CARTESIAN_POINT ( 'NONE',  ( 8.827426890859825903, -96.31855444105215724, -3.846917407970760650 ) ) ;
#1347 = CARTESIAN_POINT ( 'NONE',  ( 21.14999999999999503, 2.999999999999999112, 19.14999999999999858 ) ) ;
#1348 = DIRECTION ( 'NONE',  ( 1.000000000000000000, 0.000000000000000000, 0.000000000000000000 ) ) ;
#1349 = DIRECTION ( 'NONE',  ( -1.000000000000000000, 0.000000000000000000, 0.000000000000000000 ) ) ;
#1350 = ORIENTED_EDGE ( 'NONE', *, *, #4851, .T. ) ;
#1351 = ORIENTED_EDGE ( 'NONE', *, *, #446, .F. ) ;
#1352 = CARTESIAN_POINT ( 'NONE',  ( -15.95314587832618791, -122.6672099719238389, -19.34185360163384004 ) ) ;
#1353 = CARTESIAN_POINT ( 'NONE',  ( 12.64911064067352520, -57.92808151989759580, 0.1808163328863402752 ) ) ;
#1354 = DIRECTION ( 'NONE',  ( 0.000000000000000000, 0.000000000000000000, 1.000000000000000000 ) ) ;
#1355 = CARTESIAN_POINT ( 'NONE',  ( 11.15233499133289996, -111.9692827470706789, -6.519851933252840404 ) ) ;
#1356 = ORIENTED_EDGE ( 'NONE', *, *, #2880, .F. ) ;
#1357 = AXIS2_PLACEMENT_3D ( 'NONE', #6982, #6592, #2073 ) ;
#1358 = ORIENTED_EDGE ( 'NONE', *, *, #403, .T. ) ;
#1359 = CALENDAR_DATE ( 2026, 3, 6 ) ;
#1360 = CARTESIAN_POINT ( 'NONE',  ( 10.05408767217302746, -25.29999999999999716, -10.11924515125183532 ) ) ;
#1361 = ADVANCED_FACE ( 'NONE', ( #4534 ), #7295, .T. ) ;
#1362 = ORIENTED_EDGE ( 'NONE', *, *, #3856, .F. ) ;
#1363 = CARTESIAN_POINT ( 'NONE',  ( 5.149999999999996803, -12.65000000000000391, -28.15000000000000213 ) ) ;
#1364 = AXIS2_PLACEMENT_3D ( 'NONE', #4173, #198, #5858 ) ;
#1365 = AXIS2_PLACEMENT_3D ( 'NONE', #4913, #2064, #5425 ) ;
#1366 = CARTESIAN_POINT ( 'NONE',  ( 21.73578643762688856, -25.30000000000000071, -24.15000000000000568 ) ) ;
#1368 = ORIENTED_EDGE ( 'NONE', *, *, #6909, .F. ) ;
#1367 = CARTESIAN_POINT ( 'NONE',  ( -12.33871389514513872, -111.8932911805480614, -8.710123304509878039 ) ) ;
#1369 = LINE ( 'NONE', #774, #2634 ) ;
#1370 = ADVANCED_FACE ( 'NONE', ( #1064 ), #5949, .F. ) ;
#1371 = CARTESIAN_POINT ( 'NONE',  ( 11.69999999999996909, -3.299999999999976730, 22.15000000000000213 ) ) ;
#1372 = CIRCLE ( 'NONE', #2333, 1.000000000000000000 ) ;
#1373 = ORIENTED_EDGE ( 'NONE', *, *, #3005, .F. ) ;
#1374 = CARTESIAN_POINT ( 'NONE',  ( -2.056780051136060994, -104.9895499938256904, -0.1403543064304330068 ) ) ;
#1375 = EDGE_CURVE ( 'NONE', #2556, #270, #1197, .T. ) ;
#1376 = CARTESIAN_POINT ( 'NONE',  ( -10.34650684810680232, -116.5497042815132716, -6.468431817264369776 ) ) ;
#1377 = EDGE_CURVE ( 'NONE', #5449, #4395, #5264, .T. ) ;
#1378 = CYLINDRICAL_SURFACE ( 'NONE', #4930, 1.000000000000000888 ) ;
#1379 = ORIENTED_EDGE ( 'NONE', *, *, #5269, .T. ) ;
#1380 = CARTESIAN_POINT ( 'NONE',  ( 7.869383397152221349, -93.06271472096030095, -2.341038233840912586 ) ) ;
#1381 = CARTESIAN_POINT ( 'NONE',  ( -12.18876367921905768, -93.76656835548855895, -5.236929270458387187 ) ) ;
#1382 = DIRECTION ( 'NONE',  ( -0.000000000000000000, -0.000000000000000000, 1.000000000000000000 ) ) ;
#1383 = AXIS2_PLACEMENT_3D ( 'NONE', #5001, #3982, #413 ) ;
#1384 = DIRECTION ( 'NONE',  ( 0.000000000000000000, 0.000000000000000000, -1.000000000000000000 ) ) ;
#1385 = ORIENTED_EDGE ( 'NONE', *, *, #6863, .T. ) ;
#1386 = VERTEX_POINT ( 'NONE', #2452 ) ;
#1387 = CIRCLE ( 'NONE', #3529, 1.000000000000000000 ) ;
#1388 = DIRECTION ( 'NONE',  ( 0.000000000000000000, 0.000000000000000000, 1.000000000000000000 ) ) ;
#1389 = CIRCLE ( 'NONE', #6594, 1.000000000000000888 ) ;
#1390 = CARTESIAN_POINT ( 'NONE',  ( -7.950000000000001954, -12.65000000000000036, -27.65000000000000924 ) ) ;
#1391 = CARTESIAN_POINT ( 'NONE',  ( -6.950000000000002842, -12.65000000000000036, -27.65000000000000924 ) ) ;
#1392 = CARTESIAN_POINT ( 'NONE',  ( 11.22073388912027347, -113.4034334526104999, -6.850352741855521899 ) ) ;
#1393 = ORIENTED_EDGE ( 'NONE', *, *, #4565, .T. ) ;
#1394 = ORIENTED_EDGE ( 'NONE', *, *, #4903, .F. ) ;
#1395 = DIRECTION ( 'NONE',  ( 1.000000000000000000, 0.000000000000000000, 0.000000000000000000 ) ) ;
#1396 = DIRECTION ( 'NONE',  ( -0.7071067811865492381, 0.000000000000000000, -0.7071067811865457964 ) ) ;
#1397 = CARTESIAN_POINT ( 'NONE',  ( 13.44845057418451084, -126.2200526995079457, -11.86664506782861217 ) ) ;
#1398 = VECTOR ( 'NONE', #5722, 1000.000000000000000 ) ;
#1399 = CARTESIAN_POINT ( 'NONE',  ( -1.556193167761428686, -105.5085189695075201, -0.2118733312059945806 ) ) ;
#1401 = VERTEX_POINT ( 'NONE', #6972 ) ;
#1400 = CARTESIAN_POINT ( 'NONE',  ( 15.80467400668506706, -124.3128390114460160, -24.10590761694058770 ) ) ;
#1402 = VERTEX_POINT ( 'NONE', #5295 ) ;
#1403 = FACE_OUTER_BOUND ( 'NONE', #2062, .T. ) ;
#1404 = CARTESIAN_POINT ( 'NONE',  ( -9.807259430222295293, -24.47917944783669952, -25.15000000000000213 ) ) ;
#1405 = ORIENTED_EDGE ( 'NONE', *, *, #1997, .F. ) ;
#1406 = FACE_OUTER_BOUND ( 'NONE', #6655, .T. ) ;
#1407 = EDGE_CURVE ( 'NONE', #4630, #3029, #1897, .T. ) ;
#1408 = CARTESIAN_POINT ( 'NONE',  ( -6.018292073438802348, -122.0739791951539672, -4.379167970443031521 ) ) ;
#1409 = CARTESIAN_POINT ( 'NONE',  ( 2.806854249492377384, -6.993145750507620662, -28.15000000000000213 ) ) ;
#1410 = CARTESIAN_POINT ( 'NONE',  ( 21.73578643762688500, -24.29999999999999716, -24.15000000000000568 ) ) ;
#1411 = ORIENTED_EDGE ( 'NONE', *, *, #1649, .F. ) ;
#1412 = CARTESIAN_POINT ( 'NONE',  ( 11.11267952698479178, -94.92150254180907609, -3.469053450510018344 ) ) ;
#1413 = CARTESIAN_POINT ( 'NONE',  ( -11.22082031323938445, -95.82248331827449306, -3.750456747540100277 ) ) ;
#1414 = CARTESIAN_POINT ( 'NONE',  ( 2.733756464543362519, -88.20246869504907750, 2.696726578306630540 ) ) ;
#1415 = ADVANCED_FACE ( 'NONE', ( #3597 ), #4084, .T. ) ;
#1416 = CARTESIAN_POINT ( 'NONE',  ( -21.15000000000000213, 3.000000000000000000, 19.14999999999999858 ) ) ;
#1417 = EDGE_LOOP ( 'NONE', ( #2014, #1243, #1045 ) ) ;
#1418 = ADVANCED_FACE ( 'NONE', ( #5842 ), #2487, .T. ) ;
#1419 = VERTEX_POINT ( 'NONE', #1934 ) ;
#1420 = CARTESIAN_POINT ( 'NONE',  ( -15.38044015273856147, -121.4984713131667462, -16.48750042447315778 ) ) ;
#1421 = CARTESIAN_POINT ( 'NONE',  ( 19.79999999999998650, -10.29999999999999005, 22.15000000000000213 ) ) ;
#1422 = LINE ( 'NONE', #343, #5413 ) ;
#1423 = CARTESIAN_POINT ( 'NONE',  ( 10.56631316630877926, -116.1091325686990956, -6.615021507082851748 ) ) ;
#1424 = VERTEX_POINT ( 'NONE', #4197 ) ;
#1425 = EDGE_LOOP ( 'NONE', ( #4730, #1869, #453, #1274 ) ) ;
#1426 = CARTESIAN_POINT ( 'NONE',  ( 14.02209707125008187, -25.29999999999999361, 0.8467083866500129119 ) ) ;
#1427 = CARTESIAN_POINT ( 'NONE',  ( 8.849852219454238167, -129.1578299445170899, -22.25347713642958780 ) ) ;
#1428 = CARTESIAN_POINT ( 'NONE',  ( -2.850000000000004086, -12.65000000000000036, -27.15000000000000213 ) ) ;
#1429 = VECTOR ( 'NONE', #3345, 1000.000000000000000 ) ;
#1431 = ORIENTED_EDGE ( 'NONE', *, *, #2763, .F. ) ;
#1430 = CARTESIAN_POINT ( 'NONE',  ( 24.85710678118654116, -24.29999999999999716, 22.44289321881344534 ) ) ;
#1432 = ORIENTED_EDGE ( 'NONE', *, *, #2720, .T. ) ;
#1433 = DIRECTION ( 'NONE',  ( -0.7071067811865457964, 5.204170427930426805E-15, 0.7071067811865492381 ) ) ;
#1434 = DIRECTION ( 'NONE',  ( 6.897508850802415061E-17, -0.000000000000000000, 1.000000000000000000 ) ) ;
#1435 = AXIS2_PLACEMENT_3D ( 'NONE', #3871, #1571, #1647 ) ;
#1436 = EDGE_LOOP ( 'NONE', ( #2371, #4873, #5133, #4812 ) ) ;
#1437 = VECTOR ( 'NONE', #1783, 1000.000000000000000 ) ;
#1438 = DIRECTION ( 'NONE',  ( 0.000000000000000000, 0.000000000000000000, -1.000000000000000000 ) ) ;
#1439 = CIRCLE ( 'NONE', #2871, 1.050000000000000488 ) ;
#1440 = DIRECTION ( 'NONE',  ( 6.897508850802415061E-17, 0.000000000000000000, 1.000000000000000000 ) ) ;
#1441 = DIRECTION ( 'NONE',  ( 1.000000000000000000, 0.000000000000000000, 0.000000000000000000 ) ) ;
#1442 = CARTESIAN_POINT ( 'NONE',  ( 2.120284627316426196, -24.32791806414916636, 20.17619174359443690 ) ) ;
#1443 = ORIENTED_EDGE ( 'NONE', *, *, #3856, .T. ) ;
#1444 = EDGE_CURVE ( 'NONE', #3078, #7243, #1946, .T. ) ;
#1445 = CARTESIAN_POINT ( 'NONE',  ( -8.160493227823700124, -23.41785152925187319, -27.01610881195848890 ) ) ;
#1446 = ADVANCED_FACE ( 'NONE', ( #5329 ), #1223, .T. ) ;
#1447 = CARTESIAN_POINT ( 'NONE',  ( -11.46344220169926409, -100.5873419960293944, -5.269002266065382578 ) ) ;
#1448 = CARTESIAN_POINT ( 'NONE',  ( 11.91076178726475554, -99.30034781517368003, -5.734044973291786640 ) ) ;
#1449 = DIRECTION ( 'NONE',  ( 1.000000000000000000, 0.000000000000000000, 0.000000000000000000 ) ) ;
#1450 = CARTESIAN_POINT ( 'NONE',  ( -2.850000000000001865, -4.649999999999997691, -20.15000000000000213 ) ) ;
#1451 = ORIENTED_EDGE ( 'NONE', *, *, #4934, .F. ) ;
#1452 = ORIENTED_EDGE ( 'NONE', *, *, #4367, .T. ) ;
#1453 = EDGE_CURVE ( 'NONE', #853, #63, #2357, .T. ) ;
#1454 = CARTESIAN_POINT ( 'NONE',  ( -8.995122933277134081, -128.4948543689606311, -21.03048307799867089 ) ) ;
#1455 = CARTESIAN_POINT ( 'NONE',  ( 13.57130805333701673, -54.08085186980805759, -1.701601251902088663 ) ) ;
#1456 = DIRECTION ( 'NONE',  ( 0.000000000000000000, -1.000000000000000000, 0.000000000000000000 ) ) ;
#1457 = LINE ( 'NONE', #1986, #2825 ) ;
#1458 = EDGE_CURVE ( 'NONE', #4435, #352, #6587, .T. ) ;
#1459 = CARTESIAN_POINT ( 'NONE',  ( 6.403330855911513630, -119.7392309494724998, -4.135449385429804003 ) ) ;
#1460 = ORIENTED_EDGE ( 'NONE', *, *, #2339, .T. ) ;
#1461 = EDGE_LOOP ( 'NONE', ( #135, #1938, #6312, #1350 ) ) ;
#1462 = PERSON_AND_ORGANIZATION_ROLE ( 'creator' ) ;
#1463 = CARTESIAN_POINT ( 'NONE',  ( 18.87752433018185272, -25.29999999999999361, 1.485263256583402303 ) ) ;
#1464 = CIRCLE ( 'NONE', #5604, 2.149999999999999023 ) ;
#1465 = ORIENTED_EDGE ( 'NONE', *, *, #862, .T. ) ;
#1466 = EDGE_CURVE ( 'NONE', #1610, #7209, #2895, .T. ) ;
#1467 = CARTESIAN_POINT ( 'NONE',  ( 8.702781914190062196, -126.1801087436823536, -17.19753533697226899 ) ) ;
#1468 = DIRECTION ( 'NONE',  ( 0.000000000000000000, 0.000000000000000000, -1.000000000000000000 ) ) ;
#1469 = AXIS2_PLACEMENT_3D ( 'NONE', #1589, #2229, #4574 ) ;
#1471 = ORIENTED_EDGE ( 'NONE', *, *, #985, .T. ) ;
#1470 = CARTESIAN_POINT ( 'NONE',  ( 16.00862238794913139, -123.5523080764163382, -21.81778678464886312 ) ) ;
#1472 = EDGE_LOOP ( 'NONE', ( #3492, #3347 ) ) ;
#1473 = PLANE ( 'NONE',  #4406 ) ;
#1474 = AXIS2_PLACEMENT_3D ( 'NONE', #451, #5095, #13 ) ;
#1475 = CARTESIAN_POINT ( 'NONE',  ( -4.092112087109041330E-14, -30.29999999999999361, -20.33327276708637754 ) ) ;
#1476 = AXIS2_PLACEMENT_3D ( 'NONE', #783, #3183, #1549 ) ;
#1477 = CARTESIAN_POINT ( 'NONE',  ( 5.146516198646289730, -105.3596881979753590, -1.055934579996091749 ) ) ;
#1478 = CARTESIAN_POINT ( 'NONE',  ( -1.140212240571222280, -91.22691820378133798, 0.3423455907745141524 ) ) ;
#1479 = DIRECTION ( 'NONE',  ( 0.7071067811865495711, -0.000000000000000000, 0.7071067811865454633 ) ) ;
#1480 = FACE_OUTER_BOUND ( 'NONE', #7071, .T. ) ;
#1481 = CARTESIAN_POINT ( 'NONE',  ( 2.100380370068877234, -24.43932686059110537, 20.19609600084208267 ) ) ;
#1482 = ORIENTED_EDGE ( 'NONE', *, *, #6176, .T. ) ;
#1483 = CARTESIAN_POINT ( 'NONE',  ( 1.125282703498181824, -102.3028182583436916, -1.609564491805527631 ) ) ;
#1484 = CARTESIAN_POINT ( 'NONE',  ( -11.12361887517906744, -97.53214442232584247, -3.941653871019132893 ) ) ;
#1485 = CARTESIAN_POINT ( 'NONE',  ( 8.751766672425464577, -89.22844416763054198, -0.3174162142238638462 ) ) ;
#1486 =( BOUNDED_SURFACE ( )  B_SPLINE_SURFACE ( 3, 2, ( 
 ( #6916, #1202, #2400 ),
 ( #1874, #4695, #7021 ),
 ( #3542, #715, #786 ),
 ( #4101, #6386, #1837 ),
 ( #4067, #2464, #5240 ),
 ( #5166, #678, #2979 ),
 ( #4664, #1944, #3015 ),
 ( #4136, #5857, #1310 ),
 ( #6947, #4172, #3574 ),
 ( #4757, #6351, #4727 ),
 ( #2947, #5824, #1275 ),
 ( #3052, #2499, #5275 ),
 ( #162, #5309, #2433 ),
 ( #3472, #5719, #197 ),
 ( #6984, #641, #88 ),
 ( #2366, #4626, #6881 ),
 ( #1805, #6316, #1238 ),
 ( #5752, #5203, #124 ),
 ( #2008, #334, #5890 ),
 ( #370, #818, #3230 ),
 ( #7158, #7053, #1976 ),
 ( #5996, #2641, #1447 ),
 ( #2081, #6460, #4891 ),
 ( #7121, #4308, #6492 ),
 ( #5341, #5954, #6603 ),
 ( #6563, #265, #2535 ),
 ( #3088, #1484, #2604 ),
 ( #1523, #4927, #4344 ),
 ( #6523, #4241, #3748 ),
 ( #4790, #3193, #3786 ),
 ( #4857, #1413, #3120 ),
 ( #6030, #3677, #5920 ),
 ( #958, #5478, #923 ),
 ( #2119, #850, #1381 ),
 ( #4272, #5442, #884 ),
 ( #402, #5373, #3710 ),
 ( #2674, #2044, #5408 ),
 ( #7085, #3647, #297 ),
 ( #7195, #3152, #2568 ),
 ( #4825, #1637, #1152 ),
 ( #5119, #3944, #6750 ),
 ( #1031, #2272, #6188 ),
 ( #5040, #512, #5552 ),
 ( #2787, #4422, #6069 ),
 ( #3423, #5514, #4542 ),
 ( #6146, #38, #1109 ),
 ( #3983, #1673, #1597 ),
 ( #3382, #6793, #2827 ),
 ( #439, #5630, #2746 ),
 ( #1071, #552, #4497 ),
 ( #6675, #475, #4382 ),
 ( #5670, #6713, #3342 ),
 ( #7306, #5080, #7344 ),
 ( #590, #7228, #1719 ),
 ( #2861, #6637, #6106 ),
 ( #6227, #1561, #3824 ) ),
 .UNSPECIFIED., .F., .F., .T. ) 
 B_SPLINE_SURFACE_WITH_KNOTS ( ( 4, 2, 2, 2, 2, 2, 2, 2, 2, 2, 2, 2, 2, 2, 2, 2, 2, 2, 2, 2, 2, 2, 2, 2, 2, 2, 2, 4 ),
 ( 3, 3 ),
 ( 0.000000000000000000, 0.001978783772446249777, 0.002968175658669374665, 0.003957567544892499553, 0.004946959431115624875, 0.005936351317338749330, 0.007915135089784999106, 0.008904526976008124428, 0.009893918862231249750, 0.01088331074845437507, 0.01187270263467749866, 0.01286209452090062225, 0.01385148640712374757, 0.01583027017956999821, 0.01681966206579312353, 0.01780905395201624886, 0.01879844583823937418, 0.01978783772446249950, 0.02176662149690875014, 0.02275601338313187200, 0.02374540526935499732, 0.02473479715557812264, 0.02572418904180124449, 0.02770297281424749514, 0.02869236470047062046, 0.02968175658669374578, 0.03067114847291687110, 0.03166054035913999642 ),
 ( 0.000000000000000000, 1.000000000000000000 ),
 .UNSPECIFIED. ) 
 GEOMETRIC_REPRESENTATION_ITEM ( )  RATIONAL_B_SPLINE_SURFACE ( (
 ( 1.000000000000000000, 0.8655334644490567664, 1.000000000000000000),
 ( 1.000000000000000000, 0.8645581509623745387, 1.000000000000000000),
 ( 1.000000000000000000, 0.8644520920343586878, 1.000000000000000000),
 ( 1.000000000000000000, 0.8655538356814809209, 1.000000000000000000),
 ( 1.000000000000000000, 0.8661320748773480016, 1.000000000000000000),
 ( 1.000000000000000000, 0.8676249689912582941, 1.000000000000000000),
 ( 1.000000000000000000, 0.8685295551890468424, 1.000000000000000000),
 ( 1.000000000000000000, 0.8705174654252740840, 1.000000000000000000),
 ( 1.000000000000000000, 0.8716007380041571606, 1.000000000000000000),
 ( 1.000000000000000000, 0.8737856060078775799, 1.000000000000000000),
 ( 1.000000000000000000, 0.8748933584644262851, 1.000000000000000000),
 ( 1.000000000000000000, 0.8779262447266350522, 1.000000000000000000),
 ( 1.000000000000000000, 0.8795093233198009175, 1.000000000000000000),
 ( 1.000000000000000000, 0.8804294569276925886, 1.000000000000000000),
 ( 1.000000000000000000, 0.8804944010140826061, 1.000000000000000000),
 ( 1.000000000000000000, 0.8800910478606495113, 1.000000000000000000),
 ( 1.000000000000000000, 0.8796282371442492032, 1.000000000000000000),
 ( 1.000000000000000000, 0.8782356729759930314, 1.000000000000000000),
 ( 1.000000000000000000, 0.8773060879643548304, 1.000000000000000000),
 ( 1.000000000000000000, 0.8750844409345195363, 1.000000000000000000),
 ( 1.000000000000000000, 0.8737955747033698817, 1.000000000000000000),
 ( 1.000000000000000000, 0.8710856343837043436, 1.000000000000000000),
 ( 1.000000000000000000, 0.8696579631037097968, 1.000000000000000000),
 ( 1.000000000000000000, 0.8668324578213446596, 1.000000000000000000),
 ( 1.000000000000000000, 0.8654296929824891738, 1.000000000000000000),
 ( 1.000000000000000000, 0.8615587525796367663, 1.000000000000000000),
 ( 1.000000000000000000, 0.8594898937964514651, 1.000000000000000000),
 ( 1.000000000000000000, 0.8577996439062978151, 1.000000000000000000),
 ( 1.000000000000000000, 0.8574680308602180556, 1.000000000000000000),
 ( 1.000000000000000000, 0.8573242950472605983, 1.000000000000000000),
 ( 1.000000000000000000, 0.8575085430427583644, 1.000000000000000000),
 ( 1.000000000000000000, 0.8583567387587204278, 1.000000000000000000),
 ( 1.000000000000000000, 0.8590206786993809240, 1.000000000000000000),
 ( 1.000000000000000000, 0.8607596690753310797, 1.000000000000000000),
 ( 1.000000000000000000, 0.8618421024659586038, 1.000000000000000000),
 ( 1.000000000000000000, 0.8654933747601885052, 1.000000000000000000),
 ( 1.000000000000000000, 0.8684326202857513000, 1.000000000000000000),
 ( 1.000000000000000000, 0.8725951430538144704, 1.000000000000000000),
 ( 1.000000000000000000, 0.8739445883177736629, 1.000000000000000000),
 ( 1.000000000000000000, 0.8763624966829088869, 1.000000000000000000),
 ( 1.000000000000000000, 0.8774109423910858574, 1.000000000000000000),
 ( 1.000000000000000000, 0.8790700322110607257, 1.000000000000000000),
 ( 1.000000000000000000, 0.8796805421650966128, 1.000000000000000000),
 ( 1.000000000000000000, 0.8803937524091050015, 1.000000000000000000),
 ( 1.000000000000000000, 0.8804948334223715589, 1.000000000000000000),
 ( 1.000000000000000000, 0.8800192952250454059, 1.000000000000000000),
 ( 1.000000000000000000, 0.8786687500540272255, 1.000000000000000000),
 ( 1.000000000000000000, 0.8758387942783009139, 1.000000000000000000),
 ( 1.000000000000000000, 0.8747615306798534052, 1.000000000000000000),
 ( 1.000000000000000000, 0.8725792986304518051, 1.000000000000000000),
 ( 1.000000000000000000, 0.8714694122563456657, 1.000000000000000000),
 ( 1.000000000000000000, 0.8693809802650903640, 1.000000000000000000),
 ( 1.000000000000000000, 0.8684024975679628389, 1.000000000000000000),
 ( 1.000000000000000000, 0.8667258886113619054, 1.000000000000000000),
 ( 1.000000000000000000, 0.8660389801099408480, 1.000000000000000000),
 ( 1.000000000000000000, 0.8655553264662498858, 1.000000000000000000) ) ) 
 REPRESENTATION_ITEM ( '' )  SURFACE ( )  );
#1487 = DIRECTION ( 'NONE',  ( -1.000000000000000000, 0.000000000000000000, 6.897508850802415061E-17 ) ) ;
#1488 = CARTESIAN_POINT ( 'NONE',  ( 12.21077885483070702, -110.7134603565976221, -8.264942162941080639 ) ) ;
#1489 = LINE ( 'NONE', #2538, #803 ) ;
#1490 = VERTEX_POINT ( 'NONE', #1430 ) ;
#1491 = CARTESIAN_POINT ( 'NONE',  ( -8.987401812296162973, -127.1661169652177676, -18.73002307637694130 ) ) ;
#1492 = DIRECTION ( 'NONE',  ( -0.000000000000000000, -0.000000000000000000, 1.000000000000000000 ) ) ;
#1493 = DIRECTION ( 'NONE',  ( 1.000000000000000000, 0.000000000000000000, 0.000000000000000000 ) ) ;
#1494 = DIRECTION ( 'NONE',  ( -0.000000000000000000, 1.000000000000000000, 0.000000000000000000 ) ) ;
#1495 = EDGE_CURVE ( 'NONE', #3644, #1490, #317, .T. ) ;
#1496 = CARTESIAN_POINT ( 'NONE',  ( 7.481271466250674962, -121.4918220001567875, -5.096190099943618712 ) ) ;
#1497 = DIRECTION ( 'NONE',  ( -1.000000000000000000, 2.769809312337042994E-16, 4.883921131825813963E-17 ) ) ;
#1498 = EDGE_LOOP ( 'NONE', ( #619, #4206, #4763, #2617 ) ) ;
#1499 = AXIS2_PLACEMENT_3D ( 'NONE', #5559, #1083, #5600 ) ;
#1500 = VECTOR ( 'NONE', #747, 1000.000000000000000 ) ;
#1501 = CARTESIAN_POINT ( 'NONE',  ( 8.749151784322013015, -25.29999999999999361, -11.31274935752793454 ) ) ;
#1502 = ORIENTED_EDGE ( 'NONE', *, *, #5938, .T. ) ;
#1503 = CARTESIAN_POINT ( 'NONE',  ( 15.41742401570752818, -121.4900166845573750, -16.42844886202646393 ) ) ;
#1504 = EDGE_CURVE ( 'NONE', #6355, #4744, #1464, .T. ) ;
#1505 = CARTESIAN_POINT ( 'NONE',  ( 0.1499999999999954425, 0.8909409020533792800, -25.15000000000000568 ) ) ;
#1506 = CIRCLE ( 'NONE', #3414, 14.00000000000000178 ) ;
#1507 = EDGE_CURVE ( 'NONE', #3145, #2882, #3214, .T. ) ;
#1509 = VERTEX_POINT ( 'NONE', #3178 ) ;
#1508 = DIRECTION ( 'NONE',  ( 0.000000000000000000, 0.000000000000000000, 1.000000000000000000 ) ) ;
#1510 = ORIENTED_EDGE ( 'NONE', *, *, #1933, .F. ) ;
#1511 = VECTOR ( 'NONE', #2914, 1000.000000000000000 ) ;
#1512 = LINE ( 'NONE', #4846, #146 ) ;
#1513 = DIRECTION ( 'NONE',  ( 0.000000000000000000, -0.000000000000000000, 1.000000000000000000 ) ) ;
#1514 = EDGE_CURVE ( 'NONE', #3700, #7242, #3835, .T. ) ;
#1515 = DIRECTION ( 'NONE',  ( -1.000000000000000000, 0.000000000000000000, 7.744301232039314216E-17 ) ) ;
#1516 = CARTESIAN_POINT ( 'NONE',  ( 7.275678922190793152, -100.3310649829385142, -3.192546827068450721 ) ) ;
#1517 = AXIS2_PLACEMENT_3D ( 'NONE', #4250, #3722, #4355 ) ;
#1518 = CARTESIAN_POINT ( 'NONE',  ( 4.913858576764518205, -24.29999999999999716, -25.15000000000000568 ) ) ;
#1519 = DIRECTION ( 'NONE',  ( 0.000000000000000000, 0.000000000000000000, 1.000000000000000000 ) ) ;
#1520 = CARTESIAN_POINT ( 'NONE',  ( 5.560689933284023390, 3.000000000000000000, 24.15000000000000213 ) ) ;
#1521 = EDGE_LOOP ( 'NONE', ( #5916, #5078, #6549, #842 ) ) ;
#1522 = CYLINDRICAL_SURFACE ( 'NONE', #4923, 1.000000000000000000 ) ;
#1523 = CARTESIAN_POINT ( 'NONE',  ( -8.811825878103526577, -96.69720868268839808, -3.895224710536383750 ) ) ;
#1524 = CARTESIAN_POINT ( 'NONE',  ( 10.10020444380914384, -89.98126229470184967, -1.703558871549552878 ) ) ;
#1525 = CARTESIAN_POINT ( 'NONE',  ( -21.15000000000000213, 3.000000000000000000, 0.000000000000000000 ) ) ;
#1526 = CARTESIAN_POINT ( 'NONE',  ( 12.35956432486520207, -112.5817841338583634, -8.871408007766330428 ) ) ;
#1527 = CARTESIAN_POINT ( 'NONE',  ( -1.702744227189561307E-14, -45.51868073377310964, -17.93960373180995660 ) ) ;
#1528 = ORIENTED_EDGE ( 'NONE', *, *, #944, .F. ) ;
#1529 = CARTESIAN_POINT ( 'NONE',  ( -6.082826074159149776, -91.92331031973905908, -1.033111511504762658 ) ) ;
#1530 = CARTESIAN_POINT ( 'NONE',  ( -6.406854249492381470, -6.993145750507616221, -28.15000000000000213 ) ) ;
#1531 = DESIGN_CONTEXT ( 'detailed design', #1961, 'design' ) ;
#1532 = DIRECTION ( 'NONE',  ( 0.000000000000000000, 1.000000000000000000, -0.000000000000000000 ) ) ;
#1533 = CARTESIAN_POINT ( 'NONE',  ( 1.125282703498168058, -119.1191724259138880, -4.574741448697384527 ) ) ;
#1534 =( BOUNDED_CURVE ( )  B_SPLINE_CURVE ( 3, ( #5787, #1909, #4208, #3504 ),
 .UNSPECIFIED., .F., .T. ) 
 B_SPLINE_CURVE_WITH_KNOTS ( ( 4, 4 ),
 ( 3.141592653589794892, 6.283185307179586232 ),
 .UNSPECIFIED. ) 
 CURVE ( )  GEOMETRIC_REPRESENTATION_ITEM ( )  RATIONAL_B_SPLINE_CURVE ( ( 1.000000000000000000, 0.3333333333333339810, 0.3333333333333339810, 1.000000000000000000 ) ) 
 REPRESENTATION_ITEM ( '' )  );
#1535 = VECTOR ( 'NONE', #33, 1000.000000000000000 ) ;
#1536 = CARTESIAN_POINT ( 'NONE',  ( 5.135430878592564419, -122.3295194399799470, -4.034563493976398796 ) ) ;
#1537 = EDGE_LOOP ( 'NONE', ( #1912, #2164 ) ) ;
#1538 = ORIENTED_EDGE ( 'NONE', *, *, #1377, .T. ) ;
#1539 = CARTESIAN_POINT ( 'NONE',  ( -13.41549225786130606, -126.2052643197054635, -30.66962114296521946 ) ) ;
#1540 = ORIENTED_EDGE ( 'NONE', *, *, #3687, .F. ) ;
#1541 = CARTESIAN_POINT ( 'NONE',  ( 11.83218814735839786, -124.3749128886351230, -9.771021452149506459 ) ) ;
#1542 = CARTESIAN_POINT ( 'NONE',  ( 0.1499999999999959699, -0.7510895942728207375, -26.13574435956895670 ) ) ;
#1543 = ADVANCED_FACE ( 'NONE', ( #3736 ), #5978, .T. ) ;
#1544 = CARTESIAN_POINT ( 'NONE',  ( 10.64999999999996838, -3.299999999999976730, 22.15000000000000213 ) ) ;
#1545 = CC_DESIGN_PERSON_AND_ORGANIZATION_ASSIGNMENT ( #3729, #3661, ( #3064 ) ) ;
#1546 = ORIENTED_EDGE ( 'NONE', *, *, #3048, .T. ) ;
#1547 = DIRECTION ( 'NONE',  ( 0.7071067811865495711, -0.000000000000000000, 0.7071067811865454633 ) ) ;
#1548 = CARTESIAN_POINT ( 'NONE',  ( -10.61385857676452815, -24.29999999999999716, -25.15000000000000213 ) ) ;
#1549 = DIRECTION ( 'NONE',  ( 1.000000000000000000, 0.000000000000000000, 0.000000000000000000 ) ) ;
#1550 = EDGE_CURVE ( 'NONE', #4214, #3243, #7143, .T. ) ;
#1551 = CARTESIAN_POINT ( 'NONE',  ( 8.477037524187981177, -98.42200479053653339, -3.835598696388503370 ) ) ;
#1552 = DIRECTION ( 'NONE',  ( -0.000000000000000000, -1.000000000000000000, -0.000000000000000000 ) ) ;
#1553 = EDGE_CURVE ( 'NONE', #1808, #4252, #2376, .T. ) ;
#1554 = AXIS2_PLACEMENT_3D ( 'NONE', #986, #5507, #5472 ) ;
#1555 = AXIS2_PLACEMENT_3D ( 'NONE', #7027, #1985, #1493 ) ;
#1556 = FACE_BOUND ( 'NONE', #7105, .T. ) ;
#1557 = CARTESIAN_POINT ( 'NONE',  ( 1.248624163551858679, -24.62221566055981370, 20.09892610367951349 ) ) ;
#1558 = VECTOR ( 'NONE', #6431, 1000.000000000000000 ) ;
#1559 = ORIENTED_EDGE ( 'NONE', *, *, #5768, .F. ) ;
#1560 = CARTESIAN_POINT ( 'NONE',  ( 3.404035859903463912, -105.8776610971857366, -0.5461558273420402676 ) ) ;
#1561 = CARTESIAN_POINT ( 'NONE',  ( -1.444599189954074436, -90.43812528573587883, 2.496798172025905149 ) ) ;
#1562 = FACE_OUTER_BOUND ( 'NONE', #4800, .T. ) ;
#1563 = AXIS2_PLACEMENT_3D ( 'NONE', #2637, #3116, #987 ) ;
#1564 = AXIS2_PLACEMENT_3D ( 'NONE', #5140, #5176, #4480 ) ;
#1565 = CARTESIAN_POINT ( 'NONE',  ( 9.149999999999998579, -12.65000000000000036, -27.15000000000000213 ) ) ;
#1566 = CARTESIAN_POINT ( 'NONE',  ( 11.50661731081135031, -117.3365370846115070, -8.280421193137200930 ) ) ;
#1567 = CARTESIAN_POINT ( 'NONE',  ( -11.10755411914123769, -47.56886590229328959, -12.76239380731399287 ) ) ;
#1568 = EDGE_LOOP ( 'NONE', ( #1465, #3731, #5098, #6799, #3429, #6328, #4625 ) ) ;
#1569 = CARTESIAN_POINT ( 'NONE',  ( 8.917197529256164046, -126.9017074253841741, -18.31309650831854086 ) ) ;
#1570 = DIRECTION ( 'NONE',  ( 0.000000000000000000, 1.000000000000000000, 0.000000000000000000 ) ) ;
#1571 = DIRECTION ( 'NONE',  ( -1.224646799147353207E-16, 1.000000000000000000, 8.447012136225716067E-33 ) ) ;
#1572 = CARTESIAN_POINT ( 'NONE',  ( 8.819661100570481693, -112.4116351382750736, -6.673567197181609068 ) ) ;
#1573 = DIRECTION ( 'NONE',  ( 1.000000000000000000, 0.000000000000000000, 0.000000000000000000 ) ) ;
#1574 = CARTESIAN_POINT ( 'NONE',  ( 10.64999999999998970, -17.30000000000002203, 15.15000000000000213 ) ) ;
#1575 = ORIENTED_EDGE ( 'NONE', *, *, #4724, .F. ) ;
#1576 = CARTESIAN_POINT ( 'NONE',  ( -3.815736510066729697E-14, -128.0247424821922380, -38.37505032396474292 ) ) ;
#1577 = ORIENTED_EDGE ( 'NONE', *, *, #6153, .T. ) ;
#1578 = CARTESIAN_POINT ( 'NONE',  ( 9.556243458625168330, -138.8653161267207281, -37.45009887346842703 ) ) ;
#1579 = CARTESIAN_POINT ( 'NONE',  ( 2.853583152097447506, -25.30000000000000071, 21.44289321881343824 ) ) ;
#1580 = DIRECTION ( 'NONE',  ( 0.000000000000000000, 0.000000000000000000, -1.000000000000000000 ) ) ;
#1581 = CARTESIAN_POINT ( 'NONE',  ( 11.69999999999996909, -3.299999999999976730, 20.15000000000000213 ) ) ;
#1582 = VERTEX_POINT ( 'NONE', #6695 ) ;
#1583 = EDGE_CURVE ( 'NONE', #2295, #4943, #3303, .T. ) ;
#1584 = CARTESIAN_POINT ( 'NONE',  ( -12.22939477577276790, -94.01424058548802520, -5.353872630693037316 ) ) ;
#1585 = CARTESIAN_POINT ( 'NONE',  ( -14.31434942365438800, -25.29999999999999361, -13.78956744099155252 ) ) ;
#1586 = VERTEX_POINT ( 'NONE', #1581 ) ;
#1587 = CARTESIAN_POINT ( 'NONE',  ( 12.47499999999974030, -7.009103465619234363, 23.15000000000000213 ) ) ;
#1588 = CARTESIAN_POINT ( 'NONE',  ( -4.092112087109041330E-14, -25.29999999999999361, -20.33327276708637754 ) ) ;
#1589 = CARTESIAN_POINT ( 'NONE',  ( 12.47499999999973674, -10.30000000000010019, 25.94999999999999929 ) ) ;
#1590 = EDGE_CURVE ( 'NONE', #2137, #6543, #4983, .T. ) ;
#1591 = CARTESIAN_POINT ( 'NONE',  ( -8.506854249492384668, -6.993145750507621550, -30.15000000000000568 ) ) ;
#1592 = AXIS2_PLACEMENT_3D ( 'NONE', #2430, #160, #4693 ) ;
#1593 = DIRECTION ( 'NONE',  ( 0.000000000000000000, 0.000000000000000000, -1.000000000000000000 ) ) ;
#1594 = VERTEX_POINT ( 'NONE', #6605 ) ;
#1595 = DIRECTION ( 'NONE',  ( -1.000000000000000000, 0.000000000000000000, 0.000000000000000000 ) ) ;
#1596 = EDGE_CURVE ( 'NONE', #3243, #4141, #5554, .T. ) ;
#1597 = CARTESIAN_POINT ( 'NONE',  ( -7.520053581312630797, -88.81277469126388269, 0.6660278434129082159 ) ) ;
#1598 = CARTESIAN_POINT ( 'NONE',  ( 9.676815468560743483, -89.69702751417648301, -1.221193428579335771 ) ) ;
#1599 = CIRCLE ( 'NONE', #6817, 12.00000000000000178 ) ;
#1600 = DIRECTION ( 'NONE',  ( 6.897508850802415061E-17, -0.000000000000000000, 1.000000000000000000 ) ) ;
#1601 = DIRECTION ( 'NONE',  ( 0.7071067811865467956, 0.000000000000000000, -0.7071067811865484609 ) ) ;
#1602 = ADVANCED_FACE ( 'NONE', ( #3232 ), #7161, .F. ) ;
#1603 = CARTESIAN_POINT ( 'NONE',  ( -13.62950543914592139, -49.97122833598980662, -7.772459134857476748 ) ) ;
#1604 = ORIENTED_EDGE ( 'NONE', *, *, #948, .T. ) ;
#1605 = CARTESIAN_POINT ( 'NONE',  ( 6.731373171808021638, -131.5474734219987454, -27.17909856276796177 ) ) ;
#1606 = CARTESIAN_POINT ( 'NONE',  ( 0.1499999999999959144, -1.031049961377747737, -27.15000000000000213 ) ) ;
#1607 = CARTESIAN_POINT ( 'NONE',  ( 19.14999999999999503, -20.30000000000000071, 20.15000000000000213 ) ) ;
#1608 = CARTESIAN_POINT ( 'NONE',  ( -4.914530804214452431, -24.47818850984658567, -26.24704347736295418 ) ) ;
#1609 = CARTESIAN_POINT ( 'NONE',  ( 19.14999999999999503, -20.30000000000000071, -20.15000000000000213 ) ) ;
#1610 = VERTEX_POINT ( 'NONE', #5481 ) ;
#1611 = ORIENTED_EDGE ( 'NONE', *, *, #2476, .F. ) ;
#1612 = APPROVAL_STATUS ( 'not_yet_approved' ) ;
#1613 = EDGE_LOOP ( 'NONE', ( #3092, #1696, #2461, #3049 ) ) ;
#1614 = CARTESIAN_POINT ( 'NONE',  ( 0.9851039617318800845, -128.0235207475448362, -38.36933322454410700 ) ) ;
#1615 = DIRECTION ( 'NONE',  ( -0.09963023994972232400, 0.000000000000000000, -0.9950245299928845988 ) ) ;
#1616 = CARTESIAN_POINT ( 'NONE',  ( 12.79999999999998828, -17.30000000000002203, 22.15000000000000213 ) ) ;
#1617 = CIRCLE ( 'NONE', #3750, 1.050000000000000488 ) ;
#1618 = CARTESIAN_POINT ( 'NONE',  ( -0.8500000000000044187, -0.8178404338007663199, -29.15000000000000568 ) ) ;
#1619 = AXIS2_PLACEMENT_3D ( 'NONE', #1067, #6264, #3338 ) ;
#1620 = CARTESIAN_POINT ( 'NONE',  ( 10.64999999999996838, -3.299999999999976730, 22.15000000000000213 ) ) ;
#1621 = ORIENTED_EDGE ( 'NONE', *, *, #4372, .F. ) ;
#1622 = CARTESIAN_POINT ( 'NONE',  ( -1.922033306090168869, -88.16957299071403042, 2.841164869960942418 ) ) ;
#1623 = CARTESIAN_POINT ( 'NONE',  ( -10.85000000000000320, -12.64999999999999858, -28.15000000000000213 ) ) ;
#1624 = CARTESIAN_POINT ( 'NONE',  ( -13.90975476960775836, -30.41365106139918595, -2.921050340809152157 ) ) ;
#1625 = CARTESIAN_POINT ( 'NONE',  ( -24.15000000000000213, -24.29999999999999716, 0.000000000000000000 ) ) ;
#1626 = CARTESIAN_POINT ( 'NONE',  ( -5.150326657597027236, -105.3594287330427193, -1.057406078751400802 ) ) ;
#1627 = AXIS2_PLACEMENT_3D ( 'NONE', #6099, #7334, #4530 ) ;
#1628 = CIRCLE ( 'NONE', #3531, 2.149999999999999023 ) ;
#1629 = CARTESIAN_POINT ( 'NONE',  ( -8.636307446866517523, -125.9931168636503287, -16.91711999050636450 ) ) ;
#1630 = LINE ( 'NONE', #3295, #6925 ) ;
#1631 = ORIENTED_EDGE ( 'NONE', *, *, #3646, .F. ) ;
#1632 = CARTESIAN_POINT ( 'NONE',  ( -0.7500000000000011102, -4.649999999999997691, -20.15000000000000213 ) ) ;
#1633 = CARTESIAN_POINT ( 'NONE',  ( -1.866005975876920964, -25.05892512912466685, -24.85237857153689944 ) ) ;
#1634 = VERTEX_POINT ( 'NONE', #1565 ) ;
#1635 = DIRECTION ( 'NONE',  ( -2.595324257062149123E-16, -1.000000000000000000, 0.000000000000000000 ) ) ;
#1636 = AXIS2_PLACEMENT_3D ( 'NONE', #4312, #5448, #376 ) ;
#1637 = CARTESIAN_POINT ( 'NONE',  ( -9.721070001335201383, -92.25574461066200627, -1.589402876797803232 ) ) ;
#1638 = EDGE_CURVE ( 'NONE', #420, #4408, #2957, .T. ) ;
#1639 = CARTESIAN_POINT ( 'NONE',  ( -12.35843308657926976, -112.4608556762898957, -8.847936135964067361 ) ) ;
#1640 = CARTESIAN_POINT ( 'NONE',  ( 0.5855680941793893757, -120.6391012068480677, -2.740165390844602200 ) ) ;
#1641 = LINE ( 'NONE', #3906, #5811 ) ;
#1642 = CARTESIAN_POINT ( 'NONE',  ( 17.64999999999998792, -10.29999999999999005, 15.15000000000000213 ) ) ;
#1643 = ORIENTED_EDGE ( 'NONE', *, *, #3279, .F. ) ;
#1644 = CARTESIAN_POINT ( 'NONE',  ( 8.128686379149741015, -130.4624610475907502, -24.83133286016188990 ) ) ;
#1645 = VERTEX_POINT ( 'NONE', #4310 ) ;
#1646 = DIRECTION ( 'NONE',  ( 2.595324257062149123E-16, 1.000000000000000000, 0.000000000000000000 ) ) ;
#1647 = DIRECTION ( 'NONE',  ( -1.000000000000000000, 0.000000000000000000, 0.000000000000000000 ) ) ;
#1648 = CARTESIAN_POINT ( 'NONE',  ( -1.140212240571234714, -108.0432723713515628, -2.622831366117359231 ) ) ;
#1649 = EDGE_CURVE ( 'NONE', #3675, #2540, #1033, .T. ) ;
#1650 = DIRECTION ( 'NONE',  ( -0.7071067811865457964, 0.000000000000000000, 0.7071067811865492381 ) ) ;
#1651 = CARTESIAN_POINT ( 'NONE',  ( 1.575395784897450913, -122.8691261068933045, -3.236921502940004913 ) ) ;
#1652 = DIRECTION ( 'NONE',  ( 1.000000000000000000, -0.000000000000000000, 0.000000000000000000 ) ) ;
#1653 = ADVANCED_FACE ( 'NONE', ( #2607 ), #6032, .F. ) ;
#1654 = ORIENTED_EDGE ( 'NONE', *, *, #4112, .T. ) ;
#1655 = VERTEX_POINT ( 'NONE', #5410 ) ;
#1656 = CARTESIAN_POINT ( 'NONE',  ( 10.91861978237152009, -138.4623211571866648, -36.32588316934355532 ) ) ;
#1657 = CARTESIAN_POINT ( 'NONE',  ( -24.15000000000000213, -25.30000000000000071, 16.73578643762689921 ) ) ;
#1658 = CARTESIAN_POINT ( 'NONE',  ( -2.850000000000004086, -12.65000000000000036, -29.15000000000000568 ) ) ;
#1659 = CARTESIAN_POINT ( 'NONE',  ( 19.14999999999999503, -20.30000000000000071, 19.14999999999999858 ) ) ;
#1660 = CARTESIAN_POINT ( 'NONE',  ( -6.965342468994940361, -131.4077172548823569, -26.86696851472251879 ) ) ;
#1661 = VERTEX_POINT ( 'NONE', #964 ) ;
#1662 = CARTESIAN_POINT ( 'NONE',  ( -2.246358858831894345, -88.18114452980368867, 2.789569209628278035 ) ) ;
#1663 = CARTESIAN_POINT ( 'NONE',  ( -3.629955958713326325, -31.14047163498421966, -14.94966308864630022 ) ) ;
#1664 = FACE_OUTER_BOUND ( 'NONE', #1996, .T. ) ;
#1665 = CYLINDRICAL_SURFACE ( 'NONE', #4475, 1.000000000000000888 ) ;
#1666 = DIRECTION ( 'NONE',  ( -1.000000000000000000, 0.000000000000000000, 0.000000000000000000 ) ) ;
#1667 = CARTESIAN_POINT ( 'NONE',  ( -8.745386273309987857, -120.7547411486381606, -5.883990710212307462 ) ) ;
#1668 = ORIENTED_EDGE ( 'NONE', *, *, #4456, .T. ) ;
#1669 = DIRECTION ( 'NONE',  ( -6.897508850802412596E-17, -0.000000000000000000, 1.000000000000000000 ) ) ;
#1670 = CARTESIAN_POINT ( 'NONE',  ( 12.79999999999996696, -3.299999999999976730, 22.15000000000000213 ) ) ;
#1671 = ORIENTED_EDGE ( 'NONE', *, *, #2545, .F. ) ;
#1672 = CARTESIAN_POINT ( 'NONE',  ( 3.146476370910900489, -11.93193262840708613, 21.73578643762689566 ) ) ;
#1673 = CARTESIAN_POINT ( 'NONE',  ( -6.762060787533067163, -90.85165144407037019, 0.7861656796496053756 ) ) ;
#1674 = CARTESIAN_POINT ( 'NONE',  ( -6.722859493060477476, -109.0169964220404637, -4.383247451082216806 ) ) ;
#1675 = AXIS2_PLACEMENT_3D ( 'NONE', #6835, #2830, #1762 ) ;
#1676 = CIRCLE ( 'NONE', #4531, 1.000000000000000888 ) ;
#1677 = CARTESIAN_POINT ( 'NONE',  ( -3.927502369457807507, -120.3489435081963279, -3.259583047665453481 ) ) ;
#1678 = CARTESIAN_POINT ( 'NONE',  ( 12.64911064067350743, -118.4824174576203717, -10.49654689181843281 ) ) ;
#1679 = CARTESIAN_POINT ( 'NONE',  ( -1.300639242159361997, -45.51868073377311674, -17.93960373180996370 ) ) ;
#1680 = CIRCLE ( 'NONE', #366, 1.000000000000000888 ) ;
#1681 = EDGE_CURVE ( 'NONE', #507, #3422, #2789, .T. ) ;
#1682 = ORIENTED_EDGE ( 'NONE', *, *, #5533, .T. ) ;
#1683 = EDGE_CURVE ( 'NONE', #3307, #7201, #1735, .T. ) ;
#1684 = CARTESIAN_POINT ( 'NONE',  ( -2.183075172668021757, -91.26686060427145719, 0.2337891251230358181 ) ) ;
#1685 = CARTESIAN_POINT ( 'NONE',  ( 9.953835280606432079, -89.89485214444589189, -1.545754130723614006 ) ) ;
#1686 = CIRCLE ( 'NONE', #4178, 1.050000000000000488 ) ;
#1687 = ORIENTED_EDGE ( 'NONE', *, *, #3909, .T. ) ;
#1688 = CARTESIAN_POINT ( 'NONE',  ( -21.73578643762691698, 4.000000000000000000, -24.15000000000000213 ) ) ;
#1689 = DIRECTION ( 'NONE',  ( 1.000000000000000000, -2.837052972714118621E-16, -7.043516784282456106E-18 ) ) ;
#1690 = FACE_OUTER_BOUND ( 'NONE', #4961, .T. ) ;
#1691 = DIRECTION ( 'NONE',  ( 0.000000000000000000, 0.000000000000000000, 1.000000000000000000 ) ) ;
#1692 = AXIS2_PLACEMENT_3D ( 'NONE', #4040, #1053, #5020 ) ;
#1693 = CARTESIAN_POINT ( 'NONE',  ( 1.146476370910899600, -20.30000000000000782, 20.15000000000000213 ) ) ;
#1694 = AXIS2_PLACEMENT_3D ( 'NONE', #5193, #74, #2936 ) ;
#1695 = ORIENTED_EDGE ( 'NONE', *, *, #1251, .T. ) ;
#1696 = ORIENTED_EDGE ( 'NONE', *, *, #5845, .F. ) ;
#1697 = ADVANCED_FACE ( 'NONE', ( #3864 ), #6111, .T. ) ;
#1698 = VERTEX_POINT ( 'NONE', #7126 ) ;
#1699 = CARTESIAN_POINT ( 'NONE',  ( 4.117485075084342583, -132.5380227293183850, -29.48023320447808615 ) ) ;
#1700 = DIRECTION ( 'NONE',  ( -0.7071067811865483499, 0.000000000000000000, -0.7071067811865466846 ) ) ;
#1701 = CARTESIAN_POINT ( 'NONE',  ( -4.543624451382156870, -118.6082427294930284, -5.120458093441014213 ) ) ;
#1702 = ADVANCED_FACE ( 'NONE', ( #4931 ), #4384, .T. ) ;
#1703 = CARTESIAN_POINT ( 'NONE',  ( -8.652362820112415420, -24.66619283908702087, -25.08262828261409183 ) ) ;
#1704 = ORIENTED_EDGE ( 'NONE', *, *, #906, .F. ) ;
#1705 = ADVANCED_FACE ( 'NONE', ( #3752 ), #6071, .T. ) ;
#1706 = FACE_BOUND ( 'NONE', #5191, .T. ) ;
#1707 = DIRECTION ( 'NONE',  ( 0.000000000000000000, 0.000000000000000000, -1.000000000000000000 ) ) ;
#1708 = DIRECTION ( 'NONE',  ( -0.8660254037844384856, -0.5000000000000002220, 0.000000000000000000 ) ) ;
#1709 = DIRECTION ( 'NONE',  ( -1.000000000000000000, 0.000000000000000000, 0.000000000000000000 ) ) ;
#1710 = FACE_BOUND ( 'NONE', #5549, .T. ) ;
#1711 = DIRECTION ( 'NONE',  ( -1.000000000000000000, 0.000000000000000000, 0.000000000000000000 ) ) ;
#1712 = FACE_BOUND ( 'NONE', #1271, .T. ) ;
#1713 = CARTESIAN_POINT ( 'NONE',  ( -5.823321706457514679, -1.024076225589934719, -28.41453655897491259 ) ) ;
#1714 = VERTEX_POINT ( 'NONE', #5446 ) ;
#1715 = DIRECTION ( 'NONE',  ( 6.897508850802412596E-17, -0.000000000000000000, -1.000000000000000000 ) ) ;
#1716 = DIRECTION ( 'NONE',  ( 0.000000000000000000, 0.1736481776669308585, -0.9848077530122080203 ) ) ;
#1717 = ORIENTED_EDGE ( 'NONE', *, *, #3514, .F. ) ;
#1718 = DIRECTION ( 'NONE',  ( -0.000000000000000000, -0.000000000000000000, 1.000000000000000000 ) ) ;
#1719 = CARTESIAN_POINT ( 'NONE',  ( -2.515578791866017738, -88.19122021882589024, 2.744591051500357093 ) ) ;
#1720 = CARTESIAN_POINT ( 'NONE',  ( -8.821464725650290717, -112.7009755959408750, -6.728490280127506828 ) ) ;
#1721 = CIRCLE ( 'NONE', #6202, 1.000000000000000888 ) ;
#1722 = DIRECTION ( 'NONE',  ( 0.000000000000000000, 1.000000000000000000, 0.000000000000000000 ) ) ;
#1723 = CARTESIAN_POINT ( 'NONE',  ( 3.148127929953737691, -23.05041839177523499, -27.11862275199225891 ) ) ;
#1724 = CARTESIAN_POINT ( 'NONE',  ( 21.73578643762688856, 4.000000000000000000, -24.15000000000000568 ) ) ;
#1725 = VERTEX_POINT ( 'NONE', #3827 ) ;
#1726 = DIRECTION ( 'NONE',  ( -6.897508850802415061E-17, 0.000000000000000000, -1.000000000000000000 ) ) ;
#1727 = CARTESIAN_POINT ( 'NONE',  ( 2.727777117474796231, -90.46095532563369090, 2.323273006148114828 ) ) ;
#1728 = VECTOR ( 'NONE', #5772, 1000.000000000000000 ) ;
#1729 = ORIENTED_EDGE ( 'NONE', *, *, #2720, .F. ) ;
#1730 = CARTESIAN_POINT ( 'NONE',  ( 7.667739069953933395, -109.6852845754006864, -5.119215119120838153 ) ) ;
#1731 = DIRECTION ( 'NONE',  ( -0.8660254037844384856, -0.5000000000000002220, 0.000000000000000000 ) ) ;
#1732 = CARTESIAN_POINT ( 'NONE',  ( 9.624999999999737099, -8.654551732809668607, 23.15000000000000213 ) ) ;
#1733 = ORIENTED_EDGE ( 'NONE', *, *, #746, .F. ) ;
#1734 = ORIENTED_EDGE ( 'NONE', *, *, #583, .F. ) ;
#1735 = CIRCLE ( 'NONE', #5621, 1.049999999999998934 ) ;
#1736 = EDGE_LOOP ( 'NONE', ( #5286, #445, #2726, #5902 ) ) ;
#1737 = CARTESIAN_POINT ( 'NONE',  ( 0.5879051836729235481, -132.9871928147400126, -30.57927837126115378 ) ) ;
#1738 = DIRECTION ( 'NONE',  ( 0.000000000000000000, 0.000000000000000000, 1.000000000000000000 ) ) ;
#1739 = DIRECTION ( 'NONE',  ( -1.000000000000000000, -8.673617379884034486E-16, 0.000000000000000000 ) ) ;
#1740 = ADVANCED_FACE ( 'NONE', ( #7231 ), #5957, .T. ) ;
#1741 = CARTESIAN_POINT ( 'NONE',  ( -8.166325567815835740, -23.41494201155728661, -27.01716022867381284 ) ) ;
#1742 = ORIENTED_EDGE ( 'NONE', *, *, #2916, .F. ) ;
#1743 = CARTESIAN_POINT ( 'NONE',  ( -24.85710678118654471, 2.999999999999999112, -22.44289321881345600 ) ) ;
#1744 = CARTESIAN_POINT ( 'NONE',  ( 18.02959598699050048, -25.29999999999999716, 5.176373590345294318 ) ) ;
#1745 = EDGE_CURVE ( 'NONE', #3422, #4795, #777, .T. ) ;
#1746 = CARTESIAN_POINT ( 'NONE',  ( -6.566570603066615774, -25.29999999999781934, -12.75537950347091076 ) ) ;
#1747 = CYLINDRICAL_SURFACE ( 'NONE', #5022, 1.000000000000000888 ) ;
#1748 = CARTESIAN_POINT ( 'NONE',  ( 13.26187640737044759, -121.6776518954689692, -12.59748559203209695 ) ) ;
#1749 = ADVANCED_FACE ( 'NONE', ( #2047 ), #5672, .T. ) ;
#1750 = AXIS2_PLACEMENT_3D ( 'NONE', #2245, #6196, #2326 ) ;
#1751 = FACE_OUTER_BOUND ( 'NONE', #3198, .T. ) ;
#1752 = CARTESIAN_POINT ( 'NONE',  ( -21.15000000000000213, 3.000000000000000000, 19.14999999999999858 ) ) ;
#1753 = ORIENTED_EDGE ( 'NONE', *, *, #3093, .F. ) ;
#1754 = CARTESIAN_POINT ( 'NONE',  ( -25.15000000000000213, -24.29999999999999716, 25.15000000000000213 ) ) ;
#1755 = EDGE_CURVE ( 'NONE', #1419, #1845, #3735, .T. ) ;
#1756 = CIRCLE ( 'NONE', #6844, 1.050000000000000488 ) ;
#1757 = CARTESIAN_POINT ( 'NONE',  ( -3.808993802678491747, -25.30000000000000071, -24.20072503135041231 ) ) ;
#1758 = CIRCLE ( 'NONE', #5985, 0.9999999999999988898 ) ;
#1759 = CARTESIAN_POINT ( 'NONE',  ( -8.400287274082582911, -110.6975951317270415, -5.920633312962480410 ) ) ;
#1760 = CARTESIAN_POINT ( 'NONE',  ( -11.22946397724376766, -112.8780238069615933, -6.767699666539940040 ) ) ;
#1761 = CARTESIAN_POINT ( 'NONE',  ( 24.14999999999998792, 4.000000000000000000, 21.73578643762691343 ) ) ;
#1762 = DIRECTION ( 'NONE',  ( 1.000000000000000000, 0.000000000000000000, 0.000000000000000000 ) ) ;
#1763 = DIRECTION ( 'NONE',  ( 6.897508850802415061E-17, -0.000000000000000000, 1.000000000000000000 ) ) ;
#1764 = AXIS2_PLACEMENT_3D ( 'NONE', #1450, #4276, #6529 ) ;
#1765 = ORIENTED_EDGE ( 'NONE', *, *, #785, .T. ) ;
#1766 = CARTESIAN_POINT ( 'NONE',  ( -8.750000000000001776, -12.64999999999999858, -28.15000000000000213 ) ) ;
#1767 = CARTESIAN_POINT ( 'NONE',  ( 3.018247265378982469, -88.20827321282247624, 2.662307229841471834 ) ) ;
#1768 = VERTEX_POINT ( 'NONE', #4501 ) ;
#1769 = CARTESIAN_POINT ( 'NONE',  ( 6.199999999999997513, -12.65000000000000391, -28.15000000000000213 ) ) ;
#1770 = DIRECTION ( 'NONE',  ( -0.000000000000000000, 1.000000000000000000, -0.000000000000000000 ) ) ;
#1771 = VECTOR ( 'NONE', #5653, 1000.000000000000000 ) ;
#1772 = CARTESIAN_POINT ( 'NONE',  ( 8.499999999999969802, -3.299999999999976286, 22.15000000000000213 ) ) ;
#1773 = ORIENTED_EDGE ( 'NONE', *, *, #5795, .T. ) ;
#1774 = VERTEX_POINT ( 'NONE', #2317 ) ;
#1775 = ORIENTED_EDGE ( 'NONE', *, *, #3010, .F. ) ;
#1776 = ORIENTED_EDGE ( 'NONE', *, *, #1141, .T. ) ;
#1777 = CARTESIAN_POINT ( 'NONE',  ( -4.949632741803327463, -139.6683901260525715, -39.75658459138408318 ) ) ;
#1778 = DIRECTION ( 'NONE',  ( 0.000000000000000000, 0.000000000000000000, 1.000000000000000000 ) ) ;
#1779 = CARTESIAN_POINT ( 'NONE',  ( -4.046272736704479733, -118.7349775985522626, -4.994730190164307970 ) ) ;
#1780 = CARTESIAN_POINT ( 'NONE',  ( 4.321908869877407966, -107.3565854408680877, -1.071142870311413642 ) ) ;
#1781 = ORIENTED_EDGE ( 'NONE', *, *, #6153, .F. ) ;
#1782 = CARTESIAN_POINT ( 'NONE',  ( 0.1499999999999958589, -1.031049961377747737, -28.15000000000000568 ) ) ;
#1783 = DIRECTION ( 'NONE',  ( -0.7071067811865495711, 0.000000000000000000, -0.7071067811865454633 ) ) ;
#1784 = ADVANCED_FACE ( 'NONE', ( #4620 ), #2749, .T. ) ;
#1785 = CARTESIAN_POINT ( 'NONE',  ( -3.629955958713499964, -29.45952836501783523, 12.86932880613145613 ) ) ;
#1786 = CARTESIAN_POINT ( 'NONE',  ( 0.000000000000000000, 0.000000000000000000, 23.15000000000000213 ) ) ;
#1787 = CARTESIAN_POINT ( 'NONE',  ( 10.71144706151193127, -47.36941159144797098, -13.22619953612874433 ) ) ;
#1788 = CARTESIAN_POINT ( 'NONE',  ( -5.727064476163179485, -25.30000000000000071, -24.15000000000000568 ) ) ;
#1789 = CIRCLE ( 'NONE', #1902, 2.100000000000000977 ) ;
#1790 = CARTESIAN_POINT ( 'NONE',  ( 12.64911064067350743, -118.4824174576203717, -10.49654689181843281 ) ) ;
#1791 = ORIENTED_EDGE ( 'NONE', *, *, #5188, .F. ) ;
#1792 = CARTESIAN_POINT ( 'NONE',  ( 3.286263624007171646, -22.96957867243219908, -25.38455827623361216 ) ) ;
#1793 = ADVANCED_FACE ( 'NONE', ( #1156 ), #4582, .F. ) ;
#1794 = CYLINDRICAL_SURFACE ( 'NONE', #1619, 2.099999999999996980 ) ;
#1795 = CARTESIAN_POINT ( 'NONE',  ( -5.180580390834052196, -108.4645829090024023, -3.554327266532474994 ) ) ;
#1796 = CARTESIAN_POINT ( 'NONE',  ( -7.094458424092437987, -109.2313854257334640, -4.644259563113372735 ) ) ;
#1797 = EDGE_CURVE ( 'NONE', #3588, #6240, #7167, .T. ) ;
#1798 = CARTESIAN_POINT ( 'NONE',  ( -13.26187640737054707, -121.6776518954689408, -12.59748559203216445 ) ) ;
#1799 = ADVANCED_FACE ( 'NONE', ( #40 ), #4025, .T. ) ;
#1800 = CARTESIAN_POINT ( 'NONE',  ( -3.241614236049803921, -127.9544130826854058, -38.04705101618390728 ) ) ;
#1801 = ORIENTED_EDGE ( 'NONE', *, *, #6218, .F. ) ;
#1802 = CARTESIAN_POINT ( 'NONE',  ( -21.73578643762688856, -24.29999999999999716, 19.14999999999999858 ) ) ;
#1803 = CARTESIAN_POINT ( 'NONE',  ( 5.873002277530649629, -91.85072284926270925, -0.9218115815184571016 ) ) ;
#1804 = ORIENTED_EDGE ( 'NONE', *, *, #3775, .T. ) ;
#1805 = CARTESIAN_POINT ( 'NONE',  ( -7.109975119306673363, -100.4805672216660639, -3.111484382426725759 ) ) ;
#1806 = CYLINDRICAL_SURFACE ( 'NONE', #4575, 1.600000000000002531 ) ;
#1807 = CARTESIAN_POINT ( 'NONE',  ( -4.732837734108753303, -25.04149814801372642, -24.84201957685830564 ) ) ;
#1808 = VERTEX_POINT ( 'NONE', #3986 ) ;
#1809 = CIRCLE ( 'NONE', #363, 1.000000000000000888 ) ;
#1810 = EDGE_LOOP ( 'NONE', ( #4663, #5327 ) ) ;
#1811 = ORIENTED_EDGE ( 'NONE', *, *, #1144, .T. ) ;
#1812 = CARTESIAN_POINT ( 'NONE',  ( -1.702674753825024423, -128.0056781665977610, -38.28591849661380309 ) ) ;
#1813 = CARTESIAN_POINT ( 'NONE',  ( -25.15000000000000213, 2.999999999999999112, -21.73578643762690987 ) ) ;
#1814 = CARTESIAN_POINT ( 'NONE',  ( -2.850000000000003642, -12.65000000000000036, -29.15000000000000568 ) ) ;
#1815 = VECTOR ( 'NONE', #4303, 1000.000000000000000 ) ;
#1816 = CARTESIAN_POINT ( 'NONE',  ( 8.947754042652501738, -108.4893105383775804, -3.794478503775356337 ) ) ;
#1817 = ORIENTED_EDGE ( 'NONE', *, *, #5274, .T. ) ;
#1818 = CARTESIAN_POINT ( 'NONE',  ( 3.249999999999996003, -12.65000000000000036, -29.15000000000000568 ) ) ;
#1819 = CARTESIAN_POINT ( 'NONE',  ( 13.76266352127586678, -25.29999999999999361, 2.732278476450145988 ) ) ;
#1820 = CARTESIAN_POINT ( 'NONE',  ( 12.42701647423005085, -118.2901004574796815, -10.17811502418565084 ) ) ;
#1821 = FACE_OUTER_BOUND ( 'NONE', #4484, .T. ) ;
#1822 = CARTESIAN_POINT ( 'NONE',  ( -5.850000000000003197, -0.2278448321482832162, -25.54458102109314055 ) ) ;
#1823 = CARTESIAN_POINT ( 'NONE',  ( -1.800000000000001155, -4.649999999999999467, -0.1500000000000043798 ) ) ;
#1824 = CARTESIAN_POINT ( 'NONE',  ( -6.141779238073417524, -105.3554299026269945, -1.494893592941797245 ) ) ;
#1825 = CARTESIAN_POINT ( 'NONE',  ( 2.146476370910896936, -24.29999999999999716, 20.15000000000000213 ) ) ;
#1826 = CARTESIAN_POINT ( 'NONE',  ( 2.478248612607510282, -23.40897361314703673, -27.01929295353029303 ) ) ;
#1827 = CARTESIAN_POINT ( 'NONE',  ( 3.856854249492380760, -6.993145750507620662, -0.1500000000000043798 ) ) ;
#1828 = CARTESIAN_POINT ( 'NONE',  ( -8.797680877317732850, -112.3377355391242247, -6.636600671388040773 ) ) ;
#1829 = CARTESIAN_POINT ( 'NONE',  ( -1.860753911353240753, -107.2605912997418329, -0.5127910498529911765 ) ) ;
#1830 = EDGE_CURVE ( 'NONE', #1594, #6924, #6874, .T. ) ;
#1831 = CARTESIAN_POINT ( 'NONE',  ( -12.35177045064032875, -113.1179597694659975, -8.951106130217413082 ) ) ;
#1832 = CARTESIAN_POINT ( 'NONE',  ( 7.249999999999992895, -12.65000000000000036, -28.15000000000000213 ) ) ;
#1833 = ORIENTED_EDGE ( 'NONE', *, *, #540, .T. ) ;
#1834 = FACE_OUTER_BOUND ( 'NONE', #6548, .T. ) ;
#1835 = CARTESIAN_POINT ( 'NONE',  ( 10.06187240519470372, -100.2349335582670733, -3.309816806627497332 ) ) ;
#1836 = VERTEX_POINT ( 'NONE', #1798 ) ;
#1837 = CARTESIAN_POINT ( 'NONE',  ( -1.658406440915262348, -106.0516825381337611, -0.2735554928552491605 ) ) ;
#1838 = CARTESIAN_POINT ( 'NONE',  ( 0.6944709766091964331, -88.13973296516793710, 2.977099946411255971 ) ) ;
#1839 = EDGE_CURVE ( 'NONE', #7275, #194, #3384, .T. ) ;
#1840 = TOROIDAL_SURFACE ( 'NONE', #2775, 2.000000000000000000, 1.000000000000000000 ) ;
#1841 = CARTESIAN_POINT ( 'NONE',  ( -3.266140317505874968, -24.65006918476272091, -26.07798839992216600 ) ) ;
#1842 = ORIENTED_EDGE ( 'NONE', *, *, #6871, .F. ) ;
#1843 = AXIS2_PLACEMENT_3D ( 'NONE', #1125, #6766, #1573 ) ;
#1844 = AXIS2_PLACEMENT_3D ( 'NONE', #1363, #4119, #1929 ) ;
#1845 = VERTEX_POINT ( 'NONE', #1761 ) ;
#1846 = CARTESIAN_POINT ( 'NONE',  ( -2.064900712852688613, -132.8871369879440181, -30.33156581139580155 ) ) ;
#1847 = PLANE ( 'NONE',  #7236 ) ;
#1848 = DIRECTION ( 'NONE',  ( 0.7071067811865446862, 0.000000000000000000, -0.7071067811865504593 ) ) ;
#1849 = CARTESIAN_POINT ( 'NONE',  ( 10.34719949749244883, -109.8105401382913158, -5.280803017967206969 ) ) ;
#1850 = AXIS2_PLACEMENT_3D ( 'NONE', #7149, #2074, #7076 ) ;
#1851 = ORIENTED_EDGE ( 'NONE', *, *, #6299, .T. ) ;
#1852 = FACE_BOUND ( 'NONE', #1472, .T. ) ;
#1853 = CARTESIAN_POINT ( 'NONE',  ( 3.629955958713190434, -29.45952836501565386, 12.86932880613189134 ) ) ;
#1854 = CARTESIAN_POINT ( 'NONE',  ( -4.511019217459879549, -29.47610355599641352, 12.59501550135647463 ) ) ;
#1855 = EDGE_LOOP ( 'NONE', ( #5664, #3809, #6399, #5463 ) ) ;
#1856 = DIRECTION ( 'NONE',  ( 0.000000000000000000, 0.000000000000000000, 1.000000000000000000 ) ) ;
#1857 = CARTESIAN_POINT ( 'NONE',  ( 11.10875974171203318, -47.56941510741102519, -12.76109151709630218 ) ) ;
#1858 = LINE ( 'NONE', #4121, #584 ) ;
#1859 = CARTESIAN_POINT ( 'NONE',  ( -10.85000000000000320, -12.64999999999999858, -28.15000000000000213 ) ) ;
#1860 = CARTESIAN_POINT ( 'NONE',  ( -12.71014770011871420, -57.11804693779645703, 0.1916042513241991985 ) ) ;
#1861 = FACE_OUTER_BOUND ( 'NONE', #5715, .T. ) ;
#1862 = DIRECTION ( 'NONE',  ( 0.000000000000000000, 1.000000000000000000, 0.000000000000000000 ) ) ;
#1863 = CYLINDRICAL_SURFACE ( 'NONE', #1253, 1.000000000000000888 ) ;
#1864 = CARTESIAN_POINT ( 'NONE',  ( -8.223602234550199341, -118.8489824254213261, -5.077826079885407573 ) ) ;
#1865 = VECTOR ( 'NONE', #1492, 1000.000000000000000 ) ;
#1866 = AXIS2_PLACEMENT_3D ( 'NONE', #5982, #2664, #1966 ) ;
#1867 = LINE ( 'NONE', #4096, #2571 ) ;
#1868 = CIRCLE ( 'NONE', #5762, 2.149999999999999023 ) ;
#1869 = ORIENTED_EDGE ( 'NONE', *, *, #1933, .T. ) ;
#1870 = ADVANCED_FACE ( 'NONE', ( #6268 ), #963, .T. ) ;
#1871 = CARTESIAN_POINT ( 'NONE',  ( -8.504931899237512027, -98.33909861248056927, -3.849242887598059770 ) ) ;
#1872 = CARTESIAN_POINT ( 'NONE',  ( 11.89919076734975789, -99.34384674441959362, -5.721864951715183167 ) ) ;
#1873 = EDGE_CURVE ( 'NONE', #1768, #2849, #4203, .T. ) ;
#1874 = CARTESIAN_POINT ( 'NONE',  ( 0.4623983873245728349, -102.3374155272756667, -1.568476096412511289 ) ) ;
#1875 = CARTESIAN_POINT ( 'NONE',  ( 7.426693497117776488, -88.80685646282240953, 0.6989452522391451650 ) ) ;
#1876 = CIRCLE ( 'NONE', #5989, 1.000000000000000000 ) ;
#1877 = APPROVAL ( #5936, '未指定' ) ;
#1878 = CARTESIAN_POINT ( 'NONE',  ( 5.560689933284016284, -24.29999999999999716, 24.15000000000000213 ) ) ;
#1879 = CIRCLE ( 'NONE', #5652, 2.100000000000000533 ) ;
#1880 = ORIENTED_EDGE ( 'NONE', *, *, #1882, .T. ) ;
#1881 = ORIENTED_EDGE ( 'NONE', *, *, #369, .F. ) ;
#1882 = EDGE_CURVE ( 'NONE', #2520, #3666, #1969, .T. ) ;
#1883 = CARTESIAN_POINT ( 'NONE',  ( -10.97904935255856351, -126.9882595403745995, -33.79238003489732733 ) ) ;
#1884 = CARTESIAN_POINT ( 'NONE',  ( -10.85000000000000142, -12.64999999999999858, -0.1500000000000042966 ) ) ;
#1885 = FACE_OUTER_BOUND ( 'NONE', #3659, .T. ) ;
#1886 = AXIS2_PLACEMENT_3D ( 'NONE', #1347, #6424, #752 ) ;
#1887 = EDGE_CURVE ( 'NONE', #790, #276, #1372, .T. ) ;
#1888 = CARTESIAN_POINT ( 'NONE',  ( 8.715423905229441104, -108.3574994930364426, -3.589080303197052402 ) ) ;
#1889 = ORIENTED_EDGE ( 'NONE', *, *, #2350, .T. ) ;
#1890 = EDGE_LOOP ( 'NONE', ( #1791, #5306, #3067, #1995 ) ) ;
#1891 = CARTESIAN_POINT ( 'NONE',  ( 20.14999999999999503, -20.30000000000000071, 19.14999999999999858 ) ) ;
#1892 = CARTESIAN_POINT ( 'NONE',  ( -24.15000000000000213, -24.29999999999999716, 16.73578643762689566 ) ) ;
#1893 = CARTESIAN_POINT ( 'NONE',  ( -4.926368801111004281, -25.29999999999999361, 17.63588030951482821 ) ) ;
#1894 = ORIENTED_EDGE ( 'NONE', *, *, #5512, .F. ) ;
#1895 = CARTESIAN_POINT ( 'NONE',  ( -22.44289321881346311, -24.29999999999999716, -24.85710678118654471 ) ) ;
#1896 = CARTESIAN_POINT ( 'NONE',  ( -5.850000000000003197, -0.7530185710125592013, -26.13893772208628974 ) ) ;
#1897 = LINE ( 'NONE', #6441, #2768 ) ;
#1898 = ORIENTED_EDGE ( 'NONE', *, *, #2764, .F. ) ;
#1899 = CARTESIAN_POINT ( 'NONE',  ( -6.653624306218642351E-14, -133.5870345628694906, -31.43757743468777477 ) ) ;
#1900 = DIRECTION ( 'NONE',  ( 1.000000000000000000, 0.000000000000000000, 0.000000000000000000 ) ) ;
#1901 = CARTESIAN_POINT ( 'NONE',  ( -0.4525439914900125093, -25.30000000000000071, -24.15000000905286726 ) ) ;
#1902 = AXIS2_PLACEMENT_3D ( 'NONE', #505, #3451, #2151 ) ;
#1903 = DIRECTION ( 'NONE',  ( -6.897508850802412596E-17, 0.000000000000000000, 1.000000000000000000 ) ) ;
#1904 = CARTESIAN_POINT ( 'NONE',  ( -3.412163917378724154, -118.8619780238150554, -4.863292766342609319 ) ) ;
#1905 = DIRECTION ( 'NONE',  ( -0.7071067811865491270, 0.000000000000000000, -0.7071067811865459074 ) ) ;
#1906 = ORIENTED_EDGE ( 'NONE', *, *, #5805, .F. ) ;
#1907 = CARTESIAN_POINT ( 'NONE',  ( 0.1499999999999956368, 2.999999999999999112, -25.15000000000000568 ) ) ;
#1908 = CARTESIAN_POINT ( 'NONE',  ( 10.76805918778767079, -98.80271405919835104, -3.775439483999627921 ) ) ;
#1909 = CARTESIAN_POINT ( 'NONE',  ( 27.99999999999993250, -31.16824088833464756, -15.40923400202533600 ) ) ;
#1910 = EDGE_CURVE ( 'NONE', #6856, #3999, #4447, .T. ) ;
#1911 = CARTESIAN_POINT ( 'NONE',  ( -20.15000000000000213, -20.30000000000000071, 20.15000000000000213 ) ) ;
#1912 = ORIENTED_EDGE ( 'NONE', *, *, #5528, .F. ) ;
#1913 = VERTEX_POINT ( 'NONE', #5882 ) ;
#1914 = CARTESIAN_POINT ( 'NONE',  ( -9.022393001152739345, -127.3794042857018241, -35.45911904526928282 ) ) ;
#1915 = FACE_OUTER_BOUND ( 'NONE', #6755, .T. ) ;
#1916 = CARTESIAN_POINT ( 'NONE',  ( -0.8500000000000047518, 2.000000000000000000, -28.15000000000000568 ) ) ;
#1917 = VECTOR ( 'NONE', #1552, 1000.000000000000000 ) ;
#1918 = EDGE_CURVE ( 'NONE', #1698, #3638, #3027, .T. ) ;
#1919 = CARTESIAN_POINT ( 'NONE',  ( 6.111467728831110335, -107.5605125276823344, -1.843539367762325298 ) ) ;
#1920 = CIRCLE ( 'NONE', #4865, 4.000000000000000888 ) ;
#1921 = ORIENTED_EDGE ( 'NONE', *, *, #5035, .F. ) ;
#1922 = ORIENTED_EDGE ( 'NONE', *, *, #3514, .T. ) ;
#1923 = CIRCLE ( 'NONE', #2982, 1.000000000000000888 ) ;
#1924 = APPROVAL_ROLE ( '' ) ;
#1925 = CARTESIAN_POINT ( 'NONE',  ( 12.20585267840868937, -25.30000000000438831, -7.234472243482127141 ) ) ;
#1926 = CARTESIAN_POINT ( 'NONE',  ( -3.817934427864277058, -25.29999999999998650, 13.55498103609668625 ) ) ;
#1927 = ORIENTED_EDGE ( 'NONE', *, *, #1043, .F. ) ;
#1928 = EDGE_CURVE ( 'NONE', #1011, #1490, #188, .T. ) ;
#1929 = DIRECTION ( 'NONE',  ( 1.000000000000000000, 0.000000000000000000, 0.000000000000000000 ) ) ;
#1930 = CARTESIAN_POINT ( 'NONE',  ( 12.73292887715616928, -48.72305213922043521, -10.23219235501716184 ) ) ;
#1931 = AXIS2_PLACEMENT_3D ( 'NONE', #6830, #2153, #4452 ) ;
#1932 = VECTOR ( 'NONE', #23, 1000.000000000000227 ) ;
#1933 = EDGE_CURVE ( 'NONE', #5992, #7243, #2457, .T. ) ;
#1935 = ORIENTED_EDGE ( 'NONE', *, *, #3820, .F. ) ;
#1934 = CARTESIAN_POINT ( 'NONE',  ( 24.85710678118654116, 2.999999999999999112, 22.44289321881344534 ) ) ;
#1936 = CARTESIAN_POINT ( 'NONE',  ( 3.481166783582635649, -22.85134905290603413, -27.14999999411284293 ) ) ;
#1937 = DIRECTION ( 'NONE',  ( -2.812538085595988450E-16, -0.9848077530122080203, -0.1736481776669306920 ) ) ;
#1938 = ORIENTED_EDGE ( 'NONE', *, *, #4157, .T. ) ;
#1939 = DIRECTION ( 'NONE',  ( 1.000000000000000000, 0.000000000000000000, -6.897508850802415061E-17 ) ) ;
#1940 = CARTESIAN_POINT ( 'NONE',  ( -10.62155119000466819, -118.9123038210885142, -7.398841290580853602 ) ) ;
#1941 = FACE_OUTER_BOUND ( 'NONE', #2502, .T. ) ;
#1942 = EDGE_LOOP ( 'NONE', ( #6036, #1988, #4781, #165 ) ) ;
#1943 = CARTESIAN_POINT ( 'NONE',  ( 12.28851022294916540, -97.35425135543319186, -6.051952272772162189 ) ) ;
#1944 = CARTESIAN_POINT ( 'NONE',  ( -3.142840681148711734, -103.6418767923866397, -0.1087288110856760720 ) ) ;
#1945 = DIRECTION ( 'NONE',  ( 1.000000000000000000, 0.000000000000000000, 0.000000000000000000 ) ) ;
#1946 = CIRCLE ( 'NONE', #4681, 5.099999999999998757 ) ;
#1947 = DIRECTION ( 'NONE',  ( 1.000000000000000000, -0.000000000000000000, 6.897508850802412596E-17 ) ) ;
#1948 = ORIENTED_EDGE ( 'NONE', *, *, #463, .T. ) ;
#1949 = EDGE_LOOP ( 'NONE', ( #4399, #300, #3418, #2179 ) ) ;
#1950 = CARTESIAN_POINT ( 'NONE',  ( -15.42207136591685845, -128.9325425891767054, -15.66480055384398185 ) ) ;
#1951 = DIRECTION ( 'NONE',  ( -0.000000000000000000, -0.000000000000000000, -1.000000000000000000 ) ) ;
#1952 = SPHERICAL_SURFACE ( 'NONE', #3213, 1.000000000000000000 ) ;
#1953 = CARTESIAN_POINT ( 'NONE',  ( 9.938406385878025162, -119.7770187952626486, -6.782641989476869249 ) ) ;
#1954 = ORIENTED_EDGE ( 'NONE', *, *, #4229, .F. ) ;
#1955 = AXIS2_PLACEMENT_3D ( 'NONE', #4884, #946, #4725 ) ;
#1956 = EDGE_LOOP ( 'NONE', ( #6497, #816, #3773, #3208 ) ) ;
#1957 = CARTESIAN_POINT ( 'NONE',  ( 4.926368801110966977, -25.29999999999999361, -19.71621459202927795 ) ) ;
#1958 = CARTESIAN_POINT ( 'NONE',  ( 16.35955562653647632, -134.7821715840423735, -26.95678163435926677 ) ) ;
#1959 = FACE_OUTER_BOUND ( 'NONE', #6953, .T. ) ;
#1960 = ADVANCED_FACE ( 'NONE', ( #154 ), #1863, .T. ) ;
#1961 = APPLICATION_CONTEXT ( 'configuration controlled 3d designs of mechanical parts and assemblies' ) ;
#1963 = ORIENTED_EDGE ( 'NONE', *, *, #3558, .T. ) ;
#1962 = CARTESIAN_POINT ( 'NONE',  ( 0.1499999999999957756, -1.031049961377747737, -29.15000000000000568 ) ) ;
#1964 = PRODUCT_DEFINITION ( '未知', '', #3457, #1531 ) ;
#1965 = CARTESIAN_POINT ( 'NONE',  ( -8.031105286075357341, -104.3993948725104843, -2.444488115869928091 ) ) ;
#1966 = DIRECTION ( 'NONE',  ( 0.000000000000000000, 0.000000000000000000, -1.000000000000000000 ) ) ;
#1967 = ORIENTED_EDGE ( 'NONE', *, *, #3875, .F. ) ;
#1968 = ADVANCED_FACE ( 'NONE', ( #6416 ), #5301, .F. ) ;
#1969 = LINE ( 'NONE', #3080, #4331 ) ;
#1970 = CARTESIAN_POINT ( 'NONE',  ( -8.811825878103526577, -113.5135628502585945, -6.860401667428251749 ) ) ;
#1971 = EDGE_CURVE ( 'NONE', #4795, #3132, #7015, .T. ) ;
#1972 = LINE ( 'NONE', #6026, #4662 ) ;
#1973 = DIRECTION ( 'NONE',  ( 0.000000000000000000, -1.000000000000000000, 0.000000000000000000 ) ) ;
#1974 = ORIENTED_EDGE ( 'NONE', *, *, #1133, .F. ) ;
#1975 = CARTESIAN_POINT ( 'NONE',  ( 9.924705020949314616, -92.43305216802967550, -1.803716717711685957 ) ) ;
#1976 = CARTESIAN_POINT ( 'NONE',  ( -11.16778312658875194, -101.2062566989355759, -4.966035143471125402 ) ) ;
#1977 = FACE_OUTER_BOUND ( 'NONE', #6152, .T. ) ;
#1978 = AXIS2_PLACEMENT_3D ( 'NONE', #2090, #3832, #1646 ) ;
#1979 = DIRECTION ( 'NONE',  ( 0.000000000000000000, 1.000000000000000000, 0.000000000000000000 ) ) ;
#1980 = VERTEX_POINT ( 'NONE', #6450 ) ;
#1981 = ORIENTED_EDGE ( 'NONE', *, *, #4515, .T. ) ;
#1982 = VECTOR ( 'NONE', #4508, 1000.000000000000000 ) ;
#1983 = CARTESIAN_POINT ( 'NONE',  ( -16.77902127480784245, -132.7888755086573553, -22.62589341774339857 ) ) ;
#1984 = AXIS2_PLACEMENT_3D ( 'NONE', #3940, #6831, #1716 ) ;
#1985 = DIRECTION ( 'NONE',  ( -0.000000000000000000, -0.000000000000000000, -1.000000000000000000 ) ) ;
#1986 = CARTESIAN_POINT ( 'NONE',  ( 2.146476370910904485, 3.000000000000000444, 20.14999999999999858 ) ) ;
#1987 = CARTESIAN_POINT ( 'NONE',  ( 8.561319834926289118, -114.9658135513830217, -6.839498275961790164 ) ) ;
#1988 = ORIENTED_EDGE ( 'NONE', *, *, #2391, .F. ) ;
#1989 = VERTEX_POINT ( 'NONE', #3639 ) ;
#1990 = CARTESIAN_POINT ( 'NONE',  ( 11.58980604540272275, -25.29999999999999361, -16.38026254582522157 ) ) ;
#1991 = CARTESIAN_POINT ( 'NONE',  ( 8.338573823507298144, -125.2010407011743780, -15.74251412518250604 ) ) ;
#1992 = AXIS2_PLACEMENT_3D ( 'NONE', #4933, #6754, #2935 ) ;
#1993 = LINE ( 'NONE', #7213, #5155 ) ;
#1995 = ORIENTED_EDGE ( 'NONE', *, *, #1453, .T. ) ;
#1994 = CARTESIAN_POINT ( 'NONE',  ( 14.93002856930068134, -125.3400772297794958, -27.50845073318897605 ) ) ;
#1996 = EDGE_LOOP ( 'NONE', ( #6515, #6990, #2285, #2583 ) ) ;
#1997 = EDGE_CURVE ( 'NONE', #4588, #2172, #4388, .T. ) ;
#1998 = CARTESIAN_POINT ( 'NONE',  ( -9.209964273707804239, -103.5896760662179474, -3.252135363159453618 ) ) ;
#1999 = CARTESIAN_POINT ( 'NONE',  ( -21.73578643762689211, 2.999999999999999112, 19.14999999999999858 ) ) ;
#2000 = CARTESIAN_POINT ( 'NONE',  ( 0.000000000000000000, -24.29999999999999716, 19.14999999999999858 ) ) ;
#2001 = CARTESIAN_POINT ( 'NONE',  ( -6.372370497659043348E-14, -127.9065132967537579, -6.065709585725522324 ) ) ;
#2002 = ADVANCED_FACE ( 'NONE', ( #2112, #3114, #4375, #1406 ), #3671, .T. ) ;
#2003 = DIRECTION ( 'NONE',  ( -1.000000000000000000, 0.000000000000000000, 0.000000000000000000 ) ) ;
#2004 = CARTESIAN_POINT ( 'NONE',  ( 3.146476370910899156, -25.29999999999999716, 19.14999999999999858 ) ) ;
#2005 = VERTEX_POINT ( 'NONE', #4885 ) ;
#2006 = CARTESIAN_POINT ( 'NONE',  ( -8.839213004876201651, -23.05563753265484550, -27.11769468881837142 ) ) ;
#2007 = ADVANCED_FACE ( 'NONE', ( #5912 ), #7222, .T. ) ;
#2008 = CARTESIAN_POINT ( 'NONE',  ( -7.586822277906978940, -100.0003440389649256, -3.352385215090963211 ) ) ;
#2009 = CARTESIAN_POINT ( 'NONE',  ( 9.588367619248424845, -103.2869338433247037, -3.532335009020433514 ) ) ;
#2010 = ADVANCED_FACE ( 'NONE', ( #3259 ), #5365, .F. ) ;
#2011 = CIRCLE ( 'NONE', #4152, 1.000000000000000888 ) ;
#2012 = DIRECTION ( 'NONE',  ( 8.673617379884026597E-16, 1.000000000000000000, -0.000000000000000000 ) ) ;
#2013 = ORIENTED_EDGE ( 'NONE', *, *, #583, .T. ) ;
#2014 = ORIENTED_EDGE ( 'NONE', *, *, #3010, .T. ) ;
#2015 = CARTESIAN_POINT ( 'NONE',  ( -14.13187650101660786, -127.1111260616563499, -13.06738688473842203 ) ) ;
#2016 = DIRECTION ( 'NONE',  ( 0.000000000000000000, 0.000000000000000000, 1.000000000000000000 ) ) ;
#2017 = CARTESIAN_POINT ( 'NONE',  ( 8.477037524187979400, -115.2383589581067582, -6.800775653280377142 ) ) ;
#2018 = CARTESIAN_POINT ( 'NONE',  ( 7.098861702992292244, -117.3287481801210106, -6.067961470284574332 ) ) ;
#2019 = VERTEX_POINT ( 'NONE', #5399 ) ;
#2020 = ORIENTED_EDGE ( 'NONE', *, *, #1251, .F. ) ;
#2021 = FACE_BOUND ( 'NONE', #772, .T. ) ;
#2022 = AXIS2_PLACEMENT_3D ( 'NONE', #4008, #6252, #1176 ) ;
#2023 = CARTESIAN_POINT ( 'NONE',  ( 12.14964238609936054, -30.73511950653610469, -8.241234685805544302 ) ) ;
#2024 = EDGE_LOOP ( 'NONE', ( #6192, #4474, #2888, #3830 ) ) ;
#2025 = CARTESIAN_POINT ( 'NONE',  ( 7.998000542900011389, -124.5275358462263142, -14.81551604842313274 ) ) ;
#2026 = DIRECTION ( 'NONE',  ( 0.000000000000000000, 1.000000000000000000, -0.000000000000000000 ) ) ;
#2027 = AXIS2_PLACEMENT_3D ( 'NONE', #7310, #2791, #2238 ) ;
#2028 = CIRCLE ( 'NONE', #6166, 0.9999999999999988898 ) ;
#2029 = AXIS2_PLACEMENT_3D ( 'NONE', #6582, #6473, #1396 ) ;
#2031 = ORIENTED_EDGE ( 'NONE', *, *, #3093, .T. ) ;
#2030 = CARTESIAN_POINT ( 'NONE',  ( 15.39863227136214618, -124.8988693651429003, -26.00499802336771182 ) ) ;
#2032 = ORIENTED_EDGE ( 'NONE', *, *, #6299, .F. ) ;
#2033 = DIRECTION ( 'NONE',  ( 0.000000000000000000, -1.000000000000000000, -0.000000000000000000 ) ) ;
#2034 = DIRECTION ( 'NONE',  ( 6.897508850802415061E-17, -0.000000000000000000, 1.000000000000000000 ) ) ;
#2035 = CARTESIAN_POINT ( 'NONE',  ( -21.73578643762689211, 3.000000000000000000, 20.15000000000000213 ) ) ;
#2036 = AXIS2_PLACEMENT_3D ( 'NONE', #3585, #1286, #3550 ) ;
#2037 = CARTESIAN_POINT ( 'NONE',  ( 8.501697107803913411, -94.17673664083655183, -3.112027372451574792 ) ) ;
#2038 = VECTOR ( 'NONE', #137, 1000.000000000000000 ) ;
#2039 = CARTESIAN_POINT ( 'NONE',  ( -3.900000000000004352, -4.649999999999999467, -28.15000000000000213 ) ) ;
#2040 = LINE ( 'NONE', #330, #1815 ) ;
#2041 = CARTESIAN_POINT ( 'NONE',  ( 2.351368744171541625, -24.90998979015542858, 20.74021525347858841 ) ) ;
#2042 = EDGE_LOOP ( 'NONE', ( #1115, #1091, #6688, #2590 ) ) ;
#2043 = CARTESIAN_POINT ( 'NONE',  ( 7.117117095365815160, -104.8420779367440474, -1.934064362248715252 ) ) ;
#2044 = CARTESIAN_POINT ( 'NONE',  ( -10.58774359992957237, -93.35864003011892009, -2.621133437154974377 ) ) ;
#2045 = ADVANCED_FACE ( 'NONE', ( #3816 ), #5986, .T. ) ;
#2046 = CARTESIAN_POINT ( 'NONE',  ( 11.48242367873852920, -100.5400400428950576, -5.288945485308430783 ) ) ;
#2047 = FACE_OUTER_BOUND ( 'NONE', #3992, .T. ) ;
#2048 = CARTESIAN_POINT ( 'NONE',  ( 8.368708922564207953, -121.0018592614327133, -5.632690545083270273 ) ) ;
#2049 = DIRECTION ( 'NONE',  ( -1.000000000000000000, 0.000000000000000000, 0.000000000000000000 ) ) ;
#2050 = EDGE_CURVE ( 'NONE', #2566, #4252, #6144, .T. ) ;
#2051 = ORIENTED_EDGE ( 'NONE', *, *, #2391, .T. ) ;
#2052 = CARTESIAN_POINT ( 'NONE',  ( -11.83771123373928091, -124.3810003956768924, -9.777501063544892901 ) ) ;
#2053 = PLANE ( 'NONE',  #6231 ) ;
#2054 = FACE_OUTER_BOUND ( 'NONE', #3791, .T. ) ;
#2055 = CARTESIAN_POINT ( 'NONE',  ( 8.698409636116844368, -111.6810081388029374, -6.407727348197439277 ) ) ;
#2056 = EDGE_CURVE ( 'NONE', #1980, #4333, #5905, .T. ) ;
#2057 = CARTESIAN_POINT ( 'NONE',  ( 7.117117095367025748, -121.6584321043115438, -4.899241319140834605 ) ) ;
#2058 = CARTESIAN_POINT ( 'NONE',  ( -4.769091494707497603, -25.03986916509019167, -24.84254625510643777 ) ) ;
#2059 = EDGE_CURVE ( 'NONE', #4517, #254, #1789, .T. ) ;
#2060 = VERTEX_POINT ( 'NONE', #1024 ) ;
#2061 = CYLINDRICAL_SURFACE ( 'NONE', #2029, 0.9999999999999988898 ) ;
#2062 = EDGE_LOOP ( 'NONE', ( #2872, #6261 ) ) ;
#2063 = CARTESIAN_POINT ( 'NONE',  ( 16.42494492539264428, -131.0454358606198468, -19.26341122737163047 ) ) ;
#2064 = DIRECTION ( 'NONE',  ( 0.000000000000000000, 0.000000000000000000, 1.000000000000000000 ) ) ;
#2065 = VECTOR ( 'NONE', #3593, 1000.000000000000000 ) ;
#2067 = EDGE_LOOP ( 'NONE', ( #35, #4880, #1775, #3110 ) ) ;
#2066 = CARTESIAN_POINT ( 'NONE',  ( 3.224080166701703831, -127.9516465621945969, -38.03430187907823523 ) ) ;
#2068 = ORIENTED_EDGE ( 'NONE', *, *, #5977, .T. ) ;
#2069 = DIRECTION ( 'NONE',  ( 1.000000000000000000, 0.000000000000000000, 0.000000000000000000 ) ) ;
#2070 = VECTOR ( 'NONE', #6279, 1000.000000000000000 ) ;
#2071 = CARTESIAN_POINT ( 'NONE',  ( 37.99999999999994316, -25.29999999999999716, -20.33327276708643083 ) ) ;
#2072 = VECTOR ( 'NONE', #2214, 1000.000000000000000 ) ;
#2073 = DIRECTION ( 'NONE',  ( 0.000000000000000000, 0.000000000000000000, -1.000000000000000000 ) ) ;
#2074 = DIRECTION ( 'NONE',  ( 1.000000000000000000, -2.837052972714118621E-16, -7.043516784282456106E-18 ) ) ;
#2075 = CARTESIAN_POINT ( 'NONE',  ( 1.974903495657088337, -25.29999999999999716, 19.73578643762690632 ) ) ;
#2076 = AXIS2_PLACEMENT_3D ( 'NONE', #3195, #3712, #997 ) ;
#2077 = LINE ( 'NONE', #3781, #24 ) ;
#2078 = FACE_OUTER_BOUND ( 'NONE', #5025, .T. ) ;
#2079 = VERTEX_POINT ( 'NONE', #1588 ) ;
#2080 = CARTESIAN_POINT ( 'NONE',  ( 2.265359729632551389, -103.7394101611889141, 0.06709793974050988485 ) ) ;
#2081 = CARTESIAN_POINT ( 'NONE',  ( -8.279880300176333918, -98.90985196606908403, -3.731317470623499943 ) ) ;
#2082 = CARTESIAN_POINT ( 'NONE',  ( 12.07175937397432364, -98.63943889331278569, -5.888813572141207153 ) ) ;
#2083 = CARTESIAN_POINT ( 'NONE',  ( -2.850000000000004086, -12.65000000000000036, -29.15000000000000568 ) ) ;
#2084 = CYLINDRICAL_SURFACE ( 'NONE', #4601, 1.000000000000000000 ) ;
#2085 = FACE_OUTER_BOUND ( 'NONE', #4731, .T. ) ;
#2086 = ADVANCED_FACE ( 'NONE', ( #2187, #6743, #1712, #4448, #7258, #2776, #5031 ), #4532, .T. ) ;
#2087 = ORIENTED_EDGE ( 'NONE', *, *, #654, .T. ) ;
#2088 = EDGE_CURVE ( 'NONE', #1913, #2438, #5675, .T. ) ;
#2089 = CARTESIAN_POINT ( 'NONE',  ( -3.207714318850051427, -91.34550341086008984, 0.03964356730955198582 ) ) ;
#2090 = CARTESIAN_POINT ( 'NONE',  ( 2.146476370910900489, -11.93193262840708613, -17.06810879488232757 ) ) ;
#2091 = DIRECTION ( 'NONE',  ( -0.000000000000000000, -1.000000000000000000, -0.000000000000000000 ) ) ;
#2092 = CARTESIAN_POINT ( 'NONE',  ( 8.682307481133245020, -114.4855366737151314, -6.884404085945668328 ) ) ;
#2093 = AXIS2_PLACEMENT_3D ( 'NONE', #2204, #7203, #2127 ) ;
#2094 = CARTESIAN_POINT ( 'NONE',  ( 4.631527122705103139, -120.2223253333906570, -3.463319674128488845 ) ) ;
#2095 = CARTESIAN_POINT ( 'NONE',  ( 5.560689933284018061, -25.30000000000000071, 24.15000000000000213 ) ) ;
#2096 = ORIENTED_EDGE ( 'NONE', *, *, #4984, .F. ) ;
#2097 = ADVANCED_FACE ( 'NONE', ( #2738 ), #6139, .F. ) ;
#2098 = PERSON_AND_ORGANIZATION_ROLE ( 'classification_officer' ) ;
#2099 = AXIS2_PLACEMENT_3D ( 'NONE', #4787, #1973, #6455 ) ;
#2100 = CARTESIAN_POINT ( 'NONE',  ( -11.50987184801554442, -126.8532017789868149, -33.23485287954821388 ) ) ;
#2101 = VERTEX_POINT ( 'NONE', #1103 ) ;
#2102 = CARTESIAN_POINT ( 'NONE',  ( 8.640153370629978014, -129.6883808149629829, -23.27172418297474721 ) ) ;
#2103 = CARTESIAN_POINT ( 'NONE',  ( 1.125282703498168058, -119.1191724259138880, -4.574741448697384527 ) ) ;
#2104 = EDGE_CURVE ( 'NONE', #6924, #5115, #2966, .T. ) ;
#2105 = AXIS2_PLACEMENT_3D ( 'NONE', #5379, #7273, #5047 ) ;
#2106 = CARTESIAN_POINT ( 'NONE',  ( 6.311770913160920315, -127.7323927286032870, -37.02778016478576006 ) ) ;
#2107 = ORIENTED_EDGE ( 'NONE', *, *, #1244, .T. ) ;
#2108 = VECTOR ( 'NONE', #2468, 1000.000000000000000 ) ;
#2109 = CARTESIAN_POINT ( 'NONE',  ( -10.57901207294406376, -102.1511336699195027, -4.394716531586287722 ) ) ;
#2110 = DIRECTION ( 'NONE',  ( -1.495322236003252987E-15, 0.000000000000000000, -1.000000000000000000 ) ) ;
#2111 = CARTESIAN_POINT ( 'NONE',  ( 0.7068542494923784059, -6.993145750507620662, -20.15000000000000213 ) ) ;
#2112 = FACE_BOUND ( 'NONE', #3484, .T. ) ;
#2113 = CIRCLE ( 'NONE', #5655, 2.500000000000000444 ) ;
#2114 = DIRECTION ( 'NONE',  ( 1.000000000000000000, 0.000000000000000000, 0.000000000000000000 ) ) ;
#2115 = CARTESIAN_POINT ( 'NONE',  ( 12.77543975705749801, -119.6831521470164716, -10.98535697288259350 ) ) ;
#2116 = CARTESIAN_POINT ( 'NONE',  ( 2.146476370910897824, -24.30000000000000071, 20.14999999999999858 ) ) ;
#2117 = ORIENTED_EDGE ( 'NONE', *, *, #4265, .T. ) ;
#2118 = CARTESIAN_POINT ( 'NONE',  ( 5.840777581242728722, -101.2990081518120746, -2.572825652292934695 ) ) ;
#2119 = CARTESIAN_POINT ( 'NONE',  ( -8.706259770557323918, -94.91277961176560041, -3.459918323661587802 ) ) ;
#2120 = CARTESIAN_POINT ( 'NONE',  ( 5.834507100787544864, -105.3089555915466775, -1.343653488496950210 ) ) ;
#2121 = DIRECTION ( 'NONE',  ( 0.000000000000000000, 0.000000000000000000, 1.000000000000000000 ) ) ;
#2122 = DIRECTION ( 'NONE',  ( -6.897508850802416293E-17, -0.000000000000000000, -1.000000000000000000 ) ) ;
#2123 = CARTESIAN_POINT ( 'NONE',  ( -7.868016940868719722, -46.38288535637405374, -15.63907305637754064 ) ) ;
#2124 = B_SPLINE_CURVE_WITH_KNOTS ( 'NONE', 3,
 ( #1533, #5931, #2129, #3834, #3240, #858, #3127, #932, #5490, #5381, #7169, #304, #7135, #2684, #2543, #3202, #4833, #7094, #2017, #4283, #2092, #6536, #6648, #6081, #1572, #2055, #5418, #5966, #5350, #273, #3166, #10, #1730, #5129, #4510, #4974, #7278, #1042, #2206, #602, #486, #7239, #2168, #526, #3994, #6278, #5561, #3433, #2756, #1648 ),
 .UNSPECIFIED., .F., .F.,
 ( 4, 2, 2, 2, 2, 2, 2, 2, 2, 2, 2, 2, 2, 2, 2, 2, 2, 2, 2, 2, 2, 2, 2, 2, 4 ),
 ( 0.001126196351421702166, 0.002701609217360456672, 0.004277022083299211394, 0.005852434949237966116, 0.006640141382207335671, 0.007427847815176705226, 0.008215554248146076516, 0.009003260681115446071, 0.009790967114084817360, 0.01057867354705418692, 0.01136637998002355647, 0.01215408641299292776, 0.01372949927893162524, 0.01451720571190097744, 0.01530491214487032618, 0.01609261857783967492, 0.01688032501080902539, 0.01766803144377837934, 0.01845573787674772634, 0.01924344430971707681, 0.02003115074268642382, 0.02160656360862512476, 0.02318197647456382571, 0.02475738934050253012, 0.02633280220644123107 ),
 .UNSPECIFIED. ) ;
#2125 = ORIENTED_EDGE ( 'NONE', *, *, #3778, .T. ) ;
#2126 = CARTESIAN_POINT ( 'NONE',  ( 1.453156321082438085, -132.9363620511101374, -30.45327646240667363 ) ) ;
#2127 = DIRECTION ( 'NONE',  ( 0.000000000000000000, 0.000000000000000000, -1.000000000000000000 ) ) ;
#2128 = DIRECTION ( 'NONE',  ( 0.000000000000000000, 0.000000000000000000, -1.000000000000000000 ) ) ;
#2129 = CARTESIAN_POINT ( 'NONE',  ( 2.167134483671791401, -119.0453714870433117, -4.662115095559828504 ) ) ;
#2130 = ADVANCED_FACE ( 'NONE', ( #2226 ), #6702, .T. ) ;
#2131 = AXIS2_PLACEMENT_3D ( 'NONE', #6181, #5700, #1666 ) ;
#2132 = DIRECTION ( 'NONE',  ( 1.000000000000000000, 0.000000000000000000, 0.000000000000000000 ) ) ;
#2133 = CARTESIAN_POINT ( 'NONE',  ( 10.64999999999996838, -3.299999999999976730, 25.15000000000000213 ) ) ;
#2134 = ORIENTED_EDGE ( 'NONE', *, *, #7220, .T. ) ;
#2135 = CALENDAR_DATE ( 2026, 3, 6 ) ;
#2136 = CARTESIAN_POINT ( 'NONE',  ( -8.450273927832508747, -127.4685460248870470, -35.84976853078347858 ) ) ;
#2137 = VERTEX_POINT ( 'NONE', #1629 ) ;
#2138 = CARTESIAN_POINT ( 'NONE',  ( 3.653296278712511835, -132.6415050101368536, -29.73071652107804397 ) ) ;
#2139 = CARTESIAN_POINT ( 'NONE',  ( -0.5272785798675905244, -105.5273790771595941, -0.1049123455629517171 ) ) ;
#2140 = ADVANCED_FACE ( 'NONE', ( #543 ), #3895, .F. ) ;
#2141 = DIRECTION ( 'NONE',  ( -6.897508850802415061E-17, 0.000000000000000000, -1.000000000000000000 ) ) ;
#2142 = CARTESIAN_POINT ( 'NONE',  ( -3.247735407870329105, -132.7128031206495393, -29.90444031122726187 ) ) ;
#2143 = ORIENTED_EDGE ( 'NONE', *, *, #5395, .T. ) ;
#2144 = DIRECTION ( 'NONE',  ( -0.000000000000000000, -1.000000000000000000, -0.000000000000000000 ) ) ;
#2145 = EDGE_CURVE ( 'NONE', #790, #4723, #3974, .T. ) ;
#2146 = CARTESIAN_POINT ( 'NONE',  ( -4.092112087109041330E-14, -25.29999999999999361, -20.33327276708637754 ) ) ;
#2147 = ORIENTED_EDGE ( 'NONE', *, *, #6223, .T. ) ;
#2148 = CARTESIAN_POINT ( 'NONE',  ( 9.174999999999736033, -10.30000000000010019, 25.15000000000000213 ) ) ;
#2149 = AXIS2_PLACEMENT_3D ( 'NONE', #6858, #2303, #5693 ) ;
#2150 = EDGE_CURVE ( 'NONE', #1127, #674, #4962, .T. ) ;
#2151 = DIRECTION ( 'NONE',  ( 1.000000000000000000, 0.000000000000000000, 0.000000000000000000 ) ) ;
#2152 = AXIS2_PLACEMENT_3D ( 'NONE', #5349, #5965, #7093 ) ;
#2153 = DIRECTION ( 'NONE',  ( 0.000000000000000000, 1.000000000000000000, 0.000000000000000000 ) ) ;
#2154 = CARTESIAN_POINT ( 'NONE',  ( 1.556261117432310881, -24.90998979015556358, 19.94510762673926507 ) ) ;
#2155 = AXIS2_PLACEMENT_3D ( 'NONE', #1892, #764, #6367 ) ;
#2156 = EDGE_LOOP ( 'NONE', ( #4450, #2993, #6588, #7245 ) ) ;
#2157 = CARTESIAN_POINT ( 'NONE',  ( 5.960437389116973961, -105.2760187251201813, -1.389151987433045354 ) ) ;
#2158 = B_SPLINE_CURVE_WITH_KNOTS ( 'NONE', 3,
 ( #7137, #1090, #2058, #4323, #3764, #6008, #973, #4942, #3469, #676 ),
 .UNSPECIFIED., .F., .F.,
 ( 4, 2, 2, 2, 4 ),
 ( 0.000000000000000000, 0.001440170630759454598, 0.002880341261518910498, 0.004320511892278365747, 0.005760682523037821863 ),
 .UNSPECIFIED. ) ;
#2159 = CARTESIAN_POINT ( 'NONE',  ( -20.15000000000000213, 2.999999999999999112, -19.14999999999999858 ) ) ;
#2160 = CARTESIAN_POINT ( 'NONE',  ( 12.35729839431905042, -95.55488934916390065, -5.864796797496968139 ) ) ;
#2161 = CIRCLE ( 'NONE', #488, 3.300000000000000711 ) ;
#2162 = CARTESIAN_POINT ( 'NONE',  ( 1.575395784897450246, -122.8691261068932903, -3.236921502940011131 ) ) ;
#2163 = CARTESIAN_POINT ( 'NONE',  ( 17.64999999999998792, -10.29999999999999005, 20.15000000000000213 ) ) ;
#2164 = ORIENTED_EDGE ( 'NONE', *, *, #1332, .F. ) ;
#2165 = LINE ( 'NONE', #1039, #6242 ) ;
#2166 = LINE ( 'NONE', #484, #3873 ) ;
#2167 = DIRECTION ( 'NONE',  ( -0.7071067811865491270, -0.000000000000000000, -0.7071067811865459074 ) ) ;
#2168 = CARTESIAN_POINT ( 'NONE',  ( 4.033754777266036484, -108.2584633897127873, -3.143947357097788942 ) ) ;
#2169 = B_SPLINE_CURVE_WITH_KNOTS ( 'NONE', 3,
 ( #2347, #625, #5698, #5030, #2855, #2737, #7293, #32, #4446, #2308 ),
 .UNSPECIFIED., .F., .F.,
 ( 4, 2, 2, 2, 4 ),
 ( 0.000000000000000000, 0.001438995104995010287, 0.002877990209990019272, 0.004316985314985028258, 0.005755980419980037677 ),
 .UNSPECIFIED. ) ;
#2170 = LINE ( 'NONE', #6649, #4688 ) ;
#2171 = ORIENTED_EDGE ( 'NONE', *, *, #1681, .F. ) ;
#2172 = VERTEX_POINT ( 'NONE', #6100 ) ;
#2173 = ORIENTED_EDGE ( 'NONE', *, *, #5768, .T. ) ;
#2174 = CARTESIAN_POINT ( 'NONE',  ( 1.423031078322459786, -139.9086618215994804, -40.46011193438031484 ) ) ;
#2175 = DIRECTION ( 'NONE',  ( 1.000000000000000000, 0.000000000000000000, 0.000000000000000000 ) ) ;
#2176 = CARTESIAN_POINT ( 'NONE',  ( 9.599999999999967670, -3.299999999999976730, 15.15000000000000213 ) ) ;
#2177 = DIRECTION ( 'NONE',  ( 0.000000000000000000, 0.000000000000000000, 1.000000000000000000 ) ) ;
#2178 = CARTESIAN_POINT ( 'NONE',  ( -4.348650471351337643, -132.4768523071846573, -29.33389149036251808 ) ) ;
#2179 = ORIENTED_EDGE ( 'NONE', *, *, #3234, .T. ) ;
#2180 = AXIS2_PLACEMENT_3D ( 'NONE', #941, #1508, #2555 ) ;
#2181 = FACE_OUTER_BOUND ( 'NONE', #808, .T. ) ;
#2182 = ADVANCED_FACE ( 'NONE', ( #1751, #4014 ), #7335, .T. ) ;
#2183 = CARTESIAN_POINT ( 'NONE',  ( 5.560689933284010067, -24.29999999999999716, 25.15000000000000213 ) ) ;
#2184 = DIRECTION ( 'NONE',  ( 0.000000000000000000, -1.000000000000000000, 0.000000000000000000 ) ) ;
#2185 = DIRECTION ( 'NONE',  ( 0.000000000000000000, 1.000000000000000000, 0.000000000000000000 ) ) ;
#2186 = CIRCLE ( 'NONE', #4320, 13.99999999999999645 ) ;
#2187 = FACE_BOUND ( 'NONE', #3227, .T. ) ;
#2188 = CARTESIAN_POINT ( 'NONE',  ( -4.850000000000002309, -0.8178404338007646546, -29.15000000000000568 ) ) ;
#2189 = ORIENTED_EDGE ( 'NONE', *, *, #6998, .F. ) ;
#2190 = CARTESIAN_POINT ( 'NONE',  ( 10.87499999999973355, -10.30000000000010019, 25.94999999999999929 ) ) ;
#2191 = AXIS2_PLACEMENT_3D ( 'NONE', #7255, #2184, #4445 ) ;
#2192 = EDGE_CURVE ( 'NONE', #2882, #3124, #3191, .T. ) ;
#2193 = CARTESIAN_POINT ( 'NONE',  ( -4.788538613426873702, -25.29999999999956728, -24.57980658118826511 ) ) ;
#2194 = ORIENTED_EDGE ( 'NONE', *, *, #5125, .F. ) ;
#2195 = DIRECTION ( 'NONE',  ( 0.000000000000000000, -1.000000000000000000, 0.000000000000000000 ) ) ;
#2196 = CARTESIAN_POINT ( 'NONE',  ( -5.973852584127512522, -105.3264794654132714, -1.404522833660906134 ) ) ;
#2197 = ADVANCED_FACE ( 'NONE', ( #3294 ), #5544, .T. ) ;
#2198 = CARTESIAN_POINT ( 'NONE',  ( 0.6473869353339388732, -122.9302263898344023, -3.140979138165717721 ) ) ;
#2199 = CARTESIAN_POINT ( 'NONE',  ( 1.146476370910899600, -20.30000000000000071, 20.15000000000000213 ) ) ;
#2200 = DIRECTION ( 'NONE',  ( 1.000000000000000000, 0.000000000000000000, -6.897508850802415061E-17 ) ) ;
#2201 = ORIENTED_EDGE ( 'NONE', *, *, #2456, .F. ) ;
#2202 = CARTESIAN_POINT ( 'NONE',  ( -2.850000000000003642, -4.649999999999999467, -28.15000000000000213 ) ) ;
#2203 = EDGE_LOOP ( 'NONE', ( #7296, #5124, #1049, #2639 ) ) ;
#2204 = CARTESIAN_POINT ( 'NONE',  ( -21.73578643762691343, -24.29999999999999716, -24.15000000000000568 ) ) ;
#2205 = LINE ( 'NONE', #3352, #5572 ) ;
#2206 = CARTESIAN_POINT ( 'NONE',  ( 5.929025197029038630, -108.6863844698038548, -3.916309606530493870 ) ) ;
#2207 = CARTESIAN_POINT ( 'NONE',  ( 24.14999999999999147, 2.999999999999999112, 21.73578643762689921 ) ) ;
#2208 = B_SPLINE_CURVE_WITH_KNOTS ( 'NONE', 3,
 ( #3637, #2424, #256, #7043, #4783 ),
 .UNSPECIFIED., .F., .F.,
 ( 4, 1, 4 ),
 ( 0.03766236137202384066, 0.03846304554178455598, 0.03926372971154527131 ),
 .UNSPECIFIED. ) ;
#2209 = CARTESIAN_POINT ( 'NONE',  ( 21.73578643762688856, -24.29999999999999716, -25.15000000000000568 ) ) ;
#2210 = CARTESIAN_POINT ( 'NONE',  ( -8.506854249492382891, -6.993145750507616221, -20.15000000000000213 ) ) ;
#2211 = ORIENTED_EDGE ( 'NONE', *, *, #6061, .F. ) ;
#2212 =( BOUNDED_SURFACE ( )  B_SPLINE_SURFACE ( 3, 2, ( 
 ( #5297, #2352, #4748 ),
 ( #1936, #4199, #4615 ),
 ( #6869, #1792, #6904 ),
 ( #1826, #2414, #4674 ),
 ( #6821, #4605, #4115 ),
 ( #728, #6892, #2378 ),
 ( #5214, #5181, #2342 ),
 ( #695, #4077, #3485 ) ),
 .UNSPECIFIED., .F., .F., .T. ) 
 B_SPLINE_SURFACE_WITH_KNOTS ( ( 4, 2, 2, 4 ),
 ( 3, 3 ),
 ( 0.000000000000000000, 0.001344430020463361665, 0.002688860040926723330, 0.005377720081853446660 ),
 ( 0.000000000000000000, 1.000000000000000000 ),
 .UNSPECIFIED. ) 
 GEOMETRIC_REPRESENTATION_ITEM ( )  RATIONAL_B_SPLINE_SURFACE ( (
 ( 1.000000000000000000, 0.7071067811865480168, 1.000000000000000000),
 ( 1.000000000000000000, 0.7317793163479173746, 1.000000000000000000),
 ( 1.000000000000000000, 0.7546349732217664252, 1.000000000000000000),
 ( 1.000000000000000000, 0.7966946127130719590, 1.000000000000000000),
 ( 1.000000000000000000, 0.8159002985788467166, 1.000000000000000000),
 ( 1.000000000000000000, 0.8679434845722974190, 1.000000000000000000),
 ( 1.000000000000000000, 0.8948878950892066308, 1.000000000000000000),
 ( 1.000000000000000000, 0.9135467392810265874, 1.000000000000000000) ) ) 
 REPRESENTATION_ITEM ( '' )  SURFACE ( )  );
#2213 = CARTESIAN_POINT ( 'NONE',  ( 13.56432754010519837, -137.3838880788542554, -33.39981386105382910 ) ) ;
#2214 = DIRECTION ( 'NONE',  ( 0.7071067811865491270, -0.000000000000000000, 0.7071067811865459074 ) ) ;
#2215 = DIRECTION ( 'NONE',  ( 0.7071067811865446862, 0.000000000000000000, -0.7071067811865504593 ) ) ;
#2216 = AXIS2_PLACEMENT_3D ( 'NONE', #2870, #2243, #6801 ) ;
#2217 = CARTESIAN_POINT ( 'NONE',  ( -6.779267210236536556, -24.01353850784705912, -26.71050869297688024 ) ) ;
#2218 = AXIS2_PLACEMENT_3D ( 'NONE', #4238, #2395, #4131 ) ;
#2219 = CARTESIAN_POINT ( 'NONE',  ( -8.800827210632778730, -126.4521443493774342, -17.60429113482913621 ) ) ;
#2220 = ORIENTED_EDGE ( 'NONE', *, *, #4691, .T. ) ;
#2221 = CIRCLE ( 'NONE', #7304, 9.999999999999994671 ) ;
#2222 = CARTESIAN_POINT ( 'NONE',  ( 12.47499999999973674, -13.59089653438097045, 23.15000000000000213 ) ) ;
#2223 = DIRECTION ( 'NONE',  ( 1.000000000000000000, 0.000000000000000000, 0.000000000000000000 ) ) ;
#2224 = CARTESIAN_POINT ( 'NONE',  ( 25.14999999999999147, 2.999999999999999112, 21.73578643762689921 ) ) ;
#2225 = AXIS2_PLACEMENT_3D ( 'NONE', #1198, #638, #6912 ) ;
#2226 = FACE_OUTER_BOUND ( 'NONE', #5128, .T. ) ;
#2227 = ADVANCED_FACE ( 'NONE', ( #2965 ), #4644, .T. ) ;
#2228 = AXIS2_PLACEMENT_3D ( 'NONE', #3650, #237, #1349 ) ;
#2229 = DIRECTION ( 'NONE',  ( 0.000000000000000000, 0.000000000000000000, 1.000000000000000000 ) ) ;
#2230 = ORIENTED_EDGE ( 'NONE', *, *, #3595, .F. ) ;
#2231 = DIRECTION ( 'NONE',  ( 1.000000000000000000, 0.000000000000000000, 0.000000000000000000 ) ) ;
#2232 = ORIENTED_EDGE ( 'NONE', *, *, #775, .T. ) ;
#2233 = CARTESIAN_POINT ( 'NONE',  ( 10.64999999999998970, -17.30000000000002203, 22.15000000000000213 ) ) ;
#2234 = AXIS2_PLACEMENT_3D ( 'NONE', #6174, #617, #1096 ) ;
#2235 = PLANE ( 'NONE',  #4181 ) ;
#2236 = CARTESIAN_POINT ( 'NONE',  ( -10.19790537060610980, -109.6023066030818853, -5.096843775867104576 ) ) ;
#2237 = EDGE_CURVE ( 'NONE', #5873, #1774, #2385, .T. ) ;
#2238 = DIRECTION ( 'NONE',  ( -6.897508850802418758E-17, 0.000000000000000000, -1.000000000000000000 ) ) ;
#2239 = CYLINDRICAL_SURFACE ( 'NONE', #1992, 5.099999999999998757 ) ;
#2240 = EDGE_CURVE ( 'NONE', #7096, #7090, #2384, .T. ) ;
#2241 = ORIENTED_EDGE ( 'NONE', *, *, #3105, .F. ) ;
#2242 = CARTESIAN_POINT ( 'NONE',  ( 19.79999999999998650, -10.29999999999999005, 25.15000000000000213 ) ) ;
#2243 = DIRECTION ( 'NONE',  ( 6.897508850802415061E-17, -0.000000000000000000, 1.000000000000000000 ) ) ;
#2244 = ORIENTED_EDGE ( 'NONE', *, *, #596, .F. ) ;
#2245 = CARTESIAN_POINT ( 'NONE',  ( -2.850000000000003642, -12.65000000000000036, -26.65000000000000568 ) ) ;
#2246 = DIRECTION ( 'NONE',  ( 0.7071067811865467956, 8.673617379884035472E-16, -0.7071067811865484609 ) ) ;
#2247 = CARTESIAN_POINT ( 'NONE',  ( -4.507543420889923880, -24.54217126910188185, -26.18427706354859197 ) ) ;
#2248 = LINE ( 'NONE', #2948, #2493 ) ;
#2249 = EDGE_CURVE ( 'NONE', #3150, #4750, #6297, .T. ) ;
#2250 = CYLINDRICAL_SURFACE ( 'NONE', #873, 1.600000000000002531 ) ;
#2251 = ORIENTED_EDGE ( 'NONE', *, *, #1638, .T. ) ;
#2252 = EDGE_LOOP ( 'NONE', ( #6409, #3653, #6738, #4829 ) ) ;
#2253 = CARTESIAN_POINT ( 'NONE',  ( 12.15449935876407395, -138.0203754309378041, -35.11142168793745100 ) ) ;
#2254 = DIRECTION ( 'NONE',  ( -6.897508850802416293E-17, -0.000000000000000000, -1.000000000000000000 ) ) ;
#2255 = DIRECTION ( 'NONE',  ( 0.000000000000000000, 0.000000000000000000, 1.000000000000000000 ) ) ;
#2256 = CIRCLE ( 'NONE', #118, 0.9999999999999988898 ) ;
#2257 = CARTESIAN_POINT ( 'NONE',  ( -9.504735922941025095, -22.63571428571428612, -25.15000000000000568 ) ) ;
#2258 = ORIENTED_EDGE ( 'NONE', *, *, #5178, .T. ) ;
#2259 = CARTESIAN_POINT ( 'NONE',  ( 0.1499999999999956368, -1.031049961377747515, -28.41710407860026777 ) ) ;
#2260 = CARTESIAN_POINT ( 'NONE',  ( -12.33154137536250516, -96.88698005841978045, -6.048669358439494381 ) ) ;
#2261 = CARTESIAN_POINT ( 'NONE',  ( -10.05408767217377175, -25.29999999999999005, -10.11924515125432222 ) ) ;
#2262 = DIRECTION ( 'NONE',  ( 0.000000000000000000, 0.000000000000000000, -1.000000000000000000 ) ) ;
#2263 = DIRECTION ( 'NONE',  ( 0.000000000000000000, 0.000000000000000000, -1.000000000000000000 ) ) ;
#2264 = DIRECTION ( 'NONE',  ( 0.000000000000000000, 0.000000000000000000, 1.000000000000000000 ) ) ;
#2265 = CARTESIAN_POINT ( 'NONE',  ( -7.154705234540585934, -121.6387169161059632, -4.921642807563967992 ) ) ;
#2266 = ORIENTED_EDGE ( 'NONE', *, *, #4701, .F. ) ;
#2267 = CYLINDRICAL_SURFACE ( 'NONE', #3813, 1.000000000000000888 ) ;
#2268 = FACE_OUTER_BOUND ( 'NONE', #5162, .T. ) ;
#2269 = AXIS2_PLACEMENT_3D ( 'NONE', #2926, #4524, #6781 ) ;
#2270 = VERTEX_POINT ( 'NONE', #3490 ) ;
#2271 = DIRECTION ( 'NONE',  ( 6.897508850802415061E-17, -0.000000000000000000, 1.000000000000000000 ) ) ;
#2272 = CARTESIAN_POINT ( 'NONE',  ( -9.143779941887174800, -91.79762933086266230, -1.010107901260353547 ) ) ;
#2273 = CARTESIAN_POINT ( 'NONE',  ( -5.382028253007588248, -107.4606000548002527, -1.499490497760399554 ) ) ;
#2274 = TOROIDAL_SURFACE ( 'NONE', #3211, 4.099999999999999645, 1.000000000000000000 ) ;
#2275 = VECTOR ( 'NONE', #1532, 1000.000000000000000 ) ;
#2276 = CARTESIAN_POINT ( 'NONE',  ( 24.14999999999999147, 3.000000000000000000, -21.73578643762691343 ) ) ;
#2277 = CARTESIAN_POINT ( 'NONE',  ( 9.174999999999736033, -10.30000000000010019, 25.94999999999999929 ) ) ;
#2278 = AXIS2_PLACEMENT_3D ( 'NONE', #169, #3062, #2410 ) ;
#2279 = CYLINDRICAL_SURFACE ( 'NONE', #7240, 12.00000000000000178 ) ;
#2280 = VERTEX_POINT ( 'NONE', #5739 ) ;
#2281 = EDGE_CURVE ( 'NONE', #7314, #2780, #1260, .T. ) ;
#2282 = CARTESIAN_POINT ( 'NONE',  ( -6.580771462494652724, -100.8823979283050249, -2.868967405783738656 ) ) ;
#2283 = FACE_OUTER_BOUND ( 'NONE', #4773, .T. ) ;
#2284 = TOROIDAL_SURFACE ( 'NONE', #3108, 6.000000000000000000, 10.00000000000000000 ) ;
#2285 = ORIENTED_EDGE ( 'NONE', *, *, #5628, .T. ) ;
#2286 = DIRECTION ( 'NONE',  ( 0.000000000000000000, 0.000000000000000000, 1.000000000000000000 ) ) ;
#2287 = SPHERICAL_SURFACE ( 'NONE', #6374, 1.000000000000000000 ) ;
#2288 = FACE_OUTER_BOUND ( 'NONE', #6885, .T. ) ;
#2289 = CIRCLE ( 'NONE', #6419, 1.000000000000001332 ) ;
#2290 = EDGE_CURVE ( 'NONE', #4710, #1509, #6373, .T. ) ;
#2291 = CARTESIAN_POINT ( 'NONE',  ( -24.85710678118654471, 2.999999999999999112, 17.44289321881345600 ) ) ;
#2292 = ORIENTED_EDGE ( 'NONE', *, *, #4698, .F. ) ;
#2293 = EDGE_LOOP ( 'NONE', ( #2051, #6054 ) ) ;
#2294 = VERTEX_POINT ( 'NONE', #1222 ) ;
#2295 = VERTEX_POINT ( 'NONE', #5221 ) ;
#2296 = EDGE_CURVE ( 'NONE', #2744, #1069, #3313, .T. ) ;
#2297 = CARTESIAN_POINT ( 'NONE',  ( 1.115603750612319756, -132.9645416508435574, -30.52291203072962844 ) ) ;
#2298 = DIRECTION ( 'NONE',  ( 0.000000000000000000, 0.000000000000000000, -1.000000000000000000 ) ) ;
#2299 = DIRECTION ( 'NONE',  ( 1.000000000000000000, 0.000000000000000000, 0.000000000000000000 ) ) ;
#2300 = EDGE_CURVE ( 'NONE', #1845, #4514, #1858, .T. ) ;
#2301 = CARTESIAN_POINT ( 'NONE',  ( -8.979455439534413941, -22.97372303129937521, -25.38675909092079053 ) ) ;
#2302 = ORIENTED_EDGE ( 'NONE', *, *, #6454, .F. ) ;
#2303 = DIRECTION ( 'NONE',  ( -0.000000000000000000, -0.000000000000000000, 1.000000000000000000 ) ) ;
#2304 = CARTESIAN_POINT ( 'NONE',  ( -5.964195463976602163, -88.50451151791490645, 1.574848225647982769 ) ) ;
#2305 = CARTESIAN_POINT ( 'NONE',  ( 3.146476370910897380, -25.30000000000000071, 19.14999999999999858 ) ) ;
#2306 = CARTESIAN_POINT ( 'NONE',  ( -4.511019217460129127, -31.12389644400129640, -14.67534978387041633 ) ) ;
#2307 = DIRECTION ( 'NONE',  ( -0.000000000000000000, -0.000000000000000000, 1.000000000000000000 ) ) ;
#2308 = CARTESIAN_POINT ( 'NONE',  ( 0.02706447616317258359, -25.30000000000000071, -24.15000000000000568 ) ) ;
#2309 = CARTESIAN_POINT ( 'NONE',  ( -24.15000000000000213, -24.29999999999999716, -21.73578643762690987 ) ) ;
#2310 = DIRECTION ( 'NONE',  ( 1.000000000000000000, 0.000000000000000000, 0.000000000000000000 ) ) ;
#2311 = ORIENTED_EDGE ( 'NONE', *, *, #4500, .F. ) ;
#2312 = DIRECTION ( 'NONE',  ( 1.000000000000000000, 0.000000000000000000, 0.000000000000000000 ) ) ;
#2313 = CARTESIAN_POINT ( 'NONE',  ( -3.825885806477785422, -25.30000000000041993, -24.57086801491627526 ) ) ;
#2314 = CARTESIAN_POINT ( 'NONE',  ( -8.646113353407939073, -114.6513416140262223, -6.873480619762942112 ) ) ;
#2315 = CARTESIAN_POINT ( 'NONE',  ( -8.206649531041509960, -105.8299839199798100, -2.812831229187806148 ) ) ;
#2316 = CIRCLE ( 'NONE', #3250, 1.050000000000000488 ) ;
#2317 = CARTESIAN_POINT ( 'NONE',  ( -21.73578643762688856, 4.000000000000000000, 19.14999999999999858 ) ) ;
#2318 = CARTESIAN_POINT ( 'NONE',  ( 2.473750138231631812, -23.41122325080872102, -27.01848614382179292 ) ) ;
#2319 = CARTESIAN_POINT ( 'NONE',  ( -9.429481484219335741, -127.3033601418513427, -35.13274944539852385 ) ) ;
#2320 = VERTEX_POINT ( 'NONE', #1788 ) ;
#2321 = AXIS2_PLACEMENT_3D ( 'NONE', #6425, #4665, #7022 ) ;
#2322 = CARTESIAN_POINT ( 'NONE',  ( -8.827961198324484116, -96.02502461777915244, -3.795724263039843560 ) ) ;
#2323 = DIRECTION ( 'NONE',  ( -1.000000000000000000, -0.000000000000000000, 6.897508850802415061E-17 ) ) ;
#2324 = CIRCLE ( 'NONE', #3256, 1.000000000000000888 ) ;
#2325 = ORIENTED_EDGE ( 'NONE', *, *, #7165, .T. ) ;
#2326 = DIRECTION ( 'NONE',  ( -1.000000000000000000, 0.000000000000000000, 0.000000000000000000 ) ) ;
#2327 = CARTESIAN_POINT ( 'NONE',  ( -12.68766868045256757, -119.1056806850550203, -10.68958099825058028 ) ) ;
#2328 = CARTESIAN_POINT ( 'NONE',  ( -37.99999999999996447, -25.29999999999999716, 18.25293848457199175 ) ) ;
#2329 = EDGE_CURVE ( 'NONE', #3630, #7063, #2248, .T. ) ;
#2330 = DIRECTION ( 'NONE',  ( 6.897508850802415061E-17, -0.000000000000000000, 1.000000000000000000 ) ) ;
#2331 = ORIENTED_EDGE ( 'NONE', *, *, #3085, .T. ) ;
#2332 = VERTEX_POINT ( 'NONE', #5683 ) ;
#2333 = AXIS2_PLACEMENT_3D ( 'NONE', #744, #4784, #5335 ) ;
#2334 = ORIENTED_EDGE ( 'NONE', *, *, #64, .T. ) ;
#2335 = ORIENTED_EDGE ( 'NONE', *, *, #2387, .F. ) ;
#2336 = CARTESIAN_POINT ( 'NONE',  ( -10.36551651405777896, -127.1269242239225150, -34.37594464729591692 ) ) ;
#2337 = DIRECTION ( 'NONE',  ( -1.000000000000000000, 0.000000000000000000, 0.000000000000000000 ) ) ;
#2338 = DIRECTION ( 'NONE',  ( 1.000000000000000000, 0.000000000000000000, 0.000000000000000000 ) ) ;
#2339 = EDGE_CURVE ( 'NONE', #6642, #3690, #2256, .T. ) ;
#2340 = CARTESIAN_POINT ( 'NONE',  ( 8.220137428854854988, -108.1232800194658523, -3.184176165083303367 ) ) ;
#2341 = ORIENTED_EDGE ( 'NONE', *, *, #6677, .T. ) ;
#2342 = CARTESIAN_POINT ( 'NONE',  ( 0.8930448858410285906, -24.92311395241804206, -24.93652947384086005 ) ) ;
#2343 = CARTESIAN_POINT ( 'NONE',  ( 8.539857086086522386, -29.60965504882965860, 10.38478749246945654 ) ) ;
#2344 = CARTESIAN_POINT ( 'NONE',  ( -11.58980604540373527, -25.29999999999999361, 14.29992826331022115 ) ) ;
#2345 = ADVANCED_FACE ( 'NONE', ( #6317 ), #4591, .T. ) ;
#2346 = PLANE ( 'NONE',  #762 ) ;
#2347 = CARTESIAN_POINT ( 'NONE',  ( -5.727064476163179485, -25.30000000000000071, -24.15000000000000568 ) ) ;
#2348 = CIRCLE ( 'NONE', #3522, 4.000000000000000000 ) ;
#2349 = DIRECTION ( 'NONE',  ( -2.595324257062149123E-16, -1.000000000000000000, 0.000000000000000000 ) ) ;
#2350 = EDGE_CURVE ( 'NONE', #2858, #2270, #2011, .T. ) ;
#2351 = EDGE_LOOP ( 'NONE', ( #6017, #5378, #2647, #4629, #4434, #7051, #3951, #831, #6047, #2591, #2823, #2489, #4037, #5577, #7131, #5134, #2841, #1247 ) ) ;
#2352 = CARTESIAN_POINT ( 'NONE',  ( 3.804735922941017368, -22.63571428571428612, -25.15000000000000568 ) ) ;
#2353 = AXIS2_PLACEMENT_3D ( 'NONE', #1140, #542, #503 ) ;
#2354 = DIRECTION ( 'NONE',  ( 0.000000000000000000, 0.000000000000000000, -1.000000000000000000 ) ) ;
#2355 = AXIS2_PLACEMENT_3D ( 'NONE', #2638, #3782, #3821 ) ;
#2356 = CARTESIAN_POINT ( 'NONE',  ( -7.672790568293241797, -116.7153546239730417, -6.362600958915167304 ) ) ;
#2357 = B_SPLINE_CURVE_WITH_KNOTS ( 'NONE', 3,
 ( #1790, #6337, #1261, #3526, #426, #5391, #869, #6016, #4227, #3665, #7070, #1470, #4368, #1400, #6477, #2030, #5466, #4780, #1994, #4915, #4257, #7040, #5941, #389, #5426, #908, #3251, #3109, #2625, #2660, #7181, #2106, #284, #4295, #5908, #2066, #3140, #5359, #4332, #3698 ),
 .UNSPECIFIED., .F., .F.,
 ( 4, 2, 2, 2, 2, 2, 2, 2, 2, 2, 2, 2, 2, 2, 2, 2, 2, 2, 2, 4 ),
 ( 6.254634441385501517E-18, 0.002455188787913089882, 0.004910377575826173693, 0.007365566363739252734, 0.009820755151652333509, 0.01227594393956541255, 0.01473113272747849159, 0.01718632151539157063, 0.01841391590934811709, 0.01964151030330466355, 0.02209669909121774259, 0.02332429348517427170, 0.02455188787913080081, 0.02946226545495689644, 0.03068985984891343249, 0.03191745424286995814, 0.03437264303078303024, 0.03560023742473956282, 0.03682783181869608846, 0.03928302060660914669 ),
 .UNSPECIFIED. ) ;
#2358 = CARTESIAN_POINT ( 'NONE',  ( -7.712508561813536723, -109.7318607969805697, -5.162288217650710997 ) ) ;
#2359 = DIRECTION ( 'NONE',  ( -6.897508850802416293E-17, -0.000000000000000000, -1.000000000000000000 ) ) ;
#2360 = CARTESIAN_POINT ( 'NONE',  ( -3.900000000000002576, -4.649999999999999467, -0.1500000000000042133 ) ) ;
#2361 = CIRCLE ( 'NONE', #4485, 2.100000000000000977 ) ;
#2362 = ORIENTED_EDGE ( 'NONE', *, *, #1495, .T. ) ;
#2363 = CARTESIAN_POINT ( 'NONE',  ( -8.096613586182350275, -99.27410247535621579, -3.629670775595306154 ) ) ;
#2364 = CARTESIAN_POINT ( 'NONE',  ( 5.622807915037594917, -88.44481209956514078, 1.756646046263877992 ) ) ;
#2365 = VERTEX_POINT ( 'NONE', #3995 ) ;
#2366 = CARTESIAN_POINT ( 'NONE',  ( -6.930538981926027020, -100.6296014598603534, -3.026025703203425010 ) ) ;
#2367 = DIRECTION ( 'NONE',  ( 0.2055046054402270839, 0.9786561485745933764, 0.000000000000000000 ) ) ;
#2368 = CARTESIAN_POINT ( 'NONE',  ( -2.378298695376249938, -25.08330629980271098, -24.83485317414590909 ) ) ;
#2369 = VERTEX_POINT ( 'NONE', #4068 ) ;
#2370 = B_SPLINE_CURVE_WITH_KNOTS ( 'NONE', 3,
 ( #3575, #1838, #1311, #6493, #1414, #3679, #5921, #3543, #6352, #1277, #4696, #6949, #1875, #959, #1485, #1598, #1524, #924, #3787, #2569, #6604, #2605, #371, #7229, #6564, #3862, #2160, #4965, #4858, #7196, #4826, #6031, #2082, #1448, #3749, #298, #2046, #5955, #4383, #7159, #6525, #3121, #2009, #885, #3231, #2642, #3825, #7086, #5997, #2120 ),
 .UNSPECIFIED., .F., .F.,
 ( 4, 2, 2, 2, 2, 2, 2, 2, 2, 2, 2, 2, 2, 2, 2, 2, 2, 2, 2, 2, 2, 2, 2, 2, 4 ),
 ( 0.03926372971154527131, 0.04133917747989042379, 0.04237690136406300351, 0.04341462524823557628, 0.04549007301658072877, 0.04652779690075330848, 0.04756552078492588820, 0.04964096855327102681, 0.05171641632161617236, 0.05379186408996131097, 0.05586731185830645652, 0.05690503574247901541, 0.05794275962665156043, 0.05898048351082411933, 0.06001820739499667823, 0.06105593127916922325, 0.06209365516334178214, 0.06313137904751434104, 0.06416910293168688606, 0.06520682681585944496, 0.06624455070003198998, 0.06831999846837713553, 0.06935772235254969442, 0.07039544623672226720, 0.07247089400506738499 ),
 .UNSPECIFIED. ) ;
#2371 = ORIENTED_EDGE ( 'NONE', *, *, #6491, .F. ) ;
#2372 = CARTESIAN_POINT ( 'NONE',  ( -4.318631716251656982, -127.8957952263371709, -37.77493444311595994 ) ) ;
#2373 = CARTESIAN_POINT ( 'NONE',  ( 5.149999999999996803, -12.65000000000000391, -30.15000000000000568 ) ) ;
#2374 = DIRECTION ( 'NONE',  ( -0.000000000000000000, -1.000000000000000000, 0.000000000000000000 ) ) ;
#2375 = CARTESIAN_POINT ( 'NONE',  ( 6.926833908392979744, -109.1285888849950254, -4.522407406097895155 ) ) ;
#2376 = CIRCLE ( 'NONE', #1048, 1.000000000000000888 ) ;
#2377 = ORIENTED_EDGE ( 'NONE', *, *, #59, .T. ) ;
#2378 = CARTESIAN_POINT ( 'NONE',  ( 1.738438472651378630, -24.83547857964392591, -25.00388272764833530 ) ) ;
#2379 = CARTESIAN_POINT ( 'NONE',  ( 13.28496546409922807, -30.02023919052502166, 3.589771197726796537 ) ) ;
#2380 = CARTESIAN_POINT ( 'NONE',  ( 6.090757390372287361, -121.6671918609857244, -11.38600624393352412 ) ) ;
#2381 = DIRECTION ( 'NONE',  ( -6.897508850802415061E-17, 0.000000000000000000, -1.000000000000000000 ) ) ;
#2382 = CARTESIAN_POINT ( 'NONE',  ( 13.90707377483809637, -50.73832827085885100, -6.389085719315652945 ) ) ;
#2383 = ADVANCED_FACE ( 'NONE', ( #2288, #3395 ), #3473, .T. ) ;
#2384 = LINE ( 'NONE', #663, #6507 ) ;
#2385 = CIRCLE ( 'NONE', #3670, 0.9999999999999988898 ) ;
#2386 = DIRECTION ( 'NONE',  ( 1.000000000000000000, 0.000000000000000000, 0.000000000000000000 ) ) ;
#2387 = EDGE_CURVE ( 'NONE', #3288, #6354, #933, .T. ) ;
#2388 = DIRECTION ( 'NONE',  ( -1.988764752670361788E-16, -0.5735764363510468256, -0.8191520442889912434 ) ) ;
#2389 = CARTESIAN_POINT ( 'NONE',  ( 12.88808234163565736, -123.9921382428346988, -14.24657728339539631 ) ) ;
#2390 = DIRECTION ( 'NONE',  ( -6.897508850802412596E-17, 0.000000000000000000, 1.000000000000000000 ) ) ;
#2391 = EDGE_CURVE ( 'NONE', #4744, #6355, #5085, .T. ) ;
#2392 = CARTESIAN_POINT ( 'NONE',  ( -8.700061631382640215, -114.3965775467690378, -6.888399302186090978 ) ) ;
#2393 = DIRECTION ( 'NONE',  ( 1.000000000000000000, -0.000000000000000000, 0.000000000000000000 ) ) ;
#2394 = CARTESIAN_POINT ( 'NONE',  ( -8.822693179004669872, -113.3075771823586422, -6.836956817921158169 ) ) ;
#2395 = DIRECTION ( 'NONE',  ( 6.897508850802415061E-17, 0.000000000000000000, 1.000000000000000000 ) ) ;
#2396 = ORIENTED_EDGE ( 'NONE', *, *, #854, .T. ) ;
#2397 = CARTESIAN_POINT ( 'NONE',  ( -8.214434949749461978, -99.05139383173411716, -3.695615140618822458 ) ) ;
#2398 = CARTESIAN_POINT ( 'NONE',  ( 1.911815389097917040, -90.44234997142372379, 2.464661240545130472 ) ) ;
#2399 = ORIENTED_EDGE ( 'NONE', *, *, #6318, .T. ) ;
#2400 = CARTESIAN_POINT ( 'NONE',  ( 1.575395784897467344, -106.0527719393230939, -0.2717445460481337505 ) ) ;
#2401 = LINE ( 'NONE', #3016, #5491 ) ;
#2402 = CC_DESIGN_APPROVAL ( #6667, ( #4753 ) ) ;
#2403 = DIRECTION ( 'NONE',  ( 1.000000000000000000, 0.000000000000000000, -0.000000000000000000 ) ) ;
#2404 = ORIENTED_EDGE ( 'NONE', *, *, #5358, .T. ) ;
#2405 = AXIS2_PLACEMENT_3D ( 'NONE', #4982, #7247, #1615 ) ;
#2406 = ORIENTED_EDGE ( 'NONE', *, *, #193, .T. ) ;
#2407 = CARTESIAN_POINT ( 'NONE',  ( -12.08868791536338883, -126.6822986134037166, -32.54256221537478666 ) ) ;
#2408 = CIRCLE ( 'NONE', #3464, 1.000000000000000888 ) ;
#2409 = CARTESIAN_POINT ( 'NONE',  ( 8.823432097947032204, -126.0174632753132755, -16.77904462866931112 ) ) ;
#2410 = DIRECTION ( 'NONE',  ( 1.000000000000000000, 0.000000000000000000, -0.000000000000000000 ) ) ;
#2411 = AXIS2_PLACEMENT_3D ( 'NONE', #5034, #6184, #3419 ) ;
#2412 = CARTESIAN_POINT ( 'NONE',  ( 7.167751462656518413, -105.5570767900138662, -2.090908922376979451 ) ) ;
#2413 = ORIENTED_EDGE ( 'NONE', *, *, #6218, .T. ) ;
#2414 = CARTESIAN_POINT ( 'NONE',  ( 2.678847938095681336, -23.30791284894374016, -25.51559531283646010 ) ) ;
#2415 = DIRECTION ( 'NONE',  ( 0.000000000000000000, -1.000000000000000000, 0.000000000000000000 ) ) ;
#2416 = CARTESIAN_POINT ( 'NONE',  ( -18.39231632514079351, -25.29999999999999361, 3.962198839370589809 ) ) ;
#2417 = ORIENTED_EDGE ( 'NONE', *, *, #1318, .T. ) ;
#2418 = CYLINDRICAL_SURFACE ( 'NONE', #4578, 1.000000000000000888 ) ;
#2419 = CARTESIAN_POINT ( 'NONE',  ( 1.666569138497092872, -24.84358060916985167, -24.99848075340726439 ) ) ;
#2420 = DIRECTION ( 'NONE',  ( -0.000000000000000000, -0.000000000000000000, 1.000000000000000000 ) ) ;
#2421 = CARTESIAN_POINT ( 'NONE',  ( -10.01381948274728551, -106.7346054115722751, -4.566990921352940269 ) ) ;
#2423 = EDGE_CURVE ( 'NONE', #1419, #694, #236, .T. ) ;
#2422 = CARTESIAN_POINT ( 'NONE',  ( -13.84278800518277386, -53.05735972317919646, -2.909218321507859972 ) ) ;
#2424 = CARTESIAN_POINT ( 'NONE',  ( -1.332107692238839514, -88.15371209723892321, 2.912711636582639763 ) ) ;
#2425 = CARTESIAN_POINT ( 'NONE',  ( -2.274995058228366673, -107.2696398633958950, -0.5764813564681300351 ) ) ;
#2426 = CARTESIAN_POINT ( 'NONE',  ( -8.827452204723634566, -112.9011824452967829, -6.770911978505526285 ) ) ;
#2427 = EDGE_CURVE ( 'NONE', #4167, #6964, #3079, .T. ) ;
#2428 = CARTESIAN_POINT ( 'NONE',  ( 10.87499999999973355, -10.30000000000010019, 23.15000000000000213 ) ) ;
#2429 = ORIENTED_EDGE ( 'NONE', *, *, #6449, .F. ) ;
#2430 = CARTESIAN_POINT ( 'NONE',  ( 21.14999999999999503, 2.999999999999999112, 20.15000000000000213 ) ) ;
#2431 = CARTESIAN_POINT ( 'NONE',  ( 12.13917640259081487, -93.50699726823414437, -5.102577408313770491 ) ) ;
#2432 = EDGE_CURVE ( 'NONE', #2723, #1989, #2800, .T. ) ;
#2433 = CARTESIAN_POINT ( 'NONE',  ( -7.901421226351936333, -104.4879180800392362, -2.358045446159632075 ) ) ;
#2434 = DIRECTION ( 'NONE',  ( -2.812538085595996338E-16, -0.9848077530122081313, -0.1736481776669306365 ) ) ;
#2435 = CIRCLE ( 'NONE', #2191, 1.000000000000000888 ) ;
#2436 = AXIS2_PLACEMENT_3D ( 'NONE', #2563, #4818, #3186 ) ;
#2437 = LINE ( 'NONE', #5205, #1398 ) ;
#2438 = VERTEX_POINT ( 'NONE', #3916 ) ;
#2439 = AXIS2_PLACEMENT_3D ( 'NONE', #4103, #5241, #787 ) ;
#2440 = EDGE_LOOP ( 'NONE', ( #4801, #5060, #6681, #4738 ) ) ;
#2441 = CARTESIAN_POINT ( 'NONE',  ( -13.46666205728315902, -137.4365151918269703, -33.53901037628612158 ) ) ;
#2442 = DIRECTION ( 'NONE',  ( 1.000000000000000000, 0.000000000000000000, 0.000000000000000000 ) ) ;
#2443 = CARTESIAN_POINT ( 'NONE',  ( 6.448552050636184418, -107.6183421609749189, -2.021644804364427284 ) ) ;
#2444 = AXIS2_PLACEMENT_3D ( 'NONE', #1232, #2790, #3385 ) ;
#2445 = ORIENTED_EDGE ( 'NONE', *, *, #6581, .F. ) ;
#2446 =( NAMED_UNIT ( * ) SI_UNIT ( $, .STERADIAN. ) SOLID_ANGLE_UNIT ( ) );
#2447 = DIRECTION ( 'NONE',  ( 0.000000000000000000, -0.000000000000000000, -1.000000000000000000 ) ) ;
#2448 = CARTESIAN_POINT ( 'NONE',  ( -12.58366144621621885, -29.91523800294197244, 5.327502172084194854 ) ) ;
#2449 = ORIENTED_EDGE ( 'NONE', *, *, #985, .F. ) ;
#2450 = CARTESIAN_POINT ( 'NONE',  ( -2.850000000000003642, -12.65000000000000036, -29.15000000000000568 ) ) ;
#2451 = CARTESIAN_POINT ( 'NONE',  ( 6.223117051752366180, -46.02625207851487232, -16.56398369641877366 ) ) ;
#2452 = CARTESIAN_POINT ( 'NONE',  ( 21.73578643762688856, 2.999999999999999112, -25.15000000000000568 ) ) ;
#2453 = CARTESIAN_POINT ( 'NONE',  ( -14.04022529059615643, -51.37920124083102280, -5.280821233151159255 ) ) ;
#2454 = CARTESIAN_POINT ( 'NONE',  ( 9.599999999999988987, -17.30000000000002203, 20.15000000000000213 ) ) ;
#2455 = DIRECTION ( 'NONE',  ( -0.7071067811865491270, -0.000000000000000000, -0.7071067811865459074 ) ) ;
#2456 = EDGE_CURVE ( 'NONE', #4108, #928, #603, .T. ) ;
#2457 = LINE ( 'NONE', #6941, #4219 ) ;
#2458 = CARTESIAN_POINT ( 'NONE',  ( -4.777029484413422900, -122.4167624925181883, -3.912288971709960705 ) ) ;
#2459 = CIRCLE ( 'NONE', #431, 1.050000000000000488 ) ;
#2460 = CARTESIAN_POINT ( 'NONE',  ( 2.806854249492377829, -6.993145750507620662, -28.15000000000000213 ) ) ;
#2461 = ORIENTED_EDGE ( 'NONE', *, *, #5756, .F. ) ;
#2462 = CARTESIAN_POINT ( 'NONE',  ( 3.012226720509229683, -105.4696961973685205, -0.4320482130224420070 ) ) ;
#2463 = CARTESIAN_POINT ( 'NONE',  ( 11.01713675785890345, -90.86559039637663204, -2.932769066047201445 ) ) ;
#2464 = CARTESIAN_POINT ( 'NONE',  ( -1.917725704101823636, -103.7555645005137563, 0.09742848835908936300 ) ) ;
#2465 = EDGE_CURVE ( 'NONE', #2079, #756, #2725, .T. ) ;
#2466 = FACE_OUTER_BOUND ( 'NONE', #597, .T. ) ;
#2467 = CIRCLE ( 'NONE', #2105, 1.050000000000000488 ) ;
#2468 = DIRECTION ( 'NONE',  ( -0.000000000000000000, -0.000000000000000000, 1.000000000000000000 ) ) ;
#2469 = AXIS2_PLACEMENT_3D ( 'NONE', #3158, #2609, #5893 ) ;
#2470 = ORIENTED_EDGE ( 'NONE', *, *, #1375, .F. ) ;
#2471 = ADVANCED_FACE ( 'NONE', ( #4553 ), #566, .F. ) ;
#2472 = ORIENTED_EDGE ( 'NONE', *, *, #5892, .F. ) ;
#2473 = CARTESIAN_POINT ( 'NONE',  ( -8.353593743121999537, -139.1267122197028812, -38.19507181621659697 ) ) ;
#2474 = CARTESIAN_POINT ( 'NONE',  ( -11.64440781249551904, -125.3428288984295165, -15.15889475475687220 ) ) ;
#2475 = DIRECTION ( 'NONE',  ( 0.000000000000000000, 1.000000000000000000, 0.000000000000000000 ) ) ;
#2476 = EDGE_CURVE ( 'NONE', #4141, #2582, #4627, .T. ) ;
#2477 = AXIS2_PLACEMENT_3D ( 'NONE', #1659, #3362, #1580 ) ;
#2478 = CARTESIAN_POINT ( 'NONE',  ( 12.13917640259034236, -110.3233514358005891, -8.067754365204157452 ) ) ;
#2479 = ORIENTED_EDGE ( 'NONE', *, *, #2559, .F. ) ;
#2480 = ORIENTED_EDGE ( 'NONE', *, *, #2329, .F. ) ;
#2481 =( NAMED_UNIT ( * ) PLANE_ANGLE_UNIT ( ) SI_UNIT ( $, .RADIAN. ) );
#2482 = CARTESIAN_POINT ( 'NONE',  ( 12.55570826143199703, -25.29999999999999361, 13.49500419535291584 ) ) ;
#2483 = LINE ( 'NONE', #6293, #907 ) ;
#2484 = EDGE_LOOP ( 'NONE', ( #921, #2842, #1974, #6788 ) ) ;
#2485 = CARTESIAN_POINT ( 'NONE',  ( -9.800000000000002487, -12.64999999999999858, -30.15000000000000568 ) ) ;
#2486 = CARTESIAN_POINT ( 'NONE',  ( 13.69890053799224816, -53.65841828573130812, -2.171149658925803916 ) ) ;
#2488 = ORIENTED_EDGE ( 'NONE', *, *, #6940, .F. ) ;
#2487 = CYLINDRICAL_SURFACE ( 'NONE', #5012, 1.000000000000000888 ) ;
#2489 = ORIENTED_EDGE ( 'NONE', *, *, #2836, .T. ) ;
#2490 = CARTESIAN_POINT ( 'NONE',  ( 12.45521012008364536, -124.6250037069129917, -14.63262855203630330 ) ) ;
#2491 = DIRECTION ( 'NONE',  ( -0.7071067811865495711, 0.000000000000000000, -0.7071067811865454633 ) ) ;
#2492 = ORIENTED_EDGE ( 'NONE', *, *, #3267, .T. ) ;
#2493 = VECTOR ( 'NONE', #7279, 1000.000000000000000 ) ;
#2494 = CARTESIAN_POINT ( 'NONE',  ( 19.14999999999999503, 2.999999999999999112, 20.15000000000000213 ) ) ;
#2495 = CARTESIAN_POINT ( 'NONE',  ( -10.06663669576654208, -117.0151079361355357, -6.276917895526501034 ) ) ;
#2496 = CARTESIAN_POINT ( 'NONE',  ( -19.14999999999999858, 2.999999999999999112, -19.14999999999999858 ) ) ;
#2497 = VERTEX_POINT ( 'NONE', #6882 ) ;
#2498 = CARTESIAN_POINT ( 'NONE',  ( 10.78123999953001189, -93.80698499257620426, -2.908952927943589728 ) ) ;
#2499 = CARTESIAN_POINT ( 'NONE',  ( -6.471552060045958399, -102.9165826940449051, -1.186733963974868633 ) ) ;
#2500 = CARTESIAN_POINT ( 'NONE',  ( 12.47499999999973674, -13.59089653438097045, 20.15000000000000213 ) ) ;
#2501 = FACE_OUTER_BOUND ( 'NONE', #7234, .T. ) ;
#2502 = EDGE_LOOP ( 'NONE', ( #2194, #3436, #6403, #6126 ) ) ;
#2503 = EDGE_CURVE ( 'NONE', #2270, #3675, #6238, .T. ) ;
#2504 = VERTEX_POINT ( 'NONE', #3434 ) ;
#2505 = CARTESIAN_POINT ( 'NONE',  ( -10.06363920407829760, -122.4983274418120089, -7.962172267795563307 ) ) ;
#2506 = CC_DESIGN_SECURITY_CLASSIFICATION ( #4753, ( #3457 ) ) ;
#2507 = CARTESIAN_POINT ( 'NONE',  ( -21.15000000000000213, -20.30000000000000071, 19.14999999999999858 ) ) ;
#2508 = CARTESIAN_POINT ( 'NONE',  ( 16.59999999999999076, -10.29999999999999005, 15.15000000000000213 ) ) ;
#2509 = ADVANCED_FACE ( 'NONE', ( #2876 ), #1806, .F. ) ;
#2510 = VECTOR ( 'NONE', #6269, 1000.000000000000000 ) ;
#2511 = CARTESIAN_POINT ( 'NONE',  ( 12.20140975917354176, -114.8354923941938921, -8.969433225219308525 ) ) ;
#2512 = CIRCLE ( 'NONE', #5922, 1.050000000000000488 ) ;
#2513 = ORIENTED_EDGE ( 'NONE', *, *, #5730, .F. ) ;
#2514 = EDGE_LOOP ( 'NONE', ( #5596, #5313, #628 ) ) ;
#2515 = ADVANCED_FACE ( 'NONE', ( #753 ), #2980, .T. ) ;
#2516 = CIRCLE ( 'NONE', #3339, 1.000000000000000000 ) ;
#2517 = DIRECTION ( 'NONE',  ( -1.000000000000000000, 0.000000000000000000, 0.000000000000000000 ) ) ;
#2518 = CARTESIAN_POINT ( 'NONE',  ( 13.90975476960776547, -30.41365106139875607, -2.921050340808914125 ) ) ;
#2519 = CARTESIAN_POINT ( 'NONE',  ( 16.65773889592746926, -133.9807385402642694, -25.15305262555148857 ) ) ;
#2520 = VERTEX_POINT ( 'NONE', #820 ) ;
#2521 = CARTESIAN_POINT ( 'NONE',  ( -25.15000000000000213, 2.999999999999999112, 16.73578643762690632 ) ) ;
#2522 = AXIS2_PLACEMENT_3D ( 'NONE', #6102, #3296, #3939 ) ;
#2523 = ADVANCED_FACE ( 'NONE', ( #5825 ), #6985, .T. ) ;
#2524 = CIRCLE ( 'NONE', #3583, 1.000000000000000888 ) ;
#2525 = LINE ( 'NONE', #3072, #4171 ) ;
#2526 = CARTESIAN_POINT ( 'NONE',  ( -8.638119285471042019, -106.0142478357158495, -3.198573183904866557 ) ) ;
#2527 = CARTESIAN_POINT ( 'NONE',  ( -6.973449288724715700, -104.8999549965390088, -1.863014885133076559 ) ) ;
#2528 = CARTESIAN_POINT ( 'NONE',  ( 5.560689933284023390, 3.000000000000000000, 24.15000000000000568 ) ) ;
#2529 = ORIENTED_EDGE ( 'NONE', *, *, #325, .F. ) ;
#2530 = CARTESIAN_POINT ( 'NONE',  ( 1.125282703498181824, -102.3028182583436632, -1.609564491805512532 ) ) ;
#2531 = CARTESIAN_POINT ( 'NONE',  ( -12.15436343973241051, -115.1152472534952267, -8.933259546550893049 ) ) ;
#2532 = CARTESIAN_POINT ( 'NONE',  ( 15.32499999999973817, -8.654551732809666831, 23.15000000000000213 ) ) ;
#2533 = ORIENTED_EDGE ( 'NONE', *, *, #5178, .F. ) ;
#2534 = CARTESIAN_POINT ( 'NONE',  ( 10.68826348689999328, -93.59712771783976848, -2.772787201923054834 ) ) ;
#2535 = CARTESIAN_POINT ( 'NONE',  ( -12.15436343973240696, -98.29889308592500186, -5.968082589659026382 ) ) ;
#2536 = CARTESIAN_POINT ( 'NONE',  ( -1.665748387468783585E-15, -25.30000000000000071, -24.15000000000000568 ) ) ;
#2537 =( BOUNDED_SURFACE ( )  B_SPLINE_SURFACE ( 3, 2, ( 
 ( #549, #4617, #7300 ),
 ( #588, #3297, #6747 ),
 ( #5118, #2193, #37 ),
 ( #2783, #2313, #1757 ),
 ( #4019, #1188, #3456 ),
 ( #5706, #6870, #6709 ),
 ( #1633, #3899, #3495 ),
 ( #5298, #5744, #811 ),
 ( #4749, #3006, #1901 ),
 ( #4163, #4087, #1339 ) ),
 .UNSPECIFIED., .F., .F., .T. ) 
 B_SPLINE_SURFACE_WITH_KNOTS ( ( 4, 2, 2, 2, 4 ),
 ( 3, 3 ),
 ( 0.003303220688739023220, 0.004757226009799757176, 0.006211231330860491132, 0.007665236651921225088, 0.009119241972981959043 ),
 ( 0.4330387921671854379, 1.000000000000000000 ),
 .UNSPECIFIED. ) 
 GEOMETRIC_REPRESENTATION_ITEM ( )  RATIONAL_B_SPLINE_SURFACE ( (
 ( 0.8561799417872845153, 0.8339409068954841686, 1.000000000000000000),
 ( 0.8755271270099864722, 0.8562797661070078448, 1.000000000000000000),
 ( 0.8894239602112767873, 0.8723254800853587065, 1.000000000000000000),
 ( 0.9078653564979896062, 0.8936184873404602325, 1.000000000000000000),
 ( 0.9123937698922806039, 0.8988471336836990622, 1.000000000000000000),
 ( 0.9123899971687734478, 0.8988427775803022879, 1.000000000000000000),
 ( 0.9078594061087356115, 0.8936116168367531643, 1.000000000000000000),
 ( 0.8894170349699546119, 0.8723174839872636088, 1.000000000000000000),
 ( 0.8755206071155052783, 0.8562722380349283569, 1.000000000000000000),
 ( 0.8561799417872845153, 0.8339409068954841686, 1.000000000000000000) ) ) 
 REPRESENTATION_ITEM ( '' )  SURFACE ( )  );
#2538 = CARTESIAN_POINT ( 'NONE',  ( 12.47499999999974030, -7.009103465619234363, 23.15000000000000213 ) ) ;
#2539 = ORIENTED_EDGE ( 'NONE', *, *, #5438, .F. ) ;
#2540 = VERTEX_POINT ( 'NONE', #125 ) ;
#2541 = CARTESIAN_POINT ( 'NONE',  ( -9.025181748176976271, -128.0591752445787677, -20.25833376454514578 ) ) ;
#2542 = DIRECTION ( 'NONE',  ( 0.000000000000000000, 0.000000000000000000, 1.000000000000000000 ) ) ;
#2543 = CARTESIAN_POINT ( 'NONE',  ( 7.771081261491206149, -116.5891818362988630, -6.415940483517083237 ) ) ;
#2544 = ADVANCED_FACE ( 'NONE', ( #5276 ), #6207, .F. ) ;
#2545 = EDGE_CURVE ( 'NONE', #6354, #3145, #2401, .T. ) ;
#2546 = CARTESIAN_POINT ( 'NONE',  ( 3.361708862558183686, -118.8710999095768130, -4.853374470236071048 ) ) ;
#2547 = ORIENTED_EDGE ( 'NONE', *, *, #5581, .F. ) ;
#2548 = CIRCLE ( 'NONE', #3726, 2.000000000000000888 ) ;
#2549 = EDGE_LOOP ( 'NONE', ( #2575, #5654, #1362 ) ) ;
#2550 = FACE_OUTER_BOUND ( 'NONE', #2917, .T. ) ;
#2551 = CARTESIAN_POINT ( 'NONE',  ( 14.05650513575961291, -25.29999999999999716, -0.1050279585853814979 ) ) ;
#2552 = CARTESIAN_POINT ( 'NONE',  ( 16.76208948949553346, -132.7317508073885222, -22.51772784223780022 ) ) ;
#2553 = DIRECTION ( 'NONE',  ( 0.000000000000000000, 1.000000000000000000, -0.000000000000000000 ) ) ;
#2554 = EDGE_CURVE ( 'NONE', #719, #5170, #7272, .T. ) ;
#2556 = VERTEX_POINT ( 'NONE', #6461 ) ;
#2555 = DIRECTION ( 'NONE',  ( 1.000000000000000000, 0.000000000000000000, 0.000000000000000000 ) ) ;
#2557 = ORIENTED_EDGE ( 'NONE', *, *, #4511, .T. ) ;
#2558 = DIRECTION ( 'NONE',  ( -1.000000000000000000, 0.000000000000000000, 6.897508850802415061E-17 ) ) ;
#2559 = EDGE_CURVE ( 'NONE', #6583, #246, #60, .T. ) ;
#2560 = DIRECTION ( 'NONE',  ( -0.000000000000000000, -0.000000000000000000, 1.000000000000000000 ) ) ;
#2561 = ADVANCED_FACE ( 'NONE', ( #2466 ), #3053, .T. ) ;
#2562 = CARTESIAN_POINT ( 'NONE',  ( 7.156531968128888366, -92.45523118549265007, -1.725501561764273717 ) ) ;
#2563 = CARTESIAN_POINT ( 'NONE',  ( -10.85000000000000320, -12.64999999999999858, -30.15000000000000568 ) ) ;
#2564 = CARTESIAN_POINT ( 'NONE',  ( -8.506854249492384668, -6.993145750507621550, -30.15000000000000568 ) ) ;
#2565 = CARTESIAN_POINT ( 'NONE',  ( -1.105710705171619299E-14, -29.43175911166533254, 13.32889971951089159 ) ) ;
#2566 = VERTEX_POINT ( 'NONE', #5788 ) ;
#2567 = CARTESIAN_POINT ( 'NONE',  ( 11.81772513498813382, -92.36887960478375703, -4.359888021834058769 ) ) ;
#2568 = CARTESIAN_POINT ( 'NONE',  ( -11.15148947191573825, -91.08485141934065155, -3.158433937186323703 ) ) ;
#2569 = CARTESIAN_POINT ( 'NONE',  ( 11.66815834679317732, -91.95725108678635706, -4.042700918547397215 ) ) ;
#2570 = AXIS2_PLACEMENT_3D ( 'NONE', #2682, #4972, #5488 ) ;
#2571 = VECTOR ( 'NONE', #6382, 1000.000000000000000 ) ;
#2572 = CARTESIAN_POINT ( 'NONE',  ( 17.64999999999998792, -10.29999999999999005, 15.15000000000000213 ) ) ;
#2573 = AXIS2_PLACEMENT_3D ( 'NONE', #5459, #2653, #3797 ) ;
#2574 = ORIENTED_EDGE ( 'NONE', *, *, #4851, .F. ) ;
#2575 = ORIENTED_EDGE ( 'NONE', *, *, #1928, .F. ) ;
#2576 = AXIS2_PLACEMENT_3D ( 'NONE', #4571, #4609, #6785 ) ;
#2577 = CARTESIAN_POINT ( 'NONE',  ( -16.55843575926962785, -131.5050996752891024, -20.12073894150460163 ) ) ;
#2578 = AXIS2_PLACEMENT_3D ( 'NONE', #6466, #1388, #3654 ) ;
#2579 = CARTESIAN_POINT ( 'NONE',  ( -13.32651725963024880, -121.9227280513802754, -12.83475115394586652 ) ) ;
#2580 = DIRECTION ( 'NONE',  ( -1.000000000000000000, 0.000000000000000000, 0.000000000000000000 ) ) ;
#2581 = CARTESIAN_POINT ( 'NONE',  ( 6.728398403258279536, -117.6178976948330615, -5.892501893838161919 ) ) ;
#2582 = VERTEX_POINT ( 'NONE', #2500 ) ;
#2583 = ORIENTED_EDGE ( 'NONE', *, *, #3875, .T. ) ;
#2584 = CARTESIAN_POINT ( 'NONE',  ( -3.927995359120559538E-14, -125.8227351647505685, -17.88340262187204033 ) ) ;
#2585 = CARTESIAN_POINT ( 'NONE',  ( 10.54741536479783548, -30.87375680497993713, -10.53563090403929259 ) ) ;
#2586 = CARTESIAN_POINT ( 'NONE',  ( 15.06181388763166851, -128.4188585183356679, -14.92686436227563185 ) ) ;
#2587 = TOROIDAL_SURFACE ( 'NONE', #6369, 14.00000000000000178, 2.000000000000000000 ) ;
#2588 = DIRECTION ( 'NONE',  ( -0.000000000000000000, 1.000000000000000000, -0.000000000000000000 ) ) ;
#2590 = ORIENTED_EDGE ( 'NONE', *, *, #3087, .T. ) ;
#2589 = DIRECTION ( 'NONE',  ( 0.000000000000000000, -1.000000000000000000, 0.000000000000000000 ) ) ;
#2591 = ORIENTED_EDGE ( 'NONE', *, *, #2764, .T. ) ;
#2592 = DIRECTION ( 'NONE',  ( 0.000000000000000000, 0.000000000000000000, 1.000000000000000000 ) ) ;
#2593 = EDGE_CURVE ( 'NONE', #201, #1424, #5342, .T. ) ;
#2594 = DIRECTION ( 'NONE',  ( -1.000000000000000000, 8.818177669548768871E-15, 0.000000000000000000 ) ) ;
#2595 = CARTESIAN_POINT ( 'NONE',  ( 12.64911064067352875, -48.08000398977550560, 1.917298109555648944 ) ) ;
#2596 = CARTESIAN_POINT ( 'NONE',  ( -25.15000000000000213, -25.30000000000000071, 25.15000000000000213 ) ) ;
#2597 = ADVANCED_FACE ( 'NONE', ( #266 ), #1116, .F. ) ;
#2598 = CYLINDRICAL_SURFACE ( 'NONE', #6558, 1.000000000000000000 ) ;
#2599 = DIRECTION ( 'NONE',  ( 1.000000000000000000, 0.000000000000000000, -6.897508850802415061E-17 ) ) ;
#2600 = EDGE_CURVE ( 'NONE', #6539, #2320, #163, .T. ) ;
#2601 = DIRECTION ( 'NONE',  ( 0.7071067811865457964, 0.000000000000000000, -0.7071067811865492381 ) ) ;
#2602 = ORIENTED_EDGE ( 'NONE', *, *, #6569, .T. ) ;
#2603 = CARTESIAN_POINT ( 'NONE',  ( 4.540497472130708090, -101.7831424556010091, -2.159941613767676571 ) ) ;
#2604 = CARTESIAN_POINT ( 'NONE',  ( -12.25510385025238058, -97.63315400079711992, -6.038941463733765502 ) ) ;
#2605 = CARTESIAN_POINT ( 'NONE',  ( 12.09804214939384970, -93.31718155098387513, -4.996147363036488542 ) ) ;
#2606 = ADVANCED_FACE ( 'NONE', ( #1977 ), #5021, .F. ) ;
#2607 = FACE_OUTER_BOUND ( 'NONE', #2156, .T. ) ;
#2608 = FACE_OUTER_BOUND ( 'NONE', #7192, .T. ) ;
#2609 = DIRECTION ( 'NONE',  ( -0.000000000000000000, -0.000000000000000000, -1.000000000000000000 ) ) ;
#2610 = ORIENTED_EDGE ( 'NONE', *, *, #409, .F. ) ;
#2611 = ORIENTED_EDGE ( 'NONE', *, *, #7260, .F. ) ;
#2612 = CARTESIAN_POINT ( 'NONE',  ( -10.97493184443289671, -123.4487103926144869, -8.831513557195581399 ) ) ;
#2613 = CARTESIAN_POINT ( 'NONE',  ( 12.97910506187374047, -48.98052048292624505, -9.700044148819051415 ) ) ;
#2614 = DIRECTION ( 'NONE',  ( 0.000000000000000000, 1.000000000000000000, 0.000000000000000000 ) ) ;
#2615 = DIRECTION ( 'NONE',  ( -0.000000000000000000, -0.000000000000000000, -1.000000000000000000 ) ) ;
#2616 = CARTESIAN_POINT ( 'NONE',  ( 12.28851022294981910, -114.1706055229955297, -9.017129229663892076 ) ) ;
#2617 = ORIENTED_EDGE ( 'NONE', *, *, #283, .F. ) ;
#2618 = ORIENTED_EDGE ( 'NONE', *, *, #4903, .T. ) ;
#2619 = CARTESIAN_POINT ( 'NONE',  ( -4.092112087109041330E-14, -25.29999999999999361, -20.33327276708637754 ) ) ;
#2620 = ORIENTED_EDGE ( 'NONE', *, *, #4813, .F. ) ;
#2621 = CARTESIAN_POINT ( 'NONE',  ( 6.369761345470145386, -122.0331521397683332, -11.78294449552167933 ) ) ;
#2622 = CARTESIAN_POINT ( 'NONE',  ( 0.1499999999999959421, -0.5130124515702338961, -25.81819147610005416 ) ) ;
#2623 = CIRCLE ( 'NONE', #483, 2.000000000000000000 ) ;
#2624 = AXIS2_PLACEMENT_3D ( 'NONE', #3774, #6018, #7073 ) ;
#2626 = ORIENTED_EDGE ( 'NONE', *, *, #5620, .T. ) ;
#2625 = CARTESIAN_POINT ( 'NONE',  ( 8.422825044962239716, -127.4679092384877208, -35.84934715408810746 ) ) ;
#2627 = EDGE_LOOP ( 'NONE', ( #1729, #177, #3397, #6470 ) ) ;
#2628 = CARTESIAN_POINT ( 'NONE',  ( -10.40619723010062714, -102.3797508988109257, -4.235945940775189378 ) ) ;
#2629 = VECTOR ( 'NONE', #2128, 1000.000000000000000 ) ;
#2630 = CARTESIAN_POINT ( 'NONE',  ( -24.85710678118654471, 2.999999999999999112, -22.44289321881345600 ) ) ;
#2631 = AXIS2_PLACEMENT_3D ( 'NONE', #1814, #4111, #5210 ) ;
#2632 = CARTESIAN_POINT ( 'NONE',  ( 5.476074321815772805, -91.73293177571736123, -0.7293060004705647081 ) ) ;
#2633 = EDGE_CURVE ( 'NONE', #4477, #1661, #2370, .T. ) ;
#2634 = VECTOR ( 'NONE', #4052, 1000.000000000000000 ) ;
#2635 = CARTESIAN_POINT ( 'NONE',  ( 1.146476370910897824, -24.88578643762690135, 20.14999999999999858 ) ) ;
#2636 = EDGE_CURVE ( 'NONE', #5867, #3467, #4928, .T. ) ;
#2637 = CARTESIAN_POINT ( 'NONE',  ( 2.806854249492379605, -6.993145750507620662, -0.1500000000000042966 ) ) ;
#2638 = CARTESIAN_POINT ( 'NONE',  ( 22.94289321881354837, -24.29999999999999716, 22.94289321881336363 ) ) ;
#2639 = ORIENTED_EDGE ( 'NONE', *, *, #1681, .T. ) ;
#2640 = CARTESIAN_POINT ( 'NONE',  ( 4.706392407549242485, -105.6164173679279656, -0.9238666954532489539 ) ) ;
#2641 = CARTESIAN_POINT ( 'NONE',  ( -10.34650684810766919, -99.73335011394304672, -3.503254860373075985 ) ) ;
#2642 = CARTESIAN_POINT ( 'NONE',  ( 8.127818469192362727, -104.3304309420997242, -2.514236470423064418 ) ) ;
#2643 = ADVANCED_FACE ( 'NONE', ( #3194 ), #5613, .T. ) ;
#2644 = DIRECTION ( 'NONE',  ( -0.000000000000000000, -0.000000000000000000, 1.000000000000000000 ) ) ;
#2645 = CARTESIAN_POINT ( 'NONE',  ( 1.146476370910897380, -24.29999999999999716, 20.15000000000000213 ) ) ;
#2646 = EDGE_CURVE ( 'NONE', #5867, #6350, #3254, .T. ) ;
#2647 = ORIENTED_EDGE ( 'NONE', *, *, #5724, .T. ) ;
#2648 = CARTESIAN_POINT ( 'NONE',  ( -8.847621023705968923, -129.1933699998122904, -22.31715554348630803 ) ) ;
#2649 = DIRECTION ( 'NONE',  ( 0.000000000000000000, 1.000000000000000000, 0.000000000000000000 ) ) ;
#2650 = CARTESIAN_POINT ( 'NONE',  ( 10.64999999999998970, -17.30000000000002203, 22.15000000000000213 ) ) ;
#2651 = DIRECTION ( 'NONE',  ( 1.000000000000000000, 0.000000000000000000, 0.000000000000000000 ) ) ;
#2652 = CARTESIAN_POINT ( 'NONE',  ( 6.076119024228601617, -117.9972703840394672, -5.627337123821285481 ) ) ;
#2653 = DIRECTION ( 'NONE',  ( -1.000000000000000000, 0.000000000000000000, 0.000000000000000000 ) ) ;
#2654 = ORIENTED_EDGE ( 'NONE', *, *, #5073, .F. ) ;
#2655 = CARTESIAN_POINT ( 'NONE',  ( -24.15000000000000213, -25.30000000000000071, -21.73578643762690987 ) ) ;
#2656 = ORIENTED_EDGE ( 'NONE', *, *, #2964, .F. ) ;
#2657 = CARTESIAN_POINT ( 'NONE',  ( 15.74646771049445171, -122.2076108822884919, -18.20216349525768607 ) ) ;
#2658 = CARTESIAN_POINT ( 'NONE',  ( 5.146476370910915143, -24.29999999999999716, 25.14999999999999503 ) ) ;
#2659 = CIRCLE ( 'NONE', #6209, 14.00000000000000178 ) ;
#2660 = CARTESIAN_POINT ( 'NONE',  ( 7.735134626310894213, -127.5642185186106872, -36.27482567076871334 ) ) ;
#2661 = ORIENTED_EDGE ( 'NONE', *, *, #2237, .F. ) ;
#2662 = CARTESIAN_POINT ( 'NONE',  ( -24.15000000000000213, 2.999999999999999112, -21.73578643762691698 ) ) ;
#2663 = CIRCLE ( 'NONE', #6816, 2.500000000000000444 ) ;
#2664 = DIRECTION ( 'NONE',  ( -0.000000000000000000, 1.000000000000000000, 0.000000000000000000 ) ) ;
#2665 = AXIS2_PLACEMENT_3D ( 'NONE', #2450, #2381, #4642 ) ;
#2666 = CARTESIAN_POINT ( 'NONE',  ( -24.15000000000000213, 2.999999999999999112, 25.15000000000000213 ) ) ;
#2667 = CARTESIAN_POINT ( 'NONE',  ( -0.6181114022980445100, -91.21217597546353772, 0.3826114591995969927 ) ) ;
#2668 = DIRECTION ( 'NONE',  ( -1.075850890337208239E-16, 1.000000000000000000, 7.420691038244552907E-33 ) ) ;
#2669 = CARTESIAN_POINT ( 'NONE',  ( 12.83187750126336724, -119.9539754746513864, -11.16163612610795575 ) ) ;
#2670 = CARTESIAN_POINT ( 'NONE',  ( 2.884728483833360890, -25.27397267554237459, 19.67349577415548367 ) ) ;
#2671 = EDGE_LOOP ( 'NONE', ( #2810, #6968, #2513, #1894, #5828 ) ) ;
#2672 = ADVANCED_FACE ( 'NONE', ( #1562 ), #5037, .T. ) ;
#2673 = CARTESIAN_POINT ( 'NONE',  ( 1.789202910601073393, -102.2681669229827861, -1.650717097550363555 ) ) ;
#2674 = CARTESIAN_POINT ( 'NONE',  ( -8.368154443321524028, -93.83001868424834413, -2.913616107050846171 ) ) ;
#2675 = DIRECTION ( 'NONE',  ( 0.000000000000000000, 0.000000000000000000, 1.000000000000000000 ) ) ;
#2676 = DIRECTION ( 'NONE',  ( -0.7071067811865466846, -0.000000000000000000, 0.7071067811865483499 ) ) ;
#2677 = CARTESIAN_POINT ( 'NONE',  ( 10.30431264882520104, -119.3483080730785275, -7.101565988362886550 ) ) ;
#2678 = CARTESIAN_POINT ( 'NONE',  ( -12.30546959974915389, -48.35728821349972861, -11.01104540970411705 ) ) ;
#2679 = ORIENTED_EDGE ( 'NONE', *, *, #824, .T. ) ;
#2680 = EDGE_CURVE ( 'NONE', #3929, #3132, #528, .T. ) ;
#2681 = CARTESIAN_POINT ( 'NONE',  ( -6.716615563560385027, -92.19703010974752999, -1.413678387463643826 ) ) ;
#2682 = CARTESIAN_POINT ( 'NONE',  ( 3.146476370910898268, -20.30000000000000071, 21.14999999999999858 ) ) ;
#2683 = DIRECTION ( 'NONE',  ( 1.000000000000000000, 0.000000000000000000, 0.000000000000000000 ) ) ;
#2684 = CARTESIAN_POINT ( 'NONE',  ( 7.616822470575781878, -116.7835933766775156, -6.332796850877035588 ) ) ;
#2685 = AXIS2_PLACEMENT_3D ( 'NONE', #5629, #6145, #1108 ) ;
#2686 = ADVANCED_FACE ( 'NONE', ( #5056 ), #5529, .T. ) ;
#2687 = DIRECTION ( 'NONE',  ( 0.000000000000000000, 0.000000000000000000, 1.000000000000000000 ) ) ;
#2688 = CARTESIAN_POINT ( 'NONE',  ( 4.906854249492377029, -6.993145750507620662, -20.15000000000000213 ) ) ;
#2689 = ORIENTED_EDGE ( 'NONE', *, *, #7114, .F. ) ;
#2690 = PERSON_AND_ORGANIZATION ( #5371, #4054 ) ;
#2691 = AXIS2_PLACEMENT_3D ( 'NONE', #5156, #1106, #2822 ) ;
#2692 = LINE ( 'NONE', #3047, #3936 ) ;
#2693 = ORIENTED_EDGE ( 'NONE', *, *, #4021, .F. ) ;
#2694 = EDGE_CURVE ( 'NONE', #896, #3592, #2663, .T. ) ;
#2695 = CARTESIAN_POINT ( 'NONE',  ( 1.897984654431043916, -132.8973824644178876, -30.35696796796667485 ) ) ;
#2696 = CARTESIAN_POINT ( 'NONE',  ( 5.560689933284014508, -24.29999999999999716, 24.14999999999999858 ) ) ;
#2697 = CARTESIAN_POINT ( 'NONE',  ( -3.438924137912560575, -132.6774130350685823, -29.81832682656457223 ) ) ;
#2698 = ORIENTED_EDGE ( 'NONE', *, *, #5314, .F. ) ;
#2699 = VECTOR ( 'NONE', #6083, 1000.000000000000000 ) ;
#2700 = CARTESIAN_POINT ( 'NONE',  ( -10.65786041816687302, -90.46938964675921113, -2.418418896876566748 ) ) ;
#2701 = LINE ( 'NONE', #3669, #6717 ) ;
#2702 = EDGE_LOOP ( 'NONE', ( #3634, #5502, #2479, #3546 ) ) ;
#2703 = DIRECTION ( 'NONE',  ( -0.000000000000000000, 1.000000000000000000, -0.000000000000000000 ) ) ;
#2704 = CARTESIAN_POINT ( 'NONE',  ( 8.386133367372297087, -98.66807458386023200, -3.788447285103703432 ) ) ;
#2705 = CIRCLE ( 'NONE', #6971, 2.149999999999999023 ) ;
#2706 = CARTESIAN_POINT ( 'NONE',  ( 0.1499999999999954148, 2.999999999999997335, -28.15000000000000568 ) ) ;
#2707 = LINE ( 'NONE', #1754, #4871 ) ;
#2708 = CARTESIAN_POINT ( 'NONE',  ( 1.146476370910897824, -24.29999999999999716, 20.14999999999999858 ) ) ;
#2709 = ORIENTED_EDGE ( 'NONE', *, *, #3411, .T. ) ;
#2710 = CARTESIAN_POINT ( 'NONE',  ( 5.343765332788117384, -101.5137837147271682, -2.399947233631302357 ) ) ;
#2711 = DIRECTION ( 'NONE',  ( 1.000000000000000000, 0.000000000000000000, 0.000000000000000000 ) ) ;
#2712 = CARTESIAN_POINT ( 'NONE',  ( 0.1927048351400228177, -108.0225000895468241, -2.565627897866117113 ) ) ;
#2713 = DIRECTION ( 'NONE',  ( -0.000000000000000000, -0.000000000000000000, -1.000000000000000000 ) ) ;
#2714 = CARTESIAN_POINT ( 'NONE',  ( 4.748108148026258135, -122.4204047604576004, -3.905985964197175697 ) ) ;
#2715 = DIRECTION ( 'NONE',  ( 1.000000000000000000, 0.000000000000000000, 0.000000000000000000 ) ) ;
#2716 = EDGE_LOOP ( 'NONE', ( #3477, #5960, #7318, #569 ) ) ;
#2717 = CARTESIAN_POINT ( 'NONE',  ( 5.343526793537299646, -132.1734180599224828, -28.61457287450800635 ) ) ;
#2718 = DIRECTION ( 'NONE',  ( 1.000000000000000000, 0.000000000000000000, 0.000000000000000000 ) ) ;
#2719 = LINE ( 'NONE', #1607, #4411 ) ;
#2720 = EDGE_CURVE ( 'NONE', #4212, #5393, #3617, .T. ) ;
#2721 = LINE ( 'NONE', #5643, #179 ) ;
#2722 = CARTESIAN_POINT ( 'NONE',  ( 24.14999999999999147, -24.29999999999999716, 21.73578643762690987 ) ) ;
#2723 = VERTEX_POINT ( 'NONE', #1609 ) ;
#2724 = CALENDAR_DATE ( 2026, 3, 6 ) ;
#2725 =( BOUNDED_CURVE ( )  B_SPLINE_CURVE ( 3, ( #1124, #5753, #2328, #5167 ),
 .UNSPECIFIED., .F., .T. ) 
 B_SPLINE_CURVE_WITH_KNOTS ( ( 4, 4 ),
 ( 3.141592653589793116, 6.283185307179586232 ),
 .UNSPECIFIED. ) 
 CURVE ( )  GEOMETRIC_REPRESENTATION_ITEM ( )  RATIONAL_B_SPLINE_CURVE ( ( 1.000000000000000000, 0.3333333333333333703, 0.3333333333333333703, 1.000000000000000000 ) ) 
 REPRESENTATION_ITEM ( '' )  );
#2726 = ORIENTED_EDGE ( 'NONE', *, *, #961, .F. ) ;
#2727 = CARTESIAN_POINT ( 'NONE',  ( 5.410649931895695097, -132.1462261916518912, -28.55160718379390161 ) ) ;
#2728 = DIRECTION ( 'NONE',  ( 0.000000000000000000, 0.000000000000000000, 1.000000000000000000 ) ) ;
#2729 = ADVANCED_FACE ( 'NONE', ( #3918 ), #2250, .F. ) ;
#2730 = CARTESIAN_POINT ( 'NONE',  ( 18.69999999999998863, -10.29999999999999005, 22.15000000000000213 ) ) ;
#2731 = CARTESIAN_POINT ( 'NONE',  ( -7.398698242260097757, -131.1103117658300334, -26.21364989927741718 ) ) ;
#2732 = ORIENTED_EDGE ( 'NONE', *, *, #6959, .F. ) ;
#2733 = CARTESIAN_POINT ( 'NONE',  ( -12.12242594478160207, -93.42897871641211793, -5.059279000558761119 ) ) ;
#2734 = CARTESIAN_POINT ( 'NONE',  ( -8.419872920463445709, -25.29999999999999361, -18.38144638708525491 ) ) ;
#2735 = ADVANCED_FACE ( 'NONE', ( #4393 ), #3996, .T. ) ;
#2736 = DIRECTION ( 'NONE',  ( -6.897508850802415061E-17, 0.000000000000000000, -1.000000000000000000 ) ) ;
#2737 = CARTESIAN_POINT ( 'NONE',  ( -2.370090972133892748, -25.30000000000000426, -24.21324696582934166 ) ) ;
#2738 = FACE_OUTER_BOUND ( 'NONE', #2881, .T. ) ;
#2739 = CARTESIAN_POINT ( 'NONE',  ( -10.65114829604482338, -118.8671960652347508, -7.426693374275119552 ) ) ;
#2740 = CIRCLE ( 'NONE', #1435, 1.000000000000000000 ) ;
#2741 = DIRECTION ( 'NONE',  ( -1.000000000000000000, 0.000000000000000000, 0.000000000000000000 ) ) ;
#2742 = PLANE ( 'NONE',  #5642 ) ;
#2743 = CIRCLE ( 'NONE', #2155, 1.000000000000000888 ) ;
#2744 = VERTEX_POINT ( 'NONE', #2209 ) ;
#2745 = CARTESIAN_POINT ( 'NONE',  ( -6.774705614686792998, -24.01504222856338799, -26.70928787795902082 ) ) ;
#2746 = CARTESIAN_POINT ( 'NONE',  ( -5.973852584127201659, -88.51012529784298977, 1.560654123231115298 ) ) ;
#2747 = CARTESIAN_POINT ( 'NONE',  ( -8.076398795219905224, -110.1724791046057987, -5.535040218091556774 ) ) ;
#2748 = AXIS2_PLACEMENT_3D ( 'NONE', #5489, #6080, #449 ) ;
#2749 = SPHERICAL_SURFACE ( 'NONE', #531, 1.000000000000000000 ) ;
#2750 = CARTESIAN_POINT ( 'NONE',  ( 7.339136564341451674, -121.5548548678768128, -5.020598688914255980 ) ) ;
#2751 = DIRECTION ( 'NONE',  ( 1.000000000000000000, 0.000000000000000000, 0.000000000000000000 ) ) ;
#2752 = ORIENTED_EDGE ( 'NONE', *, *, #4897, .F. ) ;
#2753 = CARTESIAN_POINT ( 'NONE',  ( 2.066286868987941006, -132.8807488220528228, -30.31593445203149173 ) ) ;
#2754 = DIRECTION ( 'NONE',  ( -0.000000000000000000, -0.000000000000000000, 1.000000000000000000 ) ) ;
#2755 = CARTESIAN_POINT ( 'NONE',  ( -1.665748387468783585E-15, -24.29999999999999716, -24.15000000000000568 ) ) ;
#2756 = CARTESIAN_POINT ( 'NONE',  ( -0.6181114022980541689, -108.0285301430337341, -2.582565497692274725 ) ) ;
#2757 = DIRECTION ( 'NONE',  ( 6.897508850802415061E-17, 0.000000000000000000, 1.000000000000000000 ) ) ;
#2758 = DIRECTION ( 'NONE',  ( -0.000000000000000000, -0.000000000000000000, 1.000000000000000000 ) ) ;
#2759 = ORIENTED_EDGE ( 'NONE', *, *, #64, .F. ) ;
#2760 = CARTESIAN_POINT ( 'NONE',  ( 13.58516107523371730, -126.1399540355257471, -30.41569856683451079 ) ) ;
#2761 = DIRECTION ( 'NONE',  ( 0.000000000000000000, 0.000000000000000000, 1.000000000000000000 ) ) ;
#2763 = EDGE_CURVE ( 'NONE', #3124, #823, #3355, .T. ) ;
#2762 = DIRECTION ( 'NONE',  ( 0.000000000000000000, 0.000000000000000000, 1.000000000000000000 ) ) ;
#2764 = EDGE_CURVE ( 'NONE', #3288, #790, #2170, .T. ) ;
#2765 = CARTESIAN_POINT ( 'NONE',  ( -10.23382098121232175, -24.38442226448337280, -25.15000000000000568 ) ) ;
#2766 = CARTESIAN_POINT ( 'NONE',  ( -19.14999999999999858, 3.000000000000000000, -21.15000000000000213 ) ) ;
#2767 = ORIENTED_EDGE ( 'NONE', *, *, #2875, .F. ) ;
#2768 = VECTOR ( 'NONE', #1335, 1000.000000000000000 ) ;
#2769 = CARTESIAN_POINT ( 'NONE',  ( -5.850000000000004086, -1.031049961377747515, -28.15000000000000568 ) ) ;
#2770 = CARTESIAN_POINT ( 'NONE',  ( 22.44289321881343469, 2.999999999999999112, -24.85710678118655181 ) ) ;
#2771 = ORIENTED_EDGE ( 'NONE', *, *, #5027, .F. ) ;
#2772 = DIRECTION ( 'NONE',  ( 1.000000000000000000, 1.734723475976806897E-15, 0.000000000000000000 ) ) ;
#2773 = DIRECTION ( 'NONE',  ( -1.000000000000000000, 0.000000000000000000, 0.000000000000000000 ) ) ;
#2774 = ADVANCED_FACE ( 'NONE', ( #7207 ), #519, .T. ) ;
#2775 = AXIS2_PLACEMENT_3D ( 'NONE', #6220, #3937, #3417 ) ;
#2776 = FACE_BOUND ( 'NONE', #3802, .T. ) ;
#2777 = CARTESIAN_POINT ( 'NONE',  ( 2.806854249492377384, -6.993145750507620662, -20.15000000000000213 ) ) ;
#2778 = EDGE_CURVE ( 'NONE', #7057, #84, #6931, .T. ) ;
#2779 = VECTOR ( 'NONE', #7241, 1000.000000000000000 ) ;
#2780 = VERTEX_POINT ( 'NONE', #3836 ) ;
#2781 = SPHERICAL_SURFACE ( 'NONE', #1931, 1.000000000000000000 ) ;
#2782 = VECTOR ( 'NONE', #6348, 1000.000000000000000 ) ;
#2783 = CARTESIAN_POINT ( 'NONE',  ( -3.833565035660772669, -25.05894067770935507, -24.85237370143934399 ) ) ;
#2784 = VERTEX_POINT ( 'NONE', #3396 ) ;
#2785 = EDGE_CURVE ( 'NONE', #1419, #5979, #2721, .T. ) ;
#2786 = DIRECTION ( 'NONE',  ( 1.000000000000000000, 0.000000000000000000, 0.000000000000000000 ) ) ;
#2787 = CARTESIAN_POINT ( 'NONE',  ( -6.722859493059469393, -92.20064225447006834, -1.418070494190129427 ) ) ;
#2788 = CARTESIAN_POINT ( 'NONE',  ( -6.762060787532758965, -107.6680056116405524, -2.179011277241892586 ) ) ;
#2789 = CIRCLE ( 'NONE', #6939, 0.9999999999999988898 ) ;
#2790 = DIRECTION ( 'NONE',  ( -0.7071067811865446862, -0.000000000000000000, 0.7071067811865504593 ) ) ;
#2791 = DIRECTION ( 'NONE',  ( 1.000000000000000000, 0.000000000000000000, -6.897508850802415061E-17 ) ) ;
#2792 = DIRECTION ( 'NONE',  ( 0.000000000000000000, 0.000000000000000000, 1.000000000000000000 ) ) ;
#2793 = VERTEX_POINT ( 'NONE', #1732 ) ;
#2794 = CARTESIAN_POINT ( 'NONE',  ( -22.15000000000000568, 2.999999999999999112, -25.15000000000000213 ) ) ;
#2795 = CARTESIAN_POINT ( 'NONE',  ( -1.140212240571265134, -87.47075236821522992, -1.032870107116554914 ) ) ;
#2796 = VERTEX_POINT ( 'NONE', #2291 ) ;
#2797 = FACE_OUTER_BOUND ( 'NONE', #2042, .T. ) ;
#2798 = CARTESIAN_POINT ( 'NONE',  ( 5.560689933284023390, 3.000000000000000000, 24.15000000000000568 ) ) ;
#2799 = DIRECTION ( 'NONE',  ( -1.000000000000000000, 1.301042606982605321E-15, 0.000000000000000000 ) ) ;
#2800 = LINE ( 'NONE', #5093, #3976 ) ;
#2801 = CARTESIAN_POINT ( 'NONE',  ( 3.075387586359087155, -120.4782410108151822, -3.044024812240450295 ) ) ;
#2802 = EDGE_LOOP ( 'NONE', ( #607, #2220, #5315, #5798 ) ) ;
#2803 = ORIENTED_EDGE ( 'NONE', *, *, #3635, .F. ) ;
#2804 = CARTESIAN_POINT ( 'NONE',  ( 7.569710385570423306, -130.9712421462407121, -25.91369044181155346 ) ) ;
#2805 = CARTESIAN_POINT ( 'NONE',  ( -21.73578643762688856, -24.29999999999999716, 19.14999999999999858 ) ) ;
#2806 = CARTESIAN_POINT ( 'NONE',  ( -0.9769867375673924048, -119.1540560139687415, -4.535809871754415745 ) ) ;
#2807 = CIRCLE ( 'NONE', #1383, 1.600000000000002531 ) ;
#2808 = CARTESIAN_POINT ( 'NONE',  ( -5.316055265282726872, -24.39387378289512398, -26.33920891306254219 ) ) ;
#2809 = CIRCLE ( 'NONE', #6956, 12.00000000000000178 ) ;
#2810 = ORIENTED_EDGE ( 'NONE', *, *, #775, .F. ) ;
#2811 = CARTESIAN_POINT ( 'NONE',  ( 3.146476370910897824, -20.30000000000000071, 20.15000000000000213 ) ) ;
#2812 = CARTESIAN_POINT ( 'NONE',  ( 15.32499999999973817, -11.94544826719053532, 23.15000000000000213 ) ) ;
#2813 = CARTESIAN_POINT ( 'NONE',  ( -8.046424708237434942, -25.30000000000215366, -11.84144393584063160 ) ) ;
#2814 = CARTESIAN_POINT ( 'NONE',  ( 2.278677494721451868, -105.4929604941567902, -0.3001098296013766098 ) ) ;
#2815 = LINE ( 'NONE', #6742, #2937 ) ;
#2816 = AXIS2_PLACEMENT_3D ( 'NONE', #6628, #4883, #982 ) ;
#2817 = VECTOR ( 'NONE', #2403, 1000.000000000000000 ) ;
#2818 = CARTESIAN_POINT ( 'NONE',  ( -2.750911650095564820, -122.7636552336499989, -3.400816161345301403 ) ) ;
#2819 = ORIENTED_EDGE ( 'NONE', *, *, #824, .F. ) ;
#2820 = EDGE_CURVE ( 'NONE', #2793, #4334, #1044, .T. ) ;
#2821 = DIRECTION ( 'NONE',  ( 0.000000000000000000, 0.000000000000000000, 1.000000000000000000 ) ) ;
#2822 = DIRECTION ( 'NONE',  ( 0.000000000000000000, 0.000000000000000000, 1.000000000000000000 ) ) ;
#2823 = ORIENTED_EDGE ( 'NONE', *, *, #2145, .T. ) ;
#2824 = CARTESIAN_POINT ( 'NONE',  ( -8.750000000000001776, -12.64999999999999858, -20.15000000000000213 ) ) ;
#2825 = VECTOR ( 'NONE', #4798, 1000.000000000000000 ) ;
#2826 = ADVANCED_FACE ( 'NONE', ( #7280 ), #3245, .F. ) ;
#2827 = CARTESIAN_POINT ( 'NONE',  ( -6.376019080461131416, -88.57750829446827368, 1.347733576491076946 ) ) ;
#2828 = CARTESIAN_POINT ( 'NONE',  ( -8.792773709900531642, -112.3063906996039236, -6.625379747365141014 ) ) ;
#2829 = CARTESIAN_POINT ( 'NONE',  ( 21.73578643762691343, -24.29999999999999716, 24.15000000000000568 ) ) ;
#2830 = DIRECTION ( 'NONE',  ( -6.897508850802415061E-17, 0.000000000000000000, -1.000000000000000000 ) ) ;
#2831 = EDGE_CURVE ( 'NONE', #4262, #1768, #2437, .T. ) ;
#2832 = CARTESIAN_POINT ( 'NONE',  ( -14.18947932295049874, -125.8385494483922571, -29.28884823600849074 ) ) ;
#2833 = EDGE_LOOP ( 'NONE', ( #910, #2335, #4133 ) ) ;
#2834 = CARTESIAN_POINT ( 'NONE',  ( -3.711792272028617390, -91.39868172654649925, -0.08597490328245147029 ) ) ;
#2835 = CARTESIAN_POINT ( 'NONE',  ( 8.853489769250753483, -89.28511143809004125, -0.4210292786562838674 ) ) ;
#2836 = EDGE_CURVE ( 'NONE', #4723, #3703, #126, .T. ) ;
#2837 = EDGE_LOOP ( 'NONE', ( #4106, #4442, #3316, #3570, #4313 ) ) ;
#2838 = DIRECTION ( 'NONE',  ( 1.000000000000000000, 0.000000000000000000, 0.000000000000000000 ) ) ;
#2839 = DIRECTION ( 'NONE',  ( 0.000000000000000000, 0.000000000000000000, -1.000000000000000000 ) ) ;
#2840 = DIRECTION ( 'NONE',  ( 1.000000000000000000, -8.673617379884027583E-16, 0.000000000000000000 ) ) ;
#2841 = ORIENTED_EDGE ( 'NONE', *, *, #4641, .T. ) ;
#2842 = ORIENTED_EDGE ( 'NONE', *, *, #5229, .F. ) ;
#2843 = ORIENTED_EDGE ( 'NONE', *, *, #4556, .F. ) ;
#2844 = CARTESIAN_POINT ( 'NONE',  ( 4.778811048774755932, -132.3542717999571039, -29.04205479945714075 ) ) ;
#2845 = DIRECTION ( 'NONE',  ( -6.897508850802415061E-17, 0.000000000000000000, -1.000000000000000000 ) ) ;
#2846 = CARTESIAN_POINT ( 'NONE',  ( -7.165148263936673700, -117.2490348004029244, -6.102942165479506187 ) ) ;
#2847 = AXIS2_PLACEMENT_3D ( 'NONE', #4338, #5506, #290 ) ;
#2848 = LINE ( 'NONE', #1174, #3174 ) ;
#2849 = VERTEX_POINT ( 'NONE', #4699 ) ;
#2850 = CARTESIAN_POINT ( 'NONE',  ( -0.7500000000000011102, -4.649999999999997691, -28.15000000000000213 ) ) ;
#2851 = CARTESIAN_POINT ( 'NONE',  ( -11.25088593739302922, -91.23523268396608898, -3.321621423853972299 ) ) ;
#2852 = PLANE ( 'NONE',  #361 ) ;
#2853 = CARTESIAN_POINT ( 'NONE',  ( -3.355809621475263908E-14, -31.16824088833464046, -15.40923400202533600 ) ) ;
#2854 = FACE_OUTER_BOUND ( 'NONE', #6321, .T. ) ;
#2855 = CARTESIAN_POINT ( 'NONE',  ( -3.329475647034533470, -25.30000000000000426, -24.21325363314524992 ) ) ;
#2856 = CARTESIAN_POINT ( 'NONE',  ( -19.14999999999999858, 4.000000000000000000, -19.14999999999999858 ) ) ;
#2857 = DIRECTION ( 'NONE',  ( 1.000000000000000000, 0.000000000000000000, 0.000000000000000000 ) ) ;
#2858 = VERTEX_POINT ( 'NONE', #717 ) ;
#2859 = CARTESIAN_POINT ( 'NONE',  ( 24.14999999999998792, -24.29999999999999716, -21.73578643762691698 ) ) ;
#2860 = ORIENTED_EDGE ( 'NONE', *, *, #6208, .F. ) ;
#2861 = CARTESIAN_POINT ( 'NONE',  ( -1.469129850409551574, -91.23620564047391213, 0.3169785502018113710 ) ) ;
#2862 = EDGE_CURVE ( 'NONE', #6065, #2270, #2878, .T. ) ;
#2863 = CARTESIAN_POINT ( 'NONE',  ( -8.457637990422254504, -108.2285360150891051, -3.373601835496892409 ) ) ;
#2864 = CIRCLE ( 'NONE', #6770, 1.000000000000000888 ) ;
#2865 = DIRECTION ( 'NONE',  ( 0.7071067811865466846, 0.000000000000000000, -0.7071067811865483499 ) ) ;
#2866 = DIRECTION ( 'NONE',  ( 2.812538085595988450E-16, 0.9848077530122080203, 0.1736481776669306920 ) ) ;
#2867 = CARTESIAN_POINT ( 'NONE',  ( -6.321022446229484615, -127.7274146028953226, -37.00665956680426660 ) ) ;
#2868 = EDGE_LOOP ( 'NONE', ( #1577, #2143, #2618, #5364 ) ) ;
#2869 = CARTESIAN_POINT ( 'NONE',  ( 22.94289321881355193, 4.000000000000000000, 22.94289321881336718 ) ) ;
#2870 = CARTESIAN_POINT ( 'NONE',  ( -25.15000000000000213, -25.30000000000000071, -25.15000000000000213 ) ) ;
#2871 = AXIS2_PLACEMENT_3D ( 'NONE', #471, #1105, #2231 ) ;
#2872 = ORIENTED_EDGE ( 'NONE', *, *, #2088, .T. ) ;
#2873 = CARTESIAN_POINT ( 'NONE',  ( -4.850000000000002309, 1.999999999999999112, -28.15000000000000568 ) ) ;
#2874 = CARTESIAN_POINT ( 'NONE',  ( -13.26187640737054707, -121.6776518954689408, -12.59748559203216445 ) ) ;
#2875 = EDGE_CURVE ( 'NONE', #928, #5206, #606, .T. ) ;
#2876 = FACE_OUTER_BOUND ( 'NONE', #473, .T. ) ;
#2877 = VECTOR ( 'NONE', #5611, 1000.000000000000000 ) ;
#2878 = LINE ( 'NONE', #1911, #1159 ) ;
#2879 = EDGE_LOOP ( 'NONE', ( #5249, #5279 ) ) ;
#2880 = EDGE_CURVE ( 'NONE', #4535, #3666, #4129, .T. ) ;
#2881 = EDGE_LOOP ( 'NONE', ( #2907, #611, #6911, #6094 ) ) ;
#2882 = VERTEX_POINT ( 'NONE', #4592 ) ;
#2883 = VERTEX_POINT ( 'NONE', #5684 ) ;
#2884 = CARTESIAN_POINT ( 'NONE',  ( -5.348719564300689733, -132.1756115345597209, -28.61880437017222079 ) ) ;
#2885 = FACE_OUTER_BOUND ( 'NONE', #1425, .T. ) ;
#2886 = LINE ( 'NONE', #5571, #1932 ) ;
#2887 = DIRECTION ( 'NONE',  ( -2.812538085595988943E-16, -0.9848077530122080203, -0.1736481776669306920 ) ) ;
#2888 = ORIENTED_EDGE ( 'NONE', *, *, #5837, .F. ) ;
#2889 = CYLINDRICAL_SURFACE ( 'NONE', #130, 14.00000000000000178 ) ;
#2890 = CARTESIAN_POINT ( 'NONE',  ( 9.521862809342177769, -25.29999999999999361, 15.70299956381588835 ) ) ;
#2891 = CARTESIAN_POINT ( 'NONE',  ( -12.20585267841042487, -25.29999999999999005, -7.234472243481563147 ) ) ;
#2892 = FACE_OUTER_BOUND ( 'NONE', #3074, .T. ) ;
#2893 = CARTESIAN_POINT ( 'NONE',  ( 24.14999999999999503, -25.30000000000000071, -21.73578643762692408 ) ) ;
#2894 = DIRECTION ( 'NONE',  ( -1.000000000000000000, 0.000000000000000000, 6.897508850802415061E-17 ) ) ;
#2895 = CIRCLE ( 'NONE', #2180, 2.100000000000000533 ) ;
#2896 = CARTESIAN_POINT ( 'NONE',  ( -6.575717743270267590, -121.8753345680934643, -4.632561689016331918 ) ) ;
#2897 = VERTEX_POINT ( 'NONE', #5169 ) ;
#2898 = CARTESIAN_POINT ( 'NONE',  ( 10.97694444192370788, -125.7243365946667808, -15.53898254698411030 ) ) ;
#2899 = CARTESIAN_POINT ( 'NONE',  ( 5.149999999999996803, -12.65000000000000391, -30.15000000000000568 ) ) ;
#2900 = CARTESIAN_POINT ( 'NONE',  ( -8.769231442696193923, -112.0913621608889201, -6.559854902298101642 ) ) ;
#2901 = CARTESIAN_POINT ( 'NONE',  ( -8.368154443323822633, -110.6463728518193648, -5.878793063943313690 ) ) ;
#2902 = CIRCLE ( 'NONE', #1357, 0.7999999999999986011 ) ;
#2903 = CARTESIAN_POINT ( 'NONE',  ( -0.1979351155724274891, -119.1574078186632732, -4.529103465395905914 ) ) ;
#2904 = CARTESIAN_POINT ( 'NONE',  ( 2.130383707761742240, -23.57428632946349012, -26.94938123717337675 ) ) ;
#2905 = EDGE_CURVE ( 'NONE', #5589, #3307, #92, .T. ) ;
#2906 = CARTESIAN_POINT ( 'NONE',  ( -14.95917615516307464, -120.8697298567601877, -15.06197332384035725 ) ) ;
#2907 = ORIENTED_EDGE ( 'NONE', *, *, #6914, .T. ) ;
#2908 = AXIS2_PLACEMENT_3D ( 'NONE', #3613, #4728, #5891 ) ;
#2909 = CYLINDRICAL_SURFACE ( 'NONE', #1592, 1.000000000000000888 ) ;
#2910 = CARTESIAN_POINT ( 'NONE',  ( 8.715423905232263735, -91.54114532547040994, -0.6239033463104378674 ) ) ;
#2911 = AXIS2_PLACEMENT_3D ( 'NONE', #3804, #2588, #6545 ) ;
#2912 = VERTEX_POINT ( 'NONE', #6950 ) ;
#2913 = CARTESIAN_POINT ( 'NONE',  ( 3.146476370910904485, 3.000000000000000000, 21.15000000000000213 ) ) ;
#2914 = DIRECTION ( 'NONE',  ( -2.595324257062149123E-16, -1.000000000000000000, 0.000000000000000000 ) ) ;
#2915 = ORIENTED_EDGE ( 'NONE', *, *, #2925, .F. ) ;
#2916 = EDGE_CURVE ( 'NONE', #4360, #507, #4033, .T. ) ;
#2917 = EDGE_LOOP ( 'NONE', ( #3725, #1981, #87, #1224 ) ) ;
#2918 = ORIENTED_EDGE ( 'NONE', *, *, #4273, .T. ) ;
#2919 = CARTESIAN_POINT ( 'NONE',  ( -16.73050338134907022, -133.6252450338873246, -24.37837860256307820 ) ) ;
#2920 = CARTESIAN_POINT ( 'NONE',  ( 8.921649105293296245, -126.0285047560635263, -16.71642527962865543 ) ) ;
#2921 = CARTESIAN_POINT ( 'NONE',  ( 4.906854249492377029, -6.993145750507620662, -28.15000000000000213 ) ) ;
#2922 = EDGE_CURVE ( 'NONE', #5206, #27, #4356, .T. ) ;
#2923 = CARTESIAN_POINT ( 'NONE',  ( 7.605790460379714624, -109.6041121055697545, -5.050663844635238320 ) ) ;
#2924 = ORIENTED_EDGE ( 'NONE', *, *, #6994, .F. ) ;
#2925 = EDGE_CURVE ( 'NONE', #1836, #1714, #5527, .T. ) ;
#2926 = CARTESIAN_POINT ( 'NONE',  ( 10.64999999999998970, -17.30000000000002203, 22.15000000000000213 ) ) ;
#2927 = DIRECTION ( 'NONE',  ( 0.000000000000000000, -1.000000000000000000, 0.000000000000000000 ) ) ;
#2928 = CARTESIAN_POINT ( 'NONE',  ( 24.14999999999999147, -25.30000000000000071, 21.73578643762691343 ) ) ;
#2929 = CARTESIAN_POINT ( 'NONE',  ( -1.243561198169508275, -25.29999999999999361, 18.25293848457193135 ) ) ;
#2930 = CARTESIAN_POINT ( 'NONE',  ( 1.051729878995240064, -122.8991721071875531, -3.189583022237339804 ) ) ;
#2931 = CARTESIAN_POINT ( 'NONE',  ( -5.850000000000004086, -1.031049961377747515, -27.15000000000000213 ) ) ;
#2932 = DIRECTION ( 'NONE',  ( 1.000000000000000000, 0.000000000000000000, 0.000000000000000000 ) ) ;
#2933 = DIRECTION ( 'NONE',  ( 0.000000000000000000, 1.000000000000000000, 0.000000000000000000 ) ) ;
#2934 = ORIENTED_EDGE ( 'NONE', *, *, #1797, .F. ) ;
#2935 = DIRECTION ( 'NONE',  ( -1.000000000000000000, 0.000000000000000000, 0.000000000000000000 ) ) ;
#2936 = DIRECTION ( 'NONE',  ( 0.000000000000000000, 0.1736481776669308585, -0.9848077530122079093 ) ) ;
#2937 = VECTOR ( 'NONE', #4489, 1000.000000000000114 ) ;
#2938 = DIRECTION ( 'NONE',  ( 1.000000000000000000, 0.000000000000000000, -6.897508850802415061E-17 ) ) ;
#2939 = CARTESIAN_POINT ( 'NONE',  ( -7.281064604691061426, -109.3585230478884114, -4.788034558330164892 ) ) ;
#2940 = CARTESIAN_POINT ( 'NONE',  ( 3.190409933411575860, -102.0899591509682836, -1.851260786049768292 ) ) ;
#2941 = CARTESIAN_POINT ( 'NONE',  ( -12.33655622907743776, -113.4521286290159736, -8.980909589364870271 ) ) ;
#2942 = FACE_OUTER_BOUND ( 'NONE', #6759, .T. ) ;
#2943 = ORIENTED_EDGE ( 'NONE', *, *, #6172, .T. ) ;
#2944 = DIRECTION ( 'NONE',  ( 0.7071067811865445751, 0.000000000000000000, -0.7071067811865504593 ) ) ;
#2945 = CARTESIAN_POINT ( 'NONE',  ( -0.6123998902387776111, -90.42590321044595214, 2.585610947486111755 ) ) ;
#2946 = VERTEX_POINT ( 'NONE', #5278 ) ;
#2947 = CARTESIAN_POINT ( 'NONE',  ( -4.298780052110708461, -101.8493743795729927, -2.096680856340694010 ) ) ;
#2948 = CARTESIAN_POINT ( 'NONE',  ( 4.853583152097468378, -11.93193262840708613, 24.85710678118654471 ) ) ;
#2949 = CARTESIAN_POINT ( 'NONE',  ( -3.725379147522302592, -24.62602497423489467, -25.38677613158692381 ) ) ;
#2950 = ORIENTED_EDGE ( 'NONE', *, *, #2059, .F. ) ;
#2951 = EDGE_LOOP ( 'NONE', ( #1170, #2689, #239, #897 ) ) ;
#2952 = CARTESIAN_POINT ( 'NONE',  ( -14.06459347242661195, -137.0955535839541710, -32.64120211412347317 ) ) ;
#2953 = CARTESIAN_POINT ( 'NONE',  ( -10.97694444192379493, -125.7243365946668092, -15.53898254698415471 ) ) ;
#2954 = CARTESIAN_POINT ( 'NONE',  ( 12.47499999999973674, -10.30000000000010019, 25.15000000000000213 ) ) ;
#2955 = EDGE_CURVE ( 'NONE', #6355, #6301, #200, .T. ) ;
#2956 = CARTESIAN_POINT ( 'NONE',  ( 9.697567471014885143, -106.5416182510188321, -4.223533372833792043 ) ) ;
#2957 = CIRCLE ( 'NONE', #6673, 12.00000000000000178 ) ;
#2958 = ORIENTED_EDGE ( 'NONE', *, *, #4185, .F. ) ;
#2959 = DIRECTION ( 'NONE',  ( -1.224646799147353207E-16, 1.000000000000000000, 8.447012136225716067E-33 ) ) ;
#2960 = CARTESIAN_POINT ( 'NONE',  ( 0.9647317651414258899, -25.29999999999136762, 14.05744032867367643 ) ) ;
#2961 = CARTESIAN_POINT ( 'NONE',  ( -12.55570826143449104, -25.29999999999999361, 13.49500419535373297 ) ) ;
#2962 = CARTESIAN_POINT ( 'NONE',  ( -22.44289321881343824, 2.999999999999999112, 19.85710678118654826 ) ) ;
#2963 = CARTESIAN_POINT ( 'NONE',  ( 0.02706447616317289584, -24.98372869334810531, -24.87973630435418215 ) ) ;
#2964 = EDGE_CURVE ( 'NONE', #1424, #7033, #5407, .T. ) ;
#2965 = FACE_OUTER_BOUND ( 'NONE', #216, .T. ) ;
#2966 = CIRCLE ( 'NONE', #4263, 1.000000000000000888 ) ;
#2967 = CARTESIAN_POINT ( 'NONE',  ( -12.35342563150711825, -112.2258456081558364, -8.796955580577474620 ) ) ;
#2968 = CARTESIAN_POINT ( 'NONE',  ( -20.15000000000000213, 2.999999999999999112, 20.15000000000000213 ) ) ;
#2969 = DIRECTION ( 'NONE',  ( -6.897508850802416293E-17, -0.000000000000000000, -1.000000000000000000 ) ) ;
#2970 = EDGE_CURVE ( 'NONE', #2504, #2984, #2361, .T. ) ;
#2971 = CARTESIAN_POINT ( 'NONE',  ( 24.14999999999999503, -24.29999999999999716, -21.73578643762691698 ) ) ;
#2972 = DIRECTION ( 'NONE',  ( -6.897508850802415061E-17, -0.000000000000000000, -1.000000000000000000 ) ) ;
#2973 = CARTESIAN_POINT ( 'NONE',  ( -7.901421226352820959, -121.3042722476047999, -5.323222403051378393 ) ) ;
#2974 = APPROVAL_PERSON_ORGANIZATION ( #3693, #1877, #309 ) ;
#2975 = DIRECTION ( 'NONE',  ( -0.000000000000000000, -0.000000000000000000, -1.000000000000000000 ) ) ;
#2976 = EDGE_LOOP ( 'NONE', ( #1356, #5091, #4177, #2211 ) ) ;
#2977 = CARTESIAN_POINT ( 'NONE',  ( 7.973895517751651951, -99.50105347013625590, -3.562264503713231889 ) ) ;
#2978 = VECTOR ( 'NONE', #1708, 1000.000000000000114 ) ;
#2979 = CARTESIAN_POINT ( 'NONE',  ( -3.032094848156988931, -105.9140659052918068, -0.4864113024659378892 ) ) ;
#2980 = SPHERICAL_SURFACE ( 'NONE', #2908, 1.000000000000000000 ) ;
#2981 = VECTOR ( 'NONE', #2254, 1000.000000000000000 ) ;
#2982 = AXIS2_PLACEMENT_3D ( 'NONE', #1317, #5318, #97 ) ;
#2983 = DIRECTION ( 'NONE',  ( 0.000000000000000000, 0.000000000000000000, -1.000000000000000000 ) ) ;
#2984 = VERTEX_POINT ( 'NONE', #822 ) ;
#2985 = VECTOR ( 'NONE', #7298, 1000.000000000000114 ) ;
#2986 = ORIENTED_EDGE ( 'NONE', *, *, #3087, .F. ) ;
#2987 = CARTESIAN_POINT ( 'NONE',  ( -4.263676352370117328, -132.4957706542920164, -29.37971356593811478 ) ) ;
#2988 = CIRCLE ( 'NONE', #6653, 1.000000000000000888 ) ;
#2989 = DIRECTION ( 'NONE',  ( 1.000000000000000000, 0.000000000000000000, 0.000000000000000000 ) ) ;
#2990 = CARTESIAN_POINT ( 'NONE',  ( -21.73578643762688856, -24.29999999999999716, 19.14999999999999858 ) ) ;
#2991 = VECTOR ( 'NONE', #4162, 1000.000000000000000 ) ;
#2992 = CARTESIAN_POINT ( 'NONE',  ( 6.323921264256553876, -108.8331345410584845, -4.134381835141183181 ) ) ;
#2993 = ORIENTED_EDGE ( 'NONE', *, *, #4021, .T. ) ;
#2994 = DIRECTION ( 'NONE',  ( -0.7071067811865466846, -0.000000000000000000, 0.7071067811865483499 ) ) ;
#2995 = CARTESIAN_POINT ( 'NONE',  ( 2.487063435502019360, -25.29999999999999361, 18.12857343012721856 ) ) ;
#2996 = EDGE_CURVE ( 'NONE', #2520, #4947, #5302, .T. ) ;
#2997 = CARTESIAN_POINT ( 'NONE',  ( -13.55223308168250185, -30.07488027241369366, 2.685481421068982577 ) ) ;
#2998 = VERTEX_POINT ( 'NONE', #5312 ) ;
#2999 = ADVANCED_FACE ( 'NONE', ( #852 ), #7077, .T. ) ;
#3000 = DIRECTION ( 'NONE',  ( 2.595324257062149123E-16, 1.000000000000000000, -0.000000000000000000 ) ) ;
#3001 = CARTESIAN_POINT ( 'NONE',  ( 12.79200802942485637, -56.64563700138307922, 0.09267141925933503055 ) ) ;
#3002 = CARTESIAN_POINT ( 'NONE',  ( -5.834507100787637235, -105.3089555915466633, -1.343653488496959536 ) ) ;
#3003 = DIRECTION ( 'NONE',  ( -0.7071067811865457964, 0.000000000000000000, 0.7071067811865492381 ) ) ;
#3004 = CARTESIAN_POINT ( 'NONE',  ( 9.212529020397028034, -126.0612052533608392, -16.53097154381443445 ) ) ;
#3005 = EDGE_CURVE ( 'NONE', #5616, #6617, #3762, .T. ) ;
#3006 = CARTESIAN_POINT ( 'NONE',  ( -0.4274092194986319759, -25.29999999999999716, -24.59193816243683983 ) ) ;
#3007 = CARTESIAN_POINT ( 'NONE',  ( -1.444599189954098861, -107.2544794533061037, -0.4683787848659710651 ) ) ;
#3008 = ADVANCED_FACE ( 'NONE', ( #4793 ), #6463, .T. ) ;
#3009 = CARTESIAN_POINT ( 'NONE',  ( -8.279880300176047925, -115.7262061336394510, -6.696494427515336412 ) ) ;
#3010 = EDGE_CURVE ( 'NONE', #5862, #2540, #4244, .T. ) ;
#3011 = CARTESIAN_POINT ( 'NONE',  ( -24.15000000000000213, -24.29999999999999716, 16.73578643762689566 ) ) ;
#3012 = ORIENTED_EDGE ( 'NONE', *, *, #155, .T. ) ;
#3013 = FACE_OUTER_BOUND ( 'NONE', #6370, .T. ) ;
#3014 = CARTESIAN_POINT ( 'NONE',  ( 8.777507301817125906, -97.13924376023622642, -3.933164908072690036 ) ) ;
#3015 = CARTESIAN_POINT ( 'NONE',  ( -3.478173194039001714, -105.8499322304518273, -0.5836720362129127482 ) ) ;
#3016 = CARTESIAN_POINT ( 'NONE',  ( 2.146476370910900489, -11.93193262840708613, 21.14999999999999858 ) ) ;
#3017 = DIRECTION ( 'NONE',  ( -0.000000000000000000, -0.000000000000000000, 1.000000000000000000 ) ) ;
#3018 = ORIENTED_EDGE ( 'NONE', *, *, #1755, .F. ) ;
#3019 = AXIS2_PLACEMENT_3D ( 'NONE', #5311, #235, #1945 ) ;
#3020 = AXIS2_PLACEMENT_3D ( 'NONE', #3520, #5218, #1329 ) ;
#3021 = ORIENTED_EDGE ( 'NONE', *, *, #2694, .T. ) ;
#3022 = CARTESIAN_POINT ( 'NONE',  ( -6.133973002687022280, -139.5221114826790085, -39.33015545693804427 ) ) ;
#3023 = UNCERTAINTY_MEASURE_WITH_UNIT (LENGTH_MEASURE( 1.000000000000000082E-05 ), #6541, 'distance_accuracy_value', 'NONE');
#3024 = CARTESIAN_POINT ( 'NONE',  ( 10.64999999999998970, -17.30000000000002203, 15.15000000000000213 ) ) ;
#3025 = CARTESIAN_POINT ( 'NONE',  ( -2.850000000000004086, -12.65000000000000036, -29.15000000000000568 ) ) ;
#3026 = CARTESIAN_POINT ( 'NONE',  ( 11.46417363740704687, -108.4043660013849859, -6.648350150492293054 ) ) ;
#3027 = CIRCLE ( 'NONE', #3261, 3.999999999999999556 ) ;
#3028 = ORIENTED_EDGE ( 'NONE', *, *, #5141, .T. ) ;
#3029 = VERTEX_POINT ( 'NONE', #4243 ) ;
#3030 = APPROVAL_STATUS ( 'not_yet_approved' ) ;
#3031 = CARTESIAN_POINT ( 'NONE',  ( 10.54741536479935249, -29.72624319502422807, 8.455296621522562006 ) ) ;
#3032 = CARTESIAN_POINT ( 'NONE',  ( -6.122097509409448968, -25.29999999999999361, 17.26756442547857873 ) ) ;
#3033 = ORIENTED_EDGE ( 'NONE', *, *, #6491, .T. ) ;
#3034 = DIRECTION ( 'NONE',  ( 0.000000000000000000, 1.000000000000000000, 0.000000000000000000 ) ) ;
#3035 = CARTESIAN_POINT ( 'NONE',  ( 12.16279853097625363, -48.23524653774173032, -11.27093241959593506 ) ) ;
#3037 = ORIENTED_EDGE ( 'NONE', *, *, #4065, .F. ) ;
#3036 = CARTESIAN_POINT ( 'NONE',  ( -7.312504490935562984, -105.5944254733788767, -2.189430165076564183 ) ) ;
#3038 = DIRECTION ( 'NONE',  ( 1.000000000000000000, 0.000000000000000000, 0.000000000000000000 ) ) ;
#3039 = LINE ( 'NONE', #742, #4714 ) ;
#3040 = ORIENTED_EDGE ( 'NONE', *, *, #5300, .F. ) ;
#3041 = VECTOR ( 'NONE', #3758, 1000.000000000000000 ) ;
#3042 = DIRECTION ( 'NONE',  ( 0.7071067811865510144, 0.000000000000000000, 0.7071067811865441310 ) ) ;
#3043 = EDGE_CURVE ( 'NONE', #5843, #2540, #558, .T. ) ;
#3044 = CARTESIAN_POINT ( 'NONE',  ( -10.41336682974319672, -119.1916160054747991, -7.206280310388518018 ) ) ;
#3045 = CIRCLE ( 'NONE', #1627, 1.050000000000000488 ) ;
#3046 = CIRCLE ( 'NONE', #4346, 0.9999999999999988898 ) ;
#3047 = CARTESIAN_POINT ( 'NONE',  ( -24.44289321881345245, -25.30000000000000071, 16.44289321881344534 ) ) ;
#3048 = EDGE_CURVE ( 'NONE', #1989, #1808, #6495, .T. ) ;
#3049 = ORIENTED_EDGE ( 'NONE', *, *, #4223, .F. ) ;
#3050 = LINE ( 'NONE', #2630, #54 ) ;
#3051 = CARTESIAN_POINT ( 'NONE',  ( 11.69218531684463791, -99.99980094761173177, -5.508718514145879652 ) ) ;
#3052 = CARTESIAN_POINT ( 'NONE',  ( -5.139011418306844270, -101.6043950138462577, -2.325517276774983433 ) ) ;
#3053 = CYLINDRICAL_SURFACE ( 'NONE', #3019, 0.9999999999999995559 ) ;
#3054 = EDGE_CURVE ( 'NONE', #3900, #6981, #3289, .T. ) ;
#3055 = DIRECTION ( 'NONE',  ( 1.000000000000000000, 0.000000000000000000, 0.000000000000000000 ) ) ;
#3056 = AXIS2_PLACEMENT_3D ( 'NONE', #299, #5860, #3090 ) ;
#3057 = EDGE_LOOP ( 'NONE', ( #6464, #1431, #5802, #5217 ) ) ;
#3058 = ADVANCED_FACE ( 'NONE', ( #2085 ), #3680, .T. ) ;
#3059 = ORIENTED_EDGE ( 'NONE', *, *, #5620, .F. ) ;
#3060 = CARTESIAN_POINT ( 'NONE',  ( -12.82359349690312200, -118.6298494338049352, -10.73437107042788341 ) ) ;
#3061 = CARTESIAN_POINT ( 'NONE',  ( -11.25547252144918531, -125.5889800169502593, -15.38497609433093416 ) ) ;
#3062 = DIRECTION ( 'NONE',  ( 0.000000000000000000, 0.000000000000000000, 1.000000000000000000 ) ) ;
#3063 = AXIS2_PLACEMENT_3D ( 'NONE', #4590, #5602, #3312 ) ;
#3064 = PRODUCT ( '手柄', '手柄', '', ( #4150 ) ) ;
#3065 = CARTESIAN_POINT ( 'NONE',  ( 7.869383397149471548, -109.8790688885247704, -5.306215190728151399 ) ) ;
#3066 = ORIENTED_EDGE ( 'NONE', *, *, #99, .T. ) ;
#3067 = ORIENTED_EDGE ( 'NONE', *, *, #5471, .T. ) ;
#3068 = CARTESIAN_POINT ( 'NONE',  ( 18.99999999999998934, -25.29999999999999361, 0.2225636685740486065 ) ) ;
#3069 = CARTESIAN_POINT ( 'NONE',  ( 6.636176283424843447, -122.3985695954502262, -12.19493047643010719 ) ) ;
#3070 = ORIENTED_EDGE ( 'NONE', *, *, #3607, .T. ) ;
#3071 = CARTESIAN_POINT ( 'NONE',  ( -6.372370497659043348E-14, -127.9065132967537579, -6.065709585725522324 ) ) ;
#3072 = CARTESIAN_POINT ( 'NONE',  ( 6.199999999999999289, -12.65000000000000391, -0.1500000000000043798 ) ) ;
#3074 = EDGE_LOOP ( 'NONE', ( #1290, #536, #4911, #3989, #6711, #3755 ) ) ;
#3073 = CARTESIAN_POINT ( 'NONE',  ( -12.06736685315132718, -110.0042854662901703, -7.885179830497418330 ) ) ;
#3075 = VERTEX_POINT ( 'NONE', #3615 ) ;
#3076 = FACE_OUTER_BOUND ( 'NONE', #5165, .T. ) ;
#3077 = FACE_OUTER_BOUND ( 'NONE', #6706, .T. ) ;
#3078 = VERTEX_POINT ( 'NONE', #3714 ) ;
#3079 = CIRCLE ( 'NONE', #5963, 1.999999999999999778 ) ;
#3080 = CARTESIAN_POINT ( 'NONE',  ( 0.1499999999999956368, 2.999999999999999112, -25.15000000000000568 ) ) ;
#3081 = CARTESIAN_POINT ( 'NONE',  ( -8.439880043419298872, -115.3377124632966115, -6.781213839722379788 ) ) ;
#3082 = CARTESIAN_POINT ( 'NONE',  ( 5.560689933284014508, -24.29999999999999716, 24.14999999999999858 ) ) ;
#3083 = ORIENTED_EDGE ( 'NONE', *, *, #4653, .T. ) ;
#3084 = B_SPLINE_CURVE_WITH_KNOTS ( 'NONE', 3,
 ( #1285, #6851, #3549, #5830, #5864, #2953, #3061, #2474, #4734, #6992, #4182, #5317, #3481, #5175, #96, #4074, #6324, #3512, #5209, #131, #5898, #5417, #2579, #3721 ),
 .UNSPECIFIED., .F., .F.,
 ( 4, 2, 2, 2, 2, 2, 2, 2, 2, 2, 2, 4 ),
 ( 0.000000000000000000, 0.001038454939606764859, 0.002076909879213529719, 0.003115364818820294795, 0.003634592288623654781, 0.004153819758427015202, 0.005192274698033710022, 0.005711502167837075213, 0.006230729637640439536, 0.006749957107443805594, 0.007269184577247169918, 0.008307639516853865605 ),
 .UNSPECIFIED. ) ;
#3085 = EDGE_CURVE ( 'NONE', #5992, #6512, #4015, .T. ) ;
#3086 = CARTESIAN_POINT ( 'NONE',  ( 11.57325922278254460, -100.3199760603672246, -5.383640084555715077 ) ) ;
#3087 = EDGE_CURVE ( 'NONE', #5476, #3881, #1489, .T. ) ;
#3088 = CARTESIAN_POINT ( 'NONE',  ( -8.753645606941363511, -97.31001677194957722, -3.935778317666035697 ) ) ;
#3089 = DIRECTION ( 'NONE',  ( -2.595324257062149123E-16, -1.000000000000000000, 0.000000000000000000 ) ) ;
#3090 = DIRECTION ( 'NONE',  ( 1.000000000000000000, 0.000000000000000000, 0.000000000000000000 ) ) ;
#3091 = EDGE_LOOP ( 'NONE', ( #4042, #6973, #4279, #6811, #238, #6791, #3432, #2117, #3960, #5901, #3326, #4463, #332 ) ) ;
#3092 = ORIENTED_EDGE ( 'NONE', *, *, #4005, .T. ) ;
#3093 = EDGE_CURVE ( 'NONE', #4395, #5449, #320, .T. ) ;
#3094 = CARTESIAN_POINT ( 'NONE',  ( -16.61400141578947753, -131.7204162442614859, -20.52750197335068449 ) ) ;
#3095 = CIRCLE ( 'NONE', #4397, 0.9999999999999988898 ) ;
#3096 = CYLINDRICAL_SURFACE ( 'NONE', #6296, 1.000000000000000888 ) ;
#3097 = CARTESIAN_POINT ( 'NONE',  ( -4.850000000000002309, 2.999999999999999112, -28.15000000000000568 ) ) ;
#3098 = ADVANCED_FACE ( 'NONE', ( #2501 ), #4862, .T. ) ;
#3099 = CARTESIAN_POINT ( 'NONE',  ( 3.668164913050969478, -118.8121341119695131, -4.915373046977378202 ) ) ;
#3100 = ORIENTED_EDGE ( 'NONE', *, *, #2600, .F. ) ;
#3101 = ORIENTED_EDGE ( 'NONE', *, *, #7249, .F. ) ;
#3102 = CIRCLE ( 'NONE', #6169, 1.000000000000000888 ) ;
#3103 = DIRECTION ( 'NONE',  ( 0.7071067811865483499, 0.000000000000000000, 0.7071067811865466846 ) ) ;
#3104 = CARTESIAN_POINT ( 'NONE',  ( 13.28496546409988355, -30.57976080947513964, -5.670105480239684859 ) ) ;
#3105 = EDGE_CURVE ( 'NONE', #6512, #5992, #4481, .T. ) ;
#3106 = CARTESIAN_POINT ( 'NONE',  ( 10.96823920852530065, -123.4415964731541351, -8.824593896349176347 ) ) ;
#3107 = CARTESIAN_POINT ( 'NONE',  ( 0.1499999999999958589, 0.4999877478281037346, -25.21240358936520920 ) ) ;
#3108 = AXIS2_PLACEMENT_3D ( 'NONE', #4577, #4537, #6789 ) ;
#3110 = ORIENTED_EDGE ( 'NONE', *, *, #5977, .F. ) ;
#3109 = CARTESIAN_POINT ( 'NONE',  ( 8.761177749023655537, -127.4159532933071830, -35.62154530513521422 ) ) ;
#3111 = CARTESIAN_POINT ( 'NONE',  ( -8.522893711244059034, -104.1054161504583533, -2.759660517332874985 ) ) ;
#3112 = CARTESIAN_POINT ( 'NONE',  ( 21.14999999999999503, 4.000000000000000000, 19.14999999999999858 ) ) ;
#3113 = ORIENTED_EDGE ( 'NONE', *, *, #6909, .T. ) ;
#3114 = FACE_BOUND ( 'NONE', #4702, .T. ) ;
#3115 = DIRECTION ( 'NONE',  ( -6.897508850802415061E-17, 0.000000000000000000, -1.000000000000000000 ) ) ;
#3116 = DIRECTION ( 'NONE',  ( -6.897508850802416293E-17, -0.000000000000000000, -1.000000000000000000 ) ) ;
#3117 = LINE ( 'NONE', #3707, #3751 ) ;
#3118 = ORIENTED_EDGE ( 'NONE', *, *, #6119, .T. ) ;
#3119 = CARTESIAN_POINT ( 'NONE',  ( 12.28321447591916460, -94.42335215041363483, -5.525638780051235877 ) ) ;
#3120 = CARTESIAN_POINT ( 'NONE',  ( -12.35005061570913654, -95.32187717712399433, -5.809770037058260783 ) ) ;
#3121 = CARTESIAN_POINT ( 'NONE',  ( 10.01042140555262172, -102.8716405798714817, -3.881809722174774713 ) ) ;
#3122 = DIRECTION ( 'NONE',  ( 0.000000000000000000, 0.000000000000000000, 1.000000000000000000 ) ) ;
#3123 = EDGE_LOOP ( 'NONE', ( #5677, #5033, #5934 ) ) ;
#3124 = VERTEX_POINT ( 'NONE', #2645 ) ;
#3125 = DIRECTION ( 'NONE',  ( -0.000000000000000000, 1.000000000000000000, -0.000000000000000000 ) ) ;
#3126 = CYLINDRICAL_SURFACE ( 'NONE', #4057, 2.149999999999999023 ) ;
#3127 = CARTESIAN_POINT ( 'NONE',  ( 5.167953102643362051, -118.4087730260757212, -5.302764020737219752 ) ) ;
#3128 = ADVANCED_FACE ( 'NONE', ( #7163 ), #2587, .F. ) ;
#3129 = CARTESIAN_POINT ( 'NONE',  ( 8.499421977237181736, -115.1666570506348251, -6.810803083821080683 ) ) ;
#3130 = ORIENTED_EDGE ( 'NONE', *, *, #2646, .T. ) ;
#3131 = AXIS2_PLACEMENT_3D ( 'NONE', #6294, #3932, #6741 ) ;
#3132 = VERTEX_POINT ( 'NONE', #3866 ) ;
#3133 = CARTESIAN_POINT ( 'NONE',  ( 0.000000000000000000, 0.000000000000000000, 0.000000000000000000 ) ) ;
#3134 = CARTESIAN_POINT ( 'NONE',  ( 17.07782624843618891, -25.29999999999999361, -9.589930173404297875 ) ) ;
#3135 = CARTESIAN_POINT ( 'NONE',  ( 15.85720820890235316, -129.7508112067382058, -17.01634047699855046 ) ) ;
#3136 = EDGE_CURVE ( 'NONE', #1175, #5589, #3537, .T. ) ;
#3137 = CARTESIAN_POINT ( 'NONE',  ( 0.1499999999999959421, -0.9745992743147844362, -26.61652453607543478 ) ) ;
#3138 = VECTOR ( 'NONE', #2393, 1000.000000000000000 ) ;
#3139 = ADVANCED_FACE ( 'NONE', ( #5556 ), #5045, .F. ) ;
#3141 = ORIENTED_EDGE ( 'NONE', *, *, #5805, .T. ) ;
#3140 = CARTESIAN_POINT ( 'NONE',  ( 2.824684253105353093, -127.9690795674208772, -38.11534878449241148 ) ) ;
#3142 = ORIENTED_EDGE ( 'NONE', *, *, #3425, .T. ) ;
#3143 = CARTESIAN_POINT ( 'NONE',  ( 17.64999999999998792, -10.29999999999999005, 22.15000000000000213 ) ) ;
#3144 = DIRECTION ( 'NONE',  ( -8.673617379884069985E-16, 1.000000000000000000, -8.673617379884026597E-16 ) ) ;
#3145 = VERTEX_POINT ( 'NONE', #7233 ) ;
#3146 = CARTESIAN_POINT ( 'NONE',  ( 8.624771650110989896, -97.92302555923309626, -3.900771348187963117 ) ) ;
#3147 = LINE ( 'NONE', #3780, #1917 ) ;
#3148 = DIRECTION ( 'NONE',  ( -1.000000000000000000, 0.000000000000000000, 0.000000000000000000 ) ) ;
#3149 = CARTESIAN_POINT ( 'NONE',  ( -12.95000000000000462, -12.64999999999999858, -28.15000000000000213 ) ) ;
#3150 = VERTEX_POINT ( 'NONE', #4050 ) ;
#3151 = FACE_OUTER_BOUND ( 'NONE', #3057, .T. ) ;
#3152 = CARTESIAN_POINT ( 'NONE',  ( -10.05124786944822723, -92.60256077852011458, -1.957081673786104092 ) ) ;
#3153 = CARTESIAN_POINT ( 'NONE',  ( 0.2438719614790596790, -107.2410006774435374, -0.3679958542960811707 ) ) ;
#3154 = AXIS2_PLACEMENT_3D ( 'NONE', #1672, #5079, #5039 ) ;
#3155 = AXIS2_PLACEMENT_3D ( 'NONE', #6340, #4685, #4650 ) ;
#3156 = CARTESIAN_POINT ( 'NONE',  ( -8.932182085337455848E-12, -132.9887435919718257, -30.58312937714846669 ) ) ;
#3157 = CARTESIAN_POINT ( 'NONE',  ( 11.67892892186301879, -108.8456733123808675, -7.047887575776871749 ) ) ;
#3158 = CARTESIAN_POINT ( 'NONE',  ( -10.85000000000000320, -12.64999999999999858, -28.15000000000000213 ) ) ;
#3159 = CLOSED_SHELL ( 'NONE', ( #2606, #1870, #3641, #7264, #1602, #3811, #5669, #1100, #6989, #6123, #1370, #2774, #5220, #2643, #5345, #3461, #416, #2140, #6765, #1095, #112, #1793, #6404, #5612, #7130, #2509, #2686, #2345, #4365, #1653, #6363, #7305, #500, #1543, #15, #3176, #6703, #4845, #157, #4413, #2729, #2002, #4856, #6818, #5884, #2471, #5563, #4770, #6622, #7214, #3098, #4975, #3649, #7248, #4200, #5624, #329, #5763, #2086, #3959, #6777, #2383, #6443, #4184, #1038, #4736, #4761, #6810, #6902, #5711, #690, #4090, #1006, #6388, #3371, #7029, #4328, #3361, #4196, #4600, #5932, #812, #2523, #3058, #3817, #1415, #4861, #1291, #1697, #5390, #4357, #6952, #5573, #1702, #2227, #2999, #1740, #4819, #953, #6705, #4107, #3956, #5665, #1960, #3867, #4657, #2007, #1087, #2561, #7345, #4013, #3365, #703, #6721, #6347, #5848, #3008, #773, #5480, #2515, #1784, #738, #1749, #42, #6480, #3544, #7038, #6531, #1799, #3964, #2197, #4908, #5082, #243, #4779, #1229, #1050, #5431, #4616, #1288, #2045, #6948, #1361, #1705, #1418, #1446, #240, #4649, #7317, #2544, #5674, #3187, #5473, #3139, #6311, #454, #1968, #3224, #4149, #5917, #2597, #4278, #4777, #6824, #6267, #3128, #7177, #2826, #281, #3308, #202, #4610, #4995, #5720, #6670, #2130, #2735, #6524, #5680, #734, #2097, #1200, #2182, #6494, #2010, #6662, #190, #2672, #7155, #3603, #5258 ) ) ;
#3160 = EDGE_LOOP ( 'NONE', ( #3236, #4287, #5647, #212 ) ) ;
#3161 = ORIENTED_EDGE ( 'NONE', *, *, #5223, .F. ) ;
#3162 = CARTESIAN_POINT ( 'NONE',  ( -13.87725443634787581, -119.6296154557863929, -12.53540373815294018 ) ) ;
#3163 = AXIS2_PLACEMENT_3D ( 'NONE', #1999, #3144, #4261 ) ;
#3164 = CARTESIAN_POINT ( 'NONE',  ( -5.850000000000004974, -1.031049961377747515, -27.01611225608221289 ) ) ;
#3165 = DIRECTION ( 'NONE',  ( 0.000000000000000000, -1.000000000000000000, 0.000000000000000000 ) ) ;
#3166 = CARTESIAN_POINT ( 'NONE',  ( 8.089366669456623526, -110.1874138939043775, -5.547706675273594179 ) ) ;
#3167 = AXIS2_PLACEMENT_3D ( 'NONE', #7312, #6113, #4968 ) ;
#3168 = CARTESIAN_POINT ( 'NONE',  ( 10.85360610522527480, -115.3721478264473177, -6.789377981824909369 ) ) ;
#3169 = ORIENTED_EDGE ( 'NONE', *, *, #2970, .T. ) ;
#3170 = ORIENTED_EDGE ( 'NONE', *, *, #2636, .F. ) ;
#3171 = CARTESIAN_POINT ( 'NONE',  ( 13.99999999999998934, -30.24317376676682301, -0.09971391482931904471 ) ) ;
#3172 = ORIENTED_EDGE ( 'NONE', *, *, #6914, .F. ) ;
#3173 = CARTESIAN_POINT ( 'NONE',  ( 15.65576931986122844, -124.5572466003181518, -24.88826497235712409 ) ) ;
#3174 = VECTOR ( 'NONE', #7287, 1000.000000000000000 ) ;
#3175 = CARTESIAN_POINT ( 'NONE',  ( 0.1499999999999959699, -0.5989502948385010406, -25.91825879301469371 ) ) ;
#3176 = ADVANCED_FACE ( 'NONE', ( #480 ), #3907, .F. ) ;
#3177 = EDGE_CURVE ( 'NONE', #2883, #3029, #1280, .T. ) ;
#3179 = ORIENTED_EDGE ( 'NONE', *, *, #743, .F. ) ;
#3178 = CARTESIAN_POINT ( 'NONE',  ( 11.69999999999999041, -17.30000000000002203, 22.15000000000000213 ) ) ;
#3180 = EDGE_LOOP ( 'NONE', ( #2759, #4677 ) ) ;
#3181 = CARTESIAN_POINT ( 'NONE',  ( -9.842946392093626429, -103.0180014354848197, -3.748863972665341660 ) ) ;
#3182 = CARTESIAN_POINT ( 'NONE',  ( -12.64911064067354474, -48.08000398977550560, 1.917298109555660934 ) ) ;
#3183 = DIRECTION ( 'NONE',  ( 0.000000000000000000, 0.000000000000000000, 1.000000000000000000 ) ) ;
#3184 = EDGE_CURVE ( 'NONE', #491, #1069, #1076, .T. ) ;
#3185 = CARTESIAN_POINT ( 'NONE',  ( 4.525318251283753312, -91.51667792948474300, -0.3375286266564163640 ) ) ;
#3186 = DIRECTION ( 'NONE',  ( -1.000000000000000000, 0.000000000000000000, 0.000000000000000000 ) ) ;
#3187 = ADVANCED_FACE ( 'NONE', ( #3346 ), #1035, .F. ) ;
#3188 = CARTESIAN_POINT ( 'NONE',  ( -8.506854249492382891, -6.993145750507616221, -28.15000000000000213 ) ) ;
#3189 = CARTESIAN_POINT ( 'NONE',  ( 2.146476052031577542, -24.29976265991255957, 20.15000032279068520 ) ) ;
#3190 = ORIENTED_EDGE ( 'NONE', *, *, #4367, .F. ) ;
#3191 = CIRCLE ( 'NONE', #6986, 1.000000000000000888 ) ;
#3192 = CARTESIAN_POINT ( 'NONE',  ( 12.47499999999973674, -10.30000000000010019, 23.15000000000000213 ) ) ;
#3193 = CARTESIAN_POINT ( 'NONE',  ( -11.22946397724376943, -96.06166963939136849, -3.802522709647781163 ) ) ;
#3194 = FACE_OUTER_BOUND ( 'NONE', #825, .T. ) ;
#3195 = CARTESIAN_POINT ( 'NONE',  ( -24.15000000000000213, 2.999999999999999556, 16.73578643762689921 ) ) ;
#3196 = CARTESIAN_POINT ( 'NONE',  ( 8.118909402872574788, -121.1512172081261411, -5.474022793789226959 ) ) ;
#3197 = DIRECTION ( 'NONE',  ( 1.000000000000000000, 0.000000000000000000, 0.000000000000000000 ) ) ;
#3198 = EDGE_LOOP ( 'NONE', ( #6767, #882 ) ) ;
#3199 = CARTESIAN_POINT ( 'NONE',  ( -8.925682888039597529, -128.9198350804372524, -21.80360155156783719 ) ) ;
#3200 = LINE ( 'NONE', #6803, #7180 ) ;
#3201 = DIRECTION ( 'NONE',  ( 0.000000000000000000, 0.000000000000000000, -1.000000000000000000 ) ) ;
#3202 = CARTESIAN_POINT ( 'NONE',  ( 8.048137826301594799, -116.1741356545353625, -6.567889728746945543 ) ) ;
#3203 = CARTESIAN_POINT ( 'NONE',  ( 7.349967312982893297, -119.3444054455416250, -4.592650115718575066 ) ) ;
#3204 = ORIENTED_EDGE ( 'NONE', *, *, #1504, .F. ) ;
#3205 = ORIENTED_EDGE ( 'NONE', *, *, #1583, .T. ) ;
#3206 = APPROVAL_ROLE ( '' ) ;
#3207 = CARTESIAN_POINT ( 'NONE',  ( 4.189279496703256278, -25.30000000000215721, -13.75522210711194049 ) ) ;
#3208 = ORIENTED_EDGE ( 'NONE', *, *, #4314, .F. ) ;
#3209 = CARTESIAN_POINT ( 'NONE',  ( 9.020272723221731681, -128.3259423817552261, -20.72437307283041008 ) ) ;
#3210 = LINE ( 'NONE', #6585, #5493 ) ;
#3211 = AXIS2_PLACEMENT_3D ( 'NONE', #4886, #3115, #5401 ) ;
#3212 = CIRCLE ( 'NONE', #4174, 1.000000000000000888 ) ;
#3213 = AXIS2_PLACEMENT_3D ( 'NONE', #5761, #2475, #2442 ) ;
#3214 = LINE ( 'NONE', #7103, #6553 ) ;
#3215 = ORIENTED_EDGE ( 'NONE', *, *, #155, .F. ) ;
#3216 = EDGE_CURVE ( 'NONE', #3881, #5038, #4426, .T. ) ;
#3217 = DIRECTION ( 'NONE',  ( -0.000000000000000000, 1.000000000000000000, -0.000000000000000000 ) ) ;
#3218 = CARTESIAN_POINT ( 'NONE',  ( -11.90000000000000391, -12.64999999999999858, -30.15000000000000568 ) ) ;
#3219 = CIRCLE ( 'NONE', #960, 0.9999999999999988898 ) ;
#3220 = PLANE ( 'NONE',  #5487 ) ;
#3221 = AXIS2_PLACEMENT_3D ( 'NONE', #3401, #2762, #6129 ) ;
#3222 = CARTESIAN_POINT ( 'NONE',  ( 8.170950268739131772, -99.13716260604931563, -3.671534855683175280 ) ) ;
#3223 = FACE_OUTER_BOUND ( 'NONE', #902, .T. ) ;
#3224 = ADVANCED_FACE ( 'NONE', ( #4386 ), #2239, .F. ) ;
#3225 = CARTESIAN_POINT ( 'NONE',  ( 13.14006019033618067, -121.2158038666330100, -12.15035669173986399 ) ) ;
#3226 = CARTESIAN_POINT ( 'NONE',  ( 2.152922459302851532, -24.43089807809976577, 21.13710782321610893 ) ) ;
#3227 = EDGE_LOOP ( 'NONE', ( #1046, #1471 ) ) ;
#3228 = CARTESIAN_POINT ( 'NONE',  ( -24.15000000000000213, 4.000000000000000000, -21.73578643762690987 ) ) ;
#3229 = EDGE_CURVE ( 'NONE', #5057, #245, #4079, .T. ) ;
#3230 = CARTESIAN_POINT ( 'NONE',  ( -10.99924759476975566, -101.5109726222658963, -4.796583828595048615 ) ) ;
#3231 = CARTESIAN_POINT ( 'NONE',  ( 8.641702131294612954, -104.0094143765159487, -2.847883233231251587 ) ) ;
#3232 = FACE_OUTER_BOUND ( 'NONE', #3509, .T. ) ;
#3233 = CARTESIAN_POINT ( 'NONE',  ( 10.59398653567904169, -107.2240418625060272, -5.294049062307733422 ) ) ;
#3234 = EDGE_CURVE ( 'NONE', #4514, #7057, #6602, .T. ) ;
#3235 = CARTESIAN_POINT ( 'NONE',  ( -12.15266755059504078, -48.23833950869882159, -11.26841359402288312 ) ) ;
#3236 = ORIENTED_EDGE ( 'NONE', *, *, #6614, .F. ) ;
#3237 = CARTESIAN_POINT ( 'NONE',  ( -6.511103626992685633, -92.09814775224438677, -1.282161247435501306 ) ) ;
#3238 = CARTESIAN_POINT ( 'NONE',  ( 1.146476370910898268, -20.30000000000000071, 21.14999999999999858 ) ) ;
#3239 = LINE ( 'NONE', #4354, #2275 ) ;
#3240 = CARTESIAN_POINT ( 'NONE',  ( 3.697258306923864701, -118.8135382416340775, -4.916267569588757880 ) ) ;
#3241 = DIRECTION ( 'NONE',  ( -0.7071067811865445751, -0.000000000000000000, 0.7071067811865504593 ) ) ;
#3242 = DIRECTION ( 'NONE',  ( 0.000000000000000000, 1.000000000000000000, 0.000000000000000000 ) ) ;
#3243 = VERTEX_POINT ( 'NONE', #184 ) ;
#3244 = SHAPE_DEFINITION_REPRESENTATION ( #6133, #1036 ) ;
#3245 =( BOUNDED_SURFACE ( )  B_SPLINE_SURFACE ( 3, 2, ( 
 ( #6808, #5492, #417 ),
 ( #1007, #4666, #5754 ),
 ( #6280, #1205, #683 ),
 ( #4176, #3476, #1312 ),
 ( #6883, #1167, #2368 ),
 ( #1841, #6917, #6987 ),
 ( #3507, #2949, #754 ),
 ( #4069, #6353, #1807 ),
 ( #4105, #6319, #1279 ),
 ( #3545, #3435, #50 ) ),
 .UNSPECIFIED., .F., .F., .T. ) 
 B_SPLINE_SURFACE_WITH_KNOTS ( ( 4, 2, 2, 2, 4 ),
 ( 3, 3 ),
 ( 3.469446951953614189E-18, 0.001450974227724011580, 0.002901948455448019690, 0.004352922683172028018, 0.005803896910896035911 ),
 ( 0.000000000000000000, 1.000000000000000000 ),
 .UNSPECIFIED. ) 
 GEOMETRIC_REPRESENTATION_ITEM ( )  RATIONAL_B_SPLINE_SURFACE ( (
 ( 1.000000000000000000, 0.9135467392810298071, 1.000000000000000000),
 ( 1.000000000000000000, 0.9248491076173314118, 1.000000000000000000),
 ( 1.000000000000000000, 0.9322217135427042223, 1.000000000000000000),
 ( 1.000000000000000000, 0.9419542262050106807, 1.000000000000000000),
 ( 1.000000000000000000, 0.9442734808569701599, 1.000000000000000000),
 ( 1.000000000000000000, 0.9442885465157320191, 1.000000000000000000),
 ( 1.000000000000000000, 0.9419699607927957130, 1.000000000000000000),
 ( 1.000000000000000000, 0.9322295979838516322, 1.000000000000000000),
 ( 1.000000000000000000, 0.9248484168984664189, 1.000000000000000000),
 ( 1.000000000000000000, 0.9135467392810260323, 1.000000000000000000) ) ) 
 REPRESENTATION_ITEM ( '' )  SURFACE ( )  );
#3246 = CARTESIAN_POINT ( 'NONE',  ( -13.61844159433601931, -126.1156872935708151, -30.32844322944866988 ) ) ;
#3247 = VERTEX_POINT ( 'NONE', #4716 ) ;
#3248 = CARTESIAN_POINT ( 'NONE',  ( 6.924052022292604747, -127.6682449345690173, -36.73778717829235063 ) ) ;
#3249 = DIRECTION ( 'NONE',  ( 1.000000000000000000, 0.000000000000000000, 0.000000000000000000 ) ) ;
#3250 = AXIS2_PLACEMENT_3D ( 'NONE', #6234, #1161, #6878 ) ;
#3251 = CARTESIAN_POINT ( 'NONE',  ( 10.39992646193899439, -127.1402182847838134, -34.42434969570543757 ) ) ;
#3252 = ORIENTED_EDGE ( 'NONE', *, *, #2432, .T. ) ;
#3253 = CARTESIAN_POINT ( 'NONE',  ( -11.81452668262789274, -92.36376431858310809, -4.354423711953291587 ) ) ;
#3254 = CIRCLE ( 'NONE', #6451, 2.149999999999999023 ) ;
#3255 = CARTESIAN_POINT ( 'NONE',  ( -5.727064476163179485, -24.98372869334810176, -24.87973630435418215 ) ) ;
#3256 = AXIS2_PLACEMENT_3D ( 'NONE', #7102, #314, #6013 ) ;
#3257 = ORIENTED_EDGE ( 'NONE', *, *, #5975, .F. ) ;
#3258 = DIRECTION ( 'NONE',  ( 0.000000000000000000, 1.000000000000000000, 0.000000000000000000 ) ) ;
#3259 = FACE_OUTER_BOUND ( 'NONE', #7083, .T. ) ;
#3260 = CARTESIAN_POINT ( 'NONE',  ( 1.146476370910897380, -24.29999999999999716, 20.15000000000000213 ) ) ;
#3261 = AXIS2_PLACEMENT_3D ( 'NONE', #3566, #5847, #7046 ) ;
#3262 = CARTESIAN_POINT ( 'NONE',  ( 13.26187640737044759, -121.6776518954689692, -12.59748559203209695 ) ) ;
#3263 = CARTESIAN_POINT ( 'NONE',  ( 2.282503078135484920, -24.90936706642152032, 20.01397329277501314 ) ) ;
#3264 = ORIENTED_EDGE ( 'NONE', *, *, #6396, .T. ) ;
#3265 = CARTESIAN_POINT ( 'NONE',  ( 9.419757762858750993, -103.4527741451413334, -3.392124413194321342 ) ) ;
#3266 = CARTESIAN_POINT ( 'NONE',  ( -20.15000000000000213, -20.30000000000000071, 20.15000000000000213 ) ) ;
#3267 = EDGE_CURVE ( 'NONE', #4844, #6543, #6974, .T. ) ;
#3268 = CARTESIAN_POINT ( 'NONE',  ( -1.596297136810396644, -104.9771693309232461, -0.08450647955179566018 ) ) ;
#3269 = DIRECTION ( 'NONE',  ( 0.000000000000000000, 0.000000000000000000, -1.000000000000000000 ) ) ;
#3270 = CARTESIAN_POINT ( 'NONE',  ( 12.15793829987769747, -110.4180252356861587, -8.117353571760292041 ) ) ;
#3271 = CARTESIAN_POINT ( 'NONE',  ( -13.38619209466630444, -49.53260976288432005, -8.606494478697912953 ) ) ;
#3272 = ORIENTED_EDGE ( 'NONE', *, *, #99, .F. ) ;
#3273 = CARTESIAN_POINT ( 'NONE',  ( -8.932182085337455848E-12, -132.9887435919718257, -30.58312937714846669 ) ) ;
#3274 = FACE_OUTER_BOUND ( 'NONE', #3123, .T. ) ;
#3275 = CARTESIAN_POINT ( 'NONE',  ( -12.70729570377257467, -119.2521705200330473, -10.75816902884633741 ) ) ;
#3276 = EDGE_CURVE ( 'NONE', #5862, #5586, #4085, .T. ) ;
#3277 = CARTESIAN_POINT ( 'NONE',  ( 1.125282703498168502, -119.1191724259139164, -4.574741448697399626 ) ) ;
#3278 = CYLINDRICAL_SURFACE ( 'NONE', #3525, 1.050000000000000488 ) ;
#3279 = EDGE_CURVE ( 'NONE', #2497, #3124, #6901, .T. ) ;
#3280 = ORIENTED_EDGE ( 'NONE', *, *, #7257, .T. ) ;
#3281 = AXIS2_PLACEMENT_3D ( 'NONE', #662, #144, #6896 ) ;
#3282 = CIRCLE ( 'NONE', #1984, 16.00000000000000000 ) ;
#3283 = EDGE_LOOP ( 'NONE', ( #4953, #2413, #3070, #761, #5096, #3691, #1344, #980, #258, #4202, #5213 ) ) ;
#3284 = CARTESIAN_POINT ( 'NONE',  ( 11.06875539261120700, -126.9665557991075673, -33.70200766929755076 ) ) ;
#3285 = DIRECTION ( 'NONE',  ( -6.897508850802415061E-17, 0.000000000000000000, -1.000000000000000000 ) ) ;
#3286 = LINE ( 'NONE', #460, #7200 ) ;
#3287 = CARTESIAN_POINT ( 'NONE',  ( -8.126076309984416213, -130.4655688971913605, -24.83776484895966519 ) ) ;
#3288 = VERTEX_POINT ( 'NONE', #3527 ) ;
#3289 = CIRCLE ( 'NONE', #1764, 2.100000000000000533 ) ;
#3290 = CARTESIAN_POINT ( 'NONE',  ( -9.084015150421087981, -89.39340595905665054, -0.6388010083213817580 ) ) ;
#3291 = CARTESIAN_POINT ( 'NONE',  ( -6.204116888762412074, -31.08040352804228590, -13.95555804654376431 ) ) ;
#3292 = DIRECTION ( 'NONE',  ( 0.000000000000000000, 0.000000000000000000, -1.000000000000000000 ) ) ;
#3293 = DIRECTION ( 'NONE',  ( 0.7071067811865454633, 0.000000000000000000, -0.7071067811865495711 ) ) ;
#3294 = FACE_OUTER_BOUND ( 'NONE', #6211, .T. ) ;
#3295 = CARTESIAN_POINT ( 'NONE',  ( 25.14999999999999147, 2.999999999999999112, 25.15000000000000213 ) ) ;
#3296 = DIRECTION ( 'NONE',  ( -0.000000000000000000, 0.000000000000000000, 1.000000000000000000 ) ) ;
#3297 = CARTESIAN_POINT ( 'NONE',  ( -5.272433495989633734, -25.29999999999844107, -24.59192444110972886 ) ) ;
#3298 = ORIENTED_EDGE ( 'NONE', *, *, #5314, .T. ) ;
#3299 = CARTESIAN_POINT ( 'NONE',  ( -6.061330234978557385, -24.23737608059703774, -26.51027842179251337 ) ) ;
#3300 = LINE ( 'NONE', #5591, #3474 ) ;
#3301 = CARTESIAN_POINT ( 'NONE',  ( -7.572763736812462732, -109.5974981774081556, -5.033972738803944580 ) ) ;
#3302 = DIRECTION ( 'NONE',  ( 1.000000000000000000, 0.000000000000000000, 0.000000000000000000 ) ) ;
#3303 = CIRCLE ( 'NONE', #6499, 1.050000000000000488 ) ;
#3304 = CARTESIAN_POINT ( 'NONE',  ( 9.207847065938201681, -106.2708415834063089, -3.723103995546813039 ) ) ;
#3305 = CARTESIAN_POINT ( 'NONE',  ( -9.852422994042791871, -46.99972688491790507, -14.10495884853282433 ) ) ;
#3306 = EDGE_CURVE ( 'NONE', #7209, #1610, #1879, .T. ) ;
#3307 = VERTEX_POINT ( 'NONE', #2730 ) ;
#3308 = ADVANCED_FACE ( 'NONE', ( #4563 ), #5281, .F. ) ;
#3309 = CARTESIAN_POINT ( 'NONE',  ( 10.64999999999998970, -17.30000000000002203, 25.15000000000000213 ) ) ;
#3310 = CARTESIAN_POINT ( 'NONE',  ( 9.624999999999737099, -11.94544826719053709, 23.15000000000000213 ) ) ;
#3311 = CYLINDRICAL_SURFACE ( 'NONE', #4536, 1.050000000000000488 ) ;
#3312 = DIRECTION ( 'NONE',  ( 1.000000000000000000, 0.000000000000000000, 0.000000000000000000 ) ) ;
#3313 = CIRCLE ( 'NONE', #6875, 1.000000000000000888 ) ;
#3314 = CARTESIAN_POINT ( 'NONE',  ( 9.624999999999737099, -8.654551732809668607, 23.15000000000000213 ) ) ;
#3315 = DIRECTION ( 'NONE',  ( 1.000000000000000000, 0.000000000000000000, 0.000000000000000000 ) ) ;
#3316 = ORIENTED_EDGE ( 'NONE', *, *, #862, .F. ) ;
#3317 = EDGE_CURVE ( 'NONE', #5075, #5791, #5994, .T. ) ;
#3318 = APPROVAL_DATE_TIME ( #455, #6667 ) ;
#3319 = VERTEX_POINT ( 'NONE', #3403 ) ;
#3320 = CARTESIAN_POINT ( 'NONE',  ( 1.767895234838339658, -132.9096909412100729, -30.38735573191396000 ) ) ;
#3321 = CARTESIAN_POINT ( 'NONE',  ( -22.14999999999998792, -24.29999999999999716, 20.14999999999999858 ) ) ;
#3322 = DIRECTION ( 'NONE',  ( -0.000000000000000000, 0.000000000000000000, 1.000000000000000000 ) ) ;
#3323 = EDGE_CURVE ( 'NONE', #7209, #6981, #1015, .T. ) ;
#3324 = CARTESIAN_POINT ( 'NONE',  ( -5.727064476163181261, -24.98372869334810176, -24.87973630435418215 ) ) ;
#3325 = CARTESIAN_POINT ( 'NONE',  ( -3.996278979276489451, -132.5634488440543350, -29.54222436342690727 ) ) ;
#3326 = ORIENTED_EDGE ( 'NONE', *, *, #648, .T. ) ;
#3327 = EDGE_CURVE ( 'NONE', #6221, #2946, #2848, .T. ) ;
#3328 = CARTESIAN_POINT ( 'NONE',  ( -3.213683889161177198, -88.22873142070892527, 2.585769106020681551 ) ) ;
#3329 = CARTESIAN_POINT ( 'NONE',  ( -18.02959598699254329, -25.29999999999999361, -7.256707872859704089 ) ) ;
#3330 = FACE_BOUND ( 'NONE', #4909, .T. ) ;
#3331 = DIRECTION ( 'NONE',  ( 0.000000000000000000, 0.000000000000000000, -1.000000000000000000 ) ) ;
#3332 = VECTOR ( 'NONE', #6774, 1000.000000000000000 ) ;
#3333 = DIRECTION ( 'NONE',  ( -0.000000000000000000, -0.000000000000000000, 1.000000000000000000 ) ) ;
#3334 = DIRECTION ( 'NONE',  ( -0.000000000000000000, -1.000000000000000000, -0.000000000000000000 ) ) ;
#3335 = VERTEX_POINT ( 'NONE', #6819 ) ;
#3336 = AXIS2_PLACEMENT_3D ( 'NONE', #5010, #1084, #6761 ) ;
#3337 = FACE_OUTER_BOUND ( 'NONE', #4889, .T. ) ;
#3338 = DIRECTION ( 'NONE',  ( 1.000000000000000000, 0.000000000000000000, 0.000000000000000000 ) ) ;
#3339 = AXIS2_PLACEMENT_3D ( 'NONE', #1916, #5899, #4183 ) ;
#3340 = ORIENTED_EDGE ( 'NONE', *, *, #547, .F. ) ;
#3341 = LINE ( 'NONE', #1070, #3402 ) ;
#3342 = CARTESIAN_POINT ( 'NONE',  ( -3.865943085520036515, -88.27186050229830983, 2.408837548534007666 ) ) ;
#3343 = CARTESIAN_POINT ( 'NONE',  ( -9.540205150569128989, -108.9111851580893386, -4.364380914764987907 ) ) ;
#3344 = CARTESIAN_POINT ( 'NONE',  ( -2.484409424237627562, -119.0041215637385079, -4.708196947136202404 ) ) ;
#3345 = DIRECTION ( 'NONE',  ( -0.000000000000000000, -0.000000000000000000, 1.000000000000000000 ) ) ;
#3346 = FACE_OUTER_BOUND ( 'NONE', #7271, .T. ) ;
#3347 = ORIENTED_EDGE ( 'NONE', *, *, #3177, .F. ) ;
#3348 = DIRECTION ( 'NONE',  ( -0.7071067811865466846, -0.000000000000000000, 0.7071067811865483499 ) ) ;
#3349 = CARTESIAN_POINT ( 'NONE',  ( 4.850163058864588095, -91.58555398488105936, -0.4652445585556611030 ) ) ;
#3350 = ORIENTED_EDGE ( 'NONE', *, *, #4420, .F. ) ;
#3351 = FACE_OUTER_BOUND ( 'NONE', #5925, .T. ) ;
#3352 = CARTESIAN_POINT ( 'NONE',  ( 12.79999999999998828, -17.30000000000002203, 22.15000000000000213 ) ) ;
#3353 = CARTESIAN_POINT ( 'NONE',  ( -12.65867122970718128, -118.8030387871519196, -10.57349091289884413 ) ) ;
#3354 = DIRECTION ( 'NONE',  ( -0.000000000000000000, -0.000000000000000000, 1.000000000000000000 ) ) ;
#3355 = LINE ( 'NONE', #1693, #2779 ) ;
#3356 = DIRECTION ( 'NONE',  ( 1.000000000000000000, 0.000000000000000000, 0.000000000000000000 ) ) ;
#3357 = ORIENTED_EDGE ( 'NONE', *, *, #7165, .F. ) ;
#3358 = CARTESIAN_POINT ( 'NONE',  ( 4.993398044573297057, -132.2882382260585530, -28.88553189369831387 ) ) ;
#3359 = DIRECTION ( 'NONE',  ( -0.000000000000000000, -1.000000000000000000, 0.000000000000000000 ) ) ;
#3360 = FACE_OUTER_BOUND ( 'NONE', #6660, .T. ) ;
#3361 = ADVANCED_FACE ( 'NONE', ( #4482 ), #5103, .F. ) ;
#3362 = DIRECTION ( 'NONE',  ( 0.000000000000000000, -1.000000000000000000, 0.000000000000000000 ) ) ;
#3363 = VERTEX_POINT ( 'NONE', #3444 ) ;
#3364 = CARTESIAN_POINT ( 'NONE',  ( -11.11136103662579622, -91.03277603085761882, -3.097184839053630512 ) ) ;
#3365 = ADVANCED_FACE ( 'NONE', ( #4405 ), #6249, .T. ) ;
#3366 = CARTESIAN_POINT ( 'NONE',  ( 2.560689933283992747, -25.29999999999999716, 20.32157287525381051 ) ) ;
#3367 = CARTESIAN_POINT ( 'NONE',  ( -11.58980604540277426, -25.29999999999999361, -16.38026254582520380 ) ) ;
#3368 = DIRECTION ( 'NONE',  ( -0.7071067811865483499, -0.000000000000000000, -0.7071067811865466846 ) ) ;
#3369 = FACE_OUTER_BOUND ( 'NONE', #4700, .T. ) ;
#3370 = VECTOR ( 'NONE', #4168, 1000.000000000000000 ) ;
#3371 = ADVANCED_FACE ( 'NONE', ( #4986 ), #5691, .T. ) ;
#3372 = AXIS2_PLACEMENT_3D ( 'NONE', #918, #7150, #4376 ) ;
#3373 = CARTESIAN_POINT ( 'NONE',  ( -4.850000000000002309, 1.999999999999999112, -28.15000000000000568 ) ) ;
#3374 = CARTESIAN_POINT ( 'NONE',  ( -5.850000000000004086, -1.031049961377747515, -28.15000000000000568 ) ) ;
#3375 = AXIS2_PLACEMENT_3D ( 'NONE', #487, #5013, #2840 ) ;
#3376 = EDGE_LOOP ( 'NONE', ( #804, #5385 ) ) ;
#3377 = FACE_OUTER_BOUND ( 'NONE', #7226, .T. ) ;
#3378 = EDGE_CURVE ( 'NONE', #3503, #1774, #3286, .T. ) ;
#3379 = FACE_OUTER_BOUND ( 'NONE', #5244, .T. ) ;
#3380 = ORIENTED_EDGE ( 'NONE', *, *, #5382, .F. ) ;
#3381 = CARTESIAN_POINT ( 'NONE',  ( 2.439369589724361465, 2.999999999999999112, 22.44289321881344179 ) ) ;
#3382 = CARTESIAN_POINT ( 'NONE',  ( -4.554299342841393816, -91.52901499393090035, -0.3562628557824120135 ) ) ;
#3383 = CARTESIAN_POINT ( 'NONE',  ( -6.376019080461364119, -105.3938624620384701, -1.617443380400916286 ) ) ;
#3384 = CIRCLE ( 'NONE', #5859, 0.9999999999999988898 ) ;
#3385 = DIRECTION ( 'NONE',  ( 0.7071067811865510144, 0.000000000000000000, 0.7071067811865441310 ) ) ;
#3386 = CARTESIAN_POINT ( 'NONE',  ( 1.072902460387267443, -23.99694160037743984, -26.70016634597299543 ) ) ;
#3387 = CARTESIAN_POINT ( 'NONE',  ( -0.8500000000000045297, 1.999999999999999112, -28.15000000000000568 ) ) ;
#3388 = VERTEX_POINT ( 'NONE', #1618 ) ;
#3389 = LINE ( 'NONE', #2794, #4820 ) ;
#3390 = CARTESIAN_POINT ( 'NONE',  ( 5.067205251528885235, -90.59959233267983336, 1.615516313403991377 ) ) ;
#3391 = ORIENTED_EDGE ( 'NONE', *, *, #4897, .T. ) ;
#3392 = CARTESIAN_POINT ( 'NONE',  ( -4.100902586262852090, -105.4221531120883810, -0.7016784482230611353 ) ) ;
#3393 = DIRECTION ( 'NONE',  ( 1.000000000000000000, 0.000000000000000000, -6.897508850802415061E-17 ) ) ;
#3394 = CARTESIAN_POINT ( 'NONE',  ( 4.853583152097465714, -24.29999999999999716, 24.85710678118654471 ) ) ;
#3395 = FACE_BOUND ( 'NONE', #307, .T. ) ;
#3396 = CARTESIAN_POINT ( 'NONE',  ( -9.504735922941025095, -22.63571428571428257, -27.15000000000000568 ) ) ;
#3397 = ORIENTED_EDGE ( 'NONE', *, *, #2059, .T. ) ;
#3398 = VERTEX_POINT ( 'NONE', #3885 ) ;
#3399 = CARTESIAN_POINT ( 'NONE',  ( 5.465015642309587918, -139.5921619539248866, -39.53533559955546650 ) ) ;
#3400 = CARTESIAN_POINT ( 'NONE',  ( 5.149999999999995914, -12.65000000000000036, -28.15000000000000213 ) ) ;
#3401 = CARTESIAN_POINT ( 'NONE',  ( 10.64999999999998970, -17.30000000000002203, 22.15000000000000213 ) ) ;
#3402 = VECTOR ( 'NONE', #5590, 1000.000000000000000 ) ;
#3403 = CARTESIAN_POINT ( 'NONE',  ( -21.73578643762688500, -25.30000000000000071, 19.14999999999999858 ) ) ;
#3404 = CIRCLE ( 'NONE', #2691, 1.000000000000000888 ) ;
#3405 = EDGE_LOOP ( 'NONE', ( #1668, #6600, #5888, #4325 ) ) ;
#3406 = FACE_OUTER_BOUND ( 'NONE', #2351, .T. ) ;
#3407 = CARTESIAN_POINT ( 'NONE',  ( -11.50169472825733052, -91.66186324271177455, -3.751922830134473141 ) ) ;
#3408 = LINE ( 'NONE', #6292, #5227 ) ;
#3409 = EDGE_CURVE ( 'NONE', #3929, #3999, #1287, .T. ) ;
#3410 = CARTESIAN_POINT ( 'NONE',  ( -12.55570826143450702, -25.29999999999999361, -15.57533847786707426 ) ) ;
#3411 = EDGE_CURVE ( 'NONE', #6512, #3078, #5455, .T. ) ;
#3412 = DIRECTION ( 'NONE',  ( 1.000000000000000000, 0.000000000000000000, 0.000000000000000000 ) ) ;
#3413 = CARTESIAN_POINT ( 'NONE',  ( 15.66805555555540685, -11.13330439764544444, 25.15000000000000213 ) ) ;
#3414 = AXIS2_PLACEMENT_3D ( 'NONE', #1219, #6436, #3487 ) ;
#3415 = DIRECTION ( 'NONE',  ( 0.000000000000000000, -1.000000000000000000, -0.000000000000000000 ) ) ;
#3416 = VECTOR ( 'NONE', #2388, 1000.000000000000227 ) ;
#3417 = DIRECTION ( 'NONE',  ( 0.000000000000000000, 0.000000000000000000, 1.000000000000000000 ) ) ;
#3418 = ORIENTED_EDGE ( 'NONE', *, *, #4306, .F. ) ;
#3419 = DIRECTION ( 'NONE',  ( 1.619676131004744948E-15, 0.000000000000000000, 1.000000000000000000 ) ) ;
#3420 = EDGE_CURVE ( 'NONE', #4408, #938, #6576, .T. ) ;
#3421 = SPHERICAL_SURFACE ( 'NONE', #7065, 1.000000000000000000 ) ;
#3422 = VERTEX_POINT ( 'NONE', #7205 ) ;
#3423 = CARTESIAN_POINT ( 'NONE',  ( -6.519150124669756963, -92.10158028933219043, -1.286958181612513519 ) ) ;
#3424 = CARTESIAN_POINT ( 'NONE',  ( -12.18876367921888537, -110.5829225230587411, -8.202106227349931444 ) ) ;
#3425 = EDGE_CURVE ( 'NONE', #1509, #7090, #7322, .T. ) ;
#3426 = CARTESIAN_POINT ( 'NONE',  ( -2.850000000000003642, -12.65000000000000036, -30.15000000000000568 ) ) ;
#3427 = CARTESIAN_POINT ( 'NONE',  ( -21.73578643762688856, 3.000000000000000000, 19.14999999999999858 ) ) ;
#3428 = DIRECTION ( 'NONE',  ( -0.000000000000000000, -0.000000000000000000, 1.000000000000000000 ) ) ;
#3429 = ORIENTED_EDGE ( 'NONE', *, *, #2996, .T. ) ;
#3430 = LINE ( 'NONE', #1907, #171 ) ;
#3431 = CARTESIAN_POINT ( 'NONE',  ( 2.155890903543761006, -91.26264865167223661, 0.2431903665929066594 ) ) ;
#3432 = ORIENTED_EDGE ( 'NONE', *, *, #4451, .T. ) ;
#3433 = CARTESIAN_POINT ( 'NONE',  ( -0.09209364487554461132, -108.0242062253167319, -2.570110468201629583 ) ) ;
#3434 = CARTESIAN_POINT ( 'NONE',  ( -10.60685424949238431, -6.993145750507616221, -28.15000000000000213 ) ) ;
#3435 = CARTESIAN_POINT ( 'NONE',  ( -5.480823675063306588, -24.35927463682089922, -25.46482046911025066 ) ) ;
#3436 = ORIENTED_EDGE ( 'NONE', *, *, #4461, .T. ) ;
#3437 = ORIENTED_EDGE ( 'NONE', *, *, #4653, .F. ) ;
#3438 = ORIENTED_EDGE ( 'NONE', *, *, #3716, .T. ) ;
#3439 = ORIENTED_EDGE ( 'NONE', *, *, #6581, .T. ) ;
#3440 = CARTESIAN_POINT ( 'NONE',  ( -12.84112702240324388, -126.4320672605303599, -31.54788303309533859 ) ) ;
#3441 = CARTESIAN_POINT ( 'NONE',  ( -2.850000000000004086, -12.65000000000000036, -29.15000000000000568 ) ) ;
#3442 = CYLINDRICAL_SURFACE ( 'NONE', #618, 1.000000000000000888 ) ;
#3443 = AXIS2_PLACEMENT_3D ( 'NONE', #680, #642, #1203 ) ;
#3444 = CARTESIAN_POINT ( 'NONE',  ( 12.79999999999996696, -3.299999999999976730, 25.15000000000000213 ) ) ;
#3445 = ORIENTED_EDGE ( 'NONE', *, *, #2862, .T. ) ;
#3446 = FACE_OUTER_BOUND ( 'NONE', #3283, .T. ) ;
#3447 = CARTESIAN_POINT ( 'NONE',  ( 1.930291233849322552, -25.29999999999783356, 13.95586391810876847 ) ) ;
#3448 = CARTESIAN_POINT ( 'NONE',  ( -12.14964238609972647, -30.73511950653619351, -8.241234685805030935 ) ) ;
#3449 = CARTESIAN_POINT ( 'NONE',  ( -4.850000000000002309, -12.65000000000000036, -28.15000000000000568 ) ) ;
#3450 = PLANE ( 'NONE',  #1276 ) ;
#3451 = DIRECTION ( 'NONE',  ( 0.000000000000000000, 0.000000000000000000, 1.000000000000000000 ) ) ;
#3452 = EDGE_CURVE ( 'NONE', #16, #6354, #1457, .T. ) ;
#3453 = CARTESIAN_POINT ( 'NONE',  ( -5.111900518943042648, -0.8644711504507474054, -29.12372540812425825 ) ) ;
#3454 = EDGE_LOOP ( 'NONE', ( #6427, #7302 ) ) ;
#3455 = CARTESIAN_POINT ( 'NONE',  ( 17.64999999999998792, -10.29999999999999005, 25.15000000000000213 ) ) ;
#3456 = CARTESIAN_POINT ( 'NONE',  ( -3.329391996258961761, -25.30000000000000071, -24.21325487829528456 ) ) ;
#3457 = PRODUCT_DEFINITION_FORMATION_WITH_SPECIFIED_SOURCE ( '任何', '', #3064, .NOT_KNOWN. ) ;
#3458 = CARTESIAN_POINT ( 'NONE',  ( -8.682851530192216671, -111.6095815879356081, -6.377897228725281309 ) ) ;
#3459 = CARTESIAN_POINT ( 'NONE',  ( -8.706259770557325695, -111.7291337793336794, -6.425095280552674204 ) ) ;
#3460 = VECTOR ( 'NONE', #1440, 1000.000000000000000 ) ;
#3461 = ADVANCED_FACE ( 'NONE', ( #1005 ), #6613, .F. ) ;
#3462 = DIRECTION ( 'NONE',  ( 1.000000000000000000, 0.000000000000000000, 0.000000000000000000 ) ) ;
#3463 = CARTESIAN_POINT ( 'NONE',  ( -0.01221429048017392063, -24.31581539805349479, -26.42453546643058715 ) ) ;
#3464 = AXIS2_PLACEMENT_3D ( 'NONE', #2662, #6550, #2069 ) ;
#3465 = DIRECTION ( 'NONE',  ( -6.897508850802416293E-17, -0.000000000000000000, -1.000000000000000000 ) ) ;
#3466 = EDGE_CURVE ( 'NONE', #2998, #5115, #4022, .T. ) ;
#3467 = VERTEX_POINT ( 'NONE', #3760 ) ;
#3468 = CARTESIAN_POINT ( 'NONE',  ( -5.944262811101269861, -101.2653773743989802, -2.605991821303937694 ) ) ;
#3469 = CARTESIAN_POINT ( 'NONE',  ( -0.4517472177002445632, -25.01430856422110693, -24.85108439950637305 ) ) ;
#3470 = AXIS2_PLACEMENT_3D ( 'NONE', #6197, #1689, #4467 ) ;
#3471 = EDGE_LOOP ( 'NONE', ( #346, #4794, #5099, #7182 ) ) ;
#3472 = CARTESIAN_POINT ( 'NONE',  ( -6.322601204338984537, -101.0436392490871924, -2.760185325279720381 ) ) ;
#3473 = PLANE ( 'NONE',  #6625 ) ;
#3474 = VECTOR ( 'NONE', #2195, 1000.000000000000000 ) ;
#3475 = EDGE_CURVE ( 'NONE', #3592, #896, #2113, .T. ) ;
#3476 = CARTESIAN_POINT ( 'NONE',  ( -1.972840949377204778, -24.62586879804640816, -25.38681657421140159 ) ) ;
#3477 = ORIENTED_EDGE ( 'NONE', *, *, #7042, .F. ) ;
#3478 = EDGE_LOOP ( 'NONE', ( #3215, #1405, #1851, #3059, #5820, #5420 ) ) ;
#3479 = ORIENTED_EDGE ( 'NONE', *, *, #4515, .F. ) ;
#3480 = CARTESIAN_POINT ( 'NONE',  ( -14.61163115396263912, -125.5833915957665567, -28.36241435925744625 ) ) ;
#3481 = CARTESIAN_POINT ( 'NONE',  ( -12.64639293526083108, -124.3831482650894600, -14.48278871543693036 ) ) ;
#3482 = CARTESIAN_POINT ( 'NONE',  ( 10.64999999999998970, -17.30000000000002203, 20.15000000000000213 ) ) ;
#3483 = CARTESIAN_POINT ( 'NONE',  ( 10.64810664224883574, -107.2606644924394601, -5.355368367111474015 ) ) ;
#3484 = EDGE_LOOP ( 'NONE', ( #7289, #2230 ) ) ;
#3485 = CARTESIAN_POINT ( 'NONE',  ( 0.02706447616313662624, -24.98372869334811597, -24.87973630435420347 ) ) ;
#3486 = CARTESIAN_POINT ( 'NONE',  ( 17.07782624843840225, -25.29999999999999716, 7.509595890889235292 ) ) ;
#3487 = DIRECTION ( 'NONE',  ( 1.000000000000000000, 0.000000000000000000, 0.000000000000000000 ) ) ;
#3488 = CARTESIAN_POINT ( 'NONE',  ( -21.15000000000000213, 2.999999999999999112, 20.15000000000000213 ) ) ;
#3489 = CARTESIAN_POINT ( 'NONE',  ( 1.300321081532567202, -45.51868073377313095, -17.93960373180996370 ) ) ;
#3490 = CARTESIAN_POINT ( 'NONE',  ( -20.15000000000000213, -20.30000000000000071, -19.14999999999999858 ) ) ;
#3491 = CARTESIAN_POINT ( 'NONE',  ( -24.15000000000000213, -24.29999999999999716, 16.73578643762689566 ) ) ;
#3492 = ORIENTED_EDGE ( 'NONE', *, *, #6021, .F. ) ;
#3493 = CARTESIAN_POINT ( 'NONE',  ( -2.850000000000004086, -12.65000000000000036, -27.15000000000000213 ) ) ;
#3494 = CARTESIAN_POINT ( 'NONE',  ( 12.96122686573895955, -123.8565438156478393, -14.16556900069530123 ) ) ;
#3495 = CARTESIAN_POINT ( 'NONE',  ( -1.890582398533622754, -25.30000000000000071, -24.20071192681014338 ) ) ;
#3496 = CARTESIAN_POINT ( 'NONE',  ( -1.140212240571234714, -108.0432723713515628, -2.622831366117359231 ) ) ;
#3497 = CARTESIAN_POINT ( 'NONE',  ( -3.093201365819253645, -107.2960944139727530, -0.7413766274692733527 ) ) ;
#3498 = CARTESIAN_POINT ( 'NONE',  ( -0.2505005260800473033, -120.6433994406335017, -2.731367561339010930 ) ) ;
#3499 = CARTESIAN_POINT ( 'NONE',  ( -4.028541238968008642, -127.9127121250011925, -37.85332315915678691 ) ) ;
#3500 = ORIENTED_EDGE ( 'NONE', *, *, #7249, .T. ) ;
#3501 = EDGE_CURVE ( 'NONE', #6924, #1989, #6251, .T. ) ;
#3502 = CARTESIAN_POINT ( 'NONE',  ( -8.769231442696192147, -95.27500799331870951, -3.594677945406230979 ) ) ;
#3503 = VERTEX_POINT ( 'NONE', #4868 ) ;
#3504 = CARTESIAN_POINT ( 'NONE',  ( -1.105710705171619299E-14, -29.43175911166533254, 13.32889971951089159 ) ) ;
#3505 = CARTESIAN_POINT ( 'NONE',  ( 12.47499999999973674, -10.30000000000010019, 2.150000000000030553 ) ) ;
#3506 = VECTOR ( 'NONE', #1939, 1000.000000000000000 ) ;
#3507 = CARTESIAN_POINT ( 'NONE',  ( -3.682833012249381976, -24.62820983554587073, -26.09912784441578992 ) ) ;
#3508 = EDGE_LOOP ( 'NONE', ( #4198, #2986, #5207, #7024 ) ) ;
#3509 = EDGE_LOOP ( 'NONE', ( #3897, #277, #319, #4017, #3681 ) ) ;
#3510 = EDGE_CURVE ( 'NONE', #2504, #2369, #1422, .T. ) ;
#3511 = CARTESIAN_POINT ( 'NONE',  ( -0.8037030072807842540, -128.0216251346133731, -38.36044824510966578 ) ) ;
#3512 = CARTESIAN_POINT ( 'NONE',  ( -13.23315094338672182, -123.1633670826311828, -13.74098646372292443 ) ) ;
#3513 = DIRECTION ( 'NONE',  ( 1.000000000000000000, 0.000000000000000000, 0.000000000000000000 ) ) ;
#3514 = EDGE_CURVE ( 'NONE', #5969, #1698, #2124, .T. ) ;
#3515 = CARTESIAN_POINT ( 'NONE',  ( 6.534396238087760267, -108.9249512954814350, -4.262004371356919563 ) ) ;
#3516 = VERTEX_POINT ( 'NONE', #1769 ) ;
#3517 = CARTESIAN_POINT ( 'NONE',  ( -0.2385346444531482590, -0.9372183640809194083, -28.95190599489023597 ) ) ;
#3518 = CARTESIAN_POINT ( 'NONE',  ( 8.419872920463447485, -25.29999999999999361, 16.30111210457079451 ) ) ;
#3519 = CARTESIAN_POINT ( 'NONE',  ( -13.53952526421942437, -25.29999999999998650, 3.666761536028449342 ) ) ;
#3520 = CARTESIAN_POINT ( 'NONE',  ( 5.149999999999998579, -12.65000000000000391, -0.1500000000000042966 ) ) ;
#3521 = CARTESIAN_POINT ( 'NONE',  ( 7.879492264718046535, -46.38039240036135880, -15.64417323669112214 ) ) ;
#3522 = AXIS2_PLACEMENT_3D ( 'NONE', #2795, #1236, #6314 ) ;
#3523 = CARTESIAN_POINT ( 'NONE',  ( 11.69999999999999041, -17.30000000000002203, 15.15000000000000213 ) ) ;
#3524 = AXIS2_PLACEMENT_3D ( 'NONE', #4538, #6103, #7261 ) ;
#3525 = AXIS2_PLACEMENT_3D ( 'NONE', #1574, #2758, #3315 ) ;
#3526 = CARTESIAN_POINT ( 'NONE',  ( 14.13083558029032183, -119.8931964792749767, -13.04311625449567913 ) ) ;
#3527 = CARTESIAN_POINT ( 'NONE',  ( 3.146476370910904485, 4.000000000000000000, 21.15000000000000213 ) ) ;
#3528 = CARTESIAN_POINT ( 'NONE',  ( 13.35447082693424825, -122.1843257959046980, -13.05356103538974821 ) ) ;
#3529 = AXIS2_PLACEMENT_3D ( 'NONE', #5110, #5542, #1711 ) ;
#3530 = DIRECTION ( 'NONE',  ( -6.897508850802416293E-17, -0.000000000000000000, -1.000000000000000000 ) ) ;
#3531 = AXIS2_PLACEMENT_3D ( 'NONE', #3309, #7315, #4505 ) ;
#3532 = CARTESIAN_POINT ( 'NONE',  ( -8.827961198324491221, -112.8413787853493631, -6.760901219931715111 ) ) ;
#3533 = CARTESIAN_POINT ( 'NONE',  ( 6.078765384981343445, -101.1792548087272507, -2.663277170007785966 ) ) ;
#3534 = CARTESIAN_POINT ( 'NONE',  ( -4.006883899600828691, -118.7376824890926770, -4.990707242998179360 ) ) ;
#3535 =( BOUNDED_CURVE ( )  B_SPLINE_CURVE ( 3, ( #5578, #5539, #7253, #4990 ),
 .UNSPECIFIED., .F., .T. ) 
 B_SPLINE_CURVE_WITH_KNOTS ( ( 4, 4 ),
 ( 1.595069611182289479E-15, 3.141592653589794892 ),
 .UNSPECIFIED. ) 
 CURVE ( )  GEOMETRIC_REPRESENTATION_ITEM ( )  RATIONAL_B_SPLINE_CURVE ( ( 1.000000000000000000, 0.3333333333333333703, 0.3333333333333333703, 1.000000000000000000 ) ) 
 REPRESENTATION_ITEM ( '' )  );
#3536 = CARTESIAN_POINT ( 'NONE',  ( -22.94289321881348442, 4.000000000000000000, -22.94289321881343113 ) ) ;
#3537 = CIRCLE ( 'NONE', #4612, 1.049999999999998934 ) ;
#3538 = ORIENTED_EDGE ( 'NONE', *, *, #4892, .T. ) ;
#3539 = CARTESIAN_POINT ( 'NONE',  ( -4.543624451382141771, -101.7918885619227893, -2.155281136549139998 ) ) ;
#3540 = CARTESIAN_POINT ( 'NONE',  ( 11.20736750053299957, -95.62202614807793566, -3.699764201367898409 ) ) ;
#3541 = ORIENTED_EDGE ( 'NONE', *, *, #5042, .T. ) ;
#3542 = CARTESIAN_POINT ( 'NONE',  ( -0.1979351155726685185, -102.3410536510931905, -1.563926508503865609 ) ) ;
#3543 = CARTESIAN_POINT ( 'NONE',  ( 4.722932876986829065, -88.34524775131656327, 2.125681595950593916 ) ) ;
#3544 = ADVANCED_FACE ( 'NONE', ( #1690 ), #2287, .T. ) ;
#3545 = CARTESIAN_POINT ( 'NONE',  ( -5.316055265282813913, -24.39387378289510622, -26.33920891306253509 ) ) ;
#3546 = ORIENTED_EDGE ( 'NONE', *, *, #1338, .F. ) ;
#3547 = EDGE_LOOP ( 'NONE', ( #1540, #990, #7072, #2470, #2472, #6442 ) ) ;
#3548 = CARTESIAN_POINT ( 'NONE',  ( -3.561957805798670940, -132.6541279404286513, -29.76170744952681702 ) ) ;
#3549 = CARTESIAN_POINT ( 'NONE',  ( -9.512716976273502212, -126.0617397950964715, -16.35457347137525730 ) ) ;
#3550 = DIRECTION ( 'NONE',  ( 0.7071067811865457964, 0.000000000000000000, -0.7071067811865492381 ) ) ;
#3551 = EDGE_CURVE ( 'NONE', #5330, #4167, #6457, .T. ) ;
#3552 = CARTESIAN_POINT ( 'NONE',  ( 11.81772513498587607, -109.1852337723505002, -7.325064978721758102 ) ) ;
#3553 = ORIENTED_EDGE ( 'NONE', *, *, #4639, .F. ) ;
#3554 = CARTESIAN_POINT ( 'NONE',  ( -0.5897935446313720131, -0.8641365552368382996, -29.12430406811284556 ) ) ;
#3555 = CARTESIAN_POINT ( 'NONE',  ( 1.245386733998369686E-14, -25.29999999999999005, 14.05744032868554250 ) ) ;
#3556 = CARTESIAN_POINT ( 'NONE',  ( -8.419872920463978616, -25.29999999999999361, 16.30111210457080873 ) ) ;
#3557 = ORIENTED_EDGE ( 'NONE', *, *, #3054, .F. ) ;
#3558 = EDGE_CURVE ( 'NONE', #3878, #1836, #6546, .T. ) ;
#3559 = CARTESIAN_POINT ( 'NONE',  ( -24.14999999999999858, 2.999999999999999112, -21.73578643762690987 ) ) ;
#3560 = CARTESIAN_POINT ( 'NONE',  ( 13.89100308901726244, -52.85579852381984978, -3.156800060124016039 ) ) ;
#3561 = EDGE_CURVE ( 'NONE', #4333, #6539, #5092, .T. ) ;
#3562 = CARTESIAN_POINT ( 'NONE',  ( -12.13507192992555161, -110.3025776853564111, -8.056795974970903274 ) ) ;
#3563 = CARTESIAN_POINT ( 'NONE',  ( -13.97027912566946384, -52.29142446251904630, -3.944717674204831326 ) ) ;
#3564 = CARTESIAN_POINT ( 'NONE',  ( 12.01113085614907483, -125.0597274289005583, -14.93399050739052214 ) ) ;
#3565 = LINE ( 'NONE', #4126, #4815 ) ;
#3566 = CARTESIAN_POINT ( 'NONE',  ( -1.140212240571278013, -104.2871065357854548, -3.998047064008432461 ) ) ;
#3567 = CARTESIAN_POINT ( 'NONE',  ( -8.851641685538597315, -120.6833917211447300, -5.955813953923018822 ) ) ;
#3568 = CC_DESIGN_APPROVAL ( #1877, ( #1964 ) ) ;
#3569 = CYLINDRICAL_SURFACE ( 'NONE', #2218, 1.000000000000000000 ) ;
#3570 = ORIENTED_EDGE ( 'NONE', *, *, #2296, .T. ) ;
#3571 = SPHERICAL_SURFACE ( 'NONE', #397, 1.000000000000000000 ) ;
#3572 = CARTESIAN_POINT ( 'NONE',  ( 8.281365918656026892, -93.69191151348817925, -2.812633677362382123 ) ) ;
#3573 = CIRCLE ( 'NONE', #6164, 6.099999999999999645 ) ;
#3574 = CARTESIAN_POINT ( 'NONE',  ( -4.777029484413656490, -105.6004083249479493, -0.9471120148181756404 ) ) ;
#3575 = CARTESIAN_POINT ( 'NONE',  ( -2.627857607396245015E-14, -88.13973296516790867, 2.977099946411256415 ) ) ;
#3576 = VECTOR ( 'NONE', #7134, 1000.000000000000000 ) ;
#3577 = CIRCLE ( 'NONE', #5575, 1.000000000000000888 ) ;
#3578 = DIRECTION ( 'NONE',  ( 2.812538085595988450E-16, 0.9848077530122080203, 0.1736481776669306920 ) ) ;
#3579 = ORIENTED_EDGE ( 'NONE', *, *, #5928, .F. ) ;
#3580 = CIRCLE ( 'NONE', #372, 2.100000000000000533 ) ;
#3581 = EDGE_LOOP ( 'NONE', ( #5360, #323, #1246, #748 ) ) ;
#3582 = CARTESIAN_POINT ( 'NONE',  ( -15.63025357568098528, -135.8075485810129805, -29.39751476665667695 ) ) ;
#3583 = AXIS2_PLACEMENT_3D ( 'NONE', #6171, #7328, #2255 ) ;
#3584 = CARTESIAN_POINT ( 'NONE',  ( 8.636307446866430482, -125.9931168636503287, -16.91711999050633253 ) ) ;
#3585 = CARTESIAN_POINT ( 'NONE',  ( -20.44289321881339561, -24.29999999999999716, 20.44289321881348798 ) ) ;
#3586 = CARTESIAN_POINT ( 'NONE',  ( 4.016291367584413408, -108.2515633635638181, -3.134433701631409885 ) ) ;
#3587 = ORIENTED_EDGE ( 'NONE', *, *, #780, .T. ) ;
#3588 = VERTEX_POINT ( 'NONE', #6118 ) ;
#3589 = PERSON_AND_ORGANIZATION ( #5371, #4054 ) ;
#3590 = CARTESIAN_POINT ( 'NONE',  ( 15.10704488636298137, -25.29999999999999361, 10.72843034384407446 ) ) ;
#3591 = CARTESIAN_POINT ( 'NONE',  ( -11.13150675837239767, -29.77038192123539417, 7.724816962416471533 ) ) ;
#3592 = VERTEX_POINT ( 'NONE', #4431 ) ;
#3593 = DIRECTION ( 'NONE',  ( 0.7071067811865495711, 0.000000000000000000, 0.7071067811865454633 ) ) ;
#3594 = CARTESIAN_POINT ( 'NONE',  ( 1.924921556074730928E-14, -25.29999999999999361, 18.25293848457193135 ) ) ;
#3595 = EDGE_CURVE ( 'NONE', #6301, #3363, #5305, .T. ) ;
#3596 = DIRECTION ( 'NONE',  ( 1.000000000000000000, 0.000000000000000000, 0.000000000000000000 ) ) ;
#3597 = FACE_OUTER_BOUND ( 'NONE', #3626, .T. ) ;
#3598 = EDGE_CURVE ( 'NONE', #1768, #6354, #6001, .T. ) ;
#3599 = CARTESIAN_POINT ( 'NONE',  ( -12.68764800485593547, -57.28072137625237303, 0.2118819247055488408 ) ) ;
#3600 = DIRECTION ( 'NONE',  ( -0.7071067811865492381, 0.000000000000000000, -0.7071067811865457964 ) ) ;
#3601 = DIRECTION ( 'NONE',  ( 0.000000000000000000, 0.1736481776669306365, -0.9848077530122080203 ) ) ;
#3602 = ORIENTED_EDGE ( 'NONE', *, *, #5810, .F. ) ;
#3603 = ADVANCED_FACE ( 'NONE', ( #6237 ), #4949, .T. ) ;
#3604 = AXIS2_PLACEMENT_3D ( 'NONE', #3491, #2933, #2386 ) ;
#3605 = CARTESIAN_POINT ( 'NONE',  ( -3.491810575251735216, -107.3133139496054156, -0.8413372849192017888 ) ) ;
#3606 = CARTESIAN_POINT ( 'NONE',  ( -6.537150653486040852, -117.7275061436975818, -5.815610010812681807 ) ) ;
#3607 = EDGE_CURVE ( 'NONE', #5428, #4659, #1534, .T. ) ;
#3608 = DIRECTION ( 'NONE',  ( -0.000000000000000000, -0.000000000000000000, -1.000000000000000000 ) ) ;
#3609 = ORIENTED_EDGE ( 'NONE', *, *, #4145, .F. ) ;
#3610 = DIRECTION ( 'NONE',  ( 0.8660254037844387076, -0.4999999999999999445, 0.000000000000000000 ) ) ;
#3611 = CARTESIAN_POINT ( 'NONE',  ( 8.441232239926710790, -94.02847043437553509, -3.025157996019647300 ) ) ;
#3612 = CARTESIAN_POINT ( 'NONE',  ( -1.556193167761428686, -105.5085189695075201, -0.2118733312059945806 ) ) ;
#3613 = CARTESIAN_POINT ( 'NONE',  ( 21.73578643762688500, 2.999999999999999556, -24.15000000000000568 ) ) ;
#3614 = VECTOR ( 'NONE', #624, 1000.000000000000000 ) ;
#3615 = CARTESIAN_POINT ( 'NONE',  ( 4.099999999999996092, -12.65000000000000391, -30.15000000000000568 ) ) ;
#3616 = ORIENTED_EDGE ( 'NONE', *, *, #1638, .F. ) ;
#3617 = CIRCLE ( 'NONE', #5953, 2.100000000000000977 ) ;
#3618 = VECTOR ( 'NONE', #7068, 1000.000000000000000 ) ;
#3619 = ORIENTED_EDGE ( 'NONE', *, *, #3761, .F. ) ;
#3620 = CARTESIAN_POINT ( 'NONE',  ( -7.792527705686037365, -124.1867698624454022, -14.38215570340089222 ) ) ;
#3621 = CARTESIAN_POINT ( 'NONE',  ( 2.146476370910904485, 3.000000000000000444, 21.14999999999999858 ) ) ;
#3622 = DIRECTION ( 'NONE',  ( 0.000000000000000000, 1.000000000000000000, -0.000000000000000000 ) ) ;
#3623 = CARTESIAN_POINT ( 'NONE',  ( 5.873002277526696346, -108.6670770168321383, -3.886988538409041904 ) ) ;
#3624 = AXIS2_PLACEMENT_3D ( 'NONE', #7087, #1449, #6639 ) ;
#3625 = ORIENTED_EDGE ( 'NONE', *, *, #5895, .T. ) ;
#3626 = EDGE_LOOP ( 'NONE', ( #6689, #6383, #677, #3272 ) ) ;
#3627 = CALENDAR_DATE ( 2026, 3, 6 ) ;
#3628 = CARTESIAN_POINT ( 'NONE',  ( 13.55223308168265461, -30.52511972758676961, -4.765815703582610752 ) ) ;
#3629 = CARTESIAN_POINT ( 'NONE',  ( -14.02209707125007654, -25.29999999999999361, 0.8467083866499428568 ) ) ;
#3630 = VERTEX_POINT ( 'NONE', #3394 ) ;
#3631 = CARTESIAN_POINT ( 'NONE',  ( 15.49999999999999112, -10.29999999999999005, 22.15000000000000213 ) ) ;
#3632 = CARTESIAN_POINT ( 'NONE',  ( 3.146476370910904929, 2.999999999999999556, 21.15000000000000213 ) ) ;
#3634 = ORIENTED_EDGE ( 'NONE', *, *, #6407, .T. ) ;
#3633 = CARTESIAN_POINT ( 'NONE',  ( -2.850000000000003642, -12.65000000000000036, -29.15000000000000568 ) ) ;
#3635 = EDGE_CURVE ( 'NONE', #1594, #6951, #6857, .T. ) ;
#3636 = CYLINDRICAL_SURFACE ( 'NONE', #7129, 1.050000000000000711 ) ;
#3637 = CARTESIAN_POINT ( 'NONE',  ( -1.596297136799756933, -88.16081516335273704, 2.880670477341368940 ) ) ;
#3638 = VERTEX_POINT ( 'NONE', #3612 ) ;
#3639 = CARTESIAN_POINT ( 'NONE',  ( 19.14999999999999503, 2.999999999999999112, -20.15000000000000213 ) ) ;
#3640 = CARTESIAN_POINT ( 'NONE',  ( -7.438119164812828643, -116.9822917623171463, -6.239837439978547451 ) ) ;
#3641 = ADVANCED_FACE ( 'NONE', ( #234 ), #1486, .T. ) ;
#3642 = AXIS2_PLACEMENT_3D ( 'NONE', #2859, #75, #2354 ) ;
#3643 = DIRECTION ( 'NONE',  ( -0.000000000000000000, -0.000000000000000000, -1.000000000000000000 ) ) ;
#3644 = VERTEX_POINT ( 'NONE', #5002 ) ;
#3645 = CARTESIAN_POINT ( 'NONE',  ( 10.47153044158366342, -93.19118628219463574, -2.476503618899368764 ) ) ;
#3646 = EDGE_CURVE ( 'NONE', #6143, #3717, #2705, .T. ) ;
#3647 = CARTESIAN_POINT ( 'NONE',  ( -10.19790537060726798, -92.78595243551400529, -2.131666818977457911 ) ) ;
#3648 = DIRECTION ( 'NONE',  ( 0.7071067811865510144, 0.000000000000000000, 0.7071067811865441310 ) ) ;
#3649 = ADVANCED_FACE ( 'NONE', ( #4457 ), #2235, .T. ) ;
#3650 = CARTESIAN_POINT ( 'NONE',  ( -2.850000000000003642, -12.65000000000000036, -27.65000000000000924 ) ) ;
#3651 = AXIS2_PLACEMENT_3D ( 'NONE', #5132, #2330, #5242 ) ;
#3652 = ORIENTED_EDGE ( 'NONE', *, *, #139, .T. ) ;
#3653 = ORIENTED_EDGE ( 'NONE', *, *, #4732, .T. ) ;
#3654 = DIRECTION ( 'NONE',  ( 1.000000000000000000, 0.000000000000000000, 0.000000000000000000 ) ) ;
#3655 = CYLINDRICAL_SURFACE ( 'NONE', #7115, 2.100000000000000977 ) ;
#3656 = PLANE ( 'NONE',  #2278 ) ;
#3657 = AXIS2_PLACEMENT_3D ( 'NONE', #5023, #2141, #5574 ) ;
#3658 = CARTESIAN_POINT ( 'NONE',  ( 5.343765332788798617, -118.3301378822970946, -5.365124190523414605 ) ) ;
#3659 = EDGE_LOOP ( 'NONE', ( #3602, #4523, #3998, #1460 ) ) ;
#3660 = EDGE_LOOP ( 'NONE', ( #684, #7025, #798, #1773, #6322 ) ) ;
#3661 = PERSON_AND_ORGANIZATION_ROLE ( 'design_owner' ) ;
#3662 = CARTESIAN_POINT ( 'NONE',  ( 0.9163082512828761850, -31.16824088832307638, -15.40923400202329674 ) ) ;
#3663 = CARTESIAN_POINT ( 'NONE',  ( 15.34355279727557608, -128.8618689574026348, -15.60140053455277176 ) ) ;
#3664 = CARTESIAN_POINT ( 'NONE',  ( 0.1499999999999958311, 0.7592456707638771674, -25.16269704919973194 ) ) ;
#3666 = VERTEX_POINT ( 'NONE', #4964 ) ;
#3665 = CARTESIAN_POINT ( 'NONE',  ( 15.93045311148218879, -122.7226113006041146, -19.52097075835930440 ) ) ;
#3667 = ORIENTED_EDGE ( 'NONE', *, *, #2423, .T. ) ;
#3668 = CARTESIAN_POINT ( 'NONE',  ( 2.146476370910896936, 4.000000000000000000, 21.15000000000000213 ) ) ;
#3669 = CARTESIAN_POINT ( 'NONE',  ( -19.14999999999999858, -20.30000000000000071, -20.15000000000000213 ) ) ;
#3670 = AXIS2_PLACEMENT_3D ( 'NONE', #4083, #1299, #5187 ) ;
#3671 = PLANE ( 'NONE',  #292 ) ;
#3672 = CARTESIAN_POINT ( 'NONE',  ( -8.921649105293383286, -126.0285047560635263, -16.71642527962869451 ) ) ;
#3673 = DIRECTION ( 'NONE',  ( -0.000000000000000000, -0.000000000000000000, 1.000000000000000000 ) ) ;
#3674 = CARTESIAN_POINT ( 'NONE',  ( -5.850000000000004086, -1.031049961377747515, -29.15000000000000568 ) ) ;
#3675 = VERTEX_POINT ( 'NONE', #2159 ) ;
#3676 = CARTESIAN_POINT ( 'NONE',  ( 11.22267509053874868, -95.85945814722467162, -3.759123396763073277 ) ) ;
#3677 = CARTESIAN_POINT ( 'NONE',  ( -11.17960148518390540, -95.35074313567875492, -3.620425847127391350 ) ) ;
#3678 = EDGE_CURVE ( 'NONE', #5038, #4141, #3300, .T. ) ;
#3679 = CARTESIAN_POINT ( 'NONE',  ( 3.402961729731081686, -88.24050013578684570, 2.537378094943510298 ) ) ;
#3680 = CYLINDRICAL_SURFACE ( 'NONE', #4720, 1.000000000000000000 ) ;
#3681 = ORIENTED_EDGE ( 'NONE', *, *, #6537, .F. ) ;
#3682 = ORIENTED_EDGE ( 'NONE', *, *, #912, .F. ) ;
#3683 = CIRCLE ( 'NONE', #133, 0.8000000000000003775 ) ;
#3684 = CARTESIAN_POINT ( 'NONE',  ( -6.371015967057542362, -122.0347441778322946, -11.78461909181831402 ) ) ;
#3685 = CARTESIAN_POINT ( 'NONE',  ( 22.14999999999996660, 2.999999999999999112, -25.15000000000000568 ) ) ;
#3686 = DIRECTION ( 'NONE',  ( 1.000000000000000000, 0.000000000000000000, 0.000000000000000000 ) ) ;
#3687 = EDGE_CURVE ( 'NONE', #1698, #5969, #7336, .T. ) ;
#3688 = CARTESIAN_POINT ( 'NONE',  ( 11.89919076735216841, -116.1602009119825851, -8.687041908609659302 ) ) ;
#3689 = CIRCLE ( 'NONE', #2152, 1.000000000000000888 ) ;
#3690 = VERTEX_POINT ( 'NONE', #5102 ) ;
#3691 = ORIENTED_EDGE ( 'NONE', *, *, #819, .T. ) ;
#3692 = AXIS2_PLACEMENT_3D ( 'NONE', #6876, #6310, #1233 ) ;
#3693 = PERSON_AND_ORGANIZATION ( #5371, #4054 ) ;
#3694 = CARTESIAN_POINT ( 'NONE',  ( 18.39231632514088233, -25.29999999999999361, -6.042533121884147818 ) ) ;
#3695 = CARTESIAN_POINT ( 'NONE',  ( 15.00265399901415186, -120.8913875458976150, -15.07680949859138053 ) ) ;
#3696 = DIRECTION ( 'NONE',  ( -0.000000000000000000, 1.000000000000000000, -0.000000000000000000 ) ) ;
#3697 = CIRCLE ( 'NONE', #5580, 12.00000000000000178 ) ;
#3699 = ORIENTED_EDGE ( 'NONE', *, *, #3420, .F. ) ;
#3698 = CARTESIAN_POINT ( 'NONE',  ( -3.815736510066729697E-14, -128.0247424821922380, -38.37505032396474292 ) ) ;
#3700 = VERTEX_POINT ( 'NONE', #4561 ) ;
#3701 = DIRECTION ( 'NONE',  ( 0.000000000000000000, 0.000000000000000000, 1.000000000000000000 ) ) ;
#3702 = DIRECTION ( 'NONE',  ( 1.000000000000000000, 0.000000000000000000, 0.000000000000000000 ) ) ;
#3703 = VERTEX_POINT ( 'NONE', #6815 ) ;
#3704 = CARTESIAN_POINT ( 'NONE',  ( 8.682307481133252125, -97.66918250614487818, -3.919227129053794556 ) ) ;
#3705 = DIRECTION ( 'NONE',  ( 0.000000000000000000, 0.1736481776669312749, -0.9848077530122079093 ) ) ;
#3706 = PLANE ( 'NONE',  #5346 ) ;
#3707 = CARTESIAN_POINT ( 'NONE',  ( 3.049999999999999378, -12.65000000000000036, -28.15000000000000213 ) ) ;
#3708 = VERTEX_POINT ( 'NONE', #573 ) ;
#3709 = CARTESIAN_POINT ( 'NONE',  ( -9.504735922941025095, -22.63571428571428257, -27.15000000000000568 ) ) ;
#3710 = CARTESIAN_POINT ( 'NONE',  ( -11.91396237764021571, -92.59257564718109279, -4.552638354258029096 ) ) ;
#3711 = CARTESIAN_POINT ( 'NONE',  ( -1.444599189963755581, -107.2544794533062174, -0.4683787848669854759 ) ) ;
#3712 = DIRECTION ( 'NONE',  ( 0.000000000000000000, 1.000000000000000000, 0.000000000000000000 ) ) ;
#3713 = CARTESIAN_POINT ( 'NONE',  ( -9.294655033357996032, 3.000000000000000000, 9.294655033358019125 ) ) ;
#3714 = CARTESIAN_POINT ( 'NONE',  ( -7.950000000000001954, -12.65000000000000036, -29.15000000000000568 ) ) ;
#3715 = ORIENTED_EDGE ( 'NONE', *, *, #2862, .F. ) ;
#3716 = EDGE_CURVE ( 'NONE', #3247, #3388, #6779, .T. ) ;
#3717 = VERTEX_POINT ( 'NONE', #1616 ) ;
#3718 = EDGE_CURVE ( 'NONE', #2793, #5476, #2886, .T. ) ;
#3719 = CARTESIAN_POINT ( 'NONE',  ( -16.05403872996639691, -123.2085990392366170, -20.81389423976290232 ) ) ;
#3720 = CARTESIAN_POINT ( 'NONE',  ( 4.445159873529128447, -45.76486220914843983, -17.26346335439151503 ) ) ;
#3721 = CARTESIAN_POINT ( 'NONE',  ( -13.26187640737054707, -121.6776518954689408, -12.59748559203216445 ) ) ;
#3722 = DIRECTION ( 'NONE',  ( 0.000000000000000000, -1.000000000000000000, -0.000000000000000000 ) ) ;
#3723 = VECTOR ( 'NONE', #7079, 1000.000000000000000 ) ;
#3724 = CARTESIAN_POINT ( 'NONE',  ( 12.35183835873440295, -112.1882333320458400, -8.787299631710375536 ) ) ;
#3725 = ORIENTED_EDGE ( 'NONE', *, *, #6254, .F. ) ;
#3726 = AXIS2_PLACEMENT_3D ( 'NONE', #6422, #1345, #5855 ) ;
#3727 = ORIENTED_EDGE ( 'NONE', *, *, #605, .T. ) ;
#3728 = EDGE_CURVE ( 'NONE', #5854, #94, #1212, .T. ) ;
#3729 = PERSON_AND_ORGANIZATION ( #5371, #4054 ) ;
#3730 = CARTESIAN_POINT ( 'NONE',  ( 1.693964317048594959, -25.29999999999999716, -14.29701132070988301 ) ) ;
#3731 = ORIENTED_EDGE ( 'NONE', *, *, #5229, .T. ) ;
#3732 = CARTESIAN_POINT ( 'NONE',  ( 15.93112028604163832, -122.7701326311135688, -19.65632105671353003 ) ) ;
#3733 = LINE ( 'NONE', #6052, #3850 ) ;
#3734 = EDGE_CURVE ( 'NONE', #5170, #719, #1333, .T. ) ;
#3735 = CIRCLE ( 'NONE', #2444, 1.000000000000001332 ) ;
#3737 = EDGE_LOOP ( 'NONE', ( #5567, #2771, #5635, #285 ) ) ;
#3736 = FACE_OUTER_BOUND ( 'NONE', #4148, .T. ) ;
#3738 = ORIENTED_EDGE ( 'NONE', *, *, #4451, .F. ) ;
#3739 = DIRECTION ( 'NONE',  ( 1.000000000000000000, 0.000000000000000000, 0.000000000000000000 ) ) ;
#3740 = CARTESIAN_POINT ( 'NONE',  ( 0.000000000000000000, -25.30000000000000071, 0.000000000000000000 ) ) ;
#3741 = CARTESIAN_POINT ( 'NONE',  ( 12.47499999999973674, -13.59089653438097045, 23.15000000000000213 ) ) ;
#3742 = CARTESIAN_POINT ( 'NONE',  ( 8.698409636116851473, -94.86465397123272680, -3.442550391305568613 ) ) ;
#3743 = FACE_OUTER_BOUND ( 'NONE', #6829, .T. ) ;
#3744 = CYLINDRICAL_SURFACE ( 'NONE', #4764, 2.100000000000000977 ) ;
#3745 = CARTESIAN_POINT ( 'NONE',  ( 2.108954397320385254, -24.35449619248403152, 20.18752197359045297 ) ) ;
#3746 = ORIENTED_EDGE ( 'NONE', *, *, #6223, .F. ) ;
#3747 = CARTESIAN_POINT ( 'NONE',  ( 5.083655068355083628, -101.6100776746796583, -2.316850052856479270 ) ) ;
#3748 = CARTESIAN_POINT ( 'NONE',  ( -12.35177045064032875, -96.30160560189577268, -5.985929173325543751 ) ) ;
#3749 = CARTESIAN_POINT ( 'NONE',  ( 11.81621265368177021, -99.62400977331398622, -5.636980401040342592 ) ) ;
#3750 = AXIS2_PLACEMENT_3D ( 'NONE', #524, #5524, #2718 ) ;
#3751 = VECTOR ( 'NONE', #294, 1000.000000000000000 ) ;
#3752 = FACE_OUTER_BOUND ( 'NONE', #230, .T. ) ;
#3753 = CARTESIAN_POINT ( 'NONE',  ( 9.425110376714709304, -106.3851387235692414, -3.940149936023575883 ) ) ;
#3754 = DIRECTION ( 'NONE',  ( -1.000000000000000000, 0.000000000000000000, 0.000000000000000000 ) ) ;
#3755 = ORIENTED_EDGE ( 'NONE', *, *, #961, .T. ) ;
#3756 = CARTESIAN_POINT ( 'NONE',  ( -15.95244876306768589, -123.8474669090233817, -22.69233657379490410 ) ) ;
#3757 = VECTOR ( 'NONE', #3812, 1000.000000000000000 ) ;
#3758 = DIRECTION ( 'NONE',  ( -0.000000000000000000, -1.000000000000000000, -0.000000000000000000 ) ) ;
#3759 = CARTESIAN_POINT ( 'NONE',  ( 24.14999999999999147, -25.30000000000000071, 21.73578643762689921 ) ) ;
#3760 = CARTESIAN_POINT ( 'NONE',  ( 15.49999999999999112, -10.29999999999999005, 25.15000000000000213 ) ) ;
#3761 = EDGE_CURVE ( 'NONE', #3717, #6143, #6048, .T. ) ;
#3762 = CIRCLE ( 'NONE', #3888, 3.300000000000000711 ) ;
#3763 = CARTESIAN_POINT ( 'NONE',  ( 6.356696461315270774, -121.9587084676867761, -4.528320588384168843 ) ) ;
#3764 = CARTESIAN_POINT ( 'NONE',  ( -3.329183702097171516, -25.08334190924601614, -24.83485185611642976 ) ) ;
#3765 = ORIENTED_EDGE ( 'NONE', *, *, #5852, .T. ) ;
#3766 = CARTESIAN_POINT ( 'NONE',  ( 13.00066364899215010, -25.29999999999564153, -5.584483559083341042 ) ) ;
#3767 = VERTEX_POINT ( 'NONE', #58 ) ;
#3768 = CARTESIAN_POINT ( 'NONE',  ( 15.80270445226555864, -122.3495921705820990, -18.56114603778054928 ) ) ;
#3769 = AXIS2_PLACEMENT_3D ( 'NONE', #6130, #1054, #2580 ) ;
#3770 = CARTESIAN_POINT ( 'NONE',  ( 0.1499999999999959144, -0.8168821408150926944, -26.25327238598637081 ) ) ;
#3771 = EDGE_CURVE ( 'NONE', #7096, #4710, #26, .T. ) ;
#3772 = DIRECTION ( 'NONE',  ( 0.7071067811865445751, -0.000000000000000000, -0.7071067811865504593 ) ) ;
#3773 = ORIENTED_EDGE ( 'NONE', *, *, #3863, .T. ) ;
#3774 = CARTESIAN_POINT ( 'NONE',  ( -22.94289321881348442, -24.29999999999999716, -22.94289321881343113 ) ) ;
#3775 = EDGE_CURVE ( 'NONE', #3703, #5979, #2289, .T. ) ;
#3776 = FACE_OUTER_BOUND ( 'NONE', #4246, .T. ) ;
#3777 = DIRECTION ( 'NONE',  ( 0.000000000000000000, 0.000000000000000000, 1.000000000000000000 ) ) ;
#3778 = EDGE_CURVE ( 'NONE', #5393, #4212, #5461, .T. ) ;
#3779 = CARTESIAN_POINT ( 'NONE',  ( 8.843555256927816188, -96.10241886503528974, -3.827658958737935269 ) ) ;
#3780 = CARTESIAN_POINT ( 'NONE',  ( 20.14999999999999503, -20.30000000000000071, -19.14999999999999858 ) ) ;
#3781 = CARTESIAN_POINT ( 'NONE',  ( 0.000000000000000000, 4.000000000000000000, -21.15000000000000213 ) ) ;
#3782 = DIRECTION ( 'NONE',  ( -0.7071067811865446862, -0.000000000000000000, 0.7071067811865504593 ) ) ;
#3783 = ORIENTED_EDGE ( 'NONE', *, *, #1928, .T. ) ;
#3784 = VECTOR ( 'NONE', #2420, 1000.000000000000000 ) ;
#3785 = DIRECTION ( 'NONE',  ( -0.000000000000000000, -0.000000000000000000, 1.000000000000000000 ) ) ;
#3786 = CARTESIAN_POINT ( 'NONE',  ( -12.35843308657926976, -95.64450150871967082, -5.882759179072198030 ) ) ;
#3787 = CARTESIAN_POINT ( 'NONE',  ( 11.14362992613649439, -91.04185514357804720, -3.132974569644622065 ) ) ;
#3788 = DIRECTION ( 'NONE',  ( 0.000000000000000000, -8.673617379884027583E-16, -1.000000000000000000 ) ) ;
#3789 = CARTESIAN_POINT ( 'NONE',  ( 12.27006638930640570, -114.2269700550918827, -8.993148163885020807 ) ) ;
#3790 = CARTESIAN_POINT ( 'NONE',  ( -11.82669833765678469, -48.00681789606037597, -11.77662511672272494 ) ) ;
#3791 = EDGE_LOOP ( 'NONE', ( #909, #3619, #7108, #5703 ) ) ;
#3792 = CARTESIAN_POINT ( 'NONE',  ( 1.658171944031854528, -132.9200386332015285, -30.41289505011027572 ) ) ;
#3793 = DIRECTION ( 'NONE',  ( 0.000000000000000000, 0.000000000000000000, -1.000000000000000000 ) ) ;
#3794 = CARTESIAN_POINT ( 'NONE',  ( -8.506854249492382891, -6.993145750507616221, -28.15000000000000213 ) ) ;
#3795 = CARTESIAN_POINT ( 'NONE',  ( 12.47499999999973674, -10.30000000000010019, 25.94999999999999929 ) ) ;
#3796 = CARTESIAN_POINT ( 'NONE',  ( 4.540497472131414192, -118.5994966231710634, -5.125118570659694228 ) ) ;
#3797 = DIRECTION ( 'NONE',  ( 0.000000000000000000, 0.000000000000000000, 1.000000000000000000 ) ) ;
#3798 = ORIENTED_EDGE ( 'NONE', *, *, #3771, .T. ) ;
#3799 = DATE_AND_TIME ( #2724, #4522 ) ;
#3800 = CIRCLE ( 'NONE', #4979, 1.000000000000000000 ) ;
#3801 = CARTESIAN_POINT ( 'NONE',  ( -9.748733761659272190, -127.2445486757004005, -34.87968707532569113 ) ) ;
#3802 = EDGE_LOOP ( 'NONE', ( #4147, #1575 ) ) ;
#3803 = CARTESIAN_POINT ( 'NONE',  ( 14.93675734368688168, -125.3477474091400694, -27.52835120408035863 ) ) ;
#3804 = CARTESIAN_POINT ( 'NONE',  ( 19.14999999999999503, -20.30000000000000071, 19.14999999999999858 ) ) ;
#3805 = B_SPLINE_CURVE_WITH_KNOTS ( 'NONE', 3,
 ( #4374, #6629, #4412, #1477, #6665, #6098, #1020, #5272, #2462, #2814, #4011, #6784 ),
 .UNSPECIFIED., .F., .F.,
 ( 4, 2, 2, 2, 2, 4 ),
 ( -1.998223407144209224E-05, 0.0005365742361879536921, 0.001093130706447349504, 0.002206243646966138741, 0.003319356587484926027, 0.004432469528003713313 ),
 .UNSPECIFIED. ) ;
#3806 = AXIS2_PLACEMENT_3D ( 'NONE', #6888, #1778, #4632 ) ;
#3807 = CIRCLE ( 'NONE', #1210, 2.000000000000001776 ) ;
#3808 = DIRECTION ( 'NONE',  ( 0.000000000000000000, 0.000000000000000000, 1.000000000000000000 ) ) ;
#3809 = ORIENTED_EDGE ( 'NONE', *, *, #5185, .F. ) ;
#3810 = CARTESIAN_POINT ( 'NONE',  ( -9.520402589537020788, -89.62280186752292366, -1.073218171982982527 ) ) ;
#3811 = ADVANCED_FACE ( 'NONE', ( #3360 ), #1173, .F. ) ;
#3812 = DIRECTION ( 'NONE',  ( -6.897508850802415061E-17, -0.000000000000000000, -1.000000000000000000 ) ) ;
#3813 = AXIS2_PLACEMENT_3D ( 'NONE', #1146, #2741, #5666 ) ;
#3814 = CYLINDRICAL_SURFACE ( 'NONE', #6933, 1.000000000000000888 ) ;
#3815 = VECTOR ( 'NONE', #615, 1000.000000000000000 ) ;
#3816 = FACE_OUTER_BOUND ( 'NONE', #2067, .T. ) ;
#3817 = ADVANCED_FACE ( 'NONE', ( #6735 ), #3442, .T. ) ;
#3818 = CARTESIAN_POINT ( 'NONE',  ( 3.146476370910900489, -11.93193262840708613, 21.14999999999999858 ) ) ;
#3819 = CARTESIAN_POINT ( 'NONE',  ( 12.70768976702465025, -119.2548889419359028, -10.75951504456685193 ) ) ;
#3820 = EDGE_CURVE ( 'NONE', #4978, #2295, #3963, .T. ) ;
#3821 = DIRECTION ( 'NONE',  ( 0.7071067811865510144, 0.000000000000000000, 0.7071067811865441310 ) ) ;
#3822 = EDGE_LOOP ( 'NONE', ( #1510, #2331, #2709, #6273 ) ) ;
#3823 = DIRECTION ( 'NONE',  ( 0.000000000000000000, 0.000000000000000000, 1.000000000000000000 ) ) ;
#3824 = CARTESIAN_POINT ( 'NONE',  ( -1.596297136799692096, -88.16081516335275126, 2.880670477341374713 ) ) ;
#3825 = CARTESIAN_POINT ( 'NONE',  ( 7.858583904215609373, -104.4800461192613028, -2.350340746217992383 ) ) ;
#3826 = EDGE_CURVE ( 'NONE', #1774, #5843, #6852, .T. ) ;
#3827 = CARTESIAN_POINT ( 'NONE',  ( -3.900000000000004796, -4.649999999999999467, -30.15000000000000568 ) ) ;
#3828 = CARTESIAN_POINT ( 'NONE',  ( 11.32690956246401015, -108.1714302691108287, -6.412771102571610093 ) ) ;
#3829 = CARTESIAN_POINT ( 'NONE',  ( -12.73418808355294907, -48.72418609370637199, -10.22979726918208598 ) ) ;
#3830 = ORIENTED_EDGE ( 'NONE', *, *, #5533, .F. ) ;
#3831 = CARTESIAN_POINT ( 'NONE',  ( -5.180580390834047755, -91.64822874143220588, -0.5891503096406035533 ) ) ;
#3832 = DIRECTION ( 'NONE',  ( 1.000000000000000000, -2.595324257062149123E-16, 0.000000000000000000 ) ) ;
#3833 = CYLINDRICAL_SURFACE ( 'NONE', #5116, 1.000000000000000888 ) ;
#3834 = CARTESIAN_POINT ( 'NONE',  ( 3.190409933411562093, -118.9063133185385226, -4.816437742941638511 ) ) ;
#3835 = CIRCLE ( 'NONE', #391, 1.000000000000000888 ) ;
#3836 = CARTESIAN_POINT ( 'NONE',  ( 20.14999999999999503, -20.30000000000000071, -19.14999999999999858 ) ) ;
#3837 = DIRECTION ( 'NONE',  ( 0.000000000000000000, 0.000000000000000000, -1.000000000000000000 ) ) ;
#3838 = ORIENTED_EDGE ( 'NONE', *, *, #2290, .F. ) ;
#3839 = PERSON_AND_ORGANIZATION ( #5371, #4054 ) ;
#3840 = CARTESIAN_POINT ( 'NONE',  ( -15.71816436987243115, -122.1180225378447091, -17.96969633925176169 ) ) ;
#3841 = EDGE_LOOP ( 'NONE', ( #5833, #6104, #6884 ) ) ;
#3842 = CARTESIAN_POINT ( 'NONE',  ( 8.558065173664045844, -139.0979745156155332, -38.11181143424777673 ) ) ;
#3843 = DIRECTION ( 'NONE',  ( -0.000000000000000000, -0.000000000000000000, -1.000000000000000000 ) ) ;
#3844 = AXIS2_PLACEMENT_3D ( 'NONE', #6216, #6700, #6861 ) ;
#3845 = CARTESIAN_POINT ( 'NONE',  ( -6.598215009056207059, -24.92275206691300227, -24.93686854358701410 ) ) ;
#3846 = DIRECTION ( 'NONE',  ( 1.000000000000000000, 0.000000000000000000, 0.000000000000000000 ) ) ;
#3847 = ORIENTED_EDGE ( 'NONE', *, *, #3229, .T. ) ;
#3848 = CARTESIAN_POINT ( 'NONE',  ( -11.61398053853370627, -91.88714635969604672, -3.959228312210687495 ) ) ;
#3849 = LINE ( 'NONE', #579, #4718 ) ;
#3850 = VECTOR ( 'NONE', #905, 1000.000000000000000 ) ;
#3851 = DIRECTION ( 'NONE',  ( 1.000000000000000000, -0.000000000000000000, -0.000000000000000000 ) ) ;
#3852 = CARTESIAN_POINT ( 'NONE',  ( 12.65727925014756572, -57.60370839767868034, 0.2206031551182256467 ) ) ;
#3853 = DIRECTION ( 'NONE',  ( 0.000000000000000000, 0.000000000000000000, 1.000000000000000000 ) ) ;
#3854 = EDGE_CURVE ( 'NONE', #4262, #3335, #4438, .T. ) ;
#3855 = CARTESIAN_POINT ( 'NONE',  ( -3.750322476434588381, -122.6196283836046916, -3.617847820156771643 ) ) ;
#3856 = EDGE_CURVE ( 'NONE', #1490, #1097, #2524, .T. ) ;
#3857 = CARTESIAN_POINT ( 'NONE',  ( 24.85710678118653405, 2.999999999999999112, -22.44289321881346666 ) ) ;
#3858 = CARTESIAN_POINT ( 'NONE',  ( 2.247643409567821493, -24.74315120417032432, 20.94766592268608107 ) ) ;
#3859 = ORIENTED_EDGE ( 'NONE', *, *, #1910, .F. ) ;
#3860 = CARTESIAN_POINT ( 'NONE',  ( 5.135430878591987991, -105.5131652724121665, -1.069386537084731303 ) ) ;
#3861 = DIRECTION ( 'NONE',  ( 1.000000000000000000, 0.000000000000000000, 0.000000000000000000 ) ) ;
#3862 = CARTESIAN_POINT ( 'NONE',  ( 12.34597159365457486, -95.21717528072046832, -5.783499551129520633 ) ) ;
#3863 = EDGE_CURVE ( 'NONE', #5224, #2497, #2988, .T. ) ;
#3864 = FACE_OUTER_BOUND ( 'NONE', #5521, .T. ) ;
#3865 = CARTESIAN_POINT ( 'NONE',  ( 4.099999999999997868, -12.65000000000000391, -0.1500000000000042133 ) ) ;
#3866 = CARTESIAN_POINT ( 'NONE',  ( -4.850000000000003197, 2.999999999999999112, -25.15000000000000213 ) ) ;
#3867 = ADVANCED_FACE ( 'NONE', ( #6325 ), #759, .T. ) ;
#3868 = ORIENTED_EDGE ( 'NONE', *, *, #7124, .T. ) ;
#3869 = CARTESIAN_POINT ( 'NONE',  ( -1.602545946880348179E-14, -53.44831295703415464, -25.22521367377597556 ) ) ;
#3870 = PLANE ( 'NONE',  #6954 ) ;
#3871 = CARTESIAN_POINT ( 'NONE',  ( 1.249999999999996003, -12.65000000000000036, -27.65000000000000924 ) ) ;
#3872 = CARTESIAN_POINT ( 'NONE',  ( -12.83210846576137776, -119.9550187809577579, -11.16236627260998659 ) ) ;
#3873 = VECTOR ( 'NONE', #6040, 1000.000000000000000 ) ;
#3874 = AXIS2_PLACEMENT_3D ( 'NONE', #6977, #1937, #3601 ) ;
#3875 = EDGE_CURVE ( 'NONE', #276, #3700, #4217, .T. ) ;
#3876 = DIRECTION ( 'NONE',  ( 1.000000000000000000, 0.000000000000000000, 0.000000000000000000 ) ) ;
#3877 = DIRECTION ( 'NONE',  ( 0.000000000000000000, 0.000000000000000000, 1.000000000000000000 ) ) ;
#3878 = VERTEX_POINT ( 'NONE', #4735 ) ;
#3879 = CIRCLE ( 'NONE', #1022, 1.000000000000000888 ) ;
#3880 = AXIS2_PLACEMENT_3D ( 'NONE', #6938, #2491, #7011 ) ;
#3881 = VERTEX_POINT ( 'NONE', #5247 ) ;
#3882 = CARTESIAN_POINT ( 'NONE',  ( 14.14913689245478068, -137.0429719763611445, -32.50430737499304712 ) ) ;
#3883 = CARTESIAN_POINT ( 'NONE',  ( 0.02706447616307038062, -26.35118608004433227, -26.33920891306252088 ) ) ;
#3884 = DIRECTION ( 'NONE',  ( 0.000000000000000000, 0.000000000000000000, 1.000000000000000000 ) ) ;
#3885 = CARTESIAN_POINT ( 'NONE',  ( -21.73578643762691343, -24.29999999999999716, -25.15000000000000213 ) ) ;
#3886 = CARTESIAN_POINT ( 'NONE',  ( -6.729259241024246663, -131.5486904809278315, -27.18182593019709614 ) ) ;
#3887 = EDGE_LOOP ( 'NONE', ( #3912, #3609, #3859, #3357 ) ) ;
#3888 = AXIS2_PLACEMENT_3D ( 'NONE', #5376, #6000, #3055 ) ;
#3889 = FACE_OUTER_BOUND ( 'NONE', #6482, .T. ) ;
#3890 = DIRECTION ( 'NONE',  ( -1.000000000000000000, 0.000000000000000000, 0.000000000000000000 ) ) ;
#3891 = B_SPLINE_CURVE_WITH_KNOTS ( 'NONE', 3,
 ( #3584, #6360, #2409, #2920 ),
 .UNSPECIFIED., .F., .F.,
 ( 4, 4 ),
 ( 0.000000000000000000, 0.0003506430263637304095 ),
 .UNSPECIFIED. ) ;
#3892 = CARTESIAN_POINT ( 'NONE',  ( -19.00000000000001066, -25.29999999999999361, -2.302897951088329620 ) ) ;
#3893 = DIRECTION ( 'NONE',  ( -1.000000000000000000, 0.000000000000000000, -0.000000000000000000 ) ) ;
#3894 = DIRECTION ( 'NONE',  ( 0.000000000000000000, -1.000000000000000000, 0.000000000000000000 ) ) ;
#3895 = CYLINDRICAL_SURFACE ( 'NONE', #6271, 2.100000000000000977 ) ;
#3896 = CARTESIAN_POINT ( 'NONE',  ( -5.850000000000003197, -1.031049961377747293, -28.28349968719516383 ) ) ;
#3897 = ORIENTED_EDGE ( 'NONE', *, *, #2646, .F. ) ;
#3898 = DIRECTION ( 'NONE',  ( 0.000000000000000000, 0.000000000000000000, 1.000000000000000000 ) ) ;
#3899 = CARTESIAN_POINT ( 'NONE',  ( -1.873687686676043240, -25.30000000000000426, -24.57086838819996188 ) ) ;
#3900 = VERTEX_POINT ( 'NONE', #5794 ) ;
#3901 = CARTESIAN_POINT ( 'NONE',  ( -12.64911064067354829, -57.92808151989758869, 0.1808163328863537644 ) ) ;
#3902 = DIRECTION ( 'NONE',  ( 0.000000000000000000, 0.000000000000000000, -1.000000000000000000 ) ) ;
#3903 = CARTESIAN_POINT ( 'NONE',  ( -5.152278682897565076, -105.2129044379738048, -1.023254217371489583 ) ) ;
#3904 = B_SPLINE_CURVE_WITH_KNOTS ( 'NONE', 3,
 ( #867, #1505, #3664, #3107, #7179, #6621, #5907, #350, #836, #2622, #3175, #1542, #3770, #3137, #5357, #5389 ),
 .UNSPECIFIED., .F., .F.,
 ( 4, 2, 2, 2, 2, 2, 2, 4 ),
 ( 0.000000000000000000, 0.0003958821051871615139, 0.0007917642103743230278, 0.001187646315561484379, 0.001583528420748645839, 0.001979410525935806648, 0.002375292631122968325, 0.003167056841497290810 ),
 .UNSPECIFIED. ) ;
#3905 = CARTESIAN_POINT ( 'NONE',  ( -2.740990237347010527, -120.5024435106808198, -2.994829106410315411 ) ) ;
#3906 = CARTESIAN_POINT ( 'NONE',  ( -20.15000000000000213, -20.30000000000000071, 20.15000000000000213 ) ) ;
#3907 = CYLINDRICAL_SURFACE ( 'NONE', #1030, 1.049999999999998934 ) ;
#3908 = ORIENTED_EDGE ( 'NONE', *, *, #2456, .T. ) ;
#3909 = EDGE_CURVE ( 'NONE', #656, #5616, #7125, .T. ) ;
#3910 = CARTESIAN_POINT ( 'NONE',  ( 9.040110772616451129, -128.1820985245927034, -20.46445599879238486 ) ) ;
#3911 = CARTESIAN_POINT ( 'NONE',  ( 0.1927048351481561728, -91.20614592197657089, 0.3995490590258419794 ) ) ;
#3912 = ORIENTED_EDGE ( 'NONE', *, *, #1298, .F. ) ;
#3913 = FACE_OUTER_BOUND ( 'NONE', #3471, .T. ) ;
#3914 = CARTESIAN_POINT ( 'NONE',  ( -2.850000000000004086, 2.000000000000000000, -28.15000000000000568 ) ) ;
#3915 = CARTESIAN_POINT ( 'NONE',  ( -5.316055265282727760, -24.39387378289512398, -26.33920891306254219 ) ) ;
#3916 = CARTESIAN_POINT ( 'NONE',  ( 1.249999999999996003, -12.65000000000000036, -26.65000000000000568 ) ) ;
#3917 = EDGE_CURVE ( 'NONE', #2984, #2504, #736, .T. ) ;
#3918 = FACE_OUTER_BOUND ( 'NONE', #1009, .T. ) ;
#3919 = CARTESIAN_POINT ( 'NONE',  ( -1.602545946880348179E-14, -55.18479473370346966, -15.37713614365389070 ) ) ;
#3920 = ORIENTED_EDGE ( 'NONE', *, *, #2831, .T. ) ;
#3921 = ORIENTED_EDGE ( 'NONE', *, *, #6440, .T. ) ;
#3922 = EDGE_CURVE ( 'NONE', #7243, #3078, #5818, .T. ) ;
#3923 = CARTESIAN_POINT ( 'NONE',  ( 6.923659389112285290, -139.3894408506407672, -38.94843568917583099 ) ) ;
#3924 = DIRECTION ( 'NONE',  ( 0.9610037627847812791, 0.2017978422608354694, -0.1890751141011506598 ) ) ;
#3925 = DIRECTION ( 'NONE',  ( 1.000000000000000000, 0.000000000000000000, 0.000000000000000000 ) ) ;
#3926 = CARTESIAN_POINT ( 'NONE',  ( -7.823453845846891852, -23.57735301435904063, -26.94788484653667027 ) ) ;
#3927 = CIRCLE ( 'NONE', #2149, 1.600000000000002531 ) ;
#3928 = CARTESIAN_POINT ( 'NONE',  ( -6.215287609781634082, -131.8153558371430449, -27.78550275118046997 ) ) ;
#3929 = VERTEX_POINT ( 'NONE', #3097 ) ;
#3930 = CARTESIAN_POINT ( 'NONE',  ( -1.596297136799756933, -88.16081516335273704, 2.880670477341368940 ) ) ;
#3931 = CARTESIAN_POINT ( 'NONE',  ( -1.832573057738310807, -31.16264413126145527, -15.31660973421058358 ) ) ;
#3932 = DIRECTION ( 'NONE',  ( 6.897508850802415061E-17, -0.000000000000000000, 1.000000000000000000 ) ) ;
#3933 = FACE_OUTER_BOUND ( 'NONE', #148, .T. ) ;
#3934 = VECTOR ( 'NONE', #2761, 1000.000000000000000 ) ;
#3935 = DIRECTION ( 'NONE',  ( 1.000000000000000000, 0.000000000000000000, 0.000000000000000000 ) ) ;
#3936 = VECTOR ( 'NONE', #1905, 1000.000000000000000 ) ;
#3937 = DIRECTION ( 'NONE',  ( -0.000000000000000000, 1.000000000000000000, 0.000000000000000000 ) ) ;
#3938 = ORIENTED_EDGE ( 'NONE', *, *, #459, .T. ) ;
#3939 = DIRECTION ( 'NONE',  ( 1.000000000000000000, 0.000000000000000000, 0.000000000000000000 ) ) ;
#3940 = CARTESIAN_POINT ( 'NONE',  ( -1.602545946880348179E-14, -56.22668379970505015, -9.468289625580641911 ) ) ;
#3941 = AXIS2_PLACEMENT_3D ( 'NONE', #2954, #208, #3513 ) ;
#3942 = EDGE_LOOP ( 'NONE', ( #4036, #7008, #5894 ) ) ;
#3943 = CYLINDRICAL_SURFACE ( 'NONE', #6357, 1.000000000000000000 ) ;
#3944 = CARTESIAN_POINT ( 'NONE',  ( -9.540205150568793258, -92.09483099051907118, -1.399203957875985393 ) ) ;
#3945 = CARTESIAN_POINT ( 'NONE',  ( -9.412003291305333974, -106.3745562533351858, -3.923859998783427727 ) ) ;
#3946 = CARTESIAN_POINT ( 'NONE',  ( -4.350642423922463919, -122.5094571963195875, -3.779191670586381058 ) ) ;
#3947 = CARTESIAN_POINT ( 'NONE',  ( 1.756854249492378672, -6.993145750507620662, -0.1500000000000042133 ) ) ;
#3948 = ORIENTED_EDGE ( 'NONE', *, *, #2820, .F. ) ;
#3949 = CARTESIAN_POINT ( 'NONE',  ( 6.218151381153567137, -131.8139891400619774, -27.78238128211734193 ) ) ;
#3950 = CARTESIAN_POINT ( 'NONE',  ( 7.605790460381120610, -92.78775793799957228, -2.085486887743145168 ) ) ;
#3951 = ORIENTED_EDGE ( 'NONE', *, *, #5131, .T. ) ;
#3952 = CARTESIAN_POINT ( 'NONE',  ( -2.291336527560349889, -105.4950437179476950, -0.2882952803921476348 ) ) ;
#3953 = FACE_OUTER_BOUND ( 'NONE', #942, .T. ) ;
#3954 = CARTESIAN_POINT ( 'NONE',  ( -3.684519834761688095, -24.62809518793272190, -26.09923907141997290 ) ) ;
#3955 = DIRECTION ( 'NONE',  ( 0.9610037627847913821, -0.2017978422608452671, 0.1890751141010889869 ) ) ;
#3956 = ADVANCED_FACE ( 'NONE', ( #1885 ), #6361, .T. ) ;
#3957 = CARTESIAN_POINT ( 'NONE',  ( 12.47499999999973674, -10.30000000000010019, 25.94999999999999929 ) ) ;
#3958 = EDGE_LOOP ( 'NONE', ( #6809, #4000, #5015, #4465 ) ) ;
#3959 = ADVANCED_FACE ( 'NONE', ( #723, #796 ), #3656, .T. ) ;
#3960 = ORIENTED_EDGE ( 'NONE', *, *, #3561, .T. ) ;
#3961 = CARTESIAN_POINT ( 'NONE',  ( 15.50546545053721559, -135.9413744182931509, -29.72537306061392570 ) ) ;
#3962 = DIRECTION ( 'NONE',  ( 1.000000000000000000, 0.000000000000000000, 0.000000000000000000 ) ) ;
#3963 = LINE ( 'NONE', #2176, #3815 ) ;
#3964 = ADVANCED_FACE ( 'NONE', ( #6395 ), #1952, .T. ) ;
#3965 = CARTESIAN_POINT ( 'NONE',  ( -8.843335053150452651, -23.05323166116574995, -27.11813053091958281 ) ) ;
#3966 = ORIENTED_EDGE ( 'NONE', *, *, #4689, .F. ) ;
#3967 = DIRECTION ( 'NONE',  ( 0.000000000000000000, -0.000000000000000000, 1.000000000000000000 ) ) ;
#3968 = CYLINDRICAL_SURFACE ( 'NONE', #843, 1.000000000000000888 ) ;
#3969 = CARTESIAN_POINT ( 'NONE',  ( -25.15000000000000213, -25.30000000000000071, 17.14999999999999858 ) ) ;
#3970 = CARTESIAN_POINT ( 'NONE',  ( -4.189279496703827377, -25.30000000000215721, -13.75522210711193871 ) ) ;
#3971 = EDGE_CURVE ( 'NONE', #1845, #694, #5113, .T. ) ;
#3972 = FACE_BOUND ( 'NONE', #456, .T. ) ;
#3973 = CARTESIAN_POINT ( 'NONE',  ( -5.494338174622120263, -105.3352205940300053, -1.194697257421215131 ) ) ;
#3974 = LINE ( 'NONE', #5622, #1535 ) ;
#3975 = DIRECTION ( 'NONE',  ( 1.000000000000000000, 0.000000000000000000, 0.000000000000000000 ) ) ;
#3976 = VECTOR ( 'NONE', #6727, 1000.000000000000000 ) ;
#3977 = EDGE_LOOP ( 'NONE', ( #4030, #3938, #1037, #870, #4668, #5732, #3727, #3579, #1889, #3715, #2602 ) ) ;
#3978 = DIRECTION ( 'NONE',  ( 0.000000000000000000, 0.000000000000000000, 1.000000000000000000 ) ) ;
#3979 = CIRCLE ( 'NONE', #6085, 2.149999999999999023 ) ;
#3980 = FACE_OUTER_BOUND ( 'NONE', #7176, .T. ) ;
#3981 = ORIENTED_EDGE ( 'NONE', *, *, #5188, .T. ) ;
#3982 = DIRECTION ( 'NONE',  ( 0.000000000000000000, 0.000000000000000000, 1.000000000000000000 ) ) ;
#3983 = CARTESIAN_POINT ( 'NONE',  ( -5.371466844485022207, -91.69402068263228500, -0.6684491354925791162 ) ) ;
#3984 = CARTESIAN_POINT ( 'NONE',  ( -12.27809939501924852, -111.1934550618590407, -8.472775187807487285 ) ) ;
#3985 = AXIS2_PLACEMENT_3D ( 'NONE', #2829, #1722, #3462 ) ;
#3986 = CARTESIAN_POINT ( 'NONE',  ( -19.14999999999999858, 2.999999999999999112, -20.15000000000000213 ) ) ;
#3987 = CARTESIAN_POINT ( 'NONE',  ( 14.97499999999973674, -10.30000000000010019, 25.94999999999999929 ) ) ;
#3988 = DIRECTION ( 'NONE',  ( 0.000000000000000000, -8.673617379884027583E-16, 1.000000000000000000 ) ) ;
#3989 = ORIENTED_EDGE ( 'NONE', *, *, #1550, .T. ) ;
#3990 = DIRECTION ( 'NONE',  ( -1.000000000000000000, 0.000000000000000000, 0.000000000000000000 ) ) ;
#3991 = CARTESIAN_POINT ( 'NONE',  ( 4.321908869881201376, -90.54023127330749787, 1.894034086571910303 ) ) ;
#3992 = EDGE_LOOP ( 'NONE', ( #2752, #5644, #6124 ) ) ;
#3993 = CARTESIAN_POINT ( 'NONE',  ( 8.499999999999989342, -17.30000000000002203, 22.15000000000000213 ) ) ;
#3994 = CARTESIAN_POINT ( 'NONE',  ( 2.511113991762602193, -108.1046436357128187, -2.785020961700326758 ) ) ;
#3995 = CARTESIAN_POINT ( 'NONE',  ( -5.850000000000003197, 1.999999999999999112, -25.15000000000000568 ) ) ;
#3996 = CYLINDRICAL_SURFACE ( 'NONE', #1843, 1.000000000000000000 ) ;
#3997 = ORIENTED_EDGE ( 'NONE', *, *, #7112, .T. ) ;
#3998 = ORIENTED_EDGE ( 'NONE', *, *, #1239, .F. ) ;
#3999 = VERTEX_POINT ( 'NONE', #6468 ) ;
#4000 = ORIENTED_EDGE ( 'NONE', *, *, #6068, .T. ) ;
#4001 = CIRCLE ( 'NONE', #1750, 4.099999999999999645 ) ;
#4002 = CARTESIAN_POINT ( 'NONE',  ( 1.869373527840875182, -128.0056857890891706, -38.28565282599918618 ) ) ;
#4003 = FACE_OUTER_BOUND ( 'NONE', #345, .T. ) ;
#4005 = EDGE_CURVE ( 'NONE', #5979, #4108, #1923, .T. ) ;
#4004 = CARTESIAN_POINT ( 'NONE',  ( 21.73578643762692053, 3.000000000000000000, 24.15000000000000213 ) ) ;
#4006 = CIRCLE ( 'NONE', #1149, 2.149999999999999023 ) ;
#4007 = ORIENTED_EDGE ( 'NONE', *, *, #1553, .F. ) ;
#4008 = CARTESIAN_POINT ( 'NONE',  ( 2.806854249492377384, -6.993145750507620662, -28.15000000000000213 ) ) ;
#4009 = CARTESIAN_POINT ( 'NONE',  ( 13.53952526421371871, -25.29999999999999716, 3.666761536026111656 ) ) ;
#4010 = CARTESIAN_POINT ( 'NONE',  ( -8.749151784320574166, -25.29999999999999005, -11.31274935752607824 ) ) ;
#4011 = CARTESIAN_POINT ( 'NONE',  ( 1.906676177087494040, -105.5021829903986514, -0.2478064543334626002 ) ) ;
#4012 = FACE_BOUND ( 'NONE', #3376, .T. ) ;
#4013 = ADVANCED_FACE ( 'NONE', ( #6958 ), #5814, .T. ) ;
#4014 = FACE_BOUND ( 'NONE', #1056, .T. ) ;
#4015 = CIRCLE ( 'NONE', #2228, 5.099999999999998757 ) ;
#4016 = EDGE_CURVE ( 'NONE', #1150, #8, #2516, .T. ) ;
#4017 = ORIENTED_EDGE ( 'NONE', *, *, #5975, .T. ) ;
#4018 = DIRECTION ( 'NONE',  ( -0.000000000000000000, -0.000000000000000000, 1.000000000000000000 ) ) ;
#4019 = CARTESIAN_POINT ( 'NONE',  ( -3.339182223618893719, -25.07100325843364175, -24.85008617041794210 ) ) ;
#4020 =( BOUNDED_CURVE ( )  B_SPLINE_CURVE ( 3, ( #7147, #7107, #2071, #322 ),
 .UNSPECIFIED., .F., .T. ) 
 B_SPLINE_CURVE_WITH_KNOTS ( ( 4, 4 ),
 ( 0.000000000000000000, 3.141592653589793116 ),
 .UNSPECIFIED. ) 
 CURVE ( )  GEOMETRIC_REPRESENTATION_ITEM ( )  RATIONAL_B_SPLINE_CURVE ( ( 1.000000000000000000, 0.3333333333333333703, 0.3333333333333333703, 1.000000000000000000 ) ) 
 REPRESENTATION_ITEM ( '' )  );
#4021 = EDGE_CURVE ( 'NONE', #1175, #7201, #828, .T. ) ;
#4022 = CIRCLE ( 'NONE', #1517, 2.000000000000001776 ) ;
#4023 = CARTESIAN_POINT ( 'NONE',  ( -8.829742027280374828, -113.0999175965878862, -6.808617486161091747 ) ) ;
#4024 = CARTESIAN_POINT ( 'NONE',  ( -11.22082031323938445, -112.6388374858447321, -6.715633704431683171 ) ) ;
#4025 = SPHERICAL_SURFACE ( 'NONE', #3985, 1.000000000000000000 ) ;
#4026 = DIRECTION ( 'NONE',  ( 1.000000000000000000, 0.000000000000000000, 0.000000000000000000 ) ) ;
#4027 = DIRECTION ( 'NONE',  ( 1.000000000000000000, 0.000000000000000000, 0.000000000000000000 ) ) ;
#4028 = CARTESIAN_POINT ( 'NONE',  ( -4.046272736704467299, -101.9186234309820662, -2.029553233272435531 ) ) ;
#4029 = CARTESIAN_POINT ( 'NONE',  ( 3.421937144898029359, -91.36440812046652127, -0.005873952838933286548 ) ) ;
#4030 = ORIENTED_EDGE ( 'NONE', *, *, #944, .T. ) ;
#4031 = CARTESIAN_POINT ( 'NONE',  ( -0.3839447347173687297, -24.39387378289514174, -26.33920891306252088 ) ) ;
#4032 = DIRECTION ( 'NONE',  ( 0.000000000000000000, 0.000000000000000000, 1.000000000000000000 ) ) ;
#4033 = LINE ( 'NONE', #1242, #5883 ) ;
#4034 = ORIENTED_EDGE ( 'NONE', *, *, #1375, .T. ) ;
#4035 = ORIENTED_EDGE ( 'NONE', *, *, #7170, .T. ) ;
#4036 = ORIENTED_EDGE ( 'NONE', *, *, #267, .F. ) ;
#4037 = ORIENTED_EDGE ( 'NONE', *, *, #5382, .T. ) ;
#4038 = CARTESIAN_POINT ( 'NONE',  ( -8.478613176984428179, -129.9718419971747210, -23.83460368196564261 ) ) ;
#4039 = DIRECTION ( 'NONE',  ( -0.000000000000000000, 0.000000000000000000, -1.000000000000000000 ) ) ;
#4040 = CARTESIAN_POINT ( 'NONE',  ( 10.64999999999996838, -3.299999999999976730, 22.15000000000000213 ) ) ;
#4041 = CARTESIAN_POINT ( 'NONE',  ( 10.47153044158331525, -110.0075404497621179, -5.441680575789556329 ) ) ;
#4042 = ORIENTED_EDGE ( 'NONE', *, *, #6994, .T. ) ;
#4043 = FACE_OUTER_BOUND ( 'NONE', #5153, .T. ) ;
#4044 = CARTESIAN_POINT ( 'NONE',  ( 3.614286325643936267E-14, -29.43175911166533254, 13.32889971951089336 ) ) ;
#4045 = CYLINDRICAL_SURFACE ( 'NONE', #7274, 2.149999999999999023 ) ;
#4046 = CARTESIAN_POINT ( 'NONE',  ( 9.853736270369267913, -47.00025028760134660, -14.10369974656750536 ) ) ;
#4047 = DIRECTION ( 'NONE',  ( 0.7071067811865457964, 0.000000000000000000, -0.7071067811865492381 ) ) ;
#4048 = CARTESIAN_POINT ( 'NONE',  ( -12.17802658275887850, -114.9785298744943987, -8.952032186035408401 ) ) ;
#4049 = ORIENTED_EDGE ( 'NONE', *, *, #3778, .F. ) ;
#4051 = EDGE_CURVE ( 'NONE', #1913, #6512, #3577, .T. ) ;
#4050 = CARTESIAN_POINT ( 'NONE',  ( -1.800000000000002931, -4.649999999999999467, -28.15000000000000213 ) ) ;
#4052 = DIRECTION ( 'NONE',  ( 0.000000000000000000, 1.000000000000000000, 0.000000000000000000 ) ) ;
#4053 = FACE_OUTER_BOUND ( 'NONE', #1568, .T. ) ;
#4054 = ORGANIZATION ( '未指定', '未指定', '' ) ;
#4055 = CARTESIAN_POINT ( 'NONE',  ( -1.661830920882796381, -108.0580009852825327, -2.663060049179733824 ) ) ;
#4056 = CARTESIAN_POINT ( 'NONE',  ( -11.71541621861399562, -108.8731164964562055, -7.096910664091375054 ) ) ;
#4057 = AXIS2_PLACEMENT_3D ( 'NONE', #2650, #5454, #380 ) ;
#4058 = EDGE_CURVE ( 'NONE', #3644, #7144, #4289, .T. ) ;
#4059 = AXIS2_PLACEMENT_3D ( 'NONE', #3143, #5468, #3739 ) ;
#4060 = CARTESIAN_POINT ( 'NONE',  ( -15.31766268536574138, -125.0035629257350536, -26.34825004552248018 ) ) ;
#4061 = ORIENTED_EDGE ( 'NONE', *, *, #5358, .F. ) ;
#4062 = CARTESIAN_POINT ( 'NONE',  ( -8.950000000000002842, -12.65000000000000036, -29.15000000000000568 ) ) ;
#4063 = FACE_OUTER_BOUND ( 'NONE', #3478, .T. ) ;
#4064 = AXIS2_PLACEMENT_3D ( 'NONE', #2755, #3393, #6158 ) ;
#4065 = EDGE_CURVE ( 'NONE', #6951, #7145, #3807, .T. ) ;
#4066 = VERTEX_POINT ( 'NONE', #392 ) ;
#4067 = CARTESIAN_POINT ( 'NONE',  ( -1.514235390253807934, -102.2815809181308850, -1.634886513501712324 ) ) ;
#4068 = CARTESIAN_POINT ( 'NONE',  ( -10.60685424949238431, -6.993145750507616221, -20.15000000000000213 ) ) ;
#4069 = CARTESIAN_POINT ( 'NONE',  ( -4.505710597727190070, -24.54242381128565498, -26.18402489626739893 ) ) ;
#4070 = ORIENTED_EDGE ( 'NONE', *, *, #2249, .F. ) ;
#4071 = ORIENTED_EDGE ( 'NONE', *, *, #7311, .F. ) ;
#4072 = EDGE_LOOP ( 'NONE', ( #5741, #5599, #5296, #4373 ) ) ;
#4073 = CARTESIAN_POINT ( 'NONE',  ( -5.984603688205540450, -127.7603050759198169, -37.15562779030717167 ) ) ;
#4074 = CARTESIAN_POINT ( 'NONE',  ( -13.08840796414683183, -123.5826021418965013, -14.00050146578612420 ) ) ;
#4075 = CARTESIAN_POINT ( 'NONE',  ( 9.924705020944363909, -109.2494063355971434, -4.768893674599914867 ) ) ;
#4076 = ORIENTED_EDGE ( 'NONE', *, *, #637, .T. ) ;
#4077 = CARTESIAN_POINT ( 'NONE',  ( -0.2191763249368336164, -24.35927463682092409, -25.46482046911028974 ) ) ;
#4078 = CARTESIAN_POINT ( 'NONE',  ( 0.1499999999999953593, 2.999999999999999112, -29.15000000000000568 ) ) ;
#4079 = B_SPLINE_CURVE_WITH_KNOTS ( 'NONE', 3,
 ( #1527, #1679, #5483, #408, #966, #6034, #1225, #5742, #2123, #666, #5192, #4349, #3305, #6680, #1567, #6607, #3790, #3235, #2678, #3829, #6074, #999, #3271, #5520, #1603, #443, #2453, #3563, #739, #1336, #2422, #5257, #1262, #705, #5808, #4683, #5225, #1301, #149, #1860, #3599, #6936, #4161, #4124 ),
 .UNSPECIFIED., .F., .F.,
 ( 4, 2, 2, 2, 2, 2, 2, 2, 2, 2, 2, 2, 2, 2, 2, 2, 2, 2, 2, 2, 2, 4 ),
 ( 0.000000000000000000, 0.003846539958964254307, 0.005769809938446381244, 0.007693079917928506879, 0.008654714907669570564, 0.009616349897410633382, 0.01153961987689276075, 0.01346288985637488465, 0.01442452484611594747, 0.01538615983585701202, 0.01730942981533912725, 0.01827106480508018313, 0.01923269979482123901, 0.02307923975378549375, 0.02404087474352656004, 0.02500250973326763326, 0.02692577971274977278, 0.02788741470249084600, 0.02884904969223191229, 0.02981068468197298552, 0.03029150217684352039, 0.03077231967171405527 ),
 .UNSPECIFIED. ) ;
#4080 = CARTESIAN_POINT ( 'NONE',  ( -9.521862809341152811, -25.29999999999999361, 15.70299956381578710 ) ) ;
#4081 = CARTESIAN_POINT ( 'NONE',  ( -20.15000000000000213, -20.30000000000000071, -20.15000000000000213 ) ) ;
#4082 = CARTESIAN_POINT ( 'NONE',  ( -5.850000000000004086, 0.0008781475503624739309, -25.39790541925202660 ) ) ;
#4083 = CARTESIAN_POINT ( 'NONE',  ( -21.73578643762688856, 3.000000000000000000, 19.14999999999999858 ) ) ;
#4084 = CYLINDRICAL_SURFACE ( 'NONE', #6797, 1.000000000000000888 ) ;
#4085 = LINE ( 'NONE', #2968, #5064 ) ;
#4086 = LINE ( 'NONE', #4684, #2991 ) ;
#4087 = CARTESIAN_POINT ( 'NONE',  ( 0.02706447616317146990, -25.30000000000000426, -24.63073204157923257 ) ) ;
#4088 = CIRCLE ( 'NONE', #2436, 1.050000000000000488 ) ;
#4089 = CARTESIAN_POINT ( 'NONE',  ( -6.716615563560400126, -109.0133842773177406, -4.378855344355525148 ) ) ;
#4090 = ADVANCED_FACE ( 'NONE', ( #321 ), #6479, .F. ) ;
#4091 = CARTESIAN_POINT ( 'NONE',  ( 5.855818241478281116, -101.2910237779978928, -2.578730719939573479 ) ) ;
#4092 = EDGE_CURVE ( 'NONE', #7145, #3288, #5332, .T. ) ;
#4093 = VECTOR ( 'NONE', #4423, 1000.000000000000000 ) ;
#4094 = AXIS2_PLACEMENT_3D ( 'NONE', #5029, #7292, #2223 ) ;
#4095 = CARTESIAN_POINT ( 'NONE',  ( -11.81583205992571095, -116.4431236008058761, -8.601799789392430284 ) ) ;
#4096 = CARTESIAN_POINT ( 'NONE',  ( -11.90000000000000213, -12.64999999999999858, -0.1500000000000042133 ) ) ;
#4097 = ORIENTED_EDGE ( 'NONE', *, *, #4102, .F. ) ;
#4098 = LINE ( 'NONE', #1308, #2782 ) ;
#4099 = CARTESIAN_POINT ( 'NONE',  ( 9.740691808772465876, -100.6833774804779154, -3.083549044661030969 ) ) ;
#4100 = ORIENTED_EDGE ( 'NONE', *, *, #3854, .F. ) ;
#4101 = CARTESIAN_POINT ( 'NONE',  ( -1.184576029218646687, -102.3022044524448688, -1.610341958280106622 ) ) ;
#4102 = EDGE_CURVE ( 'NONE', #6350, #5867, #6043, .T. ) ;
#4103 = CARTESIAN_POINT ( 'NONE',  ( -2.850000000000004086, -12.65000000000000036, -30.15000000000000568 ) ) ;
#4104 = AXIS2_PLACEMENT_3D ( 'NONE', #1341, #5231, #4751 ) ;
#4105 = CARTESIAN_POINT ( 'NONE',  ( -4.913299201877315170, -24.47844712974359993, -26.24676078473861196 ) ) ;
#4106 = ORIENTED_EDGE ( 'NONE', *, *, #6486, .T. ) ;
#4107 = ADVANCED_FACE ( 'NONE', ( #5394 ), #6513, .T. ) ;
#4108 = VERTEX_POINT ( 'NONE', #287 ) ;
#4109 = CARTESIAN_POINT ( 'NONE',  ( -2.453693429001246429, -139.8538676756151347, -40.29920574697241165 ) ) ;
#4110 = CARTESIAN_POINT ( 'NONE',  ( -24.15000000000000213, 3.000000000000000000, 16.73578643762689921 ) ) ;
#4111 = DIRECTION ( 'NONE',  ( -6.897508850802415061E-17, 0.000000000000000000, -1.000000000000000000 ) ) ;
#4112 = EDGE_CURVE ( 'NONE', #194, #6365, #2408, .T. ) ;
#4113 = CARTESIAN_POINT ( 'NONE',  ( 9.148154734058179471, -106.2374717882595547, -3.662197279528091709 ) ) ;
#4114 = EDGE_LOOP ( 'NONE', ( #2362, #2147, #1314, #6918 ) ) ;
#4115 = CARTESIAN_POINT ( 'NONE',  ( 2.965784888145261977, -24.66419353123741232, -25.08344862058028468 ) ) ;
#4116 = FACE_OUTER_BOUND ( 'NONE', #3737, .T. ) ;
#4117 = CARTESIAN_POINT ( 'NONE',  ( 3.863697550584251071E-14, -25.29999999999999005, 14.05744032868554250 ) ) ;
#4118 = ORIENTED_EDGE ( 'NONE', *, *, #6677, .F. ) ;
#4119 = DIRECTION ( 'NONE',  ( -0.000000000000000000, -0.000000000000000000, -1.000000000000000000 ) ) ;
#4120 = CARTESIAN_POINT ( 'NONE',  ( -5.850000000000003197, 0.4973074968835727860, -25.21302214191203461 ) ) ;
#4121 = CARTESIAN_POINT ( 'NONE',  ( 24.14999999999999147, 4.000000000000000000, 1.665748387468782007E-15 ) ) ;
#4122 = AXIS2_PLACEMENT_3D ( 'NONE', #3740, #4956, #1513 ) ;
#4123 = DIRECTION ( 'NONE',  ( 1.000000000000000000, 0.000000000000000000, 0.000000000000000000 ) ) ;
#4124 = CARTESIAN_POINT ( 'NONE',  ( -12.64911064067354829, -57.92808151989758869, 0.1808163328863537644 ) ) ;
#4125 = CARTESIAN_POINT ( 'NONE',  ( 11.25547252144909827, -125.5889800169502308, -15.38497609433088087 ) ) ;
#4126 = CARTESIAN_POINT ( 'NONE',  ( -5.850000000000003197, 1.999999999999999112, -29.15000000000000568 ) ) ;
#4127 = CIRCLE ( 'NONE', #2816, 1.000000000000000000 ) ;
#4128 = CARTESIAN_POINT ( 'NONE',  ( -3.422995866046217639, -105.0570693936179794, -0.4292874828648142183 ) ) ;
#4129 = CIRCLE ( 'NONE', #3651, 14.00000000000000178 ) ;
#4130 = CARTESIAN_POINT ( 'NONE',  ( -8.947876584158688473, -118.2982769978193005, -5.524206574680246895 ) ) ;
#4131 = DIRECTION ( 'NONE',  ( 1.000000000000000000, 0.000000000000000000, 0.000000000000000000 ) ) ;
#4132 = AXIS2_PLACEMENT_3D ( 'NONE', #6762, #6198, #1123 ) ;
#4133 = ORIENTED_EDGE ( 'NONE', *, *, #5919, .F. ) ;
#4134 = CARTESIAN_POINT ( 'NONE',  ( -7.770800729338057877, -92.97363494716398691, -2.251605980888301328 ) ) ;
#4135 = CARTESIAN_POINT ( 'NONE',  ( 11.22073388912035341, -96.58707928503824292, -3.885175784963711187 ) ) ;
#4136 = CARTESIAN_POINT ( 'NONE',  ( -3.107601731450579940, -102.0984861720033905, -1.841357120049282203 ) ) ;
#4137 = DIRECTION ( 'NONE',  ( -1.000000000000000000, 0.000000000000000000, 6.897508850802415061E-17 ) ) ;
#4138 = DIRECTION ( 'NONE',  ( 0.000000000000000000, 0.000000000000000000, 1.000000000000000000 ) ) ;
#4139 = EDGE_LOOP ( 'NONE', ( #4270, #3981, #6421, #2096 ) ) ;
#4140 = EDGE_CURVE ( 'NONE', #5180, #4360, #4987, .T. ) ;
#4141 = VERTEX_POINT ( 'NONE', #5879 ) ;
#4142 = CARTESIAN_POINT ( 'NONE',  ( -12.59832649395950277, -126.5178881325432485, -31.88610612734833083 ) ) ;
#4143 = DIRECTION ( 'NONE',  ( -6.897508850802416293E-17, -0.000000000000000000, -1.000000000000000000 ) ) ;
#4144 = DIRECTION ( 'NONE',  ( -0.7071067811865457964, 0.000000000000000000, 0.7071067811865492381 ) ) ;
#4145 = EDGE_CURVE ( 'NONE', #3999, #4258, #1512, .T. ) ;
#4146 = CARTESIAN_POINT ( 'NONE',  ( 8.623671937031176071, -111.3790420577900449, -6.272745248001228013 ) ) ;
#4147 = ORIENTED_EDGE ( 'NONE', *, *, #6318, .F. ) ;
#4148 = EDGE_LOOP ( 'NONE', ( #1801, #3847, #6996, #1963, #1145, #5627, #4034, #1322, #4843, #1385, #5827 ) ) ;
#4149 = ADVANCED_FACE ( 'NONE', ( #1403 ), #1473, .T. ) ;
#4150 = MECHANICAL_CONTEXT ( 'NONE', #720, 'mechanical' ) ;
#4151 = CARTESIAN_POINT ( 'NONE',  ( 6.505922469921349816, -25.29999999999783000, 12.47167637910112248 ) ) ;
#4152 = AXIS2_PLACEMENT_3D ( 'NONE', #4512, #1770, #2839 ) ;
#4153 = CARTESIAN_POINT ( 'NONE',  ( -1.930291233849318999, -25.30000000000000071, 13.95586391811047378 ) ) ;
#4154 = ORIENTED_EDGE ( 'NONE', *, *, #5938, .F. ) ;
#4155 = CARTESIAN_POINT ( 'NONE',  ( 3.146476370910904929, 2.999999999999999112, 21.15000000000000213 ) ) ;
#4156 = CARTESIAN_POINT ( 'NONE',  ( -5.850000000000003197, 1.024794331177345086, -25.15000000000000568 ) ) ;
#4157 = EDGE_CURVE ( 'NONE', #5532, #5180, #7041, .T. ) ;
#4158 = SPHERICAL_SURFACE ( 'NONE', #4528, 1.000000000000000000 ) ;
#4159 = CARTESIAN_POINT ( 'NONE',  ( -20.15000000000000213, 2.999999999999999112, 21.15000000000000213 ) ) ;
#4160 = ORIENTED_EDGE ( 'NONE', *, *, #107, .T. ) ;
#4161 = CARTESIAN_POINT ( 'NONE',  ( -12.64911064067352875, -57.76552058183239780, 0.2094802122765567765 ) ) ;
#4162 = DIRECTION ( 'NONE',  ( 1.000000000000000000, 0.000000000000000000, -0.000000000000000000 ) ) ;
#4163 = CARTESIAN_POINT ( 'NONE',  ( 0.02706447616317084540, -24.92455904944909051, -24.93097758850767320 ) ) ;
#4164 = DIRECTION ( 'NONE',  ( -8.673617379884034486E-16, 1.000000000000000000, 0.000000000000000000 ) ) ;
#4165 = CARTESIAN_POINT ( 'NONE',  ( -5.056215752407945629, -120.1298244729609053, -3.603090593868007563 ) ) ;
#4166 = CARTESIAN_POINT ( 'NONE',  ( 12.47499999999973674, -13.59089653438097045, 23.15000000000000213 ) ) ;
#4167 = VERTEX_POINT ( 'NONE', #7106 ) ;
#4168 = DIRECTION ( 'NONE',  ( -2.812538085595988943E-16, -0.9848077530122080203, -0.1736481776669306920 ) ) ;
#4169 = CARTESIAN_POINT ( 'NONE',  ( 10.56631316630889827, -99.29277840112612807, -3.649844550192027803 ) ) ;
#4170 = B_SPLINE_CURVE_WITH_KNOTS ( 'NONE', 3,
 ( #3273, #5523, #482, #2126, #3792, #2753, #1117, #4389, #5008, #447, #2717, #6723, #3949, #1605, #6193, #1002, #6038, #1644, #5089, #4971, #4464, #6682, #5486, #3910, #7235, #1569, #6115, #6154 ),
 .UNSPECIFIED., .F., .F.,
 ( 4, 2, 2, 2, 2, 2, 2, 2, 2, 2, 2, 2, 2, 4 ),
 ( 0.02005712629643299424, 0.02131471901892689064, 0.02194351538017383710, 0.02257231174142078356, 0.02508749718640856941, 0.02634508990890246927, 0.02760268263139636566, 0.02886027535389026552, 0.03011786807638416191, 0.03263305352137196164, 0.03389064624386584068, 0.03514823896635971973, 0.03766342441134752639, 0.04017860985633533305 ),
 .UNSPECIFIED. ) ;
#4171 = VECTOR ( 'NONE', #4226, 1000.000000000000000 ) ;
#4172 = CARTESIAN_POINT ( 'NONE',  ( -4.310194516027968881, -103.4675800247718342, -0.4009213639835821352 ) ) ;
#4173 = CARTESIAN_POINT ( 'NONE',  ( 12.47499999999973674, -10.30000000000010019, 25.94999999999999929 ) ) ;
#4174 = AXIS2_PLACEMENT_3D ( 'NONE', #533, #3843, #6128 ) ;
#4175 = AXIS2_PLACEMENT_3D ( 'NONE', #5910, #3701, #355 ) ;
#4176 = CARTESIAN_POINT ( 'NONE',  ( -2.015474514243817961, -24.62806804355199475, -26.09926690446544484 ) ) ;
#4177 = ORIENTED_EDGE ( 'NONE', *, *, #6165, .F. ) ;
#4178 = AXIS2_PLACEMENT_3D ( 'NONE', #1591, #7224, #4417 ) ;
#4179 = ORIENTED_EDGE ( 'NONE', *, *, #2996, .F. ) ;
#4180 = CARTESIAN_POINT ( 'NONE',  ( -16.74426965227636543, -132.3665723677872847, -21.77449927182058786 ) ) ;
#4181 = AXIS2_PLACEMENT_3D ( 'NONE', #3266, #2711, #3902 ) ;
#4182 = CARTESIAN_POINT ( 'NONE',  ( -12.12761573482473842, -124.9549864182065164, -14.85838637098465931 ) ) ;
#4183 = DIRECTION ( 'NONE',  ( 3.252606517456513302E-16, 1.000000000000000000, 0.000000000000000000 ) ) ;
#4184 = ADVANCED_FACE ( 'NONE', ( #3076, #5362 ), #255, .T. ) ;
#4185 = EDGE_CURVE ( 'NONE', #270, #3708, #76, .T. ) ;
#4186 = CARTESIAN_POINT ( 'NONE',  ( 8.773724625464478066, -112.1409438990655474, -6.574161252887854801 ) ) ;
#4187 = ORIENTED_EDGE ( 'NONE', *, *, #1910, .T. ) ;
#4188 = ORIENTED_EDGE ( 'NONE', *, *, #5795, .F. ) ;
#4189 = COORDINATED_UNIVERSAL_TIME_OFFSET ( 8, 0, .AHEAD. ) ;
#4190 = CARTESIAN_POINT ( 'NONE',  ( 18.87752433018184206, -25.29999999999999361, -3.565597539098701141 ) ) ;
#4191 = CC_DESIGN_PERSON_AND_ORGANIZATION_ASSIGNMENT ( #7098, #1462, ( #1964 ) ) ;
#4192 = CARTESIAN_POINT ( 'NONE',  ( -2.487063435501882136, -25.29999999999999361, 18.12857343012671052 ) ) ;
#4193 = ORIENTED_EDGE ( 'NONE', *, *, #6055, .F. ) ;
#4194 = LINE ( 'NONE', #4678, #5956 ) ;
#4195 = CARTESIAN_POINT ( 'NONE',  ( 0.8482477840855920936, -24.92624954981899421, -24.93359156613221117 ) ) ;
#4196 = ADVANCED_FACE ( 'NONE', ( #2181 ), #3968, .F. ) ;
#4198 = ORIENTED_EDGE ( 'NONE', *, *, #5223, .T. ) ;
#4197 = CARTESIAN_POINT ( 'NONE',  ( 14.07499999999973817, -10.30000000000010019, 25.94999999999999929 ) ) ;
#4199 = CARTESIAN_POINT ( 'NONE',  ( 3.566544148471132658, -22.79445139334333348, -25.28503902845809037 ) ) ;
#4200 = ADVANCED_FACE ( 'NONE', ( #3889 ), #5617, .F. ) ;
#4201 = LINE ( 'NONE', #6305, #91 ) ;
#4202 = ORIENTED_EDGE ( 'NONE', *, *, #6871, .T. ) ;
#4203 = LINE ( 'NONE', #2494, #3138 ) ;
#4204 = CARTESIAN_POINT ( 'NONE',  ( -10.99924759477065983, -118.3273267898361070, -7.761760785488032610 ) ) ;
#4205 = DIRECTION ( 'NONE',  ( 0.000000000000000000, 1.000000000000000000, 0.000000000000000000 ) ) ;
#4206 = ORIENTED_EDGE ( 'NONE', *, *, #419, .F. ) ;
#4207 = CARTESIAN_POINT ( 'NONE',  ( 12.20140975917399828, -98.01913822662228881, -6.004256268327911705 ) ) ;
#4208 = CARTESIAN_POINT ( 'NONE',  ( 27.99999999999995381, -29.43175911166533965, 13.32889971951084895 ) ) ;
#4209 = CARTESIAN_POINT ( 'NONE',  ( 14.07499999999973817, -10.30000000000010019, 2.150000000000030553 ) ) ;
#4210 = VECTOR ( 'NONE', #3368, 1000.000000000000000 ) ;
#4211 = DIRECTION ( 'NONE',  ( 6.897508850802412596E-17, 0.000000000000000000, -1.000000000000000000 ) ) ;
#4212 = VERTEX_POINT ( 'NONE', #4955 ) ;
#4213 = CIRCLE ( 'NONE', #2911, 1.000000000000000888 ) ;
#4214 = VERTEX_POINT ( 'NONE', #6056 ) ;
#4215 = CARTESIAN_POINT ( 'NONE',  ( -13.04633523940182371, -125.7570477484352409, -11.33341190579343305 ) ) ;
#4216 = CARTESIAN_POINT ( 'NONE',  ( 12.79999999999996696, -3.299999999999976730, 22.15000000000000213 ) ) ;
#4217 = LINE ( 'NONE', #7028, #5234 ) ;
#4218 = CARTESIAN_POINT ( 'NONE',  ( 10.82009602630077616, -118.6659683203859288, -7.575789908975617770 ) ) ;
#4219 = VECTOR ( 'NONE', #2972, 1000.000000000000000 ) ;
#4220 = ORIENTED_EDGE ( 'NONE', *, *, #3678, .F. ) ;
#4221 = ORIENTED_EDGE ( 'NONE', *, *, #3267, .F. ) ;
#4222 = CARTESIAN_POINT ( 'NONE',  ( -3.355809621475263908E-14, -31.16824088833464046, -15.40923400202533600 ) ) ;
#4223 = EDGE_CURVE ( 'NONE', #5979, #3644, #4443, .T. ) ;
#4224 = CARTESIAN_POINT ( 'NONE',  ( 13.97558953568186979, -125.9526438157319603, -29.71013269092227560 ) ) ;
#4225 = DIRECTION ( 'NONE',  ( 0.000000000000000000, 1.000000000000000000, 0.000000000000000000 ) ) ;
#4226 = DIRECTION ( 'NONE',  ( -6.897508850802416293E-17, -0.000000000000000000, -1.000000000000000000 ) ) ;
#4227 = CARTESIAN_POINT ( 'NONE',  ( 15.72528357215858463, -122.1336158290015419, -18.00831380449104913 ) ) ;
#4228 = DIRECTION ( 'NONE',  ( -6.897508850802415061E-17, 0.000000000000000000, -1.000000000000000000 ) ) ;
#4229 = EDGE_CURVE ( 'NONE', #4659, #5428, #3535, .T. ) ;
#4230 = LINE ( 'NONE', #6481, #3757 ) ;
#4231 = EDGE_LOOP ( 'NONE', ( #4557, #6011, #6156, #3838 ) ) ;
#4232 = AXIS2_PLACEMENT_3D ( 'NONE', #7343, #2271, #511 ) ;
#4233 = CARTESIAN_POINT ( 'NONE',  ( 6.569066348520059329, -92.12508363340565154, -1.318454954126338174 ) ) ;
#4234 = CARTESIAN_POINT ( 'NONE',  ( -11.02110465967997222, -114.8402892464890783, -6.877266706296348175 ) ) ;
#4235 = AXIS2_PLACEMENT_3D ( 'NONE', #4589, #6842, #563 ) ;
#4236 = FACE_OUTER_BOUND ( 'NONE', #2951, .T. ) ;
#4237 = EDGE_CURVE ( 'NONE', #5843, #5862, #5343, .T. ) ;
#4238 = CARTESIAN_POINT ( 'NONE',  ( -0.8500000000000045297, 1.999999999999999112, -29.15000000000000568 ) ) ;
#4239 = ORIENTED_EDGE ( 'NONE', *, *, #4416, .F. ) ;
#4240 = CARTESIAN_POINT ( 'NONE',  ( 8.623671937031055279, -94.56268789021997634, -3.307568291109335146 ) ) ;
#4241 = CARTESIAN_POINT ( 'NONE',  ( -11.22260519913337085, -96.54825556879981718, -3.880497251365817135 ) ) ;
#4242 = DIRECTION ( 'NONE',  ( 0.000000000000000000, 0.1736481776669308585, -0.9848077530122079093 ) ) ;
#4243 = CARTESIAN_POINT ( 'NONE',  ( 7.249999999999992895, -12.65000000000000036, -20.15000000000000213 ) ) ;
#4244 = CIRCLE ( 'NONE', #6484, 1.000000000000000888 ) ;
#4245 = ORIENTED_EDGE ( 'NONE', *, *, #3551, .F. ) ;
#4246 = EDGE_LOOP ( 'NONE', ( #4076, #6002, #5687 ) ) ;
#4247 = CARTESIAN_POINT ( 'NONE',  ( -9.024949022515368569, -127.9118065545477805, -20.00264933266903356 ) ) ;
#4248 =( BOUNDED_SURFACE ( )  B_SPLINE_SURFACE ( 3, 2, ( 
 ( #2380, #6894, #1820 ),
 ( #2621, #4776, #6051 ),
 ( #3069, #3106, #5939 ),
 ( #4840, #1541, #7178 ),
 ( #866, #6584, #4329 ),
 ( #2025, #1397, #3695 ),
 ( #1991, #5906, #1503 ),
 ( #4804, #7141, #2657 ),
 ( #1467, #2586, #3768 ),
 ( #5326, #3663, #7067 ),
 ( #4877, #5424, #3732 ),
 ( #6620, #3135, #6012 ),
 ( #4255, #903, #7101 ),
 ( #939, #2063, #4293 ),
 ( #3209, #5464, #5356 ),
 ( #6544, #387, #3173 ),
 ( #5974, #312, #6474 ),
 ( #1427, #2552, #349 ),
 ( #4912, #5388, #280 ),
 ( #2102, #4363, #3803 ),
 ( #249, #2519, #7036 ),
 ( #6508, #1958, #4224 ),
 ( #835, #532, #2760 ),
 ( #2804, #6773, #1012 ),
 ( #7284, #3961, #6168 ),
 ( #4478, #5568, #4400 ),
 ( #6691, #457, #5018 ),
 ( #1092, #3882, #3284 ),
 ( #977, #2213, #5609 ),
 ( #5061, #6127, #6733 ),
 ( #2727, #2253, #423 ),
 ( #3358, #6656, #7326 ),
 ( #2844, #1656, #5534 ),
 ( #1699, #1578, #3248 ),
 ( #2138, #3842, #4948 ),
 ( #4518, #3923, #6090 ),
 ( #6813, #6204, #1130 ),
 ( #4981, #3399, #5100 ),
 ( #5649, #571, #20 ),
 ( #2695, #5498, #492 ),
 ( #3320, #7246, #7212 ),
 ( #2297, #4559, #4002 ),
 ( #1737, #2174, #1614 ),
 ( #4436, #1051, #6920 ),
 ( #4733, #1248, #3511 ),
 ( #5829, #4109, #1812 ),
 ( #4631, #6991, #4669 ),
 ( #1846, #1777, #649 ),
 ( #5758, #3022, #2372 ),
 ( #5792, #1284, #6358 ),
 ( #3548, #2473, #4073 ),
 ( #612, #721, #5280 ),
 ( #2987, #6887, #6323 ),
 ( #757, #686, #205 ),
 ( #2884, #5245, #1914 ),
 ( #167, #2441, #2336 ),
 ( #6245, #2952, #1883 ),
 ( #129, #1171, #5208 ),
 ( #6393, #95, #2407 ),
 ( #4703, #6955, #4142 ),
 ( #1315, #3582, #3440 ),
 ( #5688, #4597, #5138 ),
 ( #56, #6850, #1209 ),
 ( #4038, #6284, #3480 ),
 ( #5727, #2919, #5174 ),
 ( #2648, #1983, #6534 ),
 ( #3199, #4180, #271 ),
 ( #1454, #3094, #4315 ),
 ( #4864, #2577, #7166 ),
 ( #2541, #5415, #6003 ),
 ( #4247, #4831, #3756 ),
 ( #1491, #929, #3719 ),
 ( #6429, #1950, #1352 ),
 ( #7058, #5962, #5929 ),
 ( #5451, #241, #6498 ),
 ( #378, #2015, #1420 ),
 ( #4796, #4899, #7091 ),
 ( #4280, #7026, #5897 ),
 ( #3620, #4215, #891 ),
 ( #7132, #302, #5863 ),
 ( #826, #2052, #3162 ),
 ( #340, #2612, #6572 ),
 ( #3684, #793, #3060 ),
 ( #5316, #2505, #4766 ) ),
 .UNSPECIFIED., .F., .F., .T. ) 
 B_SPLINE_SURFACE_WITH_KNOTS ( ( 4, 2, 2, 2, 2, 2, 2, 2, 2, 2, 2, 2, 2, 2, 2, 2, 2, 2, 2, 2, 2, 2, 2, 2, 2, 2, 2, 2, 2, 2, 2, 2, 2, 2, 2, 2, 2, 2, 2, 2, 2, 4 ),
 ( 3, 3 ),
 ( 0.08150125390493929978, 0.08332136989618638134, 0.08514148588743344903, 0.08878171786992758441, 0.08969177586555111825, 0.09060183386117465210, 0.09242194985242173366, 0.09424206584366881523, 0.09515212383929234907, 0.09606218183491588292, 0.09788229782616295060, 0.09970241381741003217, 0.1006124718130335660, 0.1015225298086571137, 0.1033426457999041814, 0.1042527037955277153, 0.1051627617911512491, 0.1069828777823983307, 0.1078929357780218645, 0.1083479647758336384, 0.1088029937736454122, 0.1106231097648924799, 0.1115331677605160138, 0.1124432257561395476, 0.1142633417473866292, 0.1151733997430101630, 0.1160834577386337108, 0.1179035737298807784, 0.1197236897211278461, 0.1206337477167513939, 0.1215438057123749277, 0.1233639217036220093, 0.1251840376948690770, 0.1270041536861161446, 0.1279142116817396646, 0.1288242696773632123, 0.1324645016598573755, 0.1333745596554808954, 0.1342846176511044431, 0.1361047336423515386, 0.1379248496335986063, 0.1397449656248456740 ),
 ( 0.000000000000000000, 1.000000000000000000 ),
 .UNSPECIFIED. ) 
 GEOMETRIC_REPRESENTATION_ITEM ( )  RATIONAL_B_SPLINE_SURFACE ( (
 ( 1.000000000000000000, 0.6854784699452749486, 1.000000000000000000),
 ( 1.000000000000000000, 0.6761794024532014058, 1.000000000000000000),
 ( 1.000000000000000000, 0.6670900053265182983, 1.000000000000000000),
 ( 1.000000000000000000, 0.6492552312183326180, 1.000000000000000000),
 ( 1.000000000000000000, 0.6406101293296669885, 1.000000000000000000),
 ( 1.000000000000000000, 0.6152242719069144217, 1.000000000000000000),
 ( 1.000000000000000000, 0.5990228836595445916, 1.000000000000000000),
 ( 1.000000000000000000, 0.5790755319019904590, 1.000000000000000000),
 ( 1.000000000000000000, 0.5751021979202636247, 1.000000000000000000),
 ( 1.000000000000000000, 0.5671756328876723652, 1.000000000000000000),
 ( 1.000000000000000000, 0.5632112959388863027, 1.000000000000000000),
 ( 1.000000000000000000, 0.5514197515090741852, 1.000000000000000000),
 ( 1.000000000000000000, 0.5437133694056287547, 1.000000000000000000),
 ( 1.000000000000000000, 0.5285297085078860535, 1.000000000000000000),
 ( 1.000000000000000000, 0.5210526631541513298, 1.000000000000000000),
 ( 1.000000000000000000, 0.5099641990930320334, 1.000000000000000000),
 ( 1.000000000000000000, 0.5062893625595680236, 1.000000000000000000),
 ( 1.000000000000000000, 0.4989762654139723863, 1.000000000000000000),
 ( 1.000000000000000000, 0.4953264062682378177, 1.000000000000000000),
 ( 1.000000000000000000, 0.4845153849375747335, 1.000000000000000000),
 ( 1.000000000000000000, 0.4775160769042450237, 1.000000000000000000),
 ( 1.000000000000000000, 0.4639033354795683572, 1.000000000000000000),
 ( 1.000000000000000000, 0.4572897268687333705, 1.000000000000000000),
 ( 1.000000000000000000, 0.4476632971726924870, 1.000000000000000000),
 ( 1.000000000000000000, 0.4444914327936225207, 1.000000000000000000),
 ( 1.000000000000000000, 0.4383187008602896784, 1.000000000000000000),
 ( 1.000000000000000000, 0.4353217918101029982, 1.000000000000000000),
 ( 1.000000000000000000, 0.4266017489214444236, 1.000000000000000000),
 ( 1.000000000000000000, 0.4211469033405259577, 1.000000000000000000),
 ( 1.000000000000000000, 0.4135507944101071143, 1.000000000000000000),
 ( 1.000000000000000000, 0.4111125885951739112, 1.000000000000000000),
 ( 1.000000000000000000, 0.4064676110855783286, 1.000000000000000000),
 ( 1.000000000000000000, 0.4042872626409590442, 1.000000000000000000),
 ( 1.000000000000000000, 0.3981751961274684892, 1.000000000000000000),
 ( 1.000000000000000000, 0.3946692368405125828, 1.000000000000000000),
 ( 1.000000000000000000, 0.3903289853251956654, 1.000000000000000000),
 ( 1.000000000000000000, 0.3890361106440111127, 1.000000000000000000),
 ( 1.000000000000000000, 0.3873439380169521051, 1.000000000000000000),
 ( 1.000000000000000000, 0.3868213163894957396, 1.000000000000000000),
 ( 1.000000000000000000, 0.3858724307203671988, 1.000000000000000000),
 ( 1.000000000000000000, 0.3854443589660914715, 1.000000000000000000),
 ( 1.000000000000000000, 0.3835340865621321704, 1.000000000000000000),
 ( 1.000000000000000000, 0.3827377961249441296, 1.000000000000000000),
 ( 1.000000000000000000, 0.3826602596149507596, 1.000000000000000000),
 ( 1.000000000000000000, 0.3828223228808230183, 1.000000000000000000),
 ( 1.000000000000000000, 0.3835307656041245239, 1.000000000000000000),
 ( 1.000000000000000000, 0.3840718969912310654, 1.000000000000000000),
 ( 1.000000000000000000, 0.3862308104055609537, 1.000000000000000000),
 ( 1.000000000000000000, 0.3883807976587621558, 1.000000000000000000),
 ( 1.000000000000000000, 0.3926370596361837828, 1.000000000000000000),
 ( 1.000000000000000000, 0.3942334850255223011, 1.000000000000000000),
 ( 1.000000000000000000, 0.3977001485699787064, 1.000000000000000000),
 ( 1.000000000000000000, 0.3995765891991186480, 1.000000000000000000),
 ( 1.000000000000000000, 0.4056116012873722254, 1.000000000000000000),
 ( 1.000000000000000000, 0.4101814453465715271, 1.000000000000000000),
 ( 1.000000000000000000, 0.4203118315775756786, 1.000000000000000000),
 ( 1.000000000000000000, 0.4257584972162392067, 1.000000000000000000),
 ( 1.000000000000000000, 0.4344392492679250983, 1.000000000000000000),
 ( 1.000000000000000000, 0.4374186021393799972, 1.000000000000000000),
 ( 1.000000000000000000, 0.4435453399595413182, 1.000000000000000000),
 ( 1.000000000000000000, 0.4467034608345022417, 1.000000000000000000),
 ( 1.000000000000000000, 0.4563472235079307771, 1.000000000000000000),
 ( 1.000000000000000000, 0.4629728342514157768, 1.000000000000000000),
 ( 1.000000000000000000, 0.4766081244551481633, 1.000000000000000000),
 ( 1.000000000000000000, 0.4836180068761252726, 1.000000000000000000),
 ( 1.000000000000000000, 0.4980507856265951605, 1.000000000000000000),
 ( 1.000000000000000000, 0.5053962674736500738, 1.000000000000000000),
 ( 1.000000000000000000, 0.5166065466562523856, 1.000000000000000000),
 ( 1.000000000000000000, 0.5203804166053709324, 1.000000000000000000),
 ( 1.000000000000000000, 0.5279389474844703445, 1.000000000000000000),
 ( 1.000000000000000000, 0.5317314737202302188, 1.000000000000000000),
 ( 1.000000000000000000, 0.5507810959829664288, 1.000000000000000000),
 ( 1.000000000000000000, 0.5662876084521880626, 1.000000000000000000),
 ( 1.000000000000000000, 0.5864301615286222624, 1.000000000000000000),
 ( 1.000000000000000000, 0.5905042913327873677, 1.000000000000000000),
 ( 1.000000000000000000, 0.5986699040649910986, 1.000000000000000000),
 ( 1.000000000000000000, 0.6027692007904612570, 1.000000000000000000),
 ( 1.000000000000000000, 0.6151383091941390324, 1.000000000000000000),
 ( 1.000000000000000000, 0.6234784031033565599, 1.000000000000000000),
 ( 1.000000000000000000, 0.6404796479530371345, 1.000000000000000000),
 ( 1.000000000000000000, 0.6491400626772065863, 1.000000000000000000),
 ( 1.000000000000000000, 0.6669523576900073802, 1.000000000000000000),
 ( 1.000000000000000000, 0.6761378343924311363, 1.000000000000000000),
 ( 1.000000000000000000, 0.6855250362026654720, 1.000000000000000000) ) ) 
 REPRESENTATION_ITEM ( '' )  SURFACE ( )  );
#4249 = LINE ( 'NONE', #7168, #4654 ) ;
#4250 = CARTESIAN_POINT ( 'NONE',  ( 19.14999999999999503, 4.000000000000000000, -19.14999999999999858 ) ) ;
#4251 = CARTESIAN_POINT ( 'NONE',  ( 8.266613731233713125, -115.7554914044917354, -6.688968684141404886 ) ) ;
#4252 = VERTEX_POINT ( 'NONE', #6661 ) ;
#4253 = ORIENTED_EDGE ( 'NONE', *, *, #3598, .F. ) ;
#4254 = CARTESIAN_POINT ( 'NONE',  ( 18.02959598699266053, -25.29999999999999361, -7.256707872859263553 ) ) ;
#4255 = CARTESIAN_POINT ( 'NONE',  ( 8.999812796320746600, -127.4425523521504857, -19.20267784351834450 ) ) ;
#4256 = CARTESIAN_POINT ( 'NONE',  ( -5.850000000000003197, 2.999999999999999112, -25.15000000000000568 ) ) ;
#4258 = VERTEX_POINT ( 'NONE', #2769 ) ;
#4257 = CARTESIAN_POINT ( 'NONE',  ( 14.17491029647451661, -125.8465141326647938, -29.31820943166613347 ) ) ;
#4259 = ORIENTED_EDGE ( 'NONE', *, *, #11, .F. ) ;
#4260 = CARTESIAN_POINT ( 'NONE',  ( 22.44289321881343469, 2.999999999999999112, -24.85710678118655181 ) ) ;
#4261 = DIRECTION ( 'NONE',  ( -1.000000000000000000, -8.673617379884027583E-16, 0.000000000000000000 ) ) ;
#4262 = VERTEX_POINT ( 'NONE', #2811 ) ;
#4263 = AXIS2_PLACEMENT_3D ( 'NONE', #7294, #5584, #5662 ) ;
#4264 = CARTESIAN_POINT ( 'NONE',  ( 4.033754777266042701, -91.44210922214254822, -0.1787704002059195552 ) ) ;
#4265 = EDGE_CURVE ( 'NONE', #6233, #4333, #5068, .T. ) ;
#4266 = CARTESIAN_POINT ( 'NONE',  ( 4.913858576764518205, -24.30000000000000071, -27.15000000000000213 ) ) ;
#4267 = CARTESIAN_POINT ( 'NONE',  ( -3.927995359120559538E-14, -128.2538096520875968, -4.096094079701127377 ) ) ;
#4268 = CARTESIAN_POINT ( 'NONE',  ( 2.416993923350660989, -25.05251315553023161, 19.87948244755936500 ) ) ;
#4269 = PRODUCT_RELATED_PRODUCT_CATEGORY ( 'detail', '', ( #3064 ) ) ;
#4270 = ORIENTED_EDGE ( 'NONE', *, *, #11, .T. ) ;
#4271 = CARTESIAN_POINT ( 'NONE',  ( -9.177219046472316677, -22.85397992609254558, -27.15000000000000568 ) ) ;
#4272 = CARTESIAN_POINT ( 'NONE',  ( -8.664846952480347753, -94.72322644593535301, -3.380495785761070238 ) ) ;
#4273 = EDGE_CURVE ( 'NONE', #6365, #1980, #213, .T. ) ;
#4274 = LOCAL_TIME ( 14, 37, 7.000000000000000000, #1324 ) ;
#4275 = CARTESIAN_POINT ( 'NONE',  ( -1.671176605679998151, -132.9222989719396537, -30.41845382322607705 ) ) ;
#4276 = DIRECTION ( 'NONE',  ( 0.000000000000000000, 0.000000000000000000, 1.000000000000000000 ) ) ;
#4277 = ORIENTED_EDGE ( 'NONE', *, *, #6756, .T. ) ;
#4278 = ADVANCED_FACE ( 'NONE', ( #138 ), #6927, .F. ) ;
#4279 = ORIENTED_EDGE ( 'NONE', *, *, #1231, .T. ) ;
#4280 = CARTESIAN_POINT ( 'NONE',  ( -7.983904662200312252, -124.5324152416786916, -14.83988079310629260 ) ) ;
#4281 = AXIS2_PLACEMENT_3D ( 'NONE', #6467, #1951, #4832 ) ;
#4282 = FACE_OUTER_BOUND ( 'NONE', #1613, .T. ) ;
#4283 = CARTESIAN_POINT ( 'NONE',  ( 8.624771650110982790, -114.7393797268033353, -6.865948305079837333 ) ) ;
#4284 = VECTOR ( 'NONE', #5145, 1000.000000000000000 ) ;
#4285 = CARTESIAN_POINT ( 'NONE',  ( 8.506566634768720547, -120.9186531813130188, -5.720867260783001562 ) ) ;
#4286 = TOROIDAL_SURFACE ( 'NONE', #5458, 2.000000000000000000, 1.000000000000000000 ) ;
#4287 = ORIENTED_EDGE ( 'NONE', *, *, #2088, .F. ) ;
#4288 = ORIENTED_EDGE ( 'NONE', *, *, #894, .T. ) ;
#4289 = CIRCLE ( 'NONE', #4656, 1.000000000000001332 ) ;
#4290 = DIRECTION ( 'NONE',  ( 0.7071067811865467956, 0.000000000000000000, -0.7071067811865484609 ) ) ;
#4291 = CARTESIAN_POINT ( 'NONE',  ( 3.365865439145290683, -25.29999999999999361, -13.98698702817943840 ) ) ;
#4292 = EDGE_LOOP ( 'NONE', ( #6848, #127 ) ) ;
#4293 = CARTESIAN_POINT ( 'NONE',  ( 15.93763075592617362, -123.9551014163221225, -23.00734314506880196 ) ) ;
#4294 = DIRECTION ( 'NONE',  ( -6.897508850802415061E-17, 0.000000000000000000, -1.000000000000000000 ) ) ;
#4296 = EDGE_LOOP ( 'NONE', ( #2311, #399 ) ) ;
#4295 = CARTESIAN_POINT ( 'NONE',  ( 4.413617802975400295, -127.8848467097664070, -37.72539630240633812 ) ) ;
#4297 = ORIENTED_EDGE ( 'NONE', *, *, #1873, .T. ) ;
#4298 = CARTESIAN_POINT ( 'NONE',  ( 21.73578643762688500, 3.000000000000000000, -24.15000000000000568 ) ) ;
#4299 = SPHERICAL_SURFACE ( 'NONE', #1866, 1.000000000000000000 ) ;
#4300 = CARTESIAN_POINT ( 'NONE',  ( 18.69999999999998863, -10.29999999999999005, 20.15000000000000213 ) ) ;
#4301 = CARTESIAN_POINT ( 'NONE',  ( 6.147967408096022268, -91.94745921410178369, -1.069062195674651994 ) ) ;
#4302 = LINE ( 'NONE', #6555, #6329 ) ;
#4303 = DIRECTION ( 'NONE',  ( 6.897508850802412596E-17, 0.000000000000000000, -1.000000000000000000 ) ) ;
#4304 = CARTESIAN_POINT ( 'NONE',  ( 2.178459721712482811, -24.55928256593248804, 21.08603329839680995 ) ) ;
#4305 = EDGE_LOOP ( 'NONE', ( #6028, #211 ) ) ;
#4306 = EDGE_CURVE ( 'NONE', #4514, #4360, #1293, .T. ) ;
#4307 = CARTESIAN_POINT ( 'NONE',  ( 5.370030544801548622, -103.2368921099202339, -0.7497302123394115059 ) ) ;
#4308 = CARTESIAN_POINT ( 'NONE',  ( -10.68641566329946180, -99.01387482505069215, -3.725956756764692290 ) ) ;
#4309 = CARTESIAN_POINT ( 'NONE',  ( 2.727777117463083822, -107.2773094932128544, -0.6419039507481709705 ) ) ;
#4310 = CARTESIAN_POINT ( 'NONE',  ( 3.049999999999999378, -12.65000000000000036, -28.15000000000000213 ) ) ;
#4311 = CARTESIAN_POINT ( 'NONE',  ( 7.240298260898007321, -105.5770349840654205, -2.142102034477155303 ) ) ;
#4312 = CARTESIAN_POINT ( 'NONE',  ( -2.850000000000003642, -12.65000000000000036, -27.65000000000000924 ) ) ;
#4313 = ORIENTED_EDGE ( 'NONE', *, *, #3184, .F. ) ;
#4314 = EDGE_CURVE ( 'NONE', #5586, #2497, #6965, .T. ) ;
#4315 = CARTESIAN_POINT ( 'NONE',  ( -15.77631660369102917, -124.3439497337818267, -24.21110477045000664 ) ) ;
#4316 = AXIS2_PLACEMENT_3D ( 'NONE', #3071, #6405, #1258 ) ;
#4317 = DIRECTION ( 'NONE',  ( 0.000000000000000000, 0.1736481776669306920, -0.9848077530122080203 ) ) ;
#4318 = FACE_BOUND ( 'NONE', #645, .T. ) ;
#4319 = DIRECTION ( 'NONE',  ( -0.000000000000000000, -0.000000000000000000, 1.000000000000000000 ) ) ;
#4320 = AXIS2_PLACEMENT_3D ( 'NONE', #2001, #6517, #3705 ) ;
#4321 = EDGE_CURVE ( 'NONE', #6233, #246, #2743, .T. ) ;
#4322 = CARTESIAN_POINT ( 'NONE',  ( 5.724235209857090112, -119.9571742234603278, -3.850425905684717431 ) ) ;
#4323 = CARTESIAN_POINT ( 'NONE',  ( -3.809504931547660345, -25.07432221875892608, -24.83433300102533536 ) ) ;
#4324 = VECTOR ( 'NONE', #4778, 1000.000000000000000 ) ;
#4325 = ORIENTED_EDGE ( 'NONE', *, *, #4157, .F. ) ;
#4326 = CARTESIAN_POINT ( 'NONE',  ( -3.201084263687600396E-14, -25.29999999999999361, -14.37450480411533249 ) ) ;
#4327 = ORIENTED_EDGE ( 'NONE', *, *, #139, .F. ) ;
#4328 = ADVANCED_FACE ( 'NONE', ( #4116 ), #219, .F. ) ;
#4329 = CARTESIAN_POINT ( 'NONE',  ( 14.18067771207647887, -119.9475828964208262, -13.15174533850594862 ) ) ;
#4330 = CARTESIAN_POINT ( 'NONE',  ( -9.556854249492385378, -6.993145750507621550, -28.15000000000000213 ) ) ;
#4331 = VECTOR ( 'NONE', #4687, 1000.000000000000000 ) ;
#4333 = VERTEX_POINT ( 'NONE', #2655 ) ;
#4332 = CARTESIAN_POINT ( 'NONE',  ( 0.8140244869150047302, -128.0247424821922095, -38.37505032396474292 ) ) ;
#4334 = VERTEX_POINT ( 'NONE', #7139 ) ;
#4335 = CARTESIAN_POINT ( 'NONE',  ( -11.05402645624457314, -101.4110211439096645, -4.852156568580290319 ) ) ;
#4336 = CARTESIAN_POINT ( 'NONE',  ( 9.599999999999967670, -3.299999999999976730, 20.15000000000000213 ) ) ;
#4337 = DIRECTION ( 'NONE',  ( 0.000000000000000000, 0.000000000000000000, 1.000000000000000000 ) ) ;
#4338 = CARTESIAN_POINT ( 'NONE',  ( -21.15000000000000213, -20.30000000000000071, 19.14999999999999858 ) ) ;
#4339 = CARTESIAN_POINT ( 'NONE',  ( 25.14999999999999147, -24.29999999999999716, 21.73578643762689566 ) ) ;
#4340 = DIRECTION ( 'NONE',  ( -0.000000000000000000, -0.000000000000000000, 1.000000000000000000 ) ) ;
#4341 = DIRECTION ( 'NONE',  ( 1.000000000000000000, 0.000000000000000000, -0.000000000000000000 ) ) ;
#4342 = ORIENTED_EDGE ( 'NONE', *, *, #785, .F. ) ;
#4343 = CARTESIAN_POINT ( 'NONE',  ( 4.631527122705406896, -103.4059711658182863, -0.4981427172348512622 ) ) ;
#4344 = CARTESIAN_POINT ( 'NONE',  ( -12.33655622907768112, -96.63577446144574878, -6.015732632473458352 ) ) ;
#4345 = CIRCLE ( 'NONE', #4713, 1.000000000000000888 ) ;
#4346 = AXIS2_PLACEMENT_3D ( 'NONE', #3011, #7018, #1306 ) ;
#4347 = DIRECTION ( 'NONE',  ( -0.7071067811865492381, 2.602085213965213403E-15, -0.7071067811865457964 ) ) ;
#4348 = CARTESIAN_POINT ( 'NONE',  ( 3.146476370910904485, 4.000000000000000000, 21.73578643762688856 ) ) ;
#4349 = CARTESIAN_POINT ( 'NONE',  ( -9.390573843410162880, -46.83005182121041798, -14.51867698927424755 ) ) ;
#4350 = ORIENTED_EDGE ( 'NONE', *, *, #7031, .T. ) ;
#4351 = CARTESIAN_POINT ( 'NONE',  ( -4.700104476772871465, -91.55026158266186087, -0.4007104203113740493 ) ) ;
#4352 = CIRCLE ( 'NONE', #2578, 2.149999999999999023 ) ;
#4353 = CARTESIAN_POINT ( 'NONE',  ( 25.14999999999999147, -25.30000000000000071, 21.73578643762689921 ) ) ;
#4354 = CARTESIAN_POINT ( 'NONE',  ( 20.14999999999999503, 4.000000000000000000, 19.14999999999999858 ) ) ;
#4355 = DIRECTION ( 'NONE',  ( 0.000000000000000000, 0.000000000000000000, 1.000000000000000000 ) ) ;
#4356 = CIRCLE ( 'NONE', #6854, 1.000000000000000888 ) ;
#4357 = ADVANCED_FACE ( 'NONE', ( #6435 ), #2061, .T. ) ;
#4358 = CARTESIAN_POINT ( 'NONE',  ( 12.35839764717097289, -112.8384166223643206, -8.914442827523229695 ) ) ;
#4359 = DIRECTION ( 'NONE',  ( -6.897508850802416293E-17, -0.000000000000000000, -1.000000000000000000 ) ) ;
#4360 = VERTEX_POINT ( 'NONE', #1724 ) ;
#4361 = CARTESIAN_POINT ( 'NONE',  ( -1.637086477020418762, -128.0105068226700382, -38.30827913051800948 ) ) ;
#4362 = ORIENTED_EDGE ( 'NONE', *, *, #6015, .T. ) ;
#4363 = CARTESIAN_POINT ( 'NONE',  ( 16.73828555296064380, -133.5729918483107781, -24.26619639331401501 ) ) ;
#4364 = VECTOR ( 'NONE', #450, 1000.000000000000000 ) ;
#4365 = ADVANCED_FACE ( 'NONE', ( #4 ), #4547, .F. ) ;
#4366 = LINE ( 'NONE', #4256, #405 ) ;
#4367 = EDGE_CURVE ( 'NONE', #4554, #7033, #4946, .T. ) ;
#4368 = CARTESIAN_POINT ( 'NONE',  ( 15.97248357500943072, -123.8126507029022321, -22.58139889393089916 ) ) ;
#4369 = VERTEX_POINT ( 'NONE', #6618 ) ;
#4370 = DIRECTION ( 'NONE',  ( -0.7071067811865504593, 0.000000000000000000, -0.7071067811865445751 ) ) ;
#4371 = FACE_OUTER_BOUND ( 'NONE', #5485, .T. ) ;
#4372 = EDGE_CURVE ( 'NONE', #2019, #8, #3102, .T. ) ;
#4373 = ORIENTED_EDGE ( 'NONE', *, *, #4562, .T. ) ;
#4374 = CARTESIAN_POINT ( 'NONE',  ( 5.834507100787544864, -105.3089555915466775, -1.343653488496950210 ) ) ;
#4375 = FACE_BOUND ( 'NONE', #4296, .T. ) ;
#4376 = DIRECTION ( 'NONE',  ( 1.000000000000000000, 0.000000000000000000, 0.000000000000000000 ) ) ;
#4377 = DIRECTION ( 'NONE',  ( 1.000000000000000000, 0.000000000000000000, 0.000000000000000000 ) ) ;
#4378 = CYLINDRICAL_SURFACE ( 'NONE', #2355, 1.000000000000001332 ) ;
#4379 = EDGE_LOOP ( 'NONE', ( #141, #6086, #1411, #636 ) ) ;
#4380 = AXIS2_PLACEMENT_3D ( 'NONE', #2913, #5721, #5603 ) ;
#4381 = CARTESIAN_POINT ( 'NONE',  ( 6.728458589485732944, -102.8009964423836777, -1.319837566665932993 ) ) ;
#4382 = CARTESIAN_POINT ( 'NONE',  ( -4.730586499179681326, -88.34978162466842377, 2.111861541320152469 ) ) ;
#4383 = CARTESIAN_POINT ( 'NONE',  ( 11.07098647045128992, -101.3819797910145581, -4.868457612643906529 ) ) ;
#4384 = CYLINDRICAL_SURFACE ( 'NONE', #3624, 1.000000000000000888 ) ;
#4385 = CARTESIAN_POINT ( 'NONE',  ( 8.527506870682081797, -105.9577221983476250, -3.090180033662523140 ) ) ;
#4386 = FACE_OUTER_BOUND ( 'NONE', #3822, .T. ) ;
#4387 = ORIENTED_EDGE ( 'NONE', *, *, #2964, .T. ) ;
#4388 = B_SPLINE_CURVE_WITH_KNOTS ( 'NONE', 3,
 ( #2530, #5746, #670, #2940, #1266, #116, #4652, #4091, #3533, #5780, #708, #4849, #1516, #916, #877, #5434, #3222, #2704, #1551, #3146, #3704, #7111, #6023, #3779, #6059, #3742, #984, #2037, #6595, #6554, #947, #4958, #4920, #5470, #2562, #432, #4233, #4301, #7188, #2632, #5946, #3185, #4264, #326, #6483, #359, #395, #6516, #2667, #1478 ),
 .UNSPECIFIED., .F., .F.,
 ( 4, 2, 2, 2, 2, 2, 2, 2, 2, 2, 2, 2, 2, 2, 2, 2, 2, 2, 2, 2, 2, 2, 2, 2, 4 ),
 ( 0.001126196351421710840, 0.002701609217360422411, 0.004277022083299134199, 0.005852434949237845553, 0.006640141382207192557, 0.007427847815176539560, 0.008215554248145887431, 0.009003260681115234434, 0.009790967114084583173, 0.01057867354705393191, 0.01136637998002328065, 0.01215408641299262939, 0.01372949927893136676, 0.01451720571190073632, 0.01530491214487010761, 0.01609261857783947716, 0.01688032501080884498, 0.01766803144377821627, 0.01845573787674758062, 0.01924344430971694844, 0.02003115074268631279, 0.02160656360862504843, 0.02318197647456378407, 0.02475738934050251278, 0.02633280220644124842 ),
 .UNSPECIFIED. ) ;
#4389 = CARTESIAN_POINT ( 'NONE',  ( 3.270722487499739373, -132.7269406894345138, -29.93802900119457888 ) ) ;
#4390 = CARTESIAN_POINT ( 'NONE',  ( -3.927995359120559538E-14, -125.8227351647505685, -17.88340262187204033 ) ) ;
#4391 = DIRECTION ( 'NONE',  ( -0.000000000000000000, -0.000000000000000000, 1.000000000000000000 ) ) ;
#4392 = DIRECTION ( 'NONE',  ( -6.897508850802415061E-17, -0.000000000000000000, -1.000000000000000000 ) ) ;
#4393 = FACE_OUTER_BOUND ( 'NONE', #490, .T. ) ;
#4394 = FACE_OUTER_BOUND ( 'NONE', #861, .T. ) ;
#4395 = VERTEX_POINT ( 'NONE', #6654 ) ;
#4396 = PERSON_AND_ORGANIZATION_ROLE ( 'design_supplier' ) ;
#4397 = AXIS2_PLACEMENT_3D ( 'NONE', #5733, #2994, #620 ) ;
#4398 = DIRECTION ( 'NONE',  ( -0.000000000000000000, 1.000000000000000000, 8.673617379884026597E-16 ) ) ;
#4399 = ORIENTED_EDGE ( 'NONE', *, *, #1282, .F. ) ;
#4400 = CARTESIAN_POINT ( 'NONE',  ( 12.16693200434977662, -126.6583277059331323, -32.44609047780581790 ) ) ;
#4401 = LINE ( 'NONE', #3321, #2072 ) ;
#4402 = EDGE_CURVE ( 'NONE', #63, #3878, #865, .T. ) ;
#4403 = CIRCLE ( 'NONE', #609, 1.000000000000000888 ) ;
#4404 = AXIS2_PLACEMENT_3D ( 'NONE', #5246, #6921, #650 ) ;
#4405 = FACE_OUTER_BOUND ( 'NONE', #6097, .T. ) ;
#4406 = AXIS2_PLACEMENT_3D ( 'NONE', #810, #4228, #2558 ) ;
#4407 = CARTESIAN_POINT ( 'NONE',  ( -2.862207135192940566, -132.7769171292931674, -30.06093264622014871 ) ) ;
#4408 = VERTEX_POINT ( 'NONE', #421 ) ;
#4409 = CARTESIAN_POINT ( 'NONE',  ( -11.95390190711458267, -99.13731868206221520, -5.776421806099238943 ) ) ;
#4410 = CARTESIAN_POINT ( 'NONE',  ( 8.149999999999998579, -12.64999999999999858, -29.15000000000000568 ) ) ;
#4411 = VECTOR ( 'NONE', #6633, 1000.000000000000000 ) ;
#4412 = CARTESIAN_POINT ( 'NONE',  ( 5.492355561306479395, -105.3353686442490726, -1.193857622905247551 ) ) ;
#4413 = ADVANCED_FACE ( 'NONE', ( #6088 ), #2279, .T. ) ;
#4414 = CARTESIAN_POINT ( 'NONE',  ( 1.146476370910897380, -24.29999999999999716, 21.14999999999999858 ) ) ;
#4415 = CARTESIAN_POINT ( 'NONE',  ( 3.146476370910897380, -25.30000000000000071, 19.14999999999999858 ) ) ;
#4416 = EDGE_CURVE ( 'NONE', #1254, #1725, #1195, .T. ) ;
#4417 = DIRECTION ( 'NONE',  ( -1.000000000000000000, 0.000000000000000000, 0.000000000000000000 ) ) ;
#4418 = CARTESIAN_POINT ( 'NONE',  ( 1.917382925818832851, -25.09966683982742452, 19.76454672254566702 ) ) ;
#4419 = ORIENTED_EDGE ( 'NONE', *, *, #3922, .F. ) ;
#4420 = EDGE_CURVE ( 'NONE', #1069, #5532, #613, .T. ) ;
#4421 = CARTESIAN_POINT ( 'NONE',  ( 3.075387586358349523, -103.6618868432450284, -0.07884785534730041900 ) ) ;
#4422 = CARTESIAN_POINT ( 'NONE',  ( -8.457637990421419616, -91.41218184751893716, -0.4084248786052664393 ) ) ;
#4423 = DIRECTION ( 'NONE',  ( -0.000000000000000000, -0.000000000000000000, 1.000000000000000000 ) ) ;
#4424 = DIRECTION ( 'NONE',  ( 3.592729953582978833E-16, -1.000000000000000000, 8.673617379883998987E-16 ) ) ;
#4425 = CARTESIAN_POINT ( 'NONE',  ( 11.91402749686212026, -116.1567396996553327, -8.703796563227886196 ) ) ;
#4426 = LINE ( 'NONE', #5595, #7313 ) ;
#4427 = ORIENTED_EDGE ( 'NONE', *, *, #5137, .T. ) ;
#4428 = DIRECTION ( 'NONE',  ( -2.812538085595988943E-16, -0.9848077530122080203, -0.1736481776669306920 ) ) ;
#4429 = DIRECTION ( 'NONE',  ( 1.000000000000000000, 0.000000000000000000, 0.000000000000000000 ) ) ;
#4430 = CARTESIAN_POINT ( 'NONE',  ( -24.14999999999999858, 2.999999999999999556, -21.73578643762691343 ) ) ;
#4431 = CARTESIAN_POINT ( 'NONE',  ( 9.974999999999734968, -10.30000000000010019, 25.94999999999999929 ) ) ;
#4432 = CARTESIAN_POINT ( 'NONE',  ( 2.265359729632526520, -120.5557643287583147, -2.898079017150774206 ) ) ;
#4433 = FACE_OUTER_BOUND ( 'NONE', #1498, .T. ) ;
#4434 = ORIENTED_EDGE ( 'NONE', *, *, #6866, .T. ) ;
#4435 = VERTEX_POINT ( 'NONE', #5748 ) ;
#4436 = CARTESIAN_POINT ( 'NONE',  ( -0.2113035514345233956, -132.9894046168008970, -30.58477088267752819 ) ) ;
#4437 = DIRECTION ( 'NONE',  ( 1.000000000000000000, 8.673617379884034486E-16, 0.000000000000000000 ) ) ;
#4438 = LINE ( 'NONE', #7286, #4767 ) ;
#4439 = AXIS2_PLACEMENT_3D ( 'NONE', #4957, #7148, #7221 ) ;
#4440 = CARTESIAN_POINT ( 'NONE',  ( -6.283027659978076329, -24.17966549522112629, -25.53315898096830239 ) ) ;
#4441 = CARTESIAN_POINT ( 'NONE',  ( -2.075058752844896492, -132.8831442816008632, -30.32164097984949080 ) ) ;
#4442 = ORIENTED_EDGE ( 'NONE', *, *, #746, .T. ) ;
#4443 = LINE ( 'NONE', #981, #136 ) ;
#4444 = CARTESIAN_POINT ( 'NONE',  ( -18.87752433018198417, -25.29999999999999716, -3.565597539098336544 ) ) ;
#4445 = DIRECTION ( 'NONE',  ( 0.000000000000000000, 0.000000000000000000, -1.000000000000000000 ) ) ;
#4446 = CARTESIAN_POINT ( 'NONE',  ( -0.4526314815214805276, -25.30000000000000426, -24.15000000000000568 ) ) ;
#4447 = CIRCLE ( 'NONE', #6462, 1.000000000000000000 ) ;
#4448 = FACE_BOUND ( 'NONE', #4305, .T. ) ;
#4449 = DIRECTION ( 'NONE',  ( 0.000000000000000000, 0.000000000000000000, 1.000000000000000000 ) ) ;
#4450 = ORIENTED_EDGE ( 'NONE', *, *, #3136, .F. ) ;
#4451 = EDGE_CURVE ( 'NONE', #3319, #6233, #2692, .T. ) ;
#4452 = DIRECTION ( 'NONE',  ( 1.000000000000000000, 0.000000000000000000, 0.000000000000000000 ) ) ;
#4453 = FACE_OUTER_BOUND ( 'NONE', #6315, .T. ) ;
#4454 = ORIENTED_EDGE ( 'NONE', *, *, #2192, .T. ) ;
#4455 = DIRECTION ( 'NONE',  ( -0.000000000000000000, -0.000000000000000000, -1.000000000000000000 ) ) ;
#4456 = EDGE_CURVE ( 'NONE', #5532, #2744, #727, .T. ) ;
#4457 = FACE_OUTER_BOUND ( 'NONE', #5530, .T. ) ;
#4458 = CARTESIAN_POINT ( 'NONE',  ( -4.646626284040531907, -107.3876297402218540, -1.205549658529736501 ) ) ;
#4459 = DIRECTION ( 'NONE',  ( 1.000000000000000000, 0.000000000000000000, 0.000000000000000000 ) ) ;
#4460 = LINE ( 'NONE', #3947, #430 ) ;
#4461 = EDGE_CURVE ( 'NONE', #1808, #3675, #1680, .T. ) ;
#4462 = DIRECTION ( 'NONE',  ( 1.000000000000000000, 0.000000000000000000, -6.897508850802415061E-17 ) ) ;
#4463 = ORIENTED_EDGE ( 'NONE', *, *, #3184, .T. ) ;
#4464 = CARTESIAN_POINT ( 'NONE',  ( 8.776383862143781300, -129.3730852877569930, -22.66200822413145488 ) ) ;
#4465 = ORIENTED_EDGE ( 'NONE', *, *, #3971, .T. ) ;
#4466 = CARTESIAN_POINT ( 'NONE',  ( -4.850000000000002309, -0.8178404338007646546, -29.15000000000000568 ) ) ;
#4467 = DIRECTION ( 'NONE',  ( 0.000000000000000000, 1.000000000000000000, 0.000000000000000000 ) ) ;
#4468 = CARTESIAN_POINT ( 'NONE',  ( -13.13991519745171743, -121.2152541477239538, -12.14982449241044371 ) ) ;
#4469 = CARTESIAN_POINT ( 'NONE',  ( -5.727064476163182150, -26.35118608004431096, -26.33920891306254219 ) ) ;
#4470 = CIRCLE ( 'NONE', #3642, 1.000000000000000888 ) ;
#4471 = CIRCLE ( 'NONE', #1270, 2.100000000000000977 ) ;
#4472 = DIRECTION ( 'NONE',  ( 1.000000000000000000, 0.000000000000000000, 0.000000000000000000 ) ) ;
#4473 = ORIENTED_EDGE ( 'NONE', *, *, #1186, .F. ) ;
#4474 = ORIENTED_EDGE ( 'NONE', *, *, #4273, .F. ) ;
#4475 = AXIS2_PLACEMENT_3D ( 'NONE', #6701, #6826, #3331 ) ;
#4476 = VECTOR ( 'NONE', #3125, 1000.000000000000000 ) ;
#4477 = VERTEX_POINT ( 'NONE', #119 ) ;
#4478 = CARTESIAN_POINT ( 'NONE',  ( 7.154033984543120894, -131.2812680603727529, -26.58842119179691466 ) ) ;
#4479 = LINE ( 'NONE', #5062, #3934 ) ;
#4480 = DIRECTION ( 'NONE',  ( -1.000000000000000000, 0.000000000000000000, 0.000000000000000000 ) ) ;
#4481 = CIRCLE ( 'NONE', #1636, 5.099999999999998757 ) ;
#4482 = FACE_OUTER_BOUND ( 'NONE', #6997, .T. ) ;
#4483 = CARTESIAN_POINT ( 'NONE',  ( -8.915998125020587750, -126.8964898069673808, -18.30477254483949778 ) ) ;
#4484 = EDGE_LOOP ( 'NONE', ( #1078, #2934, #5386, #4419 ) ) ;
#4485 = AXIS2_PLACEMENT_3D ( 'NONE', #927, #5924, #3197 ) ;
#4486 = CARTESIAN_POINT ( 'NONE',  ( -7.628538716320585777, -88.85211656009045100, 0.5727667385272164902 ) ) ;
#4487 = DIRECTION ( 'NONE',  ( -1.224646799147353207E-16, 1.000000000000000000, 8.447012136225716067E-33 ) ) ;
#4488 = DIRECTION ( 'NONE',  ( 0.000000000000000000, 0.000000000000000000, -1.000000000000000000 ) ) ;
#4489 = DIRECTION ( 'NONE',  ( -0.8660254037844387076, 0.4999999999999998890, 0.000000000000000000 ) ) ;
#4490 = CARTESIAN_POINT ( 'NONE',  ( -2.850000000000004086, -12.65000000000000036, -30.15000000000000568 ) ) ;
#4491 = SPHERICAL_SURFACE ( 'NONE', #516, 1.000000000000000000 ) ;
#4492 = ORIENTED_EDGE ( 'NONE', *, *, #2554, .F. ) ;
#4493 = CARTESIAN_POINT ( 'NONE',  ( -5.727064476163179485, -24.98372869334810176, -24.87973630435418215 ) ) ;
#4494 = CARTESIAN_POINT ( 'NONE',  ( 3.146476370910897824, -24.29999999999999716, 21.73578643762688500 ) ) ;
#4495 = EDGE_LOOP ( 'NONE', ( #6919, #5414, #6580, #2915, #7140 ) ) ;
#4496 = FACE_OUTER_BOUND ( 'NONE', #2671, .T. ) ;
#4497 = CARTESIAN_POINT ( 'NONE',  ( -5.152278682897858175, -88.39655027040366519, 1.941922739520244079 ) ) ;
#4498 = EDGE_CURVE ( 'NONE', #674, #1127, #955, .T. ) ;
#4499 = CARTESIAN_POINT ( 'NONE',  ( -12.13078573285207895, -110.2818041124306632, -8.044981966187298994 ) ) ;
#4500 = EDGE_CURVE ( 'NONE', #183, #4970, #4006, .T. ) ;
#4501 = CARTESIAN_POINT ( 'NONE',  ( 3.146476370910904929, 2.999999999999999112, 20.15000000000000213 ) ) ;
#4502 = CARTESIAN_POINT ( 'NONE',  ( -5.850000000000003197, 1.024794331177345086, -25.15000000000000568 ) ) ;
#4503 = DIRECTION ( 'NONE',  ( 0.8660254037844384856, 0.5000000000000002220, 0.000000000000000000 ) ) ;
#4504 = VERTEX_POINT ( 'NONE', #4166 ) ;
#4505 = DIRECTION ( 'NONE',  ( 1.000000000000000000, 0.000000000000000000, 0.000000000000000000 ) ) ;
#4506 = CARTESIAN_POINT ( 'NONE',  ( 2.113394312890308324, -88.16959941307923998, 2.840288977031236950 ) ) ;
#4507 = ORIENTED_EDGE ( 'NONE', *, *, #3048, .F. ) ;
#4508 = DIRECTION ( 'NONE',  ( -6.897508850802416293E-17, -0.000000000000000000, -1.000000000000000000 ) ) ;
#4509 = FACE_OUTER_BOUND ( 'NONE', #4614, .T. ) ;
#4510 = CARTESIAN_POINT ( 'NONE',  ( 7.156531968128882149, -109.2715853530628607, -4.690678518656145712 ) ) ;
#4511 = EDGE_CURVE ( 'NONE', #4916, #7242, #206, .T. ) ;
#4512 = CARTESIAN_POINT ( 'NONE',  ( -19.14999999999999858, -20.30000000000000071, -19.14999999999999858 ) ) ;
#4513 = CARTESIAN_POINT ( 'NONE',  ( -10.85000000000000320, -12.64999999999999858, -28.15000000000000213 ) ) ;
#4514 = VERTEX_POINT ( 'NONE', #229 ) ;
#4515 = EDGE_CURVE ( 'NONE', #27, #3630, #5054, .T. ) ;
#4516 = EDGE_LOOP ( 'NONE', ( #2533, #1368, #2943, #4492 ) ) ;
#4517 = VERTEX_POINT ( 'NONE', #815 ) ;
#4518 = CARTESIAN_POINT ( 'NONE',  ( 2.921336237836240635, -132.7684247365764918, -30.04009757307286677 ) ) ;
#4519 = CARTESIAN_POINT ( 'NONE',  ( 24.85710678118654116, -25.30000000000000071, 22.44289321881344534 ) ) ;
#4520 = CARTESIAN_POINT ( 'NONE',  ( -5.944262811101280519, -118.0817315419692051, -5.571168778195813687 ) ) ;
#4521 = CARTESIAN_POINT ( 'NONE',  ( -8.367826341026042059, -23.31370846597602409, -25.51725891738499286 ) ) ;
#4522 = LOCAL_TIME ( 14, 37, 7.000000000000000000, #6125 ) ;
#4523 = ORIENTED_EDGE ( 'NONE', *, *, #4420, .T. ) ;
#4524 = DIRECTION ( 'NONE',  ( -0.000000000000000000, -0.000000000000000000, 1.000000000000000000 ) ) ;
#4525 = CARTESIAN_POINT ( 'NONE',  ( 19.14999999999999503, -20.30000000000000071, -19.14999999999999858 ) ) ;
#4526 = CARTESIAN_POINT ( 'NONE',  ( 2.146476370910897824, -24.88578643762690135, 21.15000000000000213 ) ) ;
#4527 = CARTESIAN_POINT ( 'NONE',  ( -10.54741536479770758, -30.87375680497760655, -10.53563090403902791 ) ) ;
#4528 = AXIS2_PLACEMENT_3D ( 'NONE', #3632, #1334, #3596 ) ;
#4529 = DIRECTION ( 'NONE',  ( -0.7071067811865466846, 1.835171381546581820E-16, 0.7071067811865483499 ) ) ;
#4530 = DIRECTION ( 'NONE',  ( -1.000000000000000000, 0.000000000000000000, 0.000000000000000000 ) ) ;
#4531 = AXIS2_PLACEMENT_3D ( 'NONE', #22, #3359, #2298 ) ;
#4532 = PLANE ( 'NONE',  #4634 ) ;
#4533 = AXIS2_PLACEMENT_3D ( 'NONE', #537, #6213, #4567 ) ;
#4534 = FACE_OUTER_BOUND ( 'NONE', #1417, .T. ) ;
#4535 = VERTEX_POINT ( 'NONE', #710 ) ;
#4536 = AXIS2_PLACEMENT_3D ( 'NONE', #1004, #4391, #1041 ) ;
#4537 = DIRECTION ( 'NONE',  ( -2.812538085595988943E-16, -0.9848077530122080203, -0.1736481776669306920 ) ) ;
#4538 = CARTESIAN_POINT ( 'NONE',  ( -2.850000000000001865, -4.649999999999999467, -0.1500000000000042966 ) ) ;
#4539 = AXIS2_PLACEMENT_3D ( 'NONE', #1658, #6206, #1739 ) ;
#4540 = ORIENTED_EDGE ( 'NONE', *, *, #3971, .F. ) ;
#4541 = CARTESIAN_POINT ( 'NONE',  ( -25.15000000000000213, -24.29999999999999716, 16.73578643762690632 ) ) ;
#4542 = CARTESIAN_POINT ( 'NONE',  ( -9.126810173999905018, -89.41073655218214356, -0.6756683162255276986 ) ) ;
#4543 = CARTESIAN_POINT ( 'NONE',  ( -4.268558227568575170, -107.3590993837588456, -1.073471489816483215 ) ) ;
#4544 = DIRECTION ( 'NONE',  ( -1.000000000000000000, 0.000000000000000000, 7.744301232039314216E-17 ) ) ;
#4545 = CARTESIAN_POINT ( 'NONE',  ( 3.804735922941015147, -22.63571428571428612, -27.15000000000000213 ) ) ;
#4546 = EDGE_CURVE ( 'NONE', #4258, #2294, #7050, .T. ) ;
#4547 = CYLINDRICAL_SURFACE ( 'NONE', #5230, 1.050000000000000488 ) ;
#4548 = ORIENTED_EDGE ( 'NONE', *, *, #6537, .T. ) ;
#4549 = CARTESIAN_POINT ( 'NONE',  ( 2.806854249492377384, -6.993145750507620662, -30.15000000000000568 ) ) ;
#4550 = CARTESIAN_POINT ( 'NONE',  ( -25.15000000000000213, -24.29999999999999716, -25.15000000000000213 ) ) ;
#4551 = ORIENTED_EDGE ( 'NONE', *, *, #7206, .F. ) ;
#4552 = CARTESIAN_POINT ( 'NONE',  ( -3.266943412005613556, -24.65008010466550559, -26.07797774253727141 ) ) ;
#4553 = FACE_OUTER_BOUND ( 'NONE', #462, .T. ) ;
#4554 = VERTEX_POINT ( 'NONE', #2428 ) ;
#4555 = EDGE_LOOP ( 'NONE', ( #3738, #4808, #1781, #1393 ) ) ;
#4556 = EDGE_CURVE ( 'NONE', #5783, #3398, #310, .T. ) ;
#4557 = ORIENTED_EDGE ( 'NONE', *, *, #3771, .F. ) ;
#4558 = ORIENTED_EDGE ( 'NONE', *, *, #2680, .T. ) ;
#4559 = CARTESIAN_POINT ( 'NONE',  ( 2.694593646859653635, -139.8538063688522470, -40.29844907201169946 ) ) ;
#4560 = LINE ( 'NONE', #1579, #18 ) ;
#4561 = CARTESIAN_POINT ( 'NONE',  ( 2.439369589724354803, -24.29999999999999716, 22.44289321881344179 ) ) ;
#4562 = EDGE_CURVE ( 'NONE', #4214, #5038, #158, .T. ) ;
#4563 = FACE_OUTER_BOUND ( 'NONE', #5344, .T. ) ;
#4564 = ORIENTED_EDGE ( 'NONE', *, *, #444, .F. ) ;
#4565 = EDGE_CURVE ( 'NONE', #6583, #6233, #3046, .T. ) ;
#4566 = DIRECTION ( 'NONE',  ( -1.000000000000000000, 0.000000000000000000, 0.000000000000000000 ) ) ;
#4567 = DIRECTION ( 'NONE',  ( 0.000000000000000000, 0.000000000000000000, -1.000000000000000000 ) ) ;
#4568 = CARTESIAN_POINT ( 'NONE',  ( -2.850000000000003642, -12.65000000000000036, -30.15000000000000568 ) ) ;
#4569 = CARTESIAN_POINT ( 'NONE',  ( -25.15000000000000213, 2.999999999999999112, 16.73578643762690632 ) ) ;
#4570 = DIRECTION ( 'NONE',  ( -1.000000000000000000, 0.000000000000000000, 0.000000000000000000 ) ) ;
#4571 = CARTESIAN_POINT ( 'NONE',  ( 3.146476370910904041, 3.000000000000000000, 21.73578643762688500 ) ) ;
#4572 = AXIS2_PLACEMENT_3D ( 'NONE', #4062, #85, #5126 ) ;
#4573 = DIRECTION ( 'NONE',  ( 1.000000000000000000, 0.000000000000000000, -0.000000000000000000 ) ) ;
#4574 = DIRECTION ( 'NONE',  ( 1.000000000000000000, 0.000000000000000000, 0.000000000000000000 ) ) ;
#4575 = AXIS2_PLACEMENT_3D ( 'NONE', #3505, #3354, #1348 ) ;
#4576 = EDGE_LOOP ( 'NONE', ( #6731, #3997, #2698, #2134 ) ) ;
#4577 = CARTESIAN_POINT ( 'NONE',  ( -1.602545946880348179E-14, -56.22668379970505015, -9.468289625580641911 ) ) ;
#4578 = AXIS2_PLACEMENT_3D ( 'NONE', #143, #5499, #1468 ) ;
#4579 = CARTESIAN_POINT ( 'NONE',  ( -1.800000000000003375, -4.649999999999999467, -30.15000000000000568 ) ) ;
#4580 = CARTESIAN_POINT ( 'NONE',  ( -8.418322628372276739, -115.4012061139615355, -6.770463910203264213 ) ) ;
#4581 = CARTESIAN_POINT ( 'NONE',  ( -5.741497781418424040, -107.5054240443031404, -1.662499258698771687 ) ) ;
#4582 = CYLINDRICAL_SURFACE ( 'NONE', #6573, 1.050000000000000488 ) ;
#4583 = DIRECTION ( 'NONE',  ( 1.224646799147353207E-16, 1.000000000000000000, -0.000000000000000000 ) ) ;
#4584 = CARTESIAN_POINT ( 'NONE',  ( -14.51991613736488951, -125.6426234369286448, -28.57443559653898291 ) ) ;
#4585 = ORIENTED_EDGE ( 'NONE', *, *, #1649, .T. ) ;
#4586 = CARTESIAN_POINT ( 'NONE',  ( -8.829742027280374828, -96.28356342901768983, -3.843440529269221528 ) ) ;
#4587 = PLANE ( 'NONE',  #2216 ) ;
#4588 = VERTEX_POINT ( 'NONE', #5198 ) ;
#4589 = CARTESIAN_POINT ( 'NONE',  ( -21.73578643762691698, 2.999999999999999112, -24.15000000000000213 ) ) ;
#4590 = CARTESIAN_POINT ( 'NONE',  ( 10.64999999999996838, -3.299999999999976730, 25.15000000000000213 ) ) ;
#4591 = CYLINDRICAL_SURFACE ( 'NONE', #3443, 12.00000000000000178 ) ;
#4592 = CARTESIAN_POINT ( 'NONE',  ( 2.146476370910897380, -24.29999999999999716, 21.14999999999999858 ) ) ;
#4593 = ORIENTED_EDGE ( 'NONE', *, *, #6728, .T. ) ;
#4594 = ORIENTED_EDGE ( 'NONE', *, *, #1151, .T. ) ;
#4595 = ORIENTED_EDGE ( 'NONE', *, *, #315, .F. ) ;
#4596 = CIRCLE ( 'NONE', #2685, 1.000000000000000888 ) ;
#4597 = CARTESIAN_POINT ( 'NONE',  ( -16.10207179563657220, -135.2310347062362723, -28.00584637730742799 ) ) ;
#4598 = DIRECTION ( 'NONE',  ( 8.673617379884026597E-16, -1.000000000000000000, -3.592729953582990173E-16 ) ) ;
#4599 = CARTESIAN_POINT ( 'NONE',  ( -10.85000000000000320, -12.64999999999999858, -28.15000000000000213 ) ) ;
#4600 = ADVANCED_FACE ( 'NONE', ( #1941 ), #262, .F. ) ;
#4601 = AXIS2_PLACEMENT_3D ( 'NONE', #3713, #4895, #1601 ) ;
#4602 = CARTESIAN_POINT ( 'NONE',  ( 11.91251997819963648, -109.4590037769430495, -7.528187022738192624 ) ) ;
#4603 = AXIS2_PLACEMENT_3D ( 'NONE', #5779, #224, #2938 ) ;
#4604 = ORIENTED_EDGE ( 'NONE', *, *, #3775, .F. ) ;
#4605 = CARTESIAN_POINT ( 'NONE',  ( 2.351617985713044146, -23.47328350717438994, -25.55123733561364929 ) ) ;
#4606 = CARTESIAN_POINT ( 'NONE',  ( 14.31434942365683227, -25.29999999999999361, 11.70923315847684520 ) ) ;
#4607 = CARTESIAN_POINT ( 'NONE',  ( -0.9647317651417161022, -25.29999999999136762, 14.05744032867367999 ) ) ;
#4608 = CARTESIAN_POINT ( 'NONE',  ( -2.850000000000004086, -12.65000000000000036, -27.15000000000000213 ) ) ;
#4609 = DIRECTION ( 'NONE',  ( -4.336808689942020201E-16, -1.000000000000000000, -1.660315602340899309E-15 ) ) ;
#4610 = ADVANCED_FACE ( 'NONE', ( #2942 ), #3569, .T. ) ;
#4611 = CARTESIAN_POINT ( 'NONE',  ( -20.44289321881339561, 3.000000000000000000, 20.44289321881348798 ) ) ;
#4612 = AXIS2_PLACEMENT_3D ( 'NONE', #2163, #6720, #2715 ) ;
#4613 = CARTESIAN_POINT ( 'NONE',  ( -7.977486837468210190, -121.2315684093678669, -5.386951132798341035 ) ) ;
#4614 = EDGE_LOOP ( 'NONE', ( #2341, #2918, #1001, #3625 ) ) ;
#4615 = CARTESIAN_POINT ( 'NONE',  ( 4.536344310948450698, -24.38386172708732857, -25.15000000000000568 ) ) ;
#4616 = ADVANCED_FACE ( 'NONE', ( #5853 ), #1378, .T. ) ;
#4617 = CARTESIAN_POINT ( 'NONE',  ( -5.727064476163180373, -25.30000000000000426, -24.63073204157923257 ) ) ;
#4618 = CARTESIAN_POINT ( 'NONE',  ( -5.861775737104444772, -108.6641580879486497, -3.881572620254183370 ) ) ;
#4619 = CARTESIAN_POINT ( 'NONE',  ( -9.721070001334910060, -109.0720987782345617, -4.554579833690041824 ) ) ;
#4620 = FACE_OUTER_BOUND ( 'NONE', #19, .T. ) ;
#4621 = CARTESIAN_POINT ( 'NONE',  ( -2.850000000000004086, -12.65000000000000036, -30.15000000000000568 ) ) ;
#4622 = ORIENTED_EDGE ( 'NONE', *, *, #4951, .T. ) ;
#4623 = CARTESIAN_POINT ( 'NONE',  ( -1.122712165820058993E-14, -31.16824088833465467, -15.40923400202533955 ) ) ;
#4624 = CARTESIAN_POINT ( 'NONE',  ( -1.596297136799760263, -88.16081516335275126, 2.880670477341366276 ) ) ;
#4625 = ORIENTED_EDGE ( 'NONE', *, *, #6772, .T. ) ;
#4626 = CARTESIAN_POINT ( 'NONE',  ( -8.720113931885638436, -101.6726031065278022, -2.413922342643977981 ) ) ;
#4627 = LINE ( 'NONE', #1086, #6082 ) ;
#4628 = DIRECTION ( 'NONE',  ( 1.000000000000000000, 0.000000000000000000, -0.000000000000000000 ) ) ;
#4629 = ORIENTED_EDGE ( 'NONE', *, *, #2050, .T. ) ;
#4630 = VERTEX_POINT ( 'NONE', #1832 ) ;
#4631 = CARTESIAN_POINT ( 'NONE',  ( -1.280731101314044551, -132.9490809314090427, -30.48473621364088970 ) ) ;
#4632 = DIRECTION ( 'NONE',  ( 1.000000000000000000, 0.000000000000000000, 0.000000000000000000 ) ) ;
#4633 = CARTESIAN_POINT ( 'NONE',  ( -8.506854249492382891, -6.993145750507616221, -28.15000000000000213 ) ) ;
#4634 = AXIS2_PLACEMENT_3D ( 'NONE', #4490, #6786, #2894 ) ;
#4635 = CARTESIAN_POINT ( 'NONE',  ( 12.28321447591873650, -111.2397063179824102, -8.490815736942073144 ) ) ;
#4636 = EDGE_LOOP ( 'NONE', ( #3479, #6521, #1082 ) ) ;
#4637 = FACE_BOUND ( 'NONE', #3180, .T. ) ;
#4638 = CARTESIAN_POINT ( 'NONE',  ( 1.243561198169375048, -25.29999999999999361, 18.25293848457193135 ) ) ;
#4639 = EDGE_CURVE ( 'NONE', #5449, #5075, #1867, .T. ) ;
#4640 = DIRECTION ( 'NONE',  ( 0.8660254037844385966, 0.5000000000000000000, 0.000000000000000000 ) ) ;
#4641 = EDGE_CURVE ( 'NONE', #507, #194, #1269, .T. ) ;
#4642 = DIRECTION ( 'NONE',  ( -1.000000000000000000, 0.000000000000000000, 6.897508850802415061E-17 ) ) ;
#4643 = CARTESIAN_POINT ( 'NONE',  ( -5.850000000000003197, -0.6012789072140095614, -25.92116376658526988 ) ) ;
#4644 = CYLINDRICAL_SURFACE ( 'NONE', #5550, 0.9999999999999988898 ) ;
#4645 = DIRECTION ( 'NONE',  ( 0.000000000000000000, -1.000000000000000000, 0.000000000000000000 ) ) ;
#4646 = DIRECTION ( 'NONE',  ( -1.000000000000000000, 0.000000000000000000, -0.000000000000000000 ) ) ;
#4647 = CARTESIAN_POINT ( 'NONE',  ( 10.10510547579299967, -125.9947462738687847, -16.01807261006376493 ) ) ;
#4648 = AXIS2_PLACEMENT_3D ( 'NONE', #594, #5122, #5713 ) ;
#4649 = ADVANCED_FACE ( 'NONE', ( #5235 ), #6806, .F. ) ;
#4650 = DIRECTION ( 'NONE',  ( 0.000000000000000000, 0.000000000000000000, 1.000000000000000000 ) ) ;
#4651 = CARTESIAN_POINT ( 'NONE',  ( -8.096613586182355604, -116.0904566429263980, -6.594847732487178149 ) ) ;
#4652 = CARTESIAN_POINT ( 'NONE',  ( 5.167953102643377150, -101.5924188585055106, -2.337587063845347757 ) ) ;
#4653 = EDGE_CURVE ( 'NONE', #4723, #928, #1389, .T. ) ;
#4654 = VECTOR ( 'NONE', #2091, 1000.000000000000000 ) ;
#4655 = CARTESIAN_POINT ( 'NONE',  ( -7.856605425504424645, -116.4686665395344107, -6.462278726728844624 ) ) ;
#4656 = AXIS2_PLACEMENT_3D ( 'NONE', #688, #1848, #4810 ) ;
#4657 = ADVANCED_FACE ( 'NONE', ( #2078 ), #4378, .T. ) ;
#4658 = DIRECTION ( 'NONE',  ( -0.000000000000000000, 1.000000000000000000, 0.000000000000000000 ) ) ;
#4659 = VERTEX_POINT ( 'NONE', #2565 ) ;
#4660 = CARTESIAN_POINT ( 'NONE',  ( -7.343042822495374544, -100.2651043678214506, -3.226377956253748902 ) ) ;
#4661 = CARTESIAN_POINT ( 'NONE',  ( 4.790712002439545536, -88.34711525610995864, 2.115135741174318351 ) ) ;
#4662 = VECTOR ( 'NONE', #5914, 1000.000000000000000 ) ;
#4663 = ORIENTED_EDGE ( 'NONE', *, *, #3734, .T. ) ;
#4664 = CARTESIAN_POINT ( 'NONE',  ( -2.484409424236901920, -102.1877673961683968, -1.743019990244212281 ) ) ;
#4665 = DIRECTION ( 'NONE',  ( 0.000000000000000000, -1.000000000000000000, 0.000000000000000000 ) ) ;
#4666 = CARTESIAN_POINT ( 'NONE',  ( -0.6632838312882467502, -24.45834688659343925, -25.43159164884287904 ) ) ;
#4667 = ORIENTED_EDGE ( 'NONE', *, *, #5730, .T. ) ;
#4668 = ORIENTED_EDGE ( 'NONE', *, *, #6073, .T. ) ;
#4669 = CARTESIAN_POINT ( 'NONE',  ( -2.146622690964023583, -127.9934867931588371, -38.22897885590661815 ) ) ;
#4670 = DIRECTION ( 'NONE',  ( 1.000000000000000000, 8.673617379884027583E-16, 0.000000000000000000 ) ) ;
#4671 = DIRECTION ( 'NONE',  ( -1.000000000000000000, 0.000000000000000000, 6.897508850802415061E-17 ) ) ;
#4672 = CARTESIAN_POINT ( 'NONE',  ( 8.188695455949849489, -110.3451264974284101, -5.663879523881087508 ) ) ;
#4673 = EDGE_LOOP ( 'NONE', ( #5607, #4898, #782, #2429, #6346 ) ) ;
#4674 = CARTESIAN_POINT ( 'NONE',  ( 3.366290048102499544, -24.60071196056889420, -25.10643098393209272 ) ) ;
#4675 = CARTESIAN_POINT ( 'NONE',  ( 8.913431823757228756, -25.29999999999999361, 10.85744602420444060 ) ) ;
#4676 = CARTESIAN_POINT ( 'NONE',  ( -12.14964238609886138, -29.86488049346611362, 6.160900403291487137 ) ) ;
#4677 = ORIENTED_EDGE ( 'NONE', *, *, #1141, .F. ) ;
#4678 = CARTESIAN_POINT ( 'NONE',  ( 2.146476370910904485, 3.000000000000001332, 21.73578643762689566 ) ) ;
#4679 = CARTESIAN_POINT ( 'NONE',  ( -5.850000000000003197, -1.017303732908245273, -26.88458361375258221 ) ) ;
#4680 = CARTESIAN_POINT ( 'NONE',  ( 21.73578643762688500, -24.29999999999999716, -24.15000000000000568 ) ) ;
#4681 = AXIS2_PLACEMENT_3D ( 'NONE', #3633, #5878, #807 ) ;
#4682 = CARTESIAN_POINT ( 'NONE',  ( -12.27548412366577324, -114.2976907350255686, -9.015166784889363072 ) ) ;
#4683 = CARTESIAN_POINT ( 'NONE',  ( -13.10322643716702196, -55.52475697515561137, -0.4758327028284974891 ) ) ;
#4684 = CARTESIAN_POINT ( 'NONE',  ( 22.14999999999999147, -24.29999999999999716, 25.15000000000000213 ) ) ;
#4685 = DIRECTION ( 'NONE',  ( -1.000000000000000000, -0.000000000000000000, 4.336808689942015271E-16 ) ) ;
#4686 = AXIS2_PLACEMENT_3D ( 'NONE', #1752, #6744, #2310 ) ;
#4687 = DIRECTION ( 'NONE',  ( 1.075850890337208239E-16, -1.000000000000000000, 0.000000000000000000 ) ) ;
#4688 = VECTOR ( 'NONE', #5564, 1000.000000000000000 ) ;
#4689 = EDGE_CURVE ( 'NONE', #4212, #4517, #4960, .T. ) ;
#4690 = CARTESIAN_POINT ( 'NONE',  ( -4.310194516027807232, -120.2839341923420164, -3.366098320875738015 ) ) ;
#4691 = EDGE_CURVE ( 'NONE', #3767, #5497, #6634, .T. ) ;
#4692 = ORIENTED_EDGE ( 'NONE', *, *, #142, .F. ) ;
#4693 = DIRECTION ( 'NONE',  ( 1.000000000000000000, 0.000000000000000000, 0.000000000000000000 ) ) ;
#4694 = CARTESIAN_POINT ( 'NONE',  ( 10.94030843745393788, -94.24002431509865119, -3.157452423485997084 ) ) ;
#4695 = CARTESIAN_POINT ( 'NONE',  ( 0.5855680941787924088, -103.8227470392732386, 0.2250115660441275311 ) ) ;
#4696 = CARTESIAN_POINT ( 'NONE',  ( 6.561359892483999978, -88.61400762527711095, 1.240067850064162203 ) ) ;
#4697 = VECTOR ( 'NONE', #2644, 1000.000000000000000 ) ;
#4698 = EDGE_CURVE ( 'NONE', #1645, #2883, #3117, .T. ) ;
#4699 = CARTESIAN_POINT ( 'NONE',  ( 19.14999999999999503, 2.999999999999999112, 20.15000000000000213 ) ) ;
#4700 = EDGE_LOOP ( 'NONE', ( #7164, #6963, #5066, #2574 ) ) ;
#4701 = EDGE_CURVE ( 'NONE', #3503, #2796, #1758, .T. ) ;
#4702 = EDGE_LOOP ( 'NONE', ( #3257, #1687, #5097, #2189 ) ) ;
#4703 = CARTESIAN_POINT ( 'NONE',  ( -7.395472790619930237, -131.1086452806350167, -26.21095687511202854 ) ) ;
#4704 = DIRECTION ( 'NONE',  ( 1.000000000000000000, 0.000000000000000000, 0.000000000000000000 ) ) ;
#4705 = DIRECTION ( 'NONE',  ( -2.595324257062149123E-16, -1.000000000000000000, 8.715763992105298108E-33 ) ) ;
#4706 = CARTESIAN_POINT ( 'NONE',  ( 4.850163058858843357, -108.4019081524509716, -3.430421515446998360 ) ) ;
#4707 = EDGE_LOOP ( 'NONE', ( #2449, #3280, #46, #4830 ) ) ;
#4708 = CARTESIAN_POINT ( 'NONE',  ( 4.926368801110891482, -25.29999999999999361, 17.63588030951429886 ) ) ;
#4709 = CARTESIAN_POINT ( 'NONE',  ( -10.93916498384068525, -25.29999999999999361, 8.786392650563726647 ) ) ;
#4710 = VERTEX_POINT ( 'NONE', #4853 ) ;
#4711 = DIRECTION ( 'NONE',  ( 1.000000000000000000, -0.000000000000000000, -0.000000000000000000 ) ) ;
#4712 = FACE_OUTER_BOUND ( 'NONE', #101, .T. ) ;
#4713 = AXIS2_PLACEMENT_3D ( 'NONE', #3238, #7133, #3793 ) ;
#4714 = VECTOR ( 'NONE', #2455, 1000.000000000000000 ) ;
#4715 = DIRECTION ( 'NONE',  ( -0.000000000000000000, -0.000000000000000000, -1.000000000000000000 ) ) ;
#4716 = CARTESIAN_POINT ( 'NONE',  ( 9.149999999999998579, -12.65000000000000036, -29.15000000000000568 ) ) ;
#4717 = CARTESIAN_POINT ( 'NONE',  ( 12.64639293526074937, -124.3831482650894600, -14.48278871543689306 ) ) ;
#4718 = VECTOR ( 'NONE', #5659, 1000.000000000000000 ) ;
#4719 = CARTESIAN_POINT ( 'NONE',  ( -1.796841994099619866, -108.0660483400547776, -2.684647946100930938 ) ) ;
#4720 = AXIS2_PLACEMENT_3D ( 'NONE', #6426, #268, #2049 ) ;
#4721 = CARTESIAN_POINT ( 'NONE',  ( -9.152010915918264544, -120.4568201810312758, -6.172793970468363867 ) ) ;
#4722 = DIRECTION ( 'NONE',  ( 0.000000000000000000, -1.000000000000000000, 0.000000000000000000 ) ) ;
#4723 = VERTEX_POINT ( 'NONE', #7117 ) ;
#4724 = EDGE_CURVE ( 'NONE', #4369, #3075, #2459, .T. ) ;
#4725 = DIRECTION ( 'NONE',  ( 0.000000000000000000, 0.000000000000000000, -1.000000000000000000 ) ) ;
#4726 = CARTESIAN_POINT ( 'NONE',  ( 12.24432641649275588, -94.11427223270396780, -5.398809109205967793 ) ) ;
#4727 = CARTESIAN_POINT ( 'NONE',  ( -5.609637459357714739, -105.3831223159535284, -1.246516728888149572 ) ) ;
#4728 = DIRECTION ( 'NONE',  ( 0.000000000000000000, 1.000000000000000000, 0.000000000000000000 ) ) ;
#4729 = CARTESIAN_POINT ( 'NONE',  ( 12.47499999999973674, -10.30000000000010019, 25.94999999999999929 ) ) ;
#4730 = ORIENTED_EDGE ( 'NONE', *, *, #3105, .T. ) ;
#4731 = EDGE_LOOP ( 'NONE', ( #5725, #4925, #1898, #5171 ) ) ;
#4732 = EDGE_CURVE ( 'NONE', #7144, #1402, #3404, .T. ) ;
#4733 = CARTESIAN_POINT ( 'NONE',  ( -0.4796534076562448679, -132.9847858313354720, -30.57329351726392730 ) ) ;
#4734 = CARTESIAN_POINT ( 'NONE',  ( -11.76977021592330175, -125.2533653297526257, -15.08406736473600240 ) ) ;
#4735 = CARTESIAN_POINT ( 'NONE',  ( -12.64911064067356605, -118.4824174576203291, -10.49654689181841150 ) ) ;
#4736 = ADVANCED_FACE ( 'NONE', ( #3980, #630 ), #2742, .T. ) ;
#4737 = CARTESIAN_POINT ( 'NONE',  ( 8.745947440720039268, -111.9474209532672404, -6.508055043077855650 ) ) ;
#4738 = ORIENTED_EDGE ( 'NONE', *, *, #648, .F. ) ;
#4739 = ORIENTED_EDGE ( 'NONE', *, *, #5522, .T. ) ;
#4740 = DIRECTION ( 'NONE',  ( 0.000000000000000000, 0.000000000000000000, 1.000000000000000000 ) ) ;
#4741 = CARTESIAN_POINT ( 'NONE',  ( 11.13150675837240300, -29.77038192123529825, 7.724816962416461763 ) ) ;
#4742 = AXIS2_PLACEMENT_3D ( 'NONE', #2856, #3415, #469 ) ;
#4743 = CARTESIAN_POINT ( 'NONE',  ( -13.76266352127589876, -25.29999999999998650, 2.732278476450350713 ) ) ;
#4744 = VERTEX_POINT ( 'NONE', #1670 ) ;
#4745 = CARTESIAN_POINT ( 'NONE',  ( -21.15000000000000213, 4.000000000000000000, 19.14999999999999858 ) ) ;
#4746 = CARTESIAN_POINT ( 'NONE',  ( 13.82031757762958613, -50.42346253829830260, -6.942594392436470585 ) ) ;
#4747 = CARTESIAN_POINT ( 'NONE',  ( -24.15000000000000213, -25.30000000000000071, 16.73578643762690632 ) ) ;
#4748 = CARTESIAN_POINT ( 'NONE',  ( 4.913858576764518205, -24.29999999999999716, -25.15000000000000568 ) ) ;
#4749 = CARTESIAN_POINT ( 'NONE',  ( -0.4211055159816203264, -24.97383262412563099, -24.89148517603061705 ) ) ;
#4750 = VERTEX_POINT ( 'NONE', #4579 ) ;
#4751 = DIRECTION ( 'NONE',  ( -0.8660254037844385966, -0.5000000000000000000, 0.000000000000000000 ) ) ;
#4752 = CARTESIAN_POINT ( 'NONE',  ( -9.953965168024469179, -119.7240248504025288, -6.805664392096252513 ) ) ;
#4753 = SECURITY_CLASSIFICATION ( '', '', #7174 ) ;
#4754 = DIRECTION ( 'NONE',  ( 0.000000000000000000, 0.000000000000000000, -1.000000000000000000 ) ) ;
#4755 = ORIENTED_EDGE ( 'NONE', *, *, #233, .F. ) ;
#4756 = CARTESIAN_POINT ( 'NONE',  ( 8.773724625464708993, -95.32458973149768156, -3.608984295996736869 ) ) ;
#4757 = CARTESIAN_POINT ( 'NONE',  ( -4.006883899600764742, -101.9213283215224664, -2.025530286106308697 ) ) ;
#4758 = DIRECTION ( 'NONE',  ( -0.7071067811865446862, -0.000000000000000000, 0.7071067811865504593 ) ) ;
#4759 = CIRCLE ( 'NONE', #1555, 3.300000000000000711 ) ;
#4760 = AXIS2_PLACEMENT_3D ( 'NONE', #5831, #6993, #6922 ) ;
#4761 = ADVANCED_FACE ( 'NONE', ( #2268 ), #1794, .F. ) ;
#4762 = CARTESIAN_POINT ( 'NONE',  ( -20.15000000000000213, 2.999999999999999112, -20.15000000000000213 ) ) ;
#4763 = ORIENTED_EDGE ( 'NONE', *, *, #2290, .T. ) ;
#4764 = AXIS2_PLACEMENT_3D ( 'NONE', #3188, #4340, #6598 ) ;
#4765 = ORIENTED_EDGE ( 'NONE', *, *, #5319, .T. ) ;
#4766 = CARTESIAN_POINT ( 'NONE',  ( -12.42503948432178085, -118.2884066075501011, -10.17534148689641960 ) ) ;
#4767 = VECTOR ( 'NONE', #3925, 1000.000000000000000 ) ;
#4768 = CARTESIAN_POINT ( 'NONE',  ( -24.85710678118654471, -24.29999999999999716, 17.44289321881345600 ) ) ;
#4769 = DIRECTION ( 'NONE',  ( -6.897508850802415061E-17, 0.000000000000000000, -1.000000000000000000 ) ) ;
#4770 = ADVANCED_FACE ( 'NONE', ( #3379 ), #5547, .F. ) ;
#4771 = CARTESIAN_POINT ( 'NONE',  ( 9.740691808773050298, -117.4997316480515792, -6.048726001554406650 ) ) ;
#4772 = ORIENTED_EDGE ( 'NONE', *, *, #6571, .T. ) ;
#4773 = EDGE_LOOP ( 'NONE', ( #166, #3765, #570, #1379, #5370, #7329 ) ) ;
#4774 = CYLINDRICAL_SURFACE ( 'NONE', #5806, 1.000000000000000000 ) ;
#4775 = CARTESIAN_POINT ( 'NONE',  ( 12.58366144621610516, -30.68476199706007534, -7.407836454599224574 ) ) ;
#4776 = CARTESIAN_POINT ( 'NONE',  ( 10.52419122939974905, -122.9741011735081884, -8.381562342321897674 ) ) ;
#4777 = ADVANCED_FACE ( 'NONE', ( #4453 ), #6142, .F. ) ;
#4778 = DIRECTION ( 'NONE',  ( 0.000000000000000000, 1.000000000000000000, -0.000000000000000000 ) ) ;
#4779 = ADVANCED_FACE ( 'NONE', ( #5667 ), #3421, .T. ) ;
#4781 = ORIENTED_EDGE ( 'NONE', *, *, #6454, .T. ) ;
#4780 = CARTESIAN_POINT ( 'NONE',  ( 15.05936054277169767, -125.2331183391146254, -27.13738235372496632 ) ) ;
#4782 = CARTESIAN_POINT ( 'NONE',  ( -5.834507100787637235, -105.3089555915466633, -1.343653488496959536 ) ) ;
#4783 = CARTESIAN_POINT ( 'NONE',  ( -2.627857607396245015E-14, -88.13973296516790867, 2.977099946411256415 ) ) ;
#4784 = DIRECTION ( 'NONE',  ( 0.7071067811865483499, 0.000000000000000000, 0.7071067811865466846 ) ) ;
#4785 = CARTESIAN_POINT ( 'NONE',  ( -8.753645606941363511, -114.1263709395198589, -6.900955274557907693 ) ) ;
#4786 = FACE_OUTER_BOUND ( 'NONE', #4292, .T. ) ;
#4787 = CARTESIAN_POINT ( 'NONE',  ( -19.14999999999999858, -20.30000000000000071, -19.14999999999999858 ) ) ;
#4788 = ORIENTED_EDGE ( 'NONE', *, *, #2836, .F. ) ;
#4789 = CARTESIAN_POINT ( 'NONE',  ( 11.22942749272025686, -96.34145295065189885, -3.851814447792475615 ) ) ;
#4790 = CARTESIAN_POINT ( 'NONE',  ( -8.827452204723632789, -96.08482827772654389, -3.805735021613656066 ) ) ;
#4791 = DIRECTION ( 'NONE',  ( -6.897508850802415061E-17, 0.000000000000000000, -1.000000000000000000 ) ) ;
#4792 = AXIS2_PLACEMENT_3D ( 'NONE', #1786, #68, #3893 ) ;
#4793 = FACE_OUTER_BOUND ( 'NONE', #2514, .T. ) ;
#4794 = ORIENTED_EDGE ( 'NONE', *, *, #4698, .T. ) ;
#4795 = VERTEX_POINT ( 'NONE', #6790 ) ;
#4796 = CARTESIAN_POINT ( 'NONE',  ( -8.238588935568900595, -125.0437920644640002, -15.54377525739084298 ) ) ;
#4797 = DIRECTION ( 'NONE',  ( 1.000000000000000000, 0.000000000000000000, -0.000000000000000000 ) ) ;
#4798 = DIRECTION ( 'NONE',  ( -0.000000000000000000, -0.000000000000000000, -1.000000000000000000 ) ) ;
#4799 = CARTESIAN_POINT ( 'NONE',  ( 4.706392407549460977, -122.4327715354979773, -3.889043652345180568 ) ) ;
#4800 = EDGE_LOOP ( 'NONE', ( #838, #1717, #1129, #5834, #2626, #5271 ) ) ;
#4801 = ORIENTED_EDGE ( 'NONE', *, *, #4951, .F. ) ;
#4802 = DIRECTION ( 'NONE',  ( 0.000000000000000000, 0.000000000000000000, 1.000000000000000000 ) ) ;
#4803 = CARTESIAN_POINT ( 'NONE',  ( 6.204116888762383653, -31.08040352804228590, -13.95555804654376431 ) ) ;
#4804 = CARTESIAN_POINT ( 'NONE',  ( 8.647010112554331940, -126.0179693240459073, -16.95287523765048832 ) ) ;
#4805 = CARTESIAN_POINT ( 'NONE',  ( 9.149999999999998579, -12.65000000000000036, -30.15000000000000568 ) ) ;
#4806 = EDGE_CURVE ( 'NONE', #6642, #1655, #4470, .T. ) ;
#4808 = ORIENTED_EDGE ( 'NONE', *, *, #6630, .T. ) ;
#4807 = DIRECTION ( 'NONE',  ( 1.000000000000000000, 0.000000000000000000, 0.000000000000000000 ) ) ;
#4809 = ORIENTED_EDGE ( 'NONE', *, *, #6151, .F. ) ;
#4810 = DIRECTION ( 'NONE',  ( 0.7071067811865510144, 0.000000000000000000, 0.7071067811865441310 ) ) ;
#4811 = CARTESIAN_POINT ( 'NONE',  ( 0.1499999999999951095, 2.000000000000000000, -29.15000000000000568 ) ) ;
#4812 = ORIENTED_EDGE ( 'NONE', *, *, #7078, .T. ) ;
#4813 = EDGE_CURVE ( 'NONE', #5352, #6320, #3282, .T. ) ;
#4814 = VECTOR ( 'NONE', #1718, 1000.000000000000000 ) ;
#4815 = VECTOR ( 'NONE', #5812, 1000.000000000000000 ) ;
#4816 = DIRECTION ( 'NONE',  ( 0.000000000000000000, 0.000000000000000000, 1.000000000000000000 ) ) ;
#4817 = CIRCLE ( 'NONE', #5055, 16.00000000000000000 ) ;
#4818 = DIRECTION ( 'NONE',  ( -6.897508850802415061E-17, 0.000000000000000000, -1.000000000000000000 ) ) ;
#4819 = ADVANCED_FACE ( 'NONE', ( #1027 ), #2537, .T. ) ;
#4820 = VECTOR ( 'NONE', #968, 1000.000000000000000 ) ;
#4821 = CYLINDRICAL_SURFACE ( 'NONE', #5926, 2.100000000000000533 ) ;
#4822 = CARTESIAN_POINT ( 'NONE',  ( 3.146476370910900933, -25.29999999999999716, 19.14999999999999858 ) ) ;
#4823 = ORIENTED_EDGE ( 'NONE', *, *, #2763, .T. ) ;
#4824 = CARTESIAN_POINT ( 'NONE',  ( 12.35839764717114519, -96.02206245479982272, -5.949265870632679309 ) ) ;
#4825 = CARTESIAN_POINT ( 'NONE',  ( -7.712508561813822716, -92.91550662941011751, -2.197111260758653817 ) ) ;
#4826 = CARTESIAN_POINT ( 'NONE',  ( 12.24446341855682441, -97.62473572630887020, -6.018033394189409080 ) ) ;
#4827 = CARTESIAN_POINT ( 'NONE',  ( -25.15000000000000213, 2.999999999999999112, -24.15000000000000213 ) ) ;
#4828 = AXIS2_PLACEMENT_3D ( 'NONE', #7023, #1947, #4211 ) ;
#4829 = ORIENTED_EDGE ( 'NONE', *, *, #2922, .T. ) ;
#4830 = ORIENTED_EDGE ( 'NONE', *, *, #5398, .F. ) ;
#4831 = CARTESIAN_POINT ( 'NONE',  ( -16.34765959703211990, -130.8594946418671441, -18.93681235111450434 ) ) ;
#4832 = DIRECTION ( 'NONE',  ( 1.000000000000000000, 0.000000000000000000, 0.000000000000000000 ) ) ;
#4833 = CARTESIAN_POINT ( 'NONE',  ( 8.170950268739126443, -115.9535167736195405, -6.636711812575046388 ) ) ;
#4834 = CARTESIAN_POINT ( 'NONE',  ( 8.715292686072688255, -114.3622058717458145, -6.897108037545892856 ) ) ;
#4835 = ORIENTED_EDGE ( 'NONE', *, *, #3826, .F. ) ;
#4836 = ORIENTED_EDGE ( 'NONE', *, *, #996, .F. ) ;
#4837 = COORDINATED_UNIVERSAL_TIME_OFFSET ( 8, 0, .AHEAD. ) ;
#4838 = CARTESIAN_POINT ( 'NONE',  ( 9.251574508425425947, -30.95412123470977050, -11.86563261161926341 ) ) ;
#4839 = ORIENTED_EDGE ( 'NONE', *, *, #233, .T. ) ;
#4840 = CARTESIAN_POINT ( 'NONE',  ( 7.136049171623441545, -123.1237745778378780, -13.04687151592470329 ) ) ;
#4841 = DIRECTION ( 'NONE',  ( 6.897508850802415061E-17, -0.000000000000000000, 1.000000000000000000 ) ) ;
#4843 = ORIENTED_EDGE ( 'NONE', *, *, #4944, .T. ) ;
#4842 = CARTESIAN_POINT ( 'NONE',  ( -3.927995359120559538E-14, -125.8227351647505685, -17.88340262187204033 ) ) ;
#4844 = VERTEX_POINT ( 'NONE', #5262 ) ;
#4845 = ADVANCED_FACE ( 'NONE', ( #4053 ), #668, .F. ) ;
#4846 = CARTESIAN_POINT ( 'NONE',  ( -5.850000000000003197, -1.031049961377747515, -28.15000000000000568 ) ) ;
#4847 = DIRECTION ( 'NONE',  ( -2.812538085595988943E-16, -0.9848077530122080203, -0.1736481776669306920 ) ) ;
#4848 = DIRECTION ( 'NONE',  ( 1.000000000000000000, 0.000000000000000000, 0.000000000000000000 ) ) ;
#4849 = CARTESIAN_POINT ( 'NONE',  ( 7.092792162015300939, -100.4961756110716067, -3.102733123495684531 ) ) ;
#4850 = CARTESIAN_POINT ( 'NONE',  ( -8.823432097947208064, -126.0174632753132471, -16.77904462866945323 ) ) ;
#4851 = EDGE_CURVE ( 'NONE', #7057, #6642, #4201, .T. ) ;
#4852 = DIRECTION ( 'NONE',  ( -0.000000000000000000, -0.000000000000000000, -1.000000000000000000 ) ) ;
#4853 = CARTESIAN_POINT ( 'NONE',  ( 11.69999999999999041, -17.30000000000002203, 20.15000000000000213 ) ) ;
#4854 = EDGE_LOOP ( 'NONE', ( #1559, #5970, #7007, #1168 ) ) ;
#4855 = CARTESIAN_POINT ( 'NONE',  ( 2.504909211102662514, -105.9915725932197006, -0.3678424614816863669 ) ) ;
#4856 = ADVANCED_FACE ( 'NONE', ( #153 ), #5194, .F. ) ;
#4857 = CARTESIAN_POINT ( 'NONE',  ( -8.821464725650287164, -95.88462142837070701, -3.763313323235652152 ) ) ;
#4858 = CARTESIAN_POINT ( 'NONE',  ( 12.33924885285754591, -96.59317963920648253, -6.013315215911385181 ) ) ;
#4859 = DIRECTION ( 'NONE',  ( -0.000000000000000000, -0.000000000000000000, -1.000000000000000000 ) ) ;
#4860 = CARTESIAN_POINT ( 'NONE',  ( 10.03905276414717740, -106.7760058908103247, -4.612662871750165650 ) ) ;
#4861 = ADVANCED_FACE ( 'NONE', ( #5880 ), #113, .T. ) ;
#4862 = PLANE ( 'NONE',  #4828 ) ;
#4863 = ORIENTED_EDGE ( 'NONE', *, *, #3687, .T. ) ;
#4864 = CARTESIAN_POINT ( 'NONE',  ( -9.010300918262174719, -128.3505512992985587, -20.77197737207580275 ) ) ;
#4865 = AXIS2_PLACEMENT_3D ( 'NONE', #1172, #493, #1013 ) ;
#4866 = CARTESIAN_POINT ( 'NONE',  ( 13.95593510584971675, -52.47660869890356850, -3.673644496083926736 ) ) ;
#4867 = LINE ( 'NONE', #6612, #3576 ) ;
#4868 = CARTESIAN_POINT ( 'NONE',  ( -24.15000000000000213, 4.000000000000000000, 16.73578643762690277 ) ) ;
#4869 = AXIS2_PLACEMENT_3D ( 'NONE', #1410, #4205, #6980 ) ;
#4870 = CARTESIAN_POINT ( 'NONE',  ( 8.827426890859793929, -113.1349086086201368, -6.812094364862277374 ) ) ;
#4871 = VECTOR ( 'NONE', #4018, 1000.000000000000000 ) ;
#4872 = FACE_OUTER_BOUND ( 'NONE', #2549, .T. ) ;
#4873 = ORIENTED_EDGE ( 'NONE', *, *, #3306, .F. ) ;
#4874 = AXIS2_PLACEMENT_3D ( 'NONE', #4633, #5283, #1250 ) ;
#4875 = CARTESIAN_POINT ( 'NONE',  ( 16.48880038113443547, -25.29999999999999361, -10.70892003258337155 ) ) ;
#4876 = ORIENTED_EDGE ( 'NONE', *, *, #7074, .F. ) ;
#4877 = CARTESIAN_POINT ( 'NONE',  ( 8.845190683708940682, -126.6623330566300467, -17.94288384509193435 ) ) ;
#4878 = CARTESIAN_POINT ( 'NONE',  ( 1.535747309886620782, -105.5088912381702215, -0.2097620907072218210 ) ) ;
#4880 = ORIENTED_EDGE ( 'NONE', *, *, #6571, .F. ) ;
#4879 = DIRECTION ( 'NONE',  ( 0.000000000000000000, -0.1736481776669311916, 0.9848077530122079093 ) ) ;
#4881 = VERTEX_POINT ( 'NONE', #187 ) ;
#4882 = CARTESIAN_POINT ( 'NONE',  ( -11.46569542459049273, -100.6175569902503639, -5.268399820644536824 ) ) ;
#4883 = DIRECTION ( 'NONE',  ( 0.7071067811865483499, 0.000000000000000000, 0.7071067811865466846 ) ) ;
#4884 = CARTESIAN_POINT ( 'NONE',  ( 21.73578643762692053, 3.000000000000000000, 24.15000000000000213 ) ) ;
#4885 = CARTESIAN_POINT ( 'NONE',  ( 1.535747309886620782, -105.5088912381702215, -0.2097620907072218210 ) ) ;
#4886 = CARTESIAN_POINT ( 'NONE',  ( -2.850000000000003642, -12.65000000000000036, -27.65000000000000924 ) ) ;
#4887 = LINE ( 'NONE', #4267, #1331 ) ;
#4888 = CARTESIAN_POINT ( 'NONE',  ( 2.134126541890276396, -24.62550905274069990, 20.16234982902093620 ) ) ;
#4889 = EDGE_LOOP ( 'NONE', ( #2396, #384, #5790, #4835 ) ) ;
#4890 = CARTESIAN_POINT ( 'NONE',  ( 7.098861702991178468, -100.5123940125519226, -3.102784513392089494 ) ) ;
#4891 = CARTESIAN_POINT ( 'NONE',  ( -11.59183242110822043, -100.2712669070643585, -5.403749199283711668 ) ) ;
#4892 = EDGE_CURVE ( 'NONE', #1582, #4881, #7069, .T. ) ;
#4893 = CARTESIAN_POINT ( 'NONE',  ( 15.49999999999999112, -10.29999999999999005, 22.15000000000000213 ) ) ;
#4894 = CARTESIAN_POINT ( 'NONE',  ( -21.73578643762691698, 3.000000000000000000, -24.15000000000000213 ) ) ;
#4895 = DIRECTION ( 'NONE',  ( 0.7071067811865483499, 0.000000000000000000, 0.7071067811865466846 ) ) ;
#4896 = CARTESIAN_POINT ( 'NONE',  ( -19.14999999999999858, 2.999999999999999112, -19.14999999999999858 ) ) ;
#4897 = EDGE_CURVE ( 'NONE', #3690, #1655, #672, .T. ) ;
#4898 = ORIENTED_EDGE ( 'NONE', *, *, #906, .T. ) ;
#4899 = CARTESIAN_POINT ( 'NONE',  ( -13.95816785016430472, -126.8852919692769490, -12.76570903004077273 ) ) ;
#4900 = LINE ( 'NONE', #969, #1147 ) ;
#4901 = CARTESIAN_POINT ( 'NONE',  ( 21.73578643762690987, -25.30000000000000071, 24.15000000000000213 ) ) ;
#4902 = DIRECTION ( 'NONE',  ( -0.000000000000000000, -0.000000000000000000, 1.000000000000000000 ) ) ;
#4903 = EDGE_CURVE ( 'NONE', #5873, #2796, #3039, .T. ) ;
#4904 = VECTOR ( 'NONE', #1382, 1000.000000000000000 ) ;
#4905 = CARTESIAN_POINT ( 'NONE',  ( 8.932919495520010855, -118.3377474933082709, -5.511086950373047522 ) ) ;
#4906 = CARTESIAN_POINT ( 'NONE',  ( -2.850000000000001865, -4.649999999999999467, -0.1500000000000042966 ) ) ;
#4907 = CIRCLE ( 'NONE', #181, 1.050000000000000488 ) ;
#4908 = ADVANCED_FACE ( 'NONE', ( #3077 ), #6379, .T. ) ;
#4909 = EDGE_LOOP ( 'NONE', ( #5951, #1817 ) ) ;
#4910 = CARTESIAN_POINT ( 'NONE',  ( -15.68171137296169348, -124.5390602538675324, -24.82304460328879969 ) ) ;
#4911 = ORIENTED_EDGE ( 'NONE', *, *, #504, .T. ) ;
#4912 = CARTESIAN_POINT ( 'NONE',  ( 8.803649322702597146, -129.2926921266186753, -22.50958101839256642 ) ) ;
#4913 = CARTESIAN_POINT ( 'NONE',  ( 5.149999999999995914, -12.65000000000000036, -20.15000000000000213 ) ) ;
#4914 = AXIS2_PLACEMENT_3D ( 'NONE', #1, #1112, #593 ) ;
#4915 = CARTESIAN_POINT ( 'NONE',  ( 14.50582517731645105, -125.6514880907630953, -28.60643822177489781 ) ) ;
#4916 = VERTEX_POINT ( 'NONE', #5333 ) ;
#4917 = CARTESIAN_POINT ( 'NONE',  ( 19.14999999999999503, 4.000000000000000000, 19.14999999999999858 ) ) ;
#4918 = DIRECTION ( 'NONE',  ( 1.000000000000000000, 0.000000000000000000, 0.000000000000000000 ) ) ;
#4919 = CYLINDRICAL_SURFACE ( 'NONE', #7044, 1.050000000000000488 ) ;
#4920 = CARTESIAN_POINT ( 'NONE',  ( 7.667739069953937836, -92.86893040783044739, -2.154038162228964381 ) ) ;
#4921 = CARTESIAN_POINT ( 'NONE',  ( 0.1499999999999954703, 1.999999999999999112, -29.15000000000000568 ) ) ;
#4922 = CARTESIAN_POINT ( 'NONE',  ( -5.850000000000003197, 2.999999999999999112, -29.15000000000000568 ) ) ;
#4923 = AXIS2_PLACEMENT_3D ( 'NONE', #957, #1029, #5477 ) ;
#4924 = CARTESIAN_POINT ( 'NONE',  ( 2.139238415606171007, -25.17378638948027358, 19.65361897765244592 ) ) ;
#4925 = ORIENTED_EDGE ( 'NONE', *, *, #699, .T. ) ;
#4926 = CARTESIAN_POINT ( 'NONE',  ( 7.644730694606232113, -102.3773860806561657, -1.784839703155427726 ) ) ;
#4927 = CARTESIAN_POINT ( 'NONE',  ( -11.20693704141983460, -96.79515230739582421, -3.906127047509701189 ) ) ;
#4928 = LINE ( 'NONE', #4893, #4093 ) ;
#4929 = VECTOR ( 'NONE', #2122, 1000.000000000000000 ) ;
#4930 = AXIS2_PLACEMENT_3D ( 'NONE', #5270, #4722, #6910 ) ;
#4931 = FACE_OUTER_BOUND ( 'NONE', #5565, .T. ) ;
#4932 = CARTESIAN_POINT ( 'NONE',  ( 7.603836922901601625, -121.4277792829325620, -5.167859575898927638 ) ) ;
#4933 = CARTESIAN_POINT ( 'NONE',  ( -2.850000000000003642, -12.65000000000000036, -26.65000000000000568 ) ) ;
#4934 = EDGE_CURVE ( 'NONE', #2365, #3999, #3565, .T. ) ;
#4935 = ORIENTED_EDGE ( 'NONE', *, *, #4016, .T. ) ;
#4936 = CARTESIAN_POINT ( 'NONE',  ( -7.281064604691043662, -92.54216888031820076, -1.822857601438285124 ) ) ;
#4937 = DIRECTION ( 'NONE',  ( 0.5000000000000001110, 0.8660254037844385966, -0.000000000000000000 ) ) ;
#4938 = CARTESIAN_POINT ( 'NONE',  ( 15.66805555555537310, -9.466695602354620931, 25.15000000000000213 ) ) ;
#4939 = DIRECTION ( 'NONE',  ( 0.000000000000000000, 0.000000000000000000, 1.000000000000000000 ) ) ;
#4940 = AXIS2_PLACEMENT_3D ( 'NONE', #6377, #6410, #3003 ) ;
#4941 = CARTESIAN_POINT ( 'NONE',  ( 1.425699293011988722, -120.5974210909789406, -2.819144330357743033 ) ) ;
#4942 = CARTESIAN_POINT ( 'NONE',  ( -0.9309155375248676645, -25.03986531082745870, -24.84254897095450687 ) ) ;
#4943 = VERTEX_POINT ( 'NONE', #1371 ) ;
#4944 = EDGE_CURVE ( 'NONE', #3708, #4477, #2208, .T. ) ;
#4945 = DATE_TIME_ROLE ( 'classification_date' ) ;
#4946 = LINE ( 'NONE', #7210, #6415 ) ;
#4947 = VERTEX_POINT ( 'NONE', #1264 ) ;
#4948 = CARTESIAN_POINT ( 'NONE',  ( 6.138299523534556990, -127.7503298652544146, -37.10962089635455641 ) ) ;
#4949 = TOROIDAL_SURFACE ( 'NONE', #4132, 8.999999999999998224, 5.000000000000000000 ) ;
#4950 = CARTESIAN_POINT ( 'NONE',  ( 17.64999999999998792, -10.29999999999999005, 25.15000000000000213 ) ) ;
#4951 = EDGE_CURVE ( 'NONE', #6964, #2320, #5397, .T. ) ;
#4952 = CARTESIAN_POINT ( 'NONE',  ( -5.335690480838821692, -132.1762441927217822, -28.62119131644546854 ) ) ;
#4953 = ORIENTED_EDGE ( 'NONE', *, *, #743, .T. ) ;
#4954 = EDGE_CURVE ( 'NONE', #674, #6609, #6905, .T. ) ;
#4955 = CARTESIAN_POINT ( 'NONE',  ( -12.95000000000000462, -12.64999999999999858, -28.15000000000000213 ) ) ;
#4956 = DIRECTION ( 'NONE',  ( -0.000000000000000000, 1.000000000000000000, 0.000000000000000000 ) ) ;
#4957 = CARTESIAN_POINT ( 'NONE',  ( 5.149999999999998579, -12.65000000000000391, -0.1500000000000042966 ) ) ;
#4958 = CARTESIAN_POINT ( 'NONE',  ( 7.818107280003587789, -93.02539958041816703, -2.297826694976151440 ) ) ;
#4959 = LINE ( 'NONE', #6060, #173 ) ;
#4960 = LINE ( 'NONE', #3149, #6476 ) ;
#4961 = EDGE_LOOP ( 'NONE', ( #4540, #3018, #3667 ) ) ;
#4962 = CIRCLE ( 'NONE', #6389, 1.050000000000000933 ) ;
#4963 = CARTESIAN_POINT ( 'NONE',  ( 6.403330855911824493, -102.9228767819049040, -1.170272428535862552 ) ) ;
#4964 = CARTESIAN_POINT ( 'NONE',  ( 0.1499999999999958311, 1.024794331177345086, -25.15000000000000568 ) ) ;
#4965 = CARTESIAN_POINT ( 'NONE',  ( 12.35400434867277220, -96.24391167566618321, -5.980012187879036212 ) ) ;
#4966 = CARTESIAN_POINT ( 'NONE',  ( -21.73578643762691698, 3.000000000000000000, -24.14999999999999858 ) ) ;
#4967 = CARTESIAN_POINT ( 'NONE',  ( 9.517290952957024430, -120.1660901182040817, -6.444771565619970666 ) ) ;
#4968 = DIRECTION ( 'NONE',  ( 0.000000000000000000, 0.000000000000000000, 1.000000000000000000 ) ) ;
#4969 = B_SPLINE_CURVE_WITH_KNOTS ( 'NONE', 3,
 ( #5551, #3299, #2745, #7084, #1445, #2006, #4271, #3709 ),
 .UNSPECIFIED., .F., .F.,
 ( 4, 2, 2, 4 ),
 ( 0.000000000000000000, 0.002308693123401951101, 0.003463039685102926868, 0.004617386246803902201 ),
 .UNSPECIFIED. ) ;
#4970 = VERTEX_POINT ( 'NONE', #707 ) ;
#4971 = CARTESIAN_POINT ( 'NONE',  ( 8.694818880241239611, -129.5638867207884743, -23.03088718381098232 ) ) ;
#4972 = DIRECTION ( 'NONE',  ( 0.000000000000000000, -1.000000000000000000, 0.000000000000000000 ) ) ;
#4973 = DIRECTION ( 'NONE',  ( -1.000000000000000000, 0.000000000000000000, 6.897508850802415061E-17 ) ) ;
#4974 = CARTESIAN_POINT ( 'NONE',  ( 6.771227517611221991, -109.0416061349507402, -4.415106443034851225 ) ) ;
#4975 = ADVANCED_FACE ( 'NONE', ( #5228, #5432 ), #5396, .F. ) ;
#4976 = DIRECTION ( 'NONE',  ( 1.000000000000000000, 0.000000000000000000, 0.000000000000000000 ) ) ;
#4977 = CARTESIAN_POINT ( 'NONE',  ( 25.14999999999999503, 2.999999999999999112, -21.73578643762692408 ) ) ;
#4978 = VERTEX_POINT ( 'NONE', #4336 ) ;
#4979 = AXIS2_PLACEMENT_3D ( 'NONE', #1818, #2959, #4566 ) ;
#4980 = ORIENTED_EDGE ( 'NONE', *, *, #6073, .F. ) ;
#4981 = CARTESIAN_POINT ( 'NONE',  ( 2.287095949139934969, -132.8549544788538981, -30.25243512051073935 ) ) ;
#4982 = CARTESIAN_POINT ( 'NONE',  ( 1.125282703498181824, -105.3625909178928737, -4.185955625130453939 ) ) ;
#4983 = B_SPLINE_CURVE_WITH_KNOTS ( 'NONE', 3,
 ( #7288, #2219, #4483, #6093, #4988, #7215, #6131, #5537, #1016, #1055, #3287, #6737, #2731, #1660, #3886, #3928, #461, #4952, #7251, #2178, #3325, #2697, #2142, #4407, #497, #4441, #4275, #7197, #5998, #3156 ),
 .UNSPECIFIED., .F., .F.,
 ( 4, 2, 2, 2, 2, 2, 2, 2, 2, 2, 2, 2, 2, 2, 4 ),
 ( 0.000000000000000000, 0.002507140787054113005, 0.005014281574108226010, 0.006267851967635283163, 0.007521422361162339448, 0.01002856314821648845, 0.01128213354174354560, 0.01253570393527060622, 0.01378927432879766338, 0.01504284472232472400, 0.01629641511585178115, 0.01692320031261532187, 0.01754998550937886259, 0.01880355590290592668, 0.02005712629643299424 ),
 .UNSPECIFIED. ) ;
#4984 = EDGE_CURVE ( 'NONE', #245, #3878, #6591, .T. ) ;
#4985 = VECTOR ( 'NONE', #892, 1000.000000000000000 ) ;
#4986 = FACE_OUTER_BOUND ( 'NONE', #1890, .T. ) ;
#4987 = CIRCLE ( 'NONE', #6298, 0.9999999999999988898 ) ;
#4988 = CARTESIAN_POINT ( 'NONE',  ( -9.040617360058693208, -128.1791747391548313, -20.45912303437426161 ) ) ;
#4989 = ORIENTED_EDGE ( 'NONE', *, *, #3327, .T. ) ;
#4990 = CARTESIAN_POINT ( 'NONE',  ( -1.122712165820058993E-14, -31.16824088833465467, -15.40923400202533955 ) ) ;
#4991 = CARTESIAN_POINT ( 'NONE',  ( -13.32258745125434984, -25.29999999999999716, -4.714796575701013737 ) ) ;
#4992 = AXIS2_PLACEMENT_3D ( 'NONE', #2798, #5051, #2246 ) ;
#4993 = CARTESIAN_POINT ( 'NONE',  ( -21.15000000000000213, -20.30000000000000071, 20.15000000000000213 ) ) ;
#4994 = CARTESIAN_POINT ( 'NONE',  ( 8.149999999999998579, -12.64999999999999858, -30.15000000000000568 ) ) ;
#4995 = ADVANCED_FACE ( 'NONE', ( #3776 ), #4299, .T. ) ;
#4996 = DIRECTION ( 'NONE',  ( -1.000000000000000000, 0.000000000000000000, 0.000000000000000000 ) ) ;
#4997 = CARTESIAN_POINT ( 'NONE',  ( -10.82188734042906653, -118.6133161019566842, -7.589643493864902446 ) ) ;
#4998 = CARTESIAN_POINT ( 'NONE',  ( -3.927995359120559538E-14, -128.2538096520875968, -4.096094079701127377 ) ) ;
#4999 = CARTESIAN_POINT ( 'NONE',  ( 5.149999999999995914, -12.65000000000000036, -28.15000000000000213 ) ) ;
#5000 = ORIENTED_EDGE ( 'NONE', *, *, #1144, .F. ) ;
#5001 = CARTESIAN_POINT ( 'NONE',  ( 12.47499999999973674, -10.30000000000010019, 25.94999999999999929 ) ) ;
#5002 = CARTESIAN_POINT ( 'NONE',  ( 22.44289321881346311, -24.29999999999999716, 24.85710678118654471 ) ) ;
#5003 = CARTESIAN_POINT ( 'NONE',  ( -8.770070996755645609, -112.1120131745111195, -6.564688976444423396 ) ) ;
#5004 = CARTESIAN_POINT ( 'NONE',  ( -2.119929546463935388, -122.8316077945144968, -3.296041557310037007 ) ) ;
#5005 = CARTESIAN_POINT ( 'NONE',  ( 5.952763778229033242, -122.1019793012948753, -4.343613116190569556 ) ) ;
#5006 = DIRECTION ( 'NONE',  ( -0.000000000000000000, -0.000000000000000000, 1.000000000000000000 ) ) ;
#5007 = ORIENTED_EDGE ( 'NONE', *, *, #1971, .F. ) ;
#5008 = CARTESIAN_POINT ( 'NONE',  ( 4.005069024957709445, -132.5760431362454881, -29.56985192703112730 ) ) ;
#5009 = CARTESIAN_POINT ( 'NONE',  ( 10.64999999999996838, -3.299999999999976730, 20.15000000000000213 ) ) ;
#5010 = CARTESIAN_POINT ( 'NONE',  ( -25.15000000000000213, -25.30000000000000071, 25.15000000000000213 ) ) ;
#5011 = DIRECTION ( 'NONE',  ( 1.301042606982605124E-15, 1.000000000000000000, 0.000000000000000000 ) ) ;
#5012 = AXIS2_PLACEMENT_3D ( 'NONE', #4747, #4645, #6900 ) ;
#5013 = DIRECTION ( 'NONE',  ( -8.673617379884026597E-16, -1.000000000000000000, 3.592729953582990173E-16 ) ) ;
#5014 = DIRECTION ( 'NONE',  ( 1.000000000000000000, 0.000000000000000000, 0.000000000000000000 ) ) ;
#5015 = ORIENTED_EDGE ( 'NONE', *, *, #2300, .F. ) ;
#5016 = PERSON_AND_ORGANIZATION ( #5371, #4054 ) ;
#5017 = VECTOR ( 'NONE', #3334, 1000.000000000000000 ) ;
#5018 = CARTESIAN_POINT ( 'NONE',  ( 11.90180753392960256, -126.7378791495519579, -32.76734271001225807 ) ) ;
#5019 = DIRECTION ( 'NONE',  ( -0.2055046054402195899, 0.9786561485745949307, 0.000000000000000000 ) ) ;
#5020 = DIRECTION ( 'NONE',  ( 1.000000000000000000, 0.000000000000000000, 0.000000000000000000 ) ) ;
#5021 = CONICAL_SURFACE ( 'NONE', #652, 23.99999999999995737, 0.7853981633974469467 ) ;
#5022 = AXIS2_PLACEMENT_3D ( 'NONE', #1625, #3292, #4570 ) ;
#5023 = CARTESIAN_POINT ( 'NONE',  ( -10.85000000000000320, -12.64999999999999858, -30.15000000000000568 ) ) ;
#5024 = DIRECTION ( 'NONE',  ( -0.000000000000000000, -0.000000000000000000, -1.000000000000000000 ) ) ;
#5025 = EDGE_LOOP ( 'NONE', ( #4193, #3783, #6915, #855 ) ) ;
#5026 = CARTESIAN_POINT ( 'NONE',  ( -12.34695876813576376, -95.24896852108645362, -5.791161911539353113 ) ) ;
#5027 = EDGE_CURVE ( 'NONE', #756, #2079, #4020, .T. ) ;
#5028 = LINE ( 'NONE', #2222, #6962 ) ;
#5029 = CARTESIAN_POINT ( 'NONE',  ( -20.15000000000000213, -20.30000000000000071, 20.15000000000000213 ) ) ;
#5030 = CARTESIAN_POINT ( 'NONE',  ( -3.809063908203549786, -25.29999999999999716, -24.20072284017005515 ) ) ;
#5031 = FACE_BOUND ( 'NONE', #5625, .T. ) ;
#5032 = CARTESIAN_POINT ( 'NONE',  ( -5.351049074793762905, -0.9128948310656346266, -29.02503307188797166 ) ) ;
#5033 = ORIENTED_EDGE ( 'NONE', *, *, #1839, .F. ) ;
#5034 = CARTESIAN_POINT ( 'NONE',  ( 1.924921556074730928E-14, -30.29999999999999361, 18.25293848457193135 ) ) ;
#5035 = EDGE_CURVE ( 'NONE', #3388, #420, #2809, .T. ) ;
#5036 = DIRECTION ( 'NONE',  ( -6.897508850802415061E-17, 0.000000000000000000, -1.000000000000000000 ) ) ;
#5037 =( BOUNDED_SURFACE ( )  B_SPLINE_SURFACE ( 3, 2, ( 
 ( #994, #3711, #3268 ),
 ( #5515, #6676, #440 ),
 ( #2712, #3153, #5409 ),
 ( #6108, #5374, #335 ),
 ( #7122, #4309, #1252 ),
 ( #100, #1780, #5797 ),
 ( #3586, #5248, #691 ),
 ( #4706, #1919, #6923 ),
 ( #5212, #2443, #2412 ),
 ( #797, #760, #1319 ),
 ( #3623, #62, #134 ),
 ( #2992, #5284, #6364 ),
 ( #3515, #2340, #4113 ),
 ( #2375, #1888, #2956 ),
 ( #6855, #1816, #5832 ),
 ( #2923, #170, #3483 ),
 ( #3065, #4075, #6961 ),
 ( #4672, #1849, #3026 ),
 ( #6327, #4041, #5765 ),
 ( #1289, #5866, #3552 ),
 ( #724, #6432, #4602 ),
 ( #4146, #655, #6397 ),
 ( #6287, #209, #2478 ),
 ( #4737, #1214, #6995 ),
 ( #4186, #1355, #4635 ),
 ( #6890, #5731, #5179 ),
 ( #7032, #5384, #3724 ),
 ( #4870, #5457, #4358 ),
 ( #5419, #1392, #6615 ),
 ( #934, #5351, #2616 ),
 ( #4834, #7095, #2511 ),
 ( #1987, #3168, #305 ),
 ( #3129, #344, #3688 ),
 ( #5320, #1423, #5900 ),
 ( #4251, #382, #859 ),
 ( #5968, #972, #5933 ),
 ( #6578, #4771, #4218 ),
 ( #2018, #4905, #1953 ),
 ( #2581, #6007, #244 ),
 ( #2652, #275, #4285 ),
 ( #6502, #3203, #895 ),
 ( #3658, #6538, #1496 ),
 ( #7136, #1459, #2057 ),
 ( #3796, #4322, #3763 ),
 ( #6469, #7171, #830 ),
 ( #3099, #2094, #1536 ),
 ( #2546, #6044, #4799 ),
 ( #7061, #2801, #5605 ),
 ( #6729, #4432, #6687 ),
 ( #3277, #4941, #1651 ) ),
 .UNSPECIFIED., .F., .F., .T. ) 
 B_SPLINE_SURFACE_WITH_KNOTS ( ( 4, 2, 2, 2, 2, 2, 2, 2, 2, 2, 2, 2, 2, 2, 2, 2, 2, 2, 2, 2, 2, 2, 2, 2, 4 ),
 ( 3, 3 ),
 ( 0.03166054035913228731, 0.03363932413157900980, 0.03561810790402572535, 0.03759689167647244090, 0.03858628356269579868, 0.03957567544891915645, 0.04056506733514251423, 0.04155445922136587200, 0.04353324299381259449, 0.04452263488003595227, 0.04551202676625931698, 0.04650141865248267475, 0.04749081053870603253, 0.04848020242492939030, 0.04946959431115274808, 0.05144837808359946363, 0.05243776996982282140, 0.05342716185604617918, 0.05540594562849290167, 0.05738472940093962416, 0.05837412128716298193, 0.05936351317338633971, 0.06035290505960969748, 0.06134229694583305526, 0.06332108071827977080 ),
 ( 0.000000000000000000, 1.000000000000000000 ),
 .UNSPECIFIED. ) 
 GEOMETRIC_REPRESENTATION_ITEM ( )  RATIONAL_B_SPLINE_SURFACE ( (
 ( 1.000000000000000000, 0.8655553264662602109, 1.000000000000000000),
 ( 1.000000000000000000, 0.8645648091151326708, 1.000000000000000000),
 ( 1.000000000000000000, 0.8644500860825782285, 1.000000000000000000),
 ( 1.000000000000000000, 0.8659129328654061597, 1.000000000000000000),
 ( 1.000000000000000000, 0.8674850642144946722, 1.000000000000000000),
 ( 1.000000000000000000, 0.8715167522999702765, 1.000000000000000000),
 ( 1.000000000000000000, 0.8738719944846189414, 1.000000000000000000),
 ( 1.000000000000000000, 0.8768844555149515330, 1.000000000000000000),
 ( 1.000000000000000000, 0.8778048279380383789, 1.000000000000000000),
 ( 1.000000000000000000, 0.8792771241138628291, 1.000000000000000000),
 ( 1.000000000000000000, 0.8798212941316269076, 1.000000000000000000),
 ( 1.000000000000000000, 0.8804298881092890161, 1.000000000000000000),
 ( 1.000000000000000000, 0.8804941827428229839, 1.000000000000000000),
 ( 1.000000000000000000, 0.8800978395538210375, 1.000000000000000000),
 ( 1.000000000000000000, 0.8796300087732114026, 1.000000000000000000),
 ( 1.000000000000000000, 0.8775213463583179108, 1.000000000000000000),
 ( 1.000000000000000000, 0.8751753297281584798, 1.000000000000000000),
 ( 1.000000000000000000, 0.8710794458138824137, 1.000000000000000000),
 ( 1.000000000000000000, 0.8696339895188941460, 1.000000000000000000),
 ( 1.000000000000000000, 0.8668062766966809773, 1.000000000000000000),
 ( 1.000000000000000000, 0.8654175626765420182, 1.000000000000000000),
 ( 1.000000000000000000, 0.8628544307460835894, 1.000000000000000000),
 ( 1.000000000000000000, 0.8616759650741308008, 1.000000000000000000),
 ( 1.000000000000000000, 0.8596991267440781126, 1.000000000000000000),
 ( 1.000000000000000000, 0.8589068807986047771, 1.000000000000000000),
 ( 1.000000000000000000, 0.8577906276082581938, 1.000000000000000000),
 ( 1.000000000000000000, 0.8574665668287667630, 1.000000000000000000),
 ( 1.000000000000000000, 0.8573250586133948081, 1.000000000000000000),
 ( 1.000000000000000000, 0.8575104802480024713, 1.000000000000000000),
 ( 1.000000000000000000, 0.8588077024384161984, 1.000000000000000000),
 ( 1.000000000000000000, 0.8606544083416346469, 1.000000000000000000),
 ( 1.000000000000000000, 0.8642820270447315600, 1.000000000000000000),
 ( 1.000000000000000000, 0.8656354567935962141, 1.000000000000000000),
 ( 1.000000000000000000, 0.8684489570902045319, 1.000000000000000000),
 ( 1.000000000000000000, 0.8698885436854700837, 1.000000000000000000),
 ( 1.000000000000000000, 0.8740425953513151214, 1.000000000000000000),
 ( 1.000000000000000000, 0.8765857020903109476, 1.000000000000000000),
 ( 1.000000000000000000, 0.8799434196309350309, 1.000000000000000000),
 ( 1.000000000000000000, 0.8806556848886404332, 1.000000000000000000),
 ( 1.000000000000000000, 0.8801694566909085138, 1.000000000000000000),
 ( 1.000000000000000000, 0.8797503562709051428, 1.000000000000000000),
 ( 1.000000000000000000, 0.8784988846929150386, 1.000000000000000000),
 ( 1.000000000000000000, 0.8776747989384561244, 1.000000000000000000),
 ( 1.000000000000000000, 0.8757880644688729177, 1.000000000000000000),
 ( 1.000000000000000000, 0.8747256551104549693, 1.000000000000000000),
 ( 1.000000000000000000, 0.8725347997228891650, 1.000000000000000000),
 ( 1.000000000000000000, 0.8714074106322839963, 1.000000000000000000),
 ( 1.000000000000000000, 0.8682727614621802426, 1.000000000000000000),
 ( 1.000000000000000000, 0.8664917827416651619, 1.000000000000000000),
 ( 1.000000000000000000, 0.8655334644490567664, 1.000000000000000000) ) ) 
 REPRESENTATION_ITEM ( '' )  SURFACE ( )  );
#5038 = VERTEX_POINT ( 'NONE', #6551 ) ;
#5039 = DIRECTION ( 'NONE',  ( 1.000000000000000000, 0.000000000000000000, 0.000000000000000000 ) ) ;
#5040 = CARTESIAN_POINT ( 'NONE',  ( -7.094458424093434523, -92.41503125816342390, -1.679082606221713236 ) ) ;
#5041 = CARTESIAN_POINT ( 'NONE',  ( -11.14707398822894113, -111.9347931355394223, -6.507728588152937199 ) ) ;
#5042 = EDGE_CURVE ( 'NONE', #2079, #5428, #681, .T. ) ;
#5043 = CARTESIAN_POINT ( 'NONE',  ( 1.575395784897450913, -122.8691261068933045, -3.236921502940004913 ) ) ;
#5044 = CARTESIAN_POINT ( 'NONE',  ( 11.69999999999996909, -3.299999999999976730, 15.15000000000000213 ) ) ;
#5045 = PLANE ( 'NONE',  #98 ) ;
#5046 = EDGE_LOOP ( 'NONE', ( #3021, #1185 ) ) ;
#5047 = DIRECTION ( 'NONE',  ( 1.000000000000000000, 0.000000000000000000, 0.000000000000000000 ) ) ;
#5048 = CARTESIAN_POINT ( 'NONE',  ( 7.955512851622697390, -91.20323853539855463, -0.01783002187265910268 ) ) ;
#5049 = ORIENTED_EDGE ( 'NONE', *, *, #5035, .T. ) ;
#5050 = CARTESIAN_POINT ( 'NONE',  ( -9.800000000000000711, -12.64999999999999858, -0.1500000000000043798 ) ) ;
#5051 = DIRECTION ( 'NONE',  ( -0.7071067811865483499, -0.000000000000000000, -0.7071067811865466846 ) ) ;
#5052 = CIRCLE ( 'NONE', #1014, 1.050000000000000488 ) ;
#5053 = DIRECTION ( 'NONE',  ( -1.000000000000000000, -0.000000000000000000, 0.000000000000000000 ) ) ;
#5054 = CIRCLE ( 'NONE', #794, 1.000000000000000000 ) ;
#5055 = AXIS2_PLACEMENT_3D ( 'NONE', #7208, #452, #489 ) ;
#5056 = FACE_OUTER_BOUND ( 'NONE', #5757, .T. ) ;
#5057 = VERTEX_POINT ( 'NONE', #945 ) ;
#5058 = ORIENTED_EDGE ( 'NONE', *, *, #2104, .F. ) ;
#5059 = VECTOR ( 'NONE', #7075, 1000.000000000000000 ) ;
#5060 = ORIENTED_EDGE ( 'NONE', *, *, #142, .T. ) ;
#5061 = CARTESIAN_POINT ( 'NONE',  ( 5.610878862190610938, -132.0710505709618872, -28.37610353692703313 ) ) ;
#5062 = CARTESIAN_POINT ( 'NONE',  ( 2.146476370910897380, -24.29999999999999716, -17.06810879488232757 ) ) ;
#5063 = CARTESIAN_POINT ( 'NONE',  ( 24.14999999999999147, 3.000000000000000000, 1.665748387468782007E-15 ) ) ;
#5064 = VECTOR ( 'NONE', #4646, 1000.000000000000000 ) ;
#5065 = CARTESIAN_POINT ( 'NONE',  ( -7.434145078693872755, -24.83582053049017446, -25.00350289678857152 ) ) ;
#5066 = ORIENTED_EDGE ( 'NONE', *, *, #4806, .F. ) ;
#5067 = AXIS2_PLACEMENT_3D ( 'NONE', #7060, #2615, #971 ) ;
#5068 = LINE ( 'NONE', #7331, #5456 ) ;
#5069 = CARTESIAN_POINT ( 'NONE',  ( -9.251574508425695953, -30.95412123471209753, -11.86563261161942684 ) ) ;
#5070 = PLANE ( 'NONE',  #4792 ) ;
#5071 = CARTESIAN_POINT ( 'NONE',  ( -0.8500000000000044187, 1.999999999999999112, -28.15000000000000568 ) ) ;
#5072 = CARTESIAN_POINT ( 'NONE',  ( 17.64999999999998792, -10.29999999999999005, 25.15000000000000213 ) ) ;
#5073 = EDGE_CURVE ( 'NONE', #4947, #1150, #4230, .T. ) ;
#5074 = CARTESIAN_POINT ( 'NONE',  ( -11.28075010426412206, -117.7982940658532272, -8.046290551280621983 ) ) ;
#5075 = VERTEX_POINT ( 'NONE', #3218 ) ;
#5076 = CARTESIAN_POINT ( 'NONE',  ( 24.14999999999999147, -25.30000000000000071, 22.14999999999999147 ) ) ;
#5077 = DIRECTION ( 'NONE',  ( 1.000000000000000000, 0.000000000000000000, 0.000000000000000000 ) ) ;
#5078 = ORIENTED_EDGE ( 'NONE', *, *, #2050, .F. ) ;
#5079 = DIRECTION ( 'NONE',  ( -2.595324257062149123E-16, -1.000000000000000000, 0.000000000000000000 ) ) ;
#5080 = CARTESIAN_POINT ( 'NONE',  ( -3.093201365819587600, -90.47974024640022606, 2.223800329423178290 ) ) ;
#5081 = CARTESIAN_POINT ( 'NONE',  ( -4.554299342841547471, -108.3453691615010968, -3.321439812674256142 ) ) ;
#5082 = ADVANCED_FACE ( 'NONE', ( #4371 ), #913, .T. ) ;
#5083 = CARTESIAN_POINT ( 'NONE',  ( -3.142840681149645210, -120.4582309599568646, -3.073905767977761716 ) ) ;
#5084 = LINE ( 'NONE', #634, #5108 ) ;
#5085 = CIRCLE ( 'NONE', #1183, 2.149999999999999023 ) ;
#5086 = CARTESIAN_POINT ( 'NONE',  ( -12.64911064067356605, -118.4824174576203291, -10.49654689181841150 ) ) ;
#5087 = EDGE_CURVE ( 'NONE', #3700, #4916, #4127, .T. ) ;
#5088 = ORIENTED_EDGE ( 'NONE', *, *, #6151, .T. ) ;
#5089 = CARTESIAN_POINT ( 'NONE',  ( 8.397444582301657690, -130.1166155311003934, -24.12063597162307715 ) ) ;
#5090 = CARTESIAN_POINT ( 'NONE',  ( 0.2438719614891733389, -90.42464650987344044, 2.597181102590297108 ) ) ;
#5091 = ORIENTED_EDGE ( 'NONE', *, *, #5709, .T. ) ;
#5092 = LINE ( 'NONE', #5526, #4364 ) ;
#5093 = CARTESIAN_POINT ( 'NONE',  ( 19.14999999999999503, -20.30000000000000071, -20.15000000000000213 ) ) ;
#5094 = EDGE_CURVE ( 'NONE', #1401, #6964, #693, .T. ) ;
#5095 = DIRECTION ( 'NONE',  ( -6.897508850802415061E-17, 0.000000000000000000, -1.000000000000000000 ) ) ;
#5096 = ORIENTED_EDGE ( 'NONE', *, *, #2633, .T. ) ;
#5097 = ORIENTED_EDGE ( 'NONE', *, *, #3005, .T. ) ;
#5098 = ORIENTED_EDGE ( 'NONE', *, *, #2880, .T. ) ;
#5099 = ORIENTED_EDGE ( 'NONE', *, *, #3177, .T. ) ;
#5100 = CARTESIAN_POINT ( 'NONE',  ( 3.836406875832190533, -127.9192079492811587, -37.88411638053998587 ) ) ;
#5101 = DIRECTION ( 'NONE',  ( 2.812538085595988943E-16, 0.9848077530122080203, 0.1736481776669306643 ) ) ;
#5102 = CARTESIAN_POINT ( 'NONE',  ( 24.14999999999999503, -25.30000000000000071, -21.73578643762691343 ) ) ;
#5103 = CYLINDRICAL_SURFACE ( 'NONE', #2477, 1.000000000000000888 ) ;
#5104 = ORIENTED_EDGE ( 'NONE', *, *, #5269, .F. ) ;
#5105 = CARTESIAN_POINT ( 'NONE',  ( 2.249999999999996003, -12.65000000000000036, -29.15000000000000568 ) ) ;
#5106 = CARTESIAN_POINT ( 'NONE',  ( -2.892140031015802304, -88.21070575923381796, 2.661937042317269242 ) ) ;
#5107 = CARTESIAN_POINT ( 'NONE',  ( -8.539857086085723026, -30.99034495117262722, -12.46512177498486551 ) ) ;
#5108 = VECTOR ( 'NONE', #81, 1000.000000000000000 ) ;
#5109 = CARTESIAN_POINT ( 'NONE',  ( 2.146476370910902265, 2.999999999999999112, 22.14999999999998082 ) ) ;
#5110 = CARTESIAN_POINT ( 'NONE',  ( 3.146476370910904485, 3.000000000000000000, 21.73578643762688500 ) ) ;
#5111 = CIRCLE ( 'NONE', #1320, 2.099999999999996980 ) ;
#5112 = DIRECTION ( 'NONE',  ( 0.000000000000000000, 0.000000000000000000, 1.000000000000000000 ) ) ;
#5113 = CIRCLE ( 'NONE', #4760, 1.000000000000000888 ) ;
#5114 = CARTESIAN_POINT ( 'NONE',  ( -5.721680551098301315, -0.9985538927166482948, -28.65745221660035824 ) ) ;
#5115 = VERTEX_POINT ( 'NONE', #5504 ) ;
#5116 = AXIS2_PLACEMENT_3D ( 'NONE', #3914, #4973, #7320 ) ;
#5117 = DIRECTION ( 'NONE',  ( -6.897508850802415061E-17, 0.000000000000000000, -1.000000000000000000 ) ) ;
#5118 = CARTESIAN_POINT ( 'NONE',  ( -4.798213089479255622, -25.01085653044331991, -24.87251602245052240 ) ) ;
#5119 = CARTESIAN_POINT ( 'NONE',  ( -7.572763736813159952, -92.78114400983828602, -2.068795781912430520 ) ) ;
#5120 = CARTESIAN_POINT ( 'NONE',  ( -9.126810173999993836, -106.2270907197523115, -3.640845273117461200 ) ) ;
#5121 = CARTESIAN_POINT ( 'NONE',  ( -8.506854249492382891, -6.993145750507621550, -0.1500000000000042966 ) ) ;
#5122 = DIRECTION ( 'NONE',  ( -0.000000000000000000, -0.000000000000000000, -1.000000000000000000 ) ) ;
#5123 = CARTESIAN_POINT ( 'NONE',  ( -7.765146931959064247, -127.5646226314206757, -36.27546279144126373 ) ) ;
#5124 = ORIENTED_EDGE ( 'NONE', *, *, #1839, .T. ) ;
#5125 = EDGE_CURVE ( 'NONE', #1808, #2858, #2701, .T. ) ;
#5126 = DIRECTION ( 'NONE',  ( 0.000000000000000000, 0.000000000000000000, -1.000000000000000000 ) ) ;
#5127 = CARTESIAN_POINT ( 'NONE',  ( 7.885592439911416562, -88.93283096326850057, 0.3756354592431848105 ) ) ;
#5128 = EDGE_LOOP ( 'NONE', ( #1135, #4187, #6768 ) ) ;
#5129 = CARTESIAN_POINT ( 'NONE',  ( 7.337603887774155176, -109.4005653406755414, -4.833511752034758580 ) ) ;
#5130 = DIRECTION ( 'NONE',  ( 1.000000000000000000, 0.000000000000000000, -0.000000000000000000 ) ) ;
#5131 = EDGE_CURVE ( 'NONE', #5115, #6951, #840, .T. ) ;
#5132 = CARTESIAN_POINT ( 'NONE',  ( -2.850000000000004086, -12.65000000000000036, -25.15000000000000568 ) ) ;
#5133 = ORIENTED_EDGE ( 'NONE', *, *, #3323, .T. ) ;
#5134 = ORIENTED_EDGE ( 'NONE', *, *, #2916, .T. ) ;
#5135 = EDGE_LOOP ( 'NONE', ( #7097, #3033, #5440, #6244 ) ) ;
#5136 = ORIENTED_EDGE ( 'NONE', *, *, #2249, .T. ) ;
#5137 = EDGE_CURVE ( 'NONE', #6856, #8, #5363, .T. ) ;
#5138 = CARTESIAN_POINT ( 'NONE',  ( -13.52598191335341937, -126.1664119313979029, -30.51633243000596352 ) ) ;
#5139 = CARTESIAN_POINT ( 'NONE',  ( -2.850000000000003642, -12.65000000000000036, -26.65000000000000568 ) ) ;
#5140 = CARTESIAN_POINT ( 'NONE',  ( -2.850000000000004086, -12.65000000000000036, -30.15000000000000568 ) ) ;
#5141 = EDGE_CURVE ( 'NONE', #5873, #5586, #210, .T. ) ;
#5142 = CARTESIAN_POINT ( 'NONE',  ( -8.040382896263537305, -23.47858122633692801, -25.55203349848247285 ) ) ;
#5143 = EDGE_LOOP ( 'NONE', ( #2611, #4551, #1621, #6201 ) ) ;
#5144 = FACE_OUTER_BOUND ( 'NONE', #6533, .T. ) ;
#5145 = DIRECTION ( 'NONE',  ( -0.000000000000000000, -1.000000000000000000, 0.000000000000000000 ) ) ;
#5146 = CARTESIAN_POINT ( 'NONE',  ( -19.00000000000001066, -25.29999999999999361, 0.2225636685740074172 ) ) ;
#5147 = DIRECTION ( 'NONE',  ( 0.000000000000000000, -1.000000000000000000, -0.000000000000000000 ) ) ;
#5148 = DIRECTION ( 'NONE',  ( 0.000000000000000000, 0.000000000000000000, 1.000000000000000000 ) ) ;
#5149 = AXIS2_PLACEMENT_3D ( 'NONE', #6825, #5147, #2262 ) ;
#5150 = DIRECTION ( 'NONE',  ( 1.000000000000000000, 0.000000000000000000, -0.000000000000000000 ) ) ;
#5151 = CARTESIAN_POINT ( 'NONE',  ( -2.410272092308689107, -122.8014123853872519, -3.342549331634399934 ) ) ;
#5152 = VECTOR ( 'NONE', #2757, 1000.000000000000000 ) ;
#5153 = EDGE_LOOP ( 'NONE', ( #1631, #1833, #6471, #318 ) ) ;
#5154 = DIRECTION ( 'NONE',  ( 0.000000000000000000, 0.000000000000000000, 1.000000000000000000 ) ) ;
#5155 = VECTOR ( 'NONE', #2553, 1000.000000000000000 ) ;
#5156 = CARTESIAN_POINT ( 'NONE',  ( 21.73578643762691698, -24.29999999999999716, 24.15000000000000213 ) ) ;
#5157 = CARTESIAN_POINT ( 'NONE',  ( -8.504931899237517356, -115.1554527800508083, -6.814419844489931322 ) ) ;
#5158 = CARTESIAN_POINT ( 'NONE',  ( -7.965349623447544047, -110.0204581290160775, -5.413834435009001744 ) ) ;
#5159 = CARTESIAN_POINT ( 'NONE',  ( -1.514235390254321079, -119.0979350857000014, -4.600063470394855081 ) ) ;
#5160 = CARTESIAN_POINT ( 'NONE',  ( 5.560689933284016284, 2.999999999999999112, 25.15000000000000213 ) ) ;
#5161 = CARTESIAN_POINT ( 'NONE',  ( -10.65764302930860197, -127.0564789732938351, -34.08179951107103278 ) ) ;
#5162 = EDGE_LOOP ( 'NONE', ( #2292, #73, #427, #7262 ) ) ;
#5163 = CARTESIAN_POINT ( 'NONE',  ( -7.672790568293234692, -99.89900045640284532, -3.397424002023295753 ) ) ;
#5164 = CARTESIAN_POINT ( 'NONE',  ( 4.016291367588634920, -91.43520919599581021, -0.1692567447440369854 ) ) ;
#5165 = EDGE_LOOP ( 'NONE', ( #2125, #1432 ) ) ;
#5166 = CARTESIAN_POINT ( 'NONE',  ( -2.165782034474975415, -102.2241853366684410, -1.701434652800972502 ) ) ;
#5167 = CARTESIAN_POINT ( 'NONE',  ( 1.924921556074730928E-14, -25.29999999999999361, 18.25293848457193135 ) ) ;
#5168 = EDGE_CURVE ( 'NONE', #3132, #2365, #1876, .T. ) ;
#5169 = CARTESIAN_POINT ( 'NONE',  ( 8.636307446866430482, -125.9931168636503287, -16.91711999050633253 ) ) ;
#5170 = VERTEX_POINT ( 'NONE', #874 ) ;
#5171 = ORIENTED_EDGE ( 'NONE', *, *, #2387, .T. ) ;
#5172 = ORIENTED_EDGE ( 'NONE', *, *, #5125, .T. ) ;
#5173 = VECTOR ( 'NONE', #5441, 1000.000000000000000 ) ;
#5174 = CARTESIAN_POINT ( 'NONE',  ( -14.90245757276813521, -125.3747429489278886, -27.62268648956638728 ) ) ;
#5175 = CARTESIAN_POINT ( 'NONE',  ( -12.88808234163574262, -123.9921382428346988, -14.24657728339543183 ) ) ;
#5176 = DIRECTION ( 'NONE',  ( -6.897508850802415061E-17, 0.000000000000000000, -1.000000000000000000 ) ) ;
#5177 = B_SPLINE_CURVE_WITH_KNOTS ( 'NONE', 3,
 ( #69, #6862, #3852, #1021, #5773, #3001, #769, #341, #6439, #701, #1259, #1455, #2486, #3560, #4866, #1330, #218, #2382, #4746, #7004, #6295, #2613, #1930, #3035, #106, #1857, #1787, #4046, #5804, #180, #3521, #1221, #2451, #733, #3720, #5964, #3489, #5293 ),
 .UNSPECIFIED., .F., .F.,
 ( 4, 2, 2, 2, 2, 2, 2, 2, 2, 2, 2, 2, 2, 2, 2, 2, 2, 2, 4 ),
 ( -0.03076479218815338437, -0.03028409231021349235, -0.02980339243227359686, -0.02884199267639380934, -0.02788059292051402183, -0.02691919316463423778, -0.02499639365287464887, -0.02307359414111505996, -0.02115079462935547105, -0.01922799511759588215, -0.01730519560583629324, -0.01538239609407670606, -0.01345959658231711889, -0.01153679707055752998, -0.009613997558797944543, -0.007691198047038355634, -0.005768398535278766726, -0.003845599023519181286, 0.000000000000000000 ),
 .UNSPECIFIED. ) ;
#5178 = EDGE_CURVE ( 'NONE', #3247, #719, #5766, .T. ) ;
#5179 = CARTESIAN_POINT ( 'NONE',  ( 12.33697482542291546, -111.8685097721845949, -8.702471973736326305 ) ) ;
#5180 = VERTEX_POINT ( 'NONE', #2770 ) ;
#5181 = CARTESIAN_POINT ( 'NONE',  ( 0.5780967967504871963, -24.18076948920192493, -25.53273892836274328 ) ) ;
#5182 = CARTESIAN_POINT ( 'NONE',  ( -21.73578643762689211, -20.30000000000000071, 20.15000000000000213 ) ) ;
#5183 = FACE_OUTER_BOUND ( 'NONE', #1196, .T. ) ;
#5184 = CARTESIAN_POINT ( 'NONE',  ( -0.9163082512828916171, -29.43175911167253034, 13.32889971950962682 ) ) ;
#5185 = EDGE_CURVE ( 'NONE', #4504, #2582, #5028, .T. ) ;
#5186 = CARTESIAN_POINT ( 'NONE',  ( -5.850000000000002309, -0.8174030334825354016, -26.25418892491829581 ) ) ;
#5187 = DIRECTION ( 'NONE',  ( 0.7071067811865457964, 0.000000000000000000, -0.7071067811865492381 ) ) ;
#5188 = EDGE_CURVE ( 'NONE', #5352, #63, #3849, .T. ) ;
#5189 = VECTOR ( 'NONE', #2200, 1000.000000000000000 ) ;
#5190 = CARTESIAN_POINT ( 'NONE',  ( -12.34697723256047652, -113.2534296243256478, -8.965688932056700367 ) ) ;
#5191 = EDGE_LOOP ( 'NONE', ( #1906, #2950 ) ) ;
#5192 = CARTESIAN_POINT ( 'NONE',  ( -8.646973755239731219, -46.59665356011036152, -15.09875292974367511 ) ) ;
#5193 = CARTESIAN_POINT ( 'NONE',  ( -6.653624306218642351E-14, -137.7545908268758410, -7.802191362394825802 ) ) ;
#5194 = PLANE ( 'NONE',  #6110 ) ;
#5195 = CARTESIAN_POINT ( 'NONE',  ( -4.700104476772883011, -108.3666157502320146, -3.365887377203245823 ) ) ;
#5196 = CARTESIAN_POINT ( 'NONE',  ( -3.865943085520189282, -105.0882146698707373, -0.5563394083583060867 ) ) ;
#5197 = CARTESIAN_POINT ( 'NONE',  ( -7.109975119306954028, -117.2969213892395004, -6.076661339316935084 ) ) ;
#5198 = CARTESIAN_POINT ( 'NONE',  ( 1.125282703498181824, -102.3028182583436632, -1.609564491805512532 ) ) ;
#5199 = VERTEX_POINT ( 'NONE', #4569 ) ;
#5200 = CARTESIAN_POINT ( 'NONE',  ( -8.682851530192218448, -94.79322742036544014, -3.412720271833409758 ) ) ;
#5201 = CARTESIAN_POINT ( 'NONE',  ( 6.790228282203686128, -88.65789976429171304, 1.109638146625522070 ) ) ;
#5202 = ORIENTED_EDGE ( 'NONE', *, *, #495, .T. ) ;
#5203 = CARTESIAN_POINT ( 'NONE',  ( -9.366942334138736115, -101.0805533563571430, -2.833489136416300180 ) ) ;
#5204 = VECTOR ( 'NONE', #2713, 1000.000000000000000 ) ;
#5205 = CARTESIAN_POINT ( 'NONE',  ( 3.146476370910897824, -20.30000000000000782, 20.15000000000000213 ) ) ;
#5206 = VERTEX_POINT ( 'NONE', #2183 ) ;
#5207 = ORIENTED_EDGE ( 'NONE', *, *, #3718, .F. ) ;
#5208 = CARTESIAN_POINT ( 'NONE',  ( -11.82111380408005097, -126.7611851671188106, -32.86194372558627208 ) ) ;
#5209 = CARTESIAN_POINT ( 'NONE',  ( -13.26895914135799970, -123.0219814423851403, -13.65029232794761604 ) ) ;
#5210 = DIRECTION ( 'NONE',  ( -1.000000000000000000, 0.000000000000000000, 0.000000000000000000 ) ) ;
#5211 = VECTOR ( 'NONE', #702, 1000.000000000000000 ) ;
#5212 = CARTESIAN_POINT ( 'NONE',  ( 5.119822472832940896, -108.4598568911269467, -3.538257152396779404 ) ) ;
#5213 = ORIENTED_EDGE ( 'NONE', *, *, #5471, .F. ) ;
#5214 = CARTESIAN_POINT ( 'NONE',  ( 0.3584650953994236167, -24.23797772130567552, -26.50962076917992150 ) ) ;
#5215 = CARTESIAN_POINT ( 'NONE',  ( -25.15000000000000213, -24.29999999999999716, -21.73578643762690987 ) ) ;
#5216 = CARTESIAN_POINT ( 'NONE',  ( -6.204116888762650106, -29.51959647195995373, 11.87522376402881896 ) ) ;
#5217 = ORIENTED_EDGE ( 'NONE', *, *, #1507, .F. ) ;
#5218 = DIRECTION ( 'NONE',  ( -6.897508850802416293E-17, -0.000000000000000000, -1.000000000000000000 ) ) ;
#5219 = CARTESIAN_POINT ( 'NONE',  ( 4.913858576764518205, -24.29999999999999716, -25.15000000000000568 ) ) ;
#5220 = ADVANCED_FACE ( 'NONE', ( #7219 ), #692, .F. ) ;
#5221 = CARTESIAN_POINT ( 'NONE',  ( 9.599999999999967670, -3.299999999999976730, 22.15000000000000213 ) ) ;
#5222 = CARTESIAN_POINT ( 'NONE',  ( -7.860937179932385277, -105.7443171996094406, -2.574941237736397603 ) ) ;
#5223 = EDGE_CURVE ( 'NONE', #4334, #3881, #2483, .T. ) ;
#5224 = VERTEX_POINT ( 'NONE', #6368 ) ;
#5225 = CARTESIAN_POINT ( 'NONE',  ( -13.01950979249542328, -55.79177155055267434, -0.3044772602105849657 ) ) ;
#5226 = CARTESIAN_POINT ( 'NONE',  ( 17.64999999999998792, -10.29999999999999005, 25.15000000000000213 ) ) ;
#5227 = VECTOR ( 'NONE', #1218, 1000.000000000000114 ) ;
#5228 = FACE_OUTER_BOUND ( 'NONE', #3091, .T. ) ;
#5229 = EDGE_CURVE ( 'NONE', #1163, #4535, #1506, .T. ) ;
#5230 = AXIS2_PLACEMENT_3D ( 'NONE', #5714, #1158, #7175 ) ;
#5231 = DIRECTION ( 'NONE',  ( -0.5000000000000001110, 0.8660254037844387076, 0.000000000000000000 ) ) ;
#5232 = CIRCLE ( 'NONE', #6173, 2.149999999999999023 ) ;
#5233 = CARTESIAN_POINT ( 'NONE',  ( -11.59183242110774792, -117.0876210746345407, -8.368926156174838482 ) ) ;
#5234 = VECTOR ( 'NONE', #4705, 1000.000000000000000 ) ;
#5235 = FACE_OUTER_BOUND ( 'NONE', #7089, .T. ) ;
#5236 = ORIENTED_EDGE ( 'NONE', *, *, #3276, .T. ) ;
#5237 = CARTESIAN_POINT ( 'NONE',  ( -3.041699431626434968, -102.1153201032836222, -1.824909679106642368 ) ) ;
#5238 = CARTESIAN_POINT ( 'NONE',  ( 10.82009602629895184, -101.8496141528221131, -4.610612952082693283 ) ) ;
#5239 = AXIS2_PLACEMENT_3D ( 'NONE', #6937, #6975, #1900 ) ;
#5240 = CARTESIAN_POINT ( 'NONE',  ( -2.119929546463285686, -106.0152536269442862, -0.3308646004180433309 ) ) ;
#5241 = DIRECTION ( 'NONE',  ( -6.897508850802415061E-17, 0.000000000000000000, -1.000000000000000000 ) ) ;
#5242 = DIRECTION ( 'NONE',  ( 1.000000000000000000, 0.000000000000000000, 0.000000000000000000 ) ) ;
#5243 = ORIENTED_EDGE ( 'NONE', *, *, #7074, .T. ) ;
#5244 = EDGE_LOOP ( 'NONE', ( #4070, #4342, #6489, #4593 ) ) ;
#5245 = CARTESIAN_POINT ( 'NONE',  ( -12.04178001271518461, -138.0820841904433109, -35.27433225306779008 ) ) ;
#5246 = CARTESIAN_POINT ( 'NONE',  ( -22.15000000000000568, -25.30000000000000071, -25.15000000000000213 ) ) ;
#5247 = CARTESIAN_POINT ( 'NONE',  ( 12.47499999999974030, -7.009103465619234363, 20.15000000000000213 ) ) ;
#5248 = CARTESIAN_POINT ( 'NONE',  ( 5.067205251523410503, -107.4159465002399685, -1.349660643489641210 ) ) ;
#5249 = ORIENTED_EDGE ( 'NONE', *, *, #3317, .F. ) ;
#5250 = CARTESIAN_POINT ( 'NONE',  ( 11.58980604540274051, -25.29999999999999361, 14.29992826331006839 ) ) ;
#5251 = CARTESIAN_POINT ( 'NONE',  ( -18.02959598699472821, -25.29999999999999361, 5.176373590345260567 ) ) ;
#5252 = ORIENTED_EDGE ( 'NONE', *, *, #3466, .F. ) ;
#5253 = DIRECTION ( 'NONE',  ( 0.000000000000000000, 0.000000000000000000, 1.000000000000000000 ) ) ;
#5254 = CARTESIAN_POINT ( 'NONE',  ( 4.107902013586626211, -24.47903670316246760, -25.15000000000000568 ) ) ;
#5255 = CARTESIAN_POINT ( 'NONE',  ( -12.35766141583042987, -112.9050884665566770, -8.924796718518084759 ) ) ;
#5256 = ORIENTED_EDGE ( 'NONE', *, *, #1458, .F. ) ;
#5258 = ADVANCED_FACE ( 'NONE', ( #660 ), #4248, .T. ) ;
#5257 = CARTESIAN_POINT ( 'NONE',  ( -13.69834953227474195, -53.66048984329808746, -2.168718674510766942 ) ) ;
#5259 = CARTESIAN_POINT ( 'NONE',  ( 8.921649105293296245, -126.0285047560635263, -16.71642527962865543 ) ) ;
#5260 = EDGE_CURVE ( 'NONE', #3467, #656, #4352, .T. ) ;
#5261 = DIRECTION ( 'NONE',  ( 0.000000000000000000, 0.000000000000000000, 1.000000000000000000 ) ) ;
#5262 = CARTESIAN_POINT ( 'NONE',  ( -6.372370497659043348E-14, -125.4754388094167297, -19.85301812789642995 ) ) ;
#5263 = AXIS2_PLACEMENT_3D ( 'NONE', #6371, #661, #7037 ) ;
#5264 = CIRCLE ( 'NONE', #1241, 1.050000000000000488 ) ;
#5265 = DIRECTION ( 'NONE',  ( 1.000000000000000000, 0.000000000000000000, 0.000000000000000000 ) ) ;
#5266 = VECTOR ( 'NONE', #5053, 1000.000000000000000 ) ;
#5267 = AXIS2_PLACEMENT_3D ( 'NONE', #5139, #5650, #1093 ) ;
#5268 = CARTESIAN_POINT ( 'NONE',  ( -5.609637459357925238, -122.1994764835237106, -4.211693685780103280 ) ) ;
#5269 = EDGE_CURVE ( 'NONE', #3398, #4795, #856, .T. ) ;
#5270 = CARTESIAN_POINT ( 'NONE',  ( -21.73578643762689211, -20.30000000000000071, 19.14999999999999858 ) ) ;
#5271 = ORIENTED_EDGE ( 'NONE', *, *, #6025, .T. ) ;
#5272 = CARTESIAN_POINT ( 'NONE',  ( 3.375009075872153819, -105.4556446181622675, -0.5117386787146421812 ) ) ;
#5273 = CARTESIAN_POINT ( 'NONE',  ( 11.91251997820159403, -92.64264960937890692, -4.563010065850639840 ) ) ;
#5274 = EDGE_CURVE ( 'NONE', #4978, #1586, #2467, .T. ) ;
#5275 = CARTESIAN_POINT ( 'NONE',  ( -7.194615984661739461, -104.8318298146820240, -1.954124678877478427 ) ) ;
#5276 = FACE_OUTER_BOUND ( 'NONE', #518, .T. ) ;
#5277 = AXIS2_PLACEMENT_3D ( 'NONE', #3426, #5712, #6795 ) ;
#5278 = CARTESIAN_POINT ( 'NONE',  ( 9.624999999999737099, -11.94544826719053709, 20.15000000000000213 ) ) ;
#5279 = ORIENTED_EDGE ( 'NONE', *, *, #1244, .F. ) ;
#5280 = CARTESIAN_POINT ( 'NONE',  ( -6.784326617527424830, -127.6789509143071086, -36.78789426431917065 ) ) ;
#5281 =( BOUNDED_SURFACE ( )  B_SPLINE_SURFACE ( 3, 2, ( 
 ( #2808, #5615, #3324 ),
 ( #535, #4440, #3845 ),
 ( #2217, #496, #5065 ),
 ( #3926, #5142, #1703 ),
 ( #1741, #4521, #6694 ),
 ( #3965, #2301, #574 ),
 ( #5536, #6210, #2765 ),
 ( #1134, #2257, #25 ) ),
 .UNSPECIFIED., .F., .F., .T. ) 
 B_SPLINE_SURFACE_WITH_KNOTS ( ( 4, 2, 2, 4 ),
 ( 3, 3 ),
 ( 8.673617379884035472E-19, 0.002682142979272944625, 0.004023214468909416287, 0.005364285958545888383 ),
 ( 0.000000000000000000, 1.000000000000000000 ),
 .UNSPECIFIED. ) 
 GEOMETRIC_REPRESENTATION_ITEM ( )  RATIONAL_B_SPLINE_SURFACE ( (
 ( 1.000000000000000000, 0.9135467392810275866, 1.000000000000000000),
 ( 1.000000000000000000, 0.8947265158344739344, 1.000000000000000000),
 ( 1.000000000000000000, 0.8680503100384593385, 1.000000000000000000),
 ( 1.000000000000000000, 0.8165063318319540908, 1.000000000000000000),
 ( 1.000000000000000000, 0.7973943248473576162, 1.000000000000000000),
 ( 1.000000000000000000, 0.7551799688835010294, 1.000000000000000000),
 ( 1.000000000000000000, 0.7319558594137679508, 1.000000000000000000),
 ( 1.000000000000000000, 0.7071067811865475727, 1.000000000000000000) ) ) 
 REPRESENTATION_ITEM ( '' )  SURFACE ( )  );
#5282 = FACE_OUTER_BOUND ( 'NONE', #4231, .T. ) ;
#5283 = DIRECTION ( 'NONE',  ( 0.000000000000000000, 0.000000000000000000, 1.000000000000000000 ) ) ;
#5284 = CARTESIAN_POINT ( 'NONE',  ( 7.955512851618305348, -108.0195927029626688, -2.983006978761170824 ) ) ;
#5285 = ORIENTED_EDGE ( 'NONE', *, *, #605, .F. ) ;
#5286 = ORIENTED_EDGE ( 'NONE', *, *, #596, .T. ) ;
#5287 = CIRCLE ( 'NONE', #2093, 1.000000000000000888 ) ;
#5288 = APPLICATION_PROTOCOL_DEFINITION ( 'international standard', 'config_control_design', 1994, #720 ) ;
#5289 = CARTESIAN_POINT ( 'NONE',  ( 11.51608626362049570, -25.29999999999998295, 8.007045225569468627 ) ) ;
#5290 = CARTESIAN_POINT ( 'NONE',  ( -7.347799205795046973, -25.29999999999998295, 11.98708964753279993 ) ) ;
#5291 = ORIENTED_EDGE ( 'NONE', *, *, #3510, .T. ) ;
#5292 = FACE_OUTER_BOUND ( 'NONE', #6560, .T. ) ;
#5293 = CARTESIAN_POINT ( 'NONE',  ( -1.702744227189561307E-14, -45.51868073377310964, -17.93960373180995660 ) ) ;
#5294 = CIRCLE ( 'NONE', #1499, 1.050000000000000711 ) ;
#5296 = ORIENTED_EDGE ( 'NONE', *, *, #1550, .F. ) ;
#5295 = CARTESIAN_POINT ( 'NONE',  ( 21.73578643762690987, -24.29999999999999716, 25.15000000000000213 ) ) ;
#5297 = CARTESIAN_POINT ( 'NONE',  ( 3.804735922941015147, -22.63571428571428612, -27.15000000000000568 ) ) ;
#5298 = CARTESIAN_POINT ( 'NONE',  ( -0.9015438570862697176, -25.01083845506925130, -24.87252527257953716 ) ) ;
#5299 = AXIS2_PLACEMENT_3D ( 'NONE', #2202, #5558, #1079 ) ;
#5300 = EDGE_CURVE ( 'NONE', #6543, #2897, #4170, .T. ) ;
#5301 = PLANE ( 'NONE',  #4104 ) ;
#5302 = CIRCLE ( 'NONE', #3056, 1.000000000000000000 ) ;
#5303 = CARTESIAN_POINT ( 'NONE',  ( -5.139011418307420698, -118.4207491814165394, -5.290694233666785706 ) ) ;
#5304 = DIRECTION ( 'NONE',  ( 1.000000000000000000, 0.000000000000000000, 0.000000000000000000 ) ) ;
#5305 = CIRCLE ( 'NONE', #3063, 2.149999999999999023 ) ;
#5306 = ORIENTED_EDGE ( 'NONE', *, *, #4813, .T. ) ;
#5307 = CARTESIAN_POINT ( 'NONE',  ( 21.73578643762688856, -25.30000000000000071, -24.15000000000000568 ) ) ;
#5308 = CARTESIAN_POINT ( 'NONE',  ( 8.351560940045963832, -98.74642439435017138, -3.770081363266624130 ) ) ;
#5309 = CARTESIAN_POINT ( 'NONE',  ( -7.102875987356988219, -102.6641286162778357, -1.492647533633443269 ) ) ;
#5310 = EDGE_CURVE ( 'NONE', #3150, #1254, #1155, .T. ) ;
#5311 = CARTESIAN_POINT ( 'NONE',  ( 3.146476370910897380, -24.29999999999999716, -17.06810879488232757 ) ) ;
#5312 = CARTESIAN_POINT ( 'NONE',  ( 19.14999999999999503, 4.000000000000000000, -21.15000000000000213 ) ) ;
#5313 = ORIENTED_EDGE ( 'NONE', *, *, #495, .F. ) ;
#5314 = EDGE_CURVE ( 'NONE', #5783, #2332, #2165, .T. ) ;
#5315 = ORIENTED_EDGE ( 'NONE', *, *, #1332, .T. ) ;
#5316 = CARTESIAN_POINT ( 'NONE',  ( -6.089360242592172234, -121.6653594016633519, -11.38401879957365459 ) ) ;
#5317 = CARTESIAN_POINT ( 'NONE',  ( -12.45521012008372885, -124.6250037069129206, -14.63262855203634061 ) ) ;
#5318 = DIRECTION ( 'NONE',  ( -3.592729953582985736E-16, -1.000000000000000000, -8.673617379884015751E-16 ) ) ;
#5319 = EDGE_CURVE ( 'NONE', #7275, #3422, #3389, .T. ) ;
#5320 = CARTESIAN_POINT ( 'NONE',  ( 8.351560940045644088, -115.5627785619213341, -6.735258320158362899 ) ) ;
#5321 = ORIENTED_EDGE ( 'NONE', *, *, #5137, .F. ) ;
#5322 = ORIENTED_EDGE ( 'NONE', *, *, #6256, .T. ) ;
#5323 = FACE_OUTER_BOUND ( 'NONE', #5046, .T. ) ;
#5324 = CARTESIAN_POINT ( 'NONE',  ( 13.99999999999998579, -30.35682623323314999, -1.980620367685169025 ) ) ;
#5325 = AXIS2_PLACEMENT_3D ( 'NONE', #2207, #5641, #527 ) ;
#5326 = CARTESIAN_POINT ( 'NONE',  ( 8.801824204266299745, -126.5020677642814633, -17.69218216312353675 ) ) ;
#5327 = ORIENTED_EDGE ( 'NONE', *, *, #2554, .T. ) ;
#5328 = CARTESIAN_POINT ( 'NONE',  ( -3.668071464818273304E-14, -122.9205321072674337, -3.155693352942731789 ) ) ;
#5330 = VERTEX_POINT ( 'NONE', #5636 ) ;
#5329 = FACE_OUTER_BOUND ( 'NONE', #6276, .T. ) ;
#5331 = ORIENTED_EDGE ( 'NONE', *, *, #6214, .F. ) ;
#5332 = LINE ( 'NONE', #3668, #1323 ) ;
#5333 = CARTESIAN_POINT ( 'NONE',  ( 3.146476370910897380, -25.30000000000000071, 21.73578643762688500 ) ) ;
#5334 = ORIENTED_EDGE ( 'NONE', *, *, #3917, .T. ) ;
#5335 = DIRECTION ( 'NONE',  ( 0.7071067811865467956, 0.000000000000000000, -0.7071067811865484609 ) ) ;
#5336 = CARTESIAN_POINT ( 'NONE',  ( -10.68641566330004444, -115.8302289926208886, -6.691133713657426263 ) ) ;
#5337 = CC_DESIGN_APPROVAL ( #643, ( #3457 ) ) ;
#5338 = DIRECTION ( 'NONE',  ( 0.000000000000000000, -1.000000000000000000, -0.000000000000000000 ) ) ;
#5339 = EDGE_LOOP ( 'NONE', ( #1443, #2610, #1120, #3746 ) ) ;
#5340 = CARTESIAN_POINT ( 'NONE',  ( 11.59391228702772203, -91.84213369935351068, -3.920586269912388566 ) ) ;
#5341 = CARTESIAN_POINT ( 'NONE',  ( -8.508389849767933555, -98.32196608541829619, -3.850114622264554143 ) ) ;
#5342 = LINE ( 'NONE', #4209, #4904 ) ;
#5343 = CIRCLE ( 'NONE', #6527, 1.000000000000000888 ) ;
#5344 = EDGE_LOOP ( 'NONE', ( #860, #306, #546, #4755 ) ) ;
#5345 = ADVANCED_FACE ( 'NONE', ( #411 ), #5597, .T. ) ;
#5346 = AXIS2_PLACEMENT_3D ( 'NONE', #4922, #2599, #396 ) ;
#5347 = EDGE_LOOP ( 'NONE', ( #1328, #4823, #1528, #2068, #5236, #7002 ) ) ;
#5348 = CARTESIAN_POINT ( 'NONE',  ( -21.73578643762691343, 2.999999999999999112, -25.15000000000000213 ) ) ;
#5349 = CARTESIAN_POINT ( 'NONE',  ( 0.02706447616317258359, -24.29999999999999716, -24.15000000000000568 ) ) ;
#5350 = CARTESIAN_POINT ( 'NONE',  ( 8.416131487852196003, -110.7804484216525509, -5.953527210304336847 ) ) ;
#5351 = CARTESIAN_POINT ( 'NONE',  ( 11.15770377958273940, -114.1424398365425219, -6.909022805867971684 ) ) ;
#5352 = VERTEX_POINT ( 'NONE', #3869 ) ;
#5353 = VERTEX_POINT ( 'NONE', #2242 ) ;
#5354 = EDGE_CURVE ( 'NONE', #4970, #183, #1628, .T. ) ;
#5355 = CARTESIAN_POINT ( 'NONE',  ( 11.13150675837187187, -30.82961807876232996, -9.805151244931291643 ) ) ;
#5356 = CARTESIAN_POINT ( 'NONE',  ( 15.85427099981521337, -124.2008824608870725, -23.75842210645067709 ) ) ;
#5357 = CARTESIAN_POINT ( 'NONE',  ( 0.1499999999999959421, -1.031049961377746405, -26.88208564787055721 ) ) ;
#5358 = EDGE_CURVE ( 'NONE', #2172, #4588, #1154, .T. ) ;
#5360 = ORIENTED_EDGE ( 'NONE', *, *, #5274, .F. ) ;
#5359 = CARTESIAN_POINT ( 'NONE',  ( 1.621927488325770828, -128.0108498671423547, -38.30988479684223336 ) ) ;
#5361 = ORIENTED_EDGE ( 'NONE', *, *, #1745, .F. ) ;
#5362 = FACE_BOUND ( 'NONE', #5868, .T. ) ;
#5363 = LINE ( 'NONE', #4811, #5059 ) ;
#5364 = ORIENTED_EDGE ( 'NONE', *, *, #1338, .T. ) ;
#5365 = CYLINDRICAL_SURFACE ( 'NONE', #1850, 6.499999999999992006 ) ;
#5366 = LINE ( 'NONE', #4921, #3460 ) ;
#5367 = FACE_OUTER_BOUND ( 'NONE', #1436, .T. ) ;
#5368 = CIRCLE ( 'NONE', #1114, 2.099999999999999645 ) ;
#5369 = CARTESIAN_POINT ( 'NONE',  ( 2.884629785478235231, -25.29999999999999716, 19.28092329271569128 ) ) ;
#5370 = ORIENTED_EDGE ( 'NONE', *, *, #1971, .T. ) ;
#5371 = PERSON ( '未指定', '未指定', '未指定', ('未指定'), ('未指定'), ('未指定') ) ;
#5372 = CARTESIAN_POINT ( 'NONE',  ( 7.728640019991859234, -99.85451652531686761, -3.424120692183824755 ) ) ;
#5373 = CARTESIAN_POINT ( 'NONE',  ( -10.78228445649830469, -93.77093522454960350, -2.902555428882306998 ) ) ;
#5374 = CARTESIAN_POINT ( 'NONE',  ( 1.911815389089206452, -107.2587041389938634, -0.5005157163507470974 ) ) ;
#5375 = CIRCLE ( 'NONE', #4572, 1.000000000000000888 ) ;
#5376 = CARTESIAN_POINT ( 'NONE',  ( 12.47499999999973674, -10.30000000000010019, 25.15000000000000213 ) ) ;
#5377 = ORIENTED_EDGE ( 'NONE', *, *, #3409, .T. ) ;
#5378 = ORIENTED_EDGE ( 'NONE', *, *, #3826, .T. ) ;
#5379 = CARTESIAN_POINT ( 'NONE',  ( 10.64999999999996838, -3.299999999999976730, 20.15000000000000213 ) ) ;
#5380 = LINE ( 'NONE', #1421, #4985 ) ;
#5381 = CARTESIAN_POINT ( 'NONE',  ( 6.503938370464952712, -117.7485670601213741, -5.801213566466441485 ) ) ;
#5382 = EDGE_CURVE ( 'NONE', #3703, #1845, #5750, .T. ) ;
#5383 = EDGE_CURVE ( 'NONE', #5180, #1386, #5402, .T. ) ;
#5384 = CARTESIAN_POINT ( 'NONE',  ( 11.22267509053812873, -112.6758123147945270, -6.724300353655372042 ) ) ;
#5385 = ORIENTED_EDGE ( 'NONE', *, *, #6478, .T. ) ;
#5386 = ORIENTED_EDGE ( 'NONE', *, *, #5398, .T. ) ;
#5387 = CARTESIAN_POINT ( 'NONE',  ( 15.10704488636224596, -25.29999999999999361, -12.80876462635850821 ) ) ;
#5388 = CARTESIAN_POINT ( 'NONE',  ( 16.76733812596628326, -132.9423159071914426, -22.94898126808231709 ) ) ;
#5389 = CARTESIAN_POINT ( 'NONE',  ( 0.1499999999999959144, -1.031049961377747737, -27.15000000000000213 ) ) ;
#5390 = ADVANCED_FACE ( 'NONE', ( #1834 ), #2909, .T. ) ;
#5392 = ORIENTED_EDGE ( 'NONE', *, *, #6807, .F. ) ;
#5391 = CARTESIAN_POINT ( 'NONE',  ( 14.97094264029872157, -120.8852349356582891, -15.09564218908381150 ) ) ;
#5393 = VERTEX_POINT ( 'NONE', #1766 ) ;
#5394 = FACE_OUTER_BOUND ( 'NONE', #4576, .T. ) ;
#5395 = EDGE_CURVE ( 'NONE', #5224, #5873, #4098, .T. ) ;
#5396 = PLANE ( 'NONE',  #4122 ) ;
#5397 = CIRCLE ( 'NONE', #3155, 1.000000000000000888 ) ;
#5398 = EDGE_CURVE ( 'NONE', #3588, #3078, #5375, .T. ) ;
#5399 = CARTESIAN_POINT ( 'NONE',  ( 0.1499999999999955536, 1.999999999999999112, -28.15000000000000568 ) ) ;
#5400 = CIRCLE ( 'NONE', #6362, 1.000000000000000888 ) ;
#5401 = DIRECTION ( 'NONE',  ( -1.000000000000000000, 0.000000000000000000, 6.897508850802415061E-17 ) ) ;
#5402 = CIRCLE ( 'NONE', #2225, 1.000000000000000888 ) ;
#5403 = CARTESIAN_POINT ( 'NONE',  ( 12.47499999999973674, -10.30000000000010019, 25.15000000000000213 ) ) ;
#5404 = DIRECTION ( 'NONE',  ( -0.000000000000000000, -0.000000000000000000, 1.000000000000000000 ) ) ;
#5405 = ORIENTED_EDGE ( 'NONE', *, *, #3317, .T. ) ;
#5406 = CARTESIAN_POINT ( 'NONE',  ( 7.481271466249624247, -104.6754678325872305, -2.131013143051189829 ) ) ;
#5407 = CIRCLE ( 'NONE', #6967, 1.600000000000002531 ) ;
#5408 = CARTESIAN_POINT ( 'NONE',  ( -11.71541621861211802, -92.05676232887687149, -4.131733707195198946 ) ) ;
#5409 = CARTESIAN_POINT ( 'NONE',  ( 0.2697867692372347137, -104.9495302961685468, 0.04145150384135085075 ) ) ;
#5410 = CARTESIAN_POINT ( 'NONE',  ( 25.14999999999999503, -24.29999999999999716, -21.73578643762692408 ) ) ;
#5411 = CARTESIAN_POINT ( 'NONE',  ( 6.124857077012051398, -105.3528704587933760, -1.486564463496804489 ) ) ;
#5412 = DIRECTION ( 'NONE',  ( 0.000000000000000000, 0.000000000000000000, 1.000000000000000000 ) ) ;
#5413 = VECTOR ( 'NONE', #4902, 1000.000000000000000 ) ;
#5414 = ORIENTED_EDGE ( 'NONE', *, *, #7081, .F. ) ;
#5415 = CARTESIAN_POINT ( 'NONE',  ( -16.42513539587707072, -131.0748419971860415, -19.32592422023072842 ) ) ;
#5416 = CARTESIAN_POINT ( 'NONE',  ( -5.850000000000004086, -0.9228469740437283964, -26.49761607379777928 ) ) ;
#5417 = CARTESIAN_POINT ( 'NONE',  ( -13.35447082693456267, -122.1843257959042433, -13.05356103539029711 ) ) ;
#5418 = CARTESIAN_POINT ( 'NONE',  ( 8.642671920689862120, -111.4420977133176365, -6.303892011177567589 ) ) ;
#5419 = CARTESIAN_POINT ( 'NONE',  ( 8.821405159954963437, -113.3401077254247724, -6.841113932805821030 ) ) ;
#5420 = ORIENTED_EDGE ( 'NONE', *, *, #4944, .F. ) ;
#5421 = ORIENTED_EDGE ( 'NONE', *, *, #1590, .T. ) ;
#5422 = CARTESIAN_POINT ( 'NONE',  ( 1.832573057738002387, -31.16264413126144461, -15.31660973421063510 ) ) ;
#5423 = ORIENTED_EDGE ( 'NONE', *, *, #6998, .T. ) ;
#5424 = CARTESIAN_POINT ( 'NONE',  ( 15.47771063961764426, -129.0839607854713620, -15.94837574986025786 ) ) ;
#5425 = DIRECTION ( 'NONE',  ( 1.000000000000000000, 0.000000000000000000, 0.000000000000000000 ) ) ;
#5427 = ORIENTED_EDGE ( 'NONE', *, *, #6176, .F. ) ;
#5426 = CARTESIAN_POINT ( 'NONE',  ( 12.73947723623002126, -126.4684769841208976, -31.69115758191436072 ) ) ;
#5428 = VERTEX_POINT ( 'NONE', #4623 ) ;
#5429 = AXIS2_PLACEMENT_3D ( 'NONE', #145, #2349, #2932 ) ;
#5430 = CARTESIAN_POINT ( 'NONE',  ( -10.03816479168615849, -102.8131893787909377, -3.913025300727029698 ) ) ;
#5431 = ADVANCED_FACE ( 'NONE', ( #3013 ), #3571, .T. ) ;
#5432 = FACE_BOUND ( 'NONE', #3454, .T. ) ;
#5433 = CARTESIAN_POINT ( 'NONE',  ( 22.44289321881343469, -24.29999999999999716, -24.85710678118655181 ) ) ;
#5434 = CARTESIAN_POINT ( 'NONE',  ( 8.048137826301612563, -99.35778148696520873, -3.602712771855081098 ) ) ;
#5435 = EDGE_CURVE ( 'NONE', #6609, #4066, #6078, .T. ) ;
#5436 = CARTESIAN_POINT ( 'NONE',  ( 1.756854249492377118, -6.993145750507620662, -28.15000000000000213 ) ) ;
#5437 = DIRECTION ( 'NONE',  ( 1.000000000000000000, 0.000000000000000000, -0.000000000000000000 ) ) ;
#5438 = EDGE_CURVE ( 'NONE', #6050, #2280, #2316, .T. ) ;
#5439 = CARTESIAN_POINT ( 'NONE',  ( 2.161612021475482148, -24.69780773993273471, 20.13486434943562742 ) ) ;
#5440 = ORIENTED_EDGE ( 'NONE', *, *, #3054, .T. ) ;
#5441 = DIRECTION ( 'NONE',  ( -0.000000000000000000, -1.000000000000000000, -0.000000000000000000 ) ) ;
#5442 = CARTESIAN_POINT ( 'NONE',  ( -10.99800706057621902, -94.43276242673655929, -3.254983854617759409 ) ) ;
#5443 = DIRECTION ( 'NONE',  ( -2.812538085595988943E-16, -0.9848077530122080203, -0.1736481776669306920 ) ) ;
#5444 = EDGE_CURVE ( 'NONE', #3132, #4947, #3430, .T. ) ;
#5445 = LOCAL_TIME ( 14, 37, 7.000000000000000000, #4837 ) ;
#5446 = CARTESIAN_POINT ( 'NONE',  ( -3.787368454840759405E-14, -123.3297708870265410, -3.227853191366470753 ) ) ;
#5447 = CARTESIAN_POINT ( 'NONE',  ( 6.966647499956284406, -105.5141679281252891, -1.967365135494149708 ) ) ;
#5448 = DIRECTION ( 'NONE',  ( 6.897508850802415061E-17, -0.000000000000000000, 1.000000000000000000 ) ) ;
#5449 = VERTEX_POINT ( 'NONE', #6058 ) ;
#5450 = CIRCLE ( 'NONE', #4648, 1.050000000000000488 ) ;
#5451 = CARTESIAN_POINT ( 'NONE',  ( -8.465669670436934524, -125.5494281710154638, -16.26228416475566263 ) ) ;
#5452 = AXIS2_PLACEMENT_3D ( 'NONE', #4901, #1456, #7059 ) ;
#5453 = CARTESIAN_POINT ( 'NONE',  ( 0.02706447616317258359, -25.30000000000000071, -24.15000000000000568 ) ) ;
#5454 = DIRECTION ( 'NONE',  ( -0.000000000000000000, -0.000000000000000000, 1.000000000000000000 ) ) ;
#5455 = LINE ( 'NONE', #6042, #917 ) ;
#5456 = VECTOR ( 'NONE', #1707, 1000.000000000000000 ) ;
#5457 = CARTESIAN_POINT ( 'NONE',  ( 11.22942749272078800, -113.1578071182173062, -6.816991404682931410 ) ) ;
#5458 = AXIS2_PLACEMENT_3D ( 'NONE', #5626, #508, #2821 ) ;
#5459 = CARTESIAN_POINT ( 'NONE',  ( 19.14999999999999503, 2.999999999999999112, -21.15000000000000213 ) ) ;
#5460 = ORIENTED_EDGE ( 'NONE', *, *, #2281, .F. ) ;
#5461 = CIRCLE ( 'NONE', #7017, 2.100000000000000977 ) ;
#5462 = CARTESIAN_POINT ( 'NONE',  ( 13.90975476960781521, -30.18634893860118140, 0.8407160582942388993 ) ) ;
#5463 = ORIENTED_EDGE ( 'NONE', *, *, #1596, .T. ) ;
#5464 = CARTESIAN_POINT ( 'NONE',  ( 16.56010766685708546, -131.4706602816880832, -20.04806875270455535 ) ) ;
#5465 = DIRECTION ( 'NONE',  ( 0.000000000000000000, 0.000000000000000000, 1.000000000000000000 ) ) ;
#5466 = CARTESIAN_POINT ( 'NONE',  ( 15.29385467990480230, -125.0123956655702102, -26.38522021287282726 ) ) ;
#5467 = ORIENTED_EDGE ( 'NONE', *, *, #6025, .F. ) ;
#5468 = DIRECTION ( 'NONE',  ( 0.000000000000000000, 0.000000000000000000, 1.000000000000000000 ) ) ;
#5469 = FACE_OUTER_BOUND ( 'NONE', #4854, .T. ) ;
#5470 = CARTESIAN_POINT ( 'NONE',  ( 7.337603887774163169, -92.58421117310528814, -1.868334795142884808 ) ) ;
#5471 = EDGE_CURVE ( 'NONE', #6320, #853, #357, .T. ) ;
#5472 = DIRECTION ( 'NONE',  ( 1.000000000000000000, 0.000000000000000000, 0.000000000000000000 ) ) ;
#5473 = ADVANCED_FACE ( 'NONE', ( #7185 ), #3220, .F. ) ;
#5474 = CARTESIAN_POINT ( 'NONE',  ( 2.806854249492377384, -6.993145750507620662, -28.15000000000000213 ) ) ;
#5475 = CARTESIAN_POINT ( 'NONE',  ( 1.210443072514086005, -24.55928256593248804, 20.11801664919841315 ) ) ;
#5476 = VERTEX_POINT ( 'NONE', #1587 ) ;
#5477 = DIRECTION ( 'NONE',  ( -1.000000000000000000, 0.000000000000000000, 0.000000000000000000 ) ) ;
#5478 = CARTESIAN_POINT ( 'NONE',  ( -11.14707398823009044, -95.11843896796692377, -3.542551631260854705 ) ) ;
#5479 = DIRECTION ( 'NONE',  ( -4.574039853902089652E-32, 0.1736481776669306920, -0.9848077530122080203 ) ) ;
#5480 = ADVANCED_FACE ( 'NONE', ( #914 ), #3814, .T. ) ;
#5481 = CARTESIAN_POINT ( 'NONE',  ( -4.950000000000002842, -4.649999999999997691, -28.15000000000000213 ) ) ;
#5482 = CARTESIAN_POINT ( 'NONE',  ( 6.409405497200765467, -105.4022132003727137, -1.639934388342744409 ) ) ;
#5483 = CARTESIAN_POINT ( 'NONE',  ( -2.570566816140686495, -45.57920095790944970, -17.76971373607897675 ) ) ;
#5484 = EDGE_CURVE ( 'NONE', #2332, #1980, #6447, .T. ) ;
#5485 = EDGE_LOOP ( 'NONE', ( #386, #159, #6570 ) ) ;
#5486 = CARTESIAN_POINT ( 'NONE',  ( 8.950050561364886192, -128.7860128754621769, -21.55895355282612869 ) ) ;
#5487 = AXIS2_PLACEMENT_3D ( 'NONE', #3741, #195, #3610 ) ;
#5488 = DIRECTION ( 'NONE',  ( 0.000000000000000000, 0.000000000000000000, -1.000000000000000000 ) ) ;
#5489 = CARTESIAN_POINT ( 'NONE',  ( -2.850000000000004086, -4.649999999999999467, -30.15000000000000568 ) ) ;
#5490 = CARTESIAN_POINT ( 'NONE',  ( 6.078765384981332787, -117.9956089762974614, -5.628454126899655741 ) ) ;
#5491 = VECTOR ( 'NONE', #3089, 1000.000000000000000 ) ;
#5492 = CARTESIAN_POINT ( 'NONE',  ( -0.2191763249368934019, -24.35927463682093830, -25.46482046911026131 ) ) ;
#5493 = VECTOR ( 'NONE', #424, 1000.000000000000114 ) ;
#5494 = ORIENTED_EDGE ( 'NONE', *, *, #1377, .F. ) ;
#5495 = APPROVAL_DATE_TIME ( #5870, #643 ) ;
#5496 = CARTESIAN_POINT ( 'NONE',  ( -16.05948586774236730, -123.5354203364536687, -21.73995112010745601 ) ) ;
#5497 = VERTEX_POINT ( 'NONE', #2111 ) ;
#5498 = CARTESIAN_POINT ( 'NONE',  ( 4.553795075515443713, -139.6928025825530710, -39.82819827021869941 ) ) ;
#5499 = DIRECTION ( 'NONE',  ( 1.000000000000000000, 0.000000000000000000, -0.000000000000000000 ) ) ;
#5500 = AXIS2_PLACEMENT_3D ( 'NONE', #2572, #886, #406 ) ;
#5501 = DIRECTION ( 'NONE',  ( 0.000000000000000000, -1.000000000000000000, 0.000000000000000000 ) ) ;
#5502 = ORIENTED_EDGE ( 'NONE', *, *, #5895, .F. ) ;
#5503 = CARTESIAN_POINT ( 'NONE',  ( -12.32933145102973072, -94.93447990788317270, -5.702053712861816948 ) ) ;
#5504 = CARTESIAN_POINT ( 'NONE',  ( 21.14999999999999503, 4.000000000000000000, -19.14999999999999858 ) ) ;
#5505 = DIRECTION ( 'NONE',  ( 0.000000000000000000, 0.000000000000000000, 1.000000000000000000 ) ) ;
#5506 = DIRECTION ( 'NONE',  ( 0.000000000000000000, 1.000000000000000000, -0.000000000000000000 ) ) ;
#5507 = DIRECTION ( 'NONE',  ( 0.000000000000000000, 0.000000000000000000, 1.000000000000000000 ) ) ;
#5508 = CARTESIAN_POINT ( 'NONE',  ( 12.65855807371910657, -118.8020629516210107, -10.57307304682524318 ) ) ;
#5509 = VECTOR ( 'NONE', #2323, 1000.000000000000000 ) ;
#5510 = CARTESIAN_POINT ( 'NONE',  ( 2.950105683800247736, -25.29999999999935412, 19.34637068711105101 ) ) ;
#5511 = ORIENTED_EDGE ( 'NONE', *, *, #2593, .F. ) ;
#5512 = EDGE_CURVE ( 'NONE', #1401, #2784, #2548, .T. ) ;
#5513 = CARTESIAN_POINT ( 'NONE',  ( 6.076119024228861853, -101.1809162164680345, -2.662160166930255478 ) ) ;
#5514 = CARTESIAN_POINT ( 'NONE',  ( -8.200893722739984071, -91.29890565264686586, -0.2034030495665853089 ) ) ;
#5515 = CARTESIAN_POINT ( 'NONE',  ( -0.4836077449873638634, -108.0247322491376423, -2.572192201836518421 ) ) ;
#5516 = CIRCLE ( 'NONE', #2353, 1.000000000000000888 ) ;
#5517 = AXIS2_PLACEMENT_3D ( 'NONE', #6943, #5338, #4754 ) ;
#5518 = CARTESIAN_POINT ( 'NONE',  ( -20.15000000000000213, 2.999999999999999112, 20.15000000000000213 ) ) ;
#5519 = CARTESIAN_POINT ( 'NONE',  ( 12.35395191155266836, -112.2558551354986776, -8.803150621100868989 ) ) ;
#5520 = CARTESIAN_POINT ( 'NONE',  ( -13.55496601851611693, -49.82215218899203535, -8.052199817858225472 ) ) ;
#5521 = EDGE_LOOP ( 'NONE', ( #5007, #1237, #1742, #7339, #718, #890 ) ) ;
#5522 = EDGE_CURVE ( 'NONE', #896, #2912, #2902, .T. ) ;
#5523 = CARTESIAN_POINT ( 'NONE',  ( 0.4195665864513193899, -132.9887435919720531, -30.58312937714893209 ) ) ;
#5524 = DIRECTION ( 'NONE',  ( -0.000000000000000000, 0.000000000000000000, 1.000000000000000000 ) ) ;
#5525 = DIRECTION ( 'NONE',  ( -0.000000000000000000, -0.000000000000000000, 1.000000000000000000 ) ) ;
#5526 = CARTESIAN_POINT ( 'NONE',  ( -21.44289321881346311, -25.30000000000000071, -24.44289321881345600 ) ) ;
#5527 = CIRCLE ( 'NONE', #438, 13.99999999999999645 ) ;
#5528 = EDGE_CURVE ( 'NONE', #94, #5497, #522, .T. ) ;
#5529 = CYLINDRICAL_SURFACE ( 'NONE', #5849, 12.00000000000000178 ) ;
#5530 = EDGE_LOOP ( 'NONE', ( #4585, #4772, #3445, #6841 ) ) ;
#5531 = ORIENTED_EDGE ( 'NONE', *, *, #3216, .F. ) ;
#5532 = VERTEX_POINT ( 'NONE', #5433 ) ;
#5533 = EDGE_CURVE ( 'NONE', #2332, #7275, #3050, .T. ) ;
#5534 = CARTESIAN_POINT ( 'NONE',  ( 8.049381239267958676, -127.5219181579499974, -36.08736585543981334 ) ) ;
#5535 = DIRECTION ( 'NONE',  ( -0.000000000000000000, 1.000000000000000000, 0.000000000000000000 ) ) ;
#5536 = CARTESIAN_POINT ( 'NONE',  ( -9.178958929118769206, -22.85282042370565847, -27.14999999477307924 ) ) ;
#5537 = CARTESIAN_POINT ( 'NONE',  ( -8.775213948355878202, -129.3760407418912735, -22.66768330117666252 ) ) ;
#5538 = EDGE_LOOP ( 'NONE', ( #4061, #3012, #2958, #976, #5467, #2032 ) ) ;
#5539 = CARTESIAN_POINT ( 'NONE',  ( -28.00000000000000000, -29.43175911166534675, 13.32889971951089336 ) ) ;
#5540 = CARTESIAN_POINT ( 'NONE',  ( -13.28496546409967216, -30.57976080947714692, -5.670105480240595242 ) ) ;
#5541 = DIRECTION ( 'NONE',  ( 0.000000000000000000, -1.000000000000000000, 0.000000000000000000 ) ) ;
#5542 = DIRECTION ( 'NONE',  ( 0.000000000000000000, 0.000000000000000000, -1.000000000000000000 ) ) ;
#5543 = AXIS2_PLACEMENT_3D ( 'NONE', #4842, #351, #4879 ) ;
#5544 = CYLINDRICAL_SURFACE ( 'NONE', #5429, 1.000000000000000000 ) ;
#5545 = CARTESIAN_POINT ( 'NONE',  ( -8.989933979737578795, -120.5782790369844975, -6.056313603212485575 ) ) ;
#5546 = FACE_OUTER_BOUND ( 'NONE', #7013, .T. ) ;
#5547 = CYLINDRICAL_SURFACE ( 'NONE', #3524, 1.050000000000000488 ) ;
#5548 =( BOUNDED_SURFACE ( )  B_SPLINE_SURFACE ( 3, 2, ( 
 ( #5598, #1162, #4624 ),
 ( #6194, #2945, #1118 ),
 ( #3911, #5090, #6879 ),
 ( #45, #2398, #4506 ),
 ( #3431, #1727, #1767 ),
 ( #4029, #3991, #4661 ),
 ( #5164, #3390, #2364 ),
 ( #3349, #5679, #5201 ),
 ( #6913, #5637, #6235 ),
 ( #599, #6275, #5127 ),
 ( #1803, #6840, #1199 ),
 ( #561, #5048, #2835 ),
 ( #6758, #122, #639 ),
 ( #6155, #2910, #1080 ),
 ( #521, #7316, #1685 ),
 ( #3950, #7, #232 ),
 ( #1380, #1975, #2463 ),
 ( #6490, #6385, #849 ),
 ( #3572, #3645, #5340 ),
 ( #3611, #2534, #2567 ),
 ( #1273, #2498, #5273 ),
 ( #4240, #4694, #6423 ),
 ( #6458, #196, #2431 ),
 ( #751, #1412, #4726 ),
 ( #4756, #5822, #3119 ),
 ( #7020, #3540, #713 ),
 ( #5856, #3676, #5785 ),
 ( #1346, #4789, #4824 ),
 ( #5918, #4135, #6983 ),
 ( #3014, #7052, #1943 ),
 ( #296, #161, #4207 ),
 ( #5889, #784, #6946 ),
 ( #6349, #1908, #1872 ),
 ( #5308, #4169, #3051 ),
 ( #1309, #817, #3086 ),
 ( #2977, #1835, #264 ),
 ( #5372, #4099, #5238 ),
 ( #4890, #333, #991 ),
 ( #5952, #5993, #3265 ),
 ( #5513, #4926, #368 ),
 ( #2118, #437, #6674 ),
 ( #2710, #4381, #5406 ),
 ( #3747, #4963, #2043 ),
 ( #2603, #6636, #400 ),
 ( #7227, #4307, #2157 ),
 ( #6522, #4343, #3860 ),
 ( #474, #6561, #2640 ),
 ( #7156, #4421, #1560 ),
 ( #2673, #2080, #4855 ),
 ( #1483, #883, #922 ) ),
 .UNSPECIFIED., .F., .F., .T. ) 
 B_SPLINE_SURFACE_WITH_KNOTS ( ( 4, 2, 2, 2, 2, 2, 2, 2, 2, 2, 2, 2, 2, 2, 2, 2, 2, 2, 2, 2, 2, 2, 2, 2, 4 ),
 ( 3, 3 ),
 ( 0.03166054035913995479, 0.03363932413158619850, 0.03561810790403244914, 0.03759689167647869978, 0.03858628356270182164, 0.03957567544892494349, 0.04056506733514806534, 0.04155445922137118719, 0.04353324299381743784, 0.04452263488004055969, 0.04551202676626368848, 0.04650141865248681033, 0.04749081053870993219, 0.04848020242493305404, 0.04946959431115617589, 0.05144837808360242654, 0.05243776996982554839, 0.05342716185604867718, 0.05540594562849492088, 0.05738472940094116459, 0.05837412128716429338, 0.05936351317338741523, 0.06035290505961053709, 0.06134229694583366588, 0.06332108071827990958 ),
 ( 0.000000000000000000, 1.000000000000000000 ),
 .UNSPECIFIED. ) 
 GEOMETRIC_REPRESENTATION_ITEM ( )  RATIONAL_B_SPLINE_SURFACE ( (
 ( 1.000000000000000000, 0.8655553264662499968, 1.000000000000000000),
 ( 1.000000000000000000, 0.8645648091148476766, 1.000000000000000000),
 ( 1.000000000000000000, 0.8644500860829529287, 1.000000000000000000),
 ( 1.000000000000000000, 0.8659129328650458923, 1.000000000000000000),
 ( 1.000000000000000000, 0.8674850642141812562, 1.000000000000000000),
 ( 1.000000000000000000, 0.8715167523003245487, 1.000000000000000000),
 ( 1.000000000000000000, 0.8738719944841599752, 1.000000000000000000),
 ( 1.000000000000000000, 0.8768844555152073283, 1.000000000000000000),
 ( 1.000000000000000000, 0.8778048279379214724, 1.000000000000000000),
 ( 1.000000000000000000, 0.8792771241140050487, 1.000000000000000000),
 ( 1.000000000000000000, 0.8798212941316322366, 1.000000000000000000),
 ( 1.000000000000000000, 0.8804298881092943452, 1.000000000000000000),
 ( 1.000000000000000000, 0.8804941827426538969, 1.000000000000000000),
 ( 1.000000000000000000, 0.8800978395539830190, 1.000000000000000000),
 ( 1.000000000000000000, 0.8796300087731622197, 1.000000000000000000),
 ( 1.000000000000000000, 0.8775213463583799722, 1.000000000000000000),
 ( 1.000000000000000000, 0.8751753297279895039, 1.000000000000000000),
 ( 1.000000000000000000, 0.8710794458139367036, 1.000000000000000000),
 ( 1.000000000000000000, 0.8696339895188933689, 1.000000000000000000),
 ( 1.000000000000000000, 0.8668062766966440069, 1.000000000000000000),
 ( 1.000000000000000000, 0.8654175626764515350, 1.000000000000000000),
 ( 1.000000000000000000, 0.8628544307461408769, 1.000000000000000000),
 ( 1.000000000000000000, 0.8616759650741739884, 1.000000000000000000),
 ( 1.000000000000000000, 0.8596991267440107221, 1.000000000000000000),
 ( 1.000000000000000000, 0.8589068807985797971, 1.000000000000000000),
 ( 1.000000000000000000, 0.8577906276082700732, 1.000000000000000000),
 ( 1.000000000000000000, 0.8574665668286923781, 1.000000000000000000),
 ( 1.000000000000000000, 0.8573250586134674167, 1.000000000000000000),
 ( 1.000000000000000000, 0.8575104802480254529, 1.000000000000000000),
 ( 1.000000000000000000, 0.8588077024383833358, 1.000000000000000000),
 ( 1.000000000000000000, 0.8606544083415723634, 1.000000000000000000),
 ( 1.000000000000000000, 0.8642820270447785225, 1.000000000000000000),
 ( 1.000000000000000000, 0.8656354567936259681, 1.000000000000000000),
 ( 1.000000000000000000, 0.8684489570901965383, 1.000000000000000000),
 ( 1.000000000000000000, 0.8698885436854255637, 1.000000000000000000),
 ( 1.000000000000000000, 0.8740425953514343593, 1.000000000000000000),
 ( 1.000000000000000000, 0.8765857020901300922, 1.000000000000000000),
 ( 1.000000000000000000, 0.8799434196311254341, 1.000000000000000000),
 ( 1.000000000000000000, 0.8806556848887130418, 1.000000000000000000),
 ( 1.000000000000000000, 0.8801694566908710993, 1.000000000000000000),
 ( 1.000000000000000000, 0.8797503562708840485, 1.000000000000000000),
 ( 1.000000000000000000, 0.8784988846929312478, 1.000000000000000000),
 ( 1.000000000000000000, 0.8776747989382873705, 1.000000000000000000),
 ( 1.000000000000000000, 0.8757880644690350103, 1.000000000000000000),
 ( 1.000000000000000000, 0.8747256551105815348, 1.000000000000000000),
 ( 1.000000000000000000, 0.8725347997227572705, 1.000000000000000000),
 ( 1.000000000000000000, 0.8714074106323186353, 1.000000000000000000),
 ( 1.000000000000000000, 0.8682727614621050805, 1.000000000000000000),
 ( 1.000000000000000000, 0.8664917827417204510, 1.000000000000000000),
 ( 1.000000000000000000, 0.8655334644490567664, 1.000000000000000000) ) ) 
 REPRESENTATION_ITEM ( '' )  SURFACE ( )  );
#5549 = EDGE_LOOP ( 'NONE', ( #5243, #6696 ) ) ;
#5550 = AXIS2_PLACEMENT_3D ( 'NONE', #4611, #108, #4047 ) ;
#5551 = CARTESIAN_POINT ( 'NONE',  ( -5.316055265282727760, -24.39387378289512398, -26.33920891306254219 ) ) ;
#5552 = CARTESIAN_POINT ( 'NONE',  ( -9.932241792710000183, -89.87985839438502467, -1.520196702183561843 ) ) ;
#5553 = CARTESIAN_POINT ( 'NONE',  ( -10.60186923056319230, -107.2516959367064402, -5.318676827852685030 ) ) ;
#5554 = LINE ( 'NONE', #6528, #5204 ) ;
#5555 = CARTESIAN_POINT ( 'NONE',  ( 12.02936745001385610, -109.8578817286467313, -7.794723290955984041 ) ) ;
#5556 = FACE_OUTER_BOUND ( 'NONE', #1855, .T. ) ;
#5557 = ORIENTED_EDGE ( 'NONE', *, *, #538, .F. ) ;
#5558 = DIRECTION ( 'NONE',  ( -0.000000000000000000, -0.000000000000000000, -1.000000000000000000 ) ) ;
#5559 = CARTESIAN_POINT ( 'NONE',  ( 2.806854249492377384, -6.993145750507620662, -30.15000000000000568 ) ) ;
#5560 = FACE_OUTER_BOUND ( 'NONE', #2837, .T. ) ;
#5561 = CARTESIAN_POINT ( 'NONE',  ( 0.9553004939347418123, -108.0351127938019857, -2.600476400623110251 ) ) ;
#5562 =( GEOMETRIC_REPRESENTATION_CONTEXT ( 3 ) GLOBAL_UNCERTAINTY_ASSIGNED_CONTEXT ( ( #3023 ) ) GLOBAL_UNIT_ASSIGNED_CONTEXT ( ( #6541, #2481, #2446 ) ) REPRESENTATION_CONTEXT ( 'NONE', 'WORKASPACE' ) );
#5563 = ADVANCED_FACE ( 'NONE', ( #7109 ), #4919, .F. ) ;
#5564 = DIRECTION ( 'NONE',  ( 0.000000000000000000, -0.000000000000000000, 1.000000000000000000 ) ) ;
#5565 = EDGE_LOOP ( 'NONE', ( #2377, #7119, #4007, #4507 ) ) ;
#5566 = ORIENTED_EDGE ( 'NONE', *, *, #5073, .T. ) ;
#5567 = ORIENTED_EDGE ( 'NONE', *, *, #5042, .F. ) ;
#5568 = CARTESIAN_POINT ( 'NONE',  ( 15.10825062006262876, -136.3172885626479172, -30.65811989647216862 ) ) ;
#5569 = CC_DESIGN_DATE_AND_TIME_ASSIGNMENT ( #899, #174, ( #1964 ) ) ;
#5570 = CARTESIAN_POINT ( 'NONE',  ( 8.499999999999969802, -3.299999999999976286, 25.15000000000000213 ) ) ;
#5571 = CARTESIAN_POINT ( 'NONE',  ( 9.624999999999737099, -8.654551732809668607, 23.15000000000000213 ) ) ;
#5572 = VECTOR ( 'NONE', #5525, 1000.000000000000000 ) ;
#5573 = ADVANCED_FACE ( 'NONE', ( #324 ), #5984, .T. ) ;
#5574 = DIRECTION ( 'NONE',  ( -1.000000000000000000, 0.000000000000000000, 0.000000000000000000 ) ) ;
#5575 = AXIS2_PLACEMENT_3D ( 'NONE', #1391, #2374, #6889 ) ;
#5576 = DIRECTION ( 'NONE',  ( -1.000000000000000000, 0.000000000000000000, 0.000000000000000000 ) ) ;
#5577 = ORIENTED_EDGE ( 'NONE', *, *, #2300, .T. ) ;
#5578 = CARTESIAN_POINT ( 'NONE',  ( -1.105710705171619299E-14, -29.43175911166533254, 13.32889971951089159 ) ) ;
#5579 = CARTESIAN_POINT ( 'NONE',  ( -13.94284899922982390, -25.29999999999999361, -1.985995151972518968 ) ) ;
#5580 = AXIS2_PLACEMENT_3D ( 'NONE', #5948, #880, #3148 ) ;
#5581 = EDGE_CURVE ( 'NONE', #4108, #3703, #289, .T. ) ;
#5582 = FACE_BOUND ( 'NONE', #6886, .T. ) ;
#5583 = CARTESIAN_POINT ( 'NONE',  ( -5.834507100787637235, -105.3089555915466633, -1.343653488496959536 ) ) ;
#5584 = DIRECTION ( 'NONE',  ( 0.000000000000000000, 0.000000000000000000, -1.000000000000000000 ) ) ;
#5585 = CARTESIAN_POINT ( 'NONE',  ( -0.6945377073449081617, -122.9205321072674479, -3.155693352942731345 ) ) ;
#5586 = VERTEX_POINT ( 'NONE', #2035 ) ;
#5587 = CARTESIAN_POINT ( 'NONE',  ( -2.850000000000003642, -12.65000000000000036, -29.15000000000000568 ) ) ;
#5588 = DIRECTION ( 'NONE',  ( 0.000000000000000000, 1.000000000000000000, 0.000000000000000000 ) ) ;
#5589 = VERTEX_POINT ( 'NONE', #4300 ) ;
#5590 = DIRECTION ( 'NONE',  ( 0.000000000000000000, 1.000000000000000000, 0.000000000000000000 ) ) ;
#5591 = CARTESIAN_POINT ( 'NONE',  ( 15.32499999999973817, -8.654551732809666831, 20.15000000000000213 ) ) ;
#5592 = CARTESIAN_POINT ( 'NONE',  ( -10.05124786944851500, -109.4189149460880230, -4.922258630677618818 ) ) ;
#5593 = CARTESIAN_POINT ( 'NONE',  ( -3.478173194040011573, -122.6662863980220521, -3.548848993105081284 ) ) ;
#5594 = FACE_OUTER_BOUND ( 'NONE', #6183, .T. ) ;
#5595 = CARTESIAN_POINT ( 'NONE',  ( 12.47499999999974030, -7.009103465619234363, 20.15000000000000213 ) ) ;
#5596 = ORIENTED_EDGE ( 'NONE', *, *, #4556, .T. ) ;
#5597 = CYLINDRICAL_SURFACE ( 'NONE', #316, 16.00000000000000000 ) ;
#5598 = CARTESIAN_POINT ( 'NONE',  ( -1.140212240571266467, -91.22691820378133798, 0.3423455907745106552 ) ) ;
#5599 = ORIENTED_EDGE ( 'NONE', *, *, #1596, .F. ) ;
#5600 = DIRECTION ( 'NONE',  ( -1.000000000000000000, 0.000000000000000000, 0.000000000000000000 ) ) ;
#5601 = CYLINDRICAL_SURFACE ( 'NONE', #3470, 6.499999999999992006 ) ;
#5602 = DIRECTION ( 'NONE',  ( 0.000000000000000000, 0.000000000000000000, 1.000000000000000000 ) ) ;
#5603 = DIRECTION ( 'NONE',  ( -1.000000000000000000, -1.734723475976807094E-15, 0.000000000000000000 ) ) ;
#5604 = AXIS2_PLACEMENT_3D ( 'NONE', #1544, #3808, #4807 ) ;
#5605 = CARTESIAN_POINT ( 'NONE',  ( 3.404035859904939620, -122.6940152647559472, -3.511332784234347582 ) ) ;
#5606 = CARTESIAN_POINT ( 'NONE',  ( -5.850000000000003197, 2.999999999999999112, -28.15000000000000568 ) ) ;
#5607 = ORIENTED_EDGE ( 'NONE', *, *, #3475, .F. ) ;
#5608 = AXIS2_PLACEMENT_3D ( 'NONE', #3449, #5541, #4488 ) ;
#5609 = CARTESIAN_POINT ( 'NONE',  ( 10.46340068710298610, -127.1057644992191484, -34.28652650426373327 ) ) ;
#5610 = CARTESIAN_POINT ( 'NONE',  ( -2.850000000000004086, -12.65000000000000036, -27.15000000000000213 ) ) ;
#5612 = ADVANCED_FACE ( 'NONE', ( #5469 ), #6552, .F. ) ;
#5611 = DIRECTION ( 'NONE',  ( -0.000000000000000000, -0.000000000000000000, 1.000000000000000000 ) ) ;
#5613 = TOROIDAL_SURFACE ( 'NONE', #7157, 6.000000000000000000, 10.00000000000000000 ) ;
#5614 = AXIS2_PLACEMENT_3D ( 'NONE', #4608, #2736, #2772 ) ;
#5615 = CARTESIAN_POINT ( 'NONE',  ( -5.480823675063209777, -24.35927463682091698, -25.46482046911026487 ) ) ;
#5616 = VERTEX_POINT ( 'NONE', #2148 ) ;
#5617 = PLANE ( 'NONE',  #4533 ) ;
#5618 = LINE ( 'NONE', #5109, #4210 ) ;
#5619 = CARTESIAN_POINT ( 'NONE',  ( 3.856854249492378983, -6.993145750507620662, -28.15000000000000213 ) ) ;
#5620 = EDGE_CURVE ( 'NONE', #1661, #2005, #3805, .T. ) ;
#5621 = AXIS2_PLACEMENT_3D ( 'NONE', #336, #4859, #6566 ) ;
#5622 = CARTESIAN_POINT ( 'NONE',  ( -9.294655033357997809, 4.000000000000000000, 9.294655033358020901 ) ) ;
#5623 = CARTESIAN_POINT ( 'NONE',  ( -24.85710678118654471, -24.29999999999999716, 17.44289321881345600 ) ) ;
#5624 = ADVANCED_FACE ( 'NONE', ( #3330, #1710, #7333, #3972, #2854 ), #5660, .F. ) ;
#5625 = EDGE_LOOP ( 'NONE', ( #889, #6780 ) ) ;
#5626 = CARTESIAN_POINT ( 'NONE',  ( 19.14999999999999503, 2.999999999999999112, -19.14999999999999858 ) ) ;
#5627 = ORIENTED_EDGE ( 'NONE', *, *, #7005, .T. ) ;
#5628 = EDGE_CURVE ( 'NONE', #7063, #276, #5618, .T. ) ;
#5629 = CARTESIAN_POINT ( 'NONE',  ( 21.73578643762688856, 2.999999999999999112, -24.15000000000000568 ) ) ;
#5630 = CARTESIAN_POINT ( 'NONE',  ( -5.382028253007439034, -90.64424588723002785, 1.465686459131621655 ) ) ;
#5631 = CARTESIAN_POINT ( 'NONE',  ( -4.267037560163099208, -108.2975751116425442, -3.224117589333169054 ) ) ;
#5632 = CARTESIAN_POINT ( 'NONE',  ( 20.14999999999999503, 2.999999999999999112, -19.14999999999999858 ) ) ;
#5633 = CARTESIAN_POINT ( 'NONE',  ( -14.85000000000000497, -12.64999999999999858, -27.15000000000000213 ) ) ;
#5634 = CARTESIAN_POINT ( 'NONE',  ( -15.08391145112352127, -125.2255598464823976, -27.10546292574542449 ) ) ;
#5635 = ORIENTED_EDGE ( 'NONE', *, *, #6959, .T. ) ;
#5636 = CARTESIAN_POINT ( 'NONE',  ( -0.3839447347173687297, -24.39387378289514174, -26.33920891306252088 ) ) ;
#5637 = CARTESIAN_POINT ( 'NONE',  ( 6.448552050641661815, -90.80198799340598725, 0.9435321525251393338 ) ) ;
#5638 = ORIENTED_EDGE ( 'NONE', *, *, #1453, .F. ) ;
#5639 = CARTESIAN_POINT ( 'NONE',  ( -7.456854249492383957, -6.993145750507621550, -30.15000000000000568 ) ) ;
#5640 = CARTESIAN_POINT ( 'NONE',  ( -12.64911064067356428, -118.6470731091506252, -10.52558012570933244 ) ) ;
#5641 = DIRECTION ( 'NONE',  ( 0.000000000000000000, 1.000000000000000000, 0.000000000000000000 ) ) ;
#5642 = AXIS2_PLACEMENT_3D ( 'NONE', #4999, #6224, #7341 ) ;
#5643 = CARTESIAN_POINT ( 'NONE',  ( 22.15000000000000568, 2.999999999999999112, 25.15000000000000213 ) ) ;
#5644 = ORIENTED_EDGE ( 'NONE', *, *, #2339, .F. ) ;
#5645 = ORIENTED_EDGE ( 'NONE', *, *, #2056, .F. ) ;
#5646 = AXIS2_PLACEMENT_3D ( 'NONE', #393, #356, #4918 ) ;
#5647 = ORIENTED_EDGE ( 'NONE', *, *, #4051, .T. ) ;
#5648 = ORIENTED_EDGE ( 'NONE', *, *, #3234, .F. ) ;
#5649 = CARTESIAN_POINT ( 'NONE',  ( 2.157391999166152097, -132.8700404241444915, -30.28957195969866589 ) ) ;
#5650 = DIRECTION ( 'NONE',  ( -6.897508850802415061E-17, -0.000000000000000000, -1.000000000000000000 ) ) ;
#5651 = CARTESIAN_POINT ( 'NONE',  ( -6.784699801372479300, -117.5572931622128436, -5.924521691017196723 ) ) ;
#5652 = AXIS2_PLACEMENT_3D ( 'NONE', #5777, #2177, #6778 ) ;
#5653 = DIRECTION ( 'NONE',  ( -0.000000000000000000, -0.000000000000000000, 1.000000000000000000 ) ) ;
#5654 = ORIENTED_EDGE ( 'NONE', *, *, #7031, .F. ) ;
#5655 = AXIS2_PLACEMENT_3D ( 'NONE', #3795, #4939, #2651 ) ;
#5656 = DIRECTION ( 'NONE',  ( -0.000000000000000000, 1.000000000000000000, 0.000000000000000000 ) ) ;
#5657 = CARTESIAN_POINT ( 'NONE',  ( -12.36578499623053595, -96.21148947292886078, -5.996727888821315133 ) ) ;
#5658 = CARTESIAN_POINT ( 'NONE',  ( 2.146476370910897380, -24.29999999999999716, 21.14999999999999858 ) ) ;
#5659 = DIRECTION ( 'NONE',  ( -2.812538085595988943E-16, -0.9848077530122080203, -0.1736481776669306920 ) ) ;
#5660 = PLANE ( 'NONE',  #3844 ) ;
#5661 = FACE_OUTER_BOUND ( 'NONE', #1461, .T. ) ;
#5662 = DIRECTION ( 'NONE',  ( -1.000000000000000000, 0.000000000000000000, 0.000000000000000000 ) ) ;
#5663 = CARTESIAN_POINT ( 'NONE',  ( -4.981557321385048809, -0.8400776797826188247, -29.15000000000000568 ) ) ;
#5664 = ORIENTED_EDGE ( 'NONE', *, *, #2476, .T. ) ;
#5665 = ADVANCED_FACE ( 'NONE', ( #1139 ), #1747, .T. ) ;
#5666 = DIRECTION ( 'NONE',  ( 0.000000000000000000, 0.000000000000000000, 1.000000000000000000 ) ) ;
#5667 = FACE_OUTER_BOUND ( 'NONE', #55, .T. ) ;
#5668 = ORIENTED_EDGE ( 'NONE', *, *, #7045, .T. ) ;
#5669 = ADVANCED_FACE ( 'NONE', ( #580 ), #646, .F. ) ;
#5670 = CARTESIAN_POINT ( 'NONE',  ( -2.761387918140103981, -91.30933969735627898, 0.1278368007989576227 ) ) ;
#5671 = CARTESIAN_POINT ( 'NONE',  ( -8.509973125999232835, -110.9879401226978075, -6.083358750651052027 ) ) ;
#5672 = SPHERICAL_SURFACE ( 'NONE', #4914, 1.000000000000000000 ) ;
#5673 = DIRECTION ( 'NONE',  ( 8.881784197001254296E-16, 0.1736481776669302757, -0.9848077530122081313 ) ) ;
#5674 = ADVANCED_FACE ( 'NONE', ( #2892, #5582 ), #5070, .T. ) ;
#5675 = CIRCLE ( 'NONE', #2131, 4.099999999999999645 ) ;
#5676 = CARTESIAN_POINT ( 'NONE',  ( -6.688231224909776174, -127.6891754509472605, -36.83391102224086922 ) ) ;
#5677 = ORIENTED_EDGE ( 'NONE', *, *, #4112, .F. ) ;
#5678 = CARTESIAN_POINT ( 'NONE',  ( -8.779721433960087751, -97.06609169896115930, -3.922626731450738813 ) ) ;
#5679 = CARTESIAN_POINT ( 'NONE',  ( 6.111467728837915558, -90.74415836010841474, 1.121637589124186318 ) ) ;
#5680 = ADVANCED_FACE ( 'NONE', ( #1101 ), #4045, .F. ) ;
#5681 = ORIENTED_EDGE ( 'NONE', *, *, #274, .T. ) ;
#5682 = CARTESIAN_POINT ( 'NONE',  ( 24.14999999999999503, 3.000000000000000000, 21.73578643762690277 ) ) ;
#5683 = CARTESIAN_POINT ( 'NONE',  ( -24.85710678118654471, -24.29999999999999716, -22.44289321881345600 ) ) ;
#5684 = CARTESIAN_POINT ( 'NONE',  ( 3.049999999999999378, -12.65000000000000036, -20.15000000000000213 ) ) ;
#5685 = ORIENTED_EDGE ( 'NONE', *, *, #4456, .F. ) ;
#5686 = ORIENTED_EDGE ( 'NONE', *, *, #1997, .T. ) ;
#5687 = ORIENTED_EDGE ( 'NONE', *, *, #4016, .F. ) ;
#5688 = CARTESIAN_POINT ( 'NONE',  ( -7.906976432377895492, -130.6784748605525124, -25.28748027162596301 ) ) ;
#5689 = DIRECTION ( 'NONE',  ( -1.000000000000000000, 0.000000000000000000, 6.897508850802415061E-17 ) ) ;
#5690 = DIRECTION ( 'NONE',  ( 6.897508850802412596E-17, 0.000000000000000000, -1.000000000000000000 ) ) ;
#5691 = CYLINDRICAL_SURFACE ( 'NONE', #6608, 16.00000000000000000 ) ;
#5692 = EDGE_LOOP ( 'NONE', ( #4604, #2547, #589 ) ) ;
#5693 = DIRECTION ( 'NONE',  ( -1.000000000000000000, 0.000000000000000000, 0.000000000000000000 ) ) ;
#5694 = CARTESIAN_POINT ( 'NONE',  ( 7.016109438462357240, -29.54651312155264975, 11.42976312876050216 ) ) ;
#5695 = CARTESIAN_POINT ( 'NONE',  ( -10.65606891897715514, -25.29999999999999005, -9.456568293993740326 ) ) ;
#5696 = AXIS2_PLACEMENT_3D ( 'NONE', #7010, #6445, #5261 ) ;
#5697 = LINE ( 'NONE', #467, #3614 ) ;
#5698 = CARTESIAN_POINT ( 'NONE',  ( -4.767914868010468155, -25.30000000000000071, -24.16888476152133691 ) ) ;
#5699 = AXIS2_PLACEMENT_3D ( 'NONE', #5610, #2845, #4437 ) ;
#5700 = DIRECTION ( 'NONE',  ( -6.897508850802415061E-17, 0.000000000000000000, -1.000000000000000000 ) ) ;
#5701 = AXIS2_PLACEMENT_3D ( 'NONE', #132, #5865, #4144 ) ;
#5702 = DIRECTION ( 'NONE',  ( -6.897508850802412596E-17, -0.000000000000000000, 1.000000000000000000 ) ) ;
#5703 = ORIENTED_EDGE ( 'NONE', *, *, #4500, .T. ) ;
#5704 = AXIS2_PLACEMENT_3D ( 'NONE', #1409, #3673, #1441 ) ;
#5705 = CARTESIAN_POINT ( 'NONE',  ( 24.14999999999999147, -24.29999999999999716, 21.73578643762690987 ) ) ;
#5706 = CARTESIAN_POINT ( 'NONE',  ( -2.360208249683648063, -25.07099341577688989, -24.85008874058607375 ) ) ;
#5707 = VECTOR ( 'NONE', #5729, 1000.000000000000000 ) ;
#5708 = CARTESIAN_POINT ( 'NONE',  ( -8.805440840620240905, -113.6230795559510938, -6.872309917718317784 ) ) ;
#5709 = EDGE_CURVE ( 'NONE', #4535, #1634, #988, .T. ) ;
#5710 = CARTESIAN_POINT ( 'NONE',  ( -11.05644286402351995, -111.4763382125542250, -6.325292078784603866 ) ) ;
#5711 = ADVANCED_FACE ( 'NONE', ( #1664 ), #2346, .T. ) ;
#5712 = DIRECTION ( 'NONE',  ( 6.897508850802415061E-17, -0.000000000000000000, 1.000000000000000000 ) ) ;
#5713 = DIRECTION ( 'NONE',  ( 1.000000000000000000, 0.000000000000000000, 0.000000000000000000 ) ) ;
#5714 = CARTESIAN_POINT ( 'NONE',  ( 10.64999999999996838, -3.299999999999976730, 15.15000000000000213 ) ) ;
#5715 = EDGE_LOOP ( 'NONE', ( #5935, #5, #1017, #2819 ) ) ;
#5716 = CARTESIAN_POINT ( 'NONE',  ( -7.165148263936663042, -100.4326806328327137, -3.137765208587628862 ) ) ;
#5717 = CARTESIAN_POINT ( 'NONE',  ( 12.79999999999998828, -17.30000000000002203, 25.15000000000000213 ) ) ;
#5718 = ORIENTED_EDGE ( 'NONE', *, *, #3378, .F. ) ;
#5719 = CARTESIAN_POINT ( 'NONE',  ( -7.953853133775525386, -102.2021392221211045, -1.956086592708828675 ) ) ;
#5720 = ADVANCED_FACE ( 'NONE', ( #1180 ), #502, .T. ) ;
#5721 = DIRECTION ( 'NONE',  ( -0.000000000000000000, -0.000000000000000000, 1.000000000000000000 ) ) ;
#5722 = DIRECTION ( 'NONE',  ( 2.595324257062149123E-16, 1.000000000000000000, -0.000000000000000000 ) ) ;
#5723 = ORIENTED_EDGE ( 'NONE', *, *, #996, .T. ) ;
#5724 = EDGE_CURVE ( 'NONE', #5843, #2566, #5697, .T. ) ;
#5725 = ORIENTED_EDGE ( 'NONE', *, *, #3452, .F. ) ;
#5726 = ORIENTED_EDGE ( 'NONE', *, *, #1133, .T. ) ;
#5727 = CARTESIAN_POINT ( 'NONE',  ( -8.623448604344995161, -129.7207824761528059, -23.33539983042791022 ) ) ;
#5728 = SPHERICAL_SURFACE ( 'NONE', #6645, 1.000000000000000000 ) ;
#5729 = DIRECTION ( 'NONE',  ( 1.000000000000000000, -0.000000000000000000, -0.000000000000000000 ) ) ;
#5730 = EDGE_CURVE ( 'NONE', #2784, #938, #1245, .T. ) ;
#5731 = CARTESIAN_POINT ( 'NONE',  ( 11.20736750053268693, -112.4383803156477910, -6.664941158258741893 ) ) ;
#5732 = ORIENTED_EDGE ( 'NONE', *, *, #2281, .T. ) ;
#5733 = CARTESIAN_POINT ( 'NONE',  ( -21.73578643762691343, -24.29999999999999716, -24.15000000000000568 ) ) ;
#5734 = CARTESIAN_POINT ( 'NONE',  ( 16.48880038113375690, -25.29999999999999361, 8.628585750068824112 ) ) ;
#5735 = CARTESIAN_POINT ( 'NONE',  ( -8.539857086086781734, -29.60965504882923227, 10.38478749246937483 ) ) ;
#5736 = CARTESIAN_POINT ( 'NONE',  ( 0.5265973414012951048, -122.9162637106596208, -3.162491114395336922 ) ) ;
#5737 = CARTESIAN_POINT ( 'NONE',  ( 3.297185422823072365, -24.61970276042895378, -25.10560955025685459 ) ) ;
#5738 = AXIS2_PLACEMENT_3D ( 'NONE', #429, #3258, #5505 ) ;
#5739 = CARTESIAN_POINT ( 'NONE',  ( -7.456854249492383957, -6.993145750507621550, -28.15000000000000213 ) ) ;
#5740 = CARTESIAN_POINT ( 'NONE',  ( -11.65435461284482521, -116.9200142722052931, -8.434290509345053977 ) ) ;
#5741 = ORIENTED_EDGE ( 'NONE', *, *, #3678, .T. ) ;
#5742 = CARTESIAN_POINT ( 'NONE',  ( -7.601356556220545180, -46.31735951358776759, -15.80690185565285510 ) ) ;
#5743 = CARTESIAN_POINT ( 'NONE',  ( 12.12761573482465138, -124.9549864182065164, -14.85838637098462023 ) ) ;
#5744 = CARTESIAN_POINT ( 'NONE',  ( -0.9112174465291416059, -25.29999999999999716, -24.57981252336103850 ) ) ;
#5745 = CARTESIAN_POINT ( 'NONE',  ( -6.511103626992695403, -108.9145019198146258, -4.247338204327378186 ) ) ;
#5746 = CARTESIAN_POINT ( 'NONE',  ( 1.649135813773304315, -102.2754773077929968, -1.642035141117587527 ) ) ;
#5747 = CARTESIAN_POINT ( 'NONE',  ( -8.188173001965248332, -115.9161102927728990, -6.645754025349073224 ) ) ;
#5748 = CARTESIAN_POINT ( 'NONE',  ( 0.1499999999999958589, -1.031049961377747737, -28.15000000000000568 ) ) ;
#5749 = VERTEX_POINT ( 'NONE', #4993 ) ;
#5750 = LINE ( 'NONE', #2869, #1278 ) ;
#5751 = ORIENTED_EDGE ( 'NONE', *, *, #1466, .T. ) ;
#5752 = CARTESIAN_POINT ( 'NONE',  ( -7.438119164813119966, -100.1659375947501189, -3.274660483085019003 ) ) ;
#5753 = CARTESIAN_POINT ( 'NONE',  ( -38.00000000000002842, -25.29999999999999716, -20.33327276708632070 ) ) ;
#5754 = CARTESIAN_POINT ( 'NONE',  ( -0.4864941310680533371, -25.01652771091972483, -24.84900516312749730 ) ) ;
#5755 = ORIENTED_EDGE ( 'NONE', *, *, #5094, .T. ) ;
#5756 = EDGE_CURVE ( 'NONE', #3644, #1402, #2435, .T. ) ;
#5757 = EDGE_LOOP ( 'NONE', ( #2251, #1283, #6122, #225, #348 ) ) ;
#5758 = CARTESIAN_POINT ( 'NONE',  ( -2.574279992271743644, -132.8252579375797779, -30.17889048774861038 ) ) ;
#5759 = VECTOR ( 'NONE', #2975, 1000.000000000000000 ) ;
#5760 = DIRECTION ( 'NONE',  ( -6.897508850802415061E-17, 0.000000000000000000, -1.000000000000000000 ) ) ;
#5761 = CARTESIAN_POINT ( 'NONE',  ( 5.560689933284015396, -24.29999999999999716, 24.14999999999999858 ) ) ;
#5762 = AXIS2_PLACEMENT_3D ( 'NONE', #2133, #1008, #5014 ) ;
#5763 = ADVANCED_FACE ( 'NONE', ( #6137 ), #1061, .T. ) ;
#5764 = CIRCLE ( 'NONE', #2576, 1.000000000000000888 ) ;
#5765 = CARTESIAN_POINT ( 'NONE',  ( 11.59391228702694576, -108.6584878669200407, -6.885763226802488646 ) ) ;
#5766 = CIRCLE ( 'NONE', #6597, 1.000000000000000000 ) ;
#5767 = ORIENTED_EDGE ( 'NONE', *, *, #868, .T. ) ;
#5768 = EDGE_CURVE ( 'NONE', #3516, #6428, #875, .T. ) ;
#5769 = DIRECTION ( 'NONE',  ( -0.000000000000000000, 0.000000000000000000, 1.000000000000000000 ) ) ;
#5770 = CARTESIAN_POINT ( 'NONE',  ( 1.924921556074730928E-14, -25.29999999999999361, 18.25293848457193135 ) ) ;
#5771 = CARTESIAN_POINT ( 'NONE',  ( -9.251574508425337129, -29.64587876528564081, 9.785298329105740933 ) ) ;
#5772 = DIRECTION ( 'NONE',  ( 1.000000000000000000, 0.000000000000000000, 0.000000000000000000 ) ) ;
#5773 = CARTESIAN_POINT ( 'NONE',  ( 12.71022458169457536, -57.11755631781426246, 0.1915212803742376568 ) ) ;
#5774 = CARTESIAN_POINT ( 'NONE',  ( 20.14999999999999503, -20.30000000000000071, 20.15000000000000213 ) ) ;
#5775 = AXIS2_PLACEMENT_3D ( 'NONE', #4896, #338, #3122 ) ;
#5776 = CARTESIAN_POINT ( 'NONE',  ( -10.74423098317103253, -107.4013952733205599, -5.517400622477233618 ) ) ;
#5777 = CARTESIAN_POINT ( 'NONE',  ( -2.850000000000001865, -4.649999999999997691, -28.15000000000000213 ) ) ;
#5778 = CARTESIAN_POINT ( 'NONE',  ( 13.14287581632119739, -123.4436768727782265, -13.91609217641828344 ) ) ;
#5779 = CARTESIAN_POINT ( 'NONE',  ( -25.15000000000000213, -25.30000000000000071, -25.15000000000000213 ) ) ;
#5780 = CARTESIAN_POINT ( 'NONE',  ( 6.503938370464962482, -100.9322128925510924, -2.836036609574571710 ) ) ;
#5781 = CARTESIAN_POINT ( 'NONE',  ( -4.298780052110418914, -118.6657285471431749, -5.061857813232597536 ) ) ;
#5782 = DIRECTION ( 'NONE',  ( -0.7071067811865466846, -0.000000000000000000, 0.7071067811865483499 ) ) ;
#5783 = VERTEX_POINT ( 'NONE', #1895 ) ;
#5784 = CARTESIAN_POINT ( 'NONE',  ( -8.805440840620239129, -96.80672538838091157, -3.907132960826447565 ) ) ;
#5785 = CARTESIAN_POINT ( 'NONE',  ( 12.35183835873432301, -95.37187916447686575, -5.822122674818552390 ) ) ;
#5786 = ORIENTED_EDGE ( 'NONE', *, *, #6407, .F. ) ;
#5787 = CARTESIAN_POINT ( 'NONE',  ( -1.122712165820058993E-14, -31.16824088833465467, -15.40923400202533955 ) ) ;
#5788 = CARTESIAN_POINT ( 'NONE',  ( -21.15000000000000213, 4.000000000000000000, -19.14999999999999858 ) ) ;
#5789 = CARTESIAN_POINT ( 'NONE',  ( 0.000000000000000000, 4.000000000000000000, 24.15000000000000213 ) ) ;
#5790 = ORIENTED_EDGE ( 'NONE', *, *, #4237, .F. ) ;
#5791 = VERTEX_POINT ( 'NONE', #2485 ) ;
#5792 = CARTESIAN_POINT ( 'NONE',  ( -3.317385009219553815, -132.7009809050759372, -29.87560217965610221 ) ) ;
#5793 = CYLINDRICAL_SURFACE ( 'NONE', #257, 1.050000000000000488 ) ;
#5794 = CARTESIAN_POINT ( 'NONE',  ( -4.950000000000002842, -4.649999999999997691, -20.15000000000000213 ) ) ;
#5795 = EDGE_CURVE ( 'NONE', #7242, #16, #4194, .T. ) ;
#5796 = EDGE_CURVE ( 'NONE', #4844, #2137, #6557, .T. ) ;
#5797 = CARTESIAN_POINT ( 'NONE',  ( 4.790712002432487182, -105.1634694236793592, -0.8500412157146848280 ) ) ;
#5798 = ORIENTED_EDGE ( 'NONE', *, *, #3728, .F. ) ;
#5799 = CARTESIAN_POINT ( 'NONE',  ( -0.7183875949686406859, -0.8400869906182284463, -29.15000000000000924 ) ) ;
#5800 = CARTESIAN_POINT ( 'NONE',  ( 6.122097509409996086, -25.29999999999999361, 17.26756442547856807 ) ) ;
#5801 = CARTESIAN_POINT ( 'NONE',  ( -16.48880038113444968, -25.29999999999999361, 8.628585750068934246 ) ) ;
#5802 = ORIENTED_EDGE ( 'NONE', *, *, #2192, .F. ) ;
#5803 = CARTESIAN_POINT ( 'NONE',  ( 1.313808633793430491, -122.8863490562295340, -3.209877267528516764 ) ) ;
#5804 = CARTESIAN_POINT ( 'NONE',  ( 9.393339124144713281, -46.83111327895112197, -14.51610163683214694 ) ) ;
#5805 = EDGE_CURVE ( 'NONE', #254, #4517, #1111, .T. ) ;
#5806 = AXIS2_PLACEMENT_3D ( 'NONE', #863, #3103, #4290 ) ;
#5807 = CARTESIAN_POINT ( 'NONE',  ( -11.82731994801922681, -109.1631579773818430, -7.332846348457539243 ) ) ;
#5808 = CARTESIAN_POINT ( 'NONE',  ( -13.26601285892964910, -55.01913629975628339, -0.8495838822732789675 ) ) ;
#5809 = CARTESIAN_POINT ( 'NONE',  ( 13.32651725963015821, -121.9227280513803606, -12.83475115394580968 ) ) ;
#5810 = EDGE_CURVE ( 'NONE', #1069, #3690, #1296, .T. ) ;
#5811 = VECTOR ( 'NONE', #1075, 1000.000000000000000 ) ;
#5812 = DIRECTION ( 'NONE',  ( -6.897508850802415061E-17, -0.000000000000000000, -1.000000000000000000 ) ) ;
#5813 = CIRCLE ( 'NONE', #2405, 4.000000000000000888 ) ;
#5814 = TOROIDAL_SURFACE ( 'NONE', #7118, 11.00000000000000355, 1.000000000000000000 ) ;
#5815 = CARTESIAN_POINT ( 'NONE',  ( -2.444997047266383561, -108.1027366637184599, -2.779541085144550561 ) ) ;
#5816 = CIRCLE ( 'NONE', #2522, 1.049999999999998934 ) ;
#5817 = CARTESIAN_POINT ( 'NONE',  ( -7.586822277906543732, -116.8166982065372537, -6.317562171981945696 ) ) ;
#5818 = CIRCLE ( 'NONE', #2631, 5.099999999999998757 ) ;
#5819 = DIRECTION ( 'NONE',  ( -0.7071067811865483499, -0.000000000000000000, -0.7071067811865466846 ) ) ;
#5820 = ORIENTED_EDGE ( 'NONE', *, *, #2633, .F. ) ;
#5821 = CARTESIAN_POINT ( 'NONE',  ( -8.191025354472419195, -93.48699414493762561, -2.683740971889849281 ) ) ;
#5822 = CARTESIAN_POINT ( 'NONE',  ( 11.15233499133322326, -95.15292857950551308, -3.554674976361601235 ) ) ;
#5823 = CIRCLE ( 'NONE', #1089, 2.149999999999999023 ) ;
#5824 = CARTESIAN_POINT ( 'NONE',  ( -5.421759683069379498, -103.2237685379356691, -0.7692330814944843276 ) ) ;
#5825 = FACE_OUTER_BOUND ( 'NONE', #6690, .T. ) ;
#5826 = DIRECTION ( 'NONE',  ( 8.881784197001254296E-16, 0.1736481776669302757, -0.9848077530122081313 ) ) ;
#5827 = ORIENTED_EDGE ( 'NONE', *, *, #4229, .T. ) ;
#5828 = ORIENTED_EDGE ( 'NONE', *, *, #5852, .F. ) ;
#5829 = CARTESIAN_POINT ( 'NONE',  ( -1.015973858119049389, -132.9645493909779930, -30.52309057592342256 ) ) ;
#5830 = CARTESIAN_POINT ( 'NONE',  ( -10.10510547579308138, -125.9947462738687562, -16.01807261006378269 ) ) ;
#5831 = CARTESIAN_POINT ( 'NONE',  ( 24.14999999999999147, 3.000000000000000000, 21.73578643762690277 ) ) ;
#5832 = CARTESIAN_POINT ( 'NONE',  ( 9.953835280602046254, -106.7112063120132319, -4.510931087610457801 ) ) ;
#5833 = ORIENTED_EDGE ( 'NONE', *, *, #4732, .F. ) ;
#5834 = ORIENTED_EDGE ( 'NONE', *, *, #819, .F. ) ;
#5835 = DIRECTION ( 'NONE',  ( 0.000000000000000000, -0.1736481776669311916, 0.9848077530122079093 ) ) ;
#5836 = CARTESIAN_POINT ( 'NONE',  ( 1.832573057738422051, -29.43735586873860655, 13.23627545169609476 ) ) ;
#5837 = EDGE_CURVE ( 'NONE', #7275, #6365, #1721, .T. ) ;
#5838 = CARTESIAN_POINT ( 'NONE',  ( -15.10704488636226017, -25.29999999999999361, 10.72843034384406913 ) ) ;
#5839 = EDGE_LOOP ( 'NONE', ( #3652, #4558, #93, #5566 ) ) ;
#5840 = CARTESIAN_POINT ( 'NONE',  ( 24.44289321881344890, -25.30000000000000071, -21.44289321881345955 ) ) ;
#5841 = CARTESIAN_POINT ( 'NONE',  ( -5.850000000000004974, -0.5137231774626902503, -25.81899520417940153 ) ) ;
#5843 = VERTEX_POINT ( 'NONE', #4745 ) ;
#5842 = FACE_OUTER_BOUND ( 'NONE', #2702, .T. ) ;
#5844 = CARTESIAN_POINT ( 'NONE',  ( 19.14999999999999503, 4.000000000000000000, 21.15000000000000213 ) ) ;
#5845 = EDGE_CURVE ( 'NONE', #1402, #4108, #6930, .T. ) ;
#5846 = DIRECTION ( 'NONE',  ( 0.000000000000000000, -0.000000000000000000, -1.000000000000000000 ) ) ;
#5847 = DIRECTION ( 'NONE',  ( -0.9913137904063028527, -0.04521638444443647209, -0.1235007997061630947 ) ) ;
#5848 = ADVANCED_FACE ( 'NONE', ( #1959 ), #6438, .T. ) ;
#5849 = AXIS2_PLACEMENT_3D ( 'NONE', #7323, #6121, #4472 ) ;
#5850 = VECTOR ( 'NONE', #4841, 1000.000000000000000 ) ;
#5851 = CARTESIAN_POINT ( 'NONE',  ( -8.720113931886244174, -118.4889572741003008, -5.379099299535071488 ) ) ;
#5852 = EDGE_CURVE ( 'NONE', #956, #1401, #2659, .T. ) ;
#5853 = FACE_OUTER_BOUND ( 'NONE', #1956, .T. ) ;
#5854 = VERTEX_POINT ( 'NONE', #178 ) ;
#5855 = DIRECTION ( 'NONE',  ( -0.5545613269117511956, -0.8321428571428574061, 0.000000000000000000 ) ) ;
#5856 = CARTESIAN_POINT ( 'NONE',  ( 8.822741684786915783, -95.91568199000043649, -3.770353648342447350 ) ) ;
#5857 = CARTESIAN_POINT ( 'NONE',  ( -3.927502369458732989, -103.5325893406261031, -0.2944060907737978128 ) ) ;
#5858 = DIRECTION ( 'NONE',  ( 1.000000000000000000, 0.000000000000000000, 0.000000000000000000 ) ) ;
#5859 = AXIS2_PLACEMENT_3D ( 'NONE', #633, #2865, #6229 ) ;
#5860 = DIRECTION ( 'NONE',  ( 6.897508850802415061E-17, -0.000000000000000000, 1.000000000000000000 ) ) ;
#5861 = ORIENTED_EDGE ( 'NONE', *, *, #912, .T. ) ;
#5862 = VERTEX_POINT ( 'NONE', #3488 ) ;
#5863 = CARTESIAN_POINT ( 'NONE',  ( -14.18527012200102888, -119.9524442008554246, -13.16122583316682437 ) ) ;
#5864 = CARTESIAN_POINT ( 'NONE',  ( -10.39918529710558204, -125.9278558184329313, -15.85695251176543330 ) ) ;
#5865 = DIRECTION ( 'NONE',  ( -0.7071067811865495711, 0.000000000000000000, -0.7071067811865454633 ) ) ;
#5866 = CARTESIAN_POINT ( 'NONE',  ( 10.68826348689739625, -110.4134818854072648, -5.737964158812592252 ) ) ;
#5867 = VERTEX_POINT ( 'NONE', #3631 ) ;
#5868 = EDGE_LOOP ( 'NONE', ( #1538, #2031 ) ) ;
#5869 = CIRCLE ( 'NONE', #82, 2.099999999999996980 ) ;
#5870 = DATE_AND_TIME ( #1359, #6764 ) ;
#5871 = CARTESIAN_POINT ( 'NONE',  ( 2.487063435501847497, -25.29999999999999361, -20.20890771264116026 ) ) ;
#5872 = CARTESIAN_POINT ( 'NONE',  ( -13.28496546409983203, -30.02023919052275858, 3.589771197725773799 ) ) ;
#5873 = VERTEX_POINT ( 'NONE', #2962 ) ;
#5874 = CYLINDRICAL_SURFACE ( 'NONE', #3020, 1.050000000000000488 ) ;
#5875 = B_SPLINE_CURVE_WITH_KNOTS ( 'NONE', 3,
 ( #2931, #3164, #4679, #6932, #5416, #5186, #1896, #4643, #5841, #1822, #4082, #6334, #4120, #6372, #1297, #4156 ),
 .UNSPECIFIED., .F., .F.,
 ( 4, 2, 2, 2, 2, 2, 2, 4 ),
 ( 0.000000000000000000, 0.0003958757185182669794, 0.0007917514370365339588, 0.001187627155554800938, 0.001583502874073067918, 0.002375254311109594504, 0.002771130029627858014, 0.003167005748146121090 ),
 .UNSPECIFIED. ) ;
#5876 = AXIS2_PLACEMENT_3D ( 'NONE', #781, #3608, #5304 ) ;
#5877 = FACE_OUTER_BOUND ( 'NONE', #2833, .T. ) ;
#5878 = DIRECTION ( 'NONE',  ( -6.897508850802415061E-17, 0.000000000000000000, -1.000000000000000000 ) ) ;
#5879 = CARTESIAN_POINT ( 'NONE',  ( 15.32499999999973817, -11.94544826719053532, 20.15000000000000213 ) ) ;
#5880 = FACE_OUTER_BOUND ( 'NONE', #1949, .T. ) ;
#5881 = MANIFOLD_SOLID_BREP ( '圆角18', #3159 ) ;
#5882 = CARTESIAN_POINT ( 'NONE',  ( -6.950000000000002842, -12.65000000000000036, -26.65000000000000568 ) ) ;
#5883 = VECTOR ( 'NONE', #164, 1000.000000000000000 ) ;
#5884 = ADVANCED_FACE ( 'NONE', ( #5292 ), #5874, .F. ) ;
#5885 = CARTESIAN_POINT ( 'NONE',  ( -11.46344220169911843, -117.4036961635973739, -8.234179222956655053 ) ) ;
#5886 = DIRECTION ( 'NONE',  ( 0.7071067811865467956, 0.000000000000000000, -0.7071067811865484609 ) ) ;
#5887 = AXIS2_PLACEMENT_3D ( 'NONE', #6006, #4319, #3686 ) ;
#5888 = ORIENTED_EDGE ( 'NONE', *, *, #5383, .F. ) ;
#5889 = CARTESIAN_POINT ( 'NONE',  ( 8.561319834925857464, -98.14945938381912072, -3.874321319069263581 ) ) ;
#5890 = CARTESIAN_POINT ( 'NONE',  ( -10.62155119000557946, -102.0959496535183035, -4.433664333690111370 ) ) ;
#5891 = DIRECTION ( 'NONE',  ( 1.000000000000000000, 0.000000000000000000, 0.000000000000000000 ) ) ;
#5892 = EDGE_CURVE ( 'NONE', #286, #2556, #5995, .T. ) ;
#5893 = DIRECTION ( 'NONE',  ( 1.000000000000000000, 0.000000000000000000, 0.000000000000000000 ) ) ;
#5894 = ORIENTED_EDGE ( 'NONE', *, *, #5383, .T. ) ;
#5895 = EDGE_CURVE ( 'NONE', #246, #5199, #251, .T. ) ;
#5896 = ORIENTED_EDGE ( 'NONE', *, *, #3229, .F. ) ;
#5897 = CARTESIAN_POINT ( 'NONE',  ( -14.97675435097696628, -120.8937309944491432, -15.11555631163176017 ) ) ;
#5898 = CARTESIAN_POINT ( 'NONE',  ( -13.33697707988253889, -122.5966105233154195, -13.36040255836408619 ) ) ;
#5899 = DIRECTION ( 'NONE',  ( -1.000000000000000000, 3.252606517456516260E-16, 1.084202172485503571E-16 ) ) ;
#5900 = CARTESIAN_POINT ( 'NONE',  ( 11.69218531684381901, -116.8161551151840598, -8.473895471036794191 ) ) ;
#5901 = ORIENTED_EDGE ( 'NONE', *, *, #2600, .T. ) ;
#5902 = ORIENTED_EDGE ( 'NONE', *, *, #5185, .T. ) ;
#5903 = PLANE ( 'NONE',  #1204 ) ;
#5904 = CARTESIAN_POINT ( 'NONE',  ( 13.79277580457169350, -25.29999999999999005, -2.915082674984331490 ) ) ;
#5905 = CIRCLE ( 'NONE', #464, 1.000000000000000888 ) ;
#5906 = CARTESIAN_POINT ( 'NONE',  ( 14.15887086553860996, -127.1104832048214632, -13.02704470893536559 ) ) ;
#5907 = CARTESIAN_POINT ( 'NONE',  ( 0.1499999999999959144, 0.006764264987009669175, -25.40885240007849788 ) ) ;
#5909 = EDGE_LOOP ( 'NONE', ( #3298, #1682, #4765, #7154 ) ) ;
#5908 = CARTESIAN_POINT ( 'NONE',  ( 4.019756974191308174, -127.9094814459403011, -37.83909689568977086 ) ) ;
#5910 = CARTESIAN_POINT ( 'NONE',  ( -10.85000000000000320, -12.64999999999999858, -28.15000000000000213 ) ) ;
#5911 = DIRECTION ( 'NONE',  ( -0.000000000000000000, -1.000000000000000000, 0.000000000000000000 ) ) ;
#5912 = FACE_OUTER_BOUND ( 'NONE', #6163, .T. ) ;
#5913 = DIRECTION ( 'NONE',  ( -1.000000000000000000, -0.000000000000000000, -0.000000000000000000 ) ) ;
#5914 = DIRECTION ( 'NONE',  ( 0.000000000000000000, -1.000000000000000000, 0.000000000000000000 ) ) ;
#5915 = DIRECTION ( 'NONE',  ( 0.000000000000000000, 0.000000000000000000, 1.000000000000000000 ) ) ;
#5916 = ORIENTED_EDGE ( 'NONE', *, *, #1553, .T. ) ;
#5917 = ADVANCED_FACE ( 'NONE', ( #1821 ), #1119, .T. ) ;
#5918 = CARTESIAN_POINT ( 'NONE',  ( 8.821405159955112651, -96.52375355785669342, -3.875936975914216376 ) ) ;
#5919 = EDGE_CURVE ( 'NONE', #1768, #3288, #7160, .T. ) ;
#5920 = CARTESIAN_POINT ( 'NONE',  ( -12.30988319406198350, -94.68817633629579689, -5.622191762735689657 ) ) ;
#5921 = CARTESIAN_POINT ( 'NONE',  ( 3.736505387736691386, -88.26337449813969727, 2.444072181576301794 ) ) ;
#5922 = AXIS2_PLACEMENT_3D ( 'NONE', #2373, #5760, #2337 ) ;
#5923 = AXIS2_PLACEMENT_3D ( 'NONE', #4078, #2415, #2447 ) ;
#5924 = DIRECTION ( 'NONE',  ( 0.000000000000000000, 0.000000000000000000, 1.000000000000000000 ) ) ;
#5925 = EDGE_LOOP ( 'NONE', ( #3264, #3538, #4594, #6849, #2020 ) ) ;
#5926 = AXIS2_PLACEMENT_3D ( 'NONE', #846, #7116, #4377 ) ;
#5927 = ORIENTED_EDGE ( 'NONE', *, *, #3917, .F. ) ;
#5928 = EDGE_CURVE ( 'NONE', #2858, #2723, #6895, .T. ) ;
#5929 = CARTESIAN_POINT ( 'NONE',  ( -15.62610775138105090, -121.9431311029572953, -17.54760899473581048 ) ) ;
#5930 = DIRECTION ( 'NONE',  ( 1.000000000000000000, 0.000000000000000000, -6.897508850802415061E-17 ) ) ;
#5931 = CARTESIAN_POINT ( 'NONE',  ( 1.649135813773291437, -119.0918314753632785, -4.607212098009460632 ) ) ;
#5932 = ADVANCED_FACE ( 'NONE', ( #700 ), #2418, .T. ) ;
#5933 = CARTESIAN_POINT ( 'NONE',  ( 11.16345372674080139, -118.0728379660690166, -7.924573118403025695 ) ) ;
#5934 = ORIENTED_EDGE ( 'NONE', *, *, #5837, .T. ) ;
#5935 = ORIENTED_EDGE ( 'NONE', *, *, #4498, .F. ) ;
#5936 = APPROVAL_STATUS ( 'not_yet_approved' ) ;
#5937 = CARTESIAN_POINT ( 'NONE',  ( 13.94284899922808130, -25.29999999999999361, -1.985995151972748562 ) ) ;
#5938 = EDGE_CURVE ( 'NONE', #3247, #1634, #978, .T. ) ;
#5939 = CARTESIAN_POINT ( 'NONE',  ( 13.19173656731975086, -118.9638505617351996, -11.31386178792415365 ) ) ;
#5940 = CARTESIAN_POINT ( 'NONE',  ( 0.5033628149473381441, -105.5275619095561837, -0.1038754515139804629 ) ) ;
#5942 = ORIENTED_EDGE ( 'NONE', *, *, #274, .F. ) ;
#5941 = CARTESIAN_POINT ( 'NONE',  ( 13.40087867125313892, -126.2114829172303843, -30.69343212420299238 ) ) ;
#5943 = VERTEX_POINT ( 'NONE', #5976 ) ;
#5944 = CARTESIAN_POINT ( 'NONE',  ( -9.429348770752444153, -103.4058816198728721, -3.418777610211137574 ) ) ;
#5945 = CARTESIAN_POINT ( 'NONE',  ( -7.366039108292826931, -24.84361681463830962, -24.99843225679272507 ) ) ;
#5946 = CARTESIAN_POINT ( 'NONE',  ( 5.240988614667743128, -91.67307282606628860, -0.6250054678598528923 ) ) ;
#5947 = CARTESIAN_POINT ( 'NONE',  ( -0.8500000000000044187, 2.999999999999999112, -28.15000000000000568 ) ) ;
#5948 = CARTESIAN_POINT ( 'NONE',  ( -2.850000000000004086, -12.65000000000000036, -29.15000000000000568 ) ) ;
#5949 = TOROIDAL_SURFACE ( 'NONE', #1469, 3.300000000000000266, 0.8000000000000000444 ) ;
#5950 = CARTESIAN_POINT ( 'NONE',  ( -24.15000000000000213, 3.000000000000000000, 16.73578643762689921 ) ) ;
#5951 = ORIENTED_EDGE ( 'NONE', *, *, #444, .T. ) ;
#5952 = CARTESIAN_POINT ( 'NONE',  ( 6.728398403254941762, -100.8015435272669720, -2.927324936943451750 ) ) ;
#5953 = AXIS2_PLACEMENT_3D ( 'NONE', #4513, #2687, #2132 ) ;
#5954 = CARTESIAN_POINT ( 'NONE',  ( -10.78047643772129760, -98.76783740312185955, -3.782861454473039231 ) ) ;
#5955 = CARTESIAN_POINT ( 'NONE',  ( 11.21690013834401789, -101.1092975855038816, -5.015986753532701847 ) ) ;
#5956 = VECTOR ( 'NONE', #3000, 1000.000000000000000 ) ;
#5957 = CYLINDRICAL_SURFACE ( 'NONE', #6341, 1.000000000000000888 ) ;
#5958 = CARTESIAN_POINT ( 'NONE',  ( 3.819930104772650381, -122.6072781591240215, -3.635880458347620525 ) ) ;
#5959 = DIRECTION ( 'NONE',  ( -0.000000000000000000, -0.000000000000000000, -1.000000000000000000 ) ) ;
#5960 = ORIENTED_EDGE ( 'NONE', *, *, #2056, .T. ) ;
#5961 = ORIENTED_EDGE ( 'NONE', *, *, #6853, .T. ) ;
#5962 = CARTESIAN_POINT ( 'NONE',  ( -14.63057053856647904, -127.7884143441724092, -14.00612803111096660 ) ) ;
#5963 = AXIS2_PLACEMENT_3D ( 'NONE', #4469, #3955, #2367 ) ;
#5964 = CARTESIAN_POINT ( 'NONE',  ( 2.574098388978099283, -45.57915608422294440, -17.76979819950828698 ) ) ;
#5965 = DIRECTION ( 'NONE',  ( 1.000000000000000000, 0.000000000000000000, 4.336808689942013792E-16 ) ) ;
#5966 = CARTESIAN_POINT ( 'NONE',  ( 8.501697107803915188, -110.9930908084067624, -6.077204329343453004 ) ) ;
#5967 = EDGE_CURVE ( 'NONE', #3630, #5206, #6452, .T. ) ;
#5968 = CARTESIAN_POINT ( 'NONE',  ( 7.973895517752311868, -116.3174076377050881, -6.527441460605584389 ) ) ;
#5969 = VERTEX_POINT ( 'NONE', #2103 ) ;
#5970 = ORIENTED_EDGE ( 'NONE', *, *, #1043, .T. ) ;
#5971 = APPROVAL_DATE_TIME ( #6400, #1877 ) ;
#5972 = CARTESIAN_POINT ( 'NONE',  ( 1.243561198169421012, -25.29999999999999361, -20.33327276708637754 ) ) ;
#5973 = ORIENTED_EDGE ( 'NONE', *, *, #3635, .T. ) ;
#5974 = CARTESIAN_POINT ( 'NONE',  ( 8.925430574667718275, -128.8851042116500594, -21.74327355981386489 ) ) ;
#5975 = EDGE_CURVE ( 'NONE', #656, #5353, #3979, .T. ) ;
#5976 = CARTESIAN_POINT ( 'NONE',  ( 0.02706447616317289584, -24.98372869334810531, -24.87973630435418215 ) ) ;
#5977 = EDGE_CURVE ( 'NONE', #5749, #5862, #1993, .T. ) ;
#5979 = VERTEX_POINT ( 'NONE', #7142 ) ;
#5978 = CYLINDRICAL_SURFACE ( 'NONE', #5543, 14.00000000000000178 ) ;
#5980 = ORIENTED_EDGE ( 'NONE', *, *, #6172, .F. ) ;
#5981 = CARTESIAN_POINT ( 'NONE',  ( -6.127092066661830927, -105.2181167858358890, -1.463844217438657003 ) ) ;
#5982 = CARTESIAN_POINT ( 'NONE',  ( -0.8500000000000044187, 1.999999999999999112, -28.15000000000000568 ) ) ;
#5983 = EDGE_CURVE ( 'NONE', #3700, #3630, #6475, .T. ) ;
#5984 = CYLINDRICAL_SURFACE ( 'NONE', #6335, 1.000000000000000888 ) ;
#5985 = AXIS2_PLACEMENT_3D ( 'NONE', #5950, #331, #2601 ) ;
#5986 = CYLINDRICAL_SURFACE ( 'NONE', #2847, 1.000000000000000888 ) ;
#5987 = CIRCLE ( 'NONE', #2573, 1.000000000000000888 ) ;
#5988 = DIRECTION ( 'NONE',  ( -0.000000000000000000, -0.000000000000000000, 1.000000000000000000 ) ) ;
#5989 = AXIS2_PLACEMENT_3D ( 'NONE', #6514, #1434, #3702 ) ;
#5990 = CARTESIAN_POINT ( 'NONE',  ( 13.01017794999166810, -120.7360711924837489, -11.72699255406561747 ) ) ;
#5991 = CARTESIAN_POINT ( 'NONE',  ( 1.348810448224787351, -24.74315120417035629, 20.04883296134306292 ) ) ;
#5992 = VERTEX_POINT ( 'NONE', #6509 ) ;
#5993 = CARTESIAN_POINT ( 'NONE',  ( 8.463398987233455628, -101.8928407391431818, -2.246592665490263041 ) ) ;
#5994 = CIRCLE ( 'NONE', #3657, 1.050000000000000488 ) ;
#5995 = B_SPLINE_CURVE_WITH_KNOTS ( 'NONE', 3,
 ( #217, #5803, #2930, #5736, #805, #5328 ),
 .UNSPECIFIED., .F., .F.,
 ( 4, 2, 4 ),
 ( 0.07695773082350118588, 0.07774495303399754642, 0.07853217524449389308 ),
 .UNSPECIFIED. ) ;
#5996 = CARTESIAN_POINT ( 'NONE',  ( -8.188173001965537878, -99.09975612520467791, -3.680577068456576839 ) ) ;
#5997 = CARTESIAN_POINT ( 'NONE',  ( 6.447976792452020156, -105.1184917583669431, -1.595660180653472260 ) ) ;
#5998 = CARTESIAN_POINT ( 'NONE',  ( -0.4182246298849496280, -132.9887435919716268, -30.58312937714800128 ) ) ;
#5999 = CARTESIAN_POINT ( 'NONE',  ( 10.91435288921853619, -107.5677339743276519, -5.749227822460392545 ) ) ;
#6000 = DIRECTION ( 'NONE',  ( -0.000000000000000000, -0.000000000000000000, -1.000000000000000000 ) ) ;
#6001 = CIRCLE ( 'NONE', #806, 1.000000000000000000 ) ;
#6002 = ORIENTED_EDGE ( 'NONE', *, *, #4372, .T. ) ;
#6003 = CARTESIAN_POINT ( 'NONE',  ( -15.92061495614848710, -123.9733347094459219, -23.06995860926198105 ) ) ;
#6004 = PLANE ( 'NONE',  #1978 ) ;
#6005 = CARTESIAN_POINT ( 'NONE',  ( -21.73578643762691698, -25.30000000000000071, -24.15000000000000213 ) ) ;
#6006 = CARTESIAN_POINT ( 'NONE',  ( 2.806854249492377384, -6.993145750507620662, -28.15000000000000213 ) ) ;
#6007 = CARTESIAN_POINT ( 'NONE',  ( 8.463398987237676252, -118.7091949067080066, -5.211769622384049505 ) ) ;
#6008 = CARTESIAN_POINT ( 'NONE',  ( -2.369424954180712639, -25.08332474497928999, -24.83485249142271556 ) ) ;
#6009 = ORIENTED_EDGE ( 'NONE', *, *, #152, .F. ) ;
#6010 = CARTESIAN_POINT ( 'NONE',  ( 12.55570826143441820, -25.29999999999999716, -15.57533847786714354 ) ) ;
#6011 = ORIENTED_EDGE ( 'NONE', *, *, #2240, .T. ) ;
#6012 = CARTESIAN_POINT ( 'NONE',  ( 16.00679440493918193, -123.1813876807192969, -20.76692340445554308 ) ) ;
#6013 = DIRECTION ( 'NONE',  ( -1.000000000000000000, 0.000000000000000000, 0.000000000000000000 ) ) ;
#6014 = EDGE_CURVE ( 'NONE', #938, #2294, #1599, .T. ) ;
#6015 = EDGE_CURVE ( 'NONE', #956, #2365, #4366, .T. ) ;
#6016 = CARTESIAN_POINT ( 'NONE',  ( 15.57714197633977271, -121.8283669791629364, -17.25980167058578019 ) ) ;
#6017 = ORIENTED_EDGE ( 'NONE', *, *, #3378, .T. ) ;
#6018 = DIRECTION ( 'NONE',  ( 0.7071067811865466846, 0.000000000000000000, -0.7071067811865483499 ) ) ;
#6019 = CARTESIAN_POINT ( 'NONE',  ( -2.850000000000004086, -12.65000000000000036, -29.15000000000000568 ) ) ;
#6020 = DIRECTION ( 'NONE',  ( -6.897508850802416293E-17, -0.000000000000000000, -1.000000000000000000 ) ) ;
#6021 = EDGE_CURVE ( 'NONE', #3029, #2883, #995, .T. ) ;
#6022 =( BOUNDED_CURVE ( )  B_SPLINE_CURVE ( 3, ( #5658, #4526, #3366, #2305 ),
 .UNSPECIFIED., .F., .T. ) 
 B_SPLINE_CURVE_WITH_KNOTS ( ( 4, 4 ),
 ( 0.000000000000000000, 1.570796326794896558 ),
 .UNSPECIFIED. ) 
 CURVE ( )  GEOMETRIC_REPRESENTATION_ITEM ( )  RATIONAL_B_SPLINE_CURVE ( ( 1.000000000000000000, 0.8047378541243649375, 0.8047378541243649375, 1.000000000000000000 ) ) 
 REPRESENTATION_ITEM ( '' )  );
#6023 = CARTESIAN_POINT ( 'NONE',  ( 8.798165110201386696, -96.89037695189188071, -3.913377984172119017 ) ) ;
#6024 = CARTESIAN_POINT ( 'NONE',  ( -2.850000000000001865, -4.649999999999997691, -28.15000000000000213 ) ) ;
#6025 = EDGE_CURVE ( 'NONE', #2005, #3638, #6459, .T. ) ;
#6026 = CARTESIAN_POINT ( 'NONE',  ( 21.73578643762688856, -24.29999999999999716, -25.15000000000000568 ) ) ;
#6027 = CARTESIAN_POINT ( 'NONE',  ( 2.146476370910897824, -24.36545058746438741, 21.14999999999636771 ) ) ;
#6028 = ORIENTED_EDGE ( 'NONE', *, *, #7045, .F. ) ;
#6029 = FACE_OUTER_BOUND ( 'NONE', #5143, .T. ) ;
#6030 = CARTESIAN_POINT ( 'NONE',  ( -8.792773709900528090, -95.49003653203364195, -3.660202790473257917 ) ) ;
#6031 = CARTESIAN_POINT ( 'NONE',  ( 12.13832129129218274, -98.30225546755758614, -5.946584235125050633 ) ) ;
#6032 = CYLINDRICAL_SURFACE ( 'NONE', #5500, 1.049999999999998934 ) ;
#6033 = CARTESIAN_POINT ( 'NONE',  ( 12.07064150748510656, -115.5175253660578676, -8.861401435656613756 ) ) ;
#6034 = CARTESIAN_POINT ( 'NONE',  ( -6.219469605666877676, -46.02555882804889364, -16.56580820589548608 ) ) ;
#6035 = B_SPLINE_CURVE_WITH_KNOTS ( 'NONE', 3,
 ( #2963, #4195, #2419, #5737, #5254, #5219 ),
 .UNSPECIFIED., .F., .F.,
 ( 4, 2, 4 ),
 ( 5.105914606048922444E-18, 0.002473788881400082896, 0.004947577762800160588 ),
 .UNSPECIFIED. ) ;
#6036 = ORIENTED_EDGE ( 'NONE', *, *, #2955, .F. ) ;
#6037 = VECTOR ( 'NONE', #2668, 1000.000000000000000 ) ;
#6038 = CARTESIAN_POINT ( 'NONE',  ( 7.601105798850725570, -130.9493581617906841, -25.86552160271116918 ) ) ;
#6039 = AXIS2_PLACEMENT_3D ( 'NONE', #3441, #3285, #5689 ) ;
#6040 = DIRECTION ( 'NONE',  ( -0.000000000000000000, -0.000000000000000000, -1.000000000000000000 ) ) ;
#6041 = DIRECTION ( 'NONE',  ( -0.000000000000000000, -0.000000000000000000, 1.000000000000000000 ) ) ;
#6042 = CARTESIAN_POINT ( 'NONE',  ( -7.950000000000001954, -12.65000000000000036, -26.65000000000000568 ) ) ;
#6043 = CIRCLE ( 'NONE', #4059, 2.149999999999999023 ) ;
#6044 = CARTESIAN_POINT ( 'NONE',  ( 4.246850407645844427, -120.2951195167579641, -3.347475607954162768 ) ) ;
#6045 = AXIS2_PLACEMENT_3D ( 'NONE', #2564, #434, #2003 ) ;
#6046 = LINE ( 'NONE', #5606, #904 ) ;
#6047 = ORIENTED_EDGE ( 'NONE', *, *, #4092, .T. ) ;
#6048 = CIRCLE ( 'NONE', #3221, 2.149999999999999023 ) ;
#6049 = CARTESIAN_POINT ( 'NONE',  ( -12.75363041285008059, -126.4634232892913559, -31.67127835047910978 ) ) ;
#6050 = VERTEX_POINT ( 'NONE', #4330 ) ;
#6051 = CARTESIAN_POINT ( 'NONE',  ( 12.82179591920620432, -118.6283713955574513, -10.73205925646906600 ) ) ;
#6052 = CARTESIAN_POINT ( 'NONE',  ( 25.14999999999999503, -25.30000000000000071, -21.73578643762692408 ) ) ;
#6053 = DIRECTION ( 'NONE',  ( 0.000000000000000000, 0.000000000000000000, -1.000000000000000000 ) ) ;
#6054 = ORIENTED_EDGE ( 'NONE', *, *, #1504, .T. ) ;
#6055 = EDGE_CURVE ( 'NONE', #1011, #7144, #3210, .T. ) ;
#6056 = CARTESIAN_POINT ( 'NONE',  ( 15.32499999999973817, -8.654551732809666831, 23.15000000000000213 ) ) ;
#6057 = CARTESIAN_POINT ( 'NONE',  ( -6.548534970167415814, -24.92622944808304908, -24.93361040051604505 ) ) ;
#6058 = CARTESIAN_POINT ( 'NONE',  ( -11.90000000000000391, -12.64999999999999858, -28.15000000000000213 ) ) ;
#6059 = CARTESIAN_POINT ( 'NONE',  ( 8.819661100570487022, -95.59528097070486297, -3.708390240289737516 ) ) ;
#6060 = CARTESIAN_POINT ( 'NONE',  ( 5.146476370910913367, -25.30000000000000071, 24.15000000000000213 ) ) ;
#6061 = EDGE_CURVE ( 'NONE', #3666, #352, #3904, .T. ) ;
#6062 = CARTESIAN_POINT ( 'NONE',  ( 12.68792991757878141, -119.1082009826120753, -10.69059152316892636 ) ) ;
#6063 = CARTESIAN_POINT ( 'NONE',  ( 1.410813175179303602, -24.80115067588363686, 20.01783159786582189 ) ) ;
#6064 =( BOUNDED_CURVE ( )  B_SPLINE_CURVE ( 3, ( #4415, #2075, #2635, #3260 ),
 .UNSPECIFIED., .F., .T. ) 
 B_SPLINE_CURVE_WITH_KNOTS ( ( 4, 4 ),
 ( 4.712388980384689674, 6.283185307179586232 ),
 .UNSPECIFIED. ) 
 CURVE ( )  GEOMETRIC_REPRESENTATION_ITEM ( )  RATIONAL_B_SPLINE_CURVE ( ( 1.000000000000000000, 0.8047378541243649375, 0.8047378541243649375, 1.000000000000000000 ) ) 
 REPRESENTATION_ITEM ( '' )  );
#6065 = VERTEX_POINT ( 'NONE', #282 ) ;
#6066 = VECTOR ( 'NONE', #837, 1000.000000000000000 ) ;
#6067 = DIRECTION ( 'NONE',  ( 1.000000000000000000, 0.000000000000000000, 0.000000000000000000 ) ) ;
#6068 = EDGE_CURVE ( 'NONE', #84, #4514, #2324, .T. ) ;
#6069 = CARTESIAN_POINT ( 'NONE',  ( -9.412003291304039010, -89.55820208576724895, -0.9586830418907004159 ) ) ;
#6070 = DIRECTION ( 'NONE',  ( 1.000000000000000000, 0.000000000000000000, 0.000000000000000000 ) ) ;
#6071 = SPHERICAL_SURFACE ( 'NONE', #2076, 1.000000000000000000 ) ;
#6072 = CARTESIAN_POINT ( 'NONE',  ( 2.875038866242907609, -122.7559413214033697, -3.413985275714046530 ) ) ;
#6073 = EDGE_CURVE ( 'NONE', #3335, #7314, #4213, .T. ) ;
#6074 = CARTESIAN_POINT ( 'NONE',  ( -12.98052803347105844, -48.98211354442926080, -9.696790542044725569 ) ) ;
#6075 = B_SPLINE_CURVE_WITH_KNOTS ( 'NONE', 3,
 ( #222, #5809, #3528, #741, #6339, #6444, #6378, #5778, #1302, #3494, #2389, #4717, #2490, #5743, #3564, #151, #1337, #4125, #2898, #6304, #4647, #185, #3004, #5259 ),
 .UNSPECIFIED., .F., .F.,
 ( 4, 2, 2, 2, 2, 2, 2, 2, 2, 2, 2, 4 ),
 ( 0.000000000000000000, 0.001025262547053925038, 0.001537893820580887557, 0.002050525094107850076, 0.002563156367634812378, 0.003075787641161775113, 0.004101050188215669794, 0.004613681461742615182, 0.005126312735269561438, 0.006151575282323489512, 0.007176837829377421922, 0.008202100376431353465 ),
 .UNSPECIFIED. ) ;
#6076 = ORIENTED_EDGE ( 'NONE', *, *, #4145, .T. ) ;
#6077 = CARTESIAN_POINT ( 'NONE',  ( -7.100991868538446994, -92.41881044201848283, -1.683678073830874977 ) ) ;
#6078 = CIRCLE ( 'NONE', #6683, 1.050000000000000711 ) ;
#6079 = DIRECTION ( 'NONE',  ( 0.000000000000000000, 0.000000000000000000, 1.000000000000000000 ) ) ;
#6080 = DIRECTION ( 'NONE',  ( -6.897508850802415061E-17, 0.000000000000000000, -1.000000000000000000 ) ) ;
#6081 = CARTESIAN_POINT ( 'NONE',  ( 8.843555256927814412, -112.9187730326055288, -6.792835915629808596 ) ) ;
#6082 = VECTOR ( 'NONE', #1731, 1000.000000000000114 ) ;
#6083 = DIRECTION ( 'NONE',  ( -0.000000000000000000, -0.000000000000000000, -1.000000000000000000 ) ) ;
#6084 = CYLINDRICAL_SURFACE ( 'NONE', #6960, 1.050000000000000488 ) ;
#6085 = AXIS2_PLACEMENT_3D ( 'NONE', #4950, #5465, #3249 ) ;
#6086 = ORIENTED_EDGE ( 'NONE', *, *, #3043, .T. ) ;
#6087 = PERSON_AND_ORGANIZATION ( #5371, #4054 ) ;
#6088 = FACE_OUTER_BOUND ( 'NONE', #6225, .T. ) ;
#6089 = ORIENTED_EDGE ( 'NONE', *, *, #5438, .T. ) ;
#6090 = CARTESIAN_POINT ( 'NONE',  ( 4.903644055112858169, -127.8508192704708790, -37.56889574982244540 ) ) ;
#6091 = DIRECTION ( 'NONE',  ( 1.000000000000000000, 0.000000000000000000, 0.000000000000000000 ) ) ;
#6092 = CARTESIAN_POINT ( 'NONE',  ( -1.321292138320749019E-14, -46.37860626958296706, -7.731807848911335768 ) ) ;
#6093 = CARTESIAN_POINT ( 'NONE',  ( -9.035876747518448937, -127.7594521426966026, -19.73118560273584876 ) ) ;
#6094 = ORIENTED_EDGE ( 'NONE', *, *, #7170, .F. ) ;
#6095 = CARTESIAN_POINT ( 'NONE',  ( -9.726881138165381913, -89.74724722204709337, -1.293978562182903413 ) ) ;
#6096 = CARTESIAN_POINT ( 'NONE',  ( -12.58366144621637872, -30.68476199705806096, -7.407836454598254683 ) ) ;
#6097 = EDGE_LOOP ( 'NONE', ( #6195, #5645, #7104 ) ) ;
#6098 = CARTESIAN_POINT ( 'NONE',  ( 4.447028365331392230, -105.4035947458786495, -0.8069281731096838994 ) ) ;
#6099 = CARTESIAN_POINT ( 'NONE',  ( -2.850000000000004086, -4.649999999999999467, -30.15000000000000568 ) ) ;
#6100 = CARTESIAN_POINT ( 'NONE',  ( -1.140212240571222280, -91.22691820378133798, 0.3423455907745141524 ) ) ;
#6101 = CARTESIAN_POINT ( 'NONE',  ( -8.239592794060078162, -121.0810343584206663, -5.549638456665839215 ) ) ;
#6102 = CARTESIAN_POINT ( 'NONE',  ( 17.64999999999998792, -10.29999999999999005, 20.15000000000000213 ) ) ;
#6103 = DIRECTION ( 'NONE',  ( -6.897508850802416293E-17, -0.000000000000000000, -1.000000000000000000 ) ) ;
#6104 = ORIENTED_EDGE ( 'NONE', *, *, #4058, .F. ) ;
#6105 = CARTESIAN_POINT ( 'NONE',  ( 14.07499999999973817, -10.30000000000010019, 23.15000000000000213 ) ) ;
#6106 = CARTESIAN_POINT ( 'NONE',  ( -2.056780051136124055, -88.17319582625574981, 2.824822650461385365 ) ) ;
#6107 = EDGE_CURVE ( 'NONE', #1655, #84, #3733, .T. ) ;
#6108 = CARTESIAN_POINT ( 'NONE',  ( 1.509567366373484321, -108.0498847972653351, -2.641168192692139538 ) ) ;
#6109 = CIRCLE ( 'NONE', #4235, 1.000000000000000888 ) ;
#6110 = AXIS2_PLACEMENT_3D ( 'NONE', #1227, #1303, #5846 ) ;
#6111 = CYLINDRICAL_SURFACE ( 'NONE', #7283, 1.000000000000000888 ) ;
#6112 = DIRECTION ( 'NONE',  ( -0.000000000000000000, -0.000000000000000000, -1.000000000000000000 ) ) ;
#6113 = DIRECTION ( 'NONE',  ( -1.000000000000000000, 0.000000000000000000, 0.000000000000000000 ) ) ;
#6114 = ORIENTED_EDGE ( 'NONE', *, *, #5581, .T. ) ;
#6115 = CARTESIAN_POINT ( 'NONE',  ( 8.801021923307942529, -126.4526876182693655, -17.60510441664281700 ) ) ;
#6116 = DIRECTION ( 'NONE',  ( -0.8660254037844385966, 0.5000000000000001110, 0.000000000000000000 ) ) ;
#6117 = CARTESIAN_POINT ( 'NONE',  ( 3.856854249492378095, -6.993145750507620662, -30.15000000000000568 ) ) ;
#6118 = CARTESIAN_POINT ( 'NONE',  ( -8.950000000000002842, -12.65000000000000036, -30.15000000000000568 ) ) ;
#6119 = EDGE_CURVE ( 'NONE', #2497, #3319, #653, .T. ) ;
#6120 = VECTOR ( 'NONE', #6338, 1000.000000000000000 ) ;
#6121 = DIRECTION ( 'NONE',  ( 6.897508850802415061E-17, -0.000000000000000000, 1.000000000000000000 ) ) ;
#6122 = ORIENTED_EDGE ( 'NONE', *, *, #6014, .T. ) ;
#6123 = ADVANCED_FACE ( 'NONE', ( #2885 ), #6814, .F. ) ;
#6124 = ORIENTED_EDGE ( 'NONE', *, *, #4806, .T. ) ;
#6125 = COORDINATED_UNIVERSAL_TIME_OFFSET ( 8, 0, .AHEAD. ) ;
#6126 = ORIENTED_EDGE ( 'NONE', *, *, #2350, .F. ) ;
#6127 = CARTESIAN_POINT ( 'NONE',  ( 12.53000170334205343, -137.8641717343793971, -34.68768196613835642 ) ) ;
#6128 = DIRECTION ( 'NONE',  ( 1.000000000000000000, 0.000000000000000000, 0.000000000000000000 ) ) ;
#6129 = DIRECTION ( 'NONE',  ( 1.000000000000000000, 0.000000000000000000, 0.000000000000000000 ) ) ;
#6130 = CARTESIAN_POINT ( 'NONE',  ( -4.850000000000002309, 1.999999999999999112, -28.15000000000000568 ) ) ;
#6131 = CARTESIAN_POINT ( 'NONE',  ( -8.903126696871900947, -128.9870904646506631, -21.93156552275559790 ) ) ;
#6132 = ORIENTED_EDGE ( 'NONE', *, *, #4402, .F. ) ;
#6133 = PRODUCT_DEFINITION_SHAPE ( 'NONE', 'NONE',  #1964 ) ;
#6134 = CARTESIAN_POINT ( 'NONE',  ( -4.774650099338948017, -88.35030963208248522, 2.103662852588862986 ) ) ;
#6135 = B_SPLINE_CURVE_WITH_KNOTS ( 'NONE', 3,
 ( #6760, #3952, #1121, #3392, #468, #581, #1626, #3973, #6217, #5583 ),
 .UNSPECIFIED., .F., .F.,
 ( 4, 2, 2, 2, 4 ),
 ( 0.007530531292728945281, 0.009744047906626609329, 0.01085080621357543962, 0.01140418536704985303, 0.01195756452052426644 ),
 .UNSPECIFIED. ) ;
#6136 = CARTESIAN_POINT ( 'NONE',  ( -11.73165619191225950, -25.29999999999999361, -8.013169420233070994 ) ) ;
#6137 = FACE_OUTER_BOUND ( 'NONE', #5347, .T. ) ;
#6138 = FACE_OUTER_BOUND ( 'NONE', #2024, .T. ) ;
#6139 = PLANE ( 'NONE',  #7217 ) ;
#6140 = ORIENTED_EDGE ( 'NONE', *, *, #6614, .T. ) ;
#6141 = DIRECTION ( 'NONE',  ( 1.000000000000000000, 0.000000000000000000, 0.000000000000000000 ) ) ;
#6142 = PLANE ( 'NONE',  #6710 ) ;
#6143 = VERTEX_POINT ( 'NONE', #1052 ) ;
#6144 = CIRCLE ( 'NONE', #4742, 2.000000000000001776 ) ;
#6145 = DIRECTION ( 'NONE',  ( -1.000000000000000000, 0.000000000000000000, 6.897508850802415061E-17 ) ) ;
#6146 = CARTESIAN_POINT ( 'NONE',  ( -5.861892521404401535, -91.83282548864988826, -0.9044023083783693240 ) ) ;
#6147 = CARTESIAN_POINT ( 'NONE',  ( -11.30695831432752207, -108.1363468010362396, -6.378562732218004960 ) ) ;
#6148 = CARTESIAN_POINT ( 'NONE',  ( -2.165782034474475370, -119.0405395042397458, -4.666611609691577733 ) ) ;
#6149 = DIRECTION ( 'NONE',  ( -6.897508850802416293E-17, -0.000000000000000000, -1.000000000000000000 ) ) ;
#6150 = CARTESIAN_POINT ( 'NONE',  ( 5.149999999999995914, -12.65000000000000036, -20.15000000000000213 ) ) ;
#6151 = EDGE_CURVE ( 'NONE', #2280, #6050, #4907, .T. ) ;
#6152 = EDGE_LOOP ( 'NONE', ( #1695, #2492, #665 ) ) ;
#6153 = EDGE_CURVE ( 'NONE', #6583, #5224, #4401, .T. ) ;
#6154 = CARTESIAN_POINT ( 'NONE',  ( 8.636307446866430482, -125.9931168636503287, -16.91711999050633253 ) ) ;
#6155 = CARTESIAN_POINT ( 'NONE',  ( 6.926833908395735762, -92.31223471742667641, -1.557230449208315548 ) ) ;
#6156 = ORIENTED_EDGE ( 'NONE', *, *, #3425, .F. ) ;
#6157 = LINE ( 'NONE', #1530, #1865 ) ;
#6158 = DIRECTION ( 'NONE',  ( -6.897508850802418758E-17, 0.000000000000000000, -1.000000000000000000 ) ) ;
#6159 = CARTESIAN_POINT ( 'NONE',  ( -2.013529630859201003, -24.62793142841181648, -26.09939968287395828 ) ) ;
#6160 = DIRECTION ( 'NONE',  ( -6.897508850802416293E-17, -0.000000000000000000, -1.000000000000000000 ) ) ;
#6161 = CARTESIAN_POINT ( 'NONE',  ( 12.47499999999973674, -10.30000000000010019, 2.150000000000030553 ) ) ;
#6162 = DIRECTION ( 'NONE',  ( -1.000000000000000000, 0.000000000000000000, 7.744301232039314216E-17 ) ) ;
#6163 = EDGE_LOOP ( 'NONE', ( #4071, #1811, #1643, #3118 ) ) ;
#6164 = AXIS2_PLACEMENT_3D ( 'NONE', #4568, #622, #3890 ) ;
#6165 = EDGE_CURVE ( 'NONE', #352, #1634, #6414, .T. ) ;
#6166 = AXIS2_PLACEMENT_3D ( 'NONE', #564, #2167, #6725 ) ;
#6167 = ORIENTED_EDGE ( 'NONE', *, *, #2559, .T. ) ;
#6168 = CARTESIAN_POINT ( 'NONE',  ( 12.67246374223933536, -126.4922522294245937, -31.78477581518928474 ) ) ;
#6169 = AXIS2_PLACEMENT_3D ( 'NONE', #3387, #4398, #3988 ) ;
#6170 = CARTESIAN_POINT ( 'NONE',  ( 9.624999999999737099, -11.94544826719053709, 23.15000000000000213 ) ) ;
#6171 = CARTESIAN_POINT ( 'NONE',  ( 24.14999999999999503, -24.29999999999999716, 21.73578643762690987 ) ) ;
#6172 = EDGE_CURVE ( 'NONE', #4408, #5170, #1676, .T. ) ;
#6173 = AXIS2_PLACEMENT_3D ( 'NONE', #3455, #3978, #6746 ) ;
#6174 = CARTESIAN_POINT ( 'NONE',  ( -24.15000000000000213, -24.29999999999999716, -21.73578643762690987 ) ) ;
#6175 = ORIENTED_EDGE ( 'NONE', *, *, #59, .F. ) ;
#6176 = EDGE_CURVE ( 'NONE', #5199, #3503, #3212, .T. ) ;
#6177 = CARTESIAN_POINT ( 'NONE',  ( -12.03088717903667693, -98.82126294078931039, -5.851271563846300872 ) ) ;
#6178 = CARTESIAN_POINT ( 'NONE',  ( -3.365865439144798632, -25.29999999999999361, -13.98698702817835482 ) ) ;
#6179 = AXIS2_PLACEMENT_3D ( 'NONE', #1136, #5656, #3967 ) ;
#6180 = CARTESIAN_POINT ( 'NONE',  ( 17.64999999999998792, -10.29999999999999005, 22.15000000000000213 ) ) ;
#6181 = CARTESIAN_POINT ( 'NONE',  ( -2.850000000000003642, -12.65000000000000036, -26.65000000000000568 ) ) ;
#6182 = CARTESIAN_POINT ( 'NONE',  ( -10.10332961914925320, -119.5857194527739011, -6.926932519961578549 ) ) ;
#6183 = EDGE_LOOP ( 'NONE', ( #6009, #5755, #4622, #3100, #5202 ) ) ;
#6184 = DIRECTION ( 'NONE',  ( -1.000000000000000000, -0.000000000000000000, 1.619676131004745342E-15 ) ) ;
#6185 = DIRECTION ( 'NONE',  ( 1.075850890337208239E-16, -1.000000000000000000, 0.000000000000000000 ) ) ;
#6186 = ORIENTED_EDGE ( 'NONE', *, *, #3734, .F. ) ;
#6187 = DIRECTION ( 'NONE',  ( 1.000000000000000000, 0.000000000000000000, 0.000000000000000000 ) ) ;
#6188 = CARTESIAN_POINT ( 'NONE',  ( -10.16923204554158922, -90.05485243792706740, -1.800433632465818556 ) ) ;
#6189 = CARTESIAN_POINT ( 'NONE',  ( -6.519150124669915058, -108.9179344569023726, -4.252135138504343104 ) ) ;
#6190 = CARTESIAN_POINT ( 'NONE',  ( -1.500704949732770466, -120.5967016398506644, -2.820645898839965859 ) ) ;
#6191 = CARTESIAN_POINT ( 'NONE',  ( 3.479110054909630545, -22.85271970960543442, -27.15000000000000568 ) ) ;
#6192 = ORIENTED_EDGE ( 'NONE', *, *, #5484, .T. ) ;
#6193 = CARTESIAN_POINT ( 'NONE',  ( 6.967854767041110620, -131.4062079997630690, -26.86360028350747342 ) ) ;
#6194 = CARTESIAN_POINT ( 'NONE',  ( -0.4836077449804506156, -91.20837808156696269, 0.3929847550566231695 ) ) ;
#6195 = ORIENTED_EDGE ( 'NONE', *, *, #7112, .F. ) ;
#6196 = DIRECTION ( 'NONE',  ( -6.897508850802415061E-17, 0.000000000000000000, -1.000000000000000000 ) ) ;
#6197 = CARTESIAN_POINT ( 'NONE',  ( -32.00000000000002842, -97.33068768657624048, 2.577071099847491720 ) ) ;
#6198 = DIRECTION ( 'NONE',  ( -2.812538085595988450E-16, -0.9848077530122080203, -0.1736481776669306920 ) ) ;
#6199 = DIRECTION ( 'NONE',  ( 0.000000000000000000, 0.000000000000000000, 1.000000000000000000 ) ) ;
#6200 = ORIENTED_EDGE ( 'NONE', *, *, #4546, .T. ) ;
#6201 = ORIENTED_EDGE ( 'NONE', *, *, #1194, .F. ) ;
#6202 = AXIS2_PLACEMENT_3D ( 'NONE', #3559, #3034, #5253 ) ;
#6203 = ORIENTED_EDGE ( 'NONE', *, *, #4639, .T. ) ;
#6204 = CARTESIAN_POINT ( 'NONE',  ( 6.353661345228034385, -139.4770248051571286, -39.20145180512383831 ) ) ;
#6205 = DIRECTION ( 'NONE',  ( 0.000000000000000000, 0.000000000000000000, -1.000000000000000000 ) ) ;
#6206 = DIRECTION ( 'NONE',  ( 6.897508850802415061E-17, -0.000000000000000000, 1.000000000000000000 ) ) ;
#6207 = TOROIDAL_SURFACE ( 'NONE', #1364, 3.300000000000000266, 0.8000000000000000444 ) ;
#6208 = EDGE_CURVE ( 'NONE', #2882, #7242, #4479, .T. ) ;
#6209 = AXIS2_PLACEMENT_3D ( 'NONE', #7003, #6333, #1220 ) ;
#6210 = CARTESIAN_POINT ( 'NONE',  ( -9.265007872826073410, -22.79547520709150277, -25.28590999677916074 ) ) ;
#6211 = EDGE_LOOP ( 'NONE', ( #1215, #2767, #6504, #2480 ) ) ;
#6212 = PLANE ( 'NONE',  #7230 ) ;
#6213 = DIRECTION ( 'NONE',  ( 1.000000000000000000, 0.000000000000000000, 0.000000000000000000 ) ) ;
#6214 = EDGE_CURVE ( 'NONE', #2280, #575, #7327, .T. ) ;
#6215 = CARTESIAN_POINT ( 'NONE',  ( -16.48880038113665236, -25.29999999999999361, -10.70892003258225600 ) ) ;
#6216 = CARTESIAN_POINT ( 'NONE',  ( -20.15000000000000213, -20.30000000000000071, 20.15000000000000213 ) ) ;
#6217 = CARTESIAN_POINT ( 'NONE',  ( -5.666829303884856728, -105.3223045706463665, -1.267947666040669885 ) ) ;
#6218 = EDGE_CURVE ( 'NONE', #5057, #5428, #458, .T. ) ;
#6219 = CARTESIAN_POINT ( 'NONE',  ( 2.806854249492377829, -6.993145750507620662, -28.15000000000000213 ) ) ;
#6220 = CARTESIAN_POINT ( 'NONE',  ( 19.14999999999999503, 2.999999999999999112, 19.14999999999999858 ) ) ;
#6221 = VERTEX_POINT ( 'NONE', #6170 ) ;
#6222 = DIRECTION ( 'NONE',  ( 1.000000000000000000, 2.628368902995161631E-15, 0.000000000000000000 ) ) ;
#6223 = EDGE_CURVE ( 'NONE', #1490, #1419, #1131, .T. ) ;
#6224 = DIRECTION ( 'NONE',  ( 0.000000000000000000, 0.000000000000000000, 1.000000000000000000 ) ) ;
#6225 = EDGE_LOOP ( 'NONE', ( #4154, #3438, #530, #6635, #7252 ) ) ;
#6226 = CARTESIAN_POINT ( 'NONE',  ( 1.575395784897450246, -122.8691261068932903, -3.236921502940011131 ) ) ;
#6227 = CARTESIAN_POINT ( 'NONE',  ( -1.140212240571217617, -91.22691820378133798, 0.3423455907745145965 ) ) ;
#6228 = CARTESIAN_POINT ( 'NONE',  ( -10.16923204554244364, -106.8712066055018681, -4.765610589359451588 ) ) ;
#6229 = DIRECTION ( 'NONE',  ( -0.7071067811865492381, 0.000000000000000000, -0.7071067811865457964 ) ) ;
#6230 = LINE ( 'NONE', #1113, #2510 ) ;
#6231 = AXIS2_PLACEMENT_3D ( 'NONE', #4390, #930, #4317 ) ;
#6232 = CARTESIAN_POINT ( 'NONE',  ( -5.569574496464409386, -127.7973681309695593, -37.32439196661260183 ) ) ;
#6233 = VERTEX_POINT ( 'NONE', #1657 ) ;
#6234 = CARTESIAN_POINT ( 'NONE',  ( -8.506854249492384668, -6.993145750507621550, -28.15000000000000213 ) ) ;
#6235 = CARTESIAN_POINT ( 'NONE',  ( 7.167751462662725892, -88.74072262244318665, 0.8742680345112381346 ) ) ;
#6236 = ORIENTED_EDGE ( 'NONE', *, *, #2593, .T. ) ;
#6237 = FACE_OUTER_BOUND ( 'NONE', #4495, .T. ) ;
#6238 = LINE ( 'NONE', #1166, #2070 ) ;
#6239 = CARTESIAN_POINT ( 'NONE',  ( -4.850000000000002309, 2.999999999999999112, -29.15000000000000568 ) ) ;
#6240 = VERTEX_POINT ( 'NONE', #6657 ) ;
#6241 = ORIENTED_EDGE ( 'NONE', *, *, #6396, .F. ) ;
#6242 = VECTOR ( 'NONE', #3348, 1000.000000000000000 ) ;
#6243 = ORIENTED_EDGE ( 'NONE', *, *, #7078, .F. ) ;
#6244 = ORIENTED_EDGE ( 'NONE', *, *, #3323, .F. ) ;
#6245 = CARTESIAN_POINT ( 'NONE',  ( -6.480530198196396974, -131.6885983711829908, -27.49576217645028819 ) ) ;
#6246 = PLANE ( 'NONE',  #6039 ) ;
#6247 = DIRECTION ( 'NONE',  ( 0.7071067811865510144, -8.673617379884024428E-15, 0.7071067811865441310 ) ) ;
#6248 = VECTOR ( 'NONE', #3017, 1000.000000000000000 ) ;
#6249 = SPHERICAL_SURFACE ( 'NONE', #2234, 1.000000000000000000 ) ;
#6250 = EDGE_LOOP ( 'NONE', ( #4595, #1654, #4118, #1482 ) ) ;
#6251 = CIRCLE ( 'NONE', #220, 1.000000000000000888 ) ;
#6252 = DIRECTION ( 'NONE',  ( 0.000000000000000000, 0.000000000000000000, 1.000000000000000000 ) ) ;
#6253 = CARTESIAN_POINT ( 'NONE',  ( 6.204116888762275295, -29.51959647195979386, 11.87522376402899482 ) ) ;
#6254 = EDGE_CURVE ( 'NONE', #27, #4916, #4560, .T. ) ;
#6255 = CARTESIAN_POINT ( 'NONE',  ( -9.521862809342163558, -25.29999999999999361, -17.78333384632966130 ) ) ;
#6256 = EDGE_CURVE ( 'NONE', #1645, #4630, #5111, .T. ) ;
#6257 = DIRECTION ( 'NONE',  ( -2.595324257062149123E-16, -1.000000000000000000, 0.000000000000000000 ) ) ;
#6258 = CYLINDRICAL_SURFACE ( 'NONE', #792, 1.000000000000000888 ) ;
#6259 = CARTESIAN_POINT ( 'NONE',  ( 10.64999999999998970, -17.30000000000002203, 22.15000000000000213 ) ) ;
#6260 = CARTESIAN_POINT ( 'NONE',  ( -4.726088868990496294, -122.4352243863448280, -3.886830736405609166 ) ) ;
#6261 = ORIENTED_EDGE ( 'NONE', *, *, #538, .T. ) ;
#6262 = FACE_OUTER_BOUND ( 'NONE', #5692, .T. ) ;
#6263 = EDGE_CURVE ( 'NONE', #5969, #286, #1920, .T. ) ;
#6264 = DIRECTION ( 'NONE',  ( -0.000000000000000000, -0.000000000000000000, 1.000000000000000000 ) ) ;
#6265 = CARTESIAN_POINT ( 'NONE',  ( -2.183075172668031527, -108.0832147718416962, -2.731387831768838037 ) ) ;
#6266 = CARTESIAN_POINT ( 'NONE',  ( -11.17960148518390540, -112.1670973032489655, -6.585602804019544898 ) ) ;
#6267 = ADVANCED_FACE ( 'NONE', ( #4003 ), #6246, .T. ) ;
#6268 = FACE_OUTER_BOUND ( 'NONE', #3547, .T. ) ;
#6269 = DIRECTION ( 'NONE',  ( -1.000000000000000000, -0.000000000000000000, 6.897508850802415061E-17 ) ) ;
#6270 = EDGE_CURVE ( 'NONE', #2849, #1594, #2864, .T. ) ;
#6271 = AXIS2_PLACEMENT_3D ( 'NONE', #582, #3333, #3935 ) ;
#6272 = CARTESIAN_POINT ( 'NONE',  ( -0.8131363416750887474, -128.0247424821922380, -38.37505032396475713 ) ) ;
#6273 = ORIENTED_EDGE ( 'NONE', *, *, #1444, .T. ) ;
#6274 = DIRECTION ( 'NONE',  ( 1.000000000000000000, 0.000000000000000000, 0.000000000000000000 ) ) ;
#6275 = CARTESIAN_POINT ( 'NONE',  ( 7.089490484862936981, -90.94029910036697117, 0.5699548738611672771 ) ) ;
#6276 = EDGE_LOOP ( 'NONE', ( #6167, #123, #1313 ) ) ;
#6277 = LINE ( 'NONE', #5050, #1982 ) ;
#6278 = CARTESIAN_POINT ( 'NONE',  ( 1.476015593612617138, -108.0502419830762335, -2.643058091832418022 ) ) ;
#6279 = DIRECTION ( 'NONE',  ( 0.000000000000000000, 1.000000000000000000, -0.000000000000000000 ) ) ;
#6280 = CARTESIAN_POINT ( 'NONE',  ( -1.193987394548627456, -24.54235759187068311, -26.18409169513746448 ) ) ;
#6281 = ORIENTED_EDGE ( 'NONE', *, *, #1151, .F. ) ;
#6282 = ORIENTED_EDGE ( 'NONE', *, *, #6715, .F. ) ;
#6283 = ORIENTED_EDGE ( 'NONE', *, *, #554, .F. ) ;
#6284 = CARTESIAN_POINT ( 'NONE',  ( -16.64410871375331169, -134.0338983412851519, -25.27005160858676902 ) ) ;
#6285 = CARTESIAN_POINT ( 'NONE',  ( -21.73578643762691698, 2.999999999999999556, -24.15000000000000213 ) ) ;
#6286 = CARTESIAN_POINT ( 'NONE',  ( 0.000000000000000000, 4.000000000000000000, 19.14999999999999858 ) ) ;
#6287 = CARTESIAN_POINT ( 'NONE',  ( 8.670840287195858309, -111.5657675900187655, -6.357120291653212796 ) ) ;
#6288 = VECTOR ( 'NONE', #2517, 1000.000000000000000 ) ;
#6289 = ORIENTED_EDGE ( 'NONE', *, *, #6308, .T. ) ;
#6290 = CARTESIAN_POINT ( 'NONE',  ( -0.3488318599378864571, -0.9129105697096768779, -29.02510360069161166 ) ) ;
#6291 = CARTESIAN_POINT ( 'NONE',  ( 1.127386750483586090E-14, -29.43175911166533254, 13.32889971951089336 ) ) ;
#6292 = CARTESIAN_POINT ( 'NONE',  ( 12.47499999999973674, -13.59089653438097045, 23.15000000000000213 ) ) ;
#6293 = CARTESIAN_POINT ( 'NONE',  ( 9.624999999999737099, -8.654551732809668607, 20.15000000000000213 ) ) ;
#6294 = CARTESIAN_POINT ( 'NONE',  ( -2.850000000000004086, -12.65000000000000036, -27.15000000000000213 ) ) ;
#6295 = CARTESIAN_POINT ( 'NONE',  ( 13.39469829383513755, -49.52690478128742768, -8.612777099282725501 ) ) ;
#6296 = AXIS2_PLACEMENT_3D ( 'NONE', #3759, #2614, #2016 ) ;
#6297 = LINE ( 'NONE', #1823, #1057 ) ;
#6298 = AXIS2_PLACEMENT_3D ( 'NONE', #4298, #1547, #1433 ) ;
#6299 = EDGE_CURVE ( 'NONE', #4588, #2005, #5813, .T. ) ;
#6300 = CARTESIAN_POINT ( 'NONE',  ( -7.029229822641459791, -105.5277937424910135, -2.005983268468258363 ) ) ;
#6301 = VERTEX_POINT ( 'NONE', #5570 ) ;
#6302 = DIRECTION ( 'NONE',  ( 1.000000000000000000, 0.000000000000000000, 0.000000000000000000 ) ) ;
#6303 = CIRCLE ( 'NONE', #2411, 5.000000000000000888 ) ;
#6304 = CARTESIAN_POINT ( 'NONE',  ( 10.39918529710549322, -125.9278558184329029, -15.85695251176539422 ) ) ;
#6305 = CARTESIAN_POINT ( 'NONE',  ( 24.85710678118653405, -25.30000000000000071, -22.44289321881346666 ) ) ;
#6306 = CARTESIAN_POINT ( 'NONE',  ( -8.191025354472428077, -110.3033483125078646, -5.648917928781723496 ) ) ;
#6307 = CARTESIAN_POINT ( 'NONE',  ( -4.850000000000002309, 2.000000000000000000, -28.15000000000000568 ) ) ;
#6308 = EDGE_CURVE ( 'NONE', #5330, #5943, #2623, .T. ) ;
#6309 = CARTESIAN_POINT ( 'NONE',  ( -1.917725704102366313, -120.5719186680793484, -2.867748468532416162 ) ) ;
#6310 = DIRECTION ( 'NONE',  ( 0.7071067811865495711, -0.000000000000000000, 0.7071067811865454633 ) ) ;
#6311 = ADVANCED_FACE ( 'NONE', ( #7285 ), #1847, .F. ) ;
#6312 = ORIENTED_EDGE ( 'NONE', *, *, #1282, .T. ) ;
#6313 = CARTESIAN_POINT ( 'NONE',  ( -8.624351459862477753, -94.55659144514919490, -3.306701136449954781 ) ) ;
#6314 = DIRECTION ( 'NONE',  ( -0.1236272436425632226, 0.000000000000000000, 0.9923287281084541833 ) ) ;
#6315 = EDGE_LOOP ( 'NONE', ( #5256, #6456, #809, #1880, #6724 ) ) ;
#6316 = CARTESIAN_POINT ( 'NONE',  ( -8.947876584157837598, -101.4819228302468019, -2.559029617786800603 ) ) ;
#6317 = FACE_OUTER_BOUND ( 'NONE', #14, .T. ) ;
#6318 = EDGE_CURVE ( 'NONE', #3075, #4369, #2512, .T. ) ;
#6319 = CARTESIAN_POINT ( 'NONE',  ( -5.036755929899316975, -24.45833801665173013, -25.43159462381788671 ) ) ;
#6320 = VERTEX_POINT ( 'NONE', #1353 ) ;
#6321 = EDGE_LOOP ( 'NONE', ( #4100, #3920, #4297, #4277 ) ) ;
#6322 = ORIENTED_EDGE ( 'NONE', *, *, #3452, .T. ) ;
#6323 = CARTESIAN_POINT ( 'NONE',  ( -7.173076073822839405, -127.6345778324411668, -36.58857973892207127 ) ) ;
#6324 = CARTESIAN_POINT ( 'NONE',  ( -13.14287581632128799, -123.4436768727782550, -13.91609217641831897 ) ) ;
#6325 = FACE_OUTER_BOUND ( 'NONE', #4555, .T. ) ;
#6326 = VECTOR ( 'NONE', #3772, 1000.000000000000114 ) ;
#6327 = CARTESIAN_POINT ( 'NONE',  ( 8.281365918655783531, -110.5082656810563151, -5.777810634252845468 ) ) ;
#6328 = ORIENTED_EDGE ( 'NONE', *, *, #6586, .T. ) ;
#6329 = VECTOR ( 'NONE', #1479, 1000.000000000000000 ) ;
#6330 = CARTESIAN_POINT ( 'NONE',  ( -20.15000000000000213, -20.30000000000000071, -20.15000000000000213 ) ) ;
#6331 = CARTESIAN_POINT ( 'NONE',  ( 13.55223308168262264, -30.07488027241323891, 2.685481421068348418 ) ) ;
#6332 = CARTESIAN_POINT ( 'NONE',  ( -14.05650513575795024, -25.29999999999999005, -0.1050279585851929265 ) ) ;
#6333 = DIRECTION ( 'NONE',  ( 6.897508850802415061E-17, -0.000000000000000000, 1.000000000000000000 ) ) ;
#6334 = CARTESIAN_POINT ( 'NONE',  ( -5.850000000000003197, 0.3686366983555144916, -25.25084312117861529 ) ) ;
#6335 = AXIS2_PLACEMENT_3D ( 'NONE', #2666, #3777, #4848 ) ;
#6336 = DIRECTION ( 'NONE',  ( -6.897508850802416293E-17, -0.000000000000000000, -1.000000000000000000 ) ) ;
#6337 = CARTESIAN_POINT ( 'NONE',  ( 13.06307049555802280, -118.8447444635744290, -11.10309908145318225 ) ) ;
#6338 = DIRECTION ( 'NONE',  ( 1.000000000000000000, -0.000000000000000000, -0.000000000000000000 ) ) ;
#6339 = CARTESIAN_POINT ( 'NONE',  ( 13.32101931205061440, -122.7382165984337092, -13.45979248652658100 ) ) ;
#6340 = CARTESIAN_POINT ( 'NONE',  ( -5.727064476163179485, -24.29999999999999716, -24.15000000000000568 ) ) ;
#6341 = AXIS2_PLACEMENT_3D ( 'NONE', #1525, #3269, #441 ) ;
#6342 = CARTESIAN_POINT ( 'NONE',  ( -7.770800729338069424, -109.7899891147342117, -5.216782937780175544 ) ) ;
#6343 = CARTESIAN_POINT ( 'NONE',  ( -2.761387918140398856, -108.1256938649267170, -2.837340156093429044 ) ) ;
#6344 = CARTESIAN_POINT ( 'NONE',  ( -5.643872303772374366, -118.2219028875318116, -5.461050699150800547 ) ) ;
#6345 = DIRECTION ( 'NONE',  ( 0.000000000000000000, 0.000000000000000000, 1.000000000000000000 ) ) ;
#6346 = ORIENTED_EDGE ( 'NONE', *, *, #5522, .F. ) ;
#6347 = ADVANCED_FACE ( 'NONE', ( #168 ), #5728, .T. ) ;
#6348 = DIRECTION ( 'NONE',  ( -0.000000000000000000, 1.000000000000000000, -0.000000000000000000 ) ) ;
#6349 = CARTESIAN_POINT ( 'NONE',  ( 8.499421977235726899, -98.35030288306863611, -3.845626126928495481 ) ) ;
#6350 = VERTEX_POINT ( 'NONE', #6957 ) ;
#6351 = CARTESIAN_POINT ( 'NONE',  ( -5.056215752407822173, -103.3134703053907231, -0.6379136369764255576 ) ) ;
#6352 = CARTESIAN_POINT ( 'NONE',  ( 5.354903564734320831, -88.41653653650070055, 1.864905606859586618 ) ) ;
#6353 = CARTESIAN_POINT ( 'NONE',  ( -4.597540231095644359, -24.53057631395876470, -25.41227363713668197 ) ) ;
#6354 = VERTEX_POINT ( 'NONE', #3621 ) ;
#6355 = VERTEX_POINT ( 'NONE', #722 ) ;
#6356 = EDGE_CURVE ( 'NONE', #3675, #2566, #7012, .T. ) ;
#6357 = AXIS2_PLACEMENT_3D ( 'NONE', #6749, #1635, #2786 ) ;
#6358 = CARTESIAN_POINT ( 'NONE',  ( -5.571546093655630472, -127.7974283037137724, -37.32470259953512226 ) ) ;
#6359 = AXIS2_PLACEMENT_3D ( 'NONE', #2971, #2390, #776 ) ;
#6360 = CARTESIAN_POINT ( 'NONE',  ( 8.728391054355640222, -126.0056496004607567, -16.84604330808323880 ) ) ;
#6361 = CYLINDRICAL_SURFACE ( 'NONE', #5701, 0.9999999999999988898 ) ;
#6362 = AXIS2_PLACEMENT_3D ( 'NONE', #6651, #1652, #3837 ) ;
#6363 = ADVANCED_FACE ( 'NONE', ( #5282 ), #5793, .F. ) ;
#6364 = CARTESIAN_POINT ( 'NONE',  ( 8.853489769245692642, -106.1014656056558891, -3.386206235543186338 ) ) ;
#6365 = VERTEX_POINT ( 'NONE', #1813 ) ;
#6366 = DIRECTION ( 'NONE',  ( 1.000000000000000000, 0.000000000000000000, 0.000000000000000000 ) ) ;
#6367 = DIRECTION ( 'NONE',  ( -1.000000000000000000, 0.000000000000000000, 0.000000000000000000 ) ) ;
#6368 = CARTESIAN_POINT ( 'NONE',  ( -22.44289321881343824, -24.29999999999999716, 19.85710678118654826 ) ) ;
#6369 = AXIS2_PLACEMENT_3D ( 'NONE', #3493, #7199, #4462 ) ;
#6370 = EDGE_LOOP ( 'NONE', ( #685, #6398, #1234 ) ) ;
#6371 = CARTESIAN_POINT ( 'NONE',  ( -10.85000000000000320, -12.64999999999999858, -20.15000000000000213 ) ) ;
#6372 = CARTESIAN_POINT ( 'NONE',  ( -5.850000000000003197, 0.7587610065792981251, -25.16268655327095516 ) ) ;
#6373 = LINE ( 'NONE', #3523, #3784 ) ;
#6374 = AXIS2_PLACEMENT_3D ( 'NONE', #5682, #1165, #2838 ) ;
#6375 = CARTESIAN_POINT ( 'NONE',  ( -11.85937029383724273, -116.2972316567070408, -8.646474725142041962 ) ) ;
#6376 = EDGE_LOOP ( 'NONE', ( #5726, #1733, #6847, #6820 ) ) ;
#6377 = CARTESIAN_POINT ( 'NONE',  ( 24.14999999999999147, 3.000000000000000000, -21.73578643762691343 ) ) ;
#6378 = CARTESIAN_POINT ( 'NONE',  ( 13.23315094338663656, -123.1633670826312397, -13.74098646372288712 ) ) ;
#6379 = SPHERICAL_SURFACE ( 'NONE', #1268, 1.000000000000000000 ) ;
#6380 = CARTESIAN_POINT ( 'NONE',  ( -1.596297136799718963, -104.9771693309229619, -0.08450647955050241689 ) ) ;
#6381 = CARTESIAN_POINT ( 'NONE',  ( -9.908670433856643811, -117.2448217175983558, -6.167565571199284058 ) ) ;
#6382 = DIRECTION ( 'NONE',  ( -6.897508850802416293E-17, -0.000000000000000000, -1.000000000000000000 ) ) ;
#6383 = ORIENTED_EDGE ( 'NONE', *, *, #5919, .T. ) ;
#6384 = CARTESIAN_POINT ( 'NONE',  ( -6.784699801372461536, -100.7409389946425904, -2.959344734125318510 ) ) ;
#6385 = CARTESIAN_POINT ( 'NONE',  ( 10.34719949749299595, -92.99418597072374837, -2.315626061077164177 ) ) ;
#6386 = CARTESIAN_POINT ( 'NONE',  ( -1.500704949732753146, -103.7803474722781516, 0.1445310580531191658 ) ) ;
#6387 = CARTESIAN_POINT ( 'NONE',  ( -6.653624306218642351E-14, -137.7545908268758410, -7.802191362394825802 ) ) ;
#6388 = ADVANCED_FACE ( 'NONE', ( #687 ), #758, .F. ) ;
#6389 = AXIS2_PLACEMENT_3D ( 'NONE', #6219, #1142, #6827 ) ;
#6390 = CARTESIAN_POINT ( 'NONE',  ( -3.787368454840759405E-14, -120.8986963996895128, -17.01516173353738282 ) ) ;
#6391 = ORIENTED_EDGE ( 'NONE', *, *, #375, .T. ) ;
#6392 = ORIENTED_EDGE ( 'NONE', *, *, #1887, .T. ) ;
#6393 = CARTESIAN_POINT ( 'NONE',  ( -7.110011562754425363, -131.3107841233944555, -26.65344478946150275 ) ) ;
#6394 = DIRECTION ( 'NONE',  ( -0.000000000000000000, -0.000000000000000000, 1.000000000000000000 ) ) ;
#6395 = FACE_OUTER_BOUND ( 'NONE', #4636, .T. ) ;
#6396 = EDGE_CURVE ( 'NONE', #2897, #1582, #3891, .T. ) ;
#6397 = CARTESIAN_POINT ( 'NONE',  ( 12.07314071115106557, -110.0274030802747376, -7.899213866280863527 ) ) ;
#6398 = ORIENTED_EDGE ( 'NONE', *, *, #6119, .F. ) ;
#6399 = ORIENTED_EDGE ( 'NONE', *, *, #1000, .F. ) ;
#6400 = DATE_AND_TIME ( #3627, #5445 ) ;
#6401 = CARTESIAN_POINT ( 'NONE',  ( 9.251574508423987098, -29.64587876528601385, 9.785298329107025239 ) ) ;
#6402 = CARTESIAN_POINT ( 'NONE',  ( -17.07782624843419228, -25.29999999999999361, 7.509595890889339209 ) ) ;
#6403 = ORIENTED_EDGE ( 'NONE', *, *, #2503, .F. ) ;
#6404 = ADVANCED_FACE ( 'NONE', ( #1915 ), #207, .F. ) ;
#6405 = DIRECTION ( 'NONE',  ( 2.812538085595988450E-16, 0.9848077530122081313, 0.1736481776669306920 ) ) ;
#6406 = LINE ( 'NONE', #3865, #4929 ) ;
#6407 = EDGE_CURVE ( 'NONE', #2796, #5199, #1207, .T. ) ;
#6408 = CARTESIAN_POINT ( 'NONE',  ( -12.28376586462143294, -111.2418952695474417, -8.492214670649165242 ) ) ;
#6409 = ORIENTED_EDGE ( 'NONE', *, *, #1231, .F. ) ;
#6410 = DIRECTION ( 'NONE',  ( -0.7071067811865495711, 0.000000000000000000, -0.7071067811865454633 ) ) ;
#6411 = DIRECTION ( 'NONE',  ( -1.000000000000000000, 0.000000000000000000, 7.744301232039311751E-17 ) ) ;
#6412 = AXIS2_PLACEMENT_3D ( 'NONE', #6024, #5988, #949 ) ;
#6413 = DIRECTION ( 'NONE',  ( -0.000000000000000000, -1.000000000000000000, -0.000000000000000000 ) ) ;
#6414 = CIRCLE ( 'NONE', #5699, 12.00000000000000178 ) ;
#6415 = VECTOR ( 'NONE', #3428, 1000.000000000000000 ) ;
#6416 = FACE_OUTER_BOUND ( 'NONE', #3508, .T. ) ;
#6417 = CIRCLE ( 'NONE', #2748, 1.050000000000000488 ) ;
#6418 = CARTESIAN_POINT ( 'NONE',  ( -7.194615984661919761, -121.6481839822565973, -4.919301635770217729 ) ) ;
#6419 = AXIS2_PLACEMENT_3D ( 'NONE', #4004, #2215, #6247 ) ;
#6420 = DIRECTION ( 'NONE',  ( 1.000000000000000000, 0.000000000000000000, 0.000000000000000000 ) ) ;
#6421 = ORIENTED_EDGE ( 'NONE', *, *, #4402, .T. ) ;
#6422 = CARTESIAN_POINT ( 'NONE',  ( -10.61385857676452815, -24.29999999999999716, -27.15000000000000213 ) ) ;
#6423 = CARTESIAN_POINT ( 'NONE',  ( 12.07314071115121301, -93.21104891270586279, -4.934036909389513781 ) ) ;
#6424 = DIRECTION ( 'NONE',  ( 0.000000000000000000, 0.000000000000000000, -1.000000000000000000 ) ) ;
#6425 = CARTESIAN_POINT ( 'NONE',  ( -24.15000000000000213, -24.29999999999999716, 16.73578643762690632 ) ) ;
#6426 = CARTESIAN_POINT ( 'NONE',  ( 3.146476370910904485, 3.000000000000000000, 0.000000000000000000 ) ) ;
#6427 = ORIENTED_EDGE ( 'NONE', *, *, #5027, .T. ) ;
#6428 = VERTEX_POINT ( 'NONE', #1316 ) ;
#6429 = CARTESIAN_POINT ( 'NONE',  ( -8.842145491189295825, -126.5414197366170299, -17.73044649632361569 ) ) ;
#6430 = CARTESIAN_POINT ( 'NONE',  ( 15.32499999999973817, -8.654551732809666831, 23.15000000000000213 ) ) ;
#6431 = DIRECTION ( 'NONE',  ( -0.000000000000000000, -0.000000000000000000, 1.000000000000000000 ) ) ;
#6432 = CARTESIAN_POINT ( 'NONE',  ( 10.78123999952780565, -110.6233391601435727, -5.874129884832743898 ) ) ;
#6433 = ORIENTED_EDGE ( 'NONE', *, *, #6107, .T. ) ;
#6434 = ORIENTED_EDGE ( 'NONE', *, *, #6756, .F. ) ;
#6435 = FACE_OUTER_BOUND ( 'NONE', #2203, .T. ) ;
#6436 = DIRECTION ( 'NONE',  ( 6.897508850802415061E-17, -0.000000000000000000, 1.000000000000000000 ) ) ;
#6437 = ORIENTED_EDGE ( 'NONE', *, *, #6478, .F. ) ;
#6438 = CYLINDRICAL_SURFACE ( 'NONE', #61, 1.000000000000000888 ) ;
#6439 = CARTESIAN_POINT ( 'NONE',  ( 13.10459486113949090, -55.52044126977657612, -0.4788082247007610093 ) ) ;
#6440 = EDGE_CURVE ( 'NONE', #4881, #1836, #3084, .T. ) ;
#6442 = ORIENTED_EDGE ( 'NONE', *, *, #6263, .F. ) ;
#6441 = CARTESIAN_POINT ( 'NONE',  ( 7.249999999999992895, -12.65000000000000036, -28.15000000000000213 ) ) ;
#6443 = ADVANCED_FACE ( 'NONE', ( #857 ), #3655, .F. ) ;
#6444 = CARTESIAN_POINT ( 'NONE',  ( 13.26895914135791621, -123.0219814423851830, -13.65029232794757519 ) ) ;
#6445 = DIRECTION ( 'NONE',  ( -1.000000000000000000, -0.000000000000000000, 0.000000000000000000 ) ) ;
#6446 = DIRECTION ( 'NONE',  ( 1.000000000000000000, 0.000000000000000000, 0.000000000000000000 ) ) ;
#6447 = CIRCLE ( 'NONE', #5738, 1.000000000000000888 ) ;
#6448 = EDGE_LOOP ( 'NONE', ( #1765, #295 ) ) ;
#6449 = EDGE_CURVE ( 'NONE', #2912, #656, #4759, .T. ) ;
#6450 = CARTESIAN_POINT ( 'NONE',  ( -25.15000000000000213, -24.29999999999999716, -21.73578643762690987 ) ) ;
#6451 = AXIS2_PLACEMENT_3D ( 'NONE', #404, #2675, #6070 ) ;
#6452 = CIRCLE ( 'NONE', #770, 1.000000000000000888 ) ;
#6453 = CARTESIAN_POINT ( 'NONE',  ( -7.976987946811923358, -116.2867833550867402, -6.528893269745219108 ) ) ;
#6454 = EDGE_CURVE ( 'NONE', #4744, #3363, #342, .T. ) ;
#6455 = DIRECTION ( 'NONE',  ( 0.000000000000000000, 0.000000000000000000, -1.000000000000000000 ) ) ;
#6456 = ORIENTED_EDGE ( 'NONE', *, *, #1194, .T. ) ;
#6457 = B_SPLINE_CURVE_WITH_KNOTS ( 'NONE', 3,
 ( #4031, #48, #6686, #6159, #6804, #4552, #3954, #2247, #1608, #3915 ),
 .UNSPECIFIED., .F., .F.,
 ( 4, 2, 2, 2, 4 ),
 ( 0.000000000000000000, 0.001245352820608772474, 0.002490705641217544949, 0.003736058461826317206, 0.004981411282435089898 ),
 .UNSPECIFIED. ) ;
#6458 = CARTESIAN_POINT ( 'NONE',  ( 8.670840287196327267, -94.74941342245277554, -3.391943334763090956 ) ) ;
#6459 = B_SPLINE_CURVE_WITH_KNOTS ( 'NONE', 3,
 ( #4878, #5940, #2139, #1399 ),
 .UNSPECIFIED., .F., .F.,
 ( 4, 4 ),
 ( 0.004432469528003713313, 0.007530531292728945281 ),
 .UNSPECIFIED. ) ;
#6460 = CARTESIAN_POINT ( 'NONE',  ( -10.46953123149330089, -99.49613793343948487, -3.586197761472501355 ) ) ;
#6461 = CARTESIAN_POINT ( 'NONE',  ( -3.668071464818273304E-14, -122.9205321072674337, -3.155693352942731789 ) ) ;
#6462 = AXIS2_PLACEMENT_3D ( 'NONE', #6307, #4164, #1304 ) ;
#6463 = SPHERICAL_SURFACE ( 'NONE', #7194, 1.000000000000000000 ) ;
#6464 = ORIENTED_EDGE ( 'NONE', *, *, #459, .F. ) ;
#6465 = ORIENTED_EDGE ( 'NONE', *, *, #1186, .T. ) ;
#6466 = CARTESIAN_POINT ( 'NONE',  ( 17.64999999999998792, -10.29999999999999005, 25.15000000000000213 ) ) ;
#6467 = CARTESIAN_POINT ( 'NONE',  ( 17.64999999999998792, -10.29999999999999005, 22.15000000000000213 ) ) ;
#6468 = CARTESIAN_POINT ( 'NONE',  ( -5.850000000000003197, 1.999999999999999112, -28.15000000000000568 ) ) ;
#6469 = CARTESIAN_POINT ( 'NONE',  ( 4.257455278170878543, -118.6762657253351989, -5.051298444499742857 ) ) ;
#6470 = ORIENTED_EDGE ( 'NONE', *, *, #463, .F. ) ;
#6471 = ORIENTED_EDGE ( 'NONE', *, *, #5354, .T. ) ;
#6472 = AXIS2_PLACEMENT_3D ( 'NONE', #3192, #3785, #1595 ) ;
#6473 = DIRECTION ( 'NONE',  ( 0.7071067811865466846, 0.000000000000000000, -0.7071067811865483499 ) ) ;
#6474 = CARTESIAN_POINT ( 'NONE',  ( 15.57732695325685413, -124.6739801837047565, -25.26541639956626284 ) ) ;
#6475 = LINE ( 'NONE', #2658, #3618 ) ;
#6476 = VECTOR ( 'NONE', #7082, 1000.000000000000000 ) ;
#6477 = CARTESIAN_POINT ( 'NONE',  ( 15.67304215937197931, -124.5526775040791279, -24.86681049933058674 ) ) ;
#6478 = EDGE_CURVE ( 'NONE', #7201, #3307, #6897, .T. ) ;
#6479 = PLANE ( 'NONE',  #21 ) ;
#6480 = ADVANCED_FACE ( 'NONE', ( #970 ), #3096, .T. ) ;
#6481 = CARTESIAN_POINT ( 'NONE',  ( -0.8500000000000044187, 2.999999999999999112, -29.15000000000000568 ) ) ;
#6482 = EDGE_LOOP ( 'NONE', ( #3439, #377, #6465, #5460 ) ) ;
#6483 = CARTESIAN_POINT ( 'NONE',  ( 2.511113991762607967, -91.28828946814265066, 0.1801559951915436830 ) ) ;
#6484 = AXIS2_PLACEMENT_3D ( 'NONE', #1416, #2012, #7128 ) ;
#6485 = CARTESIAN_POINT ( 'NONE',  ( -11.20693704141926261, -113.6115064749637895, -6.871304004400995424 ) ) ;
#6486 = EDGE_CURVE ( 'NONE', #491, #5943, #3689, .T. ) ;
#6487 = CYLINDRICAL_SURFACE ( 'NONE', #5704, 2.099999999999999645 ) ;
#6488 = DIRECTION ( 'NONE',  ( 1.000000000000000000, 0.000000000000000000, 0.000000000000000000 ) ) ;
#6489 = ORIENTED_EDGE ( 'NONE', *, *, #4416, .T. ) ;
#6490 = CARTESIAN_POINT ( 'NONE',  ( 8.188695455950789182, -93.52877232985868261, -2.698702566989481078 ) ) ;
#6491 = EDGE_CURVE ( 'NONE', #1610, #3900, #4867, .T. ) ;
#6492 = CARTESIAN_POINT ( 'NONE',  ( -11.81583205992523311, -99.62676943323563705, -5.636622832499822877 ) ) ;
#6493 = CARTESIAN_POINT ( 'NONE',  ( 2.397020944428597922, -88.18722341153473110, 2.763125224387250167 ) ) ;
#6494 = ADVANCED_FACE ( 'NONE', ( #2054 ), #3126, .F. ) ;
#6495 = LINE ( 'NONE', #4762, #215 ) ;
#6496 = ORIENTED_EDGE ( 'NONE', *, *, #4701, .T. ) ;
#6497 = ORIENTED_EDGE ( 'NONE', *, *, #5141, .F. ) ;
#6498 = CARTESIAN_POINT ( 'NONE',  ( -15.55035563580299751, -121.7956831464858851, -17.19050177848293615 ) ) ;
#6499 = AXIS2_PLACEMENT_3D ( 'NONE', #1620, #5024, #3846 ) ;
#6500 = LINE ( 'NONE', #3685, #6526 ) ;
#6501 = DIRECTION ( 'NONE',  ( 0.000000000000000000, 0.000000000000000000, 1.000000000000000000 ) ) ;
#6502 = CARTESIAN_POINT ( 'NONE',  ( 5.840777581243814964, -118.1153623193818021, -5.538002609185186387 ) ) ;
#6503 = EDGE_LOOP ( 'NONE', ( #7211, #4188, #608, #1967 ) ) ;
#6504 = ORIENTED_EDGE ( 'NONE', *, *, #403, .F. ) ;
#6505 = APPLICATION_PROTOCOL_DEFINITION ( 'international standard', 'config_control_design', 1994, #1961 ) ;
#6506 = CARTESIAN_POINT ( 'NONE',  ( 8.419872920463955523, -25.29999999999999361, -18.38144638708525491 ) ) ;
#6507 = VECTOR ( 'NONE', #6898, 1000.000000000000000 ) ;
#6508 = CARTESIAN_POINT ( 'NONE',  ( 8.148089571965627442, -130.4184169964312048, -24.74380273950027487 ) ) ;
#6509 = CARTESIAN_POINT ( 'NONE',  ( 2.249999999999996003, -12.65000000000000036, -27.65000000000000924 ) ) ;
#6511 = EDGE_LOOP ( 'NONE', ( #6624, #5927, #6802, #2334 ) ) ;
#6510 = CARTESIAN_POINT ( 'NONE',  ( 3.146476370910900489, -24.29999999999999716, 21.73578643762689211 ) ) ;
#6512 = VERTEX_POINT ( 'NONE', #1390 ) ;
#6513 = CYLINDRICAL_SURFACE ( 'NONE', #2624, 0.9999999999999988898 ) ;
#6514 = CARTESIAN_POINT ( 'NONE',  ( -4.850000000000002309, 1.999999999999999112, -25.15000000000000568 ) ) ;
#6515 = ORIENTED_EDGE ( 'NONE', *, *, #5983, .T. ) ;
#6516 = CARTESIAN_POINT ( 'NONE',  ( -0.09209364487553885203, -91.20785205774653548, 0.3950664886902421902 ) ) ;
#6517 = DIRECTION ( 'NONE',  ( 2.812538085595988450E-16, 0.9848077530122081313, 0.1736481776669306920 ) ) ;
#6518 = AXIS2_PLACEMENT_3D ( 'NONE', #41, #2866, #5673 ) ;
#6519 = CARTESIAN_POINT ( 'NONE',  ( 12.64911064067350743, -118.4824174576203717, -10.49654689181843281 ) ) ;
#6520 = CARTESIAN_POINT ( 'NONE',  ( 3.146476370910900044, -25.29999999999999716, 19.14999999999999858 ) ) ;
#6521 = ORIENTED_EDGE ( 'NONE', *, *, #2922, .F. ) ;
#6522 = CARTESIAN_POINT ( 'NONE',  ( 3.668164913050880660, -101.9957799443994730, -1.950196090085349221 ) ) ;
#6523 = CARTESIAN_POINT ( 'NONE',  ( -8.822693179004668096, -96.49122301478843156, -3.871779861029288838 ) ) ;
#6524 = ADVANCED_FACE ( 'NONE', ( #931, #4318 ), #827, .T. ) ;
#6525 = CARTESIAN_POINT ( 'NONE',  ( 10.57609133909208055, -102.1562025904853641, -4.391338385337575367 ) ) ;
#6526 = VECTOR ( 'NONE', #5930, 1000.000000000000000 ) ;
#6527 = AXIS2_PLACEMENT_3D ( 'NONE', #6739, #1098, #499 ) ;
#6528 = CARTESIAN_POINT ( 'NONE',  ( 15.32499999999973817, -11.94544826719053532, 23.15000000000000213 ) ) ;
#6529 = DIRECTION ( 'NONE',  ( 1.000000000000000000, 0.000000000000000000, 0.000000000000000000 ) ) ;
#6530 = ORIENTED_EDGE ( 'NONE', *, *, #199, .F. ) ;
#6531 = ADVANCED_FACE ( 'NONE', ( #4282 ), #6535, .T. ) ;
#6532 = TOROIDAL_SURFACE ( 'NONE', #1081, 6.099999999999999645, 1.000000000000000000 ) ;
#6533 = EDGE_LOOP ( 'NONE', ( #3252, #1546, #5172, #936 ) ) ;
#6534 = CARTESIAN_POINT ( 'NONE',  ( -15.38305858043365681, -124.9336887831008198, -26.11467988486339920 ) ) ;
#6535 = CYLINDRICAL_SURFACE ( 'NONE', #5452, 1.000000000000000888 ) ;
#6536 = CARTESIAN_POINT ( 'NONE',  ( 8.768978179780289040, -113.9699431265004392, -6.890805716515593815 ) ) ;
#6537 = EDGE_CURVE ( 'NONE', #6350, #5353, #5380, .T. ) ;
#6538 = CARTESIAN_POINT ( 'NONE',  ( 6.728458589486752572, -119.6173506099557358, -4.285014523557885369 ) ) ;
#6539 = VERTEX_POINT ( 'NONE', #6005 ) ;
#6540 = EDGE_LOOP ( 'NONE', ( #4362, #7056, #6076, #6200, #2232 ) ) ;
#6541 =( LENGTH_UNIT ( ) NAMED_UNIT ( * ) SI_UNIT ( .MILLI., .METRE. ) );
#6542 = CARTESIAN_POINT ( 'NONE',  ( 11.73165619191006037, -25.29999999999998650, -8.013169420233088758 ) ) ;
#6543 = VERTEX_POINT ( 'NONE', #6575 ) ;
#6544 = CARTESIAN_POINT ( 'NONE',  ( 8.954991352624352530, -128.7468178005282198, -21.48835429185366053 ) ) ;
#6545 = DIRECTION ( 'NONE',  ( 0.000000000000000000, 0.000000000000000000, -1.000000000000000000 ) ) ;
#6546 = B_SPLINE_CURVE_WITH_KNOTS ( 'NONE', 3,
 ( #1085, #5640, #3353, #2327, #3275, #6726, #3872, #565, #4468, #2874 ),
 .UNSPECIFIED., .F., .F.,
 ( 4, 2, 2, 2, 4 ),
 ( 1.492265558872730067E-17, 0.0004880419083429768292, 0.0009760838166859388048, 0.001952167633371897342, 0.003904335266743814200 ),
 .UNSPECIFIED. ) ;
#6548 = EDGE_LOOP ( 'NONE', ( #5973, #6891, #5058, #269 ) ) ;
#6547 = DIRECTION ( 'NONE',  ( -2.595324257062149123E-16, -1.000000000000000000, 0.000000000000000000 ) ) ;
#6549 = ORIENTED_EDGE ( 'NONE', *, *, #6356, .F. ) ;
#6550 = DIRECTION ( 'NONE',  ( 0.000000000000000000, 0.000000000000000000, 1.000000000000000000 ) ) ;
#6551 = CARTESIAN_POINT ( 'NONE',  ( 15.32499999999973817, -8.654551732809666831, 20.15000000000000213 ) ) ;
#6552 = CYLINDRICAL_SURFACE ( 'NONE', #4439, 1.050000000000000488 ) ;
#6553 = VECTOR ( 'NONE', #6547, 1000.000000000000000 ) ;
#6554 = CARTESIAN_POINT ( 'NONE',  ( 8.210711793900241418, -93.56193344272351453, -2.724283220368737268 ) ) ;
#6555 = CARTESIAN_POINT ( 'NONE',  ( 25.14999999999999503, 2.999999999999999112, -22.15000000000000568 ) ) ;
#6556 = CARTESIAN_POINT ( 'NONE',  ( 12.64911064067343105, -118.6450128069000698, -10.52521683883403725 ) ) ;
#6557 = CIRCLE ( 'NONE', #4316, 13.99999999999999645 ) ;
#6558 = AXIS2_PLACEMENT_3D ( 'NONE', #3818, #7113, #2114 ) ;
#6559 = CARTESIAN_POINT ( 'NONE',  ( 2.139407734989932752, -24.30036124980306411, 20.15706863592099296 ) ) ;
#6560 = EDGE_LOOP ( 'NONE', ( #1927, #2488, #3587, #2399 ) ) ;
#6561 = CARTESIAN_POINT ( 'NONE',  ( 4.246850407645313297, -103.4787653491878672, -0.3822986510626828482 ) ) ;
#6562 = VECTOR ( 'NONE', #7054, 1000.000000000000000 ) ;
#6563 = CARTESIAN_POINT ( 'NONE',  ( -8.681688172306461837, -97.71644713190153198, -3.924204646686396014 ) ) ;
#6564 = CARTESIAN_POINT ( 'NONE',  ( 12.29817035532200720, -94.56098754837738340, -5.577799666389952726 ) ) ;
#6565 = AXIS2_PLACEMENT_3D ( 'NONE', #2805, #3962, #6205 ) ;
#6566 = DIRECTION ( 'NONE',  ( 1.000000000000000000, 0.000000000000000000, 0.000000000000000000 ) ) ;
#6567 = CARTESIAN_POINT ( 'NONE',  ( 8.035996198667387347, -105.7884121868078466, -2.692508115065607388 ) ) ;
#6568 = DIRECTION ( 'NONE',  ( 1.000000000000000000, 0.000000000000000000, 0.000000000000000000 ) ) ;
#6569 = EDGE_CURVE ( 'NONE', #6065, #5749, #1809, .T. ) ;
#6570 = ORIENTED_EDGE ( 'NONE', *, *, #682, .F. ) ;
#6571 = EDGE_CURVE ( 'NONE', #2540, #6065, #4249, .T. ) ;
#6572 = CARTESIAN_POINT ( 'NONE',  ( -13.19720754914819061, -118.9689398818053263, -11.32288368836829306 ) ) ;
#6573 = AXIS2_PLACEMENT_3D ( 'NONE', #5121, #2359, #4544 ) ;
#6574 = DIRECTION ( 'NONE',  ( -0.000000000000000000, 0.000000000000000000, 1.000000000000000000 ) ) ;
#6575 = CARTESIAN_POINT ( 'NONE',  ( -8.932182085337455848E-12, -132.9887435919718257, -30.58312937714846669 ) ) ;
#6576 = LINE ( 'NONE', #381, #567 ) ;
#6577 = CC_DESIGN_PERSON_AND_ORGANIZATION_ASSIGNMENT ( #5016, #2098, ( #4753 ) ) ;
#6578 = CARTESIAN_POINT ( 'NONE',  ( 7.728640019992544019, -116.6708706928863108, -6.389297649076000951 ) ) ;
#6579 = CARTESIAN_POINT ( 'NONE',  ( 2.146476370910904485, 3.000000000000000444, 21.73578643762689566 ) ) ;
#6580 = ORIENTED_EDGE ( 'NONE', *, *, #829, .F. ) ;
#6581 = EDGE_CURVE ( 'NONE', #7314, #1594, #3239, .T. ) ;
#6582 = CARTESIAN_POINT ( 'NONE',  ( -22.94289321881348442, 3.000000000000000000, -22.94289321881343113 ) ) ;
#6583 = VERTEX_POINT ( 'NONE', #4768 ) ;
#6584 = CARTESIAN_POINT ( 'NONE',  ( 12.24588622986793673, -124.8346817379024571, -10.26982575831547173 ) ) ;
#6585 = CARTESIAN_POINT ( 'NONE',  ( 21.44289321881345600, -25.30000000000000071, 24.44289321881347021 ) ) ;
#6586 = EDGE_CURVE ( 'NONE', #4947, #1386, #6500, .T. ) ;
#6588 = ORIENTED_EDGE ( 'NONE', *, *, #1683, .F. ) ;
#6587 = LINE ( 'NONE', #1962, #6066 ) ;
#6589 = ORIENTED_EDGE ( 'NONE', *, *, #1514, .T. ) ;
#6590 = CARTESIAN_POINT ( 'NONE',  ( -11.68823842644485111, -100.0511912164874957, -5.506799483177605481 ) ) ;
#6591 = LINE ( 'NONE', #3182, #900 ) ;
#6592 = DIRECTION ( 'NONE',  ( 0.000000000000000000, -1.000000000000000000, 0.000000000000000000 ) ) ;
#6593 = VECTOR ( 'NONE', #1570, 1000.000000000000000 ) ;
#6594 = AXIS2_PLACEMENT_3D ( 'NONE', #1520, #4341, #1593 ) ;
#6595 = CARTESIAN_POINT ( 'NONE',  ( 8.416131487852201332, -93.96409425408228344, -2.988350253412463076 ) ) ;
#6596 = CARTESIAN_POINT ( 'NONE',  ( -8.636307446866517523, -125.9931168636503287, -16.91711999050636450 ) ) ;
#6597 = AXIS2_PLACEMENT_3D ( 'NONE', #4410, #4487, #1709 ) ;
#6598 = DIRECTION ( 'NONE',  ( 1.000000000000000000, 0.000000000000000000, 0.000000000000000000 ) ) ;
#6599 = CARTESIAN_POINT ( 'NONE',  ( 1.639702749897281597, -24.96082675186610089, 19.90338681050699066 ) ) ;
#6600 = ORIENTED_EDGE ( 'NONE', *, *, #6772, .F. ) ;
#6601 = LINE ( 'NONE', #7120, #5173 ) ;
#6602 = CIRCLE ( 'NONE', #4940, 0.9999999999999988898 ) ;
#6603 = CARTESIAN_POINT ( 'NONE',  ( -11.91174579042340653, -99.29702383228143958, -5.735059585347452860 ) ) ;
#6604 = CARTESIAN_POINT ( 'NONE',  ( 11.87017685914528009, -92.46535829391834227, -4.458215680494484801 ) ) ;
#6605 = CARTESIAN_POINT ( 'NONE',  ( 20.14999999999999503, 2.999999999999999112, 19.14999999999999858 ) ) ;
#6606 = CARTESIAN_POINT ( 'NONE',  ( 5.834507100787544864, -105.3089555915466775, -1.343653488496950210 ) ) ;
#6607 = CARTESIAN_POINT ( 'NONE',  ( -11.65288593809503226, -47.89390589173144264, -12.02825296944894617 ) ) ;
#6608 = AXIS2_PLACEMENT_3D ( 'NONE', #6092, #2887, #6658 ) ;
#6609 = VERTEX_POINT ( 'NONE', #6117 ) ;
#6610 = CARTESIAN_POINT ( 'NONE',  ( -5.861775737104440331, -91.84780392037842489, -0.9163956633623115966 ) ) ;
#6611 = CARTESIAN_POINT ( 'NONE',  ( 5.149999999999995914, -12.65000000000000036, -28.15000000000000213 ) ) ;
#6612 = CARTESIAN_POINT ( 'NONE',  ( -4.950000000000002842, -4.649999999999997691, -28.15000000000000213 ) ) ;
#6613 = CYLINDRICAL_SURFACE ( 'NONE', #5887, 2.099999999999999645 ) ;
#6614 = EDGE_CURVE ( 'NONE', #2438, #5992, #2740, .T. ) ;
#6615 = CARTESIAN_POINT ( 'NONE',  ( 12.34996722373454681, -113.1706835745480220, -8.956832022070711830 ) ) ;
#6616 = DIRECTION ( 'NONE',  ( -1.000000000000000000, -0.000000000000000000, 6.897508850802415061E-17 ) ) ;
#6617 = VERTEX_POINT ( 'NONE', #4938 ) ;
#6618 = CARTESIAN_POINT ( 'NONE',  ( 6.199999999999997513, -12.65000000000000391, -30.15000000000000568 ) ) ;
#6619 = ORIENTED_EDGE ( 'NONE', *, *, #1590, .F. ) ;
#6620 = CARTESIAN_POINT ( 'NONE',  ( 8.954539628482043767, -127.1363506857090613, -18.69754191607659877 ) ) ;
#6621 = CARTESIAN_POINT ( 'NONE',  ( 0.1499999999999959421, 0.1241523674032468660, -25.34848945348834448 ) ) ;
#6622 = ADVANCED_FACE ( 'NONE', ( #4509 ), #7277, .F. ) ;
#6623 = CARTESIAN_POINT ( 'NONE',  ( 25.14999999999999147, -24.29999999999999716, 22.14999999999999147 ) ) ;
#6624 = ORIENTED_EDGE ( 'NONE', *, *, #3510, .F. ) ;
#6625 = AXIS2_PLACEMENT_3D ( 'NONE', #6763, #1691, #5130 ) ;
#6626 = CARTESIAN_POINT ( 'NONE',  ( -10.90273885361458106, -101.6673284209994961, -4.702604386362758682 ) ) ;
#6627 = EDGE_CURVE ( 'NONE', #3717, #183, #2205, .T. ) ;
#6628 = CARTESIAN_POINT ( 'NONE',  ( 3.146476370910896048, -24.29999999999999716, 21.73578643762688500 ) ) ;
#6629 = CARTESIAN_POINT ( 'NONE',  ( 5.665866554429584312, -105.3223812159783250, -1.267512988695085996 ) ) ;
#6630 = EDGE_CURVE ( 'NONE', #3319, #5224, #2028, .T. ) ;
#6631 = DIRECTION ( 'NONE',  ( 1.000000000000000000, 0.000000000000000000, -0.000000000000000000 ) ) ;
#6632 = CARTESIAN_POINT ( 'NONE',  ( -8.728391054355718381, -126.0056496004607283, -16.84604330808324235 ) ) ;
#6633 = DIRECTION ( 'NONE',  ( -0.000000000000000000, -1.000000000000000000, 0.000000000000000000 ) ) ;
#6634 = LINE ( 'NONE', #435, #7187 ) ;
#6635 = ORIENTED_EDGE ( 'NONE', *, *, #1458, .T. ) ;
#6636 = CARTESIAN_POINT ( 'NONE',  ( 5.724235209854980688, -103.1408200558881134, -0.8852489487941435087 ) ) ;
#6637 = CARTESIAN_POINT ( 'NONE',  ( -1.860753911353203893, -90.44423713217163652, 2.452385907036929602 ) ) ;
#6638 = CARTESIAN_POINT ( 'NONE',  ( -1.602545946880348179E-14, -56.22668379970505015, -9.468289625580641911 ) ) ;
#6639 = DIRECTION ( 'NONE',  ( 0.000000000000000000, 0.000000000000000000, -1.000000000000000000 ) ) ;
#6640 = CARTESIAN_POINT ( 'NONE',  ( 11.77849988696767092, -109.0859245311922905, -7.246189917348557330 ) ) ;
#6641 = DIRECTION ( 'NONE',  ( 0.5000000000000003331, -0.8660254037844385966, 0.000000000000000000 ) ) ;
#6642 = VERTEX_POINT ( 'NONE', #7238 ) ;
#6643 = CIRCLE ( 'NONE', #1554, 2.100000000000000977 ) ;
#6644 = CARTESIAN_POINT ( 'NONE',  ( -1.661830920882785056, -91.24164681771233631, 0.3021169077121388935 ) ) ;
#6645 = AXIS2_PLACEMENT_3D ( 'NONE', #6285, #1211, #4704 ) ;
#6646 = CARTESIAN_POINT ( 'NONE',  ( 12.47499999999974030, -7.009103465619234363, 23.15000000000000213 ) ) ;
#6647 = DIRECTION ( 'NONE',  ( 0.000000000000000000, 1.000000000000000000, 0.000000000000000000 ) ) ;
#6648 = CARTESIAN_POINT ( 'NONE',  ( 8.798165110201376038, -113.7067311194621055, -6.878554941063988792 ) ) ;
#6649 = CARTESIAN_POINT ( 'NONE',  ( 3.146476370910904485, 4.000000000000000000, 22.14999999999998437 ) ) ;
#6650 = CIRCLE ( 'NONE', #5239, 2.099999999999999645 ) ;
#6651 = CARTESIAN_POINT ( 'NONE',  ( 19.14999999999999503, 2.999999999999999112, 21.15000000000000213 ) ) ;
#6652 = ORIENTED_EDGE ( 'NONE', *, *, #2778, .F. ) ;
#6653 = AXIS2_PLACEMENT_3D ( 'NONE', #2990, #3622, #1354 ) ;
#6654 = CARTESIAN_POINT ( 'NONE',  ( -9.800000000000002487, -12.64999999999999858, -28.15000000000000213 ) ) ;
#6655 = EDGE_LOOP ( 'NONE', ( #3868, #7282, #3908, #6672 ) ) ;
#6656 = CARTESIAN_POINT ( 'NONE',  ( 11.34648696049044503, -138.3204735520956774, -35.93329525621615517 ) ) ;
#6657 = CARTESIAN_POINT ( 'NONE',  ( 3.249999999999996003, -12.65000000000000036, -30.15000000000000568 ) ) ;
#6658 = DIRECTION ( 'NONE',  ( 0.000000000000000000, 0.1736481776669308585, -0.9848077530122080203 ) ) ;
#6659 = DIRECTION ( 'NONE',  ( 0.000000000000000000, 0.000000000000000000, 1.000000000000000000 ) ) ;
#6660 = EDGE_LOOP ( 'NONE', ( #3204, #876, #640, #2302 ) ) ;
#6661 = CARTESIAN_POINT ( 'NONE',  ( -19.14999999999999858, 4.000000000000000000, -21.15000000000000213 ) ) ;
#6662 = ADVANCED_FACE ( 'NONE', ( #3953 ), #5601, .F. ) ;
#6663 = CARTESIAN_POINT ( 'NONE',  ( -0.8475209813124542357, -25.29999999999783356, -14.37450480412072373 ) ) ;
#6664 = EDGE_LOOP ( 'NONE', ( #2693, #4876, #422, #6437 ) ) ;
#6665 = CARTESIAN_POINT ( 'NONE',  ( 4.972458769827294844, -105.3711584648781923, -0.9908834638437664655 ) ) ;
#6666 = DIRECTION ( 'NONE',  ( 1.000000000000000000, -0.000000000000000000, 0.000000000000000000 ) ) ;
#6667 = APPROVAL ( #1612, '未指定' ) ;
#6668 = LINE ( 'NONE', #2706, #6037 ) ;
#6669 = LINE ( 'NONE', #4998, #2985 ) ;
#6670 = ADVANCED_FACE ( 'NONE', ( #525 ), #3833, .T. ) ;
#6671 = CARTESIAN_POINT ( 'NONE',  ( 1.146476370914957021, -24.36545058746438741, 20.14999999999999858 ) ) ;
#6672 = ORIENTED_EDGE ( 'NONE', *, *, #2875, .T. ) ;
#6673 = AXIS2_PLACEMENT_3D ( 'NONE', #2083, #1600, #373 ) ;
#6674 = CARTESIAN_POINT ( 'NONE',  ( 8.177088613393586058, -104.3052351601120762, -2.542348430338019050 ) ) ;
#6675 = CARTESIAN_POINT ( 'NONE',  ( -3.378990356645427351, -91.36614354287986828, -0.007419839741251623572 ) ) ;
#6676 = CARTESIAN_POINT ( 'NONE',  ( -0.6123998902451656123, -107.2422573780393265, -0.3795660094370242321 ) ) ;
#6677 = EDGE_CURVE ( 'NONE', #5199, #6365, #1122, .T. ) ;
#6678 = CARTESIAN_POINT ( 'NONE',  ( 17.64999999999998792, -10.29999999999999005, 22.15000000000000213 ) ) ;
#6679 = CARTESIAN_POINT ( 'NONE',  ( -2.850000000000003642, -4.649999999999999467, -28.15000000000000213 ) ) ;
#6680 = CARTESIAN_POINT ( 'NONE',  ( -10.71091783028705002, -47.36914206303690378, -13.22682527161238930 ) ) ;
#6681 = ORIENTED_EDGE ( 'NONE', *, *, #6486, .F. ) ;
#6682 = CARTESIAN_POINT ( 'NONE',  ( 8.903984853800977817, -128.9838694386695295, -21.92555245087398319 ) ) ;
#6683 = AXIS2_PLACEMENT_3D ( 'NONE', #4549, #1726, #3990 ) ;
#6684 = CARTESIAN_POINT ( 'NONE',  ( 5.560689933284018949, 2.999999999999999112, 24.14999999999999858 ) ) ;
#6685 = FACE_OUTER_BOUND ( 'NONE', #559, .T. ) ;
#6686 = CARTESIAN_POINT ( 'NONE',  ( -1.192111298739213954, -24.54209523323867970, -26.18435377912842554 ) ) ;
#6687 = CARTESIAN_POINT ( 'NONE',  ( 2.504909211102024802, -122.8079267607884901, -3.333019418373232234 ) ) ;
#6688 = ORIENTED_EDGE ( 'NONE', *, *, #504, .F. ) ;
#6689 = ORIENTED_EDGE ( 'NONE', *, *, #1873, .F. ) ;
#6690 = EDGE_LOOP ( 'NONE', ( #568, #410, #3380, #1804 ) ) ;
#6691 = CARTESIAN_POINT ( 'NONE',  ( 7.004607799376065813, -131.3792858905420360, -26.80494534241391236 ) ) ;
#6692 = CARTESIAN_POINT ( 'NONE',  ( -7.456854249492382181, -6.993145750507621550, -0.1500000000000043798 ) ) ;
#6693 = CARTESIAN_POINT ( 'NONE',  ( 0.07854403530302817016, -119.1738038285059957, -4.509860123093528905 ) ) ;
#6694 = CARTESIAN_POINT ( 'NONE',  ( -9.052379829259566080, -24.60303300442964058, -25.10572007558539198 ) ) ;
#6695 = CARTESIAN_POINT ( 'NONE',  ( 8.921649105293296245, -126.0285047560635263, -16.71642527962865543 ) ) ;
#6696 = ORIENTED_EDGE ( 'NONE', *, *, #3136, .T. ) ;
#6697 = CARTESIAN_POINT ( 'NONE',  ( -8.853197191355731022, -89.28820847653534543, -0.4244791410061304338 ) ) ;
#6698 = CYLINDRICAL_SURFACE ( 'NONE', #6769, 2.100000000000000977 ) ;
#6699 = CARTESIAN_POINT ( 'NONE',  ( -13.79277580456972885, -25.29999999999999716, -2.915082674984041944 ) ) ;
#6700 = DIRECTION ( 'NONE',  ( -0.000000000000000000, 0.000000000000000000, 1.000000000000000000 ) ) ;
#6701 = CARTESIAN_POINT ( 'NONE',  ( -24.15000000000000213, -25.30000000000000071, -21.73578643762690987 ) ) ;
#6702 = SPHERICAL_SURFACE ( 'NONE', #821, 1.000000000000000000 ) ;
#6703 = ADVANCED_FACE ( 'NONE', ( #6685 ), #3311, .F. ) ;
#6704 = LINE ( 'NONE', #5623, #5017 ) ;
#6705 = ADVANCED_FACE ( 'NONE', ( #5560 ), #485, .T. ) ;
#6706 = EDGE_LOOP ( 'NONE', ( #1358, #3437, #6282 ) ) ;
#6707 = CARTESIAN_POINT ( 'NONE',  ( -2.850000000000001865, -4.649999999999997691, -20.15000000000000213 ) ) ;
#6708 = AXIS2_PLACEMENT_3D ( 'NONE', #5009, #6574, #7237 ) ;
#6709 = CARTESIAN_POINT ( 'NONE',  ( -2.370012660525038672, -25.30000000000000071, -24.21324571934341563 ) ) ;
#6710 = AXIS2_PLACEMENT_3D ( 'NONE', #509, #1148, #6185 ) ;
#6711 = ORIENTED_EDGE ( 'NONE', *, *, #1000, .T. ) ;
#6712 = CARTESIAN_POINT ( 'NONE',  ( -24.15000000000000213, 4.000000000000000000, 17.14999999999999858 ) ) ;
#6713 = CARTESIAN_POINT ( 'NONE',  ( -3.491810575251431903, -90.49695978203060065, 2.123839671972675092 ) ) ;
#6714 = CARTESIAN_POINT ( 'NONE',  ( -8.928091495620890328, -108.4775173134045048, -3.776207277830530007 ) ) ;
#6715 = EDGE_CURVE ( 'NONE', #7063, #4723, #150, .T. ) ;
#6716 = AXIS2_PLACEMENT_3D ( 'NONE', #1062, #3293, #3894 ) ;
#6717 = VECTOR ( 'NONE', #5911, 1000.000000000000000 ) ;
#6718 = CARTESIAN_POINT ( 'NONE',  ( 1.425699293011988722, -120.5974210909789406, -2.819144330357743033 ) ) ;
#6719 = CARTESIAN_POINT ( 'NONE',  ( 11.25778350302573472, -117.8790366895085668, -8.017827948576183417 ) ) ;
#6720 = DIRECTION ( 'NONE',  ( -0.000000000000000000, 0.000000000000000000, 1.000000000000000000 ) ) ;
#6721 = ADVANCED_FACE ( 'NONE', ( #3274 ), #414, .T. ) ;
#6722 = ORIENTED_EDGE ( 'NONE', *, *, #409, .T. ) ;
#6723 = CARTESIAN_POINT ( 'NONE',  ( 5.941438647627432346, -131.9392457747885601, -28.07018665693783888 ) ) ;
#6724 = ORIENTED_EDGE ( 'NONE', *, *, #6061, .T. ) ;
#6725 = DIRECTION ( 'NONE',  ( 0.7071067811865457964, -3.469446951953618133E-15, -0.7071067811865492381 ) ) ;
#6726 = CARTESIAN_POINT ( 'NONE',  ( -12.77522345049486852, -119.6822347366647108, -10.98470005330250920 ) ) ;
#6727 = DIRECTION ( 'NONE',  ( 0.000000000000000000, 1.000000000000000000, -0.000000000000000000 ) ) ;
#6728 = EDGE_CURVE ( 'NONE', #1725, #4750, #6417, .T. ) ;
#6729 = CARTESIAN_POINT ( 'NONE',  ( 1.789202910601004781, -119.0845210905535794, -4.615894054441536554 ) ) ;
#6730 = DIRECTION ( 'NONE',  ( 1.000000000000000000, 0.000000000000000000, 0.000000000000000000 ) ) ;
#6731 = ORIENTED_EDGE ( 'NONE', *, *, #3561, .F. ) ;
#6732 = ORIENTED_EDGE ( 'NONE', *, *, #2427, .F. ) ;
#6733 = CARTESIAN_POINT ( 'NONE',  ( 9.474054422851418522, -127.2955637309367347, -35.09890693346547863 ) ) ;
#6734 = CARTESIAN_POINT ( 'NONE',  ( -3.756544807239929699E-14, -123.3916606774135403, -31.67071116404294884 ) ) ;
#6735 = FACE_OUTER_BOUND ( 'NONE', #3958, .T. ) ;
#6736 = CARTESIAN_POINT ( 'NONE',  ( -0.7500000000000011102, -4.649999999999997691, -28.15000000000000213 ) ) ;
#6737 = CARTESIAN_POINT ( 'NONE',  ( -7.596795589260002757, -130.9529808751848066, -25.87330234769581239 ) ) ;
#6738 = ORIENTED_EDGE ( 'NONE', *, *, #7124, .F. ) ;
#6739 = CARTESIAN_POINT ( 'NONE',  ( -21.15000000000000213, 3.000000000000000000, 19.14999999999999858 ) ) ;
#6740 = CARTESIAN_POINT ( 'NONE',  ( -4.926368801111023821, -25.29999999999999361, -19.71621459202927085 ) ) ;
#6741 = DIRECTION ( 'NONE',  ( 1.000000000000000000, 0.000000000000000000, -6.897508850802415061E-17 ) ) ;
#6742 = CARTESIAN_POINT ( 'NONE',  ( 12.47499999999973674, -13.59089653438097045, 20.15000000000000213 ) ) ;
#6743 = FACE_OUTER_BOUND ( 'NONE', #1810, .T. ) ;
#6744 = DIRECTION ( 'NONE',  ( 0.000000000000000000, 1.000000000000000000, -0.000000000000000000 ) ) ;
#6745 = EDGE_LOOP ( 'NONE', ( #4809, #203, #5961, #3682 ) ) ;
#6746 = DIRECTION ( 'NONE',  ( 1.000000000000000000, 0.000000000000000000, 0.000000000000000000 ) ) ;
#6747 = CARTESIAN_POINT ( 'NONE',  ( -5.247286247144637095, -25.30000000000000071, -24.15000000906605848 ) ) ;
#6748 = ORIENTED_EDGE ( 'NONE', *, *, #5796, .T. ) ;
#6749 = CARTESIAN_POINT ( 'NONE',  ( 1.146476370910900489, -11.93193262840708613, 21.14999999999999858 ) ) ;
#6750 = CARTESIAN_POINT ( 'NONE',  ( -10.60186923056400055, -90.43534176914077705, -2.353499870962528551 ) ) ;
#6751 = CARTESIAN_POINT ( 'NONE',  ( -7.263737174691584642, -109.3472580121271136, -4.774961430170736598 ) ) ;
#6752 = CARTESIAN_POINT ( 'NONE',  ( -1.184576029218779691, -119.1185586200151505, -4.575518915171894463 ) ) ;
#6753 = CARTESIAN_POINT ( 'NONE',  ( 0.3526006217281265065, -24.22089437570818404, -26.51753266113763630 ) ) ;
#6754 = DIRECTION ( 'NONE',  ( -6.897508850802415061E-17, -0.000000000000000000, -1.000000000000000000 ) ) ;
#6755 = EDGE_LOOP ( 'NONE', ( #1753, #2013, #2107, #3553 ) ) ;
#6756 = EDGE_CURVE ( 'NONE', #2849, #3335, #2719, .T. ) ;
#6757 = CARTESIAN_POINT ( 'NONE',  ( -1.140212240571222280, -91.22691820378133798, 0.3423455907745141524 ) ) ;
#6758 = CARTESIAN_POINT ( 'NONE',  ( 6.534396238091471076, -92.10859712791270226, -1.296827414467041528 ) ) ;
#6759 = EDGE_LOOP ( 'NONE', ( #4179, #550, #871, #2654 ) ) ;
#6760 = CARTESIAN_POINT ( 'NONE',  ( -1.556193167761428686, -105.5085189695075201, -0.2118733312059945806 ) ) ;
#6761 = DIRECTION ( 'NONE',  ( 0.000000000000000000, 0.000000000000000000, -1.000000000000000000 ) ) ;
#6762 = CARTESIAN_POINT ( 'NONE',  ( -3.787368454840760036E-14, -120.8986963996895270, -17.01516173353738637 ) ) ;
#6763 = CARTESIAN_POINT ( 'NONE',  ( -8.506854249492382891, -6.993145750507616221, -28.15000000000000213 ) ) ;
#6764 = LOCAL_TIME ( 14, 37, 7.000000000000000000, #4189 ) ;
#6765 = ADVANCED_FACE ( 'NONE', ( #1480 ), #3744, .F. ) ;
#6766 = DIRECTION ( 'NONE',  ( 6.897508850802415061E-17, 0.000000000000000000, 1.000000000000000000 ) ) ;
#6767 = ORIENTED_EDGE ( 'NONE', *, *, #3761, .T. ) ;
#6768 = ORIENTED_EDGE ( 'NONE', *, *, #3409, .F. ) ;
#6769 = AXIS2_PLACEMENT_3D ( 'NONE', #1623, #7039, #253 ) ;
#6770 = AXIS2_PLACEMENT_3D ( 'NONE', #614, #5535, #2728 ) ;
#6771 = ORIENTED_EDGE ( 'NONE', *, *, #362, .F. ) ;
#6772 = EDGE_CURVE ( 'NONE', #1386, #2744, #1972, .T. ) ;
#6773 = CARTESIAN_POINT ( 'NONE',  ( 15.68173036166578171, -135.7495581944105254, -29.25628146608847047 ) ) ;
#6774 = DIRECTION ( 'NONE',  ( -0.000000000000000000, 1.000000000000000000, -0.000000000000000000 ) ) ;
#6775 = CARTESIAN_POINT ( 'NONE',  ( -5.491851125533983691, -118.2813307018701465, -5.408576618149202986 ) ) ;
#6776 = AXIS2_PLACEMENT_3D ( 'NONE', #4430, #6647, #2683 ) ;
#6777 = ADVANCED_FACE ( 'NONE', ( #5367 ), #4821, .F. ) ;
#6778 = DIRECTION ( 'NONE',  ( 1.000000000000000000, 0.000000000000000000, 0.000000000000000000 ) ) ;
#6779 = CIRCLE ( 'NONE', #4539, 12.00000000000000178 ) ;
#6780 = ORIENTED_EDGE ( 'NONE', *, *, #5435, .F. ) ;
#6781 = DIRECTION ( 'NONE',  ( 1.000000000000000000, 0.000000000000000000, 0.000000000000000000 ) ) ;
#6782 = CARTESIAN_POINT ( 'NONE',  ( -8.138331814664725883, -89.00344194487088600, 0.1924019814000969275 ) ) ;
#6783 = CARTESIAN_POINT ( 'NONE',  ( -6.122097509409995197, -25.29999999999999361, -19.34789870799302136 ) ) ;
#6784 = CARTESIAN_POINT ( 'NONE',  ( 1.535747309886620782, -105.5088912381702215, -0.2097620907072218210 ) ) ;
#6785 = DIRECTION ( 'NONE',  ( 0.000000000000000000, 1.734723475976805517E-15, -1.000000000000000000 ) ) ;
#6786 = DIRECTION ( 'NONE',  ( -6.897508850802415061E-17, 0.000000000000000000, -1.000000000000000000 ) ) ;
#6787 = CARTESIAN_POINT ( 'NONE',  ( -11.53899401640988209, -117.2198992782711429, -8.313109590254441628 ) ) ;
#6788 = ORIENTED_EDGE ( 'NONE', *, *, #915, .F. ) ;
#6789 = DIRECTION ( 'NONE',  ( -4.574039853902089652E-32, 0.1736481776669306920, -0.9848077530122080203 ) ) ;
#6790 = CARTESIAN_POINT ( 'NONE',  ( -21.73578643762690987, 2.999999999999999112, -25.15000000000000213 ) ) ;
#6791 = ORIENTED_EDGE ( 'NONE', *, *, #7311, .T. ) ;
#6792 = LINE ( 'NONE', #6712, #4814 ) ;
#6793 = CARTESIAN_POINT ( 'NONE',  ( -5.741497781418276602, -90.68906987673290132, 1.302677698193277278 ) ) ;
#6794 = CARTESIAN_POINT ( 'NONE',  ( -10.58774359993180525, -110.1749941976936356, -5.586310394051221095 ) ) ;
#6795 = DIRECTION ( 'NONE',  ( -1.000000000000000000, 0.000000000000000000, 0.000000000000000000 ) ) ;
#6796 = DIRECTION ( 'NONE',  ( 0.000000000000000000, 0.000000000000000000, -1.000000000000000000 ) ) ;
#6797 = AXIS2_PLACEMENT_3D ( 'NONE', #4159, #6865, #704 ) ;
#6798 = CARTESIAN_POINT ( 'NONE',  ( -10.36239014392637614, -127.1211632584748088, -34.35445983048091989 ) ) ;
#6799 = ORIENTED_EDGE ( 'NONE', *, *, #1882, .F. ) ;
#6800 = CARTESIAN_POINT ( 'NONE',  ( 0.07854403530304068792, -102.3574496609357851, -1.544683166201655578 ) ) ;
#6801 = DIRECTION ( 'NONE',  ( 1.000000000000000000, 0.000000000000000000, -6.897508850802415061E-17 ) ) ;
#6802 = ORIENTED_EDGE ( 'NONE', *, *, #446, .T. ) ;
#6803 = CARTESIAN_POINT ( 'NONE',  ( 12.47499999999974030, -7.009103465619234363, 23.15000000000000213 ) ) ;
#6804 = CARTESIAN_POINT ( 'NONE',  ( -2.428458300028678352, -24.64991945482923441, -26.07813452764563777 ) ) ;
#6805 = DIRECTION ( 'NONE',  ( -1.000000000000000000, 0.000000000000000000, 7.744301232039314216E-17 ) ) ;
#6806 =( BOUNDED_SURFACE ( )  B_SPLINE_SURFACE ( 3, 2, ( 
 ( #192, #2116, #2708 ),
 ( #6027, #3189, #6671 ),
 ( #3226, #6559, #7225 ),
 ( #4304, #1442, #5475 ),
 ( #989, #3745, #1557 ),
 ( #3858, #1481, #5991 ),
 ( #847, #920, #6063 ),
 ( #2041, #4888, #2154 ),
 ( #7153, #5439, #6599 ),
 ( #398, #3263, #4418 ),
 ( #954, #4268, #4924 ),
 ( #2670, #881, #7191 ),
 ( #365, #5510, #5369 ),
 ( #2004, #6520, #4822 ) ),
 .UNSPECIFIED., .F., .F., .T. ) 
 B_SPLINE_SURFACE_WITH_KNOTS ( ( 4, 2, 2, 2, 2, 2, 4 ),
 ( 3, 3 ),
 ( 6.283185307179586232, 6.479534848028948524, 6.675884388878310816, 6.872233929727672219, 7.068583470577034511, 7.461282552275758206, 7.853981633974482790 ),
 ( 0.000000000000000000, 1.000000000000000000 ),
 .UNSPECIFIED. ) 
 GEOMETRIC_REPRESENTATION_ITEM ( )  RATIONAL_B_SPLINE_SURFACE ( (
 ( 1.000000000000000000, 0.7071067811865475727, 1.000000000000000000),
 ( 1.000000000000000000, 0.7070717266846561211, 1.000000000000000000),
 ( 1.000000000000000000, 0.7117460047829156089, 1.000000000000000000),
 ( 1.000000000000000000, 0.7291288917604030750, 1.000000000000000000),
 ( 1.000000000000000000, 0.7418334209259243028, 1.000000000000000000),
 ( 1.000000000000000000, 0.7723968187712783040, 1.000000000000000000),
 ( 1.000000000000000000, 0.7902180112881604934, 1.000000000000000000),
 ( 1.000000000000000000, 0.8275942669551804576, 1.000000000000000000),
 ( 1.000000000000000000, 0.8471316623314442129, 1.000000000000000000),
 ( 1.000000000000000000, 0.9038128866904250325, 1.000000000000000000),
 ( 1.000000000000000000, 0.9386556523773946781, 1.000000000000000000),
 ( 1.000000000000000000, 0.9867291873849179940, 1.000000000000000000),
 ( 1.000000000000000000, 1.000158582174072386, 1.000000000000000000),
 ( 1.000000000000000000, 1.000000000000000000, 1.000000000000000000) ) ) 
 REPRESENTATION_ITEM ( '' )  SURFACE ( )  );
#6807 = EDGE_CURVE ( 'NONE', #1097, #1655, #2040, .T. ) ;
#6808 = CARTESIAN_POINT ( 'NONE',  ( -0.3839447347173647329, -24.39387378289514174, -26.33920891306252088 ) ) ;
#6809 = ORIENTED_EDGE ( 'NONE', *, *, #1318, .F. ) ;
#6810 = ADVANCED_FACE ( 'NONE', ( #4786, #1556 ), #919, .T. ) ;
#6811 = ORIENTED_EDGE ( 'NONE', *, *, #6254, .T. ) ;
#6812 = VERTEX_POINT ( 'NONE', #7080 ) ;
#6813 = CARTESIAN_POINT ( 'NONE',  ( 2.671376093019058651, -132.8059864372446555, -30.13211670668224329 ) ) ;
#6814 = CYLINDRICAL_SURFACE ( 'NONE', #5267, 5.099999999999998757 ) ;
#6815 = CARTESIAN_POINT ( 'NONE',  ( 21.73578643762691698, 4.000000000000000000, 24.15000000000000213 ) ) ;
#6816 = AXIS2_PLACEMENT_3D ( 'NONE', #3957, #6199, #4976 ) ;
#6817 = AXIS2_PLACEMENT_3D ( 'NONE', #1428, #4294, #940 ) ;
#6818 = ADVANCED_FACE ( 'NONE', ( #364 ), #7151, .F. ) ;
#6819 = CARTESIAN_POINT ( 'NONE',  ( 19.14999999999999503, -20.30000000000000071, 20.15000000000000213 ) ) ;
#6820 = ORIENTED_EDGE ( 'NONE', *, *, #868, .F. ) ;
#6821 = CARTESIAN_POINT ( 'NONE',  ( 2.134958475543629053, -23.57221193696279826, -26.95034586052937442 ) ) ;
#6822 = CARTESIAN_POINT ( 'NONE',  ( -10.31246806818849748, -90.15407410990162873, -1.963055786858889151 ) ) ;
#6823 = CARTESIAN_POINT ( 'NONE',  ( -15.10704488636010367, -25.29999999999999361, -12.80876462635957225 ) ) ;
#6824 = ADVANCED_FACE ( 'NONE', ( #7190 ), #3706, .F. ) ;
#6825 = CARTESIAN_POINT ( 'NONE',  ( 11.14999999999999858, -12.65000000000000036, -27.15000000000000213 ) ) ;
#6826 = DIRECTION ( 'NONE',  ( 0.000000000000000000, -1.000000000000000000, 0.000000000000000000 ) ) ;
#6827 = DIRECTION ( 'NONE',  ( 1.000000000000000000, 0.000000000000000000, 0.000000000000000000 ) ) ;
#6828 = CARTESIAN_POINT ( 'NONE',  ( -21.73578643762688856, 3.000000000000000000, 19.14999999999999858 ) ) ;
#6829 = EDGE_LOOP ( 'NONE', ( #2661, #3028, #832 ) ) ;
#6830 = CARTESIAN_POINT ( 'NONE',  ( 21.73578643762692053, 3.000000000000000000, 24.15000000000000213 ) ) ;
#6831 = DIRECTION ( 'NONE',  ( -2.812538085595988943E-16, -0.9848077530122080203, -0.1736481776669306920 ) ) ;
#6832 = CARTESIAN_POINT ( 'NONE',  ( -7.100991868538457652, -109.2351646095886935, -4.648855030722754300 ) ) ;
#6833 = CARTESIAN_POINT ( 'NONE',  ( -3.680199059140549789, -108.2163403829798511, -3.050060735933426415 ) ) ;
#6834 = DIRECTION ( 'NONE',  ( 0.000000000000000000, 0.000000000000000000, -1.000000000000000000 ) ) ;
#6835 = CARTESIAN_POINT ( 'NONE',  ( -2.850000000000004086, -12.65000000000000036, -27.15000000000000213 ) ) ;
#6836 = VECTOR ( 'NONE', #601, 1000.000000000000000 ) ;
#6837 = CARTESIAN_POINT ( 'NONE',  ( -16.02873045960201637, -122.9954796960368384, -20.21901772614911863 ) ) ;
#6838 = EDGE_LOOP ( 'NONE', ( #2201, #6114, #4788, #3083 ) ) ;
#6839 = CARTESIAN_POINT ( 'NONE',  ( -0.9769867375673754184, -102.3377018463985308, -1.570632914862542417 ) ) ;
#6840 = CARTESIAN_POINT ( 'NONE',  ( 7.390348260185703566, -91.01996546301536739, 0.3765403885073023704 ) ) ;
#6841 = ORIENTED_EDGE ( 'NONE', *, *, #2503, .T. ) ;
#6842 = DIRECTION ( 'NONE',  ( 1.000000000000000000, -0.000000000000000000, -6.897508850802415061E-17 ) ) ;
#6843 = CARTESIAN_POINT ( 'NONE',  ( 3.146476370910904485, 2.999999999999999112, 21.15000000000000213 ) ) ;
#6844 = AXIS2_PLACEMENT_3D ( 'NONE', #6679, #6112, #1034 ) ;
#6845 = CARTESIAN_POINT ( 'NONE',  ( 10.64999999999996838, -3.299999999999976730, 22.15000000000000213 ) ) ;
#6846 = CARTESIAN_POINT ( 'NONE',  ( 18.69999999999998863, -10.29999999999999005, 15.15000000000000213 ) ) ;
#6847 = ORIENTED_EDGE ( 'NONE', *, *, #6308, .F. ) ;
#6848 = ORIENTED_EDGE ( 'NONE', *, *, #7114, .T. ) ;
#6849 = ORIENTED_EDGE ( 'NONE', *, *, #5796, .F. ) ;
#6850 = CARTESIAN_POINT ( 'NONE',  ( -16.33178531202785422, -134.8373427953403905, -27.08406727983341611 ) ) ;
#6851 = CARTESIAN_POINT ( 'NONE',  ( -9.212529020397111523, -126.0612052533608107, -16.53097154381446288 ) ) ;
#6853 = EDGE_CURVE ( 'NONE', #575, #2060, #6903, .T. ) ;
#6852 = LINE ( 'NONE', #6286, #5707 ) ;
#6854 = AXIS2_PLACEMENT_3D ( 'NONE', #1878, #4628, #4138 ) ;
#6855 = CARTESIAN_POINT ( 'NONE',  ( 7.109882342471887995, -109.2413603325458951, -4.656150284023127028 ) ) ;
#6856 = VERTEX_POINT ( 'NONE', #293 ) ;
#6857 = CIRCLE ( 'NONE', #1886, 1.000000000000000888 ) ;
#6858 = CARTESIAN_POINT ( 'NONE',  ( 12.47499999999973674, -10.30000000000010019, 23.15000000000000213 ) ) ;
#6859 = CARTESIAN_POINT ( 'NONE',  ( 12.50087899601396302, -25.29999999999999716, 6.352939047757094393 ) ) ;
#6860 = CARTESIAN_POINT ( 'NONE',  ( -1.832573057738106526, -29.43735586873642873, 13.23627545169654773 ) ) ;
#6861 = DIRECTION ( 'NONE',  ( 1.000000000000000000, 0.000000000000000000, 0.000000000000000000 ) ) ;
#6862 = CARTESIAN_POINT ( 'NONE',  ( 12.64911064067352697, -57.76569190362694428, 0.2094500036217483707 ) ) ;
#6863 = EDGE_CURVE ( 'NONE', #4477, #4659, #4887, .T. ) ;
#6864 = DIRECTION ( 'NONE',  ( 0.000000000000000000, 0.000000000000000000, -1.000000000000000000 ) ) ;
#6865 = DIRECTION ( 'NONE',  ( -1.000000000000000000, 0.000000000000000000, 0.000000000000000000 ) ) ;
#6866 = EDGE_CURVE ( 'NONE', #4252, #2998, #2077, .T. ) ;
#6867 = ORIENTED_EDGE ( 'NONE', *, *, #107, .F. ) ;
#6868 = B_SPLINE_CURVE_WITH_KNOTS ( 'NONE', 3,
 ( #3374, #3896, #1713, #5114, #1025, #7338, #5032, #3453, #5663, #2188 ),
 .UNSPECIFIED., .F., .F.,
 ( 4, 2, 2, 2, 4 ),
 ( 0.000000000000000000, 0.0003947189637920933995, 0.0007894379275841867990, 0.001184156891376280090, 0.001578875855168373598 ),
 .UNSPECIFIED. ) ;
#6869 = CARTESIAN_POINT ( 'NONE',  ( 3.151352823803381220, -23.04853406833748153, -27.11896116356898645 ) ) ;
#6870 = CARTESIAN_POINT ( 'NONE',  ( -2.364475963451340146, -25.29999999999999716, -24.57284221221736686 ) ) ;
#6871 = EDGE_CURVE ( 'NONE', #726, #853, #77, .T. ) ;
#6872 = CARTESIAN_POINT ( 'NONE',  ( -8.779721433960087751, -113.8824458665313273, -6.887803688342609476 ) ) ;
#6873 = CARTESIAN_POINT ( 'NONE',  ( -9.143779941886950979, -108.6139834984329440, -3.975284858155215151 ) ) ;
#6874 = LINE ( 'NONE', #5632, #412 ) ;
#6875 = AXIS2_PLACEMENT_3D ( 'NONE', #4680, #6934, #6864 ) ;
#6876 = CARTESIAN_POINT ( 'NONE',  ( 21.73578643762688500, -24.29999999999999716, -24.15000000000000568 ) ) ;
#6877 = ORIENTED_EDGE ( 'NONE', *, *, #3551, .T. ) ;
#6878 = DIRECTION ( 'NONE',  ( 1.000000000000000000, 0.000000000000000000, 0.000000000000000000 ) ) ;
#6879 = CARTESIAN_POINT ( 'NONE',  ( 0.2697867692486481395, -88.13317612859846406, 3.006628460732887920 ) ) ;
#6880 = EDGE_LOOP ( 'NONE', ( #2924, #3391, #5392, #4350 ) ) ;
#6881 = CARTESIAN_POINT ( 'NONE',  ( -9.702754573658872062, -103.1607651517435045, -3.632416309079754768 ) ) ;
#6882 = CARTESIAN_POINT ( 'NONE',  ( -21.73578643762689211, -24.29999999999999716, 20.15000000000000213 ) ) ;
#6883 = CARTESIAN_POINT ( 'NONE',  ( -2.429879118749603606, -24.64993048513545304, -26.07812376251325759 ) ) ;
#6884 = ORIENTED_EDGE ( 'NONE', *, *, #5756, .T. ) ;
#6885 = EDGE_LOOP ( 'NONE', ( #5334, #3169 ) ) ;
#6886 = EDGE_LOOP ( 'NONE', ( #2406, #3500 ) ) ;
#6887 = CARTESIAN_POINT ( 'NONE',  ( -9.859783006546328110, -138.7715669914910563, -37.18936513725608251 ) ) ;
#6888 = CARTESIAN_POINT ( 'NONE',  ( -21.15000000000000213, 2.999999999999999112, -19.14999999999999858 ) ) ;
#6889 = DIRECTION ( 'NONE',  ( 0.000000000000000000, 0.000000000000000000, -1.000000000000000000 ) ) ;
#6890 = CARTESIAN_POINT ( 'NONE',  ( 8.812124875493823950, -112.5332514775810751, -6.687898789064363747 ) ) ;
#6891 = ORIENTED_EDGE ( 'NONE', *, *, #5131, .F. ) ;
#6892 = CARTESIAN_POINT ( 'NONE',  ( 1.340201146603713811, -23.92040709377355512, -25.58954474734987627 ) ) ;
#6893 = CARTESIAN_POINT ( 'NONE',  ( 18.39231632514089299, -25.29999999999999361, 3.962198839370489889 ) ) ;
#6894 = CARTESIAN_POINT ( 'NONE',  ( 10.06590291168995499, -122.5006658962023209, -7.964233343550264799 ) ) ;
#6895 = LINE ( 'NONE', #4081, #1728 ) ;
#6896 = DIRECTION ( 'NONE',  ( 1.000000000000000000, 0.000000000000000000, 0.000000000000000000 ) ) ;
#6897 = CIRCLE ( 'NONE', #4281, 1.049999999999998934 ) ;
#6898 = DIRECTION ( 'NONE',  ( -0.000000000000000000, -0.000000000000000000, 1.000000000000000000 ) ) ;
#6899 = VECTOR ( 'NONE', #3465, 1000.000000000000000 ) ;
#6900 = DIRECTION ( 'NONE',  ( 0.000000000000000000, 0.000000000000000000, -1.000000000000000000 ) ) ;
#6902 = ADVANCED_FACE ( 'NONE', ( #4236 ), #6487, .F. ) ;
#6901 = LINE ( 'NONE', #1825, #6120 ) ;
#6903 = CIRCLE ( 'NONE', #6045, 1.050000000000000488 ) ;
#6904 = CARTESIAN_POINT ( 'NONE',  ( 4.151578294376874645, -24.46054102667508090, -25.13965372176767588 ) ) ;
#6905 = LINE ( 'NONE', #1827, #7301 ) ;
#6906 = CARTESIAN_POINT ( 'NONE',  ( -3.207714318850062085, -108.1618575784303005, -2.925533389582321675 ) ) ;
#6907 = CARTESIAN_POINT ( 'NONE',  ( -4.730586499179544546, -105.1661357922364459, -0.8533154155712848743 ) ) ;
#6908 = CARTESIAN_POINT ( 'NONE',  ( -11.22260519913337440, -113.3646097363700562, -6.845674208257398696 ) ) ;
#6909 = EDGE_CURVE ( 'NONE', #4408, #3247, #3697, .T. ) ;
#6910 = DIRECTION ( 'NONE',  ( 0.000000000000000000, 0.000000000000000000, -1.000000000000000000 ) ) ;
#6911 = ORIENTED_EDGE ( 'NONE', *, *, #5260, .F. ) ;
#6912 = DIRECTION ( 'NONE',  ( 0.000000000000000000, 0.000000000000000000, 1.000000000000000000 ) ) ;
#6913 = CARTESIAN_POINT ( 'NONE',  ( 5.119822472837014971, -91.64350272355788718, -0.5730801955069516618 ) ) ;
#6914 = EDGE_CURVE ( 'NONE', #6617, #2912, #2161, .T. ) ;
#6915 = ORIENTED_EDGE ( 'NONE', *, *, #1495, .F. ) ;
#6916 = CARTESIAN_POINT ( 'NONE',  ( 1.125282703498181824, -102.3028182583436916, -1.609564491805527631 ) ) ;
#6917 = CARTESIAN_POINT ( 'NONE',  ( -3.286359853075430326, -24.65007590825283756, -25.38091320309944621 ) ) ;
#6918 = ORIENTED_EDGE ( 'NONE', *, *, #4223, .T. ) ;
#6919 = ORIENTED_EDGE ( 'NONE', *, *, #4892, .F. ) ;
#6920 = CARTESIAN_POINT ( 'NONE',  ( -0.3540639916096867679, -128.0252632514005313, -38.37748725879875877 ) ) ;
#6921 = DIRECTION ( 'NONE',  ( 0.7071067811865483499, -0.000000000000000000, 0.7071067811865466846 ) ) ;
#6922 = DIRECTION ( 'NONE',  ( -1.000000000000000000, 0.000000000000000000, 0.000000000000000000 ) ) ;
#6923 = CARTESIAN_POINT ( 'NONE',  ( 6.790228282195543308, -105.4742539318606589, -1.855538810261585292 ) ) ;
#6924 = VERTEX_POINT ( 'NONE', #1026 ) ;
#6925 = VECTOR ( 'NONE', #5702, 1000.000000000000000 ) ;
#6926 = LINE ( 'NONE', #28, #2038 ) ;
#6927 = PLANE ( 'NONE',  #5923 ) ;
#6928 = CARTESIAN_POINT ( 'NONE',  ( -10.54741536479804154, -29.72624319502460111, 8.455296621523851641 ) ) ;
#6929 = ORIENTED_EDGE ( 'NONE', *, *, #2104, .T. ) ;
#6930 = LINE ( 'NONE', #732, #7152 ) ;
#6931 = CIRCLE ( 'NONE', #3375, 1.000000000000000888 ) ;
#6932 = CARTESIAN_POINT ( 'NONE',  ( -5.850000000000001421, -0.9635605934814712725, -26.62603142129992406 ) ) ;
#6933 = AXIS2_PLACEMENT_3D ( 'NONE', #5307, #983, #4337 ) ;
#6934 = DIRECTION ( 'NONE',  ( -1.000000000000000000, -0.000000000000000000, 6.897508850802415061E-17 ) ) ;
#6935 = CARTESIAN_POINT ( 'NONE',  ( -11.06732231027262081, -107.7884969018980428, -5.993229295344114860 ) ) ;
#6936 = CARTESIAN_POINT ( 'NONE',  ( -12.65729430277462342, -57.60357248244104511, 0.2205944636947829995 ) ) ;
#6937 = CARTESIAN_POINT ( 'NONE',  ( 2.806854249492377384, -6.993145750507620662, -28.15000000000000213 ) ) ;
#6938 = CARTESIAN_POINT ( 'NONE',  ( 22.94289321881338140, 3.000000000000000000, -22.94289321881351640 ) ) ;
#6939 = AXIS2_PLACEMENT_3D ( 'NONE', #4894, #2676, #4347 ) ;
#6940 = EDGE_CURVE ( 'NONE', #6428, #3516, #1439, .T. ) ;
#6941 = CARTESIAN_POINT ( 'NONE',  ( 2.249999999999996003, -12.65000000000000036, -26.65000000000000568 ) ) ;
#6942 = CARTESIAN_POINT ( 'NONE',  ( -6.322601204338829994, -117.8599934166572893, -5.725362282171658990 ) ) ;
#6943 = CARTESIAN_POINT ( 'NONE',  ( -21.73578643762691343, -24.29999999999999716, -24.15000000000000213 ) ) ;
#6944 = ORIENTED_EDGE ( 'NONE', *, *, #7081, .T. ) ;
#6945 = DIRECTION ( 'NONE',  ( 0.000000000000000000, 1.000000000000000000, 0.000000000000000000 ) ) ;
#6946 = CARTESIAN_POINT ( 'NONE',  ( 11.98584776955977382, -99.01232324193018997, -5.808394106182378280 ) ) ;
#6947 = CARTESIAN_POINT ( 'NONE',  ( -3.412163917378801425, -102.0456238562448448, -1.898115809450738434 ) ) ;
#6948 = ADVANCED_FACE ( 'NONE', ( #3337 ), #2267, .T. ) ;
#6949 = CARTESIAN_POINT ( 'NONE',  ( 7.141806757165062081, -88.73722659940963808, 0.8875699597395846352 ) ) ;
#6950 = CARTESIAN_POINT ( 'NONE',  ( 15.77499999999973745, -10.30000000000010019, 25.15000000000000213 ) ) ;
#6951 = VERTEX_POINT ( 'NONE', #587 ) ;
#6952 = ADVANCED_FACE ( 'NONE', ( #3377 ), #4286, .T. ) ;
#6953 = EDGE_LOOP ( 'NONE', ( #7138, #5104, #2843, #6530 ) ) ;
#6954 = AXIS2_PLACEMENT_3D ( 'NONE', #6646, #4937, #6116 ) ;
#6955 = CARTESIAN_POINT ( 'NONE',  ( -15.44931249055843914, -135.9987617938435278, -29.86661670340473052 ) ) ;
#6956 = AXIS2_PLACEMENT_3D ( 'NONE', #6019, #2034, #2594 ) ;
#6957 = CARTESIAN_POINT ( 'NONE',  ( 19.79999999999998650, -10.29999999999999005, 22.15000000000000213 ) ) ;
#6958 = FACE_OUTER_BOUND ( 'NONE', #4516, .T. ) ;
#6959 = EDGE_CURVE ( 'NONE', #756, #4659, #6303, .T. ) ;
#6960 = AXIS2_PLACEMENT_3D ( 'NONE', #4906, #4359, #6162 ) ;
#6961 = CARTESIAN_POINT ( 'NONE',  ( 11.01713675785478941, -107.6819445639386288, -5.897946022932124777 ) ) ;
#6962 = VECTOR ( 'NONE', #1138, 1000.000000000000000 ) ;
#6963 = ORIENTED_EDGE ( 'NONE', *, *, #6107, .F. ) ;
#6964 = VERTEX_POINT ( 'NONE', #4493 ) ;
#6965 = LINE ( 'NONE', #5182, #1077 ) ;
#6966 = CARTESIAN_POINT ( 'NONE',  ( -9.637772572992693298, -25.29999999999999005, 10.21064744854304962 ) ) ;
#6967 = AXIS2_PLACEMENT_3D ( 'NONE', #4729, #5412, #6568 ) ;
#6968 = ORIENTED_EDGE ( 'NONE', *, *, #6014, .F. ) ;
#6969 = CARTESIAN_POINT ( 'NONE',  ( -21.73578643762691343, -25.30000000000000071, -24.15000000000000213 ) ) ;
#6970 = SPHERICAL_SURFACE ( 'NONE', #3281, 1.000000000000000000 ) ;
#6971 = AXIS2_PLACEMENT_3D ( 'NONE', #993, #7266, #3861 ) ;
#6972 = CARTESIAN_POINT ( 'NONE',  ( -10.61385857676452815, -24.29999999999999716, -25.15000000000000213 ) ) ;
#6973 = ORIENTED_EDGE ( 'NONE', *, *, #6055, .T. ) ;
#6974 = LINE ( 'NONE', #1899, #3416 ) ;
#6975 = DIRECTION ( 'NONE',  ( 0.000000000000000000, 0.000000000000000000, 1.000000000000000000 ) ) ;
#6976 = FACE_OUTER_BOUND ( 'NONE', #2252, .T. ) ;
#6977 = CARTESIAN_POINT ( 'NONE',  ( -3.927995359120559538E-14, -125.8227351647505685, -17.88340262187204033 ) ) ;
#6978 = CARTESIAN_POINT ( 'NONE',  ( 24.14999999999999147, -24.29999999999999716, 21.73578643762690987 ) ) ;
#6979 = CARTESIAN_POINT ( 'NONE',  ( -11.12361887518020964, -114.3484985899007000, -6.906830827912152415 ) ) ;
#6980 = DIRECTION ( 'NONE',  ( 0.000000000000000000, 0.000000000000000000, 1.000000000000000000 ) ) ;
#6981 = VERTEX_POINT ( 'NONE', #1632 ) ;
#6982 = CARTESIAN_POINT ( 'NONE',  ( 15.77499999999973745, -10.30000000000010019, 25.94999999999999929 ) ) ;
#6983 = CARTESIAN_POINT ( 'NONE',  ( 12.34996722373457878, -96.35432940697897664, -5.991655065179083195 ) ) ;
#6984 = CARTESIAN_POINT ( 'NONE',  ( -6.537150653486038188, -100.9111519761273996, -2.850433053920790716 ) ) ;
#6985 = CYLINDRICAL_SURFACE ( 'NONE', #401, 1.000000000000001332 ) ;
#6986 = AXIS2_PLACEMENT_3D ( 'NONE', #4414, #626, #3853 ) ;
#6987 = CARTESIAN_POINT ( 'NONE',  ( -3.317232026587975113, -25.08336023849103213, -24.83485117768435657 ) ) ;
#6988 = ORIENTED_EDGE ( 'NONE', *, *, #6270, .F. ) ;
#6989 = ADVANCED_FACE ( 'NONE', ( #7340 ), #6532, .T. ) ;
#6990 = ORIENTED_EDGE ( 'NONE', *, *, #2329, .T. ) ;
#6991 = CARTESIAN_POINT ( 'NONE',  ( -3.088426576004708490, -139.8165748093305183, -40.18979984825708129 ) ) ;
#6992 = CARTESIAN_POINT ( 'NONE',  ( -12.01113085614915832, -125.0597274289005298, -14.93399050739055589 ) ) ;
#6993 = DIRECTION ( 'NONE',  ( 6.897508850802412596E-17, 0.000000000000000000, -1.000000000000000000 ) ) ;
#6994 = EDGE_CURVE ( 'NONE', #3690, #1011, #1187, .T. ) ;
#6995 = CARTESIAN_POINT ( 'NONE',  ( 12.24432641649194231, -110.9306264002705831, -8.363986066095728589 ) ) ;
#6996 = ORIENTED_EDGE ( 'NONE', *, *, #4984, .T. ) ;
#6997 = EDGE_LOOP ( 'NONE', ( #6434, #436, #2445, #4980 ) ) ;
#6998 = EDGE_CURVE ( 'NONE', #5353, #6617, #5232, .T. ) ;
#6999 = CALENDAR_DATE ( 2026, 3, 6 ) ;
#7000 = CARTESIAN_POINT ( 'NONE',  ( 4.511019217460099817, -31.12389644400129640, -14.67534978387041633 ) ) ;
#7001 = CARTESIAN_POINT ( 'NONE',  ( -4.741581670254093162, -25.30000000000215366, 13.25495828087922767 ) ) ;
#7002 = ORIENTED_EDGE ( 'NONE', *, *, #4314, .T. ) ;
#7003 = CARTESIAN_POINT ( 'NONE',  ( -2.850000000000004086, -12.65000000000000036, -25.15000000000000568 ) ) ;
#7004 = CARTESIAN_POINT ( 'NONE',  ( 13.56472326740054157, -49.81801265814253554, -8.053687073636325522 ) ) ;
#7005 = EDGE_CURVE ( 'NONE', #1714, #2556, #6669, .T. ) ;
#7007 = ORIENTED_EDGE ( 'NONE', *, *, #4724, .T. ) ;
#7006 = CARTESIAN_POINT ( 'NONE',  ( -10.57074951562562681, -107.2242879320354092, -5.278867867354082755 ) ) ;
#7008 = ORIENTED_EDGE ( 'NONE', *, *, #4140, .F. ) ;
#7009 = CARTESIAN_POINT ( 'NONE',  ( 21.73578643762692053, -25.30000000000000071, 24.15000000000000213 ) ) ;
#7010 = CARTESIAN_POINT ( 'NONE',  ( -25.15000000000000213, -24.29999999999999716, 24.15000000000000213 ) ) ;
#7011 = DIRECTION ( 'NONE',  ( -0.7071067811865457964, 0.000000000000000000, 0.7071067811865492381 ) ) ;
#7012 = CIRCLE ( 'NONE', #3806, 1.000000000000000888 ) ;
#7013 = EDGE_LOOP ( 'NONE', ( #6867, #3179, #2620 ) ) ;
#7014 = AXIS2_PLACEMENT_3D ( 'NONE', #2460, #3643, #6420 ) ;
#7015 = LINE ( 'NONE', #260, #3506 ) ;
#7016 = CARTESIAN_POINT ( 'NONE',  ( -7.102875987357093024, -119.4804827838433710, -4.457824490526373751 ) ) ;
#7017 = AXIS2_PLACEMENT_3D ( 'NONE', #4599, #3884, #2299 ) ;
#7018 = DIRECTION ( 'NONE',  ( 0.7071067811865491270, 0.000000000000000000, 0.7071067811865459074 ) ) ;
#7019 = ORIENTED_EDGE ( 'NONE', *, *, #6807, .T. ) ;
#7020 = CARTESIAN_POINT ( 'NONE',  ( 8.812124875494047771, -95.71689731001303869, -3.722721832173044643 ) ) ;
#7021 = CARTESIAN_POINT ( 'NONE',  ( 0.6473869353338667088, -106.1138722222599000, -0.1758021812730784506 ) ) ;
#7022 = DIRECTION ( 'NONE',  ( 0.000000000000000000, 0.000000000000000000, -1.000000000000000000 ) ) ;
#7023 = CARTESIAN_POINT ( 'NONE',  ( 25.14999999999999147, -25.30000000000000071, 25.15000000000000213 ) ) ;
#7024 = ORIENTED_EDGE ( 'NONE', *, *, #2820, .T. ) ;
#7025 = ORIENTED_EDGE ( 'NONE', *, *, #1507, .T. ) ;
#7026 = CARTESIAN_POINT ( 'NONE',  ( -13.42466457545275382, -126.2110452155575331, -11.89033860023749511 ) ) ;
#7027 = CARTESIAN_POINT ( 'NONE',  ( 12.47499999999973674, -10.30000000000010019, 25.15000000000000213 ) ) ;
#7028 = CARTESIAN_POINT ( 'NONE',  ( 2.439369589724353915, -24.29999999999999716, 22.44289321881344179 ) ) ;
#7029 = ADVANCED_FACE ( 'NONE', ( #5546 ), #2284, .T. ) ;
#7030 = B_SPLINE_CURVE_WITH_KNOTS ( 'NONE', 3,
 ( #6606, #5411, #5482, #5447, #4311, #6567, #4385, #3304, #3753, #998, #4860, #3233, #5999, #3828, #7232, #3157, #6640, #7162, #5555, #3270, #1488, #965, #337, #5519, #1526, #926, #442, #3789, #479, #6033, #4425, #1566, #6719, #407, #2677, #4967, #7127, #2048, #3196, #4932, #2750, #374, #5005, #7269, #2714, #7198, #5958, #6072, #887, #2162 ),
 .UNSPECIFIED., .F., .F.,
 ( 4, 2, 2, 2, 2, 2, 2, 2, 2, 2, 2, 2, 2, 2, 2, 2, 2, 2, 2, 2, 2, 2, 2, 2, 4 ),
 ( 0.04534580898113526465, 0.04633368153870920381, 0.04732155409628314296, 0.04929729921143100740, 0.05028517176900494656, 0.05127304432657888572, 0.05324878944172674322, 0.05423666199930067544, 0.05522453455687460072, 0.05621240711444852600, 0.05720027967202245822, 0.05818815222959639044, 0.05917602478717031572, 0.06016389734474424794, 0.06115176990231817322, 0.06312751501746603766, 0.06510326013261388822, 0.06707900524776175266, 0.06905475036290961710, 0.07004262292048354932, 0.07103049547805749542, 0.07300624059320540149, 0.07399411315077934759, 0.07498198570835329368, 0.07695773082350118588 ),
 .UNSPECIFIED. ) ;
#7031 = EDGE_CURVE ( 'NONE', #1097, #1011, #616, .T. ) ;
#7032 = CARTESIAN_POINT ( 'NONE',  ( 8.822741684786883809, -112.7320361575685439, -6.735530605233849499 ) ) ;
#7033 = VERTEX_POINT ( 'NONE', #2190 ) ;
#7034 = EDGE_LOOP ( 'NONE', ( #339, #2258, #6186, #5980, #3616, #1921 ) ) ;
#7035 = CARTESIAN_POINT ( 'NONE',  ( 14.31434942365429919, -25.29999999999999716, -13.78956744099162002 ) ) ;
#7036 = CARTESIAN_POINT ( 'NONE',  ( 14.65142780155951385, -125.5565405767195557, -28.26647713403962214 ) ) ;
#7037 = DIRECTION ( 'NONE',  ( 1.000000000000000000, 0.000000000000000000, 0.000000000000000000 ) ) ;
#7038 = ADVANCED_FACE ( 'NONE', ( #6262 ), #2781, .T. ) ;
#7039 = DIRECTION ( 'NONE',  ( -0.000000000000000000, -0.000000000000000000, 1.000000000000000000 ) ) ;
#7040 = CARTESIAN_POINT ( 'NONE',  ( 13.60376281327324044, -126.1223379132284350, -30.35366402929546936 ) ) ;
#7041 = LINE ( 'NONE', #4260, #259 ) ;
#7042 = EDGE_CURVE ( 'NONE', #1980, #246, #2707, .T. ) ;
#7043 = CARTESIAN_POINT ( 'NONE',  ( -0.2679190128560514639, -88.13973296516789446, 2.977099946411255971 ) ) ;
#7044 = AXIS2_PLACEMENT_3D ( 'NONE', #394, #6020, #1515 ) ;
#7045 = EDGE_CURVE ( 'NONE', #2060, #575, #1686, .T. ) ;
#7046 = DIRECTION ( 'NONE',  ( -0.1236272436425641108, 0.000000000000000000, 0.9923287281084540723 ) ) ;
#7047 = AXIS2_PLACEMENT_3D ( 'NONE', #4155, #4711, #105 ) ;
#7048 = CARTESIAN_POINT ( 'NONE',  ( -12.25510385025286553, -114.4495081683673448, -9.004118420626539887 ) ) ;
#7049 = DIRECTION ( 'NONE',  ( 2.812538085595988943E-16, 0.9848077530122080203, 0.1736481776669306643 ) ) ;
#7050 = LINE ( 'NONE', #3674, #1500 ) ;
#7051 = ORIENTED_EDGE ( 'NONE', *, *, #3466, .T. ) ;
#7052 = CARTESIAN_POINT ( 'NONE',  ( 11.15770377958196669, -97.32608566898393576, -3.943845848976581081 ) ) ;
#7053 = CARTESIAN_POINT ( 'NONE',  ( -10.06663669576568587, -100.1987537685653251, -3.311740938634058828 ) ) ;
#7054 = DIRECTION ( 'NONE',  ( 1.000000000000000000, 0.000000000000000000, -6.897508850802415061E-17 ) ) ;
#7055 = DIRECTION ( 'NONE',  ( -1.000000000000000000, -0.000000000000000000, -0.000000000000000000 ) ) ;
#7056 = ORIENTED_EDGE ( 'NONE', *, *, #4934, .T. ) ;
#7057 = VERTEX_POINT ( 'NONE', #3857 ) ;
#7058 = CARTESIAN_POINT ( 'NONE',  ( -8.533873106197646052, -125.7168266083651105, -16.50624658204719353 ) ) ;
#7059 = DIRECTION ( 'NONE',  ( 0.000000000000000000, 0.000000000000000000, -1.000000000000000000 ) ) ;
#7060 = CARTESIAN_POINT ( 'NONE',  ( 10.64999999999998970, -17.30000000000002203, 22.15000000000000213 ) ) ;
#7061 = CARTESIAN_POINT ( 'NONE',  ( 2.431454185600641971, -119.0200044250906188, -4.692246767644641992 ) ) ;
#7062 = ORIENTED_EDGE ( 'NONE', *, *, #5628, .F. ) ;
#7063 = VERTEX_POINT ( 'NONE', #1066 ) ;
#7064 = DIRECTION ( 'NONE',  ( 2.812538085595988943E-16, 0.9848077530122081313, 0.1736481776669306920 ) ) ;
#7065 = AXIS2_PLACEMENT_3D ( 'NONE', #4494, #5588, #5077 ) ;
#7066 = CARTESIAN_POINT ( 'NONE',  ( 3.629955958713537711, -31.14047163498423032, -14.94966308864625582 ) ) ;
#7067 = CARTESIAN_POINT ( 'NONE',  ( 15.89500084253434053, -122.6306599764083529, -19.28769846749645822 ) ) ;
#7068 = DIRECTION ( 'NONE',  ( 0.7071067811865483499, -0.000000000000000000, 0.7071067811865466846 ) ) ;
#7069 = CIRCLE ( 'NONE', #3874, 8.999999999999996447 ) ;
#7071 = EDGE_LOOP ( 'NONE', ( #523, #5291, #1776, #1351 ) ) ;
#7070 = CARTESIAN_POINT ( 'NONE',  ( 15.98793975879287110, -123.0079346649265659, -20.28916387508254005 ) ) ;
#7072 = ORIENTED_EDGE ( 'NONE', *, *, #592, .T. ) ;
#7073 = DIRECTION ( 'NONE',  ( -0.7071067811865492381, 0.000000000000000000, -0.7071067811865457964 ) ) ;
#7074 = EDGE_CURVE ( 'NONE', #5589, #1175, #5816, .T. ) ;
#7075 = DIRECTION ( 'NONE',  ( 1.000000000000000000, 0.000000000000000000, -6.897508850802415061E-17 ) ) ;
#7076 = DIRECTION ( 'NONE',  ( 0.000000000000000000, 1.000000000000000000, 0.000000000000000000 ) ) ;
#7077 = TOROIDAL_SURFACE ( 'NONE', #5775, 2.000000000000000000, 1.000000000000000000 ) ;
#7078 = EDGE_CURVE ( 'NONE', #6981, #3900, #3580, .T. ) ;
#7079 = DIRECTION ( 'NONE',  ( -0.7071067811865495711, -0.000000000000000000, -0.7071067811865454633 ) ) ;
#7080 = CARTESIAN_POINT ( 'NONE',  ( 3.146476370910897380, -25.30000000000000071, 19.14999999999999858 ) ) ;
#7081 = EDGE_CURVE ( 'NONE', #726, #1582, #6075, .T. ) ;
#7082 = DIRECTION ( 'NONE',  ( -0.000000000000000000, -0.000000000000000000, 1.000000000000000000 ) ) ;
#7083 = EDGE_LOOP ( 'NONE', ( #1922, #4863 ) ) ;
#7084 = CARTESIAN_POINT ( 'NONE',  ( -7.817591684660635920, -23.58000034808948797, -26.94664303252219995 ) ) ;
#7085 = CARTESIAN_POINT ( 'NONE',  ( -8.076398795221042093, -93.35612493703600023, -2.569863261199976101 ) ) ;
#7086 = CARTESIAN_POINT ( 'NONE',  ( 7.030923045976318342, -104.8911368886944473, -1.881330798938505966 ) ) ;
#7087 = CARTESIAN_POINT ( 'NONE',  ( 0.000000000000000000, 3.000000000000000000, -21.15000000000000213 ) ) ;
#7088 = DIRECTION ( 'NONE',  ( 1.000000000000000000, 0.000000000000000000, 0.000000000000000000 ) ) ;
#7089 = EDGE_LOOP ( 'NONE', ( #4454, #5000, #4836 ) ) ;
#7090 = VERTEX_POINT ( 'NONE', #1263 ) ;
#7091 = CARTESIAN_POINT ( 'NONE',  ( -15.28618060909166232, -121.3484294319010530, -16.14088987293983735 ) ) ;
#7092 = AXIS2_PLACEMENT_3D ( 'NONE', #6678, #925, #3302 ) ;
#7093 = DIRECTION ( 'NONE',  ( -4.336808689942013792E-16, 0.000000000000000000, 1.000000000000000000 ) ) ;
#7094 = CARTESIAN_POINT ( 'NONE',  ( 8.386133367372293534, -115.4844287514304426, -6.753624241995574984 ) ) ;
#7095 = CARTESIAN_POINT ( 'NONE',  ( 11.06866102423117049, -114.6330620764683204, -6.894030014829498398 ) ) ;
#7096 = VERTEX_POINT ( 'NONE', #2454 ) ;
#7097 = ORIENTED_EDGE ( 'NONE', *, *, #1466, .F. ) ;
#7098 = PERSON_AND_ORGANIZATION ( #5371, #4054 ) ;
#7099 = CARTESIAN_POINT ( 'NONE',  ( 7.016109438462270198, -31.05348687844509570, -13.51009741127460551 ) ) ;
#7100 = EDGE_LOOP ( 'NONE', ( #2171, #6283, #5361 ) ) ;
#7101 = CARTESIAN_POINT ( 'NONE',  ( 16.01391101832610531, -123.4453524352886120, -21.51159676109251961 ) ) ;
#7102 = CARTESIAN_POINT ( 'NONE',  ( 24.14999999999999147, 3.000000000000000000, -21.73578643762691343 ) ) ;
#7104 = ORIENTED_EDGE ( 'NONE', *, *, #5484, .F. ) ;
#7103 = CARTESIAN_POINT ( 'NONE',  ( 2.146476370910900489, -11.93193262840708613, 21.14999999999999858 ) ) ;
#7105 = EDGE_LOOP ( 'NONE', ( #1160, #7172 ) ) ;
#7106 = CARTESIAN_POINT ( 'NONE',  ( -5.316055265282727760, -24.39387378289512398, -26.33920891306254219 ) ) ;
#7107 = CARTESIAN_POINT ( 'NONE',  ( 38.00000000000000711, -25.29999999999999716, 18.25293848457186741 ) ) ;
#7108 = ORIENTED_EDGE ( 'NONE', *, *, #6627, .T. ) ;
#7109 = FACE_OUTER_BOUND ( 'NONE', #967, .T. ) ;
#7110 = APPROVAL_PERSON_ORGANIZATION ( #3589, #643, #1924 ) ;
#7111 = CARTESIAN_POINT ( 'NONE',  ( 8.768978179780294369, -97.15358895893020019, -3.925628759623720931 ) ) ;
#7112 = EDGE_CURVE ( 'NONE', #4333, #2332, #3219, .T. ) ;
#7113 = DIRECTION ( 'NONE',  ( -2.595324257062149123E-16, -1.000000000000000000, 0.000000000000000000 ) ) ;
#7114 = EDGE_CURVE ( 'NONE', #5854, #3767, #6650, .T. ) ;
#7115 = AXIS2_PLACEMENT_3D ( 'NONE', #3794, #242, #303 ) ;
#7116 = DIRECTION ( 'NONE',  ( -0.000000000000000000, -0.000000000000000000, 1.000000000000000000 ) ) ;
#7117 = CARTESIAN_POINT ( 'NONE',  ( 5.560689933284020725, 4.000000000000000000, 24.15000000000000213 ) ) ;
#7118 = AXIS2_PLACEMENT_3D ( 'NONE', #3025, #4769, #4671 ) ;
#7119 = ORIENTED_EDGE ( 'NONE', *, *, #6866, .F. ) ;
#7120 = CARTESIAN_POINT ( 'NONE',  ( -22.44289321881346311, -24.29999999999999716, -24.85710678118654471 ) ) ;
#7121 = CARTESIAN_POINT ( 'NONE',  ( -8.439880043419011102, -98.52135829572655723, -3.816036882830477150 ) ) ;
#7122 = CARTESIAN_POINT ( 'NONE',  ( 2.155890903535768288, -108.0790028192420777, -2.721986590297979625 ) ) ;
#7123 = AXIS2_PLACEMENT_3D ( 'NONE', #5705, #1715, #2312 ) ;
#7124 = EDGE_CURVE ( 'NONE', #5206, #1402, #4086, .T. ) ;
#7125 = CIRCLE ( 'NONE', #3941, 3.300000000000000711 ) ;
#7126 = CARTESIAN_POINT ( 'NONE',  ( -1.140212240571234714, -108.0432723713515628, -2.622831366117359231 ) ) ;
#7127 = CARTESIAN_POINT ( 'NONE',  ( 9.083044656338342904, -120.5248127181637301, -6.113968776586300002 ) ) ;
#7128 = DIRECTION ( 'NONE',  ( -1.000000000000000000, 8.673617379884027583E-16, 0.000000000000000000 ) ) ;
#7129 = AXIS2_PLACEMENT_3D ( 'NONE', #667, #2969, #6411 ) ;
#7130 = ADVANCED_FACE ( 'NONE', ( #1861 ), #3636, .F. ) ;
#7131 = ORIENTED_EDGE ( 'NONE', *, *, #4306, .T. ) ;
#7132 = CARTESIAN_POINT ( 'NONE',  ( -7.370166053600424760, -123.4848118673399711, -13.48850160603566728 ) ) ;
#7133 = DIRECTION ( 'NONE',  ( 0.000000000000000000, -1.000000000000000000, 0.000000000000000000 ) ) ;
#7134 = DIRECTION ( 'NONE',  ( -0.000000000000000000, -0.000000000000000000, 1.000000000000000000 ) ) ;
#7135 = CARTESIAN_POINT ( 'NONE',  ( 7.275678922190776277, -117.1474191505087532, -6.157723783960316055 ) ) ;
#7136 = CARTESIAN_POINT ( 'NONE',  ( 5.083655068355918516, -118.4264318422495137, -5.282027009748654578 ) ) ;
#7137 = CARTESIAN_POINT ( 'NONE',  ( -5.727064476163179485, -24.98372869334810176, -24.87973630435418215 ) ) ;
#7138 = ORIENTED_EDGE ( 'NONE', *, *, #1745, .T. ) ;
#7139 = CARTESIAN_POINT ( 'NONE',  ( 9.624999999999737099, -8.654551732809670384, 20.15000000000000213 ) ) ;
#7140 = ORIENTED_EDGE ( 'NONE', *, *, #6440, .F. ) ;
#7141 = CARTESIAN_POINT ( 'NONE',  ( 14.91409662821622639, -128.1973460183020848, -14.59810023879762930 ) ) ;
#7142 = CARTESIAN_POINT ( 'NONE',  ( 22.44289321881346311, 2.999999999999999112, 24.85710678118654471 ) ) ;
#7144 = VERTEX_POINT ( 'NONE', #7009 ) ;
#7143 = LINE ( 'NONE', #979, #114 ) ;
#7145 = VERTEX_POINT ( 'NONE', #5844 ) ;
#7146 = DIRECTION ( 'NONE',  ( 0.000000000000000000, 1.000000000000000000, -0.000000000000000000 ) ) ;
#7147 = CARTESIAN_POINT ( 'NONE',  ( 1.924921556074730928E-14, -25.29999999999999361, 18.25293848457193135 ) ) ;
#7148 = DIRECTION ( 'NONE',  ( -6.897508850802416293E-17, -0.000000000000000000, -1.000000000000000000 ) ) ;
#7149 = CARTESIAN_POINT ( 'NONE',  ( -32.00000000000002842, -114.1470418541464511, -0.3881058570443785549 ) ) ;
#7150 = DIRECTION ( 'NONE',  ( -0.000000000000000000, -0.000000000000000000, 1.000000000000000000 ) ) ;
#7151 = CYLINDRICAL_SURFACE ( 'NONE', #1563, 1.050000000000000711 ) ;
#7152 = VECTOR ( 'NONE', #767, 1000.000000000000000 ) ;
#7153 = CARTESIAN_POINT ( 'NONE',  ( 2.393089560404011884, -24.96082675186620747, 20.65677362101370207 ) ) ;
#7154 = ORIENTED_EDGE ( 'NONE', *, *, #199, .T. ) ;
#7155 = ADVANCED_FACE ( 'NONE', ( #1226 ), #740, .F. ) ;
#7156 = CARTESIAN_POINT ( 'NONE',  ( 2.431454185599903006, -102.2036502575201808, -1.727069810753027124 ) ) ;
#7157 = AXIS2_PLACEMENT_3D ( 'NONE', #6638, #5443, #5479 ) ;
#7158 = CARTESIAN_POINT ( 'NONE',  ( -7.976987946811635588, -99.47042918751454010, -3.563716312853976387 ) ) ;
#7159 = CARTESIAN_POINT ( 'NONE',  ( 10.75091814851790240, -101.9050283834584008, -4.556438550912234042 ) ) ;
#7160 = CIRCLE ( 'NONE', #7047, 1.000000000000000888 ) ;
#7161 = CYLINDRICAL_SURFACE ( 'NONE', #7092, 2.149999999999999023 ) ;
#7162 = CARTESIAN_POINT ( 'NONE',  ( 11.95371464084996127, -109.5920365012140678, -7.619599429283492320 ) ) ;
#7163 = FACE_OUTER_BOUND ( 'NONE', #2484, .T. ) ;
#7164 = ORIENTED_EDGE ( 'NONE', *, *, #2778, .T. ) ;
#7165 = EDGE_CURVE ( 'NONE', #420, #6856, #1369, .T. ) ;
#7166 = CARTESIAN_POINT ( 'NONE',  ( -15.83263374200364559, -124.2214513842466772, -23.82893835245577918 ) ) ;
#7167 = CIRCLE ( 'NONE', #5277, 6.099999999999999645 ) ;
#7168 = CARTESIAN_POINT ( 'NONE',  ( -20.15000000000000213, -20.30000000000000071, 19.14999999999999858 ) ) ;
#7169 = CARTESIAN_POINT ( 'NONE',  ( 6.707119387059916171, -117.6129041068316923, -5.889768211373722195 ) ) ;
#7170 = EDGE_CURVE ( 'NONE', #6617, #3467, #5823, .T. ) ;
#7171 = CARTESIAN_POINT ( 'NONE',  ( 5.370030544803436889, -120.0532462774879292, -3.714907169230074135 ) ) ;
#7172 = ORIENTED_EDGE ( 'NONE', *, *, #4498, .T. ) ;
#7173 = ORIENTED_EDGE ( 'NONE', *, *, #2296, .F. ) ;
#7174 = SECURITY_CLASSIFICATION_LEVEL ( 'unclassified' ) ;
#7175 = DIRECTION ( 'NONE',  ( 1.000000000000000000, 0.000000000000000000, 0.000000000000000000 ) ) ;
#7176 = EDGE_LOOP ( 'NONE', ( #353, #5322 ) ) ;
#7177 = ADVANCED_FACE ( 'NONE', ( #111 ), #2212, .F. ) ;
#7178 = CARTESIAN_POINT ( 'NONE',  ( 13.87307023474676804, -119.6253278019658381, -12.52722081345890182 ) ) ;
#7179 = CARTESIAN_POINT ( 'NONE',  ( 0.1499999999999958866, 0.3712247303922852071, -25.24992986280365770 ) ) ;
#7180 = VECTOR ( 'NONE', #7319, 1000.000000000000000 ) ;
#7181 = CARTESIAN_POINT ( 'NONE',  ( 7.384416774065384992, -127.6088114298732421, -36.47354139183788391 ) ) ;
#7182 = ORIENTED_EDGE ( 'NONE', *, *, #1407, .F. ) ;
#7183 = CARTESIAN_POINT ( 'NONE',  ( -6.415607639132926643, -105.1177573783914170, -1.593009943246789906 ) ) ;
#7184 = DIRECTION ( 'NONE',  ( 1.000000000000000000, 0.000000000000000000, -1.495322236003253579E-15 ) ) ;
#7185 = FACE_OUTER_BOUND ( 'NONE', #1736, .T. ) ;
#7186 = CIRCLE ( 'NONE', #679, 1.000000000000000000 ) ;
#7187 = VECTOR ( 'NONE', #5404, 1000.000000000000000 ) ;
#7188 = CARTESIAN_POINT ( 'NONE',  ( 5.929025197029049288, -91.87003030223364419, -0.9511326496386212082 ) ) ;
#7189 = CYLINDRICAL_SURFACE ( 'NONE', #3372, 2.149999999999999023 ) ;
#7190 = FACE_OUTER_BOUND ( 'NONE', #6540, .T. ) ;
#7191 = CARTESIAN_POINT ( 'NONE',  ( 2.622980596755260851, -25.27397267554228932, 19.41174788707773402 ) ) ;
#7192 = EDGE_LOOP ( 'NONE', ( #7062, #263, #1321, #6392 ) ) ;
#7193 = CARTESIAN_POINT ( 'NONE',  ( 5.149999999999995914, -12.65000000000000036, -28.15000000000000213 ) ) ;
#7194 = AXIS2_PLACEMENT_3D ( 'NONE', #888, #1979, #7088 ) ;
#7195 = CARTESIAN_POINT ( 'NONE',  ( -7.965349623447250060, -93.20410396144606580, -2.448657478117319819 ) ) ;
#7196 = CARTESIAN_POINT ( 'NONE',  ( 12.28442503270574093, -97.28293468966104740, -6.032098626077485370 ) ) ;
#7197 = CARTESIAN_POINT ( 'NONE',  ( -0.8442511068378742989, -132.9752205008530836, -30.54950238967152742 ) ) ;
#7198 = CARTESIAN_POINT ( 'NONE',  ( 4.131579305441829497, -122.5503714772231234, -3.719559570929694914 ) ) ;
#7199 = DIRECTION ( 'NONE',  ( 6.897508850802415061E-17, -0.000000000000000000, 1.000000000000000000 ) ) ;
#7200 = VECTOR ( 'NONE', #7250, 1000.000000000000000 ) ;
#7201 = VERTEX_POINT ( 'NONE', #7330 ) ;
#7202 = CARTESIAN_POINT ( 'NONE',  ( -7.615611329419874842, -92.81915001347603322, -2.106443900500313049 ) ) ;
#7203 = DIRECTION ( 'NONE',  ( 1.000000000000000000, 0.000000000000000000, -6.897508850802415061E-17 ) ) ;
#7204 = CARTESIAN_POINT ( 'NONE',  ( -25.15000000000000213, 2.999999999999999112, -22.14999999999999858 ) ) ;
#7205 = CARTESIAN_POINT ( 'NONE',  ( -22.44289321881346311, 2.999999999999999112, -24.85710678118654471 ) ) ;
#7206 = EDGE_CURVE ( 'NONE', #8, #3388, #6926, .T. ) ;
#7207 = FACE_OUTER_BOUND ( 'NONE', #7034, .T. ) ;
#7208 = CARTESIAN_POINT ( 'NONE',  ( -1.602545946880348179E-14, -56.22668379970505015, -9.468289625580641911 ) ) ;
#7209 = VERTEX_POINT ( 'NONE', #2850 ) ;
#7210 = CARTESIAN_POINT ( 'NONE',  ( 10.87499999999973355, -10.30000000000010019, 2.150000000000030553 ) ) ;
#7211 = ORIENTED_EDGE ( 'NONE', *, *, #682, .T. ) ;
#7212 = CARTESIAN_POINT ( 'NONE',  ( 2.964178965509979502, -127.9624170253097759, -38.08441204818026193 ) ) ;
#7213 = CARTESIAN_POINT ( 'NONE',  ( -21.15000000000000213, -20.30000000000000071, 20.15000000000000213 ) ) ;
#7214 = ADVANCED_FACE ( 'NONE', ( #3406 ), #102, .T. ) ;
#7215 = CARTESIAN_POINT ( 'NONE',  ( -8.949654833481355709, -128.7884293286444688, -21.56335006229830142 ) ) ;
#7216 = EDGE_LOOP ( 'NONE', ( #647, #2173 ) ) ;
#7217 = AXIS2_PLACEMENT_3D ( 'NONE', #5072, #5112, #4573 ) ;
#7218 = DIRECTION ( 'NONE',  ( 0.000000000000000000, 0.000000000000000000, 1.000000000000000000 ) ) ;
#7219 = FACE_OUTER_BOUND ( 'NONE', #791, .T. ) ;
#7220 = EDGE_CURVE ( 'NONE', #5783, #6539, #3095, .T. ) ;
#7221 = DIRECTION ( 'NONE',  ( -1.000000000000000000, 0.000000000000000000, 7.744301232039314216E-17 ) ) ;
#7222 = CYLINDRICAL_SURFACE ( 'NONE', #879, 1.000000000000000888 ) ;
#7223 = DIRECTION ( 'NONE',  ( -0.5545613269117511956, 0.8321428571428574061, 0.000000000000000000 ) ) ;
#7224 = DIRECTION ( 'NONE',  ( -6.897508850802415061E-17, 0.000000000000000000, -1.000000000000000000 ) ) ;
#7225 = CARTESIAN_POINT ( 'NONE',  ( 1.159368547694787255, -24.43089807809976577, 20.14355391160804842 ) ) ;
#7226 = EDGE_LOOP ( 'NONE', ( #6929, #5252, #6175, #1065 ) ) ;
#7227 = CARTESIAN_POINT ( 'NONE',  ( 4.257455278169786084, -101.8599115577651020, -2.086121487607757174 ) ) ;
#7228 = CARTESIAN_POINT ( 'NONE',  ( -2.274995058227971878, -90.45328569582798650, 2.388695600423161647 ) ) ;
#7229 = CARTESIAN_POINT ( 'NONE',  ( 12.26169376151498724, -94.24145024826756867, -5.453211935212788575 ) ) ;
#7230 = AXIS2_PLACEMENT_3D ( 'NONE', #6330, #5769, #6366 ) ;
#7231 = FACE_OUTER_BOUND ( 'NONE', #4379, .T. ) ;
#7232 = CARTESIAN_POINT ( 'NONE',  ( 11.45355640152780197, -108.3888689689564870, -6.631781011364316747 ) ) ;
#7233 = CARTESIAN_POINT ( 'NONE',  ( 2.146476370910898268, -20.30000000000000071, 21.14999999999999858 ) ) ;
#7234 = EDGE_LOOP ( 'NONE', ( #7019, #6433, #2417, #6722 ) ) ;
#7235 = CARTESIAN_POINT ( 'NONE',  ( 9.036266279698001114, -127.7657183979607254, -19.74184765383838069 ) ) ;
#7236 = AXIS2_PLACEMENT_3D ( 'NONE', #6430, #1249, #4039 ) ;
#7237 = DIRECTION ( 'NONE',  ( 1.000000000000000000, 0.000000000000000000, 0.000000000000000000 ) ) ;
#7238 = CARTESIAN_POINT ( 'NONE',  ( 24.85710678118653405, -24.29999999999999716, -22.44289321881346666 ) ) ;
#7239 = CARTESIAN_POINT ( 'NONE',  ( 4.525318251283748872, -108.3330320970549536, -3.302705583548289692 ) ) ;
#7240 = AXIS2_PLACEMENT_3D ( 'NONE', #4621, #1763, #4027 ) ;
#7241 = DIRECTION ( 'NONE',  ( 2.595324257062149123E-16, 1.000000000000000000, -0.000000000000000000 ) ) ;
#7242 = VERTEX_POINT ( 'NONE', #65 ) ;
#7243 = VERTEX_POINT ( 'NONE', #5105 ) ;
#7244 = PERSON_AND_ORGANIZATION_ROLE ( 'creator' ) ;
#7245 = ORIENTED_EDGE ( 'NONE', *, *, #2905, .F. ) ;
#7246 = CARTESIAN_POINT ( 'NONE',  ( 4.246740401903237760, -139.7221575563525846, -39.91384536688274665 ) ) ;
#7247 = DIRECTION ( 'NONE',  ( 0.9915415861795912056, 0.08359705125243575841, -0.09928149826809537504 ) ) ;
#7248 = ADVANCED_FACE ( 'NONE', ( #1852, #1255, #576, #4637, #1706, #5144 ), #6212, .T. ) ;
#7249 = EDGE_CURVE ( 'NONE', #4554, #201, #3927, .T. ) ;
#7250 = DIRECTION ( 'NONE',  ( 0.7071067811865491270, 0.000000000000000000, 0.7071067811865459074 ) ) ;
#7251 = CARTESIAN_POINT ( 'NONE',  ( -5.018368161949645412, -132.2832549838940963, -28.87339073198911166 ) ) ;
#7252 = ORIENTED_EDGE ( 'NONE', *, *, #6165, .T. ) ;
#7253 = CARTESIAN_POINT ( 'NONE',  ( -28.00000000000000000, -31.16824088833465112, -15.40923400202534133 ) ) ;
#7254 = CARTESIAN_POINT ( 'NONE',  ( -13.55223308168271856, -30.52511972758634329, -4.765815703582341634 ) ) ;
#7255 = CARTESIAN_POINT ( 'NONE',  ( 21.73578643762690987, -24.29999999999999716, 24.15000000000000213 ) ) ;
#7256 = DIRECTION ( 'NONE',  ( 0.000000000000000000, 0.000000000000000000, 1.000000000000000000 ) ) ;
#7257 = EDGE_CURVE ( 'NONE', #6240, #7243, #3800, .T. ) ;
#7258 = FACE_BOUND ( 'NONE', #2879, .T. ) ;
#7259 = CARTESIAN_POINT ( 'NONE',  ( -11.13786144444554616, -118.0767933566358749, -7.900632427642493738 ) ) ;
#7260 = EDGE_CURVE ( 'NONE', #3388, #4435, #697, .T. ) ;
#7261 = DIRECTION ( 'NONE',  ( -1.000000000000000000, 0.000000000000000000, 7.744301232039314216E-17 ) ) ;
#7262 = ORIENTED_EDGE ( 'NONE', *, *, #6021, .T. ) ;
#7263 = CYLINDRICAL_SURFACE ( 'NONE', #6412, 2.100000000000000533 ) ;
#7264 = ADVANCED_FACE ( 'NONE', ( #4043 ), #1216, .F. ) ;
#7265 = CARTESIAN_POINT ( 'NONE',  ( -5.834507100787637235, -105.3089555915466633, -1.343653488496959536 ) ) ;
#7266 = DIRECTION ( 'NONE',  ( 0.000000000000000000, 0.000000000000000000, 1.000000000000000000 ) ) ;
#7267 = CARTESIAN_POINT ( 'NONE',  ( -8.200893722740289604, -108.1152598202170481, -3.168580006458103782 ) ) ;
#7268 = CARTESIAN_POINT ( 'NONE',  ( 1.125282703498168502, -119.1191724259139164, -4.574741448697399626 ) ) ;
#7269 = CARTESIAN_POINT ( 'NONE',  ( 5.054092972116174032, -122.3470325668425716, -4.009162353222206043 ) ) ;
#7270 = CARTESIAN_POINT ( 'NONE',  ( -1.665748387468783585E-15, -25.30000000000000071, -24.15000000000000568 ) ) ;
#7271 = EDGE_LOOP ( 'NONE', ( #5681, #3948, #1881, #4989 ) ) ;
#7272 = CIRCLE ( 'NONE', #2439, 11.00000000000000355 ) ;
#7273 = DIRECTION ( 'NONE',  ( -0.000000000000000000, 0.000000000000000000, 1.000000000000000000 ) ) ;
#7274 = AXIS2_PLACEMENT_3D ( 'NONE', #31, #2307, #3412 ) ;
#7275 = VERTEX_POINT ( 'NONE', #1743 ) ;
#7276 = DIRECTION ( 'NONE',  ( -0.000000000000000000, -0.000000000000000000, 1.000000000000000000 ) ) ;
#7277 = PLANE ( 'NONE',  #3336 ) ;
#7278 = CARTESIAN_POINT ( 'NONE',  ( 6.569066348520049559, -108.9414378009758479, -4.283631911018209948 ) ) ;
#7279 = DIRECTION ( 'NONE',  ( 2.595324257062149123E-16, 1.000000000000000000, 8.715763992105196842E-33 ) ) ;
#7280 = FACE_OUTER_BOUND ( 'NONE', #7325, .T. ) ;
#7281 = CARTESIAN_POINT ( 'NONE',  ( -3.815736510066729697E-14, -128.0247424821922380, -38.37505032396474292 ) ) ;
#7282 = ORIENTED_EDGE ( 'NONE', *, *, #5845, .T. ) ;
#7283 = AXIS2_PLACEMENT_3D ( 'NONE', #4827, #1487, #2121 ) ;
#7284 = CARTESIAN_POINT ( 'NONE',  ( 7.436733839459719775, -131.0771865274758738, -26.14264958648587722 ) ) ;
#7285 = FACE_OUTER_BOUND ( 'NONE', #4072, .T. ) ;
#7286 = CARTESIAN_POINT ( 'NONE',  ( -20.15000000000000213, -20.30000000000000071, 20.15000000000000213 ) ) ;
#7287 = DIRECTION ( 'NONE',  ( -0.000000000000000000, -0.000000000000000000, -1.000000000000000000 ) ) ;
#7288 = CARTESIAN_POINT ( 'NONE',  ( -8.636307446866517523, -125.9931168636503287, -16.91711999050636450 ) ) ;
#7289 = ORIENTED_EDGE ( 'NONE', *, *, #53, .F. ) ;
#7290 = CARTESIAN_POINT ( 'NONE',  ( -6.543435467874439304, -88.60269586549885901, 1.263379390019228499 ) ) ;
#7291 = CARTESIAN_POINT ( 'NONE',  ( -3.201084263687600396E-14, -25.29999999999999361, -14.37450480411533249 ) ) ;
#7292 = DIRECTION ( 'NONE',  ( -0.000000000000000000, 0.000000000000000000, 1.000000000000000000 ) ) ;
#7293 = CARTESIAN_POINT ( 'NONE',  ( -1.890658044465225451, -25.29999999999999716, -24.20071423046482550 ) ) ;
#7294 = CARTESIAN_POINT ( 'NONE',  ( 21.14999999999999503, 2.999999999999999112, -19.14999999999999858 ) ) ;
#7295 = SPHERICAL_SURFACE ( 'NONE', #4686, 1.000000000000000000 ) ;
#7296 = ORIENTED_EDGE ( 'NONE', *, *, #5319, .F. ) ;
#7297 = EDGE_CURVE ( 'NONE', #3767, #5854, #604, .T. ) ;
#7298 = DIRECTION ( 'NONE',  ( 2.812538085595988943E-16, 0.9848077530122080203, 0.1736481776669306643 ) ) ;
#7299 = CIRCLE ( 'NONE', #2570, 1.000000000000000888 ) ;
#7300 = CARTESIAN_POINT ( 'NONE',  ( -5.727064476163179485, -25.30000000000000071, -24.15000000000000568 ) ) ;
#7301 = VECTOR ( 'NONE', #3530, 1000.000000000000000 ) ;
#7302 = ORIENTED_EDGE ( 'NONE', *, *, #2465, .T. ) ;
#7303 = CYLINDRICAL_SURFACE ( 'NONE', #3154, 1.000000000000000000 ) ;
#7304 = AXIS2_PLACEMENT_3D ( 'NONE', #3919, #1497, #529 ) ;
#7305 = ADVANCED_FACE ( 'NONE', ( #3446 ), #2889, .T. ) ;
#7306 = CARTESIAN_POINT ( 'NONE',  ( -2.444997047266519452, -91.28638249614789402, 0.1856358717482298748 ) ) ;
#7307 = CARTESIAN_POINT ( 'NONE',  ( -10.78228445649945932, -110.5872893921198425, -5.867732385774908188 ) ) ;
#7308 = AXIS2_PLACEMENT_3D ( 'NONE', #1475, #7184, #2110 ) ;
#7309 = CARTESIAN_POINT ( 'NONE',  ( -0.2771091617830248044, -122.9366788908614296, -3.130373690228962502 ) ) ;
#7310 = CARTESIAN_POINT ( 'NONE',  ( -1.665748387468783585E-15, -24.29999999999999716, -24.15000000000000568 ) ) ;
#7311 = EDGE_CURVE ( 'NONE', #6812, #3319, #247, .T. ) ;
#7312 = CARTESIAN_POINT ( 'NONE',  ( 9.624999999999737099, -11.94544826719053709, 23.15000000000000213 ) ) ;
#7313 = VECTOR ( 'NONE', #517, 1000.000000000000000 ) ;
#7314 = VERTEX_POINT ( 'NONE', #1891 ) ;
#7315 = DIRECTION ( 'NONE',  ( 0.000000000000000000, 0.000000000000000000, 1.000000000000000000 ) ) ;
#7316 = CARTESIAN_POINT ( 'NONE',  ( 8.947754042655912343, -91.67295637081197412, -0.8293015468862890982 ) ) ;
#7317 = ADVANCED_FACE ( 'NONE', ( #5323, #2021 ), #5903, .T. ) ;
#7318 = ORIENTED_EDGE ( 'NONE', *, *, #4265, .F. ) ;
#7319 = DIRECTION ( 'NONE',  ( 0.8660254037844385966, -0.5000000000000001110, 0.000000000000000000 ) ) ;
#7320 = DIRECTION ( 'NONE',  ( 0.000000000000000000, 0.000000000000000000, 1.000000000000000000 ) ) ;
#7321 = DIRECTION ( 'NONE',  ( -0.7071067811865495711, 0.000000000000000000, -0.7071067811865454633 ) ) ;
#7322 = CIRCLE ( 'NONE', #5067, 1.050000000000000488 ) ;
#7323 = CARTESIAN_POINT ( 'NONE',  ( -2.850000000000004086, -12.65000000000000036, -30.15000000000000568 ) ) ;
#7324 = EDGE_LOOP ( 'NONE', ( #6243, #3557 ) ) ;
#7325 = EDGE_LOOP ( 'NONE', ( #6289, #4692, #6732, #4245 ) ) ;
#7326 = CARTESIAN_POINT ( 'NONE',  ( 8.415560108600116607, -127.4692519479998793, -35.85503286200231088 ) ) ;
#7327 = LINE ( 'NONE', #6692, #2981 ) ;
#7328 = DIRECTION ( 'NONE',  ( 0.000000000000000000, 1.000000000000000000, 0.000000000000000000 ) ) ;
#7329 = ORIENTED_EDGE ( 'NONE', *, *, #5168, .T. ) ;
#7330 = CARTESIAN_POINT ( 'NONE',  ( 16.59999999999999076, -10.29999999999999005, 22.15000000000000213 ) ) ;
#7331 = CARTESIAN_POINT ( 'NONE',  ( -24.15000000000000213, -25.30000000000000071, 0.000000000000000000 ) ) ;
#7332 = CARTESIAN_POINT ( 'NONE',  ( -5.790455144860093384, -25.29999999999783711, -13.13869947827896745 ) ) ;
#7333 = FACE_BOUND ( 'NONE', #128, .T. ) ;
#7334 = DIRECTION ( 'NONE',  ( -6.897508850802415061E-17, 0.000000000000000000, -1.000000000000000000 ) ) ;
#7335 = PLANE ( 'NONE',  #7337 ) ;
#7336 = B_SPLINE_CURVE_WITH_KNOTS ( 'NONE', 3,
 ( #3496, #4055, #6265, #6906, #1265, #5195, #1795, #4618, #1190, #5745, #4089, #6832, #2939, #115, #6342, #6306, #1759, #631, #3458, #2900, #1828, #3532, #4023, #5708, #6872, #2392, #2314, #5157, #4580, #1228, #4651, #78, #2356, #669, #2846, #5651, #651, #4520, #6775, #1701, #1779, #1132, #494, #2806, #6693, #1094 ),
 .UNSPECIFIED., .F., .F.,
 ( 4, 2, 2, 2, 2, 2, 2, 2, 2, 2, 2, 2, 2, 2, 2, 2, 2, 2, 2, 2, 2, 2, 4 ),
 ( 0.02633280220644123107, 0.02790676018512355111, 0.02948071816380587462, 0.03105467614248819813, 0.03184165513182936336, 0.03262863412117052164, 0.03341561311051168687, 0.03420259209985285209, 0.03577655007853517560, 0.03656352906787635471, 0.03735050805721754075, 0.03813748704655871985, 0.03892446603589990589, 0.03971144502524108499, 0.04049842401458226410, 0.04128540300392344320, 0.04207238199326462924, 0.04285936098260580834, 0.04364633997194698745, 0.04522029795062934565, 0.04679425592931171773, 0.04836821390799407594, 0.05151612986535879929 ),
 .UNSPECIFIED. ) ;
#7337 = AXIS2_PLACEMENT_3D ( 'NONE', #6259, #2264, #5150 ) ;
#7338 = CARTESIAN_POINT ( 'NONE',  ( -5.462100799823990549, -0.9373616605573833471, -28.95138986431315331 ) ) ;
#7339 = ORIENTED_EDGE ( 'NONE', *, *, #267, .T. ) ;
#7340 = FACE_OUTER_BOUND ( 'NONE', #4707, .T. ) ;
#7341 = DIRECTION ( 'NONE',  ( 1.000000000000000000, 0.000000000000000000, -0.000000000000000000 ) ) ;
#7342 = ORIENTED_EDGE ( 'NONE', *, *, #3306, .T. ) ;
#7343 = CARTESIAN_POINT ( 'NONE',  ( -2.850000000000004086, -12.65000000000000036, -27.15000000000000213 ) ) ;
#7344 = CARTESIAN_POINT ( 'NONE',  ( -3.422995866046330438, -88.24071522604775453, 2.535889474027037682 ) ) ;
#7345 = ADVANCED_FACE ( 'NONE', ( #2550 ), #4774, .T. ) ;
#7346 = CARTESIAN_POINT ( 'NONE',  ( -5.371466844484742431, -108.5103748502025240, -3.633626092384507622 ) ) ;
ENDSEC;
END-ISO-10303-21;
