ISO-10303-21;
HEADER;
FILE_DESCRIPTION (( 'STEP AP203' ),
    '1' );
FILE_NAME ('HD底座.STEP',
    '2026-06-11T06:08:25',
    ( '' ),
    ( '' ),
    'SwSTEP 2.0',
    'SolidWorks 2021',
    '' );
FILE_SCHEMA (( 'CONFIG_CONTROL_DESIGN' ));
ENDSEC;

DATA;
#1 = CARTESIAN_POINT ( 'NONE',  ( -1.602362769591290981, 37.35585726271801832, 12.36683629550358177 ) ) ;
#2 = TOROIDAL_SURFACE ( 'NONE', #2426, 29.00000000000000000, 5.000000000000000000 ) ;
#3 = APPLICATION_PROTOCOL_DEFINITION ( 'international standard', 'config_control_design', 1994, #1049 ) ;
#4 = DIRECTION ( 'NONE',  ( -3.886579866308197428E-29, -5.337610695313253357E-16, 1.000000000000000000 ) ) ;
#5 = CARTESIAN_POINT ( 'NONE',  ( -64.73909603667240731, 13.55585726271537084, 13.97616807355595014 ) ) ;
#6 = ORIENTED_EDGE ( 'NONE', *, *, #5483, .F. ) ;
#7 = DIRECTION ( 'NONE',  ( 1.224646799147473262E-16, -2.999999999999999444E-15, 1.000000000000000000 ) ) ;
#8 = CYLINDRICAL_SURFACE ( 'NONE', #3823, 2.000000000000001776 ) ;
#9 = CIRCLE ( 'NONE', #1718, 1.000000000000000888 ) ;
#10 = EDGE_CURVE ( 'NONE', #4396, #186, #2870, .T. ) ;
#11 = CIRCLE ( 'NONE', #2622, 5.999999999999998224 ) ;
#12 = CARTESIAN_POINT ( 'NONE',  ( -25.16604745194492310, 24.45574791835835171, -12.25081253603063658 ) ) ;
#13 = DIRECTION ( 'NONE',  ( 1.000000000000000000, 0.000000000000000000, -4.336808689942021680E-16 ) ) ;
#14 = CARTESIAN_POINT ( 'NONE',  ( -64.73909603667242152, 16.97639884943201949, 16.14334354899158441 ) ) ;
#15 = ORIENTED_EDGE ( 'NONE', *, *, #5332, .F. ) ;
#16 = CARTESIAN_POINT ( 'NONE',  ( -56.88521957825269482, 40.25585726271802400, 16.57616807355593025 ) ) ;
#17 = VERTEX_POINT ( 'NONE', #5214 ) ;
#18 = EDGE_CURVE ( 'NONE', #1309, #4142, #4674, .T. ) ;
#19 = CARTESIAN_POINT ( 'NONE',  ( -39.11548339668692620, 37.55585726271564084, 50.80049291288669622 ) ) ;
#20 = EDGE_LOOP ( 'NONE', ( #745, #2947, #2138, #2241 ) ) ;
#21 = FACE_OUTER_BOUND ( 'NONE', #5592, .T. ) ;
#22 = ORIENTED_EDGE ( 'NONE', *, *, #4045, .F. ) ;
#23 = VECTOR ( 'NONE', #2861, 1000.000000000000000 ) ;
#24 = DIRECTION ( 'NONE',  ( 1.000000000000000000, 4.625929269271486111E-15, 4.060502299416422556E-28 ) ) ;
#25 = ORIENTED_EDGE ( 'NONE', *, *, #4559, .T. ) ;
#26 = EDGE_CURVE ( 'NONE', #1934, #671, #956, .T. ) ;
#27 = CARTESIAN_POINT ( 'NONE',  ( -57.22500873453075343, 44.25585726271802400, 23.57616807355593025 ) ) ;
#28 = LINE ( 'NONE', #868, #5048 ) ;
#29 = ORIENTED_EDGE ( 'NONE', *, *, #3289, .T. ) ;
#30 = DIRECTION ( 'NONE',  ( -1.000000000000000000, -4.000000000000001100E-15, -7.346576920631798449E-34 ) ) ;
#31 = AXIS2_PLACEMENT_3D ( 'NONE', #3242, #762, #2934 ) ;
#32 = DIRECTION ( 'NONE',  ( -4.000000000000000311E-15, 1.000000000000000000, 3.000000000000000233E-15 ) ) ;
#33 = CARTESIAN_POINT ( 'NONE',  ( -64.23909603667240731, 8.705857262715667844, 14.62616807355592741 ) ) ;
#34 = ORIENTED_EDGE ( 'NONE', *, *, #2806, .T. ) ;
#35 = FACE_OUTER_BOUND ( 'NONE', #3895, .T. ) ;
#36 = DIRECTION ( 'NONE',  ( 1.000000000000000000, 3.989863994746658684E-15, 0.000000000000000000 ) ) ;
#37 = AXIS2_PLACEMENT_3D ( 'NONE', #4464, #5223, #3134 ) ;
#38 = CARTESIAN_POINT ( 'NONE',  ( -25.55218945652130103, 24.99110907591377284, -12.20933648937039351 ) ) ;
#39 = CARTESIAN_POINT ( 'NONE',  ( -67.36814380232304700, 16.05585726271536373, 34.77616807355595085 ) ) ;
#40 = EDGE_LOOP ( 'NONE', ( #2036, #266, #2741, #2688 ) ) ;
#41 = ORIENTED_EDGE ( 'NONE', *, *, #1279, .T. ) ;
#42 = EDGE_CURVE ( 'NONE', #5416, #4524, #4429, .T. ) ;
#43 = CARTESIAN_POINT ( 'NONE',  ( -53.01869697567206430, 26.05585726271538505, 42.26037859987173562 ) ) ;
#44 = ORIENTED_EDGE ( 'NONE', *, *, #5056, .T. ) ;
#45 = CARTESIAN_POINT ( 'NONE',  ( -67.36814380232304700, 13.05585726271536018, 5.376168073555948723 ) ) ;
#46 = ORIENTED_EDGE ( 'NONE', *, *, #3155, .T. ) ;
#47 = AXIS2_PLACEMENT_3D ( 'NONE', #2582, #2127, #2641 ) ;
#48 = CARTESIAN_POINT ( 'NONE',  ( -59.09934341408797565, 40.87815629279266716, 25.11764669218883128 ) ) ;
#49 = ORIENTED_EDGE ( 'NONE', *, *, #1941, .T. ) ;
#50 = ADVANCED_FACE ( 'NONE', ( #4881 ), #53, .F. ) ;
#51 = CARTESIAN_POINT ( 'NONE',  ( -56.95493637516779728, 40.26806987888097211, 16.83125183687325332 ) ) ;
#52 = VERTEX_POINT ( 'NONE', #2652 ) ;
#53 = CYLINDRICAL_SURFACE ( 'NONE', #4377, 10.00000000000000178 ) ;
#54 = CARTESIAN_POINT ( 'NONE',  ( -21.73909603667274482, 38.15585726271802258, 4.076168073555923144 ) ) ;
#55 = EDGE_CURVE ( 'NONE', #1002, #943, #1317, .T. ) ;
#56 = CC_DESIGN_PERSON_AND_ORGANIZATION_ASSIGNMENT ( #2569, #3446, ( #473 ) ) ;
#57 = CIRCLE ( 'NONE', #4744, 5.999999999999998224 ) ;
#58 = EDGE_LOOP ( 'NONE', ( #437, #2834, #4961, #2525 ) ) ;
#59 = LINE ( 'NONE', #3444, #567 ) ;
#60 = COORDINATED_UNIVERSAL_TIME_OFFSET ( 8, 0, .AHEAD. ) ;
#61 = DIRECTION ( 'NONE',  ( -1.000000000000000000, 0.000000000000000000, -8.673617379885234787E-17 ) ) ;
#62 = PLANE ( 'NONE',  #3612 ) ;
#63 = VERTEX_POINT ( 'NONE', #1796 ) ;
#64 = CARTESIAN_POINT ( 'NONE',  ( -59.41374936383742522, 19.01433927885027586, 7.001207042965469363 ) ) ;
#65 = DIRECTION ( 'NONE',  ( -5.016450281705614662E-47, 1.000000000000000000, 4.337680054926658732E-31 ) ) ;
#66 = AXIS2_PLACEMENT_3D ( 'NONE', #2826, #1132, #684 ) ;
#67 = DIRECTION ( 'NONE',  ( 1.000000000000000000, 4.047688110612546206E-15, -2.602085213965208275E-15 ) ) ;
#68 = DIRECTION ( 'NONE',  ( 4.625929269271486111E-15, -1.000000000000000000, 0.000000000000000000 ) ) ;
#69 = CARTESIAN_POINT ( 'NONE',  ( -46.23909603667237178, -2.444142737284253464, 1.876168073555464444 ) ) ;
#70 = ORIENTED_EDGE ( 'NONE', *, *, #4259, .T. ) ;
#71 = VERTEX_POINT ( 'NONE', #3069 ) ;
#72 = CARTESIAN_POINT ( 'NONE',  ( -71.73909603667240731, 8.705857262715637646, 13.47616807355592528 ) ) ;
#73 = EDGE_LOOP ( 'NONE', ( #3517, #1290 ) ) ;
#74 = CARTESIAN_POINT ( 'NONE',  ( -17.67901623314029536, 24.75109462755024836, -12.18058418173163915 ) ) ;
#75 = EDGE_LOOP ( 'NONE', ( #4639, #2125, #993, #1261 ) ) ;
#76 = CARTESIAN_POINT ( 'NONE',  ( -59.19003933682224528, 39.81392097029078769, 23.49984997431046452 ) ) ;
#77 = EDGE_CURVE ( 'NONE', #815, #1226, #4101, .T. ) ;
#78 = ORIENTED_EDGE ( 'NONE', *, *, #2594, .T. ) ;
#79 = CARTESIAN_POINT ( 'NONE',  ( -57.11075471944081272, 40.51207176388635389, 17.56423464201002815 ) ) ;
#80 = VERTEX_POINT ( 'NONE', #1377 ) ;
#81 = CARTESIAN_POINT ( 'NONE',  ( -57.46652383816245191, 14.29182615223952446, 35.27616807355595085 ) ) ;
#82 = CARTESIAN_POINT ( 'NONE',  ( -36.73909603667234336, -2.444142737284518141, 7.876168073555952276 ) ) ;
#83 = ADVANCED_FACE ( 'NONE', ( #3984 ), #2824, .T. ) ;
#84 = ORIENTED_EDGE ( 'NONE', *, *, #4782, .T. ) ;
#85 = CIRCLE ( 'NONE', #2964, 10.75000000000000000 ) ;
#86 = CARTESIAN_POINT ( 'NONE',  ( -9.989096036672744816, 35.15585726271584832, 21.57616807355592314 ) ) ;
#87 = ADVANCED_FACE ( 'NONE', ( #1406 ), #3207, .T. ) ;
#88 = COORDINATED_UNIVERSAL_TIME_OFFSET ( 8, 0, .AHEAD. ) ;
#89 = DIRECTION ( 'NONE',  ( -4.336808689942017736E-16, 0.000000000000000000, 1.000000000000000000 ) ) ;
#90 = EDGE_LOOP ( 'NONE', ( #773, #2895, #613, #2857, #2670 ) ) ;
#91 = CARTESIAN_POINT ( 'NONE',  ( -74.23909603667240731, 8.705857262715628764, 13.47616807355592528 ) ) ;
#92 = AXIS2_PLACEMENT_3D ( 'NONE', #587, #4041, #165 ) ;
#93 = CARTESIAN_POINT ( 'NONE',  ( -54.08294913439856089, 17.41014340665813265, 35.32969915798749128 ) ) ;
#94 = ADVANCED_FACE ( 'NONE', ( #160 ), #1139, .F. ) ;
#95 = DIRECTION ( 'NONE',  ( -4.000000000000001100E-15, 1.000000000000000000, -9.376883653928825414E-17 ) ) ;
#96 = DIRECTION ( 'NONE',  ( 0.000000000000000000, 0.000000000000000000, 1.000000000000000000 ) ) ;
#97 = CARTESIAN_POINT ( 'NONE',  ( -21.73909603667249257, 30.15585726271579858, 21.57616807355580590 ) ) ;
#98 = ORIENTED_EDGE ( 'NONE', *, *, #392, .T. ) ;
#99 = ORIENTED_EDGE ( 'NONE', *, *, #4917, .F. ) ;
#100 = CARTESIAN_POINT ( 'NONE',  ( -58.99703250811696620, 19.33912927601708986, 36.37134380418886082 ) ) ;
#101 = EDGE_LOOP ( 'NONE', ( #5406, #446, #2937, #1436, #2698, #2434, #3919, #2189, #1376, #1768, #4736, #2111 ) ) ;
#102 = AXIS2_PLACEMENT_3D ( 'NONE', #4171, #5104, #4258 ) ;
#103 = DIRECTION ( 'NONE',  ( 1.000000000000000000, 3.717264591378875951E-15, 0.000000000000000000 ) ) ;
#104 = ORIENTED_EDGE ( 'NONE', *, *, #3959, .F. ) ;
#105 = CARTESIAN_POINT ( 'NONE',  ( -71.23909603667242152, 13.05585726271534419, 34.77616807355595085 ) ) ;
#106 = LINE ( 'NONE', #4403, #3035 ) ;
#107 = VECTOR ( 'NONE', #704, 1000.000000000000000 ) ;
#108 = CARTESIAN_POINT ( 'NONE',  ( -50.85518025116233076, 7.555857262715639955, 31.29159164164176232 ) ) ;
#109 = VERTEX_POINT ( 'NONE', #188 ) ;
#110 = FACE_OUTER_BOUND ( 'NONE', #4873, .T. ) ;
#111 = AXIS2_PLACEMENT_3D ( 'NONE', #1372, #3006, #4767 ) ;
#112 = ORIENTED_EDGE ( 'NONE', *, *, #1861, .T. ) ;
#113 = B_SPLINE_CURVE_WITH_KNOTS ( 'NONE', 3,
 ( #1127, #3334, #5090, #1947, #2882, #4612, #1640, #2400 ),
 .UNSPECIFIED., .F., .F.,
 ( 4, 2, 2, 4 ),
 ( 0.0002219395600809460759, 0.001301235878199275865, 0.001840884037258450762, 0.002380532196317625658 ),
 .UNSPECIFIED. ) ;
#114 = EDGE_CURVE ( 'NONE', #1686, #151, #3374, .T. ) ;
#115 = AXIS2_PLACEMENT_3D ( 'NONE', #4393, #4468, #3999 ) ;
#116 = DIRECTION ( 'NONE',  ( 1.000000000000000000, 4.027036640660449210E-15, 0.000000000000000000 ) ) ;
#117 = ORIENTED_EDGE ( 'NONE', *, *, #3211, .F. ) ;
#118 = APPLICATION_CONTEXT ( 'configuration controlled 3d designs of mechanical parts and assemblies' ) ;
#119 = CARTESIAN_POINT ( 'NONE',  ( -55.58553736788168464, 20.59461957289518708, 3.549472138764102169 ) ) ;
#120 = ADVANCED_FACE ( 'NONE', ( #610 ), #5432, .F. ) ;
#121 = CARTESIAN_POINT ( 'NONE',  ( -36.56013231433175292, 7.555857262715801603, -3.350461936461775370 ) ) ;
#122 = CARTESIAN_POINT ( 'NONE',  ( -65.72185163560946819, 16.01643449964442212, 5.376168073555948723 ) ) ;
#123 = CARTESIAN_POINT ( 'NONE',  ( 5.435504178569402711, 37.35585726271801832, 23.52876338647399734 ) ) ;
#124 = DIRECTION ( 'NONE',  ( 4.000000000000000311E-15, -1.000000000000000000, -2.999999999999999839E-15 ) ) ;
#125 = ORIENTED_EDGE ( 'NONE', *, *, #3440, .F. ) ;
#126 = ORIENTED_EDGE ( 'NONE', *, *, #529, .T. ) ;
#127 = FACE_OUTER_BOUND ( 'NONE', #2506, .T. ) ;
#128 = EDGE_CURVE ( 'NONE', #1819, #525, #2860, .T. ) ;
#129 = CARTESIAN_POINT ( 'NONE',  ( -17.75348503250965138, 24.64018492964470752, -12.18954713606628637 ) ) ;
#130 = DIRECTION ( 'NONE',  ( 0.000000000000000000, 0.000000000000000000, 1.000000000000000000 ) ) ;
#131 = CARTESIAN_POINT ( 'NONE',  ( -46.23909603667241441, 7.555857262715627520, 41.27616807355597928 ) ) ;
#132 = LINE ( 'NONE', #5293, #3283 ) ;
#133 = ORIENTED_EDGE ( 'NONE', *, *, #460, .F. ) ;
#134 = AXIS2_PLACEMENT_3D ( 'NONE', #4653, #1587, #5098 ) ;
#135 = ORIENTED_EDGE ( 'NONE', *, *, #946, .F. ) ;
#136 = DIRECTION ( 'NONE',  ( -1.000000000000000000, 0.000000000000000000, -4.336808689942017736E-16 ) ) ;
#137 = VECTOR ( 'NONE', #878, 1000.000000000000000 ) ;
#138 = ORIENTED_EDGE ( 'NONE', *, *, #4672, .T. ) ;
#139 = CARTESIAN_POINT ( 'NONE',  ( -71.20168312619392736, 12.27194447320188786, 13.67324073521928618 ) ) ;
#140 = CARTESIAN_POINT ( 'NONE',  ( -59.11890341980409147, 45.25585726271802400, 18.57616807355592670 ) ) ;
#141 = EDGE_CURVE ( 'NONE', #2020, #3570, #5089, .T. ) ;
#142 = CYLINDRICAL_SURFACE ( 'NONE', #1207, 3.000000000000002665 ) ;
#143 = CARTESIAN_POINT ( 'NONE',  ( 5.435504178569402711, -108.5101599152663425, 21.42876338647399592 ) ) ;
#144 = FACE_OUTER_BOUND ( 'NONE', #706, .T. ) ;
#145 = LINE ( 'NONE', #3137, #2360 ) ;
#146 = EDGE_CURVE ( 'NONE', #2187, #3569, #3290, .T. ) ;
#147 = LINE ( 'NONE', #3944, #416 ) ;
#148 = ORIENTED_EDGE ( 'NONE', *, *, #4290, .T. ) ;
#149 = AXIS2_PLACEMENT_3D ( 'NONE', #173, #1888, #3624 ) ;
#150 = DIRECTION ( 'NONE',  ( 0.000000000000000000, 1.000000000000000000, 0.000000000000000000 ) ) ;
#151 = VERTEX_POINT ( 'NONE', #4592 ) ;
#152 = CARTESIAN_POINT ( 'NONE',  ( -18.55218945652130458, 25.25585726271803111, -29.62383192644405128 ) ) ;
#153 = AXIS2_PLACEMENT_3D ( 'NONE', #2023, #3383, #1264 ) ;
#154 = CARTESIAN_POINT ( 'NONE',  ( -25.55218945652130458, 32.25585726271803821, -11.74398061814017957 ) ) ;
#155 = EDGE_CURVE ( 'NONE', #1418, #5497, #785, .T. ) ;
#156 = LINE ( 'NONE', #4452, #1860 ) ;
#157 = EDGE_CURVE ( 'NONE', #5448, #3170, #1056, .T. ) ;
#158 = DIRECTION ( 'NONE',  ( -4.000000000000001100E-15, 1.000000000000000000, -1.070816960479510500E-16 ) ) ;
#159 = ORIENTED_EDGE ( 'NONE', *, *, #2785, .T. ) ;
#160 = FACE_OUTER_BOUND ( 'NONE', #5212, .T. ) ;
#161 = CARTESIAN_POINT ( 'NONE',  ( -1.526422912400996035, 35.15585726271586253, 27.41663033463468935 ) ) ;
#162 = ADVANCED_FACE ( 'NONE', ( #1536 ), #3688, .T. ) ;
#163 = DIRECTION ( 'NONE',  ( -1.000000000000000000, 0.000000000000000000, -4.336808689942017736E-16 ) ) ;
#164 = VERTEX_POINT ( 'NONE', #2775 ) ;
#165 = DIRECTION ( 'NONE',  ( 1.000000000000000000, 3.469446951953611033E-15, 0.000000000000000000 ) ) ;
#166 = CARTESIAN_POINT ( 'NONE',  ( -18.55218945652130458, 32.25585726271803111, -29.62383192644405128 ) ) ;
#167 = VERTEX_POINT ( 'NONE', #5320 ) ;
#168 = LINE ( 'NONE', #2733, #1015 ) ;
#169 = AXIS2_PLACEMENT_3D ( 'NONE', #4081, #1471, #3200 ) ;
#170 = FACE_OUTER_BOUND ( 'NONE', #20, .T. ) ;
#171 = DIRECTION ( 'NONE',  ( -0.000000000000000000, -1.000000000000000000, -0.000000000000000000 ) ) ;
#172 = ORIENTED_EDGE ( 'NONE', *, *, #1211, .F. ) ;
#173 = CARTESIAN_POINT ( 'NONE',  ( -21.73909603667274837, 33.25585726271803111, 21.57616807355592670 ) ) ;
#174 = AXIS2_PLACEMENT_3D ( 'NONE', #4409, #3957, #3903 ) ;
#175 = VERTEX_POINT ( 'NONE', #3663 ) ;
#176 = ORIENTED_EDGE ( 'NONE', *, *, #3597, .T. ) ;
#177 = CARTESIAN_POINT ( 'NONE',  ( -61.35992389273854997, -2.444142737284613176, 37.77616807355595085 ) ) ;
#178 = ORIENTED_EDGE ( 'NONE', *, *, #2821, .F. ) ;
#179 = EDGE_CURVE ( 'NONE', #2448, #2279, #1512, .T. ) ;
#180 = CIRCLE ( 'NONE', #4065, 1.049999999999999822 ) ;
#181 = FACE_OUTER_BOUND ( 'NONE', #5109, .T. ) ;
#182 = LINE ( 'NONE', #2273, #4354 ) ;
#183 = DIRECTION ( 'NONE',  ( -0.000000000000000000, 1.000000000000000000, -0.000000000000000000 ) ) ;
#184 = DIRECTION ( 'NONE',  ( 0.000000000000000000, 0.000000000000000000, 1.000000000000000000 ) ) ;
#185 = CIRCLE ( 'NONE', #4792, 37.50000000000000711 ) ;
#186 = VERTEX_POINT ( 'NONE', #4114 ) ;
#187 = ADVANCED_FACE ( 'NONE', ( #240 ), #1956, .F. ) ;
#188 = CARTESIAN_POINT ( 'NONE',  ( -71.73909603667240731, 9.705857262715639422, 17.77616807355592599 ) ) ;
#189 = AXIS2_PLACEMENT_3D ( 'NONE', #315, #682, #4159 ) ;
#190 = DIRECTION ( 'NONE',  ( 8.673617379885238485E-17, 0.000000000000000000, -1.000000000000000000 ) ) ;
#191 = VECTOR ( 'NONE', #3977, 1000.000000000000000 ) ;
#192 = FACE_OUTER_BOUND ( 'NONE', #4001, .T. ) ;
#193 = AXIS2_PLACEMENT_3D ( 'NONE', #4042, #2814, #1993 ) ;
#194 = VERTEX_POINT ( 'NONE', #3432 ) ;
#195 = ADVANCED_FACE ( 'NONE', ( #4654 ), #1675, .T. ) ;
#196 = DIRECTION ( 'NONE',  ( 4.081668171172129226E-15, -1.000000000000000000, -3.234723475976774670E-15 ) ) ;
#197 = CARTESIAN_POINT ( 'NONE',  ( -51.11890341980409147, 45.25585726271802400, 24.57616807355592670 ) ) ;
#198 = VECTOR ( 'NONE', #5476, 1000.000000000000000 ) ;
#199 = DIRECTION ( 'NONE',  ( 4.000000000000000311E-15, -1.000000000000000000, -2.999999999999999444E-15 ) ) ;
#200 = CARTESIAN_POINT ( 'NONE',  ( -57.09231935249065515, 40.45657799450697922, 17.45917530101515069 ) ) ;
#201 = CARTESIAN_POINT ( 'NONE',  ( -18.55218945652130458, 24.25585726271803111, -12.27414398481953306 ) ) ;
#202 = EDGE_LOOP ( 'NONE', ( #4923, #1353, #3098, #2642 ) ) ;
#203 = ORIENTED_EDGE ( 'NONE', *, *, #55, .F. ) ;
#204 = EDGE_LOOP ( 'NONE', ( #4562, #1126, #4659, #5438 ) ) ;
#205 = DIRECTION ( 'NONE',  ( 4.000000000000000311E-15, -1.000000000000000000, -2.999999999999999839E-15 ) ) ;
#206 = ORIENTED_EDGE ( 'NONE', *, *, #5510, .T. ) ;
#207 = FACE_OUTER_BOUND ( 'NONE', #5231, .T. ) ;
#208 = VECTOR ( 'NONE', #2480, 1000.000000000000000 ) ;
#209 = CARTESIAN_POINT ( 'NONE',  ( -25.19107032966928372, 33.03604376125281306, -11.33208141860834850 ) ) ;
#210 = DIRECTION ( 'NONE',  ( 1.156482317317991533E-16, 4.012354050807158539E-31, -1.000000000000000000 ) ) ;
#211 = EDGE_CURVE ( 'NONE', #2444, #5459, #3392, .T. ) ;
#212 = LINE ( 'NONE', #1081, #5095 ) ;
#213 = VERTEX_POINT ( 'NONE', #1677 ) ;
#214 = DIRECTION ( 'NONE',  ( -1.000000000000000000, -4.081668171172129226E-15, -1.639358707268521670E-32 ) ) ;
#215 = LINE ( 'NONE', #5375, #3066 ) ;
#216 = AXIS2_PLACEMENT_3D ( 'NONE', #3394, #514, #3085 ) ;
#217 = DIRECTION ( 'NONE',  ( -1.000000000000000000, -4.500904153885843101E-15, -4.126820607811806092E-29 ) ) ;
#218 = ADVANCED_FACE ( 'NONE', ( #4254 ), #1939, .F. ) ;
#219 = VERTEX_POINT ( 'NONE', #3735 ) ;
#220 = CARTESIAN_POINT ( 'NONE',  ( -64.78388963917821286, 13.28453033170131370, 5.376168073555949611 ) ) ;
#221 = PLANE ( 'NONE',  #193 ) ;
#222 = ADVANCED_FACE ( 'NONE', ( #4975 ), #5420, .F. ) ;
#223 = EDGE_CURVE ( 'NONE', #4470, #3865, #2017, .T. ) ;
#224 = CARTESIAN_POINT ( 'NONE',  ( -21.73909603667274837, -108.5101599152663425, 21.57616807355592670 ) ) ;
#225 = LOCAL_TIME ( 14, 8, 25.00000000000000000, #2173 ) ;
#226 = CARTESIAN_POINT ( 'NONE',  ( -56.92250131694319748, 40.25585726271802400, 16.70719893405073364 ) ) ;
#227 = CARTESIAN_POINT ( 'NONE',  ( -58.20970882135597435, 17.03611505917360347, 4.869714991231942847 ) ) ;
#228 = ORIENTED_EDGE ( 'NONE', *, *, #1246, .T. ) ;
#229 = EDGE_LOOP ( 'NONE', ( #5547, #1879, #3828, #859 ) ) ;
#230 = CARTESIAN_POINT ( 'NONE',  ( -57.22500873453075343, 45.25585726271803821, 18.57616807355592670 ) ) ;
#231 = PLANE ( 'NONE',  #894 ) ;
#232 = DIRECTION ( 'NONE',  ( -1.000000000000000000, -4.000000000000001100E-15, -8.673617379885238485E-17 ) ) ;
#233 = DIRECTION ( 'NONE',  ( 0.000000000000000000, 9.376883653928778575E-17, 1.000000000000000000 ) ) ;
#234 = DIRECTION ( 'NONE',  ( -1.000000000000000000, -3.469446951953611033E-15, 0.000000000000000000 ) ) ;
#235 = ORIENTED_EDGE ( 'NONE', *, *, #4335, .T. ) ;
#236 = CARTESIAN_POINT ( 'NONE',  ( -21.73909603667274837, 39.25585726271802400, 21.57616807355592670 ) ) ;
#237 = EDGE_LOOP ( 'NONE', ( #5047, #3716 ) ) ;
#238 = TOROIDAL_SURFACE ( 'NONE', #5373, 40.24264068711939046, 3.000000000000000000 ) ;
#239 = EDGE_CURVE ( 'NONE', #2887, #5266, #306, .T. ) ;
#240 = FACE_OUTER_BOUND ( 'NONE', #5275, .T. ) ;
#241 = LINE ( 'NONE', #2358, #5313 ) ;
#242 = CARTESIAN_POINT ( 'NONE',  ( -60.28841833757131496, 15.10458466064731020, 37.82156090076187382 ) ) ;
#243 = DIRECTION ( 'NONE',  ( -4.000000000000001100E-15, 1.000000000000000000, -1.070816960479510377E-16 ) ) ;
#244 = ORIENTED_EDGE ( 'NONE', *, *, #1005, .T. ) ;
#245 = EDGE_CURVE ( 'NONE', #1565, #4078, #5511, .T. ) ;
#246 = CARTESIAN_POINT ( 'NONE',  ( -74.23909603667240731, 9.705857262715626987, 14.62616807355592563 ) ) ;
#247 = CARTESIAN_POINT ( 'NONE',  ( -71.73909603667239310, 7.455857262715637646, 14.62616807355592741 ) ) ;
#248 = ORIENTED_EDGE ( 'NONE', *, *, #2938, .F. ) ;
#249 = B_SPLINE_CURVE_WITH_KNOTS ( 'NONE', 3,
 ( #5354, #2755, #3642, #1487, #3613, #672, #2780, #139, #644, #1461 ),
 .UNSPECIFIED., .F., .F.,
 ( 4, 2, 2, 2, 4 ),
 ( 0.000000000000000000, 0.0004594603482298016250, 0.0009189206964596032499, 0.001378381044689404875, 0.001837841392919206500 ),
 .UNSPECIFIED. ) ;
#250 = CARTESIAN_POINT ( 'NONE',  ( -64.73909603667242152, 16.81984108333024963, 13.97616807355594482 ) ) ;
#251 = EDGE_CURVE ( 'NONE', #80, #815, #3277, .T. ) ;
#252 = CARTESIAN_POINT ( 'NONE',  ( -57.22241045559768935, 41.72803586185301583, 18.52283604610187950 ) ) ;
#253 = CARTESIAN_POINT ( 'NONE',  ( -65.73909603667242152, 16.74516756724688094, 12.97616807355595014 ) ) ;
#254 = ORIENTED_EDGE ( 'NONE', *, *, #278, .T. ) ;
#255 = ORIENTED_EDGE ( 'NONE', *, *, #4124, .F. ) ;
#256 = DIRECTION ( 'NONE',  ( 4.625929269271486900E-15, -1.000000000000000000, 0.000000000000000000 ) ) ;
#257 = CARTESIAN_POINT ( 'NONE',  ( -66.92869064835014115, 9.705857262715657185, 16.77616807355592599 ) ) ;
#258 = CIRCLE ( 'NONE', #1880, 10.75000000000000178 ) ;
#259 = EDGE_CURVE ( 'NONE', #1002, #1446, #1157, .T. ) ;
#260 = CARTESIAN_POINT ( 'NONE',  ( -64.23909603667240731, 10.95585726271566607, 14.62616807355592741 ) ) ;
#261 = LINE ( 'NONE', #4980, #3445 ) ;
#262 = CARTESIAN_POINT ( 'NONE',  ( -74.23909603667239310, 8.705857262715630540, 17.77616807355592599 ) ) ;
#263 = EDGE_LOOP ( 'NONE', ( #3556, #1785, #1189, #2230 ) ) ;
#264 = CARTESIAN_POINT ( 'NONE',  ( -1.602362769591290981, 40.25585726271802400, 12.36683629550358177 ) ) ;
#265 = AXIS2_PLACEMENT_3D ( 'NONE', #2171, #3476, #30 ) ;
#266 = ORIENTED_EDGE ( 'NONE', *, *, #1999, .T. ) ;
#267 = DIRECTION ( 'NONE',  ( -4.000000000000001100E-15, 1.000000000000000000, 0.000000000000000000 ) ) ;
#268 = DIRECTION ( 'NONE',  ( 0.000000000000000000, 1.000000000000000000, 0.000000000000000000 ) ) ;
#269 = ORIENTED_EDGE ( 'NONE', *, *, #4032, .F. ) ;
#270 = CARTESIAN_POINT ( 'NONE',  ( -24.55218945652130813, 24.25585726271801690, -15.81816980547604778 ) ) ;
#271 = DIRECTION ( 'NONE',  ( -4.000000000000001100E-15, 1.000000000000000000, -2.882492143453086901E-32 ) ) ;
#272 = ORIENTED_EDGE ( 'NONE', *, *, #4302, .F. ) ;
#273 = CIRCLE ( 'NONE', #102, 1.000000000000000888 ) ;
#274 = CARTESIAN_POINT ( 'NONE',  ( -18.42030370026742858, 24.25585726271803111, -15.77691931983382645 ) ) ;
#275 = DIRECTION ( 'NONE',  ( -1.000000000000000000, -4.000000000000001100E-15, -1.156482317317991533E-16 ) ) ;
#276 = ORIENTED_EDGE ( 'NONE', *, *, #812, .T. ) ;
#277 = TOROIDAL_SURFACE ( 'NONE', #3166, 11.75000000000000000, 1.000000000000000000 ) ;
#278 = EDGE_CURVE ( 'NONE', #536, #3515, #113, .T. ) ;
#279 = CYLINDRICAL_SURFACE ( 'NONE', #1199, 10.75000000000000178 ) ;
#280 = CARTESIAN_POINT ( 'NONE',  ( -59.08405024308690656, 38.65729872552026336, 18.15998616011764000 ) ) ;
#281 = CARTESIAN_POINT ( 'NONE',  ( -71.23909603667242152, 13.05585726271534242, 34.77616807355595085 ) ) ;
#282 = ORIENTED_EDGE ( 'NONE', *, *, #2481, .T. ) ;
#283 = EDGE_CURVE ( 'NONE', #4234, #4173, #5478, .T. ) ;
#284 = TOROIDAL_SURFACE ( 'NONE', #1904, 35.50000000000000711, 2.000000000000000000 ) ;
#285 = CARTESIAN_POINT ( 'NONE',  ( -74.23909603667240731, 9.705857262715626987, 21.02616807355592599 ) ) ;
#286 = DIRECTION ( 'NONE',  ( 0.000000000000000000, 0.000000000000000000, 1.000000000000000000 ) ) ;
#287 = DIRECTION ( 'NONE',  ( 0.000000000000000000, 0.000000000000000000, 1.000000000000000000 ) ) ;
#288 = DIRECTION ( 'NONE',  ( -4.000000000000001100E-15, 1.000000000000000000, -6.331107576557691484E-17 ) ) ;
#289 = ORIENTED_EDGE ( 'NONE', *, *, #3458, .T. ) ;
#290 = EDGE_CURVE ( 'NONE', #1429, #1045, #2455, .T. ) ;
#291 = ORIENTED_EDGE ( 'NONE', *, *, #1594, .F. ) ;
#292 = DIRECTION ( 'NONE',  ( -8.673617379885236020E-17, -4.012354050807296917E-31, 1.000000000000000000 ) ) ;
#293 = EDGE_LOOP ( 'NONE', ( #4111, #799, #2161, #4178, #2721, #2819, #3206, #3400, #5042, #4652, #2131, #5491, #1969, #1895, #5578, #969 ) ) ;
#294 = CIRCLE ( 'NONE', #3455, 17.50000000000000000 ) ;
#295 = CARTESIAN_POINT ( 'NONE',  ( -57.84040630881550271, 19.61707950186828242, 38.35255700582634120 ) ) ;
#296 = DIRECTION ( 'NONE',  ( 0.000000000000000000, 9.251858538542969116E-17, 1.000000000000000000 ) ) ;
#297 = ORIENTED_EDGE ( 'NONE', *, *, #4824, .T. ) ;
#298 = FACE_OUTER_BOUND ( 'NONE', #2077, .T. ) ;
#299 = CARTESIAN_POINT ( 'NONE',  ( -61.98173672379198251, 13.55585726271538505, 21.57616807355577748 ) ) ;
#300 = ORIENTED_EDGE ( 'NONE', *, *, #1531, .T. ) ;
#301 = ORIENTED_EDGE ( 'NONE', *, *, #2074, .T. ) ;
#302 = DIRECTION ( 'NONE',  ( -4.336808689942021680E-16, 0.000000000000000000, -1.000000000000000000 ) ) ;
#303 = DIRECTION ( 'NONE',  ( 0.000000000000000000, 0.000000000000000000, 1.000000000000000000 ) ) ;
#304 = ORIENTED_EDGE ( 'NONE', *, *, #2222, .T. ) ;
#305 = CARTESIAN_POINT ( 'NONE',  ( -57.31359624027776078, 14.43453691915571468, 7.876168073555952276 ) ) ;
#306 = CIRCLE ( 'NONE', #3472, 3.000000000000002665 ) ;
#307 = VECTOR ( 'NONE', #1700, 1000.000000000000000 ) ;
#308 = EDGE_CURVE ( 'NONE', #1597, #3526, #3363, .T. ) ;
#309 = CARTESIAN_POINT ( 'NONE',  ( -59.22421508370585741, 42.25585726271803111, 20.51983004538691091 ) ) ;
#310 = CARTESIAN_POINT ( 'NONE',  ( -56.47808156347572606, 19.21144675860396234, 4.112274707377803651 ) ) ;
#311 = ORIENTED_EDGE ( 'NONE', *, *, #1941, .F. ) ;
#312 = DIRECTION ( 'NONE',  ( -0.02816901408450595695, 1.954618001100577530E-16, -0.9996031745875495478 ) ) ;
#313 = CARTESIAN_POINT ( 'NONE',  ( -74.23909603667239310, 6.955857262715604783, 12.97616807355592528 ) ) ;
#314 = EDGE_CURVE ( 'NONE', #601, #5074, #2372, .T. ) ;
#315 = CARTESIAN_POINT ( 'NONE',  ( -21.73909603667274837, 24.25585726271802045, 21.57616807355592670 ) ) ;
#316 = DIRECTION ( 'NONE',  ( -1.000000000000000000, -4.047688110612546206E-15, 3.469446951953611033E-15 ) ) ;
#317 = FACE_OUTER_BOUND ( 'NONE', #3773, .T. ) ;
#318 = VERTEX_POINT ( 'NONE', #1102 ) ;
#319 = LOCAL_TIME ( 14, 8, 25.00000000000000000, #88 ) ;
#320 = EDGE_LOOP ( 'NONE', ( #3139, #2599, #3042, #806 ) ) ;
#321 = LINE ( 'NONE', #1252, #2564 ) ;
#322 = ORIENTED_EDGE ( 'NONE', *, *, #2983, .F. ) ;
#323 = EDGE_CURVE ( 'NONE', #4610, #5294, #4185, .T. ) ;
#324 = CARTESIAN_POINT ( 'NONE',  ( -62.01927244514544668, 16.91806016276098035, 37.72045299717451883 ) ) ;
#325 = DIRECTION ( 'NONE',  ( -4.000000000000000311E-15, 1.000000000000000000, 2.999999999999999839E-15 ) ) ;
#326 = ORIENTED_EDGE ( 'NONE', *, *, #2429, .F. ) ;
#327 = LINE ( 'NONE', #2104, #2075 ) ;
#328 = FACE_BOUND ( 'NONE', #1109, .T. ) ;
#329 = AXIS2_PLACEMENT_3D ( 'NONE', #4647, #4981, #2006 ) ;
#330 = ORIENTED_EDGE ( 'NONE', *, *, #3474, .F. ) ;
#331 = ORIENTED_EDGE ( 'NONE', *, *, #4537, .T. ) ;
#332 = EDGE_CURVE ( 'NONE', #2283, #2361, #426, .T. ) ;
#333 = CARTESIAN_POINT ( 'NONE',  ( -17.55218945652130458, 31.40351939553853811, -12.00906261419367205 ) ) ;
#334 = CARTESIAN_POINT ( 'NONE',  ( -71.73909603667240731, 8.705857262715637646, -2.960543799099298016E-27 ) ) ;
#335 = CIRCLE ( 'NONE', #2134, 5.999999999999998224 ) ;
#336 = ORIENTED_EDGE ( 'NONE', *, *, #5091, .T. ) ;
#337 = CARTESIAN_POINT ( 'NONE',  ( -56.46299606763781043, 15.22830995067870674, 7.876168073555952276 ) ) ;
#338 = CARTESIAN_POINT ( 'NONE',  ( -66.92869064835014115, 9.705857262715657185, 15.62616807355592385 ) ) ;
#339 = FACE_OUTER_BOUND ( 'NONE', #2045, .T. ) ;
#340 = ORIENTED_EDGE ( 'NONE', *, *, #4747, .F. ) ;
#341 = CARTESIAN_POINT ( 'NONE',  ( -70.23909603667243573, 16.05585726271534597, 21.47616807355595014 ) ) ;
#342 = CARTESIAN_POINT ( 'NONE',  ( -46.23909603667241441, 7.555857262715627520, 41.27616807355597928 ) ) ;
#343 = CARTESIAN_POINT ( 'NONE',  ( -64.73909603667242152, 16.81984108333024963, 13.97616807355594482 ) ) ;
#344 = CARTESIAN_POINT ( 'NONE',  ( -61.35992389273854997, 14.39080930250185553, 34.77616807355595085 ) ) ;
#345 = CARTESIAN_POINT ( 'NONE',  ( -21.73909603667274837, 38.15585726271802258, 21.57616807355592670 ) ) ;
#346 = EDGE_LOOP ( 'NONE', ( #311, #3501, #3468, #1175 ) ) ;
#347 = EDGE_LOOP ( 'NONE', ( #3706, #4552, #3317, #4761 ) ) ;
#348 = ADVANCED_FACE ( 'NONE', ( #1972 ), #2427, .T. ) ;
#349 = CARTESIAN_POINT ( 'NONE',  ( -1.526422912400996257, 40.25585726271802400, 30.56663033463468793 ) ) ;
#350 = DIRECTION ( 'NONE',  ( 4.000000000000000311E-15, -1.000000000000000000, -2.999999999999999839E-15 ) ) ;
#351 = CARTESIAN_POINT ( 'NONE',  ( -53.88639979442582018, 23.83704751945778710, 41.09030873402681294 ) ) ;
#352 = DIRECTION ( 'NONE',  ( -4.081668171172129226E-15, 1.000000000000000000, 3.234723475976774670E-15 ) ) ;
#353 = VERTEX_POINT ( 'NONE', #285 ) ;
#354 = CARTESIAN_POINT ( 'NONE',  ( -25.52608807659261814, 24.99371146692282508, -15.73215865325669505 ) ) ;
#355 = EDGE_CURVE ( 'NONE', #1099, #4048, #4856, .T. ) ;
#356 = CARTESIAN_POINT ( 'NONE',  ( -74.23909603667242152, 13.05585726271532998, 8.376168073555946947 ) ) ;
#357 = EDGE_LOOP ( 'NONE', ( #3578, #1787, #2550, #1679 ) ) ;
#358 = VECTOR ( 'NONE', #4934, 1000.000000000000000 ) ;
#359 = CARTESIAN_POINT ( 'NONE',  ( -71.73909603667240731, 8.705857262715637646, 16.77616807355592599 ) ) ;
#360 = CARTESIAN_POINT ( 'NONE',  ( -44.83909603667237320, -2.444142737284250799, 2.876168073555652072 ) ) ;
#361 = VERTEX_POINT ( 'NONE', #1191 ) ;
#362 = EDGE_CURVE ( 'NONE', #2319, #2103, #5571, .T. ) ;
#363 = DIRECTION ( 'NONE',  ( -1.000000000000000000, -4.000000000000001100E-15, -8.673617379885238485E-17 ) ) ;
#364 = DIRECTION ( 'NONE',  ( -1.000000000000000000, -4.000000000000001100E-15, -8.673617379885238485E-17 ) ) ;
#365 = CIRCLE ( 'NONE', #4885, 1.399999999999998579 ) ;
#366 = DIRECTION ( 'NONE',  ( 0.000000000000000000, 1.000000000000000000, 0.000000000000000000 ) ) ;
#367 = EDGE_LOOP ( 'NONE', ( #3340, #2021, #99, #4127, #2326, #2629, #866, #3666, #3103, #29, #3037 ) ) ;
#368 = VECTOR ( 'NONE', #2949, 1000.000000000000000 ) ;
#369 = CARTESIAN_POINT ( 'NONE',  ( -40.95966127903201226, -2.444142737284359157, 44.12705716992901017 ) ) ;
#370 = DIRECTION ( 'NONE',  ( 4.000000000000000311E-15, -1.000000000000000000, -2.999999999999999839E-15 ) ) ;
#371 = CIRCLE ( 'NONE', #5064, 1.049999999999999822 ) ;
#372 = LINE ( 'NONE', #2489, #1000 ) ;
#373 = DIRECTION ( 'NONE',  ( 0.000000000000000000, 1.000000000000000000, 0.000000000000000000 ) ) ;
#374 = AXIS2_PLACEMENT_3D ( 'NONE', #4851, #1449, #4532 ) ;
#375 = CARTESIAN_POINT ( 'NONE',  ( -74.23909603667240731, 9.705857262715628764, 17.77616807355592599 ) ) ;
#376 = ORIENTED_EDGE ( 'NONE', *, *, #3936, .T. ) ;
#377 = EDGE_LOOP ( 'NONE', ( #3939, #4862, #3900, #2198 ) ) ;
#378 = CARTESIAN_POINT ( 'NONE',  ( -52.11890341980409858, 44.25585726271802400, 21.57616807355582722 ) ) ;
#379 = CARTESIAN_POINT ( 'NONE',  ( -58.93862719804719319, 38.28002176656656985, 26.32128428593381031 ) ) ;
#380 = CARTESIAN_POINT ( 'NONE',  ( -1.526422912400996035, 37.35585726271801832, 26.36663033463468508 ) ) ;
#381 = EDGE_CURVE ( 'NONE', #3570, #462, #3132, .T. ) ;
#382 = ORIENTED_EDGE ( 'NONE', *, *, #4053, .T. ) ;
#383 = CARTESIAN_POINT ( 'NONE',  ( -25.55218945652130813, 25.12354934075245438, -15.72946579817325130 ) ) ;
#384 = CARTESIAN_POINT ( 'NONE',  ( -57.22500873453075343, 44.25585726271803821, 22.57616807355592670 ) ) ;
#385 = ORIENTED_EDGE ( 'NONE', *, *, #2121, .T. ) ;
#386 = CARTESIAN_POINT ( 'NONE',  ( -74.23909603667240731, 9.705857262715626987, 16.77616807355592599 ) ) ;
#387 = EDGE_CURVE ( 'NONE', #4421, #3288, #2512, .T. ) ;
#388 = FACE_BOUND ( 'NONE', #3806, .T. ) ;
#389 = AXIS2_PLACEMENT_3D ( 'NONE', #5503, #5025, #2874 ) ;
#390 = ORIENTED_EDGE ( 'NONE', *, *, #2503, .F. ) ;
#391 = DIRECTION ( 'NONE',  ( -1.000000000000000000, -4.008913940816022941E-15, 0.000000000000000000 ) ) ;
#392 = EDGE_CURVE ( 'NONE', #5459, #1588, #3024, .T. ) ;
#393 = CALENDAR_DATE ( 2026, 11, 6 ) ;
#394 = FACE_OUTER_BOUND ( 'NONE', #479, .T. ) ;
#395 = CARTESIAN_POINT ( 'NONE',  ( -21.73909603667274837, 36.15585726271579148, 21.57616807355592670 ) ) ;
#396 = AXIS2_PLACEMENT_3D ( 'NONE', #4769, #4349, #475 ) ;
#397 = CARTESIAN_POINT ( 'NONE',  ( -36.56013231433174582, 7.555857262715650613, 46.50279808357326061 ) ) ;
#398 = AXIS2_PLACEMENT_3D ( 'NONE', #1873, #3577, #1902 ) ;
#399 = EDGE_CURVE ( 'NONE', #17, #5023, #792, .T. ) ;
#400 = DIRECTION ( 'NONE',  ( -1.000000000000000000, -4.000000000000001100E-15, 0.000000000000000000 ) ) ;
#401 = DIRECTION ( 'NONE',  ( -4.000000000000000311E-15, 1.000000000000000000, 2.999999999999999839E-15 ) ) ;
#402 = CARTESIAN_POINT ( 'NONE',  ( -64.73909603667242152, 17.09070943735378023, 18.31133667619381455 ) ) ;
#403 = VERTEX_POINT ( 'NONE', #2147 ) ;
#404 = VERTEX_POINT ( 'NONE', #2118 ) ;
#405 = CARTESIAN_POINT ( 'NONE',  ( -21.73909603667244639, 18.55585726271564084, 21.57616807355577393 ) ) ;
#406 = CARTESIAN_POINT ( 'NONE',  ( -74.23909603667240731, 9.705857262715626987, 13.47616807355592528 ) ) ;
#407 = CARTESIAN_POINT ( 'NONE',  ( -60.62072668872612979, 17.60381089518774189, 37.71973643816800603 ) ) ;
#408 = CARTESIAN_POINT ( 'NONE',  ( -57.11281390572343497, 40.51890344348502282, 25.57602405153676628 ) ) ;
#409 = ORIENTED_EDGE ( 'NONE', *, *, #399, .F. ) ;
#410 = CARTESIAN_POINT ( 'NONE',  ( -58.86528287636987500, 38.25585726271803111, 26.85785821440099497 ) ) ;
#411 = LINE ( 'NONE', #781, #3733 ) ;
#412 = VERTEX_POINT ( 'NONE', #369 ) ;
#413 = PLANE ( 'NONE',  #2062 ) ;
#414 = DIRECTION ( 'NONE',  ( 4.500904153885843101E-15, -1.000000000000000000, 0.000000000000000000 ) ) ;
#415 = VERTEX_POINT ( 'NONE', #3913 ) ;
#416 = VECTOR ( 'NONE', #595, 1000.000000000000000 ) ;
#417 = EDGE_CURVE ( 'NONE', #151, #2302, #5449, .T. ) ;
#418 = DIRECTION ( 'NONE',  ( 4.500904153885843101E-15, -1.000000000000000000, 0.000000000000000000 ) ) ;
#419 = AXIS2_PLACEMENT_3D ( 'NONE', #2987, #3814, #2562 ) ;
#420 = DIRECTION ( 'NONE',  ( 1.224646799147473262E-16, -2.999999999999999444E-15, 1.000000000000000000 ) ) ;
#421 = DIRECTION ( 'NONE',  ( 4.000000000000000311E-15, -1.000000000000000000, -2.999999999999999839E-15 ) ) ;
#422 = ORIENTED_EDGE ( 'NONE', *, *, #1463, .F. ) ;
#423 = CARTESIAN_POINT ( 'NONE',  ( -56.58322481262077730, 20.85213237454466650, 4.209645843856515413 ) ) ;
#424 = EDGE_CURVE ( 'NONE', #5035, #462, #853, .T. ) ;
#425 = FACE_OUTER_BOUND ( 'NONE', #5285, .T. ) ;
#426 = CIRCLE ( 'NONE', #4577, 1.399999999999998579 ) ;
#427 = DIRECTION ( 'NONE',  ( -4.000000000000001100E-15, 1.000000000000000000, 0.000000000000000000 ) ) ;
#428 = B_SPLINE_CURVE_WITH_KNOTS ( 'NONE', 3,
 ( #1040, #2784, #93, #3588 ),
 .UNSPECIFIED., .F., .F.,
 ( 4, 4 ),
 ( 0.000000000000000000, 0.001349128213868200279 ),
 .UNSPECIFIED. ) ;
#429 = DIRECTION ( 'NONE',  ( 4.000000000000000311E-15, -1.000000000000000000, -3.000000000000000233E-15 ) ) ;
#430 = DIRECTION ( 'NONE',  ( -1.000000000000000000, -4.000000000000001100E-15, -8.673617379885238485E-17 ) ) ;
#431 = ORIENTED_EDGE ( 'NONE', *, *, #2280, .F. ) ;
#432 = ORIENTED_EDGE ( 'NONE', *, *, #283, .T. ) ;
#433 = CARTESIAN_POINT ( 'NONE',  ( -57.29231318222269920, 20.84364198414431968, 37.50114279846422249 ) ) ;
#434 = ADVANCED_FACE ( 'NONE', ( #35 ), #1752, .F. ) ;
#435 = ORIENTED_EDGE ( 'NONE', *, *, #5288, .F. ) ;
#436 = DIRECTION ( 'NONE',  ( 1.000000000000000000, 4.177817893836044508E-15, 3.580986766145181120E-15 ) ) ;
#437 = ORIENTED_EDGE ( 'NONE', *, *, #1732, .F. ) ;
#438 = CARTESIAN_POINT ( 'NONE',  ( -57.19265569369697033, 41.03488911631693270, 24.98671083962150874 ) ) ;
#439 = B_SPLINE_CURVE_WITH_KNOTS ( 'NONE', 3,
 ( #2501, #2956, #4714, #2558, #1567, #2898 ),
 .UNSPECIFIED., .F., .F.,
 ( 4, 2, 4 ),
 ( 0.000000000000000000, 0.002442577688059230281, 0.004885155376118460561 ),
 .UNSPECIFIED. ) ;
#440 = ORIENTED_EDGE ( 'NONE', *, *, #771, .T. ) ;
#441 = DIRECTION ( 'NONE',  ( 1.000000000000000000, 0.000000000000000000, 0.000000000000000000 ) ) ;
#442 = EDGE_LOOP ( 'NONE', ( #1624, #5078, #2206, #1987 ) ) ;
#443 = CIRCLE ( 'NONE', #2510, 1.399999999999998579 ) ;
#444 = DIRECTION ( 'NONE',  ( -8.673617379885238485E-17, 0.000000000000000000, 1.000000000000000000 ) ) ;
#445 = VECTOR ( 'NONE', #3755, 1000.000000000000000 ) ;
#446 = ORIENTED_EDGE ( 'NONE', *, *, #2555, .T. ) ;
#447 = CARTESIAN_POINT ( 'NONE',  ( -25.44307192879951884, 32.77961351893623743, -15.74091836210181405 ) ) ;
#448 = VECTOR ( 'NONE', #136, 1000.000000000000000 ) ;
#449 = CALENDAR_DATE ( 2026, 11, 6 ) ;
#450 = LINE ( 'NONE', #1803, #642 ) ;
#451 = DIRECTION ( 'NONE',  ( -1.000000000000000000, -4.000000000000001100E-15, -8.673617379885234787E-17 ) ) ;
#452 = ORIENTED_EDGE ( 'NONE', *, *, #1931, .T. ) ;
#453 = ADVANCED_FACE ( 'NONE', ( #3450 ), #1854, .T. ) ;
#454 = CARTESIAN_POINT ( 'NONE',  ( -61.55776560433842093, 17.11994485843701597, 5.456804513760230790 ) ) ;
#455 = LINE ( 'NONE', #1753, #2099 ) ;
#456 = VECTOR ( 'NONE', #4244, 1000.000000000000000 ) ;
#457 = VECTOR ( 'NONE', #451, 1000.000000000000000 ) ;
#458 = LINE ( 'NONE', #2182, #4070 ) ;
#459 = CARTESIAN_POINT ( 'NONE',  ( -53.29313630359126108, 37.55585726271568348, 35.65695191158815902 ) ) ;
#460 = EDGE_CURVE ( 'NONE', #404, #1340, #2310, .T. ) ;
#461 = DIRECTION ( 'NONE',  ( 4.000000000000000311E-15, -1.000000000000000000, -2.999999999999999839E-15 ) ) ;
#462 = VERTEX_POINT ( 'NONE', #1116 ) ;
#463 = VECTOR ( 'NONE', #4861, 1000.000000000000000 ) ;
#464 = CARTESIAN_POINT ( 'NONE',  ( -71.23909603667243573, 16.05585726271534242, 20.47616807355595014 ) ) ;
#465 = ORIENTED_EDGE ( 'NONE', *, *, #1069, .F. ) ;
#466 = VECTOR ( 'NONE', #2792, 1000.000000000000000 ) ;
#467 = AXIS2_PLACEMENT_3D ( 'NONE', #3121, #2799, #1503 ) ;
#468 = PLANE ( 'NONE',  #1540 ) ;
#469 = EDGE_LOOP ( 'NONE', ( #5382, #3060 ) ) ;
#470 = CARTESIAN_POINT ( 'NONE',  ( -71.73909603667240731, 10.55585726271534419, 35.27616807355594375 ) ) ;
#471 = ADVANCED_FACE ( 'NONE', ( #4043 ), #3109, .T. ) ;
#472 = EDGE_LOOP ( 'NONE', ( #3490, #1168, #4404, #5284 ) ) ;
#473 = PRODUCT_DEFINITION ( '未知', '', #864, #4929 ) ;
#474 = VECTOR ( 'NONE', #545, 1000.000000000000000 ) ;
#475 = DIRECTION ( 'NONE',  ( 0.000000000000000000, 0.000000000000000000, 1.000000000000000000 ) ) ;
#476 = EDGE_LOOP ( 'NONE', ( #1470, #25, #3314, #4920 ) ) ;
#477 = EDGE_LOOP ( 'NONE', ( #1307, #2982, #4118, #4656 ) ) ;
#478 = LINE ( 'NONE', #1743, #1438 ) ;
#479 = EDGE_LOOP ( 'NONE', ( #2831, #2616, #4134, #3173 ) ) ;
#480 = DIRECTION ( 'NONE',  ( 0.000000000000000000, 0.000000000000000000, 1.000000000000000000 ) ) ;
#481 = DATE_TIME_ROLE ( 'creation_date' ) ;
#482 = CARTESIAN_POINT ( 'NONE',  ( -54.58948715611722236, 16.96324386489809299, 7.876168073555897209 ) ) ;
#483 = CARTESIAN_POINT ( 'NONE',  ( 5.435504178569402711, 40.25585726271802400, 19.32876338647399450 ) ) ;
#484 = VERTEX_POINT ( 'NONE', #986 ) ;
#485 = CARTESIAN_POINT ( 'NONE',  ( -21.73909603667274837, 38.15585726271802258, 39.07616807355592670 ) ) ;
#486 = CARTESIAN_POINT ( 'NONE',  ( -18.28844253001187781, 33.25585726271803111, -15.76567251946558912 ) ) ;
#487 = EDGE_CURVE ( 'NONE', #961, #1497, #541, .T. ) ;
#488 = CIRCLE ( 'NONE', #3105, 3.000000000000002665 ) ;
#489 = FACE_OUTER_BOUND ( 'NONE', #3975, .T. ) ;
#490 = DIRECTION ( 'NONE',  ( 0.000000000000000000, 0.000000000000000000, 1.000000000000000000 ) ) ;
#491 = CARTESIAN_POINT ( 'NONE',  ( -50.73909603667251389, 35.15585726271567779, 21.57616807355581656 ) ) ;
#492 = VECTOR ( 'NONE', #5347, 1000.000000000000000 ) ;
#493 = EDGE_LOOP ( 'NONE', ( #589, #1744, #724, #992 ) ) ;
#494 = ORIENTED_EDGE ( 'NONE', *, *, #1428, .T. ) ;
#495 = LINE ( 'NONE', #72, #307 ) ;
#496 = ORIENTED_EDGE ( 'NONE', *, *, #5247, .F. ) ;
#497 = EDGE_CURVE ( 'NONE', #653, #1934, #5302, .T. ) ;
#498 = CARTESIAN_POINT ( 'NONE',  ( -61.98173672379198962, 16.55585726271538505, 21.57616807355577748 ) ) ;
#499 = ORIENTED_EDGE ( 'NONE', *, *, #5469, .F. ) ;
#500 = CYLINDRICAL_SURFACE ( 'NONE', #111, 37.50000000000000711 ) ;
#501 = VERTEX_POINT ( 'NONE', #2414 ) ;
#502 = CARTESIAN_POINT ( 'NONE',  ( -21.73909603667240020, 7.555857262715785616, 21.57616807355574196 ) ) ;
#503 = ORIENTED_EDGE ( 'NONE', *, *, #3493, .T. ) ;
#504 = EDGE_CURVE ( 'NONE', #3526, #5528, #488, .T. ) ;
#505 = CARTESIAN_POINT ( 'NONE',  ( -64.23909603667240731, 8.705857262715667844, 13.47616807355592705 ) ) ;
#506 = CARTESIAN_POINT ( 'NONE',  ( -66.92869064835012693, 7.455857262715658074, 14.62616807355592563 ) ) ;
#507 = ORIENTED_EDGE ( 'NONE', *, *, #2378, .F. ) ;
#508 = DIRECTION ( 'NONE',  ( -4.000000000000000311E-15, 1.000000000000000000, 3.000000000000000233E-15 ) ) ;
#509 = ADVANCED_FACE ( 'NONE', ( #5278 ), #142, .T. ) ;
#510 = APPROVAL_ROLE ( '' ) ;
#511 = CARTESIAN_POINT ( 'NONE',  ( -54.42154664686075449, 17.11294327982639984, 7.862445916175664351 ) ) ;
#512 = ORIENTED_EDGE ( 'NONE', *, *, #2107, .F. ) ;
#513 = CARTESIAN_POINT ( 'NONE',  ( -54.97779772235791995, 21.65807467263164199, 3.084274496416180344 ) ) ;
#514 = DIRECTION ( 'NONE',  ( 4.000000000000000311E-15, -1.000000000000000000, -3.000000000000000233E-15 ) ) ;
#515 = AXIS2_PLACEMENT_3D ( 'NONE', #883, #855, #2095 ) ;
#516 = CARTESIAN_POINT ( 'NONE',  ( -65.28570545994001861, 13.17260856512270983, 5.376168073555949611 ) ) ;
#517 = CYLINDRICAL_SURFACE ( 'NONE', #4530, 3.000000000000002665 ) ;
#518 = DIRECTION ( 'NONE',  ( 4.000000000000001100E-15, -1.000000000000000000, 0.000000000000000000 ) ) ;
#519 = ORIENTED_EDGE ( 'NONE', *, *, #703, .F. ) ;
#520 = ORIENTED_EDGE ( 'NONE', *, *, #2181, .T. ) ;
#521 = DIRECTION ( 'NONE',  ( -4.000922842684780979E-31, 1.070816960479510500E-16, 1.000000000000000000 ) ) ;
#522 = ORIENTED_EDGE ( 'NONE', *, *, #5226, .F. ) ;
#523 = VECTOR ( 'NONE', #2252, 1000.000000000000000 ) ;
#524 = DIRECTION ( 'NONE',  ( 4.500904153885843101E-15, -1.000000000000000000, -5.725737672503327764E-31 ) ) ;
#525 = VERTEX_POINT ( 'NONE', #1989 ) ;
#526 = CARTESIAN_POINT ( 'NONE',  ( -59.11152695140960844, 40.98715450859830156, 25.02262327802746000 ) ) ;
#527 = CARTESIAN_POINT ( 'NONE',  ( -71.73909603667240731, 9.705857262715637646, 14.62616807355592741 ) ) ;
#528 = ORIENTED_EDGE ( 'NONE', *, *, #4494, .F. ) ;
#529 = EDGE_CURVE ( 'NONE', #1429, #4493, #1473, .T. ) ;
#530 = DIRECTION ( 'NONE',  ( -4.000000000000001100E-15, 1.000000000000000000, 0.000000000000000000 ) ) ;
#531 = ORIENTED_EDGE ( 'NONE', *, *, #114, .T. ) ;
#532 = ORIENTED_EDGE ( 'NONE', *, *, #417, .T. ) ;
#533 = DIRECTION ( 'NONE',  ( -4.000000000000000311E-15, 1.000000000000000000, 2.999999999999999839E-15 ) ) ;
#534 = B_SPLINE_CURVE_WITH_KNOTS ( 'NONE', 3,
 ( #1425, #1402, #4852, #1872, #3122, #1027, #4031, #4086 ),
 .UNSPECIFIED., .F., .F.,
 ( 4, 2, 2, 4 ),
 ( -1.095445533688887265E-05, 0.0007649039562466472325, 0.001540762367830183187, 0.003092479190997260950 ),
 .UNSPECIFIED. ) ;
#535 = ADVANCED_FACE ( 'NONE', ( #565 ), #1412, .F. ) ;
#536 = VERTEX_POINT ( 'NONE', #1858 ) ;
#537 = AXIS2_PLACEMENT_3D ( 'NONE', #4026, #150, #4845 ) ;
#538 = CARTESIAN_POINT ( 'NONE',  ( -74.23909603667240731, 9.705857262715626987, 13.47616807355592528 ) ) ;
#539 = EDGE_LOOP ( 'NONE', ( #1620, #390, #661, #1778 ) ) ;
#540 = ADVANCED_FACE ( 'NONE', ( #936 ), #2284, .F. ) ;
#541 = LINE ( 'NONE', #2260, #2297 ) ;
#542 = CIRCLE ( 'NONE', #3061, 2.000000000000001776 ) ;
#543 = FACE_OUTER_BOUND ( 'NONE', #5456, .T. ) ;
#544 = DIRECTION ( 'NONE',  ( -4.572483248782607083E-31, 1.070816960479510500E-16, 1.000000000000000000 ) ) ;
#545 = DIRECTION ( 'NONE',  ( 0.000000000000000000, -4.565061778886333551E-17, 1.000000000000000000 ) ) ;
#546 = DIRECTION ( 'NONE',  ( 0.000000000000000000, 1.000000000000000000, 0.000000000000000000 ) ) ;
#547 = ORIENTED_EDGE ( 'NONE', *, *, #2295, .T. ) ;
#548 = ORIENTED_EDGE ( 'NONE', *, *, #3053, .T. ) ;
#549 = DIRECTION ( 'NONE',  ( 4.000000000000000311E-15, -1.000000000000000000, -3.000000000000000233E-15 ) ) ;
#550 = CIRCLE ( 'NONE', #2436, 34.00000000000000000 ) ;
#551 = CARTESIAN_POINT ( 'NONE',  ( -53.01869697567209272, 26.05585726271537794, 0.8919575472401651828 ) ) ;
#552 = DIRECTION ( 'NONE',  ( -0.000000000000000000, -0.000000000000000000, -1.000000000000000000 ) ) ;
#553 = CARTESIAN_POINT ( 'NONE',  ( -59.16025261326382889, 13.57531598520410832, 7.876168073555954052 ) ) ;
#554 = AXIS2_PLACEMENT_3D ( 'NONE', #2992, #2116, #3329 ) ;
#555 = CIRCLE ( 'NONE', #1896, 5.999999999999998224 ) ;
#556 = DIRECTION ( 'NONE',  ( 1.156482317317995478E-16, -9.376883653928778575E-17, -1.000000000000000000 ) ) ;
#557 = ORIENTED_EDGE ( 'NONE', *, *, #10, .T. ) ;
#558 = EDGE_CURVE ( 'NONE', #1963, #1023, #2658, .T. ) ;
#559 = VERTEX_POINT ( 'NONE', #91 ) ;
#560 = DIRECTION ( 'NONE',  ( -1.156482317317995478E-16, 9.376883653928778575E-17, 1.000000000000000000 ) ) ;
#561 = VECTOR ( 'NONE', #2350, 1000.000000000000000 ) ;
#562 = ORIENTED_EDGE ( 'NONE', *, *, #5543, .T. ) ;
#563 = EDGE_CURVE ( 'NONE', #4542, #3413, #576, .T. ) ;
#564 = DIRECTION ( 'NONE',  ( 0.000000000000000000, 0.000000000000000000, 1.000000000000000000 ) ) ;
#565 = FACE_OUTER_BOUND ( 'NONE', #5419, .T. ) ;
#566 = CARTESIAN_POINT ( 'NONE',  ( -21.73909603667274837, 39.25585726271802400, 39.07616807355592670 ) ) ;
#567 = VECTOR ( 'NONE', #5110, 1000.000000000000000 ) ;
#568 = EDGE_CURVE ( 'NONE', #5309, #63, #4658, .T. ) ;
#569 = CARTESIAN_POINT ( 'NONE',  ( -67.36814380232304700, 13.05585726271535840, 5.376168073555949611 ) ) ;
#570 = CARTESIAN_POINT ( 'NONE',  ( 5.435504178569402711, 35.15585726271591938, 20.37876338647399521 ) ) ;
#571 = FACE_OUTER_BOUND ( 'NONE', #5069, .T. ) ;
#572 = ORIENTED_EDGE ( 'NONE', *, *, #2734, .T. ) ;
#573 = VERTEX_POINT ( 'NONE', #3809 ) ;
#574 = DIRECTION ( 'NONE',  ( -1.000000000000000000, 0.000000000000000000, -8.673617379885238485E-17 ) ) ;
#575 = ORIENTED_EDGE ( 'NONE', *, *, #954, .F. ) ;
#576 = CIRCLE ( 'NONE', #5439, 0.9999999999999980016 ) ;
#577 = ADVANCED_FACE ( 'NONE', ( #3838 ), #1653, .T. ) ;
#578 = DIRECTION ( 'NONE',  ( -1.000000000000000000, -4.000000000000001100E-15, 0.000000000000000000 ) ) ;
#579 = LINE ( 'NONE', #2694, #5564 ) ;
#580 = DIRECTION ( 'NONE',  ( 1.000000000000000000, 4.000000000000001100E-15, 2.892154068645635447E-32 ) ) ;
#581 = EDGE_LOOP ( 'NONE', ( #3370, #1979, #499, #2048 ) ) ;
#582 = AXIS2_PLACEMENT_3D ( 'NONE', #775, #1980, #4222 ) ;
#583 = VERTEX_POINT ( 'NONE', #299 ) ;
#584 = CARTESIAN_POINT ( 'NONE',  ( -66.92869064835014115, 8.705857262715657185, 14.62616807355592563 ) ) ;
#585 = CARTESIAN_POINT ( 'NONE',  ( -68.45408292525057448, 16.05585726271535663, 12.97616807355595014 ) ) ;
#586 = ORIENTED_EDGE ( 'NONE', *, *, #1661, .F. ) ;
#587 = CARTESIAN_POINT ( 'NONE',  ( -71.23909603667242152, 16.05585726271534242, 8.376168073555946947 ) ) ;
#588 = CARTESIAN_POINT ( 'NONE',  ( -1.602362769591291203, 37.35585726271801832, 16.56683629550358461 ) ) ;
#589 = ORIENTED_EDGE ( 'NONE', *, *, #3673, .F. ) ;
#590 = EDGE_CURVE ( 'NONE', #3973, #4722, #5045, .T. ) ;
#591 = CARTESIAN_POINT ( 'NONE',  ( -53.01869697567209272, 26.05585726271538505, 0.8919575472401642946 ) ) ;
#592 = CARTESIAN_POINT ( 'NONE',  ( -53.01869697567209272, -2.444142737284265010, 0.8919575472401651828 ) ) ;
#593 = DIRECTION ( 'NONE',  ( 0.000000000000000000, -1.000000000000000000, 1.070816960479510500E-16 ) ) ;
#594 = DIRECTION ( 'NONE',  ( 0.000000000000000000, 1.000000000000000000, 0.000000000000000000 ) ) ;
#595 = DIRECTION ( 'NONE',  ( -1.000000000000000000, -4.000000000000001100E-15, -8.673617379885238485E-17 ) ) ;
#596 = EDGE_CURVE ( 'NONE', #2361, #1368, #3380, .T. ) ;
#597 = ORIENTED_EDGE ( 'NONE', *, *, #925, .T. ) ;
#598 = ORIENTED_EDGE ( 'NONE', *, *, #4679, .F. ) ;
#599 = AXIS2_PLACEMENT_3D ( 'NONE', #2712, #2289, #4840 ) ;
#600 = DIRECTION ( 'NONE',  ( 1.000000000000000000, 4.625929269271486111E-15, 4.060502299416422556E-28 ) ) ;
#601 = VERTEX_POINT ( 'NONE', #1623 ) ;
#602 = B_SPLINE_CURVE_WITH_KNOTS ( 'NONE', 3,
 ( #3911, #4458, #4540, #1058, #1033, #4064, #668, #2384, #3691, #5324, #4509, #4117, #2777, #2835, #1510, #242, #1541, #3183 ),
 .UNSPECIFIED., .F., .F.,
 ( 4, 2, 2, 2, 2, 2, 2, 2, 4 ),
 ( -2.282439770057658642E-05, 0.003835017215055164241, 0.005763938021433039072, 0.007692858827810913902, 0.009621779634188788732, 0.01058624003737772268, 0.01155070044056665662, 0.01347962124694450890, 0.01540854205332235945 ),
 .UNSPECIFIED. ) ;
#603 = DIRECTION ( 'NONE',  ( -4.500904153885843101E-15, 1.000000000000000000, 5.725737672503326013E-31 ) ) ;
#604 = AXIS2_PLACEMENT_3D ( 'NONE', #166, #1037, #3643 ) ;
#605 = CARTESIAN_POINT ( 'NONE',  ( -24.55218945652130103, 33.25585726271803821, -11.22643899149177571 ) ) ;
#606 = DIRECTION ( 'NONE',  ( -4.000000000000001100E-15, 1.000000000000000000, -2.154311871554745327E-43 ) ) ;
#607 = ADVANCED_FACE ( 'NONE', ( #3350 ), #809, .T. ) ;
#608 = CARTESIAN_POINT ( 'NONE',  ( -65.73909603667246415, 26.05585726271536373, 20.47616807355595014 ) ) ;
#609 = ORIENTED_EDGE ( 'NONE', *, *, #5151, .F. ) ;
#610 = FACE_OUTER_BOUND ( 'NONE', #4788, .T. ) ;
#611 = DIRECTION ( 'NONE',  ( -1.000000000000000000, -4.047688110612550939E-15, 0.000000000000000000 ) ) ;
#612 = DIRECTION ( 'NONE',  ( 4.000000000000001100E-15, -1.000000000000000000, 2.882492143453086901E-32 ) ) ;
#613 = ORIENTED_EDGE ( 'NONE', *, *, #2568, .F. ) ;
#614 = DIRECTION ( 'NONE',  ( -2.891205793294679411E-15, 1.000000000000000000, -1.445602896647339706E-15 ) ) ;
#615 = CARTESIAN_POINT ( 'NONE',  ( -25.55218945652130458, 25.25585726271803111, -15.72946579817325485 ) ) ;
#616 = VERTEX_POINT ( 'NONE', #4685 ) ;
#617 = LINE ( 'NONE', #1065, #933 ) ;
#618 = AXIS2_PLACEMENT_3D ( 'NONE', #1158, #2487, #286 ) ;
#619 = ADVANCED_FACE ( 'NONE', ( #5527 ), #2529, .T. ) ;
#620 = FACE_OUTER_BOUND ( 'NONE', #75, .T. ) ;
#621 = CARTESIAN_POINT ( 'NONE',  ( -71.73909603667242152, 10.95585726271565541, 15.62616807355592385 ) ) ;
#622 = VERTEX_POINT ( 'NONE', #1681 ) ;
#623 = VECTOR ( 'NONE', #2931, 1000.000000000000000 ) ;
#624 = ORIENTED_EDGE ( 'NONE', *, *, #3567, .F. ) ;
#625 = FACE_OUTER_BOUND ( 'NONE', #2866, .T. ) ;
#626 = ORIENTED_EDGE ( 'NONE', *, *, #4884, .T. ) ;
#627 = AXIS2_PLACEMENT_3D ( 'NONE', #1957, #3689, #5403 ) ;
#628 = EDGE_CURVE ( 'NONE', #3094, #1497, #411, .T. ) ;
#629 = LINE ( 'NONE', #5453, #1985 ) ;
#630 = DIRECTION ( 'NONE',  ( 0.000000000000000000, 0.000000000000000000, -1.000000000000000000 ) ) ;
#631 = CARTESIAN_POINT ( 'NONE',  ( -68.73909603667240731, 10.55585726271535840, 35.27616807355594375 ) ) ;
#632 = CARTESIAN_POINT ( 'NONE',  ( -57.21109781657285964, 41.36077252864053833, 18.36951324502955174 ) ) ;
#633 = AXIS2_PLACEMENT_3D ( 'NONE', #4202, #754, #4684 ) ;
#634 = ORIENTED_EDGE ( 'NONE', *, *, #5254, .T. ) ;
#635 = EDGE_CURVE ( 'NONE', #4947, #601, #3189, .T. ) ;
#636 = CC_DESIGN_PERSON_AND_ORGANIZATION_ASSIGNMENT ( #3504, #5137, ( #864 ) ) ;
#637 = DIRECTION ( 'NONE',  ( 4.000000000000000311E-15, -1.000000000000000000, -3.000000000000000233E-15 ) ) ;
#638 = VECTOR ( 'NONE', #95, 1000.000000000000000 ) ;
#639 = DIRECTION ( 'NONE',  ( -4.126820607811806652E-29, -1.650728243124722933E-43, 1.000000000000000000 ) ) ;
#640 = CIRCLE ( 'NONE', #4966, 2.000000000000000444 ) ;
#641 = PLANE ( 'NONE',  #3617 ) ;
#642 = VECTOR ( 'NONE', #564, 1000.000000000000000 ) ;
#643 = ORIENTED_EDGE ( 'NONE', *, *, #1367, .F. ) ;
#644 = CARTESIAN_POINT ( 'NONE',  ( -71.23909603667240731, 12.21416965789303255, 13.81913630089119138 ) ) ;
#645 = TOROIDAL_SURFACE ( 'NONE', #4167, 1.000000000000000000, 1.000000000000000000 ) ;
#646 = FACE_OUTER_BOUND ( 'NONE', #73, .T. ) ;
#647 = VECTOR ( 'NONE', #5200, 1000.000000000000000 ) ;
#648 = DIRECTION ( 'NONE',  ( 1.000000000000000000, 4.625929269271486111E-15, 4.060502299416422556E-28 ) ) ;
#649 = FACE_BOUND ( 'NONE', #1338, .T. ) ;
#650 = FACE_OUTER_BOUND ( 'NONE', #2332, .T. ) ;
#651 = VERTEX_POINT ( 'NONE', #356 ) ;
#652 = ORIENTED_EDGE ( 'NONE', *, *, #4575, .T. ) ;
#653 = VERTEX_POINT ( 'NONE', #5495 ) ;
#654 = CARTESIAN_POINT ( 'NONE',  ( -61.35992389273858549, -108.5101599152663425, -4.623831926444038842 ) ) ;
#655 = ADVANCED_FACE ( 'NONE', ( #5105 ), #1233, .F. ) ;
#656 = DIRECTION ( 'NONE',  ( -1.000000000000000000, -4.000000000000000311E-15, 0.000000000000000000 ) ) ;
#657 = ORIENTED_EDGE ( 'NONE', *, *, #1287, .F. ) ;
#658 = DIRECTION ( 'NONE',  ( -0.000000000000000000, 1.000000000000000000, -0.000000000000000000 ) ) ;
#659 = AXIS2_PLACEMENT_3D ( 'NONE', #121, #1575, #1212 ) ;
#660 = DIRECTION ( 'NONE',  ( -4.000000000000001100E-15, 1.000000000000000000, -6.331107576557691484E-17 ) ) ;
#661 = ORIENTED_EDGE ( 'NONE', *, *, #1087, .T. ) ;
#662 = EDGE_CURVE ( 'NONE', #2918, #5121, #439, .T. ) ;
#663 = CARTESIAN_POINT ( 'NONE',  ( -57.22500873453076053, 41.98917858830079552, 18.57616807355593380 ) ) ;
#664 = EDGE_LOOP ( 'NONE', ( #289, #5203, #5434, #1164 ) ) ;
#665 = CARTESIAN_POINT ( 'NONE',  ( -17.55218945652130458, 32.38306824191516142, -11.63973787338648336 ) ) ;
#666 = CARTESIAN_POINT ( 'NONE',  ( -59.11890341980409147, 42.25585726271803111, 18.57616807355592670 ) ) ;
#667 = VECTOR ( 'NONE', #4415, 1000.000000000000000 ) ;
#668 = CARTESIAN_POINT ( 'NONE',  ( -55.81291320568432468, 20.22266703159399981, 39.44654544644706817 ) ) ;
#669 = VECTOR ( 'NONE', #4771, 1000.000000000000000 ) ;
#670 = EDGE_CURVE ( 'NONE', #164, #4205, #1295, .T. ) ;
#671 = VERTEX_POINT ( 'NONE', #4261 ) ;
#672 = CARTESIAN_POINT ( 'NONE',  ( -71.01091609552577211, 12.51949595614356348, 13.32862910722510286 ) ) ;
#673 = CARTESIAN_POINT ( 'NONE',  ( -21.73909603667274837, 40.25585726271802400, 21.57616807355592670 ) ) ;
#674 = EDGE_CURVE ( 'NONE', #1551, #1953, #1145, .T. ) ;
#675 = CARTESIAN_POINT ( 'NONE',  ( -71.73909603667240731, 8.705857262715637646, 16.77616807355592599 ) ) ;
#676 = CARTESIAN_POINT ( 'NONE',  ( -59.18049909085174676, 39.60580265697322488, 19.47148129204319744 ) ) ;
#677 = CARTESIAN_POINT ( 'NONE',  ( -54.91195038228505609, 21.78068734344507718, 3.028824520693826905 ) ) ;
#678 = ORIENTED_EDGE ( 'NONE', *, *, #4183, .F. ) ;
#679 = ORIENTED_EDGE ( 'NONE', *, *, #3474, .T. ) ;
#680 = DIRECTION ( 'NONE',  ( 1.000000000000000000, 3.717264591378875951E-15, 0.000000000000000000 ) ) ;
#681 = LINE ( 'NONE', #4156, #3147 ) ;
#682 = DIRECTION ( 'NONE',  ( -1.016643762873339164E-32, -1.000000000000000000, 9.376883653928778575E-17 ) ) ;
#683 = FACE_OUTER_BOUND ( 'NONE', #2620, .T. ) ;
#684 = DIRECTION ( 'NONE',  ( 1.000000000000000000, 4.000000000000001100E-15, 0.000000000000000000 ) ) ;
#685 = AXIS2_PLACEMENT_3D ( 'NONE', #3089, #2663, #2317 ) ;
#686 = ORIENTED_EDGE ( 'NONE', *, *, #4414, .T. ) ;
#687 = LINE ( 'NONE', #2495, #3198 ) ;
#688 = VERTEX_POINT ( 'NONE', #2865 ) ;
#689 = AXIS2_PLACEMENT_3D ( 'NONE', #4690, #5472, #2505 ) ;
#690 = CARTESIAN_POINT ( 'NONE',  ( -17.66822859766869058, 32.73997829162636464, -11.45651960920251611 ) ) ;
#691 = CARTESIAN_POINT ( 'NONE',  ( -64.23909603667239310, 7.455857262715668732, 14.62616807355592741 ) ) ;
#692 = EDGE_CURVE ( 'NONE', #1309, #1099, #1656, .T. ) ;
#693 = VERTEX_POINT ( 'NONE', #4597 ) ;
#694 = DIRECTION ( 'NONE',  ( 1.000000000000000000, 0.000000000000000000, 8.673617379885238485E-17 ) ) ;
#695 = CARTESIAN_POINT ( 'NONE',  ( -54.20722735231945677, 24.34908053721189702, 2.570098403166527934 ) ) ;
#696 = VECTOR ( 'NONE', #4582, 1000.000000000000000 ) ;
#697 = ORIENTED_EDGE ( 'NONE', *, *, #5160, .F. ) ;
#698 = CARTESIAN_POINT ( 'NONE',  ( -17.55218945652130458, 32.25585726271804532, -11.69907502930238152 ) ) ;
#699 = ADVANCED_FACE ( 'NONE', ( #328, #2442, #3929, #3867, #3524 ), #2589, .F. ) ;
#700 = CARTESIAN_POINT ( 'NONE',  ( -36.56013231433171029, -2.444142737284198841, -3.350461936461805124 ) ) ;
#701 = ORIENTED_EDGE ( 'NONE', *, *, #1016, .T. ) ;
#702 = CARTESIAN_POINT ( 'NONE',  ( -21.73909603667274482, 24.25585726271801690, -15.92383192644408041 ) ) ;
#703 = EDGE_CURVE ( 'NONE', #863, #2448, #4378, .T. ) ;
#704 = DIRECTION ( 'NONE',  ( 4.126820607811806652E-29, 1.650728243124722933E-43, -1.000000000000000000 ) ) ;
#705 = DIRECTION ( 'NONE',  ( -8.673617379885236020E-17, -4.012354050807296917E-31, 1.000000000000000000 ) ) ;
#706 = EDGE_LOOP ( 'NONE', ( #4770, #440, #3092, #2409, #2957, #5353 ) ) ;
#707 = DIRECTION ( 'NONE',  ( -1.000000000000000000, -4.000000000000001100E-15, -8.673617379885234787E-17 ) ) ;
#708 = CARTESIAN_POINT ( 'NONE',  ( -63.79793060906563085, 13.50376919415330335, 37.77616807355595085 ) ) ;
#709 = CARTESIAN_POINT ( 'NONE',  ( -50.29047629505788564, 40.25585726271801690, 17.74774094880974218 ) ) ;
#710 = CIRCLE ( 'NONE', #4144, 2.100000000000000977 ) ;
#711 = DIRECTION ( 'NONE',  ( 0.000000000000000000, 0.000000000000000000, 1.000000000000000000 ) ) ;
#712 = CARTESIAN_POINT ( 'NONE',  ( 15.76190396332741095, 16.05585726271569413, 34.77616807355595796 ) ) ;
#713 = ORIENTED_EDGE ( 'NONE', *, *, #2636, .F. ) ;
#714 = CARTESIAN_POINT ( 'NONE',  ( -48.75696015366678893, -2.444142737284280109, 7.322300672781444142 ) ) ;
#715 = AXIS2_PLACEMENT_3D ( 'NONE', #4199, #325, #2498 ) ;
#716 = ORIENTED_EDGE ( 'NONE', *, *, #3141, .T. ) ;
#717 = CARTESIAN_POINT ( 'NONE',  ( -58.73767534023685499, 19.54991427434214657, 36.51963698267881142 ) ) ;
#718 = CARTESIAN_POINT ( 'NONE',  ( -59.22421508362209153, 41.99112845616571832, 22.63250610469757262 ) ) ;
#719 = B_SPLINE_CURVE_WITH_KNOTS ( 'NONE', 3,
 ( #154, #4006, #4951, #1898, #2299, #209, #3631, #1052, #3599, #605 ),
 .UNSPECIFIED., .F., .F.,
 ( 4, 2, 2, 2, 4 ),
 ( 7.757919228897728493E-18, 0.0004160608133651599980, 0.0008321216267303122981, 0.001248182440095464436, 0.001664243253460616790 ),
 .UNSPECIFIED. ) ;
#720 = ORIENTED_EDGE ( 'NONE', *, *, #211, .F. ) ;
#721 = DIRECTION ( 'NONE',  ( -1.156482317317991533E-16, -4.337680054926658732E-31, 1.000000000000000000 ) ) ;
#722 = CARTESIAN_POINT ( 'NONE',  ( -46.23909603667240731, 6.555857262715630185, 40.27616807355597217 ) ) ;
#723 = ORIENTED_EDGE ( 'NONE', *, *, #2568, .T. ) ;
#724 = ORIENTED_EDGE ( 'NONE', *, *, #779, .F. ) ;
#725 = ADVANCED_FACE ( 'NONE', ( #3554 ), #3495, .F. ) ;
#726 = AXIS2_PLACEMENT_3D ( 'NONE', #1836, #3086, #67 ) ;
#727 = AXIS2_PLACEMENT_3D ( 'NONE', #3820, #3938, #1215 ) ;
#728 = DIRECTION ( 'NONE',  ( 0.000000000000000000, 1.000000000000000000, 0.000000000000000000 ) ) ;
#729 = DIRECTION ( 'NONE',  ( -0.000000000000000000, -1.000000000000000000, -0.000000000000000000 ) ) ;
#730 = VERTEX_POINT ( 'NONE', #2250 ) ;
#731 = AXIS2_PLACEMENT_3D ( 'NONE', #3586, #4437, #4807 ) ;
#732 = EDGE_CURVE ( 'NONE', #651, #2365, #758, .T. ) ;
#733 = PLANE ( 'NONE',  #1380 ) ;
#734 = CARTESIAN_POINT ( 'NONE',  ( -59.11115928734262326, 40.98354601840399880, 18.12685026408783884 ) ) ;
#735 = CARTESIAN_POINT ( 'NONE',  ( -74.23909603667239310, 6.155857262715631606, 23.47616807355592883 ) ) ;
#736 = ORIENTED_EDGE ( 'NONE', *, *, #2496, .T. ) ;
#737 = TOROIDAL_SURFACE ( 'NONE', #5246, 37.00000000000001421, 3.000000000000000000 ) ;
#738 = DIRECTION ( 'NONE',  ( -4.000000000000001100E-15, 1.000000000000000000, -1.070816960479510500E-16 ) ) ;
#739 = EDGE_CURVE ( 'NONE', #5448, #573, #4798, .T. ) ;
#740 = PLANE ( 'NONE',  #4779 ) ;
#741 = EDGE_CURVE ( 'NONE', #5427, #3230, #5539, .T. ) ;
#742 = LINE ( 'NONE', #2852, #5506 ) ;
#743 = CARTESIAN_POINT ( 'NONE',  ( -64.23909603667240731, 9.705857262715667844, 13.47616807355592705 ) ) ;
#744 = FACE_OUTER_BOUND ( 'NONE', #472, .T. ) ;
#745 = ORIENTED_EDGE ( 'NONE', *, *, #1390, .T. ) ;
#746 = ORIENTED_EDGE ( 'NONE', *, *, #4223, .T. ) ;
#747 = DIRECTION ( 'NONE',  ( 1.000000000000000000, 4.047688110612550939E-15, 0.000000000000000000 ) ) ;
#748 = ADVANCED_FACE ( 'NONE', ( #1737 ), #3899, .T. ) ;
#749 = ORIENTED_EDGE ( 'NONE', *, *, #5041, .F. ) ;
#750 = AXIS2_PLACEMENT_3D ( 'NONE', #4361, #1245, #1329 ) ;
#751 = CARTESIAN_POINT ( 'NONE',  ( -61.55776560433326239, 17.11994485843573699, 37.69553163334911972 ) ) ;
#752 = CARTESIAN_POINT ( 'NONE',  ( -59.15512790533627907, 41.59012871179535153, 24.68508584821318053 ) ) ;
#753 = ORIENTED_EDGE ( 'NONE', *, *, #1973, .T. ) ;
#754 = DIRECTION ( 'NONE',  ( -8.673617379885279161E-17, 1.070816960479506926E-16, 1.000000000000000000 ) ) ;
#755 = DIRECTION ( 'NONE',  ( 1.110223024625157172E-14, -1.000000000000000000, 0.000000000000000000 ) ) ;
#756 = VERTEX_POINT ( 'NONE', #4853 ) ;
#757 = ORIENTED_EDGE ( 'NONE', *, *, #3016, .T. ) ;
#758 = CIRCLE ( 'NONE', #3928, 3.000000000000002665 ) ;
#759 = CARTESIAN_POINT ( 'NONE',  ( -1.526422912400996257, 35.15585726271586253, 28.46663033463468651 ) ) ;
#760 = CARTESIAN_POINT ( 'NONE',  ( -1.526422912400996257, 35.15585726271586253, 29.51663033463468722 ) ) ;
#761 = EDGE_LOOP ( 'NONE', ( #1585, #4580, #4822, #557, #916, #4113, #2812 ) ) ;
#762 = DIRECTION ( 'NONE',  ( 0.000000000000000000, 1.000000000000000000, 0.000000000000000000 ) ) ;
#763 = CARTESIAN_POINT ( 'NONE',  ( -1.602362769591291203, -108.5101599152663425, 14.46683629550358319 ) ) ;
#764 = CARTESIAN_POINT ( 'NONE',  ( -57.39853039445606697, 17.98555100335093826, 4.560424765558747318 ) ) ;
#765 = ORIENTED_EDGE ( 'NONE', *, *, #4615, .F. ) ;
#766 = EDGE_CURVE ( 'NONE', #2563, #63, #5211, .T. ) ;
#767 = DIRECTION ( 'NONE',  ( 8.673617379885238485E-17, 0.000000000000000000, -1.000000000000000000 ) ) ;
#768 = CARTESIAN_POINT ( 'NONE',  ( -57.22500873453075343, 44.25585726271802400, 24.57616807355593025 ) ) ;
#769 = DIRECTION ( 'NONE',  ( -1.000000000000000000, -4.000000000000001100E-15, 0.000000000000000000 ) ) ;
#770 = DIRECTION ( 'NONE',  ( 8.673617379885236020E-17, 4.012354050807296917E-31, -1.000000000000000000 ) ) ;
#771 = EDGE_CURVE ( 'NONE', #1955, #4239, #892, .T. ) ;
#772 = FACE_OUTER_BOUND ( 'NONE', #3784, .T. ) ;
#773 = ORIENTED_EDGE ( 'NONE', *, *, #5190, .T. ) ;
#774 = ORIENTED_EDGE ( 'NONE', *, *, #3531, .T. ) ;
#775 = CARTESIAN_POINT ( 'NONE',  ( -21.73909603667274837, 40.25585726271802400, 21.57616807355592670 ) ) ;
#776 = CARTESIAN_POINT ( 'NONE',  ( -53.42107070841475291, 24.94309474918928160, 41.65189079839079511 ) ) ;
#777 = CARTESIAN_POINT ( 'NONE',  ( -57.22500873453075343, -108.5101599152663425, 22.57616807355592670 ) ) ;
#778 = EDGE_LOOP ( 'NONE', ( #3194, #3932, #3561, #2657, #2593 ) ) ;
#779 = EDGE_CURVE ( 'NONE', #1118, #2691, #1403, .T. ) ;
#780 = DIRECTION ( 'NONE',  ( 0.000000000000000000, 1.000000000000000000, 0.000000000000000000 ) ) ;
#781 = CARTESIAN_POINT ( 'NONE',  ( -64.23909603667240731, 9.705857262715667844, 15.62616807355592385 ) ) ;
#782 = CIRCLE ( 'NONE', #1046, 34.00000000000000000 ) ;
#783 = VERTEX_POINT ( 'NONE', #3437 ) ;
#784 = CARTESIAN_POINT ( 'NONE',  ( -18.04914839403377158, 24.38174568813574083, -15.74204519269128610 ) ) ;
#785 = B_SPLINE_CURVE_WITH_KNOTS ( 'NONE', 3,
 ( #4538, #4933, #2832, #2303, #3180, #2808, #4036, #4987 ),
 .UNSPECIFIED., .F., .F.,
 ( 4, 2, 2, 4 ),
 ( 0.06132969500535120216, 0.06221835873576220255, 0.06310702246617320987, 0.06488434992699525228 ),
 .UNSPECIFIED. ) ;
#786 = PLANE ( 'NONE',  #419 ) ;
#787 = ORIENTED_EDGE ( 'NONE', *, *, #4337, .T. ) ;
#788 = CARTESIAN_POINT ( 'NONE',  ( -70.23909603667243573, 16.05585726271534952, 13.97616807355594837 ) ) ;
#789 = LINE ( 'NONE', #2508, #2345 ) ;
#790 = CARTESIAN_POINT ( 'NONE',  ( -46.23909603667237178, -2.444142737284372036, 41.27616807355595085 ) ) ;
#791 = ORIENTED_EDGE ( 'NONE', *, *, #3531, .F. ) ;
#792 = LINE ( 'NONE', #4241, #137 ) ;
#793 = FACE_OUTER_BOUND ( 'NONE', #5164, .T. ) ;
#794 = ADVANCED_FACE ( 'NONE', ( #4315 ), #5158, .T. ) ;
#795 = CARTESIAN_POINT ( 'NONE',  ( -64.23909603667240731, 10.95585726271566607, 14.62616807355592741 ) ) ;
#796 = CARTESIAN_POINT ( 'NONE',  ( -74.23909603667239310, 6.155857262715631606, 23.47616807355592528 ) ) ;
#797 = DIRECTION ( 'NONE',  ( -0.000000000000000000, -1.000000000000000000, -0.000000000000000000 ) ) ;
#798 = ORIENTED_EDGE ( 'NONE', *, *, #1635, .F. ) ;
#799 = ORIENTED_EDGE ( 'NONE', *, *, #2567, .T. ) ;
#800 = AXIS2_PLACEMENT_3D ( 'NONE', #342, #370, #4976 ) ;
#801 = CARTESIAN_POINT ( 'NONE',  ( -65.73909603667242152, 16.41817824276755289, 12.97616807355595014 ) ) ;
#802 = EDGE_CURVE ( 'NONE', #5148, #4024, #4909, .T. ) ;
#803 = DIRECTION ( 'NONE',  ( 1.000000000000000000, 4.163336342344339393E-15, 0.000000000000000000 ) ) ;
#804 = CARTESIAN_POINT ( 'NONE',  ( -55.22128610086144107, 23.09071889906380193, 39.42629987941324288 ) ) ;
#805 = CARTESIAN_POINT ( 'NONE',  ( -48.75696015366689551, -2.444142737284365818, 35.83003547433001756 ) ) ;
#806 = ORIENTED_EDGE ( 'NONE', *, *, #3466, .F. ) ;
#807 = DIRECTION ( 'NONE',  ( 0.000000000000000000, 1.000000000000000000, 0.000000000000000000 ) ) ;
#808 = VECTOR ( 'NONE', #5530, 1000.000000000000000 ) ;
#809 = PLANE ( 'NONE',  #1745 ) ;
#810 = EDGE_LOOP ( 'NONE', ( #1114, #5299, #1614, #3217, #1731, #5206, #3179, #44, #1468, #4196 ) ) ;
#811 = EDGE_CURVE ( 'NONE', #4048, #4142, #2823, .T. ) ;
#812 = EDGE_CURVE ( 'NONE', #1100, #601, #5422, .T. ) ;
#813 = CARTESIAN_POINT ( 'NONE',  ( -18.55218945652130458, 24.25585726271801690, -15.78816821720920061 ) ) ;
#814 = DIRECTION ( 'NONE',  ( 4.000000000000000311E-15, -1.000000000000000000, -2.999999999999999839E-15 ) ) ;
#815 = VERTEX_POINT ( 'NONE', #1001 ) ;
#816 = CARTESIAN_POINT ( 'NONE',  ( -71.73909603667235046, -2.444142737284631828, 35.27616807355595085 ) ) ;
#817 = CIRCLE ( 'NONE', #3336, 10.75000000000000000 ) ;
#818 = APPROVAL_STATUS ( 'not_yet_approved' ) ;
#819 = CARTESIAN_POINT ( 'NONE',  ( -59.03026378462281087, 38.44786940694006461, 17.61601779804799506 ) ) ;
#820 = VECTOR ( 'NONE', #1153, 1000.000000000000000 ) ;
#821 = CARTESIAN_POINT ( 'NONE',  ( -64.73909603667240731, 13.55585726271537084, 20.47616807355595014 ) ) ;
#822 = AXIS2_PLACEMENT_3D ( 'NONE', #1702, #5207, #5123 ) ;
#823 = CARTESIAN_POINT ( 'NONE',  ( -62.61623094034136727, 17.08274344716650361, 7.957619195965621728 ) ) ;
#824 = CARTESIAN_POINT ( 'NONE',  ( -18.55218945652130813, 33.25585726271802400, -15.78816821720920061 ) ) ;
#825 = DIRECTION ( 'NONE',  ( -4.000000000000001100E-15, 1.000000000000000000, -1.070816960479510500E-16 ) ) ;
#826 = CARTESIAN_POINT ( 'NONE',  ( -62.30472963966012401, 13.94987499519258378, 37.77616807355595085 ) ) ;
#827 = VECTOR ( 'NONE', #770, 1000.000000000000000 ) ;
#828 = CARTESIAN_POINT ( 'NONE',  ( -71.23909603667242152, 12.21416965789303433, 20.47616807355595014 ) ) ;
#829 = ADVANCED_FACE ( 'NONE', ( #2301 ), #4503, .F. ) ;
#830 = ORIENTED_EDGE ( 'NONE', *, *, #251, .F. ) ;
#831 = ORIENTED_EDGE ( 'NONE', *, *, #290, .T. ) ;
#832 = CARTESIAN_POINT ( 'NONE',  ( -53.57539507014829638, 25.24185726261494622, 41.45313002315460693 ) ) ;
#833 = DIRECTION ( 'NONE',  ( -1.000000000000000000, 0.000000000000000000, -8.673617379885234787E-17 ) ) ;
#834 = CARTESIAN_POINT ( 'NONE',  ( -60.14708676095757767, 17.88236846006552838, 37.76628666977082105 ) ) ;
#835 = CARTESIAN_POINT ( 'NONE',  ( -59.02427709358837404, 40.44785389651024587, 25.69738826024972056 ) ) ;
#836 = ORIENTED_EDGE ( 'NONE', *, *, #981, .F. ) ;
#837 = CARTESIAN_POINT ( 'NONE',  ( -65.13806913751380989, 16.93450228726370455, 21.28580545688715375 ) ) ;
#838 = EDGE_CURVE ( 'NONE', #52, #1409, #212, .T. ) ;
#839 = DIRECTION ( 'NONE',  ( -1.000000000000000000, 0.000000000000000000, 4.336808689942021680E-16 ) ) ;
#840 = EDGE_LOOP ( 'NONE', ( #935, #125, #2744 ) ) ;
#841 = DIRECTION ( 'NONE',  ( -1.199999999999999960E-29, 2.999999999999999839E-15, -1.000000000000000000 ) ) ;
#842 = EDGE_LOOP ( 'NONE', ( #228, #4849, #1631, #4732 ) ) ;
#843 = ADVANCED_FACE ( 'NONE', ( #4008 ), #3686, .F. ) ;
#844 = DIRECTION ( 'NONE',  ( -4.000000000000000311E-15, 1.000000000000000000, 3.000000000000000233E-15 ) ) ;
#845 = CARTESIAN_POINT ( 'NONE',  ( -59.08029257128747957, 38.63905829451213947, 18.11943210249415159 ) ) ;
#846 = DIRECTION ( 'NONE',  ( 4.000000000000000311E-15, -1.000000000000000000, -2.999999999999999839E-15 ) ) ;
#847 = ORIENTED_EDGE ( 'NONE', *, *, #5585, .T. ) ;
#848 = ADVANCED_FACE ( 'NONE', ( #2720 ), #3934, .F. ) ;
#849 = CARTESIAN_POINT ( 'NONE',  ( -57.87942904541097278, 20.28877236266985307, 6.088169865038485007 ) ) ;
#850 = CARTESIAN_POINT ( 'NONE',  ( -61.35992389273854997, 16.05585726271569058, 37.77616807355595085 ) ) ;
#851 = CIRCLE ( 'NONE', #1754, 1.000000000000000888 ) ;
#852 = CARTESIAN_POINT ( 'NONE',  ( -68.73909603667242152, 13.55585726271535485, 7.876168073555950500 ) ) ;
#853 = CIRCLE ( 'NONE', #3018, 10.75000000000000000 ) ;
#854 = LINE ( 'NONE', #3425, #4264 ) ;
#855 = DIRECTION ( 'NONE',  ( 0.000000000000000000, 1.000000000000000000, 0.000000000000000000 ) ) ;
#856 = VERTEX_POINT ( 'NONE', #5371 ) ;
#857 = EDGE_LOOP ( 'NONE', ( #1944, #5070, #982, #1421, #3536, #206, #4833, #2386, #2499, #3381, #4095, #572, #1342, #331, #4982, #2243, #2219, #4546, #5096, #1851, #4009 ) ) ;
#858 = CARTESIAN_POINT ( 'NONE',  ( -56.15774896348983702, 22.01670583651474544, 4.673848431988309571 ) ) ;
#859 = ORIENTED_EDGE ( 'NONE', *, *, #635, .F. ) ;
#860 = CARTESIAN_POINT ( 'NONE',  ( -66.92869064835014115, 8.705857262715658962, 17.77616807355592599 ) ) ;
#861 = ORIENTED_EDGE ( 'NONE', *, *, #4939, .F. ) ;
#862 = PLANE ( 'NONE',  #3349 ) ;
#863 = VERTEX_POINT ( 'NONE', #2749 ) ;
#864 = PRODUCT_DEFINITION_FORMATION_WITH_SPECIFIED_SOURCE ( '任何', '', #5429, .NOT_KNOWN. ) ;
#865 = CARTESIAN_POINT ( 'NONE',  ( -18.55218945652130813, 33.25585726271803111, -11.07952573536200802 ) ) ;
#866 = ORIENTED_EDGE ( 'NONE', *, *, #2422, .F. ) ;
#867 = EDGE_CURVE ( 'NONE', #1736, #4662, #1213, .T. ) ;
#868 = CARTESIAN_POINT ( 'NONE',  ( 5.435504178569402711, -108.5101599152663425, 20.37876338647399521 ) ) ;
#869 = ORIENTED_EDGE ( 'NONE', *, *, #239, .T. ) ;
#870 = AXIS2_PLACEMENT_3D ( 'NONE', #3195, #2239, #1838 ) ;
#871 = FACE_OUTER_BOUND ( 'NONE', #5372, .T. ) ;
#872 = EDGE_CURVE ( 'NONE', #2739, #1588, #4192, .T. ) ;
#873 = VECTOR ( 'NONE', #3756, 1000.000000000000000 ) ;
#874 = PERSON_AND_ORGANIZATION_ROLE ( 'classification_officer' ) ;
#875 = CARTESIAN_POINT ( 'NONE',  ( -58.86528287636987500, 38.25585726271803111, 26.85785821440099497 ) ) ;
#876 = LINE ( 'NONE', #1270, #1889 ) ;
#877 = ORIENTED_EDGE ( 'NONE', *, *, #3366, .F. ) ;
#878 = DIRECTION ( 'NONE',  ( 1.000000000000000000, 4.625929269271486111E-15, 4.060502299416422556E-28 ) ) ;
#879 = PLANE ( 'NONE',  #1647 ) ;
#880 = EDGE_CURVE ( 'NONE', #1955, #3636, #3660, .T. ) ;
#881 = CARTESIAN_POINT ( 'NONE',  ( -70.83156817911955727, 12.70960028080336457, 21.29102434950675615 ) ) ;
#882 = CARTESIAN_POINT ( 'NONE',  ( -71.73909603667240731, 8.705857262715637646, 21.02616807355592599 ) ) ;
#883 = CARTESIAN_POINT ( 'NONE',  ( -1.602362769591291203, 40.25585726271802400, 14.46683629550358319 ) ) ;
#884 = ORIENTED_EDGE ( 'NONE', *, *, #692, .F. ) ;
#885 = VERTEX_POINT ( 'NONE', #4535 ) ;
#886 = CARTESIAN_POINT ( 'NONE',  ( -59.22891458327908509, 19.15608986441742090, 6.906531568949016986 ) ) ;
#887 = VERTEX_POINT ( 'NONE', #1028 ) ;
#888 = CARTESIAN_POINT ( 'NONE',  ( -36.56013231433185950, 37.55585726271566216, 46.50279808357334588 ) ) ;
#889 = ORIENTED_EDGE ( 'NONE', *, *, #1262, .T. ) ;
#890 = CARTESIAN_POINT ( 'NONE',  ( -57.14720535900773513, 40.66482977588316317, 25.35718153914928408 ) ) ;
#891 = ORIENTED_EDGE ( 'NONE', *, *, #4688, .T. ) ;
#892 = LINE ( 'NONE', #927, #1024 ) ;
#893 = ORIENTED_EDGE ( 'NONE', *, *, #1313, .F. ) ;
#894 = AXIS2_PLACEMENT_3D ( 'NONE', #2690, #4107, #656 ) ;
#895 = CARTESIAN_POINT ( 'NONE',  ( -59.16314436229011164, 13.57498510743601372, 35.27616807355595796 ) ) ;
#896 = CARTESIAN_POINT ( 'NONE',  ( -9.989096036672748369, 36.15585726271584122, 21.57616807355592670 ) ) ;
#897 = AXIS2_PLACEMENT_3D ( 'NONE', #3873, #4719, #391 ) ;
#898 = EDGE_CURVE ( 'NONE', #887, #1300, #132, .T. ) ;
#899 = DIRECTION ( 'NONE',  ( -1.000000000000000000, 0.000000000000000000, 0.000000000000000000 ) ) ;
#900 = B_SPLINE_CURVE_WITH_KNOTS ( 'NONE', 3,
 ( #4583, #5063, #4555, #1192, #2914, #4300, #486, #824 ),
 .UNSPECIFIED., .F., .F.,
 ( 4, 2, 2, 4 ),
 ( 6.938893903907228378E-18, 0.0003914559925198644440, 0.0007829119850397219492, 0.001565823970079429587 ),
 .UNSPECIFIED. ) ;
#901 = VECTOR ( 'NONE', #639, 1000.000000000000000 ) ;
#902 = PERSON_AND_ORGANIZATION ( #2494, #1038 ) ;
#903 = DIRECTION ( 'NONE',  ( 0.000000000000000000, 1.000000000000000000, 0.000000000000000000 ) ) ;
#904 = DIRECTION ( 'NONE',  ( 4.000000000000000311E-15, -1.000000000000000000, -2.999999999999999839E-15 ) ) ;
#905 = ORIENTED_EDGE ( 'NONE', *, *, #392, .F. ) ;
#906 = EDGE_CURVE ( 'NONE', #1090, #4051, #2353, .T. ) ;
#907 = CIRCLE ( 'NONE', #727, 37.50000000000000711 ) ;
#908 = DIRECTION ( 'NONE',  ( 1.000000000000000000, 3.979659739005616090E-15, -1.734723475976807094E-15 ) ) ;
#909 = DIRECTION ( 'NONE',  ( 1.000000000000000000, 4.625929269271486111E-15, 4.060502299416422556E-28 ) ) ;
#910 = AXIS2_PLACEMENT_3D ( 'NONE', #1527, #4979, #1581 ) ;
#911 = VECTOR ( 'NONE', #603, 1000.000000000000000 ) ;
#912 = DIRECTION ( 'NONE',  ( -1.000000000000000000, 0.000000000000000000, 0.000000000000000000 ) ) ;
#913 = PLANE ( 'NONE',  #1190 ) ;
#914 = DIRECTION ( 'NONE',  ( 0.000000000000000000, 0.000000000000000000, 1.000000000000000000 ) ) ;
#915 = EDGE_CURVE ( 'NONE', #4940, #5088, #2019, .T. ) ;
#916 = ORIENTED_EDGE ( 'NONE', *, *, #3785, .T. ) ;
#917 = AXIS2_PLACEMENT_3D ( 'NONE', #1351, #3963, #5301 ) ;
#918 = DIRECTION ( 'NONE',  ( 0.000000000000000000, 1.000000000000000000, 2.775557561562892929E-15 ) ) ;
#919 = ORIENTED_EDGE ( 'NONE', *, *, #692, .T. ) ;
#920 = AXIS2_PLACEMENT_3D ( 'NONE', #4617, #5006, #2916 ) ;
#921 = CARTESIAN_POINT ( 'NONE',  ( -59.20898053216374279, 40.43917694464436607, 23.08284554550261447 ) ) ;
#922 = ORIENTED_EDGE ( 'NONE', *, *, #2463, .F. ) ;
#923 = DIRECTION ( 'NONE',  ( -0.000000000000000000, -1.000000000000000000, -0.000000000000000000 ) ) ;
#924 = VERTEX_POINT ( 'NONE', #5398 ) ;
#925 = EDGE_CURVE ( 'NONE', #3057, #1865, #4930, .T. ) ;
#926 = CIRCLE ( 'NONE', #2090, 2.100000000000000977 ) ;
#927 = CARTESIAN_POINT ( 'NONE',  ( -70.23909603667242152, 12.21416965789303610, 12.97616807355595014 ) ) ;
#928 = ORIENTED_EDGE ( 'NONE', *, *, #1869, .F. ) ;
#929 = CARTESIAN_POINT ( 'NONE',  ( -61.35992389273854997, -108.5101599152663425, 47.77616807355595085 ) ) ;
#930 = CARTESIAN_POINT ( 'NONE',  ( -65.73909603667242152, 16.41817824276755289, 12.97616807355595014 ) ) ;
#931 = EDGE_LOOP ( 'NONE', ( #4434, #3654 ) ) ;
#932 = CARTESIAN_POINT ( 'NONE',  ( -17.55218945652130458, 37.55585726271590374, -12.16505024008966629 ) ) ;
#933 = VECTOR ( 'NONE', #2337, 1000.000000000000000 ) ;
#934 = DIRECTION ( 'NONE',  ( -1.000000000000000000, -4.017254365419973327E-15, 5.331992157739237153E-15 ) ) ;
#935 = ORIENTED_EDGE ( 'NONE', *, *, #1150, .F. ) ;
#936 = FACE_OUTER_BOUND ( 'NONE', #1055, .T. ) ;
#937 = DIRECTION ( 'NONE',  ( 3.469446951953614189E-15, -1.000000000000000000, 4.336808689942017736E-16 ) ) ;
#938 = ADVANCED_FACE ( 'NONE', ( #3205 ), #3149, .F. ) ;
#939 = LINE ( 'NONE', #3589, #2439 ) ;
#940 = DIRECTION ( 'NONE',  ( -4.163336342344258140E-15, 1.000000000000000000, 3.469446951953548713E-15 ) ) ;
#941 = PLANE ( 'NONE',  #3579 ) ;
#942 = ORIENTED_EDGE ( 'NONE', *, *, #811, .T. ) ;
#943 = VERTEX_POINT ( 'NONE', #2275 ) ;
#944 = DIRECTION ( 'NONE',  ( -1.000000000000000000, -3.975407965780184239E-15, 0.000000000000000000 ) ) ;
#945 = VERTEX_POINT ( 'NONE', #2325 ) ;
#946 = EDGE_CURVE ( 'NONE', #1497, #5264, #2773, .T. ) ;
#947 = CARTESIAN_POINT ( 'NONE',  ( -68.73909603667240731, 10.55585726271535840, 15.62616807355592385 ) ) ;
#948 = ORIENTED_EDGE ( 'NONE', *, *, #5529, .F. ) ;
#949 = CARTESIAN_POINT ( 'NONE',  ( -57.02162681028749347, 40.30816431191421145, 26.05266165950798296 ) ) ;
#950 = DIRECTION ( 'NONE',  ( -1.000000000000000000, -4.000000000000001100E-15, -8.673617379885234787E-17 ) ) ;
#951 = VERTEX_POINT ( 'NONE', #1453 ) ;
#952 = CARTESIAN_POINT ( 'NONE',  ( -57.09049300557095563, 40.45178439268278936, 17.44924693322803577 ) ) ;
#953 = ORIENTED_EDGE ( 'NONE', *, *, #42, .T. ) ;
#954 = EDGE_CURVE ( 'NONE', #3479, #3413, #851, .T. ) ;
#955 = CC_DESIGN_SECURITY_CLASSIFICATION ( #3297, ( #864 ) ) ;
#956 = LINE ( 'NONE', #5297, #2955 ) ;
#957 = DIRECTION ( 'NONE',  ( -1.000000000000000000, -4.000000000000001100E-15, -1.156482317317991533E-16 ) ) ;
#958 = ORIENTED_EDGE ( 'NONE', *, *, #5390, .F. ) ;
#959 = VECTOR ( 'NONE', #738, 1000.000000000000000 ) ;
#960 = DIRECTION ( 'NONE',  ( 0.000000000000000000, 0.000000000000000000, 1.000000000000000000 ) ) ;
#961 = VERTEX_POINT ( 'NONE', #5520 ) ;
#962 = CARTESIAN_POINT ( 'NONE',  ( -55.43729641467991343, 22.19563033537624008, 3.467679390535094441 ) ) ;
#963 = DIRECTION ( 'NONE',  ( 0.000000000000000000, 1.000000000000000000, 0.000000000000000000 ) ) ;
#964 = VECTOR ( 'NONE', #5007, 1000.000000000000000 ) ;
#965 = CARTESIAN_POINT ( 'NONE',  ( -67.36814380232306121, 16.05585726271536018, 8.376168073555948723 ) ) ;
#966 = FACE_OUTER_BOUND ( 'NONE', #4796, .T. ) ;
#967 = DIRECTION ( 'NONE',  ( 0.000000000000000000, -0.000000000000000000, 1.000000000000000000 ) ) ;
#968 = ORIENTED_EDGE ( 'NONE', *, *, #4810, .T. ) ;
#969 = ORIENTED_EDGE ( 'NONE', *, *, #5079, .T. ) ;
#970 =( BOUNDED_CURVE ( )  B_SPLINE_CURVE ( 3, ( #4586, #4133, #2491, #4220 ),
 .UNSPECIFIED., .F., .F. ) 
 B_SPLINE_CURVE_WITH_KNOTS ( ( 4, 4 ),
 ( 3.141592653589793116, 4.712388980384689674 ),
 .UNSPECIFIED. ) 
 CURVE ( )  GEOMETRIC_REPRESENTATION_ITEM ( )  RATIONAL_B_SPLINE_CURVE ( ( 1.000000000000000000, 0.8047378541243649375, 0.8047378541243649375, 1.000000000000000000 ) ) 
 REPRESENTATION_ITEM ( '' )  );
#971 = EDGE_CURVE ( 'NONE', #2905, #5184, #321, .T. ) ;
#972 = CARTESIAN_POINT ( 'NONE',  ( -40.95966127903200515, -2.444142737284224154, -0.9747210228175928748 ) ) ;
#973 = VERTEX_POINT ( 'NONE', #2889 ) ;
#974 = DIRECTION ( 'NONE',  ( 2.532443030623077332E-31, -6.331107576557691484E-17, -1.000000000000000000 ) ) ;
#975 = CARTESIAN_POINT ( 'NONE',  ( -52.11890341980409858, 45.25585726271802400, 23.57616807355592670 ) ) ;
#976 = ADVANCED_FACE ( 'NONE', ( #5036 ), #5071, .T. ) ;
#977 = DIRECTION ( 'NONE',  ( 4.000000000000001100E-15, -1.000000000000000000, 9.376883653928825414E-17 ) ) ;
#978 = ORIENTED_EDGE ( 'NONE', *, *, #3111, .T. ) ;
#979 = CARTESIAN_POINT ( 'NONE',  ( -59.36893774517182010, 13.55585726271539393, 35.27616807355594375 ) ) ;
#980 = CARTESIAN_POINT ( 'NONE',  ( 5.435504178569402711, 37.35585726271801832, 19.32876338647399450 ) ) ;
#981 = EDGE_CURVE ( 'NONE', #756, #4515, #5357, .T. ) ;
#982 = ORIENTED_EDGE ( 'NONE', *, *, #3422, .T. ) ;
#983 = AXIS2_PLACEMENT_3D ( 'NONE', #4497, #205, #4130 ) ;
#984 = CARTESIAN_POINT ( 'NONE',  ( -53.90915065318204569, 17.54464506728896467, 7.759940475606274646 ) ) ;
#985 = EDGE_CURVE ( 'NONE', #4470, #5484, #2435, .T. ) ;
#986 = CARTESIAN_POINT ( 'NONE',  ( -71.23909603667242152, 12.21416965789302367, 20.47616807355595014 ) ) ;
#987 = VECTOR ( 'NONE', #4913, 1000.000000000000000 ) ;
#988 = DIRECTION ( 'NONE',  ( 4.000000000000000311E-15, -1.000000000000000000, -3.000000000000000233E-15 ) ) ;
#989 = DIRECTION ( 'NONE',  ( -1.000000000000000000, -4.027036640660449210E-15, 0.000000000000000000 ) ) ;
#990 = DIRECTION ( 'NONE',  ( 1.000000000000000000, 4.625929269271481378E-15, 0.000000000000000000 ) ) ;
#991 = FACE_OUTER_BOUND ( 'NONE', #2946, .T. ) ;
#992 = ORIENTED_EDGE ( 'NONE', *, *, #2181, .F. ) ;
#993 = ORIENTED_EDGE ( 'NONE', *, *, #3953, .F. ) ;
#994 = DIRECTION ( 'NONE',  ( 0.000000000000000000, 0.000000000000000000, 1.000000000000000000 ) ) ;
#995 = VERTEX_POINT ( 'NONE', #2038 ) ;
#996 = VECTOR ( 'NONE', #5221, 1000.000000000000000 ) ;
#997 = CARTESIAN_POINT ( 'NONE',  ( -74.23909603667240731, 9.705857262715626987, 13.47616807355592528 ) ) ;
#998 = FACE_OUTER_BOUND ( 'NONE', #4511, .T. ) ;
#999 = CARTESIAN_POINT ( 'NONE',  ( -59.36907873799639646, 13.55585726271539393, 7.876168073555952276 ) ) ;
#1000 = VECTOR ( 'NONE', #2061, 1000.000000000000000 ) ;
#1001 = CARTESIAN_POINT ( 'NONE',  ( -68.73909603667242152, 13.55585726271535485, 7.876168073555950500 ) ) ;
#1002 = VERTEX_POINT ( 'NONE', #2921 ) ;
#1003 = CARTESIAN_POINT ( 'NONE',  ( -59.57796665238457479, 13.55585726271539393, 35.27616807355595085 ) ) ;
#1004 = DIRECTION ( 'NONE',  ( 8.877702494704836864E-15, 1.020425574104004122E-16, 1.000000000000000000 ) ) ;
#1005 = EDGE_CURVE ( 'NONE', #4493, #1429, #2112, .T. ) ;
#1006 = CARTESIAN_POINT ( 'NONE',  ( -18.55218945652130458, 24.25585726271801690, -15.78816821720920061 ) ) ;
#1007 = CIRCLE ( 'NONE', #4803, 3.000000000000002665 ) ;
#1008 = ORIENTED_EDGE ( 'NONE', *, *, #2862, .T. ) ;
#1009 = DIRECTION ( 'NONE',  ( 1.000000000000000000, -0.000000000000000000, 4.336808689942017736E-16 ) ) ;
#1010 = ADVANCED_FACE ( 'NONE', ( #3831 ), #3313, .T. ) ;
#1011 = CARTESIAN_POINT ( 'NONE',  ( -74.23909603667240731, 10.95585726271562699, 14.62616807355592563 ) ) ;
#1012 = ORIENTED_EDGE ( 'NONE', *, *, #4371, .T. ) ;
#1013 = DIRECTION ( 'NONE',  ( -8.673617379885234787E-17, -0.000000000000000000, 1.000000000000000000 ) ) ;
#1014 = CARTESIAN_POINT ( 'NONE',  ( -44.83909603667240873, 6.555857262715748313, 2.876168073555665394 ) ) ;
#1015 = VECTOR ( 'NONE', #2684, 1000.000000000000000 ) ;
#1016 = EDGE_CURVE ( 'NONE', #4743, #3057, #687, .T. ) ;
#1017 = CARTESIAN_POINT ( 'NONE',  ( -67.36814380232307542, 16.05585726271536018, 5.376168073555949611 ) ) ;
#1018 = CYLINDRICAL_SURFACE ( 'NONE', #115, 3.000000000000000888 ) ;
#1019 = CARTESIAN_POINT ( 'NONE',  ( -66.92869064835014115, 8.705857262715657185, 13.47616807355592528 ) ) ;
#1020 = VERTEX_POINT ( 'NONE', #714 ) ;
#1021 = ORIENTED_EDGE ( 'NONE', *, *, #1481, .F. ) ;
#1022 = CYLINDRICAL_SURFACE ( 'NONE', #537, 1.049999999999998934 ) ;
#1023 = VERTEX_POINT ( 'NONE', #264 ) ;
#1024 = VECTOR ( 'NONE', #5240, 1000.000000000000000 ) ;
#1025 = CARTESIAN_POINT ( 'NONE',  ( -17.55218945652125839, 25.25585726271803466, -12.16505024008970359 ) ) ;
#1026 = DIRECTION ( 'NONE',  ( 0.000000000000000000, 0.000000000000000000, 1.000000000000000000 ) ) ;
#1027 = CARTESIAN_POINT ( 'NONE',  ( -53.01261369126519440, 18.32657653492786665, 7.346315055084549961 ) ) ;
#1028 = CARTESIAN_POINT ( 'NONE',  ( -61.35992389273858549, -2.444142737284336508, 5.376168073555951388 ) ) ;
#1029 = ORIENTED_EDGE ( 'NONE', *, *, #915, .F. ) ;
#1030 = CIRCLE ( 'NONE', #4915, 5.999999999999998224 ) ;
#1031 = CARTESIAN_POINT ( 'NONE',  ( -111.5487462628537969, 2.155857262715456191, 12.97616807355592528 ) ) ;
#1032 = FACE_OUTER_BOUND ( 'NONE', #4401, .T. ) ;
#1033 = CARTESIAN_POINT ( 'NONE',  ( -54.91200660120077259, 21.78058290458620760, 40.12346444651148403 ) ) ;
#1034 = ORIENTED_EDGE ( 'NONE', *, *, #1830, .T. ) ;
#1035 = ADVANCED_FACE ( 'NONE', ( #1136, #5486, #4135, #2009, #5458 ), #1227, .T. ) ;
#1036 = CARTESIAN_POINT ( 'NONE',  ( -71.23909603667242152, 13.05585726271534419, 34.77616807355595085 ) ) ;
#1037 = DIRECTION ( 'NONE',  ( 1.156482317317995231E-16, -9.376883653928778575E-17, -1.000000000000000000 ) ) ;
#1038 = ORGANIZATION ( '未指定', '未指定', '' ) ;
#1039 = EDGE_CURVE ( 'NONE', #2406, #4470, #3199, .T. ) ;
#1040 = CARTESIAN_POINT ( 'NONE',  ( -54.75590993504845727, 16.80952877991878580, 35.27616807355595085 ) ) ;
#1041 = CARTESIAN_POINT ( 'NONE',  ( -57.22500873453075343, 42.25585726271803111, 18.57616807355593025 ) ) ;
#1042 = LINE ( 'NONE', #4443, #1908 ) ;
#1043 = EDGE_LOOP ( 'NONE', ( #3120, #774, #452, #1021, #3687 ) ) ;
#1044 = DIRECTION ( 'NONE',  ( 0.000000000000000000, 0.000000000000000000, 1.000000000000000000 ) ) ;
#1045 = VERTEX_POINT ( 'NONE', #349 ) ;
#1046 = AXIS2_PLACEMENT_3D ( 'NONE', #5396, #5455, #1529 ) ;
#1047 = EDGE_CURVE ( 'NONE', #2343, #3636, #4481, .T. ) ;
#1048 = CARTESIAN_POINT ( 'NONE',  ( -46.23909603667240731, 6.555857262715742984, 2.876168073555665394 ) ) ;
#1049 = APPLICATION_CONTEXT ( 'configuration controlled 3d designs of mechanical parts and assemblies' ) ;
#1050 = LINE ( 'NONE', #997, #191 ) ;
#1051 = AXIS2_PLACEMENT_3D ( 'NONE', #4233, #814, #2959 ) ;
#1052 = CARTESIAN_POINT ( 'NONE',  ( -24.83304049700231175, 33.22524094648796478, -11.22608279801378295 ) ) ;
#1053 = DIRECTION ( 'NONE',  ( 0.000000000000000000, 0.000000000000000000, 1.000000000000000000 ) ) ;
#1054 = DIRECTION ( 'NONE',  ( 8.673617379885279161E-17, -1.070816960479506926E-16, -1.000000000000000000 ) ) ;
#1055 = EDGE_LOOP ( 'NONE', ( #4319, #4407, #1890, #4949 ) ) ;
#1056 = LINE ( 'NONE', #1482, #1923 ) ;
#1057 = CARTESIAN_POINT ( 'NONE',  ( -54.75590993504845727, 16.80952877991878580, 35.27616807355595085 ) ) ;
#1058 = CARTESIAN_POINT ( 'NONE',  ( -54.63529245847146854, 22.30976011120851865, 40.36601900275688593 ) ) ;
#1059 = ORIENTED_EDGE ( 'NONE', *, *, #4735, .T. ) ;
#1060 = MANIFOLD_SOLID_BREP ( '凸台-拉伸12[1]', #1506 ) ;
#1061 = LINE ( 'NONE', #3158, #2875 ) ;
#1062 = FACE_OUTER_BOUND ( 'NONE', #5204, .T. ) ;
#1063 = ADVANCED_FACE ( 'NONE', ( #2948 ), #4678, .T. ) ;
#1064 = ORIENTED_EDGE ( 'NONE', *, *, #2329, .T. ) ;
#1065 = CARTESIAN_POINT ( 'NONE',  ( -74.23909603667239310, 7.455857262715628764, 14.62616807355592563 ) ) ;
#1066 = CARTESIAN_POINT ( 'NONE',  ( -59.18976594397847890, 39.80708454333581159, 19.64706432462424601 ) ) ;
#1067 = DIRECTION ( 'NONE',  ( -4.060502299416422556E-28, -1.408769732611094895E-42, 1.000000000000000000 ) ) ;
#1068 = ORIENTED_EDGE ( 'NONE', *, *, #1253, .F. ) ;
#1069 = EDGE_CURVE ( 'NONE', #3636, #4470, #2474, .T. ) ;
#1070 =( NAMED_UNIT ( * ) SI_UNIT ( $, .STERADIAN. ) SOLID_ANGLE_UNIT ( ) );
#1071 = CIRCLE ( 'NONE', #5136, 1.000000000000000000 ) ;
#1072 = ORIENTED_EDGE ( 'NONE', *, *, #2391, .T. ) ;
#1073 = ORIENTED_EDGE ( 'NONE', *, *, #2576, .T. ) ;
#1074 = CYLINDRICAL_SURFACE ( 'NONE', #3419, 3.000000000000002665 ) ;
#1075 = AXIS2_PLACEMENT_3D ( 'NONE', #3291, #5433, #2470 ) ;
#1076 = CARTESIAN_POINT ( 'NONE',  ( -71.23909603667243573, 16.05585726271534597, 37.77616807355595085 ) ) ;
#1077 = DIRECTION ( 'NONE',  ( 0.000000000000000000, 1.000000000000000000, 0.000000000000000000 ) ) ;
#1078 = EDGE_CURVE ( 'NONE', #5121, #2245, #2183, .T. ) ;
#1079 = CARTESIAN_POINT ( 'NONE',  ( -65.73909603667240731, 13.55585726271536728, 20.47616807355595014 ) ) ;
#1080 = ORIENTED_EDGE ( 'NONE', *, *, #1629, .T. ) ;
#1081 = CARTESIAN_POINT ( 'NONE',  ( -74.23909603667240731, 10.95585726271562699, 14.62616807355592563 ) ) ;
#1082 = AXIS2_PLACEMENT_3D ( 'NONE', #1604, #1968, #1154 ) ;
#1083 = EDGE_LOOP ( 'NONE', ( #1511, #2192 ) ) ;
#1084 = DIRECTION ( 'NONE',  ( 1.000000000000000000, 0.000000000000000000, 8.673617379885234787E-17 ) ) ;
#1085 = DIRECTION ( 'NONE',  ( -1.000000000000000000, -4.000000000000001100E-15, -8.673617379885234787E-17 ) ) ;
#1086 = CIRCLE ( 'NONE', #4252, 37.50000000000000711 ) ;
#1087 = EDGE_CURVE ( 'NONE', #4973, #151, #1842, .T. ) ;
#1088 = LINE ( 'NONE', #2359, #2341 ) ;
#1089 = VECTOR ( 'NONE', #3188, 1000.000000000000000 ) ;
#1090 = VERTEX_POINT ( 'NONE', #464 ) ;
#1091 = DIRECTION ( 'NONE',  ( -4.500904153885843101E-15, 1.000000000000000000, -3.903912049434189741E-31 ) ) ;
#1092 = CIRCLE ( 'NONE', #1634, 1.000000000000000888 ) ;
#1093 = CARTESIAN_POINT ( 'NONE',  ( -74.23909603667236468, -2.444142737284369371, 5.376168073555954052 ) ) ;
#1094 = ORIENTED_EDGE ( 'NONE', *, *, #5399, .T. ) ;
#1095 = VECTOR ( 'NONE', #1305, 1000.000000000000000 ) ;
#1096 = CARTESIAN_POINT ( 'NONE',  ( -40.23909603667241441, 7.555857262715652389, 41.27616807355596507 ) ) ;
#1097 = CARTESIAN_POINT ( 'NONE',  ( -58.86528287636986789, 40.25585726271802400, 16.29447793271086198 ) ) ;
#1098 = CARTESIAN_POINT ( 'NONE',  ( 15.76190396332741805, 13.05585726271569413, 34.77616807355595796 ) ) ;
#1099 = VERTEX_POINT ( 'NONE', #1335 ) ;
#1100 = VERTEX_POINT ( 'NONE', #16 ) ;
#1101 = ORIENTED_EDGE ( 'NONE', *, *, #4272, .F. ) ;
#1102 = CARTESIAN_POINT ( 'NONE',  ( -71.23909603667242152, 12.21416965789302367, 13.97616807355594837 ) ) ;
#1103 = CYLINDRICAL_SURFACE ( 'NONE', #618, 2.100000000000000977 ) ;
#1104 = EDGE_CURVE ( 'NONE', #1285, #4234, #1480, .T. ) ;
#1105 = LINE ( 'NONE', #4108, #1810 ) ;
#1106 = AXIS2_PLACEMENT_3D ( 'NONE', #3728, #4997, #1995 ) ;
#1107 = DIRECTION ( 'NONE',  ( 1.016643762873339164E-32, 1.000000000000000000, -9.376883653928778575E-17 ) ) ;
#1108 = DIRECTION ( 'NONE',  ( 0.000000000000000000, -0.000000000000000000, 1.000000000000000000 ) ) ;
#1109 = EDGE_LOOP ( 'NONE', ( #4375, #4050, #1949, #5233, #5548, #135, #3312, #178, #4266, #3065, #1393, #1530 ) ) ;
#1110 = CARTESIAN_POINT ( 'NONE',  ( -46.23909603667240731, 6.555857262715742984, 2.876168073555665394 ) ) ;
#1111 = ORIENTED_EDGE ( 'NONE', *, *, #3475, .T. ) ;
#1112 = EDGE_CURVE ( 'NONE', #3671, #2153, #495, .T. ) ;
#1113 = DIRECTION ( 'NONE',  ( 8.673617379885217531E-17, 4.565061778886374226E-17, -1.000000000000000000 ) ) ;
#1114 = ORIENTED_EDGE ( 'NONE', *, *, #5325, .F. ) ;
#1115 = FACE_OUTER_BOUND ( 'NONE', #3596, .T. ) ;
#1116 = CARTESIAN_POINT ( 'NONE',  ( -32.48909603667274126, 36.15585726271574885, 21.57616807355592670 ) ) ;
#1117 = AXIS2_PLACEMENT_3D ( 'NONE', #608, #158, #2803 ) ;
#1118 = VERTEX_POINT ( 'NONE', #3059 ) ;
#1119 = ADVANCED_FACE ( 'NONE', ( #3093 ), #4463, .F. ) ;
#1120 = CARTESIAN_POINT ( 'NONE',  ( -62.30397421949789560, 13.95022754415902533, 5.376168073555949611 ) ) ;
#1121 = DIRECTION ( 'NONE',  ( 1.156482317317995478E-16, -9.376883653928778575E-17, -1.000000000000000000 ) ) ;
#1122 = ORIENTED_EDGE ( 'NONE', *, *, #3090, .F. ) ;
#1123 = DIRECTION ( 'NONE',  ( 0.000000000000000000, 0.000000000000000000, 1.000000000000000000 ) ) ;
#1124 = CARTESIAN_POINT ( 'NONE',  ( -58.96835956489209707, 40.29424177040703370, 17.03527631640882234 ) ) ;
#1125 = CARTESIAN_POINT ( 'NONE',  ( -51.11890341980409147, 45.25585726271802400, 23.57616807355592670 ) ) ;
#1126 = ORIENTED_EDGE ( 'NONE', *, *, #2316, .F. ) ;
#1127 = CARTESIAN_POINT ( 'NONE',  ( -25.55218945652130458, 32.25585726271803821, -11.74398061814017957 ) ) ;
#1128 = CARTESIAN_POINT ( 'NONE',  ( -71.73909603667239310, 6.155857262715642264, 23.47616807355592528 ) ) ;
#1129 = FACE_OUTER_BOUND ( 'NONE', #5477, .T. ) ;
#1130 = DIRECTION ( 'NONE',  ( 1.000000000000000000, 4.081702296416016786E-15, 0.000000000000000000 ) ) ;
#1131 = B_SPLINE_CURVE_WITH_KNOTS ( 'NONE', 3,
 ( #2093, #4276, #5116, #2941, #3452, #2997, #3395, #881, #4725, #5175, #4699, #3423 ),
 .UNSPECIFIED., .F., .F.,
 ( 4, 2, 2, 2, 2, 4 ),
 ( 0.000000000000000000, 0.0002318587270571708856, 0.0004637174541143417711, 0.0009274349082286707487, 0.001391152362342999889, 0.001854869816457329137 ),
 .UNSPECIFIED. ) ;
#1132 = DIRECTION ( 'NONE',  ( 4.000000000000001100E-15, -1.000000000000000000, -5.337610695313253357E-16 ) ) ;
#1133 = CIRCLE ( 'NONE', #1411, 34.00000000000000000 ) ;
#1134 = EDGE_CURVE ( 'NONE', #5266, #2673, #1303, .T. ) ;
#1135 = VERTEX_POINT ( 'NONE', #4819 ) ;
#1136 = FACE_BOUND ( 'NONE', #237, .T. ) ;
#1137 = VERTEX_POINT ( 'NONE', #3859 ) ;
#1138 = VECTOR ( 'NONE', #606, 1000.000000000000000 ) ;
#1139 = PLANE ( 'NONE',  #1658 ) ;
#1140 = ADVANCED_BREP_SHAPE_REPRESENTATION ( 'HD底座', ( #1060, #4764, #4669, #2575 ), #2387 ) ;
#1141 = LINE ( 'NONE', #3719, #23 ) ;
#1142 = EDGE_LOOP ( 'NONE', ( #2891, #3406, #4830, #3108, #5180 ) ) ;
#1143 = CARTESIAN_POINT ( 'NONE',  ( -65.61011229520759969, 16.73650839974721904, 21.47616807355594659 ) ) ;
#1144 = EDGE_CURVE ( 'NONE', #3569, #1020, #1030, .T. ) ;
#1145 = LINE ( 'NONE', #3722, #1387 ) ;
#1146 = ORIENTED_EDGE ( 'NONE', *, *, #4855, .F. ) ;
#1147 = CARTESIAN_POINT ( 'NONE',  ( -17.55218945652130458, 32.25585726271804532, -11.69907502930238152 ) ) ;
#1148 = DIRECTION ( 'NONE',  ( 0.000000000000000000, 1.000000000000000000, 0.000000000000000000 ) ) ;
#1149 = ORIENTED_EDGE ( 'NONE', *, *, #2877, .F. ) ;
#1150 = EDGE_CURVE ( 'NONE', #4025, #2406, #3734, .T. ) ;
#1151 = ADVANCED_FACE ( 'NONE', ( #2344 ), #1074, .T. ) ;
#1152 = FACE_OUTER_BOUND ( 'NONE', #3955, .T. ) ;
#1153 = DIRECTION ( 'NONE',  ( -1.000000000000000000, -4.000000000000001100E-15, -8.673617379885234787E-17 ) ) ;
#1154 = DIRECTION ( 'NONE',  ( 0.000000000000000000, 0.000000000000000000, -1.000000000000000000 ) ) ;
#1155 = ORIENTED_EDGE ( 'NONE', *, *, #1144, .T. ) ;
#1156 = EDGE_CURVE ( 'NONE', #175, #1100, #4138, .T. ) ;
#1157 = LINE ( 'NONE', #4106, #2655 ) ;
#1158 = CARTESIAN_POINT ( 'NONE',  ( 5.435504178569402711, 37.35585726271801832, 21.42876338647399592 ) ) ;
#1159 = VECTOR ( 'NONE', #3914, 1000.000000000000000 ) ;
#1160 = CARTESIAN_POINT ( 'NONE',  ( -46.23909603667237178, -2.444142737284368927, 40.27616807355594375 ) ) ;
#1161 = VECTOR ( 'NONE', #4741, 1000.000000000000000 ) ;
#1162 = FACE_OUTER_BOUND ( 'NONE', #263, .T. ) ;
#1163 = DIRECTION ( 'NONE',  ( 1.000000000000000000, 4.000000000000001100E-15, 1.156482317317991533E-16 ) ) ;
#1164 = ORIENTED_EDGE ( 'NONE', *, *, #4906, .F. ) ;
#1165 = VERTEX_POINT ( 'NONE', #177 ) ;
#1166 = CARTESIAN_POINT ( 'NONE',  ( 15.76190396332741450, 16.05585726271569058, 8.376168073555955829 ) ) ;
#1167 = AXIS2_PLACEMENT_3D ( 'NONE', #3070, #4291, #2136 ) ;
#1168 = ORIENTED_EDGE ( 'NONE', *, *, #5016, .T. ) ;
#1169 = CARTESIAN_POINT ( 'NONE',  ( -62.08447445679394860, 17.32272944764364553, 35.24733424423263273 ) ) ;
#1170 = CARTESIAN_POINT ( 'NONE',  ( -59.16944230681958317, 42.11987300433288084, 24.57616807503688250 ) ) ;
#1171 = VERTEX_POINT ( 'NONE', #1499 ) ;
#1172 = CARTESIAN_POINT ( 'NONE',  ( -1.602362769591291203, -108.5101599152663425, 14.46683629550358319 ) ) ;
#1173 = VECTOR ( 'NONE', #612, 1000.000000000000000 ) ;
#1174 = CARTESIAN_POINT ( 'NONE',  ( -1.602362769591291203, -108.5101599152663425, 15.51683629550358390 ) ) ;
#1175 = ORIENTED_EDGE ( 'NONE', *, *, #771, .F. ) ;
#1176 = ORIENTED_EDGE ( 'NONE', *, *, #898, .T. ) ;
#1177 = AXIS2_PLACEMENT_3D ( 'NONE', #2210, #3942, #1782 ) ;
#1178 = ADVANCED_FACE ( 'NONE', ( #625 ), #2320, .T. ) ;
#1179 = AXIS2_PLACEMENT_3D ( 'NONE', #281, #4521, #4579 ) ;
#1180 = DIRECTION ( 'NONE',  ( 4.000000000000000311E-15, -1.000000000000000000, -2.999999999999999839E-15 ) ) ;
#1181 = CARTESIAN_POINT ( 'NONE',  ( -71.73909603667236468, -3.228907953474740840E-13, -2.960543799099297657E-27 ) ) ;
#1182 = ORIENTED_EDGE ( 'NONE', *, *, #4508, .T. ) ;
#1183 = VECTOR ( 'NONE', #5442, 1000.000000000000000 ) ;
#1184 = CYLINDRICAL_SURFACE ( 'NONE', #389, 3.000000000000000888 ) ;
#1185 = ADVANCED_FACE ( 'NONE', ( #127 ), #2294, .F. ) ;
#1186 = VECTOR ( 'NONE', #552, 1000.000000000000000 ) ;
#1187 = LINE ( 'NONE', #4296, #1269 ) ;
#1188 = FACE_OUTER_BOUND ( 'NONE', #5538, .T. ) ;
#1189 = ORIENTED_EDGE ( 'NONE', *, *, #5568, .F. ) ;
#1190 = AXIS2_PLACEMENT_3D ( 'NONE', #2516, #1275, #2184 ) ;
#1191 = CARTESIAN_POINT ( 'NONE',  ( -71.73909603667237889, 2.155857262715642264, 23.47616807355592528 ) ) ;
#1192 = CARTESIAN_POINT ( 'NONE',  ( -17.67891416837296603, 32.76043437148705806, -15.70341727486988148 ) ) ;
#1193 = ADVANCED_FACE ( 'NONE', ( #1444 ), #1022, .F. ) ;
#1194 = LINE ( 'NONE', #5145, #456 ) ;
#1195 = FACE_OUTER_BOUND ( 'NONE', #5019, .T. ) ;
#1196 = ORIENTED_EDGE ( 'NONE', *, *, #3548, .T. ) ;
#1197 = ORIENTED_EDGE ( 'NONE', *, *, #1428, .F. ) ;
#1198 = DIRECTION ( 'NONE',  ( 0.000000000000000000, 1.000000000000000000, 0.000000000000000000 ) ) ;
#1199 = AXIS2_PLACEMENT_3D ( 'NONE', #224, #1940, #1123 ) ;
#1200 = CARTESIAN_POINT ( 'NONE',  ( -55.07952279158463682, 22.66568611386841781, 39.96436391861002591 ) ) ;
#1201 = CYLINDRICAL_SURFACE ( 'NONE', #5418, 2.000000000000001776 ) ;
#1202 = ORIENTED_EDGE ( 'NONE', *, *, #4094, .F. ) ;
#1203 = CARTESIAN_POINT ( 'NONE',  ( -21.73909603667274837, 26.05585726271551650, 21.57616807355592670 ) ) ;
#1204 = B_SPLINE_CURVE_WITH_KNOTS ( 'NONE', 3,
 ( #4638, #3789, #2424, #3304, #1519, #227, #5027, #4181, #764, #2787, #310, #4103, #2817, #677, #2395, #2117, #5537, #4238, #5170, #4271, #5087, #1689, #1299, #1326 ),
 .UNSPECIFIED., .F., .F.,
 ( 4, 2, 2, 2, 2, 2, 2, 2, 2, 2, 2, 4 ),
 ( 1.734723475976807094E-18, 0.001912905833193940608, 0.003825811666387882951, 0.004782264582984846642, 0.005738717499581811633, 0.007651623332775727739, 0.009564529165969644711, 0.01147743499916356082, 0.01339034083235747866, 0.01434679374895444018, 0.01482502020725292267, 0.01530324666555140344 ),
 .UNSPECIFIED. ) ;
#1205 = CARTESIAN_POINT ( 'NONE',  ( -57.22500873453075343, 42.25585726271803111, 20.57616807355592670 ) ) ;
#1206 = ORIENTED_EDGE ( 'NONE', *, *, #4747, .T. ) ;
#1207 = AXIS2_PLACEMENT_3D ( 'NONE', #2732, #271, #4835 ) ;
#1208 = CARTESIAN_POINT ( 'NONE',  ( -18.29098584519620729, 24.28174534471371615, -15.76516681283990096 ) ) ;
#1209 = PLANE ( 'NONE',  #1589 ) ;
#1210 = EDGE_LOOP ( 'NONE', ( #2530, #1903 ) ) ;
#1211 = EDGE_CURVE ( 'NONE', #4147, #5035, #85, .T. ) ;
#1212 = DIRECTION ( 'NONE',  ( 1.000000000000000000, 3.989863994746658684E-15, 0.000000000000000000 ) ) ;
#1213 = CIRCLE ( 'NONE', #398, 37.50000000000000711 ) ;
#1214 = CARTESIAN_POINT ( 'NONE',  ( -59.10162131342058700, 38.75676976824701825, 18.35988658678053298 ) ) ;
#1215 = DIRECTION ( 'NONE',  ( 0.000000000000000000, 0.000000000000000000, 1.000000000000000000 ) ) ;
#1216 = VERTEX_POINT ( 'NONE', #972 ) ;
#1217 = ADVANCED_FACE ( 'NONE', ( #3571 ), #231, .F. ) ;
#1218 = CARTESIAN_POINT ( 'NONE',  ( -58.50613820290480049, 19.05968440711317413, 5.022339996472038770 ) ) ;
#1219 = CARTESIAN_POINT ( 'NONE',  ( -62.31575015560154895, 13.97639163126451756, 37.77616807355595085 ) ) ;
#1220 = LINE ( 'NONE', #2546, #3252 ) ;
#1221 = DIRECTION ( 'NONE',  ( 0.000000000000000000, 1.000000000000000000, 0.000000000000000000 ) ) ;
#1222 = LINE ( 'NONE', #2548, #1682 ) ;
#1223 = EDGE_CURVE ( 'NONE', #2644, #164, #5312, .T. ) ;
#1224 = ORIENTED_EDGE ( 'NONE', *, *, #2254, .F. ) ;
#1225 = PRODUCT_RELATED_PRODUCT_CATEGORY ( 'detail', '', ( #5429 ) ) ;
#1226 = VERTEX_POINT ( 'NONE', #4473 ) ;
#1227 = PLANE ( 'NONE',  #582 ) ;
#1228 = LINE ( 'NONE', #19, #368 ) ;
#1229 = DIRECTION ( 'NONE',  ( 0.000000000000000000, 1.000000000000000000, 0.000000000000000000 ) ) ;
#1230 = CARTESIAN_POINT ( 'NONE',  ( -64.73909603667242152, 17.11849695311790498, 20.47616807355595014 ) ) ;
#1231 = EDGE_LOOP ( 'NONE', ( #5431, #3925, #4528, #1638 ) ) ;
#1232 = LINE ( 'NONE', #4712, #2527 ) ;
#1233 = CYLINDRICAL_SURFACE ( 'NONE', #1922, 4.999999999999997335 ) ;
#1234 = AXIS2_PLACEMENT_3D ( 'NONE', #4928, #183, #1053 ) ;
#1235 = ORIENTED_EDGE ( 'NONE', *, *, #4397, .T. ) ;
#1236 = LINE ( 'NONE', #5080, #445 ) ;
#1237 = DIRECTION ( 'NONE',  ( -0.000000000000000000, -1.000000000000000000, -0.000000000000000000 ) ) ;
#1238 = VERTEX_POINT ( 'NONE', #4423 ) ;
#1239 = DIRECTION ( 'NONE',  ( 4.000000000000001100E-15, -1.000000000000000000, 0.000000000000000000 ) ) ;
#1240 = B_SPLINE_CURVE_WITH_KNOTS ( 'NONE', 3,
 ( #1439, #5359, #4416, #1490, #2236, #3165, #4466, #1807, #4892, #3540 ),
 .UNSPECIFIED., .F., .F.,
 ( 4, 2, 2, 2, 4 ),
 ( 3.469446951953614189E-18, 0.001547357718911484235, 0.002321036578367224618, 0.002707876008095091123, 0.003094715437822957629 ),
 .UNSPECIFIED. ) ;
#1241 = EDGE_CURVE ( 'NONE', #4542, #5074, #4594, .T. ) ;
#1242 = DIRECTION ( 'NONE',  ( 0.000000000000000000, -1.000000000000000000, -2.775557561562890957E-15 ) ) ;
#1243 = DIRECTION ( 'NONE',  ( -4.000000000000000311E-15, 1.000000000000000000, 2.999999999999999839E-15 ) ) ;
#1244 = CARTESIAN_POINT ( 'NONE',  ( -21.73909603667249257, 30.15585726271579858, 21.57616807355580590 ) ) ;
#1245 = DIRECTION ( 'NONE',  ( -8.673617379885238485E-17, 0.000000000000000000, 1.000000000000000000 ) ) ;
#1246 = EDGE_CURVE ( 'NONE', #5083, #1135, #2430, .T. ) ;
#1247 = LINE ( 'NONE', #852, #2170 ) ;
#1248 = DIRECTION ( 'NONE',  ( 4.000000000000001100E-15, -1.000000000000000000, 1.070816960479510500E-16 ) ) ;
#1249 = DIRECTION ( 'NONE',  ( 0.000000000000000000, 1.000000000000000000, 0.000000000000000000 ) ) ;
#1250 = ORIENTED_EDGE ( 'NONE', *, *, #3667, .T. ) ;
#1251 = AXIS2_PLACEMENT_3D ( 'NONE', #2373, #4002, #1843 ) ;
#1252 = CARTESIAN_POINT ( 'NONE',  ( -74.23909603667239310, 6.955857262715627876, 12.97616807355592883 ) ) ;
#1253 = EDGE_CURVE ( 'NONE', #3096, #885, #1420, .T. ) ;
#1254 = LINE ( 'NONE', #2069, #3989 ) ;
#1255 = CARTESIAN_POINT ( 'NONE',  ( -56.58697708024880768, 19.05540782364010255, 38.97982059941197974 ) ) ;
#1256 = CARTESIAN_POINT ( 'NONE',  ( -57.18373189878021634, 40.93193002164007765, 25.07142033089133548 ) ) ;
#1257 = ORIENTED_EDGE ( 'NONE', *, *, #2164, .T. ) ;
#1258 = CYLINDRICAL_SURFACE ( 'NONE', #4432, 1.049999999999998934 ) ;
#1259 = AXIS2_PLACEMENT_3D ( 'NONE', #1036, #1513, #4013 ) ;
#1260 = CARTESIAN_POINT ( 'NONE',  ( -50.85518025116227392, 37.55585726271566216, 11.86074450546988679 ) ) ;
#1261 = ORIENTED_EDGE ( 'NONE', *, *, #4537, .F. ) ;
#1262 = EDGE_CURVE ( 'NONE', #5035, #5533, #2715, .T. ) ;
#1263 = CARTESIAN_POINT ( 'NONE',  ( -74.23909603667240731, 9.705857262715626987, 21.02616807355592599 ) ) ;
#1264 = DIRECTION ( 'NONE',  ( 1.000000000000000000, 4.140985540144293979E-15, 0.000000000000000000 ) ) ;
#1265 = ORIENTED_EDGE ( 'NONE', *, *, #739, .T. ) ;
#1266 = CARTESIAN_POINT ( 'NONE',  ( -71.73909603667236468, -3.228907953474740840E-13, -2.960543799099297657E-27 ) ) ;
#1267 = VECTOR ( 'NONE', #5043, 1000.000000000000000 ) ;
#1268 = CARTESIAN_POINT ( 'NONE',  ( -59.20893560375844089, 40.43737758840708096, 20.06840326152106613 ) ) ;
#1269 = VECTOR ( 'NONE', #5169, 1000.000000000000000 ) ;
#1270 = CARTESIAN_POINT ( 'NONE',  ( -71.73909603667240731, 9.705857262715648304, 5.180608753262697754E-15 ) ) ;
#1271 = EDGE_LOOP ( 'NONE', ( #3471, #1012, #4459, #2511 ) ) ;
#1272 = CARTESIAN_POINT ( 'NONE',  ( -59.19723824634271381, 18.52960674138015662, 5.207937520792450314 ) ) ;
#1273 = DIRECTION ( 'NONE',  ( -0.000000000000000000, -1.000000000000000000, -0.000000000000000000 ) ) ;
#1274 = LINE ( 'NONE', #4331, #1445 ) ;
#1275 = DIRECTION ( 'NONE',  ( 4.000000000000000311E-15, -1.000000000000000000, -2.999999999999999839E-15 ) ) ;
#1276 = AXIS2_PLACEMENT_3D ( 'NONE', #1611, #1107, #233 ) ;
#1277 = CARTESIAN_POINT ( 'NONE',  ( -21.73909603667274837, -2.444142737284202394, 21.57616807355592670 ) ) ;
#1278 = ORIENTED_EDGE ( 'NONE', *, *, #5355, .T. ) ;
#1279 = EDGE_CURVE ( 'NONE', #5484, #2365, #1964, .T. ) ;
#1280 = CARTESIAN_POINT ( 'NONE',  ( -58.99706313649627276, 19.33910481771902923, 6.781009290662371569 ) ) ;
#1281 = ORIENTED_EDGE ( 'NONE', *, *, #5460, .T. ) ;
#1282 = FACE_OUTER_BOUND ( 'NONE', #2276, .T. ) ;
#1283 = CARTESIAN_POINT ( 'NONE',  ( -60.10958984957968454, 18.50234522017453287, 35.82284001744123714 ) ) ;
#1284 = DIRECTION ( 'NONE',  ( 0.000000000000000000, 0.000000000000000000, 1.000000000000000000 ) ) ;
#1285 = VERTEX_POINT ( 'NONE', #3225 ) ;
#1286 = DIRECTION ( 'NONE',  ( 4.000000000000001100E-15, -1.000000000000000000, 0.000000000000000000 ) ) ;
#1287 = EDGE_CURVE ( 'NONE', #5088, #4940, #443, .T. ) ;
#1288 = CARTESIAN_POINT ( 'NONE',  ( -71.23909603667242152, 13.05585726271534242, 34.77616807355595085 ) ) ;
#1289 = VECTOR ( 'NONE', #363, 1000.000000000000000 ) ;
#1290 = ORIENTED_EDGE ( 'NONE', *, *, #2877, .T. ) ;
#1291 = DIRECTION ( 'NONE',  ( -0.000000000000000000, 1.000000000000000000, -0.000000000000000000 ) ) ;
#1292 = CARTESIAN_POINT ( 'NONE',  ( -62.61623094034132464, 17.08274344716651783, 35.19471695114630450 ) ) ;
#1293 = ORIENTED_EDGE ( 'NONE', *, *, #3983, .T. ) ;
#1294 = EDGE_CURVE ( 'NONE', #1831, #4944, #1515, .T. ) ;
#1295 = CIRCLE ( 'NONE', #2008, 34.00000000000015632 ) ;
#1296 = DIRECTION ( 'NONE',  ( 4.000000000000001100E-15, -1.000000000000000000, 1.070816960479510377E-16 ) ) ;
#1297 = APPROVAL_STATUS ( 'not_yet_approved' ) ;
#1298 = CARTESIAN_POINT ( 'NONE',  ( -58.90359686988894339, 38.25585726271802400, 16.56379560262926276 ) ) ;
#1299 = CARTESIAN_POINT ( 'NONE',  ( -53.06690352026524948, 25.92254231259010666, 0.9648576695631002620 ) ) ;
#1300 = VERTEX_POINT ( 'NONE', #3335 ) ;
#1301 = DIRECTION ( 'NONE',  ( 0.000000000000000000, 0.000000000000000000, 1.000000000000000000 ) ) ;
#1302 = DIRECTION ( 'NONE',  ( 4.625929269271486111E-15, -1.000000000000000000, 0.000000000000000000 ) ) ;
#1303 = CIRCLE ( 'NONE', #47, 4.999999999999997335 ) ;
#1304 = CARTESIAN_POINT ( 'NONE',  ( -71.73909603667242152, 10.95585726271563587, 15.62616807355592385 ) ) ;
#1305 = DIRECTION ( 'NONE',  ( -0.000000000000000000, 1.000000000000000000, -0.000000000000000000 ) ) ;
#1306 = CARTESIAN_POINT ( 'NONE',  ( -48.75696015366688840, 7.555857262715633738, 35.83003547433002467 ) ) ;
#1307 = ORIENTED_EDGE ( 'NONE', *, *, #355, .T. ) ;
#1308 = CARTESIAN_POINT ( 'NONE',  ( -60.43662336429087389, 18.27908412213792744, 7.461269392655404786 ) ) ;
#1309 = VERTEX_POINT ( 'NONE', #768 ) ;
#1310 = CARTESIAN_POINT ( 'NONE',  ( -59.21724343204621022, 40.93103031338816322, 22.86099838163904607 ) ) ;
#1311 = ORIENTED_EDGE ( 'NONE', *, *, #1779, .T. ) ;
#1312 = PLANE ( 'NONE',  #2897 ) ;
#1313 = EDGE_CURVE ( 'NONE', #5508, #5189, #681, .T. ) ;
#1314 = EDGE_LOOP ( 'NONE', ( #507, #1978, #3007, #4623 ) ) ;
#1315 = DIRECTION ( 'NONE',  ( 0.000000000000000000, 1.000000000000000000, 0.000000000000000000 ) ) ;
#1316 = VERTEX_POINT ( 'NONE', #2060 ) ;
#1317 = LINE ( 'NONE', #505, #669 ) ;
#1318 = FACE_OUTER_BOUND ( 'NONE', #2795, .T. ) ;
#1319 = EDGE_CURVE ( 'NONE', #1767, #2905, #4216, .T. ) ;
#1320 = CIRCLE ( 'NONE', #3670, 1.049999999999998934 ) ;
#1321 = DIRECTION ( 'NONE',  ( 4.625929269271484533E-15, -1.000000000000000000, 0.000000000000000000 ) ) ;
#1322 = VECTOR ( 'NONE', #2871, 1000.000000000000000 ) ;
#1323 = ADVANCED_FACE ( 'NONE', ( #2457 ), #740, .T. ) ;
#1324 = PERSON_AND_ORGANIZATION_ROLE ( 'design_supplier' ) ;
#1325 = LINE ( 'NONE', #1410, #463 ) ;
#1326 = CARTESIAN_POINT ( 'NONE',  ( -53.01869697567209272, 26.05585726271537794, 0.8919575472401651828 ) ) ;
#1327 = ORIENTED_EDGE ( 'NONE', *, *, #4815, .T. ) ;
#1328 = CARTESIAN_POINT ( 'NONE',  ( -60.84569537515966431, 14.70279226484641377, 5.376168073555962934 ) ) ;
#1329 = DIRECTION ( 'NONE',  ( 1.000000000000000000, 0.000000000000000000, 8.673617379885238485E-17 ) ) ;
#1330 = EDGE_CURVE ( 'NONE', #3460, #219, #1608, .T. ) ;
#1331 = CARTESIAN_POINT ( 'NONE',  ( -71.23909603667242152, 16.05585726271534242, 5.376168073555948723 ) ) ;
#1332 = CARTESIAN_POINT ( 'NONE',  ( -49.11890341980409147, 40.25585726271802400, 26.57616807355593025 ) ) ;
#1333 = DIRECTION ( 'NONE',  ( 0.000000000000000000, -1.000000000000000000, 0.000000000000000000 ) ) ;
#1334 = ORIENTED_EDGE ( 'NONE', *, *, #323, .T. ) ;
#1335 = CARTESIAN_POINT ( 'NONE',  ( -59.22421508370585741, 44.25585726271803821, 22.63250610172494248 ) ) ;
#1336 = ORIENTED_EDGE ( 'NONE', *, *, #5425, .F. ) ;
#1337 = DIRECTION ( 'NONE',  ( 4.000000000000001100E-15, -1.000000000000000000, -5.337610695313253357E-16 ) ) ;
#1338 = EDGE_LOOP ( 'NONE', ( #3248, #869, #2145, #1111, #4336, #4104, #330, #435, #297, #847, #1155, #3749, #757, #1072, #4590 ) ) ;
#1339 = CARTESIAN_POINT ( 'NONE',  ( -59.15662904164862823, 39.23918998833678273, 24.06946294941283426 ) ) ;
#1340 = VERTEX_POINT ( 'NONE', #1607 ) ;
#1341 = CARTESIAN_POINT ( 'NONE',  ( -111.5487462628537969, 2.155857262715457523, 32.97616807355592528 ) ) ;
#1342 = ORIENTED_EDGE ( 'NONE', *, *, #2676, .T. ) ;
#1343 = DIRECTION ( 'NONE',  ( 0.000000000000000000, 0.000000000000000000, 1.000000000000000000 ) ) ;
#1344 = DIRECTION ( 'NONE',  ( 0.000000000000000000, 1.000000000000000000, 0.000000000000000000 ) ) ;
#1345 = VECTOR ( 'NONE', #3075, 1000.000000000000000 ) ;
#1346 = ORIENTED_EDGE ( 'NONE', *, *, #504, .T. ) ;
#1347 = ADVANCED_FACE ( 'NONE', ( #793 ), #3765, .F. ) ;
#1348 = FACE_OUTER_BOUND ( 'NONE', #2910, .T. ) ;
#1349 = VECTOR ( 'NONE', #560, 1000.000000000000000 ) ;
#1350 = DATE_AND_TIME ( #2540, #4834 ) ;
#1351 = CARTESIAN_POINT ( 'NONE',  ( -21.73909603667274837, 36.15585726271579148, 21.57616807355592670 ) ) ;
#1352 = CARTESIAN_POINT ( 'NONE',  ( -74.23909603667240731, 10.95585726271562699, 14.62616807355592563 ) ) ;
#1353 = ORIENTED_EDGE ( 'NONE', *, *, #5452, .F. ) ;
#1354 = CIRCLE ( 'NONE', #4512, 37.50000000000000711 ) ;
#1355 = CARTESIAN_POINT ( 'NONE',  ( -53.50411799440050942, 25.07159512559511327, 1.626033219791221729 ) ) ;
#1356 = EDGE_CURVE ( 'NONE', #5130, #5262, #5092, .T. ) ;
#1357 = DIRECTION ( 'NONE',  ( -1.084420013731678395E-32, -1.000000000000000000, 9.376883653928778575E-17 ) ) ;
#1358 = AXIS2_PLACEMENT_3D ( 'NONE', #5572, #4645, #769 ) ;
#1359 = AXIS2_PLACEMENT_3D ( 'NONE', #5341, #2244, #103 ) ;
#1360 = DIRECTION ( 'NONE',  ( 4.000000000000000311E-15, -1.000000000000000000, -2.999999999999999839E-15 ) ) ;
#1361 = CARTESIAN_POINT ( 'NONE',  ( -40.95966127903205489, 7.555857262715639955, 44.12705716992903859 ) ) ;
#1362 = LINE ( 'NONE', #1864, #2129 ) ;
#1363 = ORIENTED_EDGE ( 'NONE', *, *, #4489, .T. ) ;
#1364 = ORIENTED_EDGE ( 'NONE', *, *, #2390, .F. ) ;
#1365 = VECTOR ( 'NONE', #275, 1000.000000000000000 ) ;
#1366 = CARTESIAN_POINT ( 'NONE',  ( -55.11655742693992011, 23.21765191598332123, 39.54152955498904021 ) ) ;
#1367 = EDGE_CURVE ( 'NONE', #3237, #688, #3123, .T. ) ;
#1368 = VERTEX_POINT ( 'NONE', #4644 ) ;
#1369 = VECTOR ( 'NONE', #630, 1000.000000000000000 ) ;
#1370 = DIRECTION ( 'NONE',  ( -1.000000000000000000, -4.000000000000001100E-15, -8.673617379885234787E-17 ) ) ;
#1371 = ORIENTED_EDGE ( 'NONE', *, *, #596, .F. ) ;
#1372 = CARTESIAN_POINT ( 'NONE',  ( -21.73909603667274837, -108.5101599152663425, 21.57616807355592670 ) ) ;
#1373 = ORIENTED_EDGE ( 'NONE', *, *, #2463, .T. ) ;
#1374 = CIRCLE ( 'NONE', #3266, 36.50000000000000711 ) ;
#1375 = CARTESIAN_POINT ( 'NONE',  ( -56.92169035542774225, 40.25585726271802400, 16.70434871758108031 ) ) ;
#1376 = ORIENTED_EDGE ( 'NONE', *, *, #3996, .T. ) ;
#1377 = CARTESIAN_POINT ( 'NONE',  ( -68.73909603667242152, 13.55585726271535663, 12.97616807355595014 ) ) ;
#1378 = DIRECTION ( 'NONE',  ( -4.500904153885843101E-15, 1.000000000000000000, -3.903912049434190617E-31 ) ) ;
#1379 = ORIENTED_EDGE ( 'NONE', *, *, #779, .T. ) ;
#1380 = AXIS2_PLACEMENT_3D ( 'NONE', #4209, #4967, #5054 ) ;
#1381 = DIRECTION ( 'NONE',  ( 1.000000000000000000, 0.000000000000000000, 0.000000000000000000 ) ) ;
#1382 = CARTESIAN_POINT ( 'NONE',  ( -46.23909603667237178, -2.444142737284368927, 40.27616807355594375 ) ) ;
#1383 = EDGE_LOOP ( 'NONE', ( #5001, #1651, #3520, #2437 ) ) ;
#1384 = ADVANCED_FACE ( 'NONE', ( #2428 ), #1103, .F. ) ;
#1385 = CARTESIAN_POINT ( 'NONE',  ( -54.08834017657595439, 24.08072387420853033, 2.302188312940254278 ) ) ;
#1386 = CARTESIAN_POINT ( 'NONE',  ( -71.73909603667240731, 8.705857262715637646, 15.62616807355592385 ) ) ;
#1387 = VECTOR ( 'NONE', #755, 1000.000000000000000 ) ;
#1388 = CARTESIAN_POINT ( 'NONE',  ( -61.35992389273858549, 14.39080930250184309, 5.376168073555949611 ) ) ;
#1389 = FACE_OUTER_BOUND ( 'NONE', #2398, .T. ) ;
#1390 = EDGE_CURVE ( 'NONE', #2406, #2518, #1699, .T. ) ;
#1391 = DIRECTION ( 'NONE',  ( 1.000000000000000000, 4.000000000000000311E-15, 0.000000000000000000 ) ) ;
#1392 = AXIS2_PLACEMENT_3D ( 'NONE', #2225, #5273, #3956 ) ;
#1393 = ORIENTED_EDGE ( 'NONE', *, *, #1695, .F. ) ;
#1394 = ORIENTED_EDGE ( 'NONE', *, *, #5417, .F. ) ;
#1395 = VECTOR ( 'NONE', #3373, 1000.000000000000000 ) ;
#1396 = CARTESIAN_POINT ( 'NONE',  ( -66.92869064835014115, 9.705857262715657185, 13.47616807355592528 ) ) ;
#1397 = ORIENTED_EDGE ( 'NONE', *, *, #5417, .T. ) ;
#1398 = DIRECTION ( 'NONE',  ( 0.000000000000000000, 0.000000000000000000, 1.000000000000000000 ) ) ;
#1399 = ORIENTED_EDGE ( 'NONE', *, *, #314, .T. ) ;
#1400 = CARTESIAN_POINT ( 'NONE',  ( -71.73909603667240731, 9.705857262715637646, 15.62616807355592385 ) ) ;
#1401 = EDGE_CURVE ( 'NONE', #856, #1300, #5393, .T. ) ;
#1402 = CARTESIAN_POINT ( 'NONE',  ( -52.15964773394202325, 19.61180279756694844, 6.389922209764020700 ) ) ;
#1403 = LINE ( 'NONE', #2697, #4184 ) ;
#1404 = ORIENTED_EDGE ( 'NONE', *, *, #1706, .F. ) ;
#1405 = APPROVAL_PERSON_ORGANIZATION ( #5168, #2807, #3534 ) ;
#1406 = FACE_OUTER_BOUND ( 'NONE', #778, .T. ) ;
#1407 = DIRECTION ( 'NONE',  ( 0.000000000000000000, 0.000000000000000000, 1.000000000000000000 ) ) ;
#1408 = EDGE_CURVE ( 'NONE', #1819, #2194, #3601, .T. ) ;
#1409 = VERTEX_POINT ( 'NONE', #3793 ) ;
#1410 = CARTESIAN_POINT ( 'NONE',  ( -71.73909603667240731, 8.705857262715648304, 4.646847683731372615E-15 ) ) ;
#1411 = AXIS2_PLACEMENT_3D ( 'NONE', #97, #4022, #3971 ) ;
#1412 = PLANE ( 'NONE',  #3010 ) ;
#1413 = DIRECTION ( 'NONE',  ( 4.000000000000000311E-15, -1.000000000000000000, -2.999999999999999444E-15 ) ) ;
#1414 = CIRCLE ( 'NONE', #2849, 4.999999999999997335 ) ;
#1415 = CARTESIAN_POINT ( 'NONE',  ( -64.08107310848524207, 16.24786627772229508, 5.376168073555948723 ) ) ;
#1416 = DIRECTION ( 'NONE',  ( 0.000000000000000000, 1.000000000000000000, 0.000000000000000000 ) ) ;
#1417 = CARTESIAN_POINT ( 'NONE',  ( -71.23909603667243573, 16.05585726271534242, 8.376168073555945170 ) ) ;
#1418 = VERTEX_POINT ( 'NONE', #2822 ) ;
#1419 = AXIS2_PLACEMENT_3D ( 'NONE', #2000, #312, #5450 ) ;
#1420 = LINE ( 'NONE', #4872, #3690 ) ;
#1421 = ORIENTED_EDGE ( 'NONE', *, *, #3713, .T. ) ;
#1422 = EDGE_CURVE ( 'NONE', #2037, #885, #5005, .T. ) ;
#1423 = CYLINDRICAL_SURFACE ( 'NONE', #3897, 1.000000000000000888 ) ;
#1424 = DIRECTION ( 'NONE',  ( 0.000000000000000000, 1.000000000000000000, 0.000000000000000000 ) ) ;
#1425 = CARTESIAN_POINT ( 'NONE',  ( -52.07887097031540691, 19.79849794983484301, 6.230222127609946980 ) ) ;
#1426 = DIRECTION ( 'NONE',  ( -1.000000000000000000, -0.000000000000000000, 4.336808689942021680E-16 ) ) ;
#1427 = ORIENTED_EDGE ( 'NONE', *, *, #3936, .F. ) ;
#1428 = EDGE_CURVE ( 'NONE', #3973, #5487, #5131, .T. ) ;
#1429 = VERTEX_POINT ( 'NONE', #1526 ) ;
#1430 = CARTESIAN_POINT ( 'NONE',  ( -21.73909603667251034, 35.15585726271579858, 21.57616807355582011 ) ) ;
#1431 = ORIENTED_EDGE ( 'NONE', *, *, #2561, .F. ) ;
#1432 = EDGE_CURVE ( 'NONE', #213, #863, #900, .T. ) ;
#1433 = VECTOR ( 'NONE', #3470, 1000.000000000000000 ) ;
#1434 = CYLINDRICAL_SURFACE ( 'NONE', #92, 3.000000000000002665 ) ;
#1435 = FACE_OUTER_BOUND ( 'NONE', #4760, .T. ) ;
#1436 = ORIENTED_EDGE ( 'NONE', *, *, #387, .T. ) ;
#1437 = CARTESIAN_POINT ( 'NONE',  ( -53.01869697567209272, 26.05585726271538505, 0.8919575472401642946 ) ) ;
#1438 = VECTOR ( 'NONE', #2199, 1000.000000000000000 ) ;
#1439 = CARTESIAN_POINT ( 'NONE',  ( -53.73789660412730029, 17.67717760627508738, 35.45417429998607872 ) ) ;
#1440 = CARTESIAN_POINT ( 'NONE',  ( -62.61623094034136727, 17.08274344716650361, 7.957619195965607517 ) ) ;
#1441 = CARTESIAN_POINT ( 'NONE',  ( -71.73909603667239310, 6.955857262715639422, 21.47616807355592172 ) ) ;
#1442 = DIRECTION ( 'NONE',  ( 4.000000000000000311E-15, -1.000000000000000000, -2.999999999999999839E-15 ) ) ;
#1443 = ORIENTED_EDGE ( 'NONE', *, *, #2114, .T. ) ;
#1444 = FACE_OUTER_BOUND ( 'NONE', #204, .T. ) ;
#1445 = VECTOR ( 'NONE', #1724, 1000.000000000000000 ) ;
#1446 = VERTEX_POINT ( 'NONE', #2208 ) ;
#1447 = AXIS2_PLACEMENT_3D ( 'NONE', #2027, #4151, #4126 ) ;
#1448 = DIRECTION ( 'NONE',  ( 0.000000000000000000, 0.000000000000000000, 1.000000000000000000 ) ) ;
#1449 = DIRECTION ( 'NONE',  ( -4.000000000000001100E-15, 1.000000000000000000, 0.000000000000000000 ) ) ;
#1450 = LINE ( 'NONE', #2274, #3039 ) ;
#1451 = VECTOR ( 'NONE', #32, 1000.000000000000000 ) ;
#1452 = ADVANCED_FACE ( 'NONE', ( #3421 ), #4812, .T. ) ;
#1453 = CARTESIAN_POINT ( 'NONE',  ( -71.73909603667240731, 9.705857262715657185, 16.77616807355592599 ) ) ;
#1454 = ORIENTED_EDGE ( 'NONE', *, *, #2967, .T. ) ;
#1455 = VECTOR ( 'NONE', #2193, 1000.000000000000000 ) ;
#1456 = DIRECTION ( 'NONE',  ( 1.000000000000000000, 4.133809134242603771E-15, 0.000000000000000000 ) ) ;
#1457 = CARTESIAN_POINT ( 'NONE',  ( -24.55218945652130813, 24.25585726271803466, -12.20933648937038285 ) ) ;
#1458 = DIRECTION ( 'NONE',  ( 0.000000000000000000, -0.000000000000000000, 1.000000000000000000 ) ) ;
#1459 = EDGE_CURVE ( 'NONE', #1216, #1316, #2148, .T. ) ;
#1460 = ORIENTED_EDGE ( 'NONE', *, *, #3538, .F. ) ;
#1461 = CARTESIAN_POINT ( 'NONE',  ( -71.23909603667242152, 12.21416965789302367, 13.97616807355594837 ) ) ;
#1462 = CARTESIAN_POINT ( 'NONE',  ( 15.76190396332741805, 13.05585726271569413, 37.77616807355595796 ) ) ;
#1463 = EDGE_CURVE ( 'NONE', #2518, #887, #5225, .T. ) ;
#1464 = CARTESIAN_POINT ( 'NONE',  ( -55.73909603667252810, 37.55585726271566216, 21.57616807355583077 ) ) ;
#1465 = VECTOR ( 'NONE', #648, 1000.000000000000000 ) ;
#1466 = CARTESIAN_POINT ( 'NONE',  ( -59.16944230701612639, 42.25585726271802400, 18.57616807355593025 ) ) ;
#1467 = CARTESIAN_POINT ( 'NONE',  ( -71.23909603667243573, 16.05585726271534597, 37.77616807355595085 ) ) ;
#1468 = ORIENTED_EDGE ( 'NONE', *, *, #3246, .T. ) ;
#1469 = DIRECTION ( 'NONE',  ( -1.000000000000000000, -4.001428817919833979E-15, 9.251858538542969855E-16 ) ) ;
#1470 = ORIENTED_EDGE ( 'NONE', *, *, #971, .F. ) ;
#1471 = DIRECTION ( 'NONE',  ( -1.000000000000000000, -4.625929269271486900E-15, -4.625929269271490055E-15 ) ) ;
#1472 = EDGE_LOOP ( 'NONE', ( #3058, #1080 ) ) ;
#1473 = CIRCLE ( 'NONE', #37, 2.100000000000000977 ) ;
#1474 = FACE_OUTER_BOUND ( 'NONE', #5364, .T. ) ;
#1475 = DIRECTION ( 'NONE',  ( 4.081668171172129226E-15, -1.000000000000000000, -3.234723475976774670E-15 ) ) ;
#1476 = B_SPLINE_CURVE_WITH_KNOTS ( 'NONE', 3,
 ( #3657, #3227, #2884, #1609, #1975, #1556, #1502, #5368, #4556, #4616, #4131, #2798, #1924, #5423 ),
 .UNSPECIFIED., .F., .F.,
 ( 4, 2, 2, 2, 2, 2, 4 ),
 ( 0.000000000000000000, 0.0003943066320315847043, 0.0007886132640631694085, 0.001182919896094754113, 0.001577226528126338817, 0.002365839792189506057, 0.003154453056252673297 ),
 .UNSPECIFIED. ) ;
#1477 = LINE ( 'NONE', #3014, #1138 ) ;
#1478 = CARTESIAN_POINT ( 'NONE',  ( -57.22237668185046999, 41.72423715599736482, 18.52204432939433332 ) ) ;
#1479 = ORIENTED_EDGE ( 'NONE', *, *, #2015, .T. ) ;
#1480 = CIRCLE ( 'NONE', #5445, 2.999999999999999112 ) ;
#1481 = EDGE_CURVE ( 'NONE', #5533, #945, #258, .T. ) ;
#1482 = CARTESIAN_POINT ( 'NONE',  ( -74.23909603667237889, 2.155857262715630718, 23.47616807355592883 ) ) ;
#1483 = DIRECTION ( 'NONE',  ( 1.000000000000000000, 4.067627460911134203E-15, 0.000000000000000000 ) ) ;
#1484 = DIRECTION ( 'NONE',  ( 0.000000000000000000, 1.000000000000000000, 0.000000000000000000 ) ) ;
#1485 = ORIENTED_EDGE ( 'NONE', *, *, #3699, .T. ) ;
#1486 = EDGE_CURVE ( 'NONE', #4163, #2037, #2180, .T. ) ;
#1487 = CARTESIAN_POINT ( 'NONE',  ( -70.72900795751709779, 12.80575602495807352, 13.09557783924960894 ) ) ;
#1488 = LINE ( 'NONE', #588, #2348 ) ;
#1489 = ORIENTED_EDGE ( 'NONE', *, *, #1931, .F. ) ;
#1490 = CARTESIAN_POINT ( 'NONE',  ( -52.59670050295130750, 18.87017023382652070, 36.18499801210084854 ) ) ;
#1491 = EDGE_CURVE ( 'NONE', #4136, #1884, #2602, .T. ) ;
#1492 = FACE_BOUND ( 'NONE', #2039, .T. ) ;
#1493 = CARTESIAN_POINT ( 'NONE',  ( -71.73909603667237889, 2.155857262715642264, 23.47616807355592528 ) ) ;
#1494 = VERTEX_POINT ( 'NONE', #2574 ) ;
#1495 =( NAMED_UNIT ( * ) PLANE_ANGLE_UNIT ( ) SI_UNIT ( $, .RADIAN. ) );
#1496 = ORIENTED_EDGE ( 'NONE', *, *, #5127, .F. ) ;
#1497 = VERTEX_POINT ( 'NONE', #1692 ) ;
#1498 = AXIS2_PLACEMENT_3D ( 'NONE', #1277, #461, #2517 ) ;
#1499 = CARTESIAN_POINT ( 'NONE',  ( -71.73909603667240731, 7.455857262715628764, 14.62616807355592563 ) ) ;
#1500 = ORIENTED_EDGE ( 'NONE', *, *, #2983, .T. ) ;
#1501 = ADVANCED_FACE ( 'NONE', ( #425 ), #2659, .T. ) ;
#1502 = CARTESIAN_POINT ( 'NONE',  ( -57.20610685133939910, 41.24611384461573493, 24.84475893496250976 ) ) ;
#1503 = DIRECTION ( 'NONE',  ( 0.000000000000000000, 0.000000000000000000, 1.000000000000000000 ) ) ;
#1504 = CARTESIAN_POINT ( 'NONE',  ( -74.23909603667240731, 8.705857262715628764, 13.47616807355592528 ) ) ;
#1505 = CARTESIAN_POINT ( 'NONE',  ( -46.23909603667240731, 6.555857262715742984, 2.876168073555665394 ) ) ;
#1506 = CLOSED_SHELL ( 'NONE', ( #1178, #2876, #348, #2610, #1549, #3705, #1323, #619, #3611, #3818, #2601, #5535, #1982, #1913 ) ) ;
#1507 = ORIENTED_EDGE ( 'NONE', *, *, #4985, .F. ) ;
#1508 = CARTESIAN_POINT ( 'NONE',  ( -17.91405706310064616, 33.03661985442020210, -11.29038899341103530 ) ) ;
#1509 = DIRECTION ( 'NONE',  ( 4.500904153885843101E-15, -1.000000000000000000, 3.903912049434189741E-31 ) ) ;
#1510 = CARTESIAN_POINT ( 'NONE',  ( -59.31590054881984031, 15.91514875651946248, 37.97492852496245064 ) ) ;
#1511 = ORIENTED_EDGE ( 'NONE', *, *, #332, .T. ) ;
#1512 = B_SPLINE_CURVE_WITH_KNOTS ( 'NONE', 3,
 ( #4506, #2357, #4090, #5374, #1508, #4958, #690, #4563, #665, #2410 ),
 .UNSPECIFIED., .F., .F.,
 ( 4, 2, 2, 2, 4 ),
 ( 0.000000000000000000, 0.0004159179872547957867, 0.0008318359745095915735, 0.001247753961764387414, 0.001663671949019183147 ),
 .UNSPECIFIED. ) ;
#1513 = DIRECTION ( 'NONE',  ( -1.000000000000000000, -4.625929269271484533E-15, 0.000000000000000000 ) ) ;
#1514 = LINE ( 'NONE', #3725, #3345 ) ;
#1515 = CIRCLE ( 'NONE', #983, 1.399999999999998579 ) ;
#1516 = EDGE_CURVE ( 'NONE', #5148, #2194, #5040, .T. ) ;
#1517 = CARTESIAN_POINT ( 'NONE',  ( -65.60722973154560123, 16.45399713648003370, 12.97616807355595014 ) ) ;
#1518 = CARTESIAN_POINT ( 'NONE',  ( -56.95624518568147465, 40.26861263310780714, 16.83629912996718048 ) ) ;
#1519 = CARTESIAN_POINT ( 'NONE',  ( -58.85922013466446145, 16.34952447439998835, 5.069033130425252054 ) ) ;
#1520 = ORIENTED_EDGE ( 'NONE', *, *, #3729, .F. ) ;
#1521 = VECTOR ( 'NONE', #2654, 1000.000000000000000 ) ;
#1522 = ADVANCED_FACE ( 'NONE', ( #1668 ), #879, .F. ) ;
#1523 = EDGE_LOOP ( 'NONE', ( #3960, #276, #922, #4345 ) ) ;
#1524 = ORIENTED_EDGE ( 'NONE', *, *, #1808, .F. ) ;
#1525 = CARTESIAN_POINT ( 'NONE',  ( -64.23909603667240731, 8.705857262715669620, 17.77616807355592599 ) ) ;
#1526 = CARTESIAN_POINT ( 'NONE',  ( -1.526422912400996257, 37.35585726271801832, 30.56663033463468793 ) ) ;
#1527 = CARTESIAN_POINT ( 'NONE',  ( -21.73909603667274837, 38.15585726271802258, 21.57616807355592670 ) ) ;
#1528 = LINE ( 'NONE', #1557, #4891 ) ;
#1529 = DIRECTION ( 'NONE',  ( 1.000000000000000000, 4.005170378358216658E-15, 0.000000000000000000 ) ) ;
#1530 = ORIENTED_EDGE ( 'NONE', *, *, #674, .F. ) ;
#1531 = EDGE_CURVE ( 'NONE', #1309, #5401, #455, .T. ) ;
#1532 = CARTESIAN_POINT ( 'NONE',  ( -21.73909603667274482, 40.25585726271802400, 26.57616807355591604 ) ) ;
#1533 = CIRCLE ( 'NONE', #4153, 9.999999999999994671 ) ;
#1534 = ORIENTED_EDGE ( 'NONE', *, *, #1253, .T. ) ;
#1535 = B_SPLINE_CURVE_WITH_KNOTS ( 'NONE', 3,
 ( #5201, #402, #14, #2124 ),
 .UNSPECIFIED., .F., .F.,
 ( 4, 4 ),
 ( 0.01461672936720882603, 0.02110662398527144226 ),
 .UNSPECIFIED. ) ;
#1536 = FACE_OUTER_BOUND ( 'NONE', #5210, .T. ) ;
#1537 = VECTOR ( 'NONE', #1950, 1000.000000000000000 ) ;
#1538 = DIRECTION ( 'NONE',  ( -0.000000000000000000, 1.000000000000000000, -0.000000000000000000 ) ) ;
#1539 = ORIENTED_EDGE ( 'NONE', *, *, #2967, .F. ) ;
#1540 = AXIS2_PLACEMENT_3D ( 'NONE', #1676, #5152, #833 ) ;
#1541 = CARTESIAN_POINT ( 'NONE',  ( -60.80398954582530280, 14.72809523174370128, 37.77616807355595085 ) ) ;
#1542 = CARTESIAN_POINT ( 'NONE',  ( -53.42107070836731708, 24.94309474913541180, 1.500445348649324995 ) ) ;
#1543 = ORIENTED_EDGE ( 'NONE', *, *, #1241, .F. ) ;
#1544 = DIRECTION ( 'NONE',  ( 1.000000000000000000, -0.000000000000000000, 1.224646799147353207E-16 ) ) ;
#1545 = CIRCLE ( 'NONE', #2991, 3.000000000000000888 ) ;
#1546 = CARTESIAN_POINT ( 'NONE',  ( -21.73909603667274482, 33.25585726271802400, -15.92383192644408041 ) ) ;
#1547 = ORIENTED_EDGE ( 'NONE', *, *, #4045, .T. ) ;
#1548 = FACE_OUTER_BOUND ( 'NONE', #2933, .T. ) ;
#1549 = ADVANCED_FACE ( 'NONE', ( #5142 ), #3881, .T. ) ;
#1550 = CARTESIAN_POINT ( 'NONE',  ( 15.76190396332741095, 16.05585726271569058, 5.376168073555957605 ) ) ;
#1551 = VERTEX_POINT ( 'NONE', #2996 ) ;
#1552 = ORIENTED_EDGE ( 'NONE', *, *, #4600, .T. ) ;
#1553 = DIRECTION ( 'NONE',  ( 0.000000000000000000, 0.000000000000000000, 1.000000000000000000 ) ) ;
#1554 = DIRECTION ( 'NONE',  ( -8.673617379885238485E-17, 0.000000000000000000, 1.000000000000000000 ) ) ;
#1555 = ADVANCED_FACE ( 'NONE', ( #4783 ), #4724, .F. ) ;
#1556 = CARTESIAN_POINT ( 'NONE',  ( -57.21113866656674674, 41.36165843349198212, 24.78232392542596685 ) ) ;
#1557 = CARTESIAN_POINT ( 'NONE',  ( -71.73909603667240731, 8.705857262715639422, 17.77616807355592599 ) ) ;
#1558 = DIRECTION ( 'NONE',  ( 0.000000000000000000, 1.000000000000000000, 0.000000000000000000 ) ) ;
#1559 = ORIENTED_EDGE ( 'NONE', *, *, #5575, .F. ) ;
#1560 = DIRECTION ( 'NONE',  ( 1.000000000000000000, 0.000000000000000000, 0.000000000000000000 ) ) ;
#1561 = VERTEX_POINT ( 'NONE', #4753 ) ;
#1562 = EDGE_CURVE ( 'NONE', #1165, #3237, #4697, .T. ) ;
#1563 = CARTESIAN_POINT ( 'NONE',  ( -21.73909603667274482, 35.15585726271579858, 21.57616807355592314 ) ) ;
#1564 = CARTESIAN_POINT ( 'NONE',  ( -59.16944230701612639, 42.25585726271802400, 24.57616807355592670 ) ) ;
#1565 = VERTEX_POINT ( 'NONE', #2545 ) ;
#1566 = CARTESIAN_POINT ( 'NONE',  ( -71.73909603667240731, 9.705857262715637646, 13.47616807355592528 ) ) ;
#1567 = CARTESIAN_POINT ( 'NONE',  ( -63.36524389993407169, 16.74470784206584284, 35.12060213670004316 ) ) ;
#1568 = AXIS2_PLACEMENT_3D ( 'NONE', #3402, #2098, #4561 ) ;
#1569 = EDGE_LOOP ( 'NONE', ( #1371, #3776, #2476, #1945 ) ) ;
#1570 = ADVANCED_FACE ( 'NONE', ( #4275 ), #8, .F. ) ;
#1571 = AXIS2_PLACEMENT_3D ( 'NONE', #4568, #243, #3164 ) ;
#1572 = CARTESIAN_POINT ( 'NONE',  ( -17.55218945652129747, 32.09131154328355251, -11.77582685584285116 ) ) ;
#1573 = LINE ( 'NONE', #3299, #1089 ) ;
#1574 = ORIENTED_EDGE ( 'NONE', *, *, #3475, .F. ) ;
#1575 = DIRECTION ( 'NONE',  ( 4.000000000000000311E-15, -1.000000000000000000, -3.000000000000000233E-15 ) ) ;
#1576 = CARTESIAN_POINT ( 'NONE',  ( -57.04472961684652432, 40.35690102356964104, 17.21731770551303953 ) ) ;
#1577 = CARTESIAN_POINT ( 'NONE',  ( -53.01869697567209272, -108.5101599152663425, 0.8919575472401651828 ) ) ;
#1578 = EDGE_LOOP ( 'NONE', ( #4208, #3143, #547, #2703, #432, #586 ) ) ;
#1579 = CARTESIAN_POINT ( 'NONE',  ( -50.85518025116215313, 7.555857262715699463, 11.86074450546979797 ) ) ;
#1580 = DIRECTION ( 'NONE',  ( 0.4229051228412729069, -0.9061739662308821996, 0.000000000000000000 ) ) ;
#1581 = DIRECTION ( 'NONE',  ( 0.000000000000000000, 0.000000000000000000, 1.000000000000000000 ) ) ;
#1582 = LINE ( 'NONE', #5395, #827 ) ;
#1583 = CARTESIAN_POINT ( 'NONE',  ( -74.23909603667240731, 10.95585726271562699, 15.62616807355592385 ) ) ;
#1584 = AXIS2_PLACEMENT_3D ( 'NONE', #3568, #5283, #1044 ) ;
#1585 = ORIENTED_EDGE ( 'NONE', *, *, #1491, .F. ) ;
#1586 = EDGE_CURVE ( 'NONE', #4794, #5248, #3025, .T. ) ;
#1587 = DIRECTION ( 'NONE',  ( 0.000000000000000000, 1.000000000000000000, 0.000000000000000000 ) ) ;
#1588 = VERTEX_POINT ( 'NONE', #566 ) ;
#1589 = AXIS2_PLACEMENT_3D ( 'NONE', #4176, #3783, #1659 ) ;
#1590 = CARTESIAN_POINT ( 'NONE',  ( -56.68462714044768092, 21.45395368048676232, 38.00087052588021663 ) ) ;
#1591 = CARTESIAN_POINT ( 'NONE',  ( -59.22019964015422033, 41.21867832707684443, 22.76771159153263113 ) ) ;
#1592 = VERTEX_POINT ( 'NONE', #4916 ) ;
#1593 = DIRECTION ( 'NONE',  ( 0.000000000000000000, 0.000000000000000000, 1.000000000000000000 ) ) ;
#1594 = EDGE_CURVE ( 'NONE', #887, #1736, #4817, .T. ) ;
#1595 = DIRECTION ( 'NONE',  ( -1.000000000000000000, -4.000000000000001100E-15, -8.673617379885238485E-17 ) ) ;
#1596 = ORIENTED_EDGE ( 'NONE', *, *, #4501, .T. ) ;
#1597 = VERTEX_POINT ( 'NONE', #3564 ) ;
#1598 = DIRECTION ( 'NONE',  ( -1.000000000000000000, 0.000000000000000000, 4.336808689942021680E-16 ) ) ;
#1599 = LINE ( 'NONE', #334, #4573 ) ;
#1600 = ORIENTED_EDGE ( 'NONE', *, *, #5452, .T. ) ;
#1601 = EDGE_CURVE ( 'NONE', #1588, #2739, #294, .T. ) ;
#1602 = DIRECTION ( 'NONE',  ( 1.000000000000000000, 4.140985540144293979E-15, 0.000000000000000000 ) ) ;
#1603 = CARTESIAN_POINT ( 'NONE',  ( -64.23909603667240731, 9.705857262715667844, 17.77616807355592599 ) ) ;
#1604 = CARTESIAN_POINT ( 'NONE',  ( -21.73909603667249257, 33.25585726271803821, 21.57616807355580590 ) ) ;
#1605 = EDGE_LOOP ( 'NONE', ( #2028, #4012 ) ) ;
#1606 = DIRECTION ( 'NONE',  ( 4.000000000000000311E-15, -1.000000000000000000, -2.999999999999999839E-15 ) ) ;
#1607 = CARTESIAN_POINT ( 'NONE',  ( 5.435504178569402711, 37.35585726271801832, 22.47876338647399308 ) ) ;
#1608 = CIRCLE ( 'NONE', #2333, 1.049999999999998934 ) ;
#1609 = CARTESIAN_POINT ( 'NONE',  ( -57.22115006659196013, 41.73361555927024824, 24.64108373251838913 ) ) ;
#1610 = AXIS2_PLACEMENT_3D ( 'NONE', #759, #4602, #2533 ) ;
#1611 = CARTESIAN_POINT ( 'NONE',  ( -17.55218945652130103, 24.25585726271803111, -29.62383192644405128 ) ) ;
#1612 = DIRECTION ( 'NONE',  ( 0.000000000000000000, 0.000000000000000000, -1.000000000000000000 ) ) ;
#1613 = ORIENTED_EDGE ( 'NONE', *, *, #1356, .T. ) ;
#1614 = ORIENTED_EDGE ( 'NONE', *, *, #2680, .T. ) ;
#1615 = DIRECTION ( 'NONE',  ( 4.000000000000000311E-15, -1.000000000000000000, -3.000000000000000233E-15 ) ) ;
#1616 = CIRCLE ( 'NONE', #4510, 1.000000000000000888 ) ;
#1617 = CARTESIAN_POINT ( 'NONE',  ( -56.18749669600361329, 21.29025760457682637, 39.17439329073420140 ) ) ;
#1618 = CARTESIAN_POINT ( 'NONE',  ( -74.23909603667242152, 13.05585726271533353, 34.77616807355595085 ) ) ;
#1619 = EDGE_CURVE ( 'NONE', #3288, #730, #168, .T. ) ;
#1620 = ORIENTED_EDGE ( 'NONE', *, *, #4567, .F. ) ;
#1621 = CYLINDRICAL_SURFACE ( 'NONE', #3528, 1.050000000000000488 ) ;
#1622 = AXIS2_PLACEMENT_3D ( 'NONE', #4484, #1484, #3209 ) ;
#1623 = CARTESIAN_POINT ( 'NONE',  ( -57.22500873453075343, 42.25585726271803111, 18.57616807355592670 ) ) ;
#1624 = ORIENTED_EDGE ( 'NONE', *, *, #4912, .F. ) ;
#1625 = ORIENTED_EDGE ( 'NONE', *, *, #417, .F. ) ;
#1626 = AXIS2_PLACEMENT_3D ( 'NONE', #4020, #3136, #4784 ) ;
#1627 = CIRCLE ( 'NONE', #2263, 2.999999999999999112 ) ;
#1628 = CARTESIAN_POINT ( 'NONE',  ( -71.73909603667239310, 8.705857262715637646, 15.62616807355592385 ) ) ;
#1629 = EDGE_CURVE ( 'NONE', #1592, #4722, #2456, .T. ) ;
#1630 = DIRECTION ( 'NONE',  ( 0.000000000000000000, 0.000000000000000000, 1.000000000000000000 ) ) ;
#1631 = ORIENTED_EDGE ( 'NONE', *, *, #5460, .F. ) ;
#1632 = CIRCLE ( 'NONE', #4968, 35.50000000000000711 ) ;
#1633 = LINE ( 'NONE', #4576, #208 ) ;
#1634 = AXIS2_PLACEMENT_3D ( 'NONE', #3711, #3338, #711 ) ;
#1635 = EDGE_CURVE ( 'NONE', #1686, #2972, #5279, .T. ) ;
#1636 = LINE ( 'NONE', #1717, #3798 ) ;
#1637 = CARTESIAN_POINT ( 'NONE',  ( -57.22500873453075343, 45.25585726271802400, 19.57616807355593025 ) ) ;
#1638 = ORIENTED_EDGE ( 'NONE', *, *, #5390, .T. ) ;
#1639 = VECTOR ( 'NONE', #3055, 1000.000000000000000 ) ;
#1640 = CARTESIAN_POINT ( 'NONE',  ( -25.55218945652130813, 30.33579098905065408, -12.20933648937038463 ) ) ;
#1641 = CARTESIAN_POINT ( 'NONE',  ( -1.602362769591291203, 35.15585726271591938, 14.46683629550358319 ) ) ;
#1642 = CARTESIAN_POINT ( 'NONE',  ( -70.23909603667242152, 13.15393347406866553, 21.47616807355595014 ) ) ;
#1643 = DIRECTION ( 'NONE',  ( -1.000000000000000000, -4.000000000000001100E-15, 0.000000000000000000 ) ) ;
#1644 = CARTESIAN_POINT ( 'NONE',  ( -71.73909603667240731, 9.705857262715635869, 13.47616807355592528 ) ) ;
#1645 = ORIENTED_EDGE ( 'NONE', *, *, #3090, .T. ) ;
#1646 = CARTESIAN_POINT ( 'NONE',  ( -68.45408292525057448, 16.05585726271535663, 12.97616807355595014 ) ) ;
#1647 = AXIS2_PLACEMENT_3D ( 'NONE', #5542, #3481, #5115 ) ;
#1648 = FACE_OUTER_BOUND ( 'NONE', #5468, .T. ) ;
#1649 = CARTESIAN_POINT ( 'NONE',  ( -53.01869697567206430, 26.05585726271538860, 42.26037859987173562 ) ) ;
#1650 = CARTESIAN_POINT ( 'NONE',  ( -52.07887097031540691, 19.79849794983484301, 6.230222127609946980 ) ) ;
#1651 = ORIENTED_EDGE ( 'NONE', *, *, #732, .T. ) ;
#1652 = FACE_OUTER_BOUND ( 'NONE', #3322, .T. ) ;
#1653 = CYLINDRICAL_SURFACE ( 'NONE', #3465, 1.000000000000000888 ) ;
#1654 = ORIENTED_EDGE ( 'NONE', *, *, #954, .T. ) ;
#1655 = EDGE_CURVE ( 'NONE', #4940, #4944, #4490, .T. ) ;
#1656 = CIRCLE ( 'NONE', #2731, 2.000000000000001776 ) ;
#1657 = CARTESIAN_POINT ( 'NONE',  ( -71.73909603667240731, 8.705857262715639422, 17.77616807355592599 ) ) ;
#1658 = AXIS2_PLACEMENT_3D ( 'NONE', #3637, #1929, #1084 ) ;
#1659 = DIRECTION ( 'NONE',  ( 0.000000000000000000, 1.000000000000000000, -1.070816960479510500E-16 ) ) ;
#1660 = ORIENTED_EDGE ( 'NONE', *, *, #1695, .T. ) ;
#1661 = EDGE_CURVE ( 'NONE', #1418, #4173, #4864, .T. ) ;
#1662 = LINE ( 'NONE', #4235, #4874 ) ;
#1663 = CYLINDRICAL_SURFACE ( 'NONE', #3073, 1.050000000000000488 ) ;
#1664 = CARTESIAN_POINT ( 'NONE',  ( -21.73909603667274837, 36.15585726271579148, 21.57616807355592670 ) ) ;
#1665 = ORIENTED_EDGE ( 'NONE', *, *, #5332, .T. ) ;
#1666 = CARTESIAN_POINT ( 'NONE',  ( -57.52000020437519368, 17.83550152584461301, 4.611893469823236558 ) ) ;
#1667 = ADVANCED_FACE ( 'NONE', ( #3135 ), #2708, .F. ) ;
#1668 = FACE_OUTER_BOUND ( 'NONE', #2425, .T. ) ;
#1669 = DIRECTION ( 'NONE',  ( 4.500904153885843101E-15, -1.000000000000000000, 3.903912049434190617E-31 ) ) ;
#1670 = CARTESIAN_POINT ( 'NONE',  ( -64.09557518309185298, 16.24476814565554861, 37.77616807355595085 ) ) ;
#1671 = FACE_BOUND ( 'NONE', #2818, .T. ) ;
#1672 = ORIENTED_EDGE ( 'NONE', *, *, #77, .F. ) ;
#1673 = CARTESIAN_POINT ( 'NONE',  ( -66.54547976150476529, 16.05585726271533531, 8.311777085650353669 ) ) ;
#1674 = EDGE_CURVE ( 'NONE', #2453, #616, #428, .T. ) ;
#1675 =( BOUNDED_SURFACE ( )  B_SPLINE_SURFACE ( 3, 2, ( 
 ( #5551, #5038, #4168 ),
 ( #3863, #324, #1169 ),
 ( #5581, #751, #3774 ),
 ( #5153, #407, #4709 ),
 ( #2892, #834, #1283 ),
 ( #3005, #2950, #2070 ),
 ( #2043, #2976, #2469 ),
 ( #1703, #4198, #717 ),
 ( #5488, #2553, #5124 ),
 ( #3344, #295, #4681 ),
 ( #1255, #2438, #5461 ),
 ( #3404, #3834, #1590 ),
 ( #2012, #1617, #4224 ),
 ( #3747, #5072, #3315 ),
 ( #4625, #1200, #804 ),
 ( #351, #3802, #2924 ),
 ( #776, #4283, #2497 ),
 ( #5523, #1649, #3376 ) ),
 .UNSPECIFIED., .F., .F., .T. ) 
 B_SPLINE_SURFACE_WITH_KNOTS ( ( 4, 2, 2, 2, 2, 2, 2, 2, 4 ),
 ( 3, 3 ),
 ( 0.000000000000000000, 0.002172115097216745574, 0.004344230194433491149, 0.005430287743041863936, 0.006516345291650236723, 0.008688460388866982298, 0.01086057548608372787, 0.01303269058330047345, 0.01737692077773396460 ),
 ( 0.000000000000000000, 1.000000000000000000 ),
 .UNSPECIFIED. ) 
 GEOMETRIC_REPRESENTATION_ITEM ( )  RATIONAL_B_SPLINE_SURFACE ( (
 ( 1.000000000000000000, 0.7548232549842759376, 1.000000000000000000),
 ( 1.000000000000000000, 0.7677749568893655896, 1.000000000000000000),
 ( 1.000000000000000000, 0.7821138192519903054, 1.000000000000000000),
 ( 1.000000000000000000, 0.8117970683659851971, 1.000000000000000000),
 ( 1.000000000000000000, 0.8271403421619636376, 1.000000000000000000),
 ( 1.000000000000000000, 0.8499086941729796507, 1.000000000000000000),
 ( 1.000000000000000000, 0.8574825362318984068, 1.000000000000000000),
 ( 1.000000000000000000, 0.8722273585590140099, 1.000000000000000000),
 ( 1.000000000000000000, 0.8794167984837271135, 1.000000000000000000),
 ( 1.000000000000000000, 0.9003075816203013337, 1.000000000000000000),
 ( 1.000000000000000000, 0.9133265764033191569, 1.000000000000000000),
 ( 1.000000000000000000, 0.9370276155479630997, 1.000000000000000000),
 ( 1.000000000000000000, 0.9477123410116631286, 1.000000000000000000),
 ( 1.000000000000000000, 0.9663574130250615069, 1.000000000000000000),
 ( 1.000000000000000000, 0.9743191117312297589, 1.000000000000000000),
 ( 1.000000000000000000, 0.9934520649188188779, 1.000000000000000000),
 ( 1.000000000000000000, 1.000006481871308361, 1.000000000000000000),
 ( 1.000000000000000000, 1.000000000000000000, 1.000000000000000000) ) ) 
 REPRESENTATION_ITEM ( '' )  SURFACE ( )  );
#1676 = CARTESIAN_POINT ( 'NONE',  ( -64.23909603667240731, 9.705857262715667844, 13.47616807355592705 ) ) ;
#1677 = CARTESIAN_POINT ( 'NONE',  ( -17.55218945652130458, 32.25585726271802400, -15.68936309519416916 ) ) ;
#1678 = CARTESIAN_POINT ( 'NONE',  ( -57.21877582450452593, 41.61002935149852533, 24.67876266947627073 ) ) ;
#1679 = ORIENTED_EDGE ( 'NONE', *, *, #157, .T. ) ;
#1680 = CARTESIAN_POINT ( 'NONE',  ( -55.61057431379078508, 16.02012477855156547, 35.27616807355595085 ) ) ;
#1681 = CARTESIAN_POINT ( 'NONE',  ( -74.23909603667240731, 9.705857262715626987, 16.77616807355592599 ) ) ;
#1682 = VECTOR ( 'NONE', #1696, 1000.000000000000000 ) ;
#1683 = ORIENTED_EDGE ( 'NONE', *, *, #4642, .T. ) ;
#1684 = CARTESIAN_POINT ( 'NONE',  ( -21.73909603667274837, 44.25585726271803821, 21.57616807355592670 ) ) ;
#1685 = CARTESIAN_POINT ( 'NONE',  ( 7.260903963327489663, 35.15585726271591938, 21.57616807355582011 ) ) ;
#1686 = VERTEX_POINT ( 'NONE', #2311 ) ;
#1687 = FACE_OUTER_BOUND ( 'NONE', #40, .T. ) ;
#1688 = LINE ( 'NONE', #4237, #2262 ) ;
#1689 = CARTESIAN_POINT ( 'NONE',  ( -53.11688777801892769, 25.78699724398038384, 1.038334942811246941 ) ) ;
#1690 = EDGE_CURVE ( 'NONE', #4421, #3930, #3995, .T. ) ;
#1691 = CARTESIAN_POINT ( 'NONE',  ( -60.58676492888737641, 18.18263597567681700, 7.513866908363466379 ) ) ;
#1692 = CARTESIAN_POINT ( 'NONE',  ( -74.23909603667240731, 9.705857262715626987, 15.62616807355592385 ) ) ;
#1693 = LINE ( 'NONE', #1304, #2794 ) ;
#1694 = CARTESIAN_POINT ( 'NONE',  ( -1.602362769591291203, 37.35585726271801832, 14.46683629550358319 ) ) ;
#1695 = EDGE_CURVE ( 'NONE', #1953, #3197, #617, .T. ) ;
#1696 = DIRECTION ( 'NONE',  ( 1.000000000000000000, 4.625929269271486111E-15, 4.060502299416422556E-28 ) ) ;
#1697 = VERTEX_POINT ( 'NONE', #4044 ) ;
#1698 = ORIENTED_EDGE ( 'NONE', *, *, #2984, .F. ) ;
#1699 = CIRCLE ( 'NONE', #3968, 3.000000000000001332 ) ;
#1700 = DIRECTION ( 'NONE',  ( 4.126820607811806652E-29, 1.650728243124722933E-43, -1.000000000000000000 ) ) ;
#1701 = AXIS2_PLACEMENT_3D ( 'NONE', #2445, #302, #1598 ) ;
#1702 = CARTESIAN_POINT ( 'NONE',  ( -46.23909603667240731, 6.555857262715630185, 40.27616807355597217 ) ) ;
#1703 = CARTESIAN_POINT ( 'NONE',  ( -57.71690433562329758, 17.59813137759691060, 38.46084327074976983 ) ) ;
#1704 = LINE ( 'NONE', #4710, #2356 ) ;
#1705 = ORIENTED_EDGE ( 'NONE', *, *, #4004, .F. ) ;
#1706 = EDGE_CURVE ( 'NONE', #2283, #4474, #4072, .T. ) ;
#1707 = CARTESIAN_POINT ( 'NONE',  ( -111.5487462628537969, 2.155857262715457967, 23.47616807355592528 ) ) ;
#1708 = CIRCLE ( 'NONE', #1610, 1.049999999999999822 ) ;
#1709 = DIRECTION ( 'NONE',  ( -4.000000000000001100E-15, 1.000000000000000000, -2.882492143453086901E-32 ) ) ;
#1710 = VERTEX_POINT ( 'NONE', #3648 ) ;
#1711 = CARTESIAN_POINT ( 'NONE',  ( -47.63909603667240589, 6.555857262715624856, 40.27616807355595796 ) ) ;
#1712 = DIRECTION ( 'NONE',  ( 8.673617379885279161E-17, -1.070816960479506926E-16, -1.000000000000000000 ) ) ;
#1713 = ORIENTED_EDGE ( 'NONE', *, *, #739, .F. ) ;
#1714 = CARTESIAN_POINT ( 'NONE',  ( -1.602362769591291203, 40.25585726271802400, 16.56683629550358461 ) ) ;
#1715 = VECTOR ( 'NONE', #5386, 1000.000000000000000 ) ;
#1716 = CALENDAR_DATE ( 2026, 11, 6 ) ;
#1717 = CARTESIAN_POINT ( 'NONE',  ( -25.55218945652130458, 32.25585726271803111, -11.12528209955138081 ) ) ;
#1718 = AXIS2_PLACEMENT_3D ( 'NONE', #5281, #912, #3167 ) ;
#1719 = LINE ( 'NONE', #2936, #4962 ) ;
#1720 = ORIENTED_EDGE ( 'NONE', *, *, #2648, .F. ) ;
#1721 = DIRECTION ( 'NONE',  ( 1.000000000000000000, 3.872871016134266781E-15, 0.000000000000000000 ) ) ;
#1722 = CARTESIAN_POINT ( 'NONE',  ( -46.23909603667240731, 6.555857262715630185, 40.27616807355597217 ) ) ;
#1723 = EDGE_CURVE ( 'NONE', #616, #3157, #1240, .T. ) ;
#1724 = DIRECTION ( 'NONE',  ( 0.000000000000000000, -9.168870224105809784E-15, 1.000000000000000000 ) ) ;
#1725 = FACE_OUTER_BOUND ( 'NONE', #4683, .T. ) ;
#1726 = AXIS2_PLACEMENT_3D ( 'NONE', #3795, #3767, #1130 ) ;
#1727 = LINE ( 'NONE', #1644, #4844 ) ;
#1728 = EDGE_LOOP ( 'NONE', ( #597, #1327, #3762, #5147, #3030, #701 ) ) ;
#1729 = ORIENTED_EDGE ( 'NONE', *, *, #1801, .T. ) ;
#1730 = CARTESIAN_POINT ( 'NONE',  ( -59.94117367068056978, 18.61949107653051527, 7.258841220711984121 ) ) ;
#1731 = ORIENTED_EDGE ( 'NONE', *, *, #4543, .T. ) ;
#1732 = EDGE_CURVE ( 'NONE', #2200, #5309, #5256, .T. ) ;
#1733 = CYLINDRICAL_SURFACE ( 'NONE', #3800, 4.999999999999997335 ) ;
#1734 = ORIENTED_EDGE ( 'NONE', *, *, #4815, .F. ) ;
#1735 = CARTESIAN_POINT ( 'NONE',  ( -59.05735473361887955, 40.59721176013302113, 25.44378631007174363 ) ) ;
#1736 = VERTEX_POINT ( 'NONE', #592 ) ;
#1737 = FACE_OUTER_BOUND ( 'NONE', #1231, .T. ) ;
#1738 = AXIS2_PLACEMENT_3D ( 'NONE', #397, #3824, #36 ) ;
#1739 = ORIENTED_EDGE ( 'NONE', *, *, #2555, .F. ) ;
#1740 = ADVANCED_FACE ( 'NONE', ( #543 ), #2261, .F. ) ;
#1741 = ADVANCED_FACE ( 'NONE', ( #1152 ), #733, .T. ) ;
#1742 = CARTESIAN_POINT ( 'NONE',  ( -24.55218945652130103, 33.25585726271803111, -15.72946579817326196 ) ) ;
#1743 = CARTESIAN_POINT ( 'NONE',  ( -36.73909603667241441, 13.55585726271548452, 7.876168073555954052 ) ) ;
#1744 = ORIENTED_EDGE ( 'NONE', *, *, #3359, .T. ) ;
#1745 = AXIS2_PLACEMENT_3D ( 'NONE', #722, #5556, #4288 ) ;
#1746 = CARTESIAN_POINT ( 'NONE',  ( -25.05538402172736312, 33.12988572704385604, -15.77710445342824030 ) ) ;
#1747 = EDGE_CURVE ( 'NONE', #573, #2037, #2025, .T. ) ;
#1748 = APPROVAL_DATE_TIME ( #3046, #5577 ) ;
#1749 = LINE ( 'NONE', #538, #2627 ) ;
#1750 = CARTESIAN_POINT ( 'NONE',  ( -61.35992389273854997, -2.444142737284451972, 47.77616807355595085 ) ) ;
#1751 = ORIENTED_EDGE ( 'NONE', *, *, #915, .T. ) ;
#1752 = CYLINDRICAL_SURFACE ( 'NONE', #4738, 2.100000000000000977 ) ;
#1753 = CARTESIAN_POINT ( 'NONE',  ( -57.22500873453075343, 42.25585726271803821, 24.57616807355593025 ) ) ;
#1754 = AXIS2_PLACEMENT_3D ( 'NONE', #3178, #4904, #184 ) ;
#1755 = CARTESIAN_POINT ( 'NONE',  ( -25.05526896232272094, 24.38176701686656500, -12.26194282939938240 ) ) ;
#1756 = CARTESIAN_POINT ( 'NONE',  ( -65.30380319101077191, 13.16993427662500693, 37.77616807355595085 ) ) ;
#1757 = DIRECTION ( 'NONE',  ( 0.000000000000000000, 1.000000000000000000, 0.000000000000000000 ) ) ;
#1758 = EDGE_LOOP ( 'NONE', ( #3081, #3116, #4702, #5387, #791 ) ) ;
#1759 = CARTESIAN_POINT ( 'NONE',  ( -60.43660393787396856, 18.27909669732534326, 35.69107368496824506 ) ) ;
#1760 = ORIENTED_EDGE ( 'NONE', *, *, #1356, .F. ) ;
#1761 = LINE ( 'NONE', #2552, #4707 ) ;
#1762 = ORIENTED_EDGE ( 'NONE', *, *, #3052, .F. ) ;
#1763 = CARTESIAN_POINT ( 'NONE',  ( -59.00937502356345732, 38.36047136094174448, 25.75185874809514885 ) ) ;
#1764 = VERTEX_POINT ( 'NONE', #3358 ) ;
#1765 = EDGE_CURVE ( 'NONE', #5467, #1764, #4277, .T. ) ;
#1766 = CARTESIAN_POINT ( 'NONE',  ( -57.01535079233079983, 40.31677027712866845, 17.08243684799085571 ) ) ;
#1767 = VERTEX_POINT ( 'NONE', #3786 ) ;
#1768 = ORIENTED_EDGE ( 'NONE', *, *, #4436, .T. ) ;
#1769 = DIRECTION ( 'NONE',  ( 1.000000000000000000, 3.717264591378875951E-15, 0.000000000000000000 ) ) ;
#1770 = ADVANCED_FACE ( 'NONE', ( #1548 ), #1184, .T. ) ;
#1771 = AXIS2_PLACEMENT_3D ( 'NONE', #2579, #5119, #914 ) ;
#1772 = ORIENTED_EDGE ( 'NONE', *, *, #77, .T. ) ;
#1773 = CARTESIAN_POINT ( 'NONE',  ( -25.55218945652136142, 32.25585726271802400, -15.72946579817325485 ) ) ;
#1774 = CIRCLE ( 'NONE', #153, 38.12132034355975208 ) ;
#1775 = DATE_AND_TIME ( #393, #225 ) ;
#1776 = CARTESIAN_POINT ( 'NONE',  ( -54.08203635628722594, 17.40313261851893500, 7.804571830153832046 ) ) ;
#1777 = CARTESIAN_POINT ( 'NONE',  ( -57.22500873453075343, 45.25585726271802400, 19.57616807355593025 ) ) ;
#1778 = ORIENTED_EDGE ( 'NONE', *, *, #114, .F. ) ;
#1779 = EDGE_CURVE ( 'NONE', #622, #3964, #4149, .T. ) ;
#1780 = CARTESIAN_POINT ( 'NONE',  ( -57.71690433562465472, 17.59813137759942947, 4.691492876362630682 ) ) ;
#1781 = CARTESIAN_POINT ( 'NONE',  ( -40.95966127903204779, 7.555857262715775846, -0.9747210228175633429 ) ) ;
#1782 = DIRECTION ( 'NONE',  ( -1.000000000000000000, 0.000000000000000000, -4.060502299416422556E-28 ) ) ;
#1783 = CARTESIAN_POINT ( 'NONE',  ( -71.73909603667240731, 9.705857262715637646, 15.62616807355592385 ) ) ;
#1784 = ORIENTED_EDGE ( 'NONE', *, *, #3785, .F. ) ;
#1785 = ORIENTED_EDGE ( 'NONE', *, *, #5247, .T. ) ;
#1786 = CARTESIAN_POINT ( 'NONE',  ( -46.23909603667237178, -2.444142737284253464, 1.876168073555464444 ) ) ;
#1787 = ORIENTED_EDGE ( 'NONE', *, *, #3385, .T. ) ;
#1788 = LINE ( 'NONE', #4005, #2532 ) ;
#1789 = ORIENTED_EDGE ( 'NONE', *, *, #2391, .F. ) ;
#1790 = DIRECTION ( 'NONE',  ( -0.000000000000000000, -1.000000000000000000, -0.000000000000000000 ) ) ;
#1791 = ORIENTED_EDGE ( 'NONE', *, *, #308, .T. ) ;
#1792 =( BOUNDED_CURVE ( )  B_SPLINE_CURVE ( 3, ( #2605, #5259, #4868, #5338 ),
 .UNSPECIFIED., .F., .T. ) 
 B_SPLINE_CURVE_WITH_KNOTS ( ( 4, 4 ),
 ( 4.712388980384689674, 6.283185307179586232 ),
 .UNSPECIFIED. ) 
 CURVE ( )  GEOMETRIC_REPRESENTATION_ITEM ( )  RATIONAL_B_SPLINE_CURVE ( ( 1.000000000000000000, 0.8047378541243649375, 0.8047378541243649375, 1.000000000000000000 ) ) 
 REPRESENTATION_ITEM ( '' )  );
#1793 = CARTESIAN_POINT ( 'NONE',  ( -57.14538559086386726, 40.65540594298475696, 17.78265843107906719 ) ) ;
#1794 = ORIENTED_EDGE ( 'NONE', *, *, #1661, .T. ) ;
#1795 = ADVANCED_FACE ( 'NONE', ( #2450 ), #3555, .T. ) ;
#1796 = CARTESIAN_POINT ( 'NONE',  ( -74.23909603667240731, 8.705857262715628764, 15.62616807355592385 ) ) ;
#1797 = CARTESIAN_POINT ( 'NONE',  ( -18.55218945652130813, 33.25585726271803821, -11.19223364673099752 ) ) ;
#1798 = AXIS2_PLACEMENT_3D ( 'NONE', #788, #1296, #3845 ) ;
#1799 = VERTEX_POINT ( 'NONE', #675 ) ;
#1800 = LINE ( 'NONE', #5249, #1345 ) ;
#1801 = EDGE_CURVE ( 'NONE', #4515, #1865, #3184, .T. ) ;
#1802 = DATE_AND_TIME ( #1716, #319 ) ;
#1803 = CARTESIAN_POINT ( 'NONE',  ( -74.23909603667240731, 8.705857262715628764, 15.62616807355592385 ) ) ;
#1804 = EDGE_LOOP ( 'NONE', ( #5388, #919, #3003, #4352 ) ) ;
#1805 = VECTOR ( 'NONE', #705, 1000.000000000000000 ) ;
#1806 = DIRECTION ( 'NONE',  ( -0.000000000000000000, -0.000000000000000000, -1.000000000000000000 ) ) ;
#1807 = CARTESIAN_POINT ( 'NONE',  ( -52.16375033999269561, 19.61068946088368037, 36.76329293785599361 ) ) ;
#1808 = EDGE_CURVE ( 'NONE', #5497, #5243, #1633, .T. ) ;
#1809 = EDGE_CURVE ( 'NONE', #5184, #3221, #3758, .T. ) ;
#1810 = VECTOR ( 'NONE', #2458, 1000.000000000000000 ) ;
#1811 = AXIS2_PLACEMENT_3D ( 'NONE', #860, #1337, #5181 ) ;
#1812 = CARTESIAN_POINT ( 'NONE',  ( -63.27844217697310825, 13.62029563171048174, 5.376168073555949611 ) ) ;
#1813 = LINE ( 'NONE', #1467, #3813 ) ;
#1814 = FACE_BOUND ( 'NONE', #1605, .T. ) ;
#1815 = ORIENTED_EDGE ( 'NONE', *, *, #18, .T. ) ;
#1816 = EDGE_LOOP ( 'NONE', ( #4197, #968, #928, #4922 ) ) ;
#1817 = AXIS2_PLACEMENT_3D ( 'NONE', #4069, #1148, #4462 ) ;
#1818 = CARTESIAN_POINT ( 'NONE',  ( -53.08574819829107128, 25.95491320953238201, 42.15898070105772177 ) ) ;
#1819 = VERTEX_POINT ( 'NONE', #1096 ) ;
#1820 = AXIS2_PLACEMENT_3D ( 'NONE', #743, #2490, #1643 ) ;
#1821 = PLANE ( 'NONE',  #5412 ) ;
#1822 = ORIENTED_EDGE ( 'NONE', *, *, #2264, .T. ) ;
#1823 = DIRECTION ( 'NONE',  ( 8.673617379885279161E-17, -1.070816960479506926E-16, -1.000000000000000000 ) ) ;
#1824 = FACE_OUTER_BOUND ( 'NONE', #664, .T. ) ;
#1825 = AXIS2_PLACEMENT_3D ( 'NONE', #2762, #594, #96 ) ;
#1826 = CARTESIAN_POINT ( 'NONE',  ( -71.23909603667247836, 26.05585726271534597, 12.97616807355594837 ) ) ;
#1827 = ORIENTED_EDGE ( 'NONE', *, *, #529, .F. ) ;
#1828 = CARTESIAN_POINT ( 'NONE',  ( -21.73909603667244994, 19.79849794983491762, 21.57616807355577393 ) ) ;
#1829 = DIRECTION ( 'NONE',  ( 4.155316316201832602E-29, -6.331107576557691484E-17, -1.000000000000000000 ) ) ;
#1830 = EDGE_CURVE ( 'NONE', #186, #4498, #5342, .T. ) ;
#1831 = VERTEX_POINT ( 'NONE', #4100 ) ;
#1832 = FACE_OUTER_BOUND ( 'NONE', #4226, .T. ) ;
#1833 = ADVANCED_FACE ( 'NONE', ( #1966 ), #279, .F. ) ;
#1834 = CARTESIAN_POINT ( 'NONE',  ( -55.57479849902097158, 22.67294757810580563, 4.100359735173157105 ) ) ;
#1835 = CARTESIAN_POINT ( 'NONE',  ( -61.35992389273858549, -2.444142737284285438, -4.623831926444038842 ) ) ;
#1836 = CARTESIAN_POINT ( 'NONE',  ( -54.75590993504854964, 7.555857262715702127, 4.876168073555866123 ) ) ;
#1837 = CARTESIAN_POINT ( 'NONE',  ( -54.75590993504854254, 37.55585726271566926, 38.27616807355594375 ) ) ;
#1838 = DIRECTION ( 'NONE',  ( 0.000000000000000000, 0.000000000000000000, 1.000000000000000000 ) ) ;
#1839 = EDGE_CURVE ( 'NONE', #3197, #1565, #3672, .T. ) ;
#1840 = EDGE_LOOP ( 'NONE', ( #3032, #520, #1206, #5208, #4778, #4809, #3694, #4791, #562, #3815 ) ) ;
#1841 = EDGE_LOOP ( 'NONE', ( #1431, #4194, #1919, #117 ) ) ;
#1842 = CIRCLE ( 'NONE', #2293, 4.999999999999997335 ) ;
#1843 = DIRECTION ( 'NONE',  ( -1.000000000000000000, -3.469446951953611033E-15, 0.000000000000000000 ) ) ;
#1844 = ORIENTED_EDGE ( 'NONE', *, *, #5050, .F. ) ;
#1845 = CARTESIAN_POINT ( 'NONE',  ( -58.22461190911830187, 45.25585726271802400, 22.60433708764043459 ) ) ;
#1846 = FACE_OUTER_BOUND ( 'NONE', #229, .T. ) ;
#1847 = CARTESIAN_POINT ( 'NONE',  ( -59.57796665238469558, 13.55585726271539215, 7.876168073555950500 ) ) ;
#1848 = EDGE_CURVE ( 'NONE', #2343, #4298, #3869, .T. ) ;
#1849 = CARTESIAN_POINT ( 'NONE',  ( -57.20598770385961984, 41.24357924521361696, 18.30614838975633063 ) ) ;
#1850 = ORIENTED_EDGE ( 'NONE', *, *, #4635, .T. ) ;
#1851 = ORIENTED_EDGE ( 'NONE', *, *, #3778, .T. ) ;
#1852 = LINE ( 'NONE', #3581, #4240 ) ;
#1853 = VERTEX_POINT ( 'NONE', #702 ) ;
#1854 =( BOUNDED_SURFACE ( )  B_SPLINE_SURFACE ( 3, 2, ( 
 ( #823, #5172, #3480 ),
 ( #3940, #2600, #1328 ),
 ( #4328, #454, #5114 ),
 ( #1691, #2573, #3050 ),
 ( #4780, #2965, #2631 ),
 ( #64, #2091, #3420 ),
 ( #4696, #1272, #4360 ),
 ( #4723, #2207, #1780 ),
 ( #3822, #1218, #1666 ),
 ( #849, #2939, #4670 ),
 ( #2544, #4299, #5141 ),
 ( #2995, #423, #4863 ),
 ( #2837, #3993, #119 ),
 ( #1834, #962, #513 ),
 ( #3563, #5255, #4991 ),
 ( #695, #1385, #2683 ),
 ( #3083, #1355, #1542 ),
 ( #3267, #591, #1437 ) ),
 .UNSPECIFIED., .F., .F., .F. ) 
 B_SPLINE_SURFACE_WITH_KNOTS ( ( 4, 2, 2, 2, 2, 2, 2, 2, 4 ),
 ( 3, 3 ),
 ( 0.000000000000000000, 0.002172115097216746008, 0.004344230194433492016, 0.005430287743041864804, 0.006516345291650238458, 0.008688460388866984033, 0.01086057548608372961, 0.01303269058330047692, 0.01737692077773396807 ),
 ( 0.000000000000000000, 1.000000000000000000 ),
 .UNSPECIFIED. ) 
 GEOMETRIC_REPRESENTATION_ITEM ( )  RATIONAL_B_SPLINE_SURFACE ( (
 ( 1.000000000000000000, 0.7548232549842759376, 1.000000000000000000),
 ( 1.000000000000000000, 0.7677749568893644794, 1.000000000000000000),
 ( 1.000000000000000000, 0.7821138192519895282, 1.000000000000000000),
 ( 1.000000000000000000, 0.8117970683659844200, 1.000000000000000000),
 ( 1.000000000000000000, 0.8271403421621659202, 1.000000000000000000),
 ( 1.000000000000000000, 0.8499086941728778433, 1.000000000000000000),
 ( 1.000000000000000000, 0.8574825362320201982, 1.000000000000000000),
 ( 1.000000000000000000, 0.8722273585588922185, 1.000000000000000000),
 ( 1.000000000000000000, 0.8794167984836864793, 1.000000000000000000),
 ( 1.000000000000000000, 0.9003075816203816029, 1.000000000000000000),
 ( 1.000000000000000000, 0.9133265764032787448, 1.000000000000000000),
 ( 1.000000000000000000, 0.9370276155480030678, 1.000000000000000000),
 ( 1.000000000000000000, 0.9477123410116631286, 1.000000000000000000),
 ( 1.000000000000000000, 0.9663574130250615069, 1.000000000000000000),
 ( 1.000000000000000000, 0.9743191117311891247, 1.000000000000000000),
 ( 1.000000000000000000, 0.9934520649188995911, 1.000000000000000000),
 ( 1.000000000000000000, 1.000006481871247743, 1.000000000000000000),
 ( 1.000000000000000000, 1.000000000000000000, 1.000000000000000000) ) ) 
 REPRESENTATION_ITEM ( '' )  SURFACE ( )  );
#1855 = CARTESIAN_POINT ( 'NONE',  ( -61.35992389273858549, 14.39080930250184309, 5.376168073555949611 ) ) ;
#1856 = CARTESIAN_POINT ( 'NONE',  ( -111.5487462628538253, 6.955857262715455569, 21.47616807355592172 ) ) ;
#1857 = AXIS2_PLACEMENT_3D ( 'NONE', #4000, #124, #1469 ) ;
#1858 = CARTESIAN_POINT ( 'NONE',  ( -25.55218945652130458, 32.25585726271803821, -11.74398061814017957 ) ) ;
#1859 = DIRECTION ( 'NONE',  ( 0.000000000000000000, 0.000000000000000000, 1.000000000000000000 ) ) ;
#1860 = VECTOR ( 'NONE', #3146, 1000.000000000000000 ) ;
#1861 = EDGE_CURVE ( 'NONE', #2177, #109, #5413, .T. ) ;
#1862 = DIRECTION ( 'NONE',  ( 0.000000000000000000, 0.000000000000000000, 1.000000000000000000 ) ) ;
#1863 = CARTESIAN_POINT ( 'NONE',  ( -21.73909603667243928, 17.67717760627526857, 21.57616807355577038 ) ) ;
#1864 = CARTESIAN_POINT ( 'NONE',  ( -53.01869697567206430, -108.5101599152663425, 42.26037859987173562 ) ) ;
#1865 = VERTEX_POINT ( 'NONE', #2623 ) ;
#1866 = VERTEX_POINT ( 'NONE', #1714 ) ;
#1867 = CARTESIAN_POINT ( 'NONE',  ( -21.73909603667274837, 36.15585726271579148, 21.57616807355592670 ) ) ;
#1868 = ORIENTED_EDGE ( 'NONE', *, *, #3191, .F. ) ;
#1869 = EDGE_CURVE ( 'NONE', #2838, #3488, #59, .T. ) ;
#1870 = CARTESIAN_POINT ( 'NONE',  ( -50.85518025116233076, 7.555857262715639067, 31.29159164164176232 ) ) ;
#1871 = FACE_OUTER_BOUND ( 'NONE', #2493, .T. ) ;
#1872 = CARTESIAN_POINT ( 'NONE',  ( -52.47372571881819425, 19.05346765021415223, 6.831745755274157617 ) ) ;
#1873 = CARTESIAN_POINT ( 'NONE',  ( -21.73909603667274837, -2.444142737284202394, 21.57616807355592670 ) ) ;
#1874 = VERTEX_POINT ( 'NONE', #3907 ) ;
#1875 = ADVANCED_FACE ( 'NONE', ( #1687 ), #2565, .T. ) ;
#1876 = DIRECTION ( 'NONE',  ( -1.000000000000000000, -4.625929269271486111E-15, 0.000000000000000000 ) ) ;
#1877 = CARTESIAN_POINT ( 'NONE',  ( -71.73909603667240731, 9.705857262715637646, 13.47616807355592528 ) ) ;
#1878 = DIRECTION ( 'NONE',  ( 4.500904153885843101E-15, -1.000000000000000000, 0.000000000000000000 ) ) ;
#1879 = ORIENTED_EDGE ( 'NONE', *, *, #1241, .T. ) ;
#1880 = AXIS2_PLACEMENT_3D ( 'NONE', #5570, #1273, #3509 ) ;
#1881 = VECTOR ( 'NONE', #5499, 1000.000000000000000 ) ;
#1882 = LINE ( 'NONE', #5380, #3976 ) ;
#1883 = DIRECTION ( 'NONE',  ( 0.000000000000000000, 0.000000000000000000, 1.000000000000000000 ) ) ;
#1884 = VERTEX_POINT ( 'NONE', #816 ) ;
#1885 = CARTESIAN_POINT ( 'NONE',  ( 15.76190396332741095, 16.05585726271569058, 21.47616807355595014 ) ) ;
#1886 = FACE_OUTER_BOUND ( 'NONE', #3627, .T. ) ;
#1887 = ORIENTED_EDGE ( 'NONE', *, *, #4575, .F. ) ;
#1888 = DIRECTION ( 'NONE',  ( 1.016643762873339712E-32, 1.000000000000000000, -9.376883653928778575E-17 ) ) ;
#1889 = VECTOR ( 'NONE', #3389, 1000.000000000000000 ) ;
#1890 = ORIENTED_EDGE ( 'NONE', *, *, #4223, .F. ) ;
#1891 = EDGE_LOOP ( 'NONE', ( #1739, #282, #3641, #1844 ) ) ;
#1892 = EDGE_CURVE ( 'NONE', #3671, #4570, #2538, .T. ) ;
#1893 = DIRECTION ( 'NONE',  ( 8.673617379885238485E-17, 0.000000000000000000, -1.000000000000000000 ) ) ;
#1894 = VECTOR ( 'NONE', #4749, 1000.000000000000000 ) ;
#1895 = ORIENTED_EDGE ( 'NONE', *, *, #1491, .T. ) ;
#1896 = AXIS2_PLACEMENT_3D ( 'NONE', #2218, #3948, #4848 ) ;
#1897 = PLANE ( 'NONE',  #5509 ) ;
#1898 = CARTESIAN_POINT ( 'NONE',  ( -25.43581438373628245, 32.74078703369370658, -11.50001598636382383 ) ) ;
#1899 = DIRECTION ( 'NONE',  ( 4.500904153885843101E-15, -1.000000000000000000, 3.903912049434190617E-31 ) ) ;
#1900 = AXIS2_PLACEMENT_3D ( 'NONE', #1856, #3159, #3107 ) ;
#1901 = EDGE_CURVE ( 'NONE', #4200, #4610, #3414, .T. ) ;
#1902 = DIRECTION ( 'NONE',  ( -1.000000000000000000, -4.001428817919833979E-15, 0.000000000000000000 ) ) ;
#1903 = ORIENTED_EDGE ( 'NONE', *, *, #4718, .T. ) ;
#1904 = AXIS2_PLACEMENT_3D ( 'NONE', #1976, #4160, #2403 ) ;
#1905 = DIRECTION ( 'NONE',  ( -1.000000000000000000, -4.000000000000001100E-15, 0.000000000000000000 ) ) ;
#1906 = LINE ( 'NONE', #666, #448 ) ;
#1907 = PLANE ( 'NONE',  #2259 ) ;
#1908 = VECTOR ( 'NONE', #4492, 1000.000000000000000 ) ;
#1909 = EDGE_CURVE ( 'NONE', #4524, #4359, #5440, .T. ) ;
#1910 = ORIENTED_EDGE ( 'NONE', *, *, #1848, .T. ) ;
#1911 = LINE ( 'NONE', #2306, #987 ) ;
#1912 = LINE ( 'NONE', #1462, #1365 ) ;
#1913 = ADVANCED_FACE ( 'NONE', ( #3816 ), #4745, .F. ) ;
#1914 = CARTESIAN_POINT ( 'NONE',  ( -44.83909603667240873, 6.555857262715635514, 40.27616807355597217 ) ) ;
#1915 = VECTOR ( 'NONE', #2055, 1000.000000000000000 ) ;
#1916 = CARTESIAN_POINT ( 'NONE',  ( -67.36814380232306121, 16.05585726271536018, 8.376168073555948723 ) ) ;
#1917 = CARTESIAN_POINT ( 'NONE',  ( -53.29313630359126819, 37.55585726271566926, 7.495384235523680161 ) ) ;
#1918 = EDGE_LOOP ( 'NONE', ( #4411, #1868, #235, #4286 ) ) ;
#1919 = ORIENTED_EDGE ( 'NONE', *, *, #2190, .F. ) ;
#1920 = ORIENTED_EDGE ( 'NONE', *, *, #4855, .T. ) ;
#1921 = CARTESIAN_POINT ( 'NONE',  ( -51.11890341980407726, 44.84164370034493885, 24.57616807355592670 ) ) ;
#1922 = AXIS2_PLACEMENT_3D ( 'NONE', #1260, #2076, #2981 ) ;
#1923 = VECTOR ( 'NONE', #1113, 1000.000000000000000 ) ;
#1924 = CARTESIAN_POINT ( 'NONE',  ( -56.95817227350984524, 40.25585726271802400, 26.31976762953604876 ) ) ;
#1925 = CARTESIAN_POINT ( 'NONE',  ( -36.73909603667241441, 13.55585726271548452, 12.97616807355595014 ) ) ;
#1926 = CARTESIAN_POINT ( 'NONE',  ( -47.63909603667240589, 6.555857262715737654, 2.876168073555652072 ) ) ;
#1927 = CARTESIAN_POINT ( 'NONE',  ( -57.22500873453075343, 42.25585726271803111, 18.57616807355592670 ) ) ;
#1928 = ORIENTED_EDGE ( 'NONE', *, *, #4302, .T. ) ;
#1929 = DIRECTION ( 'NONE',  ( -8.673617379885234787E-17, 0.000000000000000000, 1.000000000000000000 ) ) ;
#1930 = LINE ( 'NONE', #1457, #1349 ) ;
#1931 = EDGE_CURVE ( 'NONE', #2318, #945, #3502, .T. ) ;
#1932 = CARTESIAN_POINT ( 'NONE',  ( -71.73909603667240731, 8.705857262715637646, 14.62616807355592563 ) ) ;
#1933 =( BOUNDED_SURFACE ( )  B_SPLINE_SURFACE ( 3, 2, ( 
 ( #4520, #1097, #1942 ),
 ( #4999, #3701, #226 ),
 ( #5414, #4150, #1518 ),
 ( #4970, #2878, #3219 ),
 ( #2338, #1124, #1576 ),
 ( #280, #4550, #200 ),
 ( #3620, #3243, #3273 ),
 ( #4942, #2846, #2816 ),
 ( #4578, #3192, #1996 ),
 ( #676, #4607, #4180 ),
 ( #1066, #734, #3303 ),
 ( #2394, #4918, #1967 ),
 ( #3730, #2368, #5446 ),
 ( #4125, #5026, #252 ),
 ( #3675, #5335, #2451 ),
 ( #309, #1466, #1041 ) ),
 .UNSPECIFIED., .F., .F., .T. ) 
 B_SPLINE_SURFACE_WITH_KNOTS ( ( 4, 2, 2, 2, 2, 2, 2, 4 ),
 ( 3, 3 ),
 ( -2.168404344971008868E-19, 0.0007829838441585399529, 0.001565967688317080123, 0.002348951532475620184, 0.003131935376634160245, 0.003914919220792700306, 0.004697903064951240368, 0.006263870753268320490 ),
 ( 0.000000000000000000, 1.000000000000000000 ),
 .UNSPECIFIED. ) 
 GEOMETRIC_REPRESENTATION_ITEM ( )  RATIONAL_B_SPLINE_SURFACE ( (
 ( 1.000000000000000000, 0.7071067811865487940, 1.000000000000000000),
 ( 1.000000000000000000, 0.7103688130767610298, 1.000000000000000000),
 ( 1.000000000000000000, 0.7130490958943432878, 1.000000000000000000),
 ( 1.000000000000000000, 0.7173708399481543152, 1.000000000000000000),
 ( 1.000000000000000000, 0.7190224147565518198, 1.000000000000000000),
 ( 1.000000000000000000, 0.7213302912903247766, 1.000000000000000000),
 ( 1.000000000000000000, 0.7219962614578155913, 1.000000000000000000),
 ( 1.000000000000000000, 0.7226044061726465406, 1.000000000000000000),
 ( 1.000000000000000000, 0.7225380804814923730, 1.000000000000000000),
 ( 1.000000000000000000, 0.7219561159482449364, 1.000000000000000000),
 ( 1.000000000000000000, 0.7214463220234859087, 1.000000000000000000),
 ( 1.000000000000000000, 0.7202690125799404708, 1.000000000000000000),
 ( 1.000000000000000000, 0.7196117052118540247, 1.000000000000000000),
 ( 1.000000000000000000, 0.7178539460616333301, 1.000000000000000000),
 ( 1.000000000000000000, 0.7169648407737411189, 1.000000000000000000),
 ( 1.000000000000000000, 0.7169968668287566294, 1.000000000000000000) ) ) 
 REPRESENTATION_ITEM ( '' )  SURFACE ( )  );
#1934 = VERTEX_POINT ( 'NONE', #5534 ) ;
#1935 = B_SPLINE_CURVE_WITH_KNOTS ( 'NONE', 3,
 ( #1936, #2281, #2363, #3585, #220, #3668, #1120, #1855 ),
 .UNSPECIFIED., .F., .F.,
 ( 4, 2, 2, 4 ),
 ( 0.000000000000000000, 0.001560784123546765439, 0.003121568247093530878, 0.006243136494187061757 ),
 .UNSPECIFIED. ) ;
#1936 = CARTESIAN_POINT ( 'NONE',  ( -67.36814380232304700, 13.05585726271536018, 5.376168073555948723 ) ) ;
#1937 = EDGE_CURVE ( 'NONE', #1494, #583, #3328, .T. ) ;
#1938 = FACE_OUTER_BOUND ( 'NONE', #1142, .T. ) ;
#1939 = TOROIDAL_SURFACE ( 'NONE', #5367, 29.00000000000000000, 5.000000000000000000 ) ;
#1940 = DIRECTION ( 'NONE',  ( 0.000000000000000000, 1.000000000000000000, 0.000000000000000000 ) ) ;
#1941 = EDGE_CURVE ( 'NONE', #4051, #1955, #5224, .T. ) ;
#1942 = CARTESIAN_POINT ( 'NONE',  ( -56.88521957825269482, 40.25585726271802400, 16.57616807355593025 ) ) ;
#1943 = CYLINDRICAL_SURFACE ( 'NONE', #1447, 2.000000000000001776 ) ;
#1944 = ORIENTED_EDGE ( 'NONE', *, *, #2922, .F. ) ;
#1945 = ORIENTED_EDGE ( 'NONE', *, *, #4124, .T. ) ;
#1946 = AXIS2_PLACEMENT_3D ( 'NONE', #5177, #1757, #4279 ) ;
#1947 = CARTESIAN_POINT ( 'NONE',  ( -25.55218945652130458, 31.05737426023093661, -12.13020734998933392 ) ) ;
#1948 = DIRECTION ( 'NONE',  ( 0.000000000000000000, 0.000000000000000000, 1.000000000000000000 ) ) ;
#1949 = ORIENTED_EDGE ( 'NONE', *, *, #3896, .F. ) ;
#1950 = DIRECTION ( 'NONE',  ( -8.673617379885279161E-17, 1.070816960479506926E-16, 1.000000000000000000 ) ) ;
#1951 = PLANE ( 'NONE',  #4439 ) ;
#1952 = CARTESIAN_POINT ( 'NONE',  ( -21.73909603667270574, 16.05585726271554492, 21.57616807355592670 ) ) ;
#1953 = VERTEX_POINT ( 'NONE', #2113 ) ;
#1954 = CARTESIAN_POINT ( 'NONE',  ( -21.73909603667274837, 26.05585726271554492, 21.57616807355592670 ) ) ;
#1955 = VERTEX_POINT ( 'NONE', #5563 ) ;
#1956 = CYLINDRICAL_SURFACE ( 'NONE', #4841, 2.100000000000000977 ) ;
#1957 = CARTESIAN_POINT ( 'NONE',  ( 5.435504178569402711, 40.25585726271802400, 21.42876338647399592 ) ) ;
#1958 = DIRECTION ( 'NONE',  ( -1.000000000000000000, 2.000714408959915664E-13, 0.000000000000000000 ) ) ;
#1959 = VERTEX_POINT ( 'NONE', #5217 ) ;
#1960 = EDGE_CURVE ( 'NONE', #4024, #3157, #3387, .T. ) ;
#1961 = CARTESIAN_POINT ( 'NONE',  ( -21.73909603667274482, 39.25585726271802400, 3.076168073555922255 ) ) ;
#1962 = CARTESIAN_POINT ( 'NONE',  ( -64.23909603667240731, 8.705857262715667844, 15.62616807355592385 ) ) ;
#1963 = VERTEX_POINT ( 'NONE', #1 ) ;
#1964 = CIRCLE ( 'NONE', #169, 2.999999999999999112 ) ;
#1965 = ADVANCED_FACE ( 'NONE', ( #871 ), #3150, .T. ) ;
#1966 = FACE_OUTER_BOUND ( 'NONE', #4574, .T. ) ;
#1967 = CARTESIAN_POINT ( 'NONE',  ( -57.20630642555769185, 41.25013316952580311, 18.30991076136755780 ) ) ;
#1968 = DIRECTION ( 'NONE',  ( 1.016643762873339712E-32, 1.000000000000000000, -9.376883653928778575E-17 ) ) ;
#1969 = ORIENTED_EDGE ( 'NONE', *, *, #4217, .T. ) ;
#1970 = VECTOR ( 'NONE', #2079, 1000.000000000000000 ) ;
#1971 = ORIENTED_EDGE ( 'NONE', *, *, #4116, .T. ) ;
#1972 = FACE_OUTER_BOUND ( 'NONE', #1314, .T. ) ;
#1973 = EDGE_CURVE ( 'NONE', #688, #2918, #4058, .T. ) ;
#1974 = CARTESIAN_POINT ( 'NONE',  ( -67.36814380232301858, 13.05585726271536551, 37.77616807355595085 ) ) ;
#1975 = CARTESIAN_POINT ( 'NONE',  ( -57.21867831008626837, 41.60549243829635202, 24.68025299921206894 ) ) ;
#1976 = CARTESIAN_POINT ( 'NONE',  ( -21.73909603667274837, 38.25585726271803111, 21.57616807355592670 ) ) ;
#1977 = CARTESIAN_POINT ( 'NONE',  ( -21.73909603667274482, 38.25585726271803111, -13.92383192644407863 ) ) ;
#1978 = ORIENTED_EDGE ( 'NONE', *, *, #5050, .T. ) ;
#1979 = ORIENTED_EDGE ( 'NONE', *, *, #3567, .T. ) ;
#1980 = DIRECTION ( 'NONE',  ( 0.000000000000000000, 1.000000000000000000, 0.000000000000000000 ) ) ;
#1981 = AXIS2_PLACEMENT_3D ( 'NONE', #5059, #1067, #2369 ) ;
#1982 = ADVANCED_FACE ( 'NONE', ( #1348 ), #3044, .T. ) ;
#1983 = VERTEX_POINT ( 'NONE', #2507 ) ;
#1984 = DIRECTION ( 'NONE',  ( -1.000000000000000000, -1.114542791890880747E-32, -1.156482317317995231E-16 ) ) ;
#1985 = VECTOR ( 'NONE', #2349, 1000.000000000000000 ) ;
#1986 = CARTESIAN_POINT ( 'NONE',  ( -59.22421508370585741, 42.25585726271803111, 22.63250610172494959 ) ) ;
#1987 = ORIENTED_EDGE ( 'NONE', *, *, #4335, .F. ) ;
#1988 = FACE_OUTER_BOUND ( 'NONE', #4079, .T. ) ;
#1989 = CARTESIAN_POINT ( 'NONE',  ( -40.23909603667237889, -2.444142737284348055, 41.27616807355596507 ) ) ;
#1990 = ORIENTED_EDGE ( 'NONE', *, *, #3644, .F. ) ;
#1991 = LINE ( 'NONE', #5049, #1970 ) ;
#1992 = VECTOR ( 'NONE', #5489, 1000.000000000000000 ) ;
#1993 = DIRECTION ( 'NONE',  ( 1.000000000000000000, 0.000000000000000000, 8.673617379885234787E-17 ) ) ;
#1994 = ORIENTED_EDGE ( 'NONE', *, *, #1287, .T. ) ;
#1995 = DIRECTION ( 'NONE',  ( -0.9900316490585902018, 0.000000000000000000, 0.1408450704225346628 ) ) ;
#1996 = CARTESIAN_POINT ( 'NONE',  ( -57.16087580220585096, 40.74652174399368221, 17.89486542890702481 ) ) ;
#1997 = CARTESIAN_POINT ( 'NONE',  ( -64.23909603667240731, 9.705857262715667844, 21.02616807355592599 ) ) ;
#1998 = EDGE_LOOP ( 'NONE', ( #41, #2379, #2485 ) ) ;
#1999 = EDGE_CURVE ( 'NONE', #3443, #2607, #1662, .T. ) ;
#2000 = CARTESIAN_POINT ( 'NONE',  ( -58.22461190911830897, 44.25585726271803821, 22.60433708764043459 ) ) ;
#2001 = AXIS2_PLACEMENT_3D ( 'NONE', #1266, #4294, #418 ) ;
#2002 = CARTESIAN_POINT ( 'NONE',  ( -21.73909603667252100, 37.55585726271579716, 21.57616807355582722 ) ) ;
#2003 = DIRECTION ( 'NONE',  ( 8.673617379885234787E-17, 0.000000000000000000, -1.000000000000000000 ) ) ;
#2004 = DIRECTION ( 'NONE',  ( 1.000000000000000000, 4.000000000000000311E-15, 0.000000000000000000 ) ) ;
#2005 = EDGE_CURVE ( 'NONE', #5189, #2302, #4385, .T. ) ;
#2006 = DIRECTION ( 'NONE',  ( 0.000000000000000000, -1.000000000000000000, 0.000000000000000000 ) ) ;
#2007 = EDGE_LOOP ( 'NONE', ( #1613, #1008, #203, #2804 ) ) ;
#2008 = AXIS2_PLACEMENT_3D ( 'NONE', #2018, #5465, #3409 ) ;
#2009 = FACE_BOUND ( 'NONE', #5216, .T. ) ;
#2010 = ORIENTED_EDGE ( 'NONE', *, *, #5360, .T. ) ;
#2011 = ORIENTED_EDGE ( 'NONE', *, *, #5469, .T. ) ;
#2012 = CARTESIAN_POINT ( 'NONE',  ( -55.58553736787899169, 20.59461957289393652, 39.60286400834984732 ) ) ;
#2013 = CARTESIAN_POINT ( 'NONE',  ( -59.22346902776394728, 41.73079953954089660, 22.65999682151269923 ) ) ;
#2014 = ORIENTED_EDGE ( 'NONE', *, *, #3264, .T. ) ;
#2015 = EDGE_CURVE ( 'NONE', #3964, #730, #3532, .T. ) ;
#2016 = PLANE ( 'NONE',  #3436 ) ;
#2017 = CIRCLE ( 'NONE', #2740, 2.999999999999999112 ) ;
#2018 = CARTESIAN_POINT ( 'NONE',  ( -21.73909603667240020, 7.555857262715785616, 21.57616807355574196 ) ) ;
#2019 = CIRCLE ( 'NONE', #4648, 1.399999999999998579 ) ;
#2020 = VERTEX_POINT ( 'NONE', #86 ) ;
#2021 = ORIENTED_EDGE ( 'NONE', *, *, #5270, .T. ) ;
#2022 = CARTESIAN_POINT ( 'NONE',  ( -17.55218945652130813, 30.87386425346816310, -12.12612020057862061 ) ) ;
#2023 = CARTESIAN_POINT ( 'NONE',  ( -21.73909603667258850, 14.43453691915588877, 21.57616807355577748 ) ) ;
#2024 = ORIENTED_EDGE ( 'NONE', *, *, #1047, .F. ) ;
#2025 = LINE ( 'NONE', #5444, #1915 ) ;
#2026 = LINE ( 'NONE', #338, #2078 ) ;
#2027 = CARTESIAN_POINT ( 'NONE',  ( -59.11890341980409147, 42.25585726271803111, 16.57616807355592670 ) ) ;
#2028 = ORIENTED_EDGE ( 'NONE', *, *, #2449, .T. ) ;
#2029 = DIRECTION ( 'NONE',  ( 4.000000000000000311E-15, -1.000000000000000000, -2.999999999999999839E-15 ) ) ;
#2030 = DIRECTION ( 'NONE',  ( -0.9061739662308825327, -0.4229051228412720742, -0.000000000000000000 ) ) ;
#2031 = EDGE_CURVE ( 'NONE', #5248, #3197, #1800, .T. ) ;
#2032 = CARTESIAN_POINT ( 'NONE',  ( -71.73909603667240731, 10.55585726271534419, 35.27616807355594375 ) ) ;
#2033 = PLANE ( 'NONE',  #1276 ) ;
#2034 = LINE ( 'NONE', #712, #964 ) ;
#2035 = VECTOR ( 'NONE', #430, 1000.000000000000000 ) ;
#2036 = ORIENTED_EDGE ( 'NONE', *, *, #4917, .T. ) ;
#2037 = VERTEX_POINT ( 'NONE', #4805 ) ;
#2038 = CARTESIAN_POINT ( 'NONE',  ( -65.73909603667240731, 13.55585726271536728, 12.97616807355595014 ) ) ;
#2039 = EDGE_LOOP ( 'NONE', ( #3063, #3720 ) ) ;
#2040 = ORIENTED_EDGE ( 'NONE', *, *, #1723, .F. ) ;
#2041 = ADVANCED_FACE ( 'NONE', ( #2101 ), #3212, .F. ) ;
#2042 = CIRCLE ( 'NONE', #4039, 18.50000000000000355 ) ;
#2043 = CARTESIAN_POINT ( 'NONE',  ( -58.12346246838635011, 17.13156179782329502, 38.31190977594062730 ) ) ;
#2044 = LINE ( 'NONE', #4682, #3908 ) ;
#2045 = EDGE_LOOP ( 'NONE', ( #753, #2342, #2251, #1146 ) ) ;
#2046 = DIRECTION ( 'NONE',  ( -4.000000000000001100E-15, 1.000000000000000000, 0.000000000000000000 ) ) ;
#2047 = CARTESIAN_POINT ( 'NONE',  ( -66.92869064835014115, 8.705857262715657185, 15.62616807355592385 ) ) ;
#2048 = ORIENTED_EDGE ( 'NONE', *, *, #2362, .F. ) ;
#2049 = EDGE_LOOP ( 'NONE', ( #3128, #2396, #716, #3160 ) ) ;
#2050 = EDGE_CURVE ( 'NONE', #1171, #3671, #1061, .T. ) ;
#2051 = EDGE_CURVE ( 'NONE', #3865, #2518, #1935, .T. ) ;
#2052 = LINE ( 'NONE', #3782, #1881 ) ;
#2053 = DIRECTION ( 'NONE',  ( -4.000000000000000311E-15, 1.000000000000000000, 1.084202172485504681E-16 ) ) ;
#2054 = VERTEX_POINT ( 'NONE', #3239 ) ;
#2055 = DIRECTION ( 'NONE',  ( -3.469446951953614189E-15, 1.000000000000000000, -0.000000000000000000 ) ) ;
#2056 = CARTESIAN_POINT ( 'NONE',  ( 7.285923460162796239, -2.444142737284126010, 30.71886287368649704 ) ) ;
#2057 = LINE ( 'NONE', #1577, #1715 ) ;
#2058 = VERTEX_POINT ( 'NONE', #4096 ) ;
#2059 = CARTESIAN_POINT ( 'NONE',  ( -1.526422912400996257, 37.35585726271801832, 30.56663033463468793 ) ) ;
#2060 = CARTESIAN_POINT ( 'NONE',  ( -40.95966127903204779, 7.555857262715775846, -0.9747210228175628988 ) ) ;
#2061 = DIRECTION ( 'NONE',  ( 4.000000000000001100E-15, -1.000000000000000000, 1.445602896647339903E-15 ) ) ;
#2062 = AXIS2_PLACEMENT_3D ( 'NONE', #2560, #444, #3441 ) ;
#2063 = FACE_OUTER_BOUND ( 'NONE', #4399, .T. ) ;
#2064 = LINE ( 'NONE', #1504, #4932 ) ;
#2065 = EDGE_CURVE ( 'NONE', #2972, #2644, #4956, .T. ) ;
#2066 = ORIENTED_EDGE ( 'NONE', *, *, #2906, .T. ) ;
#2067 = CARTESIAN_POINT ( 'NONE',  ( -66.18130279757191659, 16.29806145514414695, 12.97616807355595014 ) ) ;
#2068 = VECTOR ( 'NONE', #1829, 1000.000000000000000 ) ;
#2069 = CARTESIAN_POINT ( 'NONE',  ( -71.73909603667240731, 9.705857262715637646, 15.62616807355592385 ) ) ;
#2070 = CARTESIAN_POINT ( 'NONE',  ( -59.41374936383800787, 19.01433927885019770, 36.15112910414509173 ) ) ;
#2071 = DIRECTION ( 'NONE',  ( 1.000000000000000000, 4.000000000000000311E-15, 6.102078298315256204E-32 ) ) ;
#2072 = ORIENTED_EDGE ( 'NONE', *, *, #3385, .F. ) ;
#2073 = CARTESIAN_POINT ( 'NONE',  ( -25.07456841324895791, 24.36418930406933470, -15.77565829074929837 ) ) ;
#2074 = EDGE_CURVE ( 'NONE', #3131, #924, #1882, .T. ) ;
#2075 = VECTOR ( 'NONE', #2979, 1000.000000000000000 ) ;
#2076 = DIRECTION ( 'NONE',  ( -4.000000000000000311E-15, 1.000000000000000000, 3.000000000000000233E-15 ) ) ;
#2077 = EDGE_LOOP ( 'NONE', ( #3438, #1265, #4066, #2196 ) ) ;
#2078 = VECTOR ( 'NONE', #5475, 1000.000000000000000 ) ;
#2079 = DIRECTION ( 'NONE',  ( 1.110223024625157172E-14, -1.000000000000000000, 0.000000000000000000 ) ) ;
#2080 = CARTESIAN_POINT ( 'NONE',  ( -64.73909603667240731, 13.55585726271537261, 35.27616807355595085 ) ) ;
#2081 = ORIENTED_EDGE ( 'NONE', *, *, #590, .F. ) ;
#2082 = EDGE_CURVE ( 'NONE', #1561, #3321, #2969, .T. ) ;
#2083 = VECTOR ( 'NONE', #1121, 1000.000000000000000 ) ;
#2084 = CARTESIAN_POINT ( 'NONE',  ( -24.55218945652130103, 33.25585726271802400, -15.81816980547604778 ) ) ;
#2085 = AXIS2_PLACEMENT_3D ( 'NONE', #3433, #923, #1284 ) ;
#2086 = LINE ( 'NONE', #4270, #4346 ) ;
#2087 = CARTESIAN_POINT ( 'NONE',  ( -71.71230978613606055, 10.95585726271563765, 14.62616807355592741 ) ) ;
#2088 = ORIENTED_EDGE ( 'NONE', *, *, #283, .F. ) ;
#2089 = EDGE_CURVE ( 'NONE', #1100, #4743, #2813, .T. ) ;
#2090 = AXIS2_PLACEMENT_3D ( 'NONE', #2737, #4814, #5306 ) ;
#2091 = CARTESIAN_POINT ( 'NONE',  ( -59.43327571779241225, 18.36168276510730379, 5.258977806865297921 ) ) ;
#2092 = DIRECTION ( 'NONE',  ( -1.156482317317995231E-16, 9.376883653928778575E-17, 1.000000000000000000 ) ) ;
#2093 = CARTESIAN_POINT ( 'NONE',  ( -71.23909603667242152, 12.21416965789302367, 20.47616807355595014 ) ) ;
#2094 = CARTESIAN_POINT ( 'NONE',  ( -67.36814380232304700, 16.05585726271536018, 37.77616807355595085 ) ) ;
#2095 = DIRECTION ( 'NONE',  ( 0.000000000000000000, 0.000000000000000000, 1.000000000000000000 ) ) ;
#2096 = ORIENTED_EDGE ( 'NONE', *, *, #5016, .F. ) ;
#2097 = ORIENTED_EDGE ( 'NONE', *, *, #399, .T. ) ;
#2098 = DIRECTION ( 'NONE',  ( 4.000000000000001100E-15, -1.000000000000000000, 1.070816960479510377E-16 ) ) ;
#2099 = VECTOR ( 'NONE', #5197, 1000.000000000000000 ) ;
#2100 = DIRECTION ( 'NONE',  ( -4.126820607811806652E-29, -1.650728243124722933E-43, 1.000000000000000000 ) ) ;
#2101 = FACE_OUTER_BOUND ( 'NONE', #2667, .T. ) ;
#2102 = FACE_OUTER_BOUND ( 'NONE', #4445, .T. ) ;
#2103 = VERTEX_POINT ( 'NONE', #4887 ) ;
#2104 = CARTESIAN_POINT ( 'NONE',  ( -64.23909603667240731, 10.95585726271566607, 15.62616807355592385 ) ) ;
#2105 = DIRECTION ( 'NONE',  ( 4.000000000000000311E-15, -1.000000000000000000, -2.999999999999999444E-15 ) ) ;
#2106 = ORIENTED_EDGE ( 'NONE', *, *, #4217, .F. ) ;
#2107 = EDGE_CURVE ( 'NONE', #5023, #3221, #2729, .T. ) ;
#2108 = FACE_OUTER_BOUND ( 'NONE', #477, .T. ) ;
#2109 = AXIS2_PLACEMENT_3D ( 'NONE', #1563, #2751, #1456 ) ;
#2110 = CARTESIAN_POINT ( 'NONE',  ( -74.23909603667240731, 8.705857262715628764, 17.77616807355592599 ) ) ;
#2111 = ORIENTED_EDGE ( 'NONE', *, *, #1112, .T. ) ;
#2112 = CIRCLE ( 'NONE', #134, 2.100000000000000977 ) ;
#2113 = CARTESIAN_POINT ( 'NONE',  ( -74.23909603667239310, 7.455857262715628764, 14.62616807355592563 ) ) ;
#2114 = EDGE_CURVE ( 'NONE', #4239, #318, #249, .T. ) ;
#2115 = DATE_AND_TIME ( #449, #5277 ) ;
#2116 = DIRECTION ( 'NONE',  ( 4.000000000000000311E-15, -1.000000000000000000, -3.000000000000000233E-15 ) ) ;
#2117 = CARTESIAN_POINT ( 'NONE',  ( -54.11716999720734833, 23.37266097963717471, 2.280767693912616245 ) ) ;
#2118 = CARTESIAN_POINT ( 'NONE',  ( 5.435504178569402711, 35.15585726271591938, 22.47876338647399308 ) ) ;
#2119 = CARTESIAN_POINT ( 'NONE',  ( -49.11890341980409147, 42.25585726271803111, 18.57616807355593025 ) ) ;
#2120 =( BOUNDED_SURFACE ( )  B_SPLINE_SURFACE ( 3, 2, ( 
 ( #5176, #2094, #39 ),
 ( #2150, #4700, #3396 ),
 ( #1756, #3826, #3483 ),
 ( #5545, #1670, #2970 ),
 ( #826, #2547, #4278 ),
 ( #3854, #5573, #3566 ) ),
 .UNSPECIFIED., .F., .F., .F. ) 
 B_SPLINE_SURFACE_WITH_KNOTS ( ( 4, 2, 4 ),
 ( 3, 3 ),
 ( 1.474514954580286030E-17, 0.003081149886243506573, 0.006162299772486998402 ),
 ( 0.000000000000000000, 1.000000000000000000 ),
 .UNSPECIFIED. ) 
 GEOMETRIC_REPRESENTATION_ITEM ( )  RATIONAL_B_SPLINE_SURFACE ( (
 ( 1.000000000000000000, 0.7071067811865476838, 1.000000000000000000),
 ( 1.000000000000000000, 0.7146704257567992880, 1.000000000000000000),
 ( 1.000000000000000000, 0.7224306299573604040, 1.000000000000000000),
 ( 1.000000000000000000, 0.7383740336928323877, 1.000000000000000000),
 ( 1.000000000000000000, 0.7466110948806041758, 1.000000000000000000),
 ( 1.000000000000000000, 0.7548232549842758266, 1.000000000000000000) ) ) 
 REPRESENTATION_ITEM ( '' )  SURFACE ( )  );
#2121 = EDGE_CURVE ( 'NONE', #5088, #1831, #2334, .T. ) ;
#2122 = CARTESIAN_POINT ( 'NONE',  ( -71.73909603667240731, 10.55585726271534419, 35.27616807355594375 ) ) ;
#2123 = DIRECTION ( 'NONE',  ( 1.000000000000000000, 4.625929269271486111E-15, 0.000000000000000000 ) ) ;
#2124 = CARTESIAN_POINT ( 'NONE',  ( -64.73909603667242152, 16.81984108333024963, 13.97616807355594482 ) ) ;
#2125 = ORIENTED_EDGE ( 'NONE', *, *, #812, .F. ) ;
#2126 = VERTEX_POINT ( 'NONE', #246 ) ;
#2127 = DIRECTION ( 'NONE',  ( -4.000000000000000311E-15, 1.000000000000000000, 2.999999999999999839E-15 ) ) ;
#2128 = LINE ( 'NONE', #4311, #4517 ) ;
#2129 = VECTOR ( 'NONE', #4394, 1000.000000000000000 ) ;
#2130 = LINE ( 'NONE', #1925, #3717 ) ;
#2131 = ORIENTED_EDGE ( 'NONE', *, *, #3923, .T. ) ;
#2132 = CARTESIAN_POINT ( 'NONE',  ( -58.90360396373075247, 38.25585726271801690, 26.58849068027435436 ) ) ;
#2133 = CARTESIAN_POINT ( 'NONE',  ( -74.23909603667240731, 8.705857262715628764, 15.62616807355592385 ) ) ;
#2134 = AXIS2_PLACEMENT_3D ( 'NONE', #131, #3204, #2771 ) ;
#2135 = ORIENTED_EDGE ( 'NONE', *, *, #2636, .T. ) ;
#2136 = DIRECTION ( 'NONE',  ( -1.000000000000000000, -4.000000000000001100E-15, 1.893020337947815823E-33 ) ) ;
#2137 = LINE ( 'NONE', #5133, #2760 ) ;
#2138 = ORIENTED_EDGE ( 'NONE', *, *, #223, .F. ) ;
#2139 = VECTOR ( 'NONE', #707, 1000.000000000000000 ) ;
#2140 = EDGE_CURVE ( 'NONE', #3292, #3678, #1911, .T. ) ;
#2141 = DIRECTION ( 'NONE',  ( 4.500904153885843101E-15, -1.000000000000000000, 3.903912049434189741E-31 ) ) ;
#2142 = DIRECTION ( 'NONE',  ( 0.000000000000000000, 0.000000000000000000, 1.000000000000000000 ) ) ;
#2143 = CARTESIAN_POINT ( 'NONE',  ( -1.526422912400996035, 37.35585726271801832, 26.36663033463468508 ) ) ;
#2144 = DIRECTION ( 'NONE',  ( 1.000000000000000000, 3.872871016134266781E-15, 0.000000000000000000 ) ) ;
#2145 = ORIENTED_EDGE ( 'NONE', *, *, #1134, .T. ) ;
#2146 = EDGE_CURVE ( 'NONE', #5222, #2739, #1071, .T. ) ;
#2147 = CARTESIAN_POINT ( 'NONE',  ( -54.75590993504850701, -2.444142737284590083, 7.876168073555950500 ) ) ;
#2148 = LINE ( 'NONE', #1781, #1159 ) ;
#2149 = CARTESIAN_POINT ( 'NONE',  ( -71.73909603667240731, 9.705857262715637646, 16.77616807355592599 ) ) ;
#2150 = CARTESIAN_POINT ( 'NONE',  ( -66.32633080051923002, 13.05585726373646338, 37.77616807355595085 ) ) ;
#2151 = CARTESIAN_POINT ( 'NONE',  ( -74.23909603667237889, 2.155857262715456635, 32.97616807355592528 ) ) ;
#2152 = ADVANCED_FACE ( 'NONE', ( #5300 ), #3269, .F. ) ;
#2153 = VERTEX_POINT ( 'NONE', #4571 ) ;
#2154 = ADVANCED_FACE ( 'NONE', ( #5329 ), #1434, .T. ) ;
#2155 = ORIENTED_EDGE ( 'NONE', *, *, #1294, .T. ) ;
#2156 = AXIS2_PLACEMENT_3D ( 'NONE', #1396, #1893, #574 ) ;
#2157 = CARTESIAN_POINT ( 'NONE',  ( -53.36312441243993732, 25.54694217713436899, 41.75335443488080500 ) ) ;
#2158 = ORIENTED_EDGE ( 'NONE', *, *, #5280, .T. ) ;
#2159 = VECTOR ( 'NONE', #508, 1000.000000000000000 ) ;
#2160 = LINE ( 'NONE', #4926, #911 ) ;
#2161 = ORIENTED_EDGE ( 'NONE', *, *, #4465, .T. ) ;
#2162 = DIRECTION ( 'NONE',  ( 0.000000000000000000, 0.000000000000000000, 1.000000000000000000 ) ) ;
#2163 = ORIENTED_EDGE ( 'NONE', *, *, #1069, .T. ) ;
#2164 = EDGE_CURVE ( 'NONE', #4570, #4350, #1991, .T. ) ;
#2165 = VECTOR ( 'NONE', #4858, 1000.000000000000000 ) ;
#2166 = DIRECTION ( 'NONE',  ( 1.000000000000000000, 4.000000000000001100E-15, 8.673617379885236020E-17 ) ) ;
#2167 = ORIENTED_EDGE ( 'NONE', *, *, #2397, .T. ) ;
#2168 = LINE ( 'NONE', #4802, #5044 ) ;
#2169 = ORIENTED_EDGE ( 'NONE', *, *, #5084, .F. ) ;
#2170 = VECTOR ( 'NONE', #3853, 1000.000000000000000 ) ;
#2171 = CARTESIAN_POINT ( 'NONE',  ( -21.73909603667259560, 16.55585726271554492, 21.57616807355577748 ) ) ;
#2172 = CIRCLE ( 'NONE', #1179, 3.000000000000002665 ) ;
#2173 = COORDINATED_UNIVERSAL_TIME_OFFSET ( 8, 0, .AHEAD. ) ;
#2174 = CARTESIAN_POINT ( 'NONE',  ( -1.602362769591291203, 37.35585726271801832, 15.51683629550358390 ) ) ;
#2175 = CIRCLE ( 'NONE', #4351, 47.50000000000001421 ) ;
#2176 = DIRECTION ( 'NONE',  ( 1.156482317317995231E-16, -9.376883653928778575E-17, -1.000000000000000000 ) ) ;
#2177 = VERTEX_POINT ( 'NONE', #1657 ) ;
#2178 = DIRECTION ( 'NONE',  ( -0.000000000000000000, 1.000000000000000000, -0.000000000000000000 ) ) ;
#2179 = VECTOR ( 'NONE', #1221, 1000.000000000000000 ) ;
#2180 = LINE ( 'NONE', #3051, #2608 ) ;
#2181 = EDGE_CURVE ( 'NONE', #4368, #1118, #3238, .T. ) ;
#2182 = CARTESIAN_POINT ( 'NONE',  ( -74.23909603667235046, -2.444142737284370703, 8.376168073555948723 ) ) ;
#2183 = B_SPLINE_CURVE_WITH_KNOTS ( 'NONE', 3,
 ( #2858, #3715, #5430, #1759, #3516, #3921, #100, #4369, #5232, #4398, #433, #3429, #3487, #3889, #1366, #5205, #2242, #3974, #832, #2157, #4339, #3946, #1818, #43 ),
 .UNSPECIFIED., .F., .F.,
 ( 4, 2, 2, 2, 2, 2, 2, 2, 2, 2, 2, 4 ),
 ( 0.000000000000000000, 0.001896117736802445343, 0.003792235473604890685, 0.004740294342006109996, 0.005688353210407329739, 0.007584470947209776166, 0.009480588684012223460, 0.01137670642081467162, 0.01327282415761711805, 0.01422088302601834560, 0.01469491246021896284, 0.01516894189441958009 ),
 .UNSPECIFIED. ) ;
#2184 = DIRECTION ( 'NONE',  ( 1.000000000000000000, 4.000000000000000311E-15, 0.000000000000000000 ) ) ;
#2185 = VECTOR ( 'NONE', #4075, 1000.000000000000000 ) ;
#2186 = CARTESIAN_POINT ( 'NONE',  ( -57.22500873453075343, 44.25585726271802400, 24.57616807355593025 ) ) ;
#2187 = VERTEX_POINT ( 'NONE', #3724 ) ;
#2188 = DIRECTION ( 'NONE',  ( 0.000000000000000000, 1.000000000000000000, 0.000000000000000000 ) ) ;
#2189 = ORIENTED_EDGE ( 'NONE', *, *, #1732, .T. ) ;
#2190 = EDGE_CURVE ( 'NONE', #2665, #622, #3811, .T. ) ;
#2191 = CARTESIAN_POINT ( 'NONE',  ( -59.20347800368730873, 40.20738938628873171, 23.21788528564885823 ) ) ;
#2192 = ORIENTED_EDGE ( 'NONE', *, *, #3997, .T. ) ;
#2193 = DIRECTION ( 'NONE',  ( -4.155316316201832602E-29, 6.331107576557691484E-17, 1.000000000000000000 ) ) ;
#2194 = VERTEX_POINT ( 'NONE', #4263 ) ;
#2195 = CARTESIAN_POINT ( 'NONE',  ( -56.88521957825269482, 40.25585726271802400, 16.57616807355593025 ) ) ;
#2196 = ORIENTED_EDGE ( 'NONE', *, *, #5399, .F. ) ;
#2197 = EDGE_CURVE ( 'NONE', #951, #622, #1236, .T. ) ;
#2198 = ORIENTED_EDGE ( 'NONE', *, *, #4489, .F. ) ;
#2199 = DIRECTION ( 'NONE',  ( -1.000000000000000000, -4.000000000000001100E-15, -1.156482317317991533E-16 ) ) ;
#2200 = VERTEX_POINT ( 'NONE', #359 ) ;
#2201 = AXIS2_PLACEMENT_3D ( 'NONE', #1826, #4739, #3124 ) ;
#2202 = CARTESIAN_POINT ( 'NONE',  ( -66.92869064835014115, 8.705857262715657185, 14.62616807355592563 ) ) ;
#2203 = PERSON_AND_ORGANIZATION ( #2494, #1038 ) ;
#2204 = PLANE ( 'NONE',  #4073 ) ;
#2205 = DIRECTION ( 'NONE',  ( 4.000000000000001100E-15, -1.000000000000000000, 2.154311871554745327E-43 ) ) ;
#2206 = ORIENTED_EDGE ( 'NONE', *, *, #1601, .F. ) ;
#2207 = CARTESIAN_POINT ( 'NONE',  ( -58.73408392699122516, 18.87851240616160453, 5.089519677682143417 ) ) ;
#2208 = CARTESIAN_POINT ( 'NONE',  ( -71.73909603667240731, 8.705857262715637646, 14.62616807355592741 ) ) ;
#2209 = AXIS2_PLACEMENT_3D ( 'NONE', #3743, #1198, #3772 ) ;
#2210 = CARTESIAN_POINT ( 'NONE',  ( -111.5487462628538253, 6.155857262715458411, 32.97616807355592528 ) ) ;
#2211 = LINE ( 'NONE', #5117, #3629 ) ;
#2212 = FACE_BOUND ( 'NONE', #1210, .T. ) ;
#2213 = ORIENTED_EDGE ( 'NONE', *, *, #2842, .T. ) ;
#2214 = ORIENTED_EDGE ( 'NONE', *, *, #387, .F. ) ;
#2215 = ADVANCED_FACE ( 'NONE', ( #2108 ), #3424, .T. ) ;
#2216 = DIRECTION ( 'NONE',  ( -1.199999999999999960E-29, 2.999999999999999839E-15, -1.000000000000000000 ) ) ;
#2217 = EDGE_LOOP ( 'NONE', ( #494, #548 ) ) ;
#2218 = CARTESIAN_POINT ( 'NONE',  ( -46.23909603667241441, 7.555857262715746536, 1.876168073555494198 ) ) ;
#2219 = ORIENTED_EDGE ( 'NONE', *, *, #5562, .T. ) ;
#2220 = CARTESIAN_POINT ( 'NONE',  ( -59.20457297040486822, 40.24913343643656560, 23.19225725868440335 ) ) ;
#2221 = ORIENTED_EDGE ( 'NONE', *, *, #1211, .T. ) ;
#2222 = EDGE_CURVE ( 'NONE', #756, #167, #542, .T. ) ;
#2223 = DIRECTION ( 'NONE',  ( 1.000000000000000000, 4.005170378358197726E-15, 0.000000000000000000 ) ) ;
#2224 = ORIENTED_EDGE ( 'NONE', *, *, #5529, .T. ) ;
#2225 = CARTESIAN_POINT ( 'NONE',  ( -68.73909603667240731, 10.55585726271535663, 7.876168073555950500 ) ) ;
#2226 = CARTESIAN_POINT ( 'NONE',  ( -1.526422912400996257, -108.5101599152663425, 29.51663033463468722 ) ) ;
#2227 = VECTOR ( 'NONE', #1333, 1000.000000000000000 ) ;
#2228 = EDGE_CURVE ( 'NONE', #5463, #756, #2986, .T. ) ;
#2229 = APPROVAL ( #3415, '未指定' ) ;
#2230 = ORIENTED_EDGE ( 'NONE', *, *, #2222, .F. ) ;
#2231 = DIRECTION ( 'NONE',  ( -4.000000000000001100E-15, 1.000000000000000000, -1.070816960479510500E-16 ) ) ;
#2232 = PLANE ( 'NONE',  #2801 ) ;
#2233 = VERTEX_POINT ( 'NONE', #1628 ) ;
#2234 = DIRECTION ( 'NONE',  ( -8.673617379885234787E-17, -9.629649721937515754E-31, 1.000000000000000000 ) ) ;
#2235 = AXIS2_PLACEMENT_3D ( 'NONE', #27, #5187, #1343 ) ;
#2236 = CARTESIAN_POINT ( 'NONE',  ( -52.47371616841058994, 19.05348231770954115, 36.32060138002703553 ) ) ;
#2237 = DIRECTION ( 'NONE',  ( 4.000000000000000311E-15, -1.000000000000000000, -3.000000000000000233E-15 ) ) ;
#2238 = LINE ( 'NONE', #1917, #5333 ) ;
#2239 = DIRECTION ( 'NONE',  ( 0.000000000000000000, 1.000000000000000000, 0.000000000000000000 ) ) ;
#2240 = ORIENTED_EDGE ( 'NONE', *, *, #3713, .F. ) ;
#2241 = ORIENTED_EDGE ( 'NONE', *, *, #1039, .F. ) ;
#2242 = CARTESIAN_POINT ( 'NONE',  ( -54.16342127170242549, 24.42981649922754883, 40.66838416297924397 ) ) ;
#2243 = ORIENTED_EDGE ( 'NONE', *, *, #5056, .F. ) ;
#2244 = DIRECTION ( 'NONE',  ( 4.000000000000000311E-15, -1.000000000000000000, -2.999999999999999839E-15 ) ) ;
#2245 = VERTEX_POINT ( 'NONE', #5020 ) ;
#2246 = FACE_OUTER_BOUND ( 'NONE', #3091, .T. ) ;
#2247 = EDGE_CURVE ( 'NONE', #2058, #3507, #710, .T. ) ;
#2248 = CARTESIAN_POINT ( 'NONE',  ( -57.63077863542439161, 14.16688400401300818, 7.876168073555955829 ) ) ;
#2249 = AXIS2_PLACEMENT_3D ( 'NONE', #1641, #2883, #5479 ) ;
#2250 = CARTESIAN_POINT ( 'NONE',  ( -74.23909603667240731, 10.95585726271562699, 15.62616807355592385 ) ) ;
#2251 = ORIENTED_EDGE ( 'NONE', *, *, #2082, .F. ) ;
#2252 = DIRECTION ( 'NONE',  ( 1.156482317317995478E-16, -9.376883653928778575E-17, -1.000000000000000000 ) ) ;
#2253 = CARTESIAN_POINT ( 'NONE',  ( -17.55218945652130458, 30.15585726271588030, -12.16505024009004465 ) ) ;
#2254 = EDGE_CURVE ( 'NONE', #3678, #5508, #4641, .T. ) ;
#2255 = AXIS2_PLACEMENT_3D ( 'NONE', #1684, #4145, #5471 ) ;
#2256 = EDGE_CURVE ( 'NONE', #2468, #5046, #1708, .T. ) ;
#2257 = CARTESIAN_POINT ( 'NONE',  ( -54.75590993504858517, 16.80952877991888528, 7.876168073555952276 ) ) ;
#2258 = ORIENTED_EDGE ( 'NONE', *, *, #3053, .F. ) ;
#2259 = AXIS2_PLACEMENT_3D ( 'NONE', #3080, #217, #1878 ) ;
#2260 = CARTESIAN_POINT ( 'NONE',  ( -74.23909603667240731, 9.705857262715626987, 15.62616807355592385 ) ) ;
#2261 = CYLINDRICAL_SURFACE ( 'NONE', #659, 4.999999999999997335 ) ;
#2262 = VECTOR ( 'NONE', #364, 1000.000000000000000 ) ;
#2263 = AXIS2_PLACEMENT_3D ( 'NONE', #498, #974, #3630 ) ;
#2264 = EDGE_CURVE ( 'NONE', #973, #353, #5558, .T. ) ;
#2265 = CARTESIAN_POINT ( 'NONE',  ( -62.46241541114711993, 16.75315739906801937, 5.376168073555948723 ) ) ;
#2266 = DIRECTION ( 'NONE',  ( 4.000000000000000311E-15, -1.000000000000000000, -3.000000000000000233E-15 ) ) ;
#2267 = CARTESIAN_POINT ( 'NONE',  ( -71.73909603667240731, 10.55585726271534419, 14.62616807355592741 ) ) ;
#2268 = ORIENTED_EDGE ( 'NONE', *, *, #596, .T. ) ;
#2269 = CARTESIAN_POINT ( 'NONE',  ( -62.02986553318098117, 17.34737489670419208, 7.899598352944361856 ) ) ;
#2270 = ORIENTED_EDGE ( 'NONE', *, *, #4651, .T. ) ;
#2271 = VECTOR ( 'NONE', #1538, 1000.000000000000000 ) ;
#2272 = CARTESIAN_POINT ( 'NONE',  ( -17.55218945652130458, 25.12341852956779675, -12.16505024008970537 ) ) ;
#2273 = CARTESIAN_POINT ( 'NONE',  ( -74.23909603667240731, 9.705857262715626987, 16.77616807355592599 ) ) ;
#2274 = CARTESIAN_POINT ( 'NONE',  ( -66.92869064835014115, 9.705857262715657185, 14.62616807355592563 ) ) ;
#2275 = CARTESIAN_POINT ( 'NONE',  ( -74.23909603667239310, 8.705857262715626987, 13.47616807355592172 ) ) ;
#2276 = EDGE_LOOP ( 'NONE', ( #5485, #4128, #248, #1122 ) ) ;
#2277 = ORIENTED_EDGE ( 'NONE', *, *, #239, .F. ) ;
#2278 = CYLINDRICAL_SURFACE ( 'NONE', #3883, 1.000000000000000888 ) ;
#2279 = VERTEX_POINT ( 'NONE', #698 ) ;
#2280 = EDGE_CURVE ( 'NONE', #2302, #2279, #5245, .T. ) ;
#2281 = CARTESIAN_POINT ( 'NONE',  ( -66.84723276842325390, 13.05585726271536018, 5.376168073555947835 ) ) ;
#2282 = FACE_OUTER_BOUND ( 'NONE', #2290, .T. ) ;
#2283 = VERTEX_POINT ( 'NONE', #3354 ) ;
#2284 = CYLINDRICAL_SURFACE ( 'NONE', #3372, 1.000000000000000888 ) ;
#2285 = ADVANCED_FACE ( 'NONE', ( #2477 ), #2868, .F. ) ;
#2286 = CARTESIAN_POINT ( 'NONE',  ( -21.73909603667274837, 39.25585726271802400, 21.57616807355592670 ) ) ;
#2287 = FACE_OUTER_BOUND ( 'NONE', #3000, .T. ) ;
#2288 = DIRECTION ( 'NONE',  ( 4.000000000000000311E-15, -1.000000000000000000, -3.000000000000000233E-15 ) ) ;
#2289 = DIRECTION ( 'NONE',  ( -0.000000000000000000, -1.000000000000000000, -0.000000000000000000 ) ) ;
#2290 = EDGE_LOOP ( 'NONE', ( #272, #4588, #512, #409 ) ) ;
#2291 = AXIS2_PLACEMENT_3D ( 'NONE', #654, #5029, #1553 ) ;
#2292 = ORIENTED_EDGE ( 'NONE', *, *, #4327, .T. ) ;
#2293 = AXIS2_PLACEMENT_3D ( 'NONE', #4762, #2216, #918 ) ;
#2294 = CYLINDRICAL_SURFACE ( 'NONE', #1251, 1.000000000000000888 ) ;
#2295 = EDGE_CURVE ( 'NONE', #5243, #1285, #2052, .T. ) ;
#2296 = ORIENTED_EDGE ( 'NONE', *, *, #3141, .F. ) ;
#2297 = VECTOR ( 'NONE', #1806, 1000.000000000000000 ) ;
#2298 = DIRECTION ( 'NONE',  ( -1.000000000000000000, 0.000000000000000000, 0.000000000000000000 ) ) ;
#2299 = CARTESIAN_POINT ( 'NONE',  ( -25.36913226048110559, 32.84701223193386710, -11.44050481619147419 ) ) ;
#2300 = CARTESIAN_POINT ( 'NONE',  ( -21.73909603667274482, -108.5101599152663425, -15.92383192644408041 ) ) ;
#2301 = FACE_OUTER_BOUND ( 'NONE', #5496, .T. ) ;
#2302 = VERTEX_POINT ( 'NONE', #2253 ) ;
#2303 = CARTESIAN_POINT ( 'NONE',  ( -68.04458202254755861, 16.12292283898521816, 21.47616807355594659 ) ) ;
#2304 = DIRECTION ( 'NONE',  ( 8.673617379885238485E-17, 9.629649721937519257E-31, -1.000000000000000000 ) ) ;
#2305 = DIRECTION ( 'NONE',  ( -0.000000000000000000, 5.337610695313253357E-16, -1.000000000000000000 ) ) ;
#2306 = CARTESIAN_POINT ( 'NONE',  ( -18.55218945652130458, 24.25585726271803111, -15.68936309519416916 ) ) ;
#2307 = DIRECTION ( 'NONE',  ( -0.000000000000000000, 1.000000000000000000, -0.000000000000000000 ) ) ;
#2308 = CIRCLE ( 'NONE', #1498, 37.50000000000000711 ) ;
#2309 = ADVANCED_FACE ( 'NONE', ( #1318 ), #3043, .F. ) ;
#2310 = LINE ( 'NONE', #5405, #4018 ) ;
#2311 = CARTESIAN_POINT ( 'NONE',  ( -55.73909603667249257, 30.15585726271566358, 21.57616807355575972 ) ) ;
#2312 = AXIS2_PLACEMENT_3D ( 'NONE', #1181, #4633, #414 ) ;
#2313 = CARTESIAN_POINT ( 'NONE',  ( -48.75696015366681735, 7.555857262715720779, 7.322300672781480557 ) ) ;
#2314 = CARTESIAN_POINT ( 'NONE',  ( -21.73909603667274837, 40.25585726271802400, 21.57616807355592670 ) ) ;
#2315 = ORIENTED_EDGE ( 'NONE', *, *, #5360, .F. ) ;
#2316 = EDGE_CURVE ( 'NONE', #404, #3285, #4504, .T. ) ;
#2317 = DIRECTION ( 'NONE',  ( 0.000000000000000000, 1.000000000000000000, 0.000000000000000000 ) ) ;
#2318 = VERTEX_POINT ( 'NONE', #4772 ) ;
#2319 = VERTEX_POINT ( 'NONE', #2592 ) ;
#2320 = PLANE ( 'NONE',  #2156 ) ;
#2321 = CARTESIAN_POINT ( 'NONE',  ( -74.23909603667240731, 9.705857262715626987, 15.62616807355592385 ) ) ;
#2322 = CARTESIAN_POINT ( 'NONE',  ( -21.73909603667245349, 19.79849794983492117, 21.57616807355577748 ) ) ;
#2323 = EDGE_CURVE ( 'NONE', #2020, #4147, #3603, .T. ) ;
#2324 = CARTESIAN_POINT ( 'NONE',  ( -57.46643643218171604, 14.29190771877636834, 7.876168073555946947 ) ) ;
#2325 = CARTESIAN_POINT ( 'NONE',  ( -21.73909603667274837, 38.15585726271801548, 10.82616807355592670 ) ) ;
#2326 = ORIENTED_EDGE ( 'NONE', *, *, #2772, .F. ) ;
#2327 = CARTESIAN_POINT ( 'NONE',  ( -21.73909603667249257, 30.15585726271579858, 21.57616807355580590 ) ) ;
#2328 = DIRECTION ( 'NONE',  ( 4.500904153885843101E-15, -1.000000000000000000, 3.903912049434190617E-31 ) ) ;
#2329 = EDGE_CURVE ( 'NONE', #1171, #4350, #4318, .T. ) ;
#2330 = CARTESIAN_POINT ( 'NONE',  ( -21.73909603666563584, 45.25585726271802400, 21.57616807355582722 ) ) ;
#2331 =( BOUNDED_SURFACE ( )  B_SPLINE_SURFACE ( 3, 2, ( 
 ( #1388, #2265, #1440 ),
 ( #2685, #3969, #4893 ),
 ( #1812, #1415, #5257 ),
 ( #516, #122, #3112 ),
 ( #4442, #4866, #4838 ),
 ( #569, #1017, #965 ) ),
 .UNSPECIFIED., .F., .F., .F. ) 
 B_SPLINE_SURFACE_WITH_KNOTS ( ( 4, 2, 4 ),
 ( 3, 3 ),
 ( -1.734723475976807094E-18, 0.003081195843327885937, 0.006162391686655773609 ),
 ( 0.000000000000000000, 1.000000000000000000 ),
 .UNSPECIFIED. ) 
 GEOMETRIC_REPRESENTATION_ITEM ( )  RATIONAL_B_SPLINE_SURFACE ( (
 ( 1.000000000000000000, 0.7548232549842757155, 1.000000000000000000),
 ( 1.000000000000000000, 0.7466181944848541141, 1.000000000000000000),
 ( 1.000000000000000000, 0.7385175291741977732, 1.000000000000000000),
 ( 1.000000000000000000, 0.7225701231733253627, 1.000000000000000000),
 ( 1.000000000000000000, 0.7146740105652894526, 1.000000000000000000),
 ( 1.000000000000000000, 0.7071067811865475727, 1.000000000000000000) ) ) 
 REPRESENTATION_ITEM ( '' )  SURFACE ( )  );
#2332 = EDGE_LOOP ( 'NONE', ( #5377, #1094, #3074, #1068 ) ) ;
#2333 = AXIS2_PLACEMENT_3D ( 'NONE', #4671, #4186, #4613 ) ;
#2334 = LINE ( 'NONE', #2388, #2701 ) ;
#2335 = DIRECTION ( 'NONE',  ( 1.000000000000000000, 4.000000000000001100E-15, 0.000000000000000000 ) ) ;
#2336 = CIRCLE ( 'NONE', #5498, 29.00000000000000000 ) ;
#2337 = DIRECTION ( 'NONE',  ( 0.000000000000000000, 0.000000000000000000, 1.000000000000000000 ) ) ;
#2338 = CARTESIAN_POINT ( 'NONE',  ( -59.03377939644700234, 38.45794478519691495, 17.64901940829632565 ) ) ;
#2339 = CARTESIAN_POINT ( 'NONE',  ( -21.73909603667274837, 45.25585726271802400, 21.57616807355592670 ) ) ;
#2340 = ORIENTED_EDGE ( 'NONE', *, *, #5261, .T. ) ;
#2341 = VECTOR ( 'NONE', #2305, 1000.000000000000000 ) ;
#2342 = ORIENTED_EDGE ( 'NONE', *, *, #5213, .F. ) ;
#2343 = VERTEX_POINT ( 'NONE', #930 ) ;
#2344 = FACE_OUTER_BOUND ( 'NONE', #2900, .T. ) ;
#2345 = VECTOR ( 'NONE', #4014, 1000.000000000000000 ) ;
#2346 = ORIENTED_EDGE ( 'NONE', *, *, #4247, .F. ) ;
#2347 = ADVANCED_FACE ( 'NONE', ( #2621 ), #4382, .F. ) ;
#2348 = VECTOR ( 'NONE', #2307, 1000.000000000000000 ) ;
#2349 = DIRECTION ( 'NONE',  ( -1.000000000000000000, -4.000000000000001100E-15, -8.673617379885238485E-17 ) ) ;
#2350 = DIRECTION ( 'NONE',  ( 0.000000000000000000, -1.000000000000000000, 0.000000000000000000 ) ) ;
#2351 = DIRECTION ( 'NONE',  ( -1.000000000000000000, -4.000000000000001100E-15, -8.673617379885238485E-17 ) ) ;
#2352 = AXIS2_PLACEMENT_3D ( 'NONE', #700, #5381, #4146 ) ;
#2353 = LINE ( 'NONE', #5345, #4284 ) ;
#2354 = ORIENTED_EDGE ( 'NONE', *, *, #362, .T. ) ;
#2355 = ADVANCED_FACE ( 'NONE', ( #110 ), #413, .T. ) ;
#2356 = VECTOR ( 'NONE', #4344, 1000.000000000000000 ) ;
#2357 = CARTESIAN_POINT ( 'NONE',  ( -18.41202861208559227, 33.25585726271803111, -11.17860223677623921 ) ) ;
#2358 = CARTESIAN_POINT ( 'NONE',  ( -71.73909603667240731, 9.705857262715635869, 16.77616807355592599 ) ) ;
#2359 = CARTESIAN_POINT ( 'NONE',  ( -74.23909603667240731, 9.705857262715628764, 17.77616807355592599 ) ) ;
#2360 = VECTOR ( 'NONE', #4419, 1000.000000000000000 ) ;
#2361 = VERTEX_POINT ( 'NONE', #1711 ) ;
#2362 = EDGE_CURVE ( 'NONE', #5046, #219, #5188, .T. ) ;
#2363 = CARTESIAN_POINT ( 'NONE',  ( -66.32672660307868284, 13.08477636798692956, 5.376168073555949611 ) ) ;
#2364 = FACE_OUTER_BOUND ( 'NONE', #2841, .T. ) ;
#2365 = VERTEX_POINT ( 'NONE', #3104 ) ;
#2366 = DIRECTION ( 'NONE',  ( 4.163336342344258140E-15, -1.000000000000000000, -3.469446951953548713E-15 ) ) ;
#2367 = VECTOR ( 'NONE', #4941, 1000.000000000000000 ) ;
#2368 = CARTESIAN_POINT ( 'NONE',  ( -59.14090583223101305, 41.33629168211733429, 18.35779464199296385 ) ) ;
#2369 = DIRECTION ( 'NONE',  ( 1.000000000000000000, 0.000000000000000000, 4.060502299416422556E-28 ) ) ;
#2370 = ORIENTED_EDGE ( 'NONE', *, *, #1408, .F. ) ;
#2371 = ORIENTED_EDGE ( 'NONE', *, *, #2323, .F. ) ;
#2372 = LINE ( 'NONE', #230, #696 ) ;
#2373 = CARTESIAN_POINT ( 'NONE',  ( -65.73909603667246415, 26.05585726271536728, 13.97616807355594659 ) ) ;
#2374 = AXIS2_PLACEMENT_3D ( 'NONE', #4427, #2166, #530 ) ;
#2375 = CARTESIAN_POINT ( 'NONE',  ( -57.22500873453075343, 45.25585726271802400, 23.57616807355593025 ) ) ;
#2376 = CARTESIAN_POINT ( 'NONE',  ( -57.22500873453075343, 44.25585726271803821, 22.57616807355592670 ) ) ;
#2377 = DIRECTION ( 'NONE',  ( -1.000000000000000000, -4.000000000000001100E-15, -7.346576920631798449E-34 ) ) ;
#2378 = EDGE_CURVE ( 'NONE', #5182, #4421, #2168, .T. ) ;
#2379 = ORIENTED_EDGE ( 'NONE', *, *, #732, .F. ) ;
#2380 = DIRECTION ( 'NONE',  ( 4.000000000000000311E-15, -1.000000000000000000, -2.999999999999999839E-15 ) ) ;
#2381 = ORIENTED_EDGE ( 'NONE', *, *, #3296, .F. ) ;
#2382 = CARTESIAN_POINT ( 'NONE',  ( -17.55218945652130103, 33.25585726271803111, -29.62383192644405128 ) ) ;
#2383 = DIRECTION ( 'NONE',  ( 4.000000000000001100E-15, -1.000000000000000000, 1.070816960479510377E-16 ) ) ;
#2384 = CARTESIAN_POINT ( 'NONE',  ( -56.47812898664435721, 19.21137865595481742, 39.04003510941382160 ) ) ;
#2385 = EDGE_CURVE ( 'NONE', #583, #4396, #2612, .T. ) ;
#2386 = ORIENTED_EDGE ( 'NONE', *, *, #2228, .T. ) ;
#2387 =( GEOMETRIC_REPRESENTATION_CONTEXT ( 3 ) GLOBAL_UNCERTAINTY_ASSIGNED_CONTEXT ( ( #3634 ) ) GLOBAL_UNIT_ASSIGNED_CONTEXT ( ( #3513, #1495, #1070 ) ) REPRESENTATION_CONTEXT ( 'NONE', 'WORKASPACE' ) );
#2388 = CARTESIAN_POINT ( 'NONE',  ( -47.63909603667240589, 6.555857262715737654, 2.876168073555665394 ) ) ;
#2389 = DIRECTION ( 'NONE',  ( 0.000000000000000000, 0.000000000000000000, 1.000000000000000000 ) ) ;
#2390 = EDGE_CURVE ( 'NONE', #484, #318, #4831, .T. ) ;
#2391 = EDGE_CURVE ( 'NONE', #403, #3839, #3558, .T. ) ;
#2392 = CARTESIAN_POINT ( 'NONE',  ( -65.13040870616325151, 16.61619640024683520, 13.17226457578296284 ) ) ;
#2393 = VECTOR ( 'NONE', #3454, 1000.000000000000000 ) ;
#2394 = CARTESIAN_POINT ( 'NONE',  ( -59.20445912311112835, 40.24440907697965031, 19.95731459610409786 ) ) ;
#2395 = CARTESIAN_POINT ( 'NONE',  ( -54.63523529371006759, 22.30987165509904813, 2.786265451779696978 ) ) ;
#2396 = ORIENTED_EDGE ( 'NONE', *, *, #4148, .F. ) ;
#2397 = EDGE_CURVE ( 'NONE', #3285, #3732, #28, .T. ) ;
#2398 = EDGE_LOOP ( 'NONE', ( #4003, #2790, #1235, #2464 ) ) ;
#2399 = AXIS2_PLACEMENT_3D ( 'NONE', #2944, #4727, #4787 ) ;
#2400 = CARTESIAN_POINT ( 'NONE',  ( -25.55218945652130458, 30.15585726271588385, -12.20933648937036686 ) ) ;
#2401 = CARTESIAN_POINT ( 'NONE',  ( -66.32623657191216182, 13.05585726271536906, 37.77616807355595085 ) ) ;
#2402 = CARTESIAN_POINT ( 'NONE',  ( -49.11890341980409147, 40.25585726271802400, 16.57616807355593025 ) ) ;
#2403 = DIRECTION ( 'NONE',  ( 0.000000000000000000, 0.000000000000000000, 1.000000000000000000 ) ) ;
#2404 = CARTESIAN_POINT ( 'NONE',  ( -71.73909603667240731, 8.705857262715657185, 15.62616807355592385 ) ) ;
#2405 = AXIS2_PLACEMENT_3D ( 'NONE', #1579, #2029, #2486 ) ;
#2406 = VERTEX_POINT ( 'NONE', #5274 ) ;
#2407 = PRODUCT_DEFINITION_SHAPE ( 'NONE', 'NONE',  #473 ) ;
#2408 = CARTESIAN_POINT ( 'NONE',  ( -67.36814380232306121, 16.05585726271536018, 8.376168073555948723 ) ) ;
#2409 = ORIENTED_EDGE ( 'NONE', *, *, #2772, .T. ) ;
#2410 = CARTESIAN_POINT ( 'NONE',  ( -17.55218945652130458, 32.25585726271804532, -11.69907502930238152 ) ) ;
#2411 = FACE_OUTER_BOUND ( 'NONE', #4751, .T. ) ;
#2412 = EDGE_LOOP ( 'NONE', ( #2640, #4384, #626, #5134 ) ) ;
#2413 = PLANE ( 'NONE',  #4698 ) ;
#2414 = CARTESIAN_POINT ( 'NONE',  ( -71.73909603667239310, 7.455857262715638534, 15.62616807355592385 ) ) ;
#2415 = ORIENTED_EDGE ( 'NONE', *, *, #3771, .F. ) ;
#2416 = ADVANCED_FACE ( 'NONE', ( #4353 ), #2617, .F. ) ;
#2417 = CARTESIAN_POINT ( 'NONE',  ( -17.55218945652130813, 30.51682146011125241, -12.16505024008970715 ) ) ;
#2418 = FACE_OUTER_BOUND ( 'NONE', #3347, .T. ) ;
#2419 = ORIENTED_EDGE ( 'NONE', *, *, #424, .F. ) ;
#2420 = VECTOR ( 'NONE', #937, 1000.000000000000000 ) ;
#2421 = CARTESIAN_POINT ( 'NONE',  ( -71.73909603667240731, 9.705857262715637646, 17.77616807355592599 ) ) ;
#2422 = EDGE_CURVE ( 'NONE', #1494, #815, #478, .T. ) ;
#2423 = CARTESIAN_POINT ( 'NONE',  ( -71.73909603667239310, 7.455857262715638534, 14.62616807355592563 ) ) ;
#2424 = CARTESIAN_POINT ( 'NONE',  ( -60.28840553529193613, 15.10459398528461250, 5.330774140117610749 ) ) ;
#2425 = EDGE_LOOP ( 'NONE', ( #2714, #5140, #5178, #5358, #1772, #3012, #1789 ) ) ;
#2426 = AXIS2_PLACEMENT_3D ( 'NONE', #3775, #4169, #2071 ) ;
#2427 = PLANE ( 'NONE',  #5295 ) ;
#2428 = FACE_OUTER_BOUND ( 'NONE', #2049, .T. ) ;
#2429 = EDGE_CURVE ( 'NONE', #1799, #4204, #5589, .T. ) ;
#2430 =( BOUNDED_CURVE ( )  B_SPLINE_CURVE ( 3, ( #3172, #4898, #1921, #3142 ),
 .UNSPECIFIED., .F., .T. ) 
 B_SPLINE_CURVE_WITH_KNOTS ( ( 4, 4 ),
 ( 1.570796326794896558, 3.141592653589793116 ),
 .UNSPECIFIED. ) 
 CURVE ( )  GEOMETRIC_REPRESENTATION_ITEM ( )  RATIONAL_B_SPLINE_CURVE ( ( 1.000000000000000000, 0.8047378541243649375, 0.8047378541243649375, 1.000000000000000000 ) ) 
 REPRESENTATION_ITEM ( '' )  );
#2431 = DIRECTION ( 'NONE',  ( 4.000000000000000311E-15, -1.000000000000000000, -2.999999999999999839E-15 ) ) ;
#2432 = CARTESIAN_POINT ( 'NONE',  ( -66.92869064835014115, 9.705857262715658962, 17.77616807355592599 ) ) ;
#2433 = FACE_BOUND ( 'NONE', #469, .T. ) ;
#2434 = ORIENTED_EDGE ( 'NONE', *, *, #3894, .T. ) ;
#2435 = LINE ( 'NONE', #1166, #1395 ) ;
#2436 = AXIS2_PLACEMENT_3D ( 'NONE', #2993, #904, #3478 ) ;
#2437 = ORIENTED_EDGE ( 'NONE', *, *, #1401, .F. ) ;
#2438 = CARTESIAN_POINT ( 'NONE',  ( -57.40817842400279858, 20.01608062586968018, 38.53160737304007455 ) ) ;
#2439 = VECTOR ( 'NONE', #1862, 1000.000000000000000 ) ;
#2440 = ORIENTED_EDGE ( 'NONE', *, *, #5502, .T. ) ;
#2441 = DIRECTION ( 'NONE',  ( -4.000000000000001100E-15, 1.000000000000000000, -1.070816960479510377E-16 ) ) ;
#2442 = FACE_BOUND ( 'NONE', #2585, .T. ) ;
#2443 = ORIENTED_EDGE ( 'NONE', *, *, #4371, .F. ) ;
#2444 = VERTEX_POINT ( 'NONE', #54 ) ;
#2445 = CARTESIAN_POINT ( 'NONE',  ( -51.11890341980409147, 45.25585726271802400, 24.57616807355592670 ) ) ;
#2446 = AXIS2_PLACEMENT_3D ( 'NONE', #2718, #3176, #130 ) ;
#2447 = FACE_BOUND ( 'NONE', #3276, .T. ) ;
#2448 = VERTEX_POINT ( 'NONE', #1797 ) ;
#2449 = EDGE_CURVE ( 'NONE', #5046, #2468, #180, .T. ) ;
#2450 = FACE_OUTER_BOUND ( 'NONE', #442, .T. ) ;
#2451 = CARTESIAN_POINT ( 'NONE',  ( -57.22500873442647418, 41.99218292033025079, 18.57616807355593025 ) ) ;
#2452 = PLANE ( 'NONE',  #2980 ) ;
#2453 = VERTEX_POINT ( 'NONE', #1057 ) ;
#2454 = EDGE_CURVE ( 'NONE', #4173, #1090, #1616, .T. ) ;
#2455 = LINE ( 'NONE', #2059, #5565 ) ;
#2456 = CIRCLE ( 'NONE', #4900, 1.050000000000000488 ) ;
#2457 = FACE_OUTER_BOUND ( 'NONE', #1841, .T. ) ;
#2458 = DIRECTION ( 'NONE',  ( -0.000000000000000000, -0.000000000000000000, 1.000000000000000000 ) ) ;
#2459 = DIRECTION ( 'NONE',  ( 4.000000000000000311E-15, -1.000000000000000000, -2.999999999999999839E-15 ) ) ;
#2460 = DIRECTION ( 'NONE',  ( 0.000000000000000000, 0.000000000000000000, 1.000000000000000000 ) ) ;
#2461 = ADVANCED_FACE ( 'NONE', ( #4507 ), #3664, .T. ) ;
#2462 = ORIENTED_EDGE ( 'NONE', *, *, #5435, .F. ) ;
#2463 = EDGE_CURVE ( 'NONE', #1238, #601, #1906, .T. ) ;
#2464 = ORIENTED_EDGE ( 'NONE', *, *, #1144, .F. ) ;
#2465 = VECTOR ( 'NONE', #1595, 1000.000000000000000 ) ;
#2466 = CARTESIAN_POINT ( 'NONE',  ( -62.61623094034136727, 17.08274344716650361, 7.957619195965616399 ) ) ;
#2467 = ORIENTED_EDGE ( 'NONE', *, *, #2197, .F. ) ;
#2468 = VERTEX_POINT ( 'NONE', #161 ) ;
#2469 = CARTESIAN_POINT ( 'NONE',  ( -59.18446158208939778, 19.19101459723433223, 36.26965603039600694 ) ) ;
#2470 = DIRECTION ( 'NONE',  ( -1.000000000000000000, -4.000000000000001100E-15, 0.000000000000000000 ) ) ;
#2471 = ORIENTED_EDGE ( 'NONE', *, *, #1463, .T. ) ;
#2472 = LINE ( 'NONE', #4657, #1267 ) ;
#2473 = DIRECTION ( 'NONE',  ( 0.000000000000000000, -1.000000000000000000, -0.000000000000000000 ) ) ;
#2474 = CIRCLE ( 'NONE', #1568, 47.50000000000001421 ) ;
#2475 = EDGE_LOOP ( 'NONE', ( #6, #2240, #5037, #5443, #465, #2024, #1910, #2549, #2899, #4818, #4343 ) ) ;
#2476 = ORIENTED_EDGE ( 'NONE', *, *, #1706, .T. ) ;
#2477 = FACE_OUTER_BOUND ( 'NONE', #4804, .T. ) ;
#2478 = CARTESIAN_POINT ( 'NONE',  ( -57.22500873453075343, 42.25585726271803111, 22.57616807355593380 ) ) ;
#2479 = EDGE_LOOP ( 'NONE', ( #382, #1822, #3259, #3427 ) ) ;
#2480 = DIRECTION ( 'NONE',  ( 4.000000000000001100E-15, -1.000000000000000000, 1.070816960479510500E-16 ) ) ;
#2481 = EDGE_CURVE ( 'NONE', #3780, #3922, #1852, .T. ) ;
#2482 = LOCAL_TIME ( 14, 8, 25.00000000000000000, #60 ) ;
#2483 = CARTESIAN_POINT ( 'NONE',  ( -59.13821773222036171, 39.03709730050776017, 18.81782471940025658 ) ) ;
#2484 = DIRECTION ( 'NONE',  ( -4.000000000000001100E-15, 1.000000000000000000, -1.070816960479510500E-16 ) ) ;
#2485 = ORIENTED_EDGE ( 'NONE', *, *, #3699, .F. ) ;
#2486 = DIRECTION ( 'NONE',  ( 1.000000000000000000, 3.989863994746658684E-15, 0.000000000000000000 ) ) ;
#2487 = DIRECTION ( 'NONE',  ( -0.000000000000000000, 1.000000000000000000, -0.000000000000000000 ) ) ;
#2488 = ADVANCED_FACE ( 'NONE', ( #1032 ), #2278, .T. ) ;
#2489 = CARTESIAN_POINT ( 'NONE',  ( -74.23909603667239310, 6.955857262715604783, 21.47616807355592172 ) ) ;
#2490 = DIRECTION ( 'NONE',  ( -4.000000000000001100E-15, 1.000000000000000000, 0.000000000000000000 ) ) ;
#2491 = CARTESIAN_POINT ( 'NONE',  ( -50.29047629505788564, 40.25585726271801690, 25.40459519830211832 ) ) ;
#2492 = CIRCLE ( 'NONE', #2757, 2.000000000000001776 ) ;
#2493 = EDGE_LOOP ( 'NONE', ( #836, #304, #1734, #2583 ) ) ;
#2494 = PERSON ( '未指定', '未指定', '未指定', ('未指定'), ('未指定'), ('未指定') ) ;
#2495 = CARTESIAN_POINT ( 'NONE',  ( -49.11890341980409147, 40.25585726271802400, 21.57616807355592670 ) ) ;
#2496 = EDGE_CURVE ( 'NONE', #151, #2556, #3607, .T. ) ;
#2497 = CARTESIAN_POINT ( 'NONE',  ( -53.58727568580034983, 25.19987536285906771, 41.40054809618406750 ) ) ;
#2498 = DIRECTION ( 'NONE',  ( 1.000000000000000000, 4.047688110612546206E-15, 2.312964634635740689E-15 ) ) ;
#2499 = ORIENTED_EDGE ( 'NONE', *, *, #981, .T. ) ;
#2500 = CARTESIAN_POINT ( 'NONE',  ( -64.76794463753697073, 17.10703801381353273, 20.74969415601577438 ) ) ;
#2501 = CARTESIAN_POINT ( 'NONE',  ( -67.36814380232303279, 16.05585726271536373, 34.77616807355595085 ) ) ;
#2502 = ORIENTED_EDGE ( 'NONE', *, *, #55, .T. ) ;
#2503 = EDGE_CURVE ( 'NONE', #4973, #5319, #2336, .T. ) ;
#2504 = CARTESIAN_POINT ( 'NONE',  ( -17.55218945652130458, 31.57963667553843123, -11.95990574547835017 ) ) ;
#2505 = DIRECTION ( 'NONE',  ( 0.000000000000000000, 0.000000000000000000, 1.000000000000000000 ) ) ;
#2506 = EDGE_LOOP ( 'NONE', ( #3371, #4842, #4996, #3462 ) ) ;
#2507 = CARTESIAN_POINT ( 'NONE',  ( -71.73909603667240731, 10.55585726271534419, 15.62616807355592385 ) ) ;
#2508 = CARTESIAN_POINT ( 'NONE',  ( -21.73909603667274482, 38.15585726271802258, 4.076168073555923144 ) ) ;
#2509 = CARTESIAN_POINT ( 'NONE',  ( -1.526422912400996035, -108.5101599152663425, 27.41663033463468935 ) ) ;
#2510 = AXIS2_PLACEMENT_3D ( 'NONE', #1048, #4948, #2768 ) ;
#2511 = ORIENTED_EDGE ( 'NONE', *, *, #2722, .T. ) ;
#2512 = LINE ( 'NONE', #5569, #2566 ) ;
#2513 = DIRECTION ( 'NONE',  ( -1.000000000000000000, -4.000000000000001100E-15, -8.673617379885234787E-17 ) ) ;
#2514 = CARTESIAN_POINT ( 'NONE',  ( -39.11548339668688357, 7.555857262715804268, -7.648156765775262045 ) ) ;
#2515 = AXIS2_PLACEMENT_3D ( 'NONE', #4963, #196, #4513 ) ;
#2516 = CARTESIAN_POINT ( 'NONE',  ( -33.98909603667241441, 7.555857262715766076, 11.72616807355561619 ) ) ;
#2517 = DIRECTION ( 'NONE',  ( -1.000000000000000000, -4.001428817919833979E-15, 0.000000000000000000 ) ) ;
#2518 = VERTEX_POINT ( 'NONE', #5322 ) ;
#2519 = EDGE_LOOP ( 'NONE', ( #3905, #2988, #3652, #3829 ) ) ;
#2520 = EDGE_CURVE ( 'NONE', #5083, #1959, #2776, .T. ) ;
#2521 = DIRECTION ( 'NONE',  ( -0.000000000000000000, -1.000000000000000000, -0.000000000000000000 ) ) ;
#2522 = DIRECTION ( 'NONE',  ( -4.163336342344258140E-15, 1.000000000000000000, 3.469446951953548713E-15 ) ) ;
#2523 = DIRECTION ( 'NONE',  ( 0.000000000000000000, 0.000000000000000000, 1.000000000000000000 ) ) ;
#2524 = LINE ( 'NONE', #2833, #5330 ) ;
#2525 = ORIENTED_EDGE ( 'NONE', *, *, #568, .F. ) ;
#2526 = CARTESIAN_POINT ( 'NONE',  ( -64.95177388829129939, 17.01980092527324828, 21.10614415299719582 ) ) ;
#2527 = VECTOR ( 'NONE', #780, 1000.000000000000000 ) ;
#2528 = EDGE_CURVE ( 'NONE', #1316, #2187, #3333, .T. ) ;
#2529 = PLANE ( 'NONE',  #4457 ) ;
#2530 = ORIENTED_EDGE ( 'NONE', *, *, #2316, .T. ) ;
#2531 = CIRCLE ( 'NONE', #5238, 2.100000000000000977 ) ;
#2532 = VECTOR ( 'NONE', #524, 1000.000000000000000 ) ;
#2533 = DIRECTION ( 'NONE',  ( 1.000000000000000000, 6.608470384673551813E-15, 0.000000000000000000 ) ) ;
#2534 = FACE_OUTER_BOUND ( 'NONE', #293, .T. ) ;
#2535 = ORIENTED_EDGE ( 'NONE', *, *, #5218, .T. ) ;
#2536 = AXIS2_PLACEMENT_3D ( 'NONE', #2681, #3477, #61 ) ;
#2537 = EDGE_CURVE ( 'NONE', #3258, #3049, #1930, .T. ) ;
#2538 = LINE ( 'NONE', #2202, #1289 ) ;
#2539 = CIRCLE ( 'NONE', #3906, 1.049999999999998934 ) ;
#2540 = CALENDAR_DATE ( 2026, 11, 6 ) ;
#2541 = CARTESIAN_POINT ( 'NONE',  ( -44.83909603667237320, -2.444142737284363154, 40.27616807355594375 ) ) ;
#2542 = CARTESIAN_POINT ( 'NONE',  ( -74.23909603667239310, 6.155857262715607625, 32.97616807355592528 ) ) ;
#2543 = AXIS2_PLACEMENT_3D ( 'NONE', #2662, #4894, #5282 ) ;
#2544 = CARTESIAN_POINT ( 'NONE',  ( -57.47123042921970892, 20.67089615558806059, 5.789165165340449448 ) ) ;
#2545 = CARTESIAN_POINT ( 'NONE',  ( -74.23909603667240731, 8.705857262715628764, 15.62616807355592385 ) ) ;
#2546 = CARTESIAN_POINT ( 'NONE',  ( -74.23909603667240731, 8.705857262715628764, 13.47616807355592528 ) ) ;
#2547 = CARTESIAN_POINT ( 'NONE',  ( -63.27049246074821554, 16.44957114482540206, 37.77616807354498718 ) ) ;
#2548 = CARTESIAN_POINT ( 'NONE',  ( -111.5487462628537969, 2.155857262715457967, 23.47616807355592528 ) ) ;
#2549 = ORIENTED_EDGE ( 'NONE', *, *, #5349, .F. ) ;
#2550 = ORIENTED_EDGE ( 'NONE', *, *, #3510, .T. ) ;
#2551 = CARTESIAN_POINT ( 'NONE',  ( -56.52419346408466794, 21.62206451080018610, 5.010323536404733602 ) ) ;
#2552 = CARTESIAN_POINT ( 'NONE',  ( -74.23909603667240731, 9.705857262715626987, 13.47616807355592528 ) ) ;
#2553 = CARTESIAN_POINT ( 'NONE',  ( -58.50613820290345757, 19.05968440711255241, 38.12999615064179437 ) ) ;
#2554 = LINE ( 'NONE', #470, #1455 ) ;
#2555 = EDGE_CURVE ( 'NONE', #3780, #5182, #2752, .T. ) ;
#2556 = VERTEX_POINT ( 'NONE', #3153 ) ;
#2557 = DIRECTION ( 'NONE',  ( 1.000000000000000000, 4.000000000000001100E-15, 0.000000000000000000 ) ) ;
#2558 = CARTESIAN_POINT ( 'NONE',  ( -64.14984102152199341, 16.48716113203885314, 35.04732834943382613 ) ) ;
#2559 = ORIENTED_EDGE ( 'NONE', *, *, #2454, .F. ) ;
#2560 = CARTESIAN_POINT ( 'NONE',  ( -66.92869064835014115, 9.705857262715657185, 21.02616807355592599 ) ) ;
#2561 = EDGE_CURVE ( 'NONE', #951, #2200, #241, .T. ) ;
#2562 = DIRECTION ( 'NONE',  ( 1.000000000000000000, 0.000000000000000000, 1.156482317317991533E-16 ) ) ;
#2563 = VERTEX_POINT ( 'NONE', #4091 ) ;
#2564 = VECTOR ( 'NONE', #292, 1000.000000000000000 ) ;
#2565 = PLANE ( 'NONE',  #4366 ) ;
#2566 = VECTOR ( 'NONE', #3879, 1000.000000000000000 ) ;
#2567 = EDGE_CURVE ( 'NONE', #5528, #5159, #215, .T. ) ;
#2568 = EDGE_CURVE ( 'NONE', #5159, #1409, #4011, .T. ) ;
#2569 = PERSON_AND_ORGANIZATION ( #2494, #1038 ) ;
#2570 = LINE ( 'NONE', #3874, #1894 ) ;
#2571 = DIRECTION ( 'NONE',  ( 1.000000000000000000, 3.872871016134266781E-15, 0.000000000000000000 ) ) ;
#2572 = ORIENTED_EDGE ( 'NONE', *, *, #3644, .T. ) ;
#2573 = CARTESIAN_POINT ( 'NONE',  ( -60.62072668872123415, 17.60381089518650199, 5.432599708946381334 ) ) ;
#2574 = CARTESIAN_POINT ( 'NONE',  ( -59.57796665238469558, 13.55585726271539215, 7.876168073555950500 ) ) ;
#2575 = AXIS2_PLACEMENT_3D ( 'NONE', #5192, #2142, #1381 ) ;
#2576 = EDGE_CURVE ( 'NONE', #3507, #2058, #2881, .T. ) ;
#2577 = FACE_OUTER_BOUND ( 'NONE', #2519, .T. ) ;
#2578 = CARTESIAN_POINT ( 'NONE',  ( -71.23909603667243573, 16.05585726271534242, 13.97616807355594837 ) ) ;
#2579 = CARTESIAN_POINT ( 'NONE',  ( -1.602362769591291203, 37.35585726271801832, 14.46683629550358319 ) ) ;
#2580 = VERTEX_POINT ( 'NONE', #3129 ) ;
#2581 = VERTEX_POINT ( 'NONE', #980 ) ;
#2582 = CARTESIAN_POINT ( 'NONE',  ( -50.85518025116229524, -2.444142737284360933, 31.29159164164173390 ) ) ;
#2583 = ORIENTED_EDGE ( 'NONE', *, *, #1801, .F. ) ;
#2584 = CYLINDRICAL_SURFACE ( 'NONE', #822, 1.399999999999998579 ) ;
#2585 = EDGE_LOOP ( 'NONE', ( #4686, #2315, #1990, #3486 ) ) ;
#2586 = CIRCLE ( 'NONE', #149, 37.50000000000000711 ) ;
#2587 = CARTESIAN_POINT ( 'NONE',  ( -58.94985224036573612, 40.24904398437384145, 26.25525627767092729 ) ) ;
#2588 = ORIENTED_EDGE ( 'NONE', *, *, #2449, .F. ) ;
#2589 = PLANE ( 'NONE',  #2374 ) ;
#2590 = AXIS2_PLACEMENT_3D ( 'NONE', #5163, #729, #303 ) ;
#2591 = ORIENTED_EDGE ( 'NONE', *, *, #5288, .T. ) ;
#2592 = CARTESIAN_POINT ( 'NONE',  ( -53.29313630359114740, 7.555857262715701239, 7.495384235523591343 ) ) ;
#2593 = ORIENTED_EDGE ( 'NONE', *, *, #2005, .T. ) ;
#2594 = EDGE_CURVE ( 'NONE', #3049, #3292, #3523, .T. ) ;
#2595 = CARTESIAN_POINT ( 'NONE',  ( -64.73909603667246415, 26.05585726271537084, 12.97616807355594837 ) ) ;
#2596 = APPROVAL_ROLE ( '' ) ;
#2597 = CARTESIAN_POINT ( 'NONE',  ( -59.00165486086434186, 38.37554352775490685, 17.35460434541555585 ) ) ;
#2598 = CARTESIAN_POINT ( 'NONE',  ( -64.23909603667240731, 8.705857262715667844, 15.62616807355592385 ) ) ;
#2599 = ORIENTED_EDGE ( 'NONE', *, *, #3576, .T. ) ;
#2600 = CARTESIAN_POINT ( 'NONE',  ( -62.01927244514145343, 16.91806016275999980, 5.431883149937267952 ) ) ;
#2601 = ADVANCED_FACE ( 'NONE', ( #2724 ), #4456, .T. ) ;
#2602 = LINE ( 'NONE', #4330, #2420 ) ;
#2603 = DIRECTION ( 'NONE',  ( -4.155316316201832602E-29, 6.331107576557691484E-17, 1.000000000000000000 ) ) ;
#2604 = LINE ( 'NONE', #459, #4624 ) ;
#2605 = CARTESIAN_POINT ( 'NONE',  ( -52.11890341980409858, 45.25585726271802400, 19.57616807355593380 ) ) ;
#2606 = EDGE_LOOP ( 'NONE', ( #2346, #2651, #4650, #1887 ) ) ;
#2607 = VERTEX_POINT ( 'NONE', #1230 ) ;
#2608 = VECTOR ( 'NONE', #909, 1000.000000000000000 ) ;
#2609 = CARTESIAN_POINT ( 'NONE',  ( -61.48111437323089490, 17.64313803344339604, 7.781399886233904439 ) ) ;
#2610 = ADVANCED_FACE ( 'NONE', ( #5039 ), #2925, .T. ) ;
#2611 = ORIENTED_EDGE ( 'NONE', *, *, #4397, .F. ) ;
#2612 = CIRCLE ( 'NONE', #174, 40.24264068711939757 ) ;
#2613 = CARTESIAN_POINT ( 'NONE',  ( -56.88521957825269482, 38.25585726271802400, 16.57616807355593380 ) ) ;
#2614 = EDGE_LOOP ( 'NONE', ( #1224, #3685, #22, #893 ) ) ;
#2615 = CARTESIAN_POINT ( 'NONE',  ( -59.14097477254677671, 41.33720326435290815, 24.79400784925226375 ) ) ;
#2616 = ORIENTED_EDGE ( 'NONE', *, *, #146, .T. ) ;
#2617 = TOROIDAL_SURFACE ( 'NONE', #1167, 47.50000000000000711, 10.00000000000000000 ) ;
#2618 = DIRECTION ( 'NONE',  ( -1.156482317317995231E-16, 9.376883653928778575E-17, 1.000000000000000000 ) ) ;
#2619 = ORIENTED_EDGE ( 'NONE', *, *, #1601, .T. ) ;
#2620 = EDGE_LOOP ( 'NONE', ( #723, #4152, #1760, #4370 ) ) ;
#2621 = FACE_OUTER_BOUND ( 'NONE', #3892, .T. ) ;
#2622 = AXIS2_PLACEMENT_3D ( 'NONE', #790, #5567, #5193 ) ;
#2623 = CARTESIAN_POINT ( 'NONE',  ( -56.88521957825269482, 40.25585726271802400, 26.57616807355593025 ) ) ;
#2624 = VECTOR ( 'NONE', #1370, 1000.000000000000000 ) ;
#2625 = PERSON_AND_ORGANIZATION_ROLE ( 'design_owner' ) ;
#2626 = FACE_OUTER_BOUND ( 'NONE', #5560, .T. ) ;
#2627 = VECTOR ( 'NONE', #3535, 1000.000000000000000 ) ;
#2628 = CARTESIAN_POINT ( 'NONE',  ( -71.73909603667236468, -3.228907953474740840E-13, 13.47616807355592705 ) ) ;
#2629 = ORIENTED_EDGE ( 'NONE', *, *, #251, .T. ) ;
#2630 = ADVANCED_FACE ( 'NONE', ( #5013 ), #2, .F. ) ;
#2631 = CARTESIAN_POINT ( 'NONE',  ( -58.97604896278154030, 16.23629160772411240, 5.098117594660445562 ) ) ;
#2632 = VECTOR ( 'NONE', #3739, 1000.000000000000000 ) ;
#2633 = CARTESIAN_POINT ( 'NONE',  ( -61.35992389273858549, -2.444142737284284550, 5.376168073555951388 ) ) ;
#2634 = CARTESIAN_POINT ( 'NONE',  ( -53.29313630359111187, -2.444142737284301425, 7.495384235523559369 ) ) ;
#2635 = LINE ( 'NONE', #4364, #2811 ) ;
#2636 = EDGE_CURVE ( 'NONE', #4024, #3230, #3154, .T. ) ;
#2637 = CIRCLE ( 'NONE', #5250, 18.50000000000000355 ) ;
#2638 = DIRECTION ( 'NONE',  ( -1.000000000000000000, 0.000000000000000000, 0.000000000000000000 ) ) ;
#2639 = ORIENTED_EDGE ( 'NONE', *, *, #2594, .F. ) ;
#2640 = ORIENTED_EDGE ( 'NONE', *, *, #558, .F. ) ;
#2641 = DIRECTION ( 'NONE',  ( -1.000000000000000000, -3.989863994746658684E-15, 0.000000000000000000 ) ) ;
#2642 = ORIENTED_EDGE ( 'NONE', *, *, #3326, .F. ) ;
#2643 = CARTESIAN_POINT ( 'NONE',  ( -21.73909603667251034, 35.15585726271579858, 21.57616807355582011 ) ) ;
#2644 = VERTEX_POINT ( 'NONE', #1650 ) ;
#2645 = CARTESIAN_POINT ( 'NONE',  ( -59.14202841887347972, 39.07380228813081402, 24.28253454947353873 ) ) ;
#2646 = ADVANCED_FACE ( 'NONE', ( #2102 ), #737, .T. ) ;
#2647 = ORIENTED_EDGE ( 'NONE', *, *, #5378, .T. ) ;
#2648 = EDGE_CURVE ( 'NONE', #1137, #1238, #1141, .T. ) ;
#2649 = DIRECTION ( 'NONE',  ( 0.000000000000000000, 1.000000000000000000, 0.000000000000000000 ) ) ;
#2650 = VECTOR ( 'NONE', #3700, 1000.000000000000000 ) ;
#2651 = ORIENTED_EDGE ( 'NONE', *, *, #1619, .T. ) ;
#2652 = CARTESIAN_POINT ( 'NONE',  ( -74.23909603667240731, 10.95585726271562699, 14.62616807355592563 ) ) ;
#2653 = CARTESIAN_POINT ( 'NONE',  ( 5.435504178569402711, 35.15585726271591938, 21.42876338647399592 ) ) ;
#2654 = DIRECTION ( 'NONE',  ( -0.000000000000000000, 1.000000000000000000, -0.000000000000000000 ) ) ;
#2655 = VECTOR ( 'NONE', #5004, 1000.000000000000000 ) ;
#2656 = DIRECTION ( 'NONE',  ( 4.000000000000001100E-15, -1.000000000000000000, 1.070816960479510377E-16 ) ) ;
#2657 = ORIENTED_EDGE ( 'NONE', *, *, #1313, .T. ) ;
#2658 = LINE ( 'NONE', #4390, #5174 ) ;
#2659 = CYLINDRICAL_SURFACE ( 'NONE', #216, 5.999999999999998224 ) ;
#2660 = ADVANCED_FACE ( 'NONE', ( #3835 ), #1201, .T. ) ;
#2661 = LINE ( 'NONE', #2313, #2709 ) ;
#2662 = CARTESIAN_POINT ( 'NONE',  ( -21.73909603667274837, 38.25585726271803111, 21.57616807355592670 ) ) ;
#2663 = DIRECTION ( 'NONE',  ( 4.283267841918042663E-31, -1.070816960479510377E-16, -1.000000000000000000 ) ) ;
#2664 = ORIENTED_EDGE ( 'NONE', *, *, #3187, .T. ) ;
#2665 = VERTEX_POINT ( 'NONE', #3804 ) ;
#2666 = CARTESIAN_POINT ( 'NONE',  ( -53.57226703569690329, 25.24153200233614314, 1.701569534376480064 ) ) ;
#2667 = EDGE_LOOP ( 'NONE', ( #2559, #2088, #5501, #958 ) ) ;
#2668 = EDGE_CURVE ( 'NONE', #3094, #1983, #2044, .T. ) ;
#2669 = DIRECTION ( 'NONE',  ( 8.673617379885234787E-17, -0.000000000000000000, -1.000000000000000000 ) ) ;
#2670 = ORIENTED_EDGE ( 'NONE', *, *, #504, .F. ) ;
#2671 = CARTESIAN_POINT ( 'NONE',  ( -25.55218945652130458, 33.25585726271803111, -29.62383192644405128 ) ) ;
#2672 = LINE ( 'NONE', #2300, #3763 ) ;
#2673 = VERTEX_POINT ( 'NONE', #805 ) ;
#2674 = CARTESIAN_POINT ( 'NONE',  ( -57.18291219206184195, 40.92354866825704818, 18.07355335271635610 ) ) ;
#2675 = VERTEX_POINT ( 'NONE', #4593 ) ;
#2676 = EDGE_CURVE ( 'NONE', #4542, #4947, #2524, .T. ) ;
#2677 = DIRECTION ( 'NONE',  ( 0.000000000000000000, 1.000000000000000000, 0.000000000000000000 ) ) ;
#2678 = CARTESIAN_POINT ( 'NONE',  ( -71.73909603667236468, -3.228907953474740840E-13, 16.77616807355592599 ) ) ;
#2679 = CIRCLE ( 'NONE', #3398, 11.75000000000000000 ) ;
#2680 = EDGE_CURVE ( 'NONE', #1853, #3678, #4077, .T. ) ;
#2681 = CARTESIAN_POINT ( 'NONE',  ( -64.23909603667240731, 9.705857262715667844, 17.77616807355592599 ) ) ;
#2682 = ORIENTED_EDGE ( 'NONE', *, *, #3597, .F. ) ;
#2683 = CARTESIAN_POINT ( 'NONE',  ( -53.88639979442108796, 23.83704751945019495, 2.062027413080507632 ) ) ;
#2684 = DIRECTION ( 'NONE',  ( -1.000000000000000000, -4.000000000000001100E-15, -8.673617379885238485E-17 ) ) ;
#2685 = CARTESIAN_POINT ( 'NONE',  ( -62.30388777092567665, 13.95026789018260871, 5.376168073555949611 ) ) ;
#2686 = CARTESIAN_POINT ( 'NONE',  ( -74.23909603667237889, 2.155857262715630718, 23.47616807355592528 ) ) ;
#2687 = CARTESIAN_POINT ( 'NONE',  ( -21.73909603667274837, 38.15585726271801548, 32.32616807355592670 ) ) ;
#2688 = ORIENTED_EDGE ( 'NONE', *, *, #3072, .T. ) ;
#2689 = EDGE_LOOP ( 'NONE', ( #5557, #3357, #1539, #4221 ) ) ;
#2690 = CARTESIAN_POINT ( 'NONE',  ( -46.23909603667240731, 6.555857262715742984, 2.876168073555665394 ) ) ;
#2691 = VERTEX_POINT ( 'NONE', #1618 ) ;
#2692 = DIRECTION ( 'NONE',  ( -4.000000000000001100E-15, 1.000000000000000000, 5.337610695313253357E-16 ) ) ;
#2693 = CARTESIAN_POINT ( 'NONE',  ( -71.23909603667242152, 13.05585726271534064, 8.376168073555948723 ) ) ;
#2694 = CARTESIAN_POINT ( 'NONE',  ( -71.73909603667235046, -2.444142737284658473, 7.876168073555948723 ) ) ;
#2695 = VECTOR ( 'NONE', #1357, 1000.000000000000000 ) ;
#2696 = EDGE_CURVE ( 'NONE', #4493, #2872, #4256, .T. ) ;
#2697 = CARTESIAN_POINT ( 'NONE',  ( -74.23909603667243573, 16.05585726271532820, 34.77616807355595085 ) ) ;
#2698 = ORIENTED_EDGE ( 'NONE', *, *, #4247, .T. ) ;
#2699 = ORIENTED_EDGE ( 'NONE', *, *, #1674, .T. ) ;
#2700 = CARTESIAN_POINT ( 'NONE',  ( -21.73909603667247126, 24.25585726271803466, 21.57616807355578459 ) ) ;
#2701 = VECTOR ( 'NONE', #4119, 1000.000000000000000 ) ;
#2702 = EDGE_CURVE ( 'NONE', #4794, #1953, #3262, .T. ) ;
#2703 = ORIENTED_EDGE ( 'NONE', *, *, #1104, .T. ) ;
#2704 = FACE_OUTER_BOUND ( 'NONE', #1758, .T. ) ;
#2705 = ADVANCED_FACE ( 'NONE', ( #2411 ), #3590, .T. ) ;
#2706 = AXIS2_PLACEMENT_3D ( 'NONE', #4596, #721, #3318 ) ;
#2707 = CARTESIAN_POINT ( 'NONE',  ( -64.23909603667240731, 8.705857262715667844, 15.62616807355592385 ) ) ;
#2708 = CYLINDRICAL_SURFACE ( 'NONE', #3726, 1.049999999999998934 ) ;
#2709 = VECTOR ( 'NONE', #2237, 1000.000000000000000 ) ;
#2710 = CARTESIAN_POINT ( 'NONE',  ( -59.23909603667275547, 26.05585726271536728, 21.57616807355592670 ) ) ;
#2711 = DIRECTION ( 'NONE',  ( 0.000000000000000000, 0.000000000000000000, 1.000000000000000000 ) ) ;
#2712 = CARTESIAN_POINT ( 'NONE',  ( -1.526422912400996257, 37.35585726271801832, 28.46663033463468651 ) ) ;
#2713 = ORIENTED_EDGE ( 'NONE', *, *, #1861, .F. ) ;
#2714 = ORIENTED_EDGE ( 'NONE', *, *, #4993, .T. ) ;
#2715 = LINE ( 'NONE', #4447, #4417 ) ;
#2716 = CIRCLE ( 'NONE', #2446, 2.100000000000000977 ) ;
#2717 = CARTESIAN_POINT ( 'NONE',  ( -1.602362769591291203, 37.35585726271801832, 14.46683629550358319 ) ) ;
#2718 = CARTESIAN_POINT ( 'NONE',  ( 5.435504178569402711, 37.35585726271801832, 21.42876338647399592 ) ) ;
#2719 = FACE_OUTER_BOUND ( 'NONE', #4886, .T. ) ;
#2720 = FACE_OUTER_BOUND ( 'NONE', #3152, .T. ) ;
#2721 = ORIENTED_EDGE ( 'NONE', *, *, #259, .T. ) ;
#2722 = EDGE_CURVE ( 'NONE', #3221, #2838, #1704, .T. ) ;
#2723 = ORIENTED_EDGE ( 'NONE', *, *, #1486, .T. ) ;
#2724 = FACE_OUTER_BOUND ( 'NONE', #2766, .T. ) ;
#2725 = CARTESIAN_POINT ( 'NONE',  ( -111.5487462628538253, 6.955857262715455569, 12.97616807355592528 ) ) ;
#2726 = VECTOR ( 'NONE', #65, 1000.000000000000000 ) ;
#2727 = VERTEX_POINT ( 'NONE', #5183 ) ;
#2728 = EDGE_CURVE ( 'NONE', #3732, #1340, #2539, .T. ) ;
#2729 = LINE ( 'NONE', #4461, #3518 ) ;
#2730 = CARTESIAN_POINT ( 'NONE',  ( 5.435504178569402711, 35.15585726271591938, 21.42876338647399592 ) ) ;
#2731 = AXIS2_PLACEMENT_3D ( 'NONE', #384, #5437, #3294 ) ;
#2732 = CARTESIAN_POINT ( 'NONE',  ( -71.23909603667236468, -2.444142737284652256, 34.77616807355595085 ) ) ;
#2733 = CARTESIAN_POINT ( 'NONE',  ( -66.92869064835014115, 10.95585726271565541, 15.62616807355592385 ) ) ;
#2734 = EDGE_CURVE ( 'NONE', #1099, #4542, #3174, .T. ) ;
#2735 = EDGE_CURVE ( 'NONE', #1226, #5528, #2554, .T. ) ;
#2736 = CARTESIAN_POINT ( 'NONE',  ( -59.57796665238457479, 13.55585726271539393, 35.27616807355595085 ) ) ;
#2737 = CARTESIAN_POINT ( 'NONE',  ( -1.602362769591291203, 40.25585726271802400, 14.46683629550358319 ) ) ;
#2738 = CARTESIAN_POINT ( 'NONE',  ( -65.73909603667206625, 16.68831780773571083, 21.47616807355595014 ) ) ;
#2739 = VERTEX_POINT ( 'NONE', #3521 ) ;
#2740 = AXIS2_PLACEMENT_3D ( 'NONE', #4215, #2820, #256 ) ;
#2741 = ORIENTED_EDGE ( 'NONE', *, *, #5349, .T. ) ;
#2742 = AXIS2_PLACEMENT_3D ( 'NONE', #1954, #3602, #4453 ) ;
#2743 = DIRECTION ( 'NONE',  ( 4.000000000000000311E-15, -1.000000000000000000, -2.999999999999999839E-15 ) ) ;
#2744 = ORIENTED_EDGE ( 'NONE', *, *, #1390, .F. ) ;
#2745 = ADVANCED_FACE ( 'NONE', ( #3926 ), #500, .T. ) ;
#2746 = CARTESIAN_POINT ( 'NONE',  ( -71.23909603667243573, 16.05585726271534242, 13.97616807355595014 ) ) ;
#2747 = PLANE ( 'NONE',  #374 ) ;
#2748 = DIRECTION ( 'NONE',  ( 0.000000000000000000, 1.000000000000000000, 0.000000000000000000 ) ) ;
#2749 = CARTESIAN_POINT ( 'NONE',  ( -18.55218945652130813, 33.25585726271802400, -15.78816821720920061 ) ) ;
#2750 = ORIENTED_EDGE ( 'NONE', *, *, #5311, .F. ) ;
#2751 = DIRECTION ( 'NONE',  ( -4.000000000000000311E-15, 1.000000000000000000, 2.999999999999999839E-15 ) ) ;
#2752 = LINE ( 'NONE', #1877, #901 ) ;
#2753 = CARTESIAN_POINT ( 'NONE',  ( -36.73909603667235757, -2.444142737284514588, 35.27616807355595085 ) ) ;
#2754 = ORIENTED_EDGE ( 'NONE', *, *, #4925, .F. ) ;
#2755 = CARTESIAN_POINT ( 'NONE',  ( -70.37426684067915517, 13.07589257398880989, 12.97616807355595014 ) ) ;
#2756 = LINE ( 'NONE', #615, #2083 ) ;
#2757 = AXIS2_PLACEMENT_3D ( 'NONE', #1977, #2854, #1612 ) ;
#2758 = ADVANCED_FACE ( 'NONE', ( #21 ), #1312, .T. ) ;
#2759 = DIRECTION ( 'NONE',  ( 0.000000000000000000, 0.000000000000000000, 1.000000000000000000 ) ) ;
#2760 = VECTOR ( 'NONE', #1712, 1000.000000000000000 ) ;
#2761 = CARTESIAN_POINT ( 'NONE',  ( -71.73909603667240731, 9.705857262715637646, -2.960543799099298016E-27 ) ) ;
#2762 = CARTESIAN_POINT ( 'NONE',  ( -1.526422912400996257, -108.5101599152663425, 28.46663033463468651 ) ) ;
#2763 = ORIENTED_EDGE ( 'NONE', *, *, #2906, .F. ) ;
#2764 = DIRECTION ( 'NONE',  ( 4.000000000000000311E-15, -1.000000000000000000, -2.999999999999999839E-15 ) ) ;
#2765 = ADVANCED_FACE ( 'NONE', ( #2246 ), #862, .T. ) ;
#2766 = EDGE_LOOP ( 'NONE', ( #4677, #1064, #4454, #3890 ) ) ;
#2767 = ORIENTED_EDGE ( 'NONE', *, *, #1747, .T. ) ;
#2768 = DIRECTION ( 'NONE',  ( -1.000000000000000000, -3.717264591378875951E-15, 0.000000000000000000 ) ) ;
#2769 = DIRECTION ( 'NONE',  ( -1.000000000000000000, 0.000000000000000000, -8.673617379885234787E-17 ) ) ;
#2770 = DIRECTION ( 'NONE',  ( 0.000000000000000000, 1.000000000000000000, 0.000000000000000000 ) ) ;
#2771 = DIRECTION ( 'NONE',  ( 1.000000000000000000, 4.047688110612550939E-15, 0.000000000000000000 ) ) ;
#2772 = EDGE_CURVE ( 'NONE', #80, #995, #2130, .T. ) ;
#2773 = LINE ( 'NONE', #4033, #4998 ) ;
#2774 = ORIENTED_EDGE ( 'NONE', *, *, #3996, .F. ) ;
#2775 = CARTESIAN_POINT ( 'NONE',  ( -52.07887097031535006, 7.555857262715719891, 6.230222127609912341 ) ) ;
#2776 = LINE ( 'NONE', #3208, #358 ) ;
#2777 = CARTESIAN_POINT ( 'NONE',  ( -58.20974313293196900, 17.03607757684812896, 38.28260982823434233 ) ) ;
#2778 = ORIENTED_EDGE ( 'NONE', *, *, #1408, .T. ) ;
#2779 = VECTOR ( 'NONE', #4663, 1000.000000000000000 ) ;
#2780 = CARTESIAN_POINT ( 'NONE',  ( -71.08644541036720454, 12.42648320215062441, 13.42813712906079182 ) ) ;
#2781 = DIRECTION ( 'NONE',  ( 4.000000000000001100E-15, -1.000000000000000000, 0.000000000000000000 ) ) ;
#2782 = ORIENTED_EDGE ( 'NONE', *, *, #2806, .F. ) ;
#2783 = VECTOR ( 'NONE', #1085, 1000.000000000000000 ) ;
#2784 = CARTESIAN_POINT ( 'NONE',  ( -54.42139725036926023, 17.11849877839050293, 35.27616807355595085 ) ) ;
#2785 = EDGE_CURVE ( 'NONE', #4630, #1238, #3573, .T. ) ;
#2786 = LINE ( 'NONE', #4074, #820 ) ;
#2787 = CARTESIAN_POINT ( 'NONE',  ( -56.83117454178572814, 18.71455629503594764, 4.301596189202649967 ) ) ;
#2788 = VERTEX_POINT ( 'NONE', #1400 ) ;
#2789 = VECTOR ( 'NONE', #2909, 1000.000000000000000 ) ;
#2790 = ORIENTED_EDGE ( 'NONE', *, *, #4032, .T. ) ;
#2791 = ORIENTED_EDGE ( 'NONE', *, *, #4824, .F. ) ;
#2792 = DIRECTION ( 'NONE',  ( 4.155316316201832602E-29, -6.331107576557691484E-17, -1.000000000000000000 ) ) ;
#2793 = DIRECTION ( 'NONE',  ( 1.000000000000000000, 4.625929269271481378E-15, 0.000000000000000000 ) ) ;
#2794 = VECTOR ( 'NONE', #1669, 1000.000000000000000 ) ;
#2795 = EDGE_LOOP ( 'NONE', ( #657, #385, #2155, #3935 ) ) ;
#2796 = CIRCLE ( 'NONE', #4347, 29.00000000000000000 ) ;
#2797 = ADVANCED_FACE ( 'NONE', ( #4085 ), #3658, .T. ) ;
#2798 = CARTESIAN_POINT ( 'NONE',  ( -57.01964797263535445, 40.30603323413538419, 26.06137490704087512 ) ) ;
#2799 = DIRECTION ( 'NONE',  ( 0.000000000000000000, 1.000000000000000000, 0.000000000000000000 ) ) ;
#2800 = DIRECTION ( 'NONE',  ( -1.000000000000000000, -4.000000000000001100E-15, -8.673617379885234787E-17 ) ) ;
#2801 = AXIS2_PLACEMENT_3D ( 'NONE', #140, #89, #3991 ) ;
#2802 = ORIENTED_EDGE ( 'NONE', *, *, #10, .F. ) ;
#2803 = DIRECTION ( 'NONE',  ( -1.000000000000000000, -3.469446951953611033E-15, 0.000000000000000000 ) ) ;
#2804 = ORIENTED_EDGE ( 'NONE', *, *, #3503, .F. ) ;
#2805 = AXIS2_PLACEMENT_3D ( 'NONE', #4500, #1424, #4030 ) ;
#2806 = EDGE_CURVE ( 'NONE', #730, #3930, #5369, .T. ) ;
#2807 = APPROVAL ( #1297, '未指定' ) ;
#2808 = CARTESIAN_POINT ( 'NONE',  ( -66.86664162698231451, 16.32306610254434887, 21.47616807355595014 ) ) ;
#2809 = CARTESIAN_POINT ( 'NONE',  ( -21.73909603666563584, 44.25585726271802400, 19.57616807355594446 ) ) ;
#2810 = LINE ( 'NONE', #1352, #996 ) ;
#2811 = VECTOR ( 'NONE', #13, 1000.000000000000000 ) ;
#2812 = ORIENTED_EDGE ( 'NONE', *, *, #3681, .T. ) ;
#2813 = LINE ( 'NONE', #4544, #4693 ) ;
#2814 = DIRECTION ( 'NONE',  ( -8.673617379885234787E-17, 0.000000000000000000, 1.000000000000000000 ) ) ;
#2815 = CARTESIAN_POINT ( 'NONE',  ( -65.47937115972247568, 16.49295785297430683, 13.00182801244781317 ) ) ;
#2816 = CARTESIAN_POINT ( 'NONE',  ( -57.14669247397350915, 40.66223680877272528, 17.79166745401509075 ) ) ;
#2817 = CARTESIAN_POINT ( 'NONE',  ( -55.50079604472480810, 20.73718574949617022, 3.488512614443050719 ) ) ;
#2818 = EDGE_LOOP ( 'NONE', ( #2011, #3626 ) ) ;
#2819 = ORIENTED_EDGE ( 'NONE', *, *, #4906, .T. ) ;
#2820 = DIRECTION ( 'NONE',  ( -1.000000000000000000, -4.625929269271486900E-15, 5.349805401075657872E-30 ) ) ;
#2821 = EDGE_CURVE ( 'NONE', #4078, #961, #182, .T. ) ;
#2822 = CARTESIAN_POINT ( 'NONE',  ( -69.23899077339818575, 16.05585726271535307, 21.47616807355595014 ) ) ;
#2823 = CIRCLE ( 'NONE', #396, 1.000000000000000888 ) ;
#2824 = TOROIDAL_SURFACE ( 'NONE', #2923, 37.00000000000001421, 3.000000000000000000 ) ;
#2825 = LINE ( 'NONE', #3309, #2179 ) ;
#2826 = CARTESIAN_POINT ( 'NONE',  ( -64.23909603667240731, 8.705857262715669620, 17.77616807355592599 ) ) ;
#2827 = AXIS2_PLACEMENT_3D ( 'NONE', #4622, #1615, #747 ) ;
#2828 = VERTEX_POINT ( 'NONE', #5291 ) ;
#2829 = ADVANCED_FACE ( 'NONE', ( #1871 ), #3084, .T. ) ;
#2830 = CARTESIAN_POINT ( 'NONE',  ( -24.55218945652130103, 32.25585726271803111, -29.62383192644405128 ) ) ;
#2831 = ORIENTED_EDGE ( 'NONE', *, *, #2528, .T. ) ;
#2832 = CARTESIAN_POINT ( 'NONE',  ( -68.64147955997664496, 16.06922750078321371, 21.47616807355595014 ) ) ;
#2833 = CARTESIAN_POINT ( 'NONE',  ( -59.22421508370585741, -108.5101599152663425, 20.51983004538691091 ) ) ;
#2834 = ORIENTED_EDGE ( 'NONE', *, *, #3211, .T. ) ;
#2835 = CARTESIAN_POINT ( 'NONE',  ( -58.85924816977013307, 16.34949726304162354, 38.08329601024924926 ) ) ;
#2836 = ADVANCED_FACE ( 'NONE', ( #1846 ), #4927, .T. ) ;
#2837 = CARTESIAN_POINT ( 'NONE',  ( -56.30625957037152318, 21.85490519355269612, 4.812726934255493916 ) ) ;
#2838 = VERTEX_POINT ( 'NONE', #3145 ) ;
#2839 = DIRECTION ( 'NONE',  ( 1.000000000000000000, 0.000000000000000000, -4.336808689942021680E-16 ) ) ;
#2840 = CARTESIAN_POINT ( 'NONE',  ( -68.73909603667242152, 13.55585726271535663, 35.27616807355594375 ) ) ;
#2841 = EDGE_LOOP ( 'NONE', ( #3742, #1827, #831, #4992 ) ) ;
#2842 = EDGE_CURVE ( 'NONE', #536, #5416, #719, .T. ) ;
#2843 = AXIS2_PLACEMENT_3D ( 'NONE', #5101, #1229, #2523 ) ;
#2844 = CARTESIAN_POINT ( 'NONE',  ( -74.23909603667240731, 8.705857262715628764, 15.62616807355592385 ) ) ;
#2845 = CIRCLE ( 'NONE', #1946, 2.100000000000000977 ) ;
#2846 = CARTESIAN_POINT ( 'NONE',  ( -59.05683271924455369, 40.59452312948317143, 17.70452455694831073 ) ) ;
#2847 = PLANE ( 'NONE',  #1981 ) ;
#2848 = EDGE_LOOP ( 'NONE', ( #176, #1654, #2014, #942, #3034, #3972 ) ) ;
#2849 = AXIS2_PLACEMENT_3D ( 'NONE', #4877, #4477, #5316 ) ;
#2850 = DIRECTION ( 'NONE',  ( 4.155316316201832602E-29, -6.331107576557691484E-17, -1.000000000000000000 ) ) ;
#2851 = CARTESIAN_POINT ( 'NONE',  ( -61.83194736501872768, 14.17051921255487201, 37.77616807355595085 ) ) ;
#2852 = CARTESIAN_POINT ( 'NONE',  ( -74.23909603667240731, 9.705857262715626987, 21.02616807355592599 ) ) ;
#2853 = DIRECTION ( 'NONE',  ( -0.9061739662308826437, -0.4229051228412718522, 0.000000000000000000 ) ) ;
#2854 = DIRECTION ( 'NONE',  ( 1.000000000000000000, -0.000000000000000000, 1.224646799147353207E-16 ) ) ;
#2855 = VECTOR ( 'NONE', #2850, 1000.000000000000000 ) ;
#2856 = ORIENTED_EDGE ( 'NONE', *, *, #2065, .F. ) ;
#2857 = ORIENTED_EDGE ( 'NONE', *, *, #2567, .F. ) ;
#2858 = CARTESIAN_POINT ( 'NONE',  ( -62.61623094034132464, 17.08274344716651783, 35.19471695114630450 ) ) ;
#2859 = EDGE_LOOP ( 'NONE', ( #5587, #3610, #4076, #948 ) ) ;
#2860 = LINE ( 'NONE', #3233, #5352 ) ;
#2861 = DIRECTION ( 'NONE',  ( -0.000000000000000000, -1.000000000000000000, -0.000000000000000000 ) ) ;
#2862 = EDGE_CURVE ( 'NONE', #5262, #943, #4876, .T. ) ;
#2863 = ORIENTED_EDGE ( 'NONE', *, *, #1937, .F. ) ;
#2864 = CARTESIAN_POINT ( 'NONE',  ( -54.75590993504845727, 16.80952877991878580, 35.27616807355595085 ) ) ;
#2865 = CARTESIAN_POINT ( 'NONE',  ( -67.36814380232301858, 13.05585726271536551, 37.77616807355595085 ) ) ;
#2866 = EDGE_LOOP ( 'NONE', ( #2462, #2224, #3331, #2952 ) ) ;
#2867 = ORIENTED_EDGE ( 'NONE', *, *, #4441, .T. ) ;
#2868 = PLANE ( 'NONE',  #1701 ) ;
#2869 = ADVANCED_FACE ( 'NONE', ( #998 ), #4523, .T. ) ;
#2870 = B_SPLINE_CURVE_WITH_KNOTS ( 'NONE', 3,
 ( #1003, #979, #895, #3580, #4455, #4381, #4408, #3902, #81, #4857 ),
 .UNSPECIFIED., .F., .F.,
 ( 4, 2, 2, 2, 4 ),
 ( 0.000000000000000000, 0.0006183034726473054686, 0.001236606945294610937, 0.001854910417941916297, 0.002473213890589221874 ),
 .UNSPECIFIED. ) ;
#2871 = DIRECTION ( 'NONE',  ( -2.532443030623077332E-31, 6.331107576557691484E-17, 1.000000000000000000 ) ) ;
#2872 = VERTEX_POINT ( 'NONE', #5315 ) ;
#2873 = AXIS2_PLACEMENT_3D ( 'NONE', #4924, #4052, #1948 ) ;
#2874 = DIRECTION ( 'NONE',  ( 0.000000000000000000, 1.000000000000000000, 0.000000000000000000 ) ) ;
#2875 = VECTOR ( 'NONE', #4937, 1000.000000000000000 ) ;
#2876 = ADVANCED_FACE ( 'NONE', ( #3203 ), #2747, .T. ) ;
#2877 = EDGE_CURVE ( 'NONE', #2581, #3185, #2716, .T. ) ;
#2878 = CARTESIAN_POINT ( 'NONE',  ( -58.94816581424688451, 40.26355468052725683, 16.88685853828686234 ) ) ;
#2879 = CARTESIAN_POINT ( 'NONE',  ( -71.23909603667243573, 16.05585726271534597, 34.77616807355595085 ) ) ;
#2880 = ORIENTED_EDGE ( 'NONE', *, *, #4157, .F. ) ;
#2881 = CIRCLE ( 'NONE', #627, 2.100000000000000977 ) ;
#2882 = CARTESIAN_POINT ( 'NONE',  ( -25.55218945652130458, 30.87682853093457069, -12.16010015062087746 ) ) ;
#2883 = DIRECTION ( 'NONE',  ( -4.000000000000000311E-15, 1.000000000000000000, 2.999999999999999839E-15 ) ) ;
#2884 = CARTESIAN_POINT ( 'NONE',  ( -57.22429267489663829, 41.99144630786818766, 24.58936797019773124 ) ) ;
#2885 = PLANE ( 'NONE',  #1820 ) ;
#2886 = LINE ( 'NONE', #5426, #3759 ) ;
#2887 = VERTEX_POINT ( 'NONE', #4476 ) ;
#2888 = ORIENTED_EDGE ( 'NONE', *, *, #2362, .T. ) ;
#2889 = CARTESIAN_POINT ( 'NONE',  ( -74.23909603667240731, 8.705857262715628764, 21.02616807355592599 ) ) ;
#2890 = VECTOR ( 'NONE', #5112, 1000.000000000000000 ) ;
#2891 = ORIENTED_EDGE ( 'NONE', *, *, #2668, .F. ) ;
#2892 = CARTESIAN_POINT ( 'NONE',  ( -58.97604896278141950, 16.23629160772032165, 38.05421855245149487 ) ) ;
#2893 = AXIS2_PLACEMENT_3D ( 'NONE', #5220, #903, #960 ) ;
#2894 = CARTESIAN_POINT ( 'NONE',  ( -57.22120744779096668, 41.73726779487524396, 24.64016533861756386 ) ) ;
#2895 = ORIENTED_EDGE ( 'NONE', *, *, #838, .T. ) ;
#2896 = CARTESIAN_POINT ( 'NONE',  ( -64.73909603667242152, 17.11849695311790498, 20.47616807355595014 ) ) ;
#2897 = AXIS2_PLACEMENT_3D ( 'NONE', #2671, #4734, #3036 ) ;
#2898 = CARTESIAN_POINT ( 'NONE',  ( -62.61623094034132464, 17.08274344716651783, 35.19471695114630450 ) ) ;
#2899 = ORIENTED_EDGE ( 'NONE', *, *, #3771, .T. ) ;
#2900 = EDGE_LOOP ( 'NONE', ( #5366, #4946, #4560, #4599, #3498, #3714, #3015 ) ) ;
#2901 = EDGE_CURVE ( 'NONE', #3157, #2972, #3539, .T. ) ;
#2902 = CARTESIAN_POINT ( 'NONE',  ( -21.73909603667274837, 38.25585726271803111, 57.07616807355592670 ) ) ;
#2903 = AXIS2_PLACEMENT_3D ( 'NONE', #1863, #940, #3168 ) ;
#2904 = CARTESIAN_POINT ( 'NONE',  ( -44.83909603667240873, 6.555857262715748313, 2.876168073555652072 ) ) ;
#2905 = VERTEX_POINT ( 'NONE', #3552 ) ;
#2906 = EDGE_CURVE ( 'NONE', #2691, #3321, #1545, .T. ) ;
#2907 = CARTESIAN_POINT ( 'NONE',  ( -65.73909603667242152, 16.41817824276755289, 12.97616807355595014 ) ) ;
#2908 = FACE_OUTER_BOUND ( 'NONE', #3263, .T. ) ;
#2909 = DIRECTION ( 'NONE',  ( 4.000000000000000311E-15, -1.000000000000000000, -3.000000000000000233E-15 ) ) ;
#2910 = EDGE_LOOP ( 'NONE', ( #1293, #2292, #1257, #1454, #3888, #138, #4471, #1311, #1479, #34, #1250, #1683 ) ) ;
#2911 = CARTESIAN_POINT ( 'NONE',  ( -54.75590993504838622, -2.444142737284396460, 38.27616807355583006 ) ) ;
#2912 = AXIS2_PLACEMENT_3D ( 'NONE', #3327, #2366, #1602 ) ;
#2913 = ADVANCED_FACE ( 'NONE', ( #1195 ), #2033, .T. ) ;
#2914 = CARTESIAN_POINT ( 'NONE',  ( -17.75333683122627448, 32.87134066383011799, -15.71152855967167916 ) ) ;
#2915 = PLANE ( 'NONE',  #1358 ) ;
#2916 = DIRECTION ( 'NONE',  ( -1.000000000000000000, -3.989863994746658684E-15, 0.000000000000000000 ) ) ;
#2917 = PLANE ( 'NONE',  #3950 ) ;
#2918 = VERTEX_POINT ( 'NONE', #3281 ) ;
#2919 = ORIENTED_EDGE ( 'NONE', *, *, #2031, .T. ) ;
#2920 = VECTOR ( 'NONE', #3467, 1000.000000000000000 ) ;
#2921 = CARTESIAN_POINT ( 'NONE',  ( -71.73909603667240731, 8.705857262715637646, 13.47616807355592705 ) ) ;
#2922 = EDGE_CURVE ( 'NONE', #4662, #1853, #2825, .T. ) ;
#2923 = AXIS2_PLACEMENT_3D ( 'NONE', #1828, #3557, #214 ) ;
#2924 = CARTESIAN_POINT ( 'NONE',  ( -54.20722735231965572, 24.34908053722057275, 40.58223774394021177 ) ) ;
#2925 = PLANE ( 'NONE',  #1075 ) ;
#2926 = ORIENTED_EDGE ( 'NONE', *, *, #2901, .T. ) ;
#2927 = DIRECTION ( 'NONE',  ( -1.000000000000000000, -4.000000000000001100E-15, 0.000000000000000000 ) ) ;
#2928 = CARTESIAN_POINT ( 'NONE',  ( -66.92869064835014115, 8.705857262715657185, 15.62616807355592385 ) ) ;
#2929 = AXIS2_PLACEMENT_3D ( 'NONE', #2830, #556, #4478 ) ;
#2930 = ORIENTED_EDGE ( 'NONE', *, *, #4267, .T. ) ;
#2931 = DIRECTION ( 'NONE',  ( -0.000000000000000000, 1.000000000000000000, -0.000000000000000000 ) ) ;
#2932 = DIRECTION ( 'NONE',  ( 0.000000000000000000, 0.000000000000000000, 1.000000000000000000 ) ) ;
#2933 = EDGE_LOOP ( 'NONE', ( #4820, #2066, #678, #5363, #3271, #1485 ) ) ;
#2934 = DIRECTION ( 'NONE',  ( 0.000000000000000000, 0.000000000000000000, 1.000000000000000000 ) ) ;
#2935 = CARTESIAN_POINT ( 'NONE',  ( -59.18797388272321314, 39.76472137250100047, 19.61224345751120879 ) ) ;
#2936 = CARTESIAN_POINT ( 'NONE',  ( -17.55218945652130103, 32.25585726271803111, -15.68936309519416916 ) ) ;
#2937 = ORIENTED_EDGE ( 'NONE', *, *, #2378, .T. ) ;
#2938 = EDGE_CURVE ( 'NONE', #412, #3151, #3625, .T. ) ;
#2939 = CARTESIAN_POINT ( 'NONE',  ( -57.84040630881309397, 19.61707950186700344, 4.799779141281868888 ) ) ;
#2940 = DIRECTION ( 'NONE',  ( -0.000000000000000000, -0.000000000000000000, -1.000000000000000000 ) ) ;
#2941 = CARTESIAN_POINT ( 'NONE',  ( -71.19622439739326580, 12.27731010601943140, 20.77511621452961421 ) ) ;
#2942 = CARTESIAN_POINT ( 'NONE',  ( -55.73909603667245705, 19.79849794983478262, 21.57616807355575972 ) ) ;
#2943 = ADVANCED_FACE ( 'NONE', ( #1162 ), #284, .T. ) ;
#2944 = CARTESIAN_POINT ( 'NONE',  ( 15.76190396332742516, 13.05585726271569058, 8.376168073555955829 ) ) ;
#2945 = AXIS2_PLACEMENT_3D ( 'NONE', #1952, #3740, #3684 ) ;
#2946 = EDGE_LOOP ( 'NONE', ( #3982, #4289 ) ) ;
#2947 = ORIENTED_EDGE ( 'NONE', *, *, #2051, .F. ) ;
#2948 = FACE_OUTER_BOUND ( 'NONE', #842, .T. ) ;
#2949 = DIRECTION ( 'NONE',  ( -4.000000000000000311E-15, 1.000000000000000000, 3.000000000000000233E-15 ) ) ;
#2950 = CARTESIAN_POINT ( 'NONE',  ( -59.43327571779239094, 18.36168276510855435, 37.89335834024519301 ) ) ;
#2951 = DIRECTION ( 'NONE',  ( -1.000000000000000000, -4.081668171172129226E-15, -1.639358707268521670E-32 ) ) ;
#2952 = ORIENTED_EDGE ( 'NONE', *, *, #2481, .F. ) ;
#2953 = ADVANCED_FACE ( 'NONE', ( #2063 ), #1951, .F. ) ;
#2954 = CARTESIAN_POINT ( 'NONE',  ( -25.42555894280690154, 24.75145198830553284, -15.74222609214625379 ) ) ;
#2955 = VECTOR ( 'NONE', #4801, 1000.000000000000000 ) ;
#2956 = CARTESIAN_POINT ( 'NONE',  ( -66.54535348225498126, 16.05585726271537084, 34.84056894550318617 ) ) ;
#2957 = ORIENTED_EDGE ( 'NONE', *, *, #3353, .T. ) ;
#2958 = CARTESIAN_POINT ( 'NONE',  ( -71.23909603667236468, -2.444142737284451972, 34.77616807355595085 ) ) ;
#2959 = DIRECTION ( 'NONE',  ( 1.000000000000000000, 3.989863994746658684E-15, 0.000000000000000000 ) ) ;
#2960 = ORIENTED_EDGE ( 'NONE', *, *, #2385, .F. ) ;
#2961 = CARTESIAN_POINT ( 'NONE',  ( -71.73909603667236468, -3.228907953474740840E-13, 17.77616807355592599 ) ) ;
#2962 = DIRECTION ( 'NONE',  ( 1.400000000000000030E-14, -2.999999999999943830E-15, 1.000000000000000000 ) ) ;
#2963 = CARTESIAN_POINT ( 'NONE',  ( -33.48909603667274126, 35.15585726271574885, 21.57616807355592314 ) ) ;
#2964 = AXIS2_PLACEMENT_3D ( 'NONE', #1867, #2743, #4527 ) ;
#2965 = CARTESIAN_POINT ( 'NONE',  ( -60.14708676095750661, 17.88236846006818581, 5.386049477343979319 ) ) ;
#2966 = DIRECTION ( 'NONE',  ( 1.000000000000000000, 3.717264591378875951E-15, 0.000000000000000000 ) ) ;
#2967 = EDGE_CURVE ( 'NONE', #4350, #2563, #261, .T. ) ;
#2968 = CARTESIAN_POINT ( 'NONE',  ( -70.23909603667247836, 26.05585726271534597, 13.97616807355594659 ) ) ;
#2969 = CIRCLE ( 'NONE', #1259, 3.000000000000000888 ) ;
#2970 = CARTESIAN_POINT ( 'NONE',  ( -64.15382004789172754, 16.48600359906075852, 35.04696406716459478 ) ) ;
#2971 = LINE ( 'NONE', #375, #2227 ) ;
#2972 = VERTEX_POINT ( 'NONE', #2942 ) ;
#2973 = CARTESIAN_POINT ( 'NONE',  ( -55.11661138372446800, 23.21758656624373174, 3.610865891704838404 ) ) ;
#2974 = EDGE_CURVE ( 'NONE', #3479, #5074, #1092, .T. ) ;
#2975 = CARTESIAN_POINT ( 'NONE',  ( -59.18825205252697685, 39.77125745210437202, 23.53470458714355473 ) ) ;
#2976 = CARTESIAN_POINT ( 'NONE',  ( -59.19723824634527887, 18.52960674138334696, 37.94439862631978855 ) ) ;
#2977 = CARTESIAN_POINT ( 'NONE',  ( -57.09246449747731589, 40.45705769133850538, 25.69230620592903236 ) ) ;
#2978 = ORIENTED_EDGE ( 'NONE', *, *, #290, .F. ) ;
#2979 = DIRECTION ( 'NONE',  ( -1.000000000000000000, -4.000000000000001100E-15, -8.673617379885234787E-17 ) ) ;
#2980 = AXIS2_PLACEMENT_3D ( 'NONE', #1997, #3676, #5507 ) ;
#2981 = DIRECTION ( 'NONE',  ( -1.000000000000000000, -4.163336342344339393E-15, 0.000000000000000000 ) ) ;
#2982 = ORIENTED_EDGE ( 'NONE', *, *, #3264, .F. ) ;
#2983 = EDGE_CURVE ( 'NONE', #3237, #5121, #5067, .T. ) ;
#2984 = EDGE_CURVE ( 'NONE', #109, #1934, #5032, .T. ) ;
#2985 = AXIS2_PLACEMENT_3D ( 'NONE', #2717, #4400, #1448 ) ;
#2986 = LINE ( 'NONE', #5132, #3695 ) ;
#2987 = CARTESIAN_POINT ( 'NONE',  ( -36.73909603667235757, -2.444142737284514588, 35.27616807355595085 ) ) ;
#2988 = ORIENTED_EDGE ( 'NONE', *, *, #4713, .T. ) ;
#2989 = CARTESIAN_POINT ( 'NONE',  ( -52.07887097031535717, 37.55585726271563374, 36.92211401950189043 ) ) ;
#2990 = EDGE_CURVE ( 'NONE', #17, #1767, #1582, .T. ) ;
#2991 = AXIS2_PLACEMENT_3D ( 'NONE', #105, #1823, #4188 ) ;
#2992 = CARTESIAN_POINT ( 'NONE',  ( -46.23909603667241441, 7.555857262715746536, 1.876168073555494198 ) ) ;
#2993 = CARTESIAN_POINT ( 'NONE',  ( -21.73909603667236112, -2.444142737284214828, 21.57616807355570643 ) ) ;
#2994 = ORIENTED_EDGE ( 'NONE', *, *, #1016, .F. ) ;
#2995 = CARTESIAN_POINT ( 'NONE',  ( -56.68462714044861883, 21.45395368048481544, 5.151465621230979508 ) ) ;
#2996 = CARTESIAN_POINT ( 'NONE',  ( -74.23909603667240731, 8.705857262715628764, 14.62616807355592563 ) ) ;
#2997 = CARTESIAN_POINT ( 'NONE',  ( -71.08611460806088189, 12.42690903639762467, 21.02475482182263633 ) ) ;
#2998 = CARTESIAN_POINT ( 'NONE',  ( -111.5487462628538253, 6.155857262715458411, 23.47616807355592528 ) ) ;
#2999 = DIRECTION ( 'NONE',  ( 0.000000000000000000, 0.000000000000000000, 1.000000000000000000 ) ) ;
#3000 = EDGE_LOOP ( 'NONE', ( #2867, #2572, #4388, #5155 ) ) ;
#3001 = ORIENTED_EDGE ( 'NONE', *, *, #3241, .T. ) ;
#3002 = DIRECTION ( 'NONE',  ( 1.000000000000000000, 4.183744853826417481E-15, 0.000000000000000000 ) ) ;
#3003 = ORIENTED_EDGE ( 'NONE', *, *, #3746, .F. ) ;
#3004 = CARTESIAN_POINT ( 'NONE',  ( -59.10195461860553223, 38.75857354088388007, 24.78871023494414061 ) ) ;
#3005 = CARTESIAN_POINT ( 'NONE',  ( -58.33364929009429289, 16.90188388353661963, 38.24246718814237056 ) ) ;
#3006 = DIRECTION ( 'NONE',  ( 0.000000000000000000, 1.000000000000000000, 0.000000000000000000 ) ) ;
#3007 = ORIENTED_EDGE ( 'NONE', *, *, #3667, .F. ) ;
#3008 = CARTESIAN_POINT ( 'NONE',  ( -66.92869064835012693, 7.455857262715658074, 14.62616807355592563 ) ) ;
#3009 = ADVANCED_FACE ( 'NONE', ( #683 ), #2885, .F. ) ;
#3010 = AXIS2_PLACEMENT_3D ( 'NONE', #2707, #2234, #4811 ) ;
#3011 = DIRECTION ( 'NONE',  ( 4.000000000000000311E-15, -1.000000000000000000, -2.999999999999999839E-15 ) ) ;
#3012 = ORIENTED_EDGE ( 'NONE', *, *, #5079, .F. ) ;
#3013 = CARTESIAN_POINT ( 'NONE',  ( -71.23909603667242152, 12.21416965789302189, -7.732922206273287011E-16 ) ) ;
#3014 = CARTESIAN_POINT ( 'NONE',  ( -74.23909603667239310, 6.155857262715607625, 23.47616807355592528 ) ) ;
#3015 = ORIENTED_EDGE ( 'NONE', *, *, #4993, .F. ) ;
#3016 = EDGE_CURVE ( 'NONE', #4395, #403, #1007, .T. ) ;
#3017 = CARTESIAN_POINT ( 'NONE',  ( -24.68412060165176669, 33.25585726271803111, -15.80824491691564049 ) ) ;
#3018 = AXIS2_PLACEMENT_3D ( 'NONE', #3393, #3849, #1721 ) ;
#3019 = PERSON_AND_ORGANIZATION ( #2494, #1038 ) ;
#3020 = CARTESIAN_POINT ( 'NONE',  ( -59.22421508370585741, 42.25585726271803111, 20.51983004538691091 ) ) ;
#3021 = FACE_OUTER_BOUND ( 'NONE', #5253, .T. ) ;
#3022 = ORIENTED_EDGE ( 'NONE', *, *, #802, .F. ) ;
#3023 = ADVANCED_FACE ( 'NONE', ( #4219 ), #4132, .F. ) ;
#3024 = LINE ( 'NONE', #485, #3287 ) ;
#3025 = LINE ( 'NONE', #3218, #3364 ) ;
#3026 = CARTESIAN_POINT ( 'NONE',  ( -24.81342551885590098, 24.28175333254118584, -12.28477182167581461 ) ) ;
#3027 = CARTESIAN_POINT ( 'NONE',  ( -52.07887097031528612, 19.79849794983475064, 36.92211401950183358 ) ) ;
#3028 = CARTESIAN_POINT ( 'NONE',  ( -21.73909603667274837, 38.15585726271802258, 39.07616807355592670 ) ) ;
#3029 = ORIENTED_EDGE ( 'NONE', *, *, #766, .F. ) ;
#3030 = ORIENTED_EDGE ( 'NONE', *, *, #2089, .T. ) ;
#3031 = CARTESIAN_POINT ( 'NONE',  ( -58.33040010596816671, 19.89466216457683956, 6.381952459137964162 ) ) ;
#3032 = ORIENTED_EDGE ( 'NONE', *, *, #3729, .T. ) ;
#3033 = DIRECTION ( 'NONE',  ( 1.000000000000000000, 3.975407965780184239E-15, 0.000000000000000000 ) ) ;
#3034 = ORIENTED_EDGE ( 'NONE', *, *, #3326, .T. ) ;
#3035 = VECTOR ( 'NONE', #1899, 1000.000000000000000 ) ;
#3036 = DIRECTION ( 'NONE',  ( 3.854941057726237604E-16, 1.000000000000000000, 0.000000000000000000 ) ) ;
#3037 = ORIENTED_EDGE ( 'NONE', *, *, #4272, .T. ) ;
#3038 = DIRECTION ( 'NONE',  ( 4.000000000000000311E-15, -1.000000000000000000, -2.999999999999999839E-15 ) ) ;
#3039 = VECTOR ( 'NONE', #2351, 1000.000000000000000 ) ;
#3040 = ORIENTED_EDGE ( 'NONE', *, *, #1830, .F. ) ;
#3041 = EDGE_CURVE ( 'NONE', #885, #361, #5515, .T. ) ;
#3042 = ORIENTED_EDGE ( 'NONE', *, *, #1562, .F. ) ;
#3043 = CYLINDRICAL_SURFACE ( 'NONE', #3787, 1.399999999999998579 ) ;
#3044 = PLANE ( 'NONE',  #4781 ) ;
#3045 = ADVANCED_FACE ( 'NONE', ( #5481 ), #645, .T. ) ;
#3046 = DATE_AND_TIME ( #3962, #2482 ) ;
#3047 = LINE ( 'NONE', #3910, #1451 ) ;
#3048 = CARTESIAN_POINT ( 'NONE',  ( -71.73909603667237889, 2.155857262715640488, 12.97616807355592528 ) ) ;
#3049 = VERTEX_POINT ( 'NONE', #4675 ) ;
#3050 = CARTESIAN_POINT ( 'NONE',  ( -59.42245991180703157, 15.82066958903761922, 5.198059597225809902 ) ) ;
#3051 = CARTESIAN_POINT ( 'NONE',  ( -111.5487462628538253, 6.155857262715458411, 32.97616807355592528 ) ) ;
#3052 = EDGE_CURVE ( 'NONE', #415, #2177, #1528, .T. ) ;
#3053 = EDGE_CURVE ( 'NONE', #5487, #3973, #3808, .T. ) ;
#3054 = CARTESIAN_POINT ( 'NONE',  ( -71.73909603667242152, 10.95585726271563765, 14.62616807355592563 ) ) ;
#3055 = DIRECTION ( 'NONE',  ( 4.000000000000000311E-15, -1.000000000000000000, -3.000000000000000233E-15 ) ) ;
#3056 = PLANE ( 'NONE',  #4850 ) ;
#3057 = VERTEX_POINT ( 'NONE', #1332 ) ;
#3058 = ORIENTED_EDGE ( 'NONE', *, *, #5575, .T. ) ;
#3059 = CARTESIAN_POINT ( 'NONE',  ( -74.23909603667236468, -2.444142737284638933, 34.77616807355595085 ) ) ;
#3060 = ORIENTED_EDGE ( 'NONE', *, *, #5041, .T. ) ;
#3061 = AXIS2_PLACEMENT_3D ( 'NONE', #2902, #4689, #3298 ) ;
#3062 = DIRECTION ( 'NONE',  ( -0.000000000000000000, -0.000000000000000000, -1.000000000000000000 ) ) ;
#3063 = ORIENTED_EDGE ( 'NONE', *, *, #4337, .F. ) ;
#3064 = CARTESIAN_POINT ( 'NONE',  ( -59.10569942002025101, 38.78194962516948152, 24.74487788687957490 ) ) ;
#3065 = ORIENTED_EDGE ( 'NONE', *, *, #1839, .F. ) ;
#3066 = VECTOR ( 'NONE', #1509, 1000.000000000000000 ) ;
#3067 = DIRECTION ( 'NONE',  ( 0.000000000000000000, 0.000000000000000000, 1.000000000000000000 ) ) ;
#3068 = EDGE_LOOP ( 'NONE', ( #798, #531, #736, #679, #4213, #3947, #4905, #2926 ) ) ;
#3069 = CARTESIAN_POINT ( 'NONE',  ( -53.73789660412740687, 17.67717760627518331, 7.698161847125702728 ) ) ;
#3070 = CARTESIAN_POINT ( 'NONE',  ( -21.73909603667274837, 26.05585726271554492, 21.57616807355592670 ) ) ;
#3071 = CIRCLE ( 'NONE', #4341, 10.75000000000000000 ) ;
#3072 = EDGE_CURVE ( 'NONE', #4298, #3551, #2211, .T. ) ;
#3073 = AXIS2_PLACEMENT_3D ( 'NONE', #763, #5111, #4211 ) ;
#3074 = ORIENTED_EDGE ( 'NONE', *, *, #3041, .F. ) ;
#3075 = DIRECTION ( 'NONE',  ( -1.000000000000000000, -4.000000000000001100E-15, -8.673617379885234787E-17 ) ) ;
#3076 = AXIS2_PLACEMENT_3D ( 'NONE', #5522, #3862, #3033 ) ;
#3077 = APPROVAL_DATE_TIME ( #2115, #2229 ) ;
#3078 = CARTESIAN_POINT ( 'NONE',  ( -53.73789660412740687, 17.67717760627518331, 7.698161847125702728 ) ) ;
#3079 = TOROIDAL_SURFACE ( 'NONE', #917, 11.75000000000000000, 1.000000000000000000 ) ;
#3080 = CARTESIAN_POINT ( 'NONE',  ( -71.73909603667236468, -3.228907953474740840E-13, -2.960543799099297657E-27 ) ) ;
#3081 = ORIENTED_EDGE ( 'NONE', *, *, #381, .F. ) ;
#3082 = ADVANCED_FACE ( 'NONE', ( #4333 ), #3087, .T. ) ;
#3083 = CARTESIAN_POINT ( 'NONE',  ( -53.58727568575706357, 25.19987536276698137, 1.751788050862322921 ) ) ;
#3084 = TOROIDAL_SURFACE ( 'NONE', #2805, 35.50000000000000711, 2.000000000000000000 ) ;
#3085 = DIRECTION ( 'NONE',  ( 1.000000000000000000, 4.047688110612550939E-15, 0.000000000000000000 ) ) ;
#3086 = DIRECTION ( 'NONE',  ( -4.000000000000000311E-15, 1.000000000000000000, 2.999999999999999839E-15 ) ) ;
#3087 = PLANE ( 'NONE',  #3088 ) ;
#3088 = AXIS2_PLACEMENT_3D ( 'NONE', #2998, #68, #2123 ) ;
#3089 = CARTESIAN_POINT ( 'NONE',  ( -69.23909603667274837, 26.05585726271535307, 21.57616807355592670 ) ) ;
#3090 = EDGE_CURVE ( 'NONE', #2194, #412, #4304, .T. ) ;
#3091 = EDGE_LOOP ( 'NONE', ( #2270, #2158, #1794, #4984, #5052, #4338 ) ) ;
#3092 = ORIENTED_EDGE ( 'NONE', *, *, #5226, .T. ) ;
#3093 = FACE_OUTER_BOUND ( 'NONE', #3770, .T. ) ;
#3094 = VERTEX_POINT ( 'NONE', #1783 ) ;
#3095 = FACE_OUTER_BOUND ( 'NONE', #2614, .T. ) ;
#3096 = VERTEX_POINT ( 'NONE', #796 ) ;
#3097 = CARTESIAN_POINT ( 'NONE',  ( 5.435504178569402711, 37.35585726271801832, 21.42876338647399592 ) ) ;
#3098 = ORIENTED_EDGE ( 'NONE', *, *, #1246, .F. ) ;
#3099 = EDGE_CURVE ( 'NONE', #318, #4051, #5230, .T. ) ;
#3100 = CARTESIAN_POINT ( 'NONE',  ( -57.15979178378206882, 40.73937394684336510, 17.88669743903948017 ) ) ;
#3101 = VECTOR ( 'NONE', #3110, 1000.000000000000000 ) ;
#3102 = ORIENTED_EDGE ( 'NONE', *, *, #3422, .F. ) ;
#3103 = ORIENTED_EDGE ( 'NONE', *, *, #2385, .T. ) ;
#3104 = CARTESIAN_POINT ( 'NONE',  ( -71.23909603667240731, 13.05585726271534242, 5.376168073555948723 ) ) ;
#3105 = AXIS2_PLACEMENT_3D ( 'NONE', #4141, #1013, #1958 ) ;
#3106 = APPLICATION_PROTOCOL_DEFINITION ( 'international standard', 'config_control_design', 1994, #118 ) ;
#3107 = DIRECTION ( 'NONE',  ( 0.000000000000000000, 1.000000000000000000, -1.445602896647339903E-15 ) ) ;
#3108 = ORIENTED_EDGE ( 'NONE', *, *, #3745, .F. ) ;
#3109 = PLANE ( 'NONE',  #1571 ) ;
#3110 = DIRECTION ( 'NONE',  ( 4.126820607811806652E-29, 1.650728243124722933E-43, -1.000000000000000000 ) ) ;
#3111 = EDGE_CURVE ( 'NONE', #3230, #5266, #2604, .T. ) ;
#3112 = CARTESIAN_POINT ( 'NONE',  ( -65.72735735800368673, 16.14566595676676641, 8.243904055787929508 ) ) ;
#3113 = CYLINDRICAL_SURFACE ( 'NONE', #3355, 5.999999999999998224 ) ;
#3114 = CARTESIAN_POINT ( 'NONE',  ( -54.75590993504858517, 16.80952877991888528, 7.876168073555952276 ) ) ;
#3115 = ORIENTED_EDGE ( 'NONE', *, *, #4567, .T. ) ;
#3116 = ORIENTED_EDGE ( 'NONE', *, *, #141, .F. ) ;
#3117 = CARTESIAN_POINT ( 'NONE',  ( -54.75590993504867043, 37.55585726271566926, 4.876168073555956717 ) ) ;
#3118 = ADVANCED_FACE ( 'NONE', ( #1725 ), #913, .F. ) ;
#3119 = CARTESIAN_POINT ( 'NONE',  ( -52.07887097031523638, 7.555857262715623079, 36.92211401950180516 ) ) ;
#3120 = ORIENTED_EDGE ( 'NONE', *, *, #424, .T. ) ;
#3121 = CARTESIAN_POINT ( 'NONE',  ( -57.22500873453075343, -108.5101599152663425, 20.57616807355592670 ) ) ;
#3122 = CARTESIAN_POINT ( 'NONE',  ( -52.59670955570111772, 18.87015749133959019, 6.967347333641416895 ) ) ;
#3123 = B_SPLINE_CURVE_WITH_KNOTS ( 'NONE', 3,
 ( #5421, #2851, #1219, #3736, #708, #4243, #2401, #1974 ),
 .UNSPECIFIED., .F., .F.,
 ( 4, 2, 2, 4 ),
 ( 0.000000000000000000, 0.001560769655763808534, 0.003121539311527617069, 0.006243078623055234137 ),
 .UNSPECIFIED. ) ;
#3124 = DIRECTION ( 'NONE',  ( -4.000000000000001100E-15, 1.000000000000000000, 0.000000000000000000 ) ) ;
#3125 = EDGE_LOOP ( 'NONE', ( #496, #1460, #3428, #3810 ) ) ;
#3126 = CIRCLE ( 'NONE', #685, 9.999999999999998224 ) ;
#3127 = EDGE_CURVE ( 'NONE', #5401, #4630, #2635, .T. ) ;
#3128 = ORIENTED_EDGE ( 'NONE', *, *, #4860, .F. ) ;
#3129 = CARTESIAN_POINT ( 'NONE',  ( -53.01869697567206430, -2.444142737284389799, 42.26037859987173562 ) ) ;
#3130 = AXIS2_PLACEMENT_3D ( 'NONE', #631, #210, #4426 ) ;
#3131 = VERTEX_POINT ( 'NONE', #882 ) ;
#3132 = CIRCLE ( 'NONE', #3861, 1.000000000000000888 ) ;
#3133 = DIRECTION ( 'NONE',  ( 4.000000000000000311E-15, -1.000000000000000000, -2.999999999999999839E-15 ) ) ;
#3134 = DIRECTION ( 'NONE',  ( 0.000000000000000000, 0.000000000000000000, 1.000000000000000000 ) ) ;
#3135 = FACE_OUTER_BOUND ( 'NONE', #3712, .T. ) ;
#3136 = DIRECTION ( 'NONE',  ( -4.000000000000001100E-15, 1.000000000000000000, 5.337610695313253357E-16 ) ) ;
#3137 = CARTESIAN_POINT ( 'NONE',  ( -66.92869064835014115, 8.705857262715657185, 16.77616807355592599 ) ) ;
#3138 = DIRECTION ( 'NONE',  ( -1.000000000000000000, -3.975407965780184239E-15, 0.000000000000000000 ) ) ;
#3139 = ORIENTED_EDGE ( 'NONE', *, *, #5510, .F. ) ;
#3140 = ORIENTED_EDGE ( 'NONE', *, *, #4600, .F. ) ;
#3141 = EDGE_CURVE ( 'NONE', #3185, #2058, #3512, .T. ) ;
#3142 = CARTESIAN_POINT ( 'NONE',  ( -51.11890341980409147, 44.25585726271802400, 24.57616807355592670 ) ) ;
#3143 = ORIENTED_EDGE ( 'NONE', *, *, #1808, .T. ) ;
#3144 = DIRECTION ( 'NONE',  ( -1.000000000000000000, 0.000000000000000000, 0.000000000000000000 ) ) ;
#3145 = CARTESIAN_POINT ( 'NONE',  ( -71.73909603667239310, 6.955857262715639422, 12.97616807355592528 ) ) ;
#3146 = DIRECTION ( 'NONE',  ( -0.000000000000000000, -1.000000000000000000, -0.000000000000000000 ) ) ;
#3147 = VECTOR ( 'NONE', #2092, 1000.000000000000000 ) ;
#3148 = ADVANCED_FACE ( 'NONE', ( #3917 ), #3453, .F. ) ;
#3149 = CYLINDRICAL_SURFACE ( 'NONE', #2929, 1.000000000000000888 ) ;
#3150 = TOROIDAL_SURFACE ( 'NONE', #265, 40.24264068711939046, 3.000000000000000000 ) ;
#3151 = VERTEX_POINT ( 'NONE', #4245 ) ;
#3152 = EDGE_LOOP ( 'NONE', ( #4843, #3723, #3978, #4728, #4730 ) ) ;
#3153 = CARTESIAN_POINT ( 'NONE',  ( 12.26090396332764065, -2.444142737284078493, 21.57616807355575972 ) ) ;
#3154 = CIRCLE ( 'NONE', #715, 3.000000000000002665 ) ;
#3155 = EDGE_CURVE ( 'NONE', #5487, #1592, #854, .T. ) ;
#3156 = CC_DESIGN_PERSON_AND_ORGANIZATION_ASSIGNMENT ( #3019, #874, ( #3297 ) ) ;
#3157 = VERTEX_POINT ( 'NONE', #3027 ) ;
#3158 = CARTESIAN_POINT ( 'NONE',  ( -71.73909603667240731, 8.705857262715635869, 14.62616807355592563 ) ) ;
#3159 = DIRECTION ( 'NONE',  ( 4.127374866929868743E-28, -1.445602896647339903E-15, -1.000000000000000000 ) ) ;
#3160 = ORIENTED_EDGE ( 'NONE', *, *, #2247, .T. ) ;
#3161 = AXIS2_PLACEMENT_3D ( 'NONE', #4363, #544, #593 ) ;
#3162 = VECTOR ( 'NONE', #2205, 1000.000000000000000 ) ;
#3163 = ADVANCED_FACE ( 'NONE', ( #3943 ), #2120, .T. ) ;
#3164 = DIRECTION ( 'NONE',  ( -1.000000000000000000, -4.000000000000001100E-15, 0.000000000000000000 ) ) ;
#3165 = CARTESIAN_POINT ( 'NONE',  ( -52.31005132864666507, 19.33103149429653200, 36.53664571157825236 ) ) ;
#3166 = AXIS2_PLACEMENT_3D ( 'NONE', #4531, #2431, #3710 ) ;
#3167 = DIRECTION ( 'NONE',  ( 0.000000000000000000, 0.000000000000000000, 1.000000000000000000 ) ) ;
#3168 = DIRECTION ( 'NONE',  ( 1.000000000000000000, 4.177817893836044508E-15, 0.000000000000000000 ) ) ;
#3169 = FACE_OUTER_BOUND ( 'NONE', #2859, .T. ) ;
#3170 = VERTEX_POINT ( 'NONE', #2686 ) ;
#3171 = ORIENTED_EDGE ( 'NONE', *, *, #5218, .F. ) ;
#3172 = CARTESIAN_POINT ( 'NONE',  ( -52.11890341980409858, 45.25585726271802400, 23.57616807355592670 ) ) ;
#3173 = ORIENTED_EDGE ( 'NONE', *, *, #1459, .T. ) ;
#3174 = CIRCLE ( 'NONE', #2085, 37.50000000000000711 ) ;
#3175 = CARTESIAN_POINT ( 'NONE',  ( -74.23909603667240731, 8.705857262715628764, 16.77616807355592599 ) ) ;
#3176 = DIRECTION ( 'NONE',  ( 0.000000000000000000, 1.000000000000000000, 0.000000000000000000 ) ) ;
#3177 = CARTESIAN_POINT ( 'NONE',  ( -71.73909603667240731, 9.705857262715637646, 13.47616807355592705 ) ) ;
#3178 = CARTESIAN_POINT ( 'NONE',  ( -57.22500873453075343, 45.25585726271802400, 20.57616807355592670 ) ) ;
#3179 = ORIENTED_EDGE ( 'NONE', *, *, #3633, .T. ) ;
#3180 = CARTESIAN_POINT ( 'NONE',  ( -67.74629862524831481, 16.16340105351132195, 21.47616807355595014 ) ) ;
#3181 = DIRECTION ( 'NONE',  ( -1.000000000000000000, 0.000000000000000000, -8.673617379885238485E-17 ) ) ;
#3182 = ADVANCED_FACE ( 'NONE', ( #966 ), #3621, .F. ) ;
#3183 = CARTESIAN_POINT ( 'NONE',  ( -61.35992389273854997, 14.39080930250185553, 37.77616807355595085 ) ) ;
#3184 = CIRCLE ( 'NONE', #1106, 2.000000000000000444 ) ;
#3185 = VERTEX_POINT ( 'NONE', #123 ) ;
#3186 = DIRECTION ( 'NONE',  ( -1.000000000000000000, -3.469446951953611033E-15, 0.000000000000000000 ) ) ;
#3187 = EDGE_CURVE ( 'NONE', #1023, #1866, #926, .T. ) ;
#3188 = DIRECTION ( 'NONE',  ( -0.000000000000000000, 1.000000000000000000, -0.000000000000000000 ) ) ;
#3189 = CIRCLE ( 'NONE', #4827, 1.999999999999998224 ) ;
#3190 = DIRECTION ( 'NONE',  ( -1.000000000000000000, -3.989863994746658684E-15, 0.000000000000000000 ) ) ;
#3191 = EDGE_CURVE ( 'NONE', #194, #5222, #2637, .T. ) ;
#3192 = CARTESIAN_POINT ( 'NONE',  ( -59.07214322603486067, 40.68284977190059237, 17.82321764432402489 ) ) ;
#3193 = FACE_OUTER_BOUND ( 'NONE', #3325, .T. ) ;
#3194 = ORIENTED_EDGE ( 'NONE', *, *, #2280, .T. ) ;
#3195 = CARTESIAN_POINT ( 'NONE',  ( -21.73909603667274837, 40.25585726271802400, 21.57616807355592670 ) ) ;
#3196 = ORIENTED_EDGE ( 'NONE', *, *, #128, .T. ) ;
#3197 = VERTEX_POINT ( 'NONE', #4867 ) ;
#3198 = VECTOR ( 'NONE', #4589, 1000.000000000000000 ) ;
#3199 = B_SPLINE_CURVE_WITH_KNOTS ( 'NONE', 3,
 ( #2466, #4195, #3342, #5549, #1673, #2408 ),
 .UNSPECIFIED., .F., .F.,
 ( 4, 2, 4 ),
 ( 0.000000000000000000, 0.002442659452518167705, 0.004885318905036335410 ),
 .UNSPECIFIED. ) ;
#3200 = DIRECTION ( 'NONE',  ( -4.625929269271486900E-15, 0.000000000000000000, 1.000000000000000000 ) ) ;
#3201 = ORIENTED_EDGE ( 'NONE', *, *, #1999, .F. ) ;
#3202 = CARTESIAN_POINT ( 'NONE',  ( -66.92869064835014115, 9.705857262715658962, 17.77616807355592599 ) ) ;
#3203 = FACE_OUTER_BOUND ( 'NONE', #1891, .T. ) ;
#3204 = DIRECTION ( 'NONE',  ( 4.000000000000000311E-15, -1.000000000000000000, -2.999999999999999839E-15 ) ) ;
#3205 = FACE_OUTER_BOUND ( 'NONE', #377, .T. ) ;
#3206 = ORIENTED_EDGE ( 'NONE', *, *, #1586, .T. ) ;
#3207 = PLANE ( 'NONE',  #4549 ) ;
#3208 = CARTESIAN_POINT ( 'NONE',  ( -52.11890341980409858, 45.25585726271802400, 18.57616807355593025 ) ) ;
#3209 = DIRECTION ( 'NONE',  ( 0.000000000000000000, 0.000000000000000000, 1.000000000000000000 ) ) ;
#3210 = EDGE_LOOP ( 'NONE', ( #1334, #148, #3868, #3497 ) ) ;
#3211 = EDGE_CURVE ( 'NONE', #2200, #2665, #145, .T. ) ;
#3212 = CYLINDRICAL_SURFACE ( 'NONE', #5400, 1.000000000000000888 ) ;
#3213 = LINE ( 'NONE', #4938, #873 ) ;
#3214 = CIRCLE ( 'NONE', #2945, 47.50000000000001421 ) ;
#3215 = ORIENTED_EDGE ( 'NONE', *, *, #1486, .F. ) ;
#3216 = ADVANCED_FACE ( 'NONE', ( #1886 ), #517, .T. ) ;
#3217 = ORIENTED_EDGE ( 'NONE', *, *, #2254, .T. ) ;
#3218 = CARTESIAN_POINT ( 'NONE',  ( -71.73909603667239310, 7.455857262715637646, -2.960543799099297657E-27 ) ) ;
#3219 = CARTESIAN_POINT ( 'NONE',  ( -57.01723636950855933, 40.31883003588936987, 17.09069203504732926 ) ) ;
#3220 = LINE ( 'NONE', #1125, #198 ) ;
#3221 = VERTEX_POINT ( 'NONE', #1441 ) ;
#3222 = EDGE_LOOP ( 'NONE', ( #5097, #2763, #4826 ) ) ;
#3223 = ORIENTED_EDGE ( 'NONE', *, *, #1765, .F. ) ;
#3224 = EDGE_CURVE ( 'NONE', #2727, #616, #4978, .T. ) ;
#3225 = CARTESIAN_POINT ( 'NONE',  ( -68.73909603667240731, 13.55585726271535663, 21.47616807355595014 ) ) ;
#3226 = CC_DESIGN_DATE_AND_TIME_ASSIGNMENT ( #1350, #4748, ( #3297 ) ) ;
#3227 = CARTESIAN_POINT ( 'NONE',  ( -57.22500873453074632, 42.12252483999241548, 24.57616807355593025 ) ) ;
#3228 = CARTESIAN_POINT ( 'NONE',  ( -57.22500873453075343, 44.25585726271803821, 20.57616807355592670 ) ) ;
#3229 = CARTESIAN_POINT ( 'NONE',  ( -74.23909603667240731, 9.705857262715626987, 13.47616807355592528 ) ) ;
#3230 = VERTEX_POINT ( 'NONE', #5336 ) ;
#3231 = DIRECTION ( 'NONE',  ( 4.000000000000000311E-15, -1.000000000000000000, -2.999999999999999444E-15 ) ) ;
#3232 = VERTEX_POINT ( 'NONE', #3591 ) ;
#3233 = CARTESIAN_POINT ( 'NONE',  ( -40.23909603667241441, 7.555857262715652389, 41.27616807355597928 ) ) ;
#3234 = CARTESIAN_POINT ( 'NONE',  ( -64.23909603667240731, 9.705857262715667844, 14.62616807355592741 ) ) ;
#3235 = VECTOR ( 'NONE', #2513, 1000.000000000000000 ) ;
#3236 = CARTESIAN_POINT ( 'NONE',  ( -21.73909603667274837, 33.25585726271803111, 21.57616807355592670 ) ) ;
#3237 = VERTEX_POINT ( 'NONE', #3651 ) ;
#3238 = CIRCLE ( 'NONE', #5494, 3.000000000000002665 ) ;
#3239 = CARTESIAN_POINT ( 'NONE',  ( -59.22421508370585741, 42.25585726271803111, 22.63250610172494959 ) ) ;
#3240 = CYLINDRICAL_SURFACE ( 'NONE', #4614, 2.100000000000000977 ) ;
#3241 = EDGE_CURVE ( 'NONE', #5484, #4051, #1813, .T. ) ;
#3242 = CARTESIAN_POINT ( 'NONE',  ( -21.73909603667274837, 39.25585726271802400, 21.57616807355592670 ) ) ;
#3243 = CARTESIAN_POINT ( 'NONE',  ( -59.02392921650662316, 40.44662381670583073, 17.45230446001646740 ) ) ;
#3244 = CYLINDRICAL_SURFACE ( 'NONE', #5323, 2.999999999999999112 ) ;
#3245 = ORIENTED_EDGE ( 'NONE', *, *, #662, .F. ) ;
#3246 = EDGE_CURVE ( 'NONE', #783, #756, #4083, .T. ) ;
#3247 = AXIS2_PLACEMENT_3D ( 'NONE', #5464, #2046, #2927 ) ;
#3248 = ORIENTED_EDGE ( 'NONE', *, *, #3681, .F. ) ;
#3249 = ORIENTED_EDGE ( 'NONE', *, *, #5024, .T. ) ;
#3250 = DIRECTION ( 'NONE',  ( 0.000000000000000000, 0.000000000000000000, 1.000000000000000000 ) ) ;
#3251 = DIRECTION ( 'NONE',  ( -4.000000000000001100E-15, 1.000000000000000000, -4.502261425906566434E-43 ) ) ;
#3252 = VECTOR ( 'NONE', #4673, 1000.000000000000000 ) ;
#3253 = CIRCLE ( 'NONE', #1359, 1.399999999999998579 ) ;
#3254 = CARTESIAN_POINT ( 'NONE',  ( 5.435504178569402711, 37.35585726271801832, 21.42876338647399592 ) ) ;
#3255 = DIRECTION ( 'NONE',  ( 3.886579866308197428E-29, 5.337610695313253357E-16, -1.000000000000000000 ) ) ;
#3256 = ADVANCED_FACE ( 'NONE', ( #3193 ), #1018, .F. ) ;
#3257 = FACE_OUTER_BOUND ( 'NONE', #3210, .T. ) ;
#3258 = VERTEX_POINT ( 'NONE', #5258 ) ;
#3259 = ORIENTED_EDGE ( 'NONE', *, *, #4441, .F. ) ;
#3260 = VECTOR ( 'NONE', #4585, 1000.000000000000000 ) ;
#3261 = DIRECTION ( 'NONE',  ( 0.000000000000000000, 0.000000000000000000, 1.000000000000000000 ) ) ;
#3262 = LINE ( 'NONE', #691, #1992 ) ;
#3263 = EDGE_LOOP ( 'NONE', ( #5518, #1197, #4565, #5034 ) ) ;
#3264 = EDGE_CURVE ( 'NONE', #3413, #4048, #1374, .T. ) ;
#3265 = DIRECTION ( 'NONE',  ( -3.821017576418246673E-14, -1.850371707708593823E-16, -1.000000000000000000 ) ) ;
#3266 = AXIS2_PLACEMENT_3D ( 'NONE', #2339, #1416, #2711 ) ;
#3267 = CARTESIAN_POINT ( 'NONE',  ( -53.01869697567209272, 26.05585726271538505, 0.8919575472401642946 ) ) ;
#3268 = EDGE_LOOP ( 'NONE', ( #422, #3945, #3102, #291 ) ) ;
#3269 = CYLINDRICAL_SURFACE ( 'NONE', #5591, 2.000000000000001776 ) ;
#3270 = LINE ( 'NONE', #197, #5327 ) ;
#3271 = ORIENTED_EDGE ( 'NONE', *, *, #3241, .F. ) ;
#3272 = DIRECTION ( 'NONE',  ( -4.500904153885843101E-15, 1.000000000000000000, -3.903912049434190617E-31 ) ) ;
#3273 = CARTESIAN_POINT ( 'NONE',  ( -57.11242168472717395, 40.51766712583908969, 17.57404579311189607 ) ) ;
#3274 = PLANE ( 'NONE',  #5407 ) ;
#3275 = ORIENTED_EDGE ( 'NONE', *, *, #3574, .F. ) ;
#3276 = EDGE_LOOP ( 'NONE', ( #4082, #4953, #2767, #4591 ) ) ;
#3277 = LINE ( 'NONE', #4554, #466 ) ;
#3278 = DIRECTION ( 'NONE',  ( -1.000000000000000000, -4.047688110612546206E-15, 0.000000000000000000 ) ) ;
#3279 = EDGE_CURVE ( 'NONE', #5074, #1137, #1042, .T. ) ;
#3280 = CARTESIAN_POINT ( 'NONE',  ( -51.11890341980407726, 41.08428438746420852, 18.57616807355593025 ) ) ;
#3281 = CARTESIAN_POINT ( 'NONE',  ( -67.36814380232303279, 16.05585726271536373, 34.77616807355595085 ) ) ;
#3282 = CARTESIAN_POINT ( 'NONE',  ( -21.73909603667259560, 16.55585726271554492, 21.57616807355577748 ) ) ;
#3283 = VECTOR ( 'NONE', #4088, 1000.000000000000000 ) ;
#3284 = ORIENTED_EDGE ( 'NONE', *, *, #3894, .F. ) ;
#3285 = VERTEX_POINT ( 'NONE', #570 ) ;
#3286 = DIRECTION ( 'NONE',  ( 0.000000000000000000, -0.000000000000000000, 1.000000000000000000 ) ) ;
#3287 = VECTOR ( 'NONE', #2178, 1000.000000000000000 ) ;
#3288 = VERTEX_POINT ( 'NONE', #621 ) ;
#3289 = EDGE_CURVE ( 'NONE', #4396, #4854, #4047, .T. ) ;
#3290 = LINE ( 'NONE', #3606, #492 ) ;
#3291 = CARTESIAN_POINT ( 'NONE',  ( -66.92869064835014115, 10.95585726271565541, 14.62616807355592563 ) ) ;
#3292 = VERTEX_POINT ( 'NONE', #201 ) ;
#3293 = CARTESIAN_POINT ( 'NONE',  ( -65.24764156980772611, 16.88585915627051648, 21.35632409270240117 ) ) ;
#3294 = DIRECTION ( 'NONE',  ( 0.000000000000000000, 0.000000000000000000, 1.000000000000000000 ) ) ;
#3295 = ORIENTED_EDGE ( 'NONE', *, *, #5378, .F. ) ;
#3296 = EDGE_CURVE ( 'NONE', #4395, #2319, #2238, .T. ) ;
#3297 = SECURITY_CLASSIFICATION ( '', '', #5251 ) ;
#3298 = DIRECTION ( 'NONE',  ( 0.000000000000000000, 0.000000000000000000, 1.000000000000000000 ) ) ;
#3299 = CARTESIAN_POINT ( 'NONE',  ( 5.435504178569402711, 37.35585726271801832, 19.32876338647399450 ) ) ;
#3300 = ORIENTED_EDGE ( 'NONE', *, *, #2821, .T. ) ;
#3301 = CARTESIAN_POINT ( 'NONE',  ( -55.61057431379092719, 16.02012477855164718, 7.876168073555895432 ) ) ;
#3302 = CIRCLE ( 'NONE', #870, 35.50000000000000711 ) ;
#3303 = CARTESIAN_POINT ( 'NONE',  ( -57.19239688186556947, 41.03147090334994829, 18.16305896525610564 ) ) ;
#3304 = CARTESIAN_POINT ( 'NONE',  ( -59.31587716895791118, 15.91516958865016740, 5.177403022365866470 ) ) ;
#3305 = ORIENTED_EDGE ( 'NONE', *, *, #5091, .F. ) ;
#3306 = DIRECTION ( 'NONE',  ( -1.000000000000000000, -4.047688110612546206E-15, 0.000000000000000000 ) ) ;
#3307 = DIRECTION ( 'NONE',  ( 4.000000000000000311E-15, -1.000000000000000000, -3.000000000000000233E-15 ) ) ;
#3308 = CARTESIAN_POINT ( 'NONE',  ( -71.73909603667240731, 9.705857262715639422, 17.77616807355592599 ) ) ;
#3309 = CARTESIAN_POINT ( 'NONE',  ( -21.73909603667274482, -108.5101599152663425, -15.92383192644408041 ) ) ;
#3310 = CARTESIAN_POINT ( 'NONE',  ( -17.55218945652125839, 25.25585726271803466, -12.16505024008970359 ) ) ;
#3311 = EDGE_CURVE ( 'NONE', #361, #573, #5362, .T. ) ;
#3312 = ORIENTED_EDGE ( 'NONE', *, *, #487, .F. ) ;
#3313 = CYLINDRICAL_SURFACE ( 'NONE', #2827, 5.999999999999998224 ) ;
#3314 = ORIENTED_EDGE ( 'NONE', *, *, #2722, .F. ) ;
#3315 = CARTESIAN_POINT ( 'NONE',  ( -55.57479849902096447, 22.67294757810709527, 39.05197641193751679 ) ) ;
#3316 = CARTESIAN_POINT ( 'NONE',  ( -59.16051515466838850, 41.72197257316875607, 24.64397623173310237 ) ) ;
#3317 = ORIENTED_EDGE ( 'NONE', *, *, #1134, .F. ) ;
#3318 = DIRECTION ( 'NONE',  ( 1.000000000000000000, 0.000000000000000000, 1.156482317317991533E-16 ) ) ;
#3319 = ADVANCED_FACE ( 'NONE', ( #1389 ), #3113, .T. ) ;
#3320 = DIRECTION ( 'NONE',  ( -0.9996031745875495478, 0.000000000000000000, -0.02816901408450595001 ) ) ;
#3321 = VERTEX_POINT ( 'NONE', #2879 ) ;
#3322 = EDGE_LOOP ( 'NONE', ( #5553, #1920, #5186, #1520, #3887 ) ) ;
#3323 = CARTESIAN_POINT ( 'NONE',  ( -17.93836731912071514, 24.45571953056563075, -15.73084301462735013 ) ) ;
#3324 = CARTESIAN_POINT ( 'NONE',  ( -1.526422912400996257, 40.25585726271802400, 28.46663033463468651 ) ) ;
#3325 = EDGE_LOOP ( 'NONE', ( #1791, #1346, #4989, #1672, #830, #522, #1443, #1364, #70, #5328, #1101, #4182, #2106, #3464 ) ) ;
#3326 = EDGE_CURVE ( 'NONE', #4142, #5083, #3220, .T. ) ;
#3327 = CARTESIAN_POINT ( 'NONE',  ( -21.73909603667258850, 14.43453691915588877, 21.57616807355577748 ) ) ;
#3328 = CIRCLE ( 'NONE', #897, 40.24264068711939757 ) ;
#3329 = DIRECTION ( 'NONE',  ( 1.000000000000000000, 4.047688110612550939E-15, 0.000000000000000000 ) ) ;
#3330 = CARTESIAN_POINT ( 'NONE',  ( -58.22461190911830187, 45.25585726271802400, 20.54799905947141880 ) ) ;
#3331 = ORIENTED_EDGE ( 'NONE', *, *, #3983, .F. ) ;
#3332 = ADVANCED_FACE ( 'NONE', ( #3731 ), #1943, .F. ) ;
#3333 = CIRCLE ( 'NONE', #4785, 5.999999999999998224 ) ;
#3334 = CARTESIAN_POINT ( 'NONE',  ( -25.55218945652130813, 31.92723541933168008, -11.89705864812080094 ) ) ;
#3335 = CARTESIAN_POINT ( 'NONE',  ( -71.23909603667235046, -2.444142737284376032, 5.376168073555949611 ) ) ;
#3336 = AXIS2_PLACEMENT_3D ( 'NONE', #395, #846, #2571 ) ;
#3337 = PLANE ( 'NONE',  #4608 ) ;
#3338 = DIRECTION ( 'NONE',  ( -1.000000000000000000, 0.000000000000000000, 0.000000000000000000 ) ) ;
#3339 = CARTESIAN_POINT ( 'NONE',  ( -64.23909603667240731, 8.705857262715667844, 14.62616807355592741 ) ) ;
#3340 = ORIENTED_EDGE ( 'NONE', *, *, #2295, .F. ) ;
#3341 = AXIS2_PLACEMENT_3D ( 'NONE', #1160, #3766, #4950 ) ;
#3342 = CARTESIAN_POINT ( 'NONE',  ( -64.13689314571392686, 16.49093096434948080, 8.103822256753064224 ) ) ;
#3343 = CIRCLE ( 'NONE', #2985, 2.100000000000000977 ) ;
#3344 = CARTESIAN_POINT ( 'NONE',  ( -56.94648566117191280, 18.55864689230617515, 38.79306654418499534 ) ) ;
#3345 = VECTOR ( 'NONE', #4514, 1000.000000000000000 ) ;
#3346 = CARTESIAN_POINT ( 'NONE',  ( -57.22500873445084579, 42.12349285942572408, 24.57616807355593380 ) ) ;
#3347 = EDGE_LOOP ( 'NONE', ( #2502, #2340, #4631, #3457 ) ) ;
#3348 = CARTESIAN_POINT ( 'NONE',  ( -25.55218945652136142, 25.25585726271802045, -15.72946579817325485 ) ) ;
#3349 = AXIS2_PLACEMENT_3D ( 'NONE', #4374, #5236, #4285 ) ;
#3350 = FACE_OUTER_BOUND ( 'NONE', #1083, .T. ) ;
#3351 = ORIENTED_EDGE ( 'NONE', *, *, #4165, .F. ) ;
#3352 = ORIENTED_EDGE ( 'NONE', *, *, #4742, .T. ) ;
#3353 = EDGE_CURVE ( 'NONE', #995, #2343, #5415, .T. ) ;
#3354 = CARTESIAN_POINT ( 'NONE',  ( -44.83909603667240873, 6.555857262715635514, 40.27616807355597217 ) ) ;
#3355 = AXIS2_PLACEMENT_3D ( 'NONE', #4839, #2266, #4551 ) ;
#3356 = DIRECTION ( 'NONE',  ( 0.000000000000000000, -5.337610695313253357E-16, 1.000000000000000000 ) ) ;
#3357 = ORIENTED_EDGE ( 'NONE', *, *, #4157, .T. ) ;
#3358 = CARTESIAN_POINT ( 'NONE',  ( -57.31359624027776078, 14.43453691915571468, 7.876168073555952276 ) ) ;
#3359 = EDGE_CURVE ( 'NONE', #1561, #2691, #2172, .T. ) ;
#3360 = CARTESIAN_POINT ( 'NONE',  ( -59.22342812785400668, 41.71435898037473322, 20.49072267695521887 ) ) ;
#3361 = DIRECTION ( 'NONE',  ( 1.000000000000000000, 4.000000000000001100E-15, 0.000000000000000000 ) ) ;
#3362 = ORIENTED_EDGE ( 'NONE', *, *, #5355, .F. ) ;
#3363 = LINE ( 'NONE', #4526, #2855 ) ;
#3364 = VECTOR ( 'NONE', #3618, 1000.000000000000000 ) ;
#3365 = DIRECTION ( 'NONE',  ( 1.000000000000000000, 0.000000000000000000, 8.673617379885238485E-17 ) ) ;
#3366 = EDGE_CURVE ( 'NONE', #2448, #5416, #5144, .T. ) ;
#3367 = CYLINDRICAL_SURFACE ( 'NONE', #3616, 1.000000000000000888 ) ;
#3368 = CARTESIAN_POINT ( 'NONE',  ( -71.73909603667239310, 6.155857262715642264, 23.47616807355592528 ) ) ;
#3369 = DIRECTION ( 'NONE',  ( -4.500904153885843101E-15, 1.000000000000000000, -3.903912049434190617E-31 ) ) ;
#3370 = ORIENTED_EDGE ( 'NONE', *, *, #2256, .F. ) ;
#3371 = ORIENTED_EDGE ( 'NONE', *, *, #1848, .F. ) ;
#3372 = AXIS2_PLACEMENT_3D ( 'NONE', #4017, #3587, #3693 ) ;
#3373 = DIRECTION ( 'NONE',  ( -1.000000000000000000, -4.000000000000001100E-15, -1.156482317317991533E-16 ) ) ;
#3374 = CIRCLE ( 'NONE', #3832, 34.00000000000000000 ) ;
#3375 = CARTESIAN_POINT ( 'NONE',  ( -59.21996981633333235, 41.19142126788837288, 22.77505113895753297 ) ) ;
#3376 = CARTESIAN_POINT ( 'NONE',  ( -53.01869697567206430, 26.05585726271538860, 42.26037859987173562 ) ) ;
#3377 = DIRECTION ( 'NONE',  ( -1.000000000000000000, 0.000000000000000000, -8.673617379885238485E-17 ) ) ;
#3378 = ORIENTED_EDGE ( 'NONE', *, *, #1459, .F. ) ;
#3379 = PLANE ( 'NONE',  #2706 ) ;
#3380 = LINE ( 'NONE', #4228, #4098 ) ;
#3381 = ORIENTED_EDGE ( 'NONE', *, *, #3840, .T. ) ;
#3382 = DIRECTION ( 'NONE',  ( 0.000000000000000000, 0.000000000000000000, 1.000000000000000000 ) ) ;
#3383 = DIRECTION ( 'NONE',  ( 4.163336342344258140E-15, -1.000000000000000000, -3.469446951953548713E-15 ) ) ;
#3384 = ORIENTED_EDGE ( 'NONE', *, *, #1635, .T. ) ;
#3385 = EDGE_CURVE ( 'NONE', #3096, #4163, #4609, .T. ) ;
#3386 = CC_DESIGN_APPROVAL ( #5577, ( #473 ) ) ;
#3387 = LINE ( 'NONE', #2989, #5308 ) ;
#3388 = CARTESIAN_POINT ( 'NONE',  ( -59.17833146888217755, 39.56506242536793394, 19.43303003202696999 ) ) ;
#3389 = DIRECTION ( 'NONE',  ( 3.886579866308196868E-29, 5.337610695313253357E-16, -1.000000000000000000 ) ) ;
#3390 = ORIENTED_EDGE ( 'NONE', *, *, #381, .T. ) ;
#3391 = ADVANCED_FACE ( 'NONE', ( #1188 ), #3274, .T. ) ;
#3392 = CIRCLE ( 'NONE', #2843, 17.50000000000000000 ) ;
#3393 = CARTESIAN_POINT ( 'NONE',  ( -21.73909603667274837, 36.15585726271579148, 21.57616807355592670 ) ) ;
#3394 = CARTESIAN_POINT ( 'NONE',  ( -46.23909603667241441, 7.555857262715627520, 41.27616807355597928 ) ) ;
#3395 = CARTESIAN_POINT ( 'NONE',  ( -71.01077804903373192, 12.51965702073402120, 21.12387237478476365 ) ) ;
#3396 = CARTESIAN_POINT ( 'NONE',  ( -66.54818091588117568, 16.05585726271536728, 34.84034763856802641 ) ) ;
#3397 = FACE_OUTER_BOUND ( 'NONE', #4897, .T. ) ;
#3398 = AXIS2_PLACEMENT_3D ( 'NONE', #3426, #3796, #4758 ) ;
#3399 = ADVANCED_FACE ( 'NONE', ( #3702 ), #2452, .F. ) ;
#3400 = ORIENTED_EDGE ( 'NONE', *, *, #3959, .T. ) ;
#3401 = ADVANCED_FACE ( 'NONE', ( #339 ), #3244, .T. ) ;
#3402 = CARTESIAN_POINT ( 'NONE',  ( -21.73909603667270574, 16.05585726271554492, 21.57616807355592670 ) ) ;
#3403 = CARTESIAN_POINT ( 'NONE',  ( -59.08044867132576172, 38.64000028301457235, 25.03108821025578123 ) ) ;
#3404 = CARTESIAN_POINT ( 'NONE',  ( -55.90648250434300337, 20.07338260562543297, 39.38470055088331634 ) ) ;
#3405 = CARTESIAN_POINT ( 'NONE',  ( -56.88521957825269482, 40.25585726271802400, 26.57616807355593025 ) ) ;
#3406 = ORIENTED_EDGE ( 'NONE', *, *, #628, .T. ) ;
#3407 = PLANE ( 'NONE',  #3247 ) ;
#3408 = EDGE_CURVE ( 'NONE', #4205, #1710, #5000, .T. ) ;
#3409 = DIRECTION ( 'NONE',  ( 1.000000000000000000, 4.005170378358197726E-15, 0.000000000000000000 ) ) ;
#3410 = ORIENTED_EDGE ( 'NONE', *, *, #3562, .F. ) ;
#3411 = CARTESIAN_POINT ( 'NONE',  ( -17.66141890745990395, 24.73191083794454315, -15.70193554911927869 ) ) ;
#3412 = DIRECTION ( 'NONE',  ( 0.000000000000000000, 0.000000000000000000, 1.000000000000000000 ) ) ;
#3413 = VERTEX_POINT ( 'NONE', #3330 ) ;
#3414 = LINE ( 'NONE', #2961, #4450 ) ;
#3415 = APPROVAL_STATUS ( 'not_yet_approved' ) ;
#3416 = DIRECTION ( 'NONE',  ( -1.000000000000000000, -4.000000000000001100E-15, -8.673617379885234787E-17 ) ) ;
#3417 = LINE ( 'NONE', #33, #2890 ) ;
#3418 = ORIENTED_EDGE ( 'NONE', *, *, #179, .T. ) ;
#3419 = AXIS2_PLACEMENT_3D ( 'NONE', #3117, #549, #2793 ) ;
#3420 = CARTESIAN_POINT ( 'NONE',  ( -58.33364929009428579, 16.90188388353471183, 4.909868958969527242 ) ) ;
#3421 = FACE_OUTER_BOUND ( 'NONE', #476, .T. ) ;
#3422 = EDGE_CURVE ( 'NONE', #1736, #4025, #2057, .T. ) ;
#3423 = CARTESIAN_POINT ( 'NONE',  ( -70.23909603667242152, 13.15393347406866553, 21.47616807355595014 ) ) ;
#3424 = TOROIDAL_SURFACE ( 'NONE', #2255, 36.50000000000000711, 1.000000000000000000 ) ;
#3425 = CARTESIAN_POINT ( 'NONE',  ( -1.602362769591290981, -108.5101599152663425, 13.41683629550358248 ) ) ;
#3426 = CARTESIAN_POINT ( 'NONE',  ( -21.73909603667274482, 35.15585726271579858, 21.57616807355592314 ) ) ;
#3427 = ORIENTED_EDGE ( 'NONE', *, *, #2074, .F. ) ;
#3428 = ORIENTED_EDGE ( 'NONE', *, *, #3953, .T. ) ;
#3429 = CARTESIAN_POINT ( 'NONE',  ( -56.52414715257154398, 21.62211323461341905, 38.14205361486904877 ) ) ;
#3430 = ADVANCED_FACE ( 'NONE', ( #650 ), #2847, .T. ) ;
#3431 = FACE_OUTER_BOUND ( 'NONE', #2007, .T. ) ;
#3432 = CARTESIAN_POINT ( 'NONE',  ( -21.73909603667274837, 40.25585726271802400, 40.07616807355592670 ) ) ;
#3433 = CARTESIAN_POINT ( 'NONE',  ( -21.73909603667274837, 44.25585726271803821, 21.57616807355592670 ) ) ;
#3434 = ORIENTED_EDGE ( 'NONE', *, *, #4405, .T. ) ;
#3435 = CARTESIAN_POINT ( 'NONE',  ( -1.602362769591291203, 37.35585726271801832, 16.56683629550358461 ) ) ;
#3436 = AXIS2_PLACEMENT_3D ( 'NONE', #1707, #4737, #5156 ) ;
#3437 = CARTESIAN_POINT ( 'NONE',  ( -21.73909603667274482, 38.25585726271803111, -15.92383192644408041 ) ) ;
#3438 = ORIENTED_EDGE ( 'NONE', *, *, #157, .F. ) ;
#3439 = AXIS2_PLACEMENT_3D ( 'NONE', #795, #427, #400 ) ;
#3440 = EDGE_CURVE ( 'NONE', #2518, #4025, #1204, .T. ) ;
#3441 = DIRECTION ( 'NONE',  ( 1.000000000000000000, 0.000000000000000000, 8.673617379885238485E-17 ) ) ;
#3442 = CARTESIAN_POINT ( 'NONE',  ( -21.73909603667274837, 36.15585726271575595, 32.32616807355592670 ) ) ;
#3443 = VERTEX_POINT ( 'NONE', #821 ) ;
#3444 = CARTESIAN_POINT ( 'NONE',  ( -71.73909603667239310, 6.955857262715639422, 12.97616807355592528 ) ) ;
#3445 = VECTOR ( 'NONE', #4557, 1000.000000000000000 ) ;
#3446 = PERSON_AND_ORGANIZATION_ROLE ( 'creator' ) ;
#3447 = CARTESIAN_POINT ( 'NONE',  ( -24.55218945652130103, 33.25585726271802400, -15.81816980547604778 ) ) ;
#3448 = CARTESIAN_POINT ( 'NONE',  ( -40.23909603667237889, -2.444142737284229483, 1.876168073555479321 ) ) ;
#3449 = ORIENTED_EDGE ( 'NONE', *, *, #2528, .F. ) ;
#3450 = FACE_OUTER_BOUND ( 'NONE', #840, .T. ) ;
#3451 = DIRECTION ( 'NONE',  ( 0.000000000000000000, 0.000000000000000000, -1.000000000000000000 ) ) ;
#3452 = CARTESIAN_POINT ( 'NONE',  ( -71.17274349616077700, 12.31076260816461598, 20.84072176171952506 ) ) ;
#3453 = CYLINDRICAL_SURFACE ( 'NONE', #4806, 2.100000000000000977 ) ;
#3454 = DIRECTION ( 'NONE',  ( -1.000000000000000000, -0.000000000000000000, 4.336808689942021680E-16 ) ) ;
#3455 = AXIS2_PLACEMENT_3D ( 'NONE', #2286, #4440, #2759 ) ;
#3456 = ORIENTED_EDGE ( 'NONE', *, *, #1516, .T. ) ;
#3457 = ORIENTED_EDGE ( 'NONE', *, *, #259, .F. ) ;
#3458 = EDGE_CURVE ( 'NONE', #1446, #1551, #3417, .T. ) ;
#3459 = CARTESIAN_POINT ( 'NONE',  ( -68.73909603667240731, 10.55585726271535840, 21.47616807355595014 ) ) ;
#3460 = VERTEX_POINT ( 'NONE', #4777 ) ;
#3461 = DIRECTION ( 'NONE',  ( 4.000000000000000311E-15, -1.000000000000000000, -3.000000000000000233E-15 ) ) ;
#3462 = ORIENTED_EDGE ( 'NONE', *, *, #3072, .F. ) ;
#3463 = CARTESIAN_POINT ( 'NONE',  ( -57.20641420105646091, 41.25249534976477150, 24.84111695480831017 ) ) ;
#3464 = ORIENTED_EDGE ( 'NONE', *, *, #4080, .T. ) ;
#3465 = AXIS2_PLACEMENT_3D ( 'NONE', #4203, #839, #4172 ) ;
#3466 = EDGE_CURVE ( 'NONE', #2580, #1165, #1533, .T. ) ;
#3467 = DIRECTION ( 'NONE',  ( -1.110223024625157172E-14, 1.000000000000000000, -0.000000000000000000 ) ) ;
#3468 = ORIENTED_EDGE ( 'NONE', *, *, #2114, .F. ) ;
#3469 = DIRECTION ( 'NONE',  ( 0.000000000000000000, 0.000000000000000000, 1.000000000000000000 ) ) ;
#3470 = DIRECTION ( 'NONE',  ( -1.000000000000000000, -4.000000000000001100E-15, -8.673617379885238485E-17 ) ) ;
#3471 = ORIENTED_EDGE ( 'NONE', *, *, #1869, .T. ) ;
#3472 = AXIS2_PLACEMENT_3D ( 'NONE', #2911, #1606, #3306 ) ;
#3473 = AXIS2_PLACEMENT_3D ( 'NONE', #405, #4789, #3002 ) ;
#3474 = EDGE_CURVE ( 'NONE', #2556, #3151, #550, .T. ) ;
#3475 = EDGE_CURVE ( 'NONE', #2673, #525, #11, .T. ) ;
#3476 = DIRECTION ( 'NONE',  ( -4.000000000000001100E-15, 1.000000000000000000, -6.331107576557691484E-17 ) ) ;
#3477 = DIRECTION ( 'NONE',  ( 8.673617379885234787E-17, 0.000000000000000000, -1.000000000000000000 ) ) ;
#3478 = DIRECTION ( 'NONE',  ( 1.000000000000000000, 4.005170378358216658E-15, 0.000000000000000000 ) ) ;
#3479 = VERTEX_POINT ( 'NONE', #1637 ) ;
#3480 = CARTESIAN_POINT ( 'NONE',  ( -61.35992389273858549, 14.39080930250184309, 5.376168073555962934 ) ) ;
#3481 = DIRECTION ( 'NONE',  ( 1.156482317317987096E-16, 1.084202172485509364E-16, -1.000000000000000000 ) ) ;
#3482 = DIRECTION ( 'NONE',  ( 4.000000000000001100E-15, -1.000000000000000000, 9.376883653928825414E-17 ) ) ;
#3483 = CARTESIAN_POINT ( 'NONE',  ( -65.74164472373280432, 16.14360881195423048, 34.90722287597376550 ) ) ;
#3484 = DIRECTION ( 'NONE',  ( 0.000000000000000000, -0.000000000000000000, 1.000000000000000000 ) ) ;
#3485 = ORIENTED_EDGE ( 'NONE', *, *, #3408, .T. ) ;
#3486 = ORIENTED_EDGE ( 'NONE', *, *, #2264, .F. ) ;
#3487 = CARTESIAN_POINT ( 'NONE',  ( -56.15770052800832701, 22.01675874274141265, 38.47853318892091323 ) ) ;
#3488 = VERTEX_POINT ( 'NONE', #3048 ) ;
#3489 = CARTESIAN_POINT ( 'NONE',  ( -59.13878110352308681, 39.04218049072287045, 24.32701984212068069 ) ) ;
#3490 = ORIENTED_EDGE ( 'NONE', *, *, #26, .T. ) ;
#3491 = CIRCLE ( 'NONE', #4569, 1.000000000000000888 ) ;
#3492 = CARTESIAN_POINT ( 'NONE',  ( -58.86528287636986789, 40.25585726271802400, 26.85785821440100207 ) ) ;
#3493 = EDGE_CURVE ( 'NONE', #2318, #4147, #817, .T. ) ;
#3494 = ORIENTED_EDGE ( 'NONE', *, *, #971, .T. ) ;
#3495 = CYLINDRICAL_SURFACE ( 'NONE', #3830, 10.75000000000000178 ) ;
#3496 = CIRCLE ( 'NONE', #3130, 3.000000000000002665 ) ;
#3497 = ORIENTED_EDGE ( 'NONE', *, *, #4735, .F. ) ;
#3498 = ORIENTED_EDGE ( 'NONE', *, *, #5084, .T. ) ;
#3499 = DIRECTION ( 'NONE',  ( -4.000000000000000311E-15, 1.000000000000000000, 2.999999999999999839E-15 ) ) ;
#3500 = ADVANCED_FACE ( 'NONE', ( #3021 ), #3848, .F. ) ;
#3501 = ORIENTED_EDGE ( 'NONE', *, *, #3099, .F. ) ;
#3502 = LINE ( 'NONE', #5135, #2779 ) ;
#3503 = EDGE_CURVE ( 'NONE', #5130, #1002, #4750, .T. ) ;
#3504 = PERSON_AND_ORGANIZATION ( #2494, #1038 ) ;
#3505 = CARTESIAN_POINT ( 'NONE',  ( -21.73909603667270574, 16.05585726271554492, 21.57616807355592670 ) ) ;
#3506 = DIRECTION ( 'NONE',  ( -4.060502299416422556E-28, -1.173974777175912784E-42, 1.000000000000000000 ) ) ;
#3507 = VERTEX_POINT ( 'NONE', #483 ) ;
#3508 = DIRECTION ( 'NONE',  ( -0.000000000000000000, 1.000000000000000000, -0.000000000000000000 ) ) ;
#3509 = DIRECTION ( 'NONE',  ( 0.000000000000000000, 0.000000000000000000, 1.000000000000000000 ) ) ;
#3510 = EDGE_CURVE ( 'NONE', #4163, #5448, #5139, .T. ) ;
#3511 = LINE ( 'NONE', #2423, #107 ) ;
#3512 = LINE ( 'NONE', #4757, #1095 ) ;
#3513 =( LENGTH_UNIT ( ) NAMED_UNIT ( * ) SI_UNIT ( .MILLI., .METRE. ) );
#3514 = ORIENTED_EDGE ( 'NONE', *, *, #497, .F. ) ;
#3515 = VERTEX_POINT ( 'NONE', #3875 ) ;
#3516 = CARTESIAN_POINT ( 'NONE',  ( -59.94115020813341488, 18.61950748406416523, 35.89350488343762180 ) ) ;
#3517 = ORIENTED_EDGE ( 'NONE', *, *, #4148, .T. ) ;
#3518 = VECTOR ( 'NONE', #614, 1000.000000000000000 ) ;
#3519 = CARTESIAN_POINT ( 'NONE',  ( -18.28852044591763359, 24.25585726271804177, -12.24932032873548771 ) ) ;
#3520 = ORIENTED_EDGE ( 'NONE', *, *, #4414, .F. ) ;
#3521 = CARTESIAN_POINT ( 'NONE',  ( -21.73909603667274482, 39.25585726271802400, 4.076168073555923144 ) ) ;
#3522 = ORIENTED_EDGE ( 'NONE', *, *, #2974, .T. ) ;
#3523 = CIRCLE ( 'NONE', #3609, 34.00000000000000000 ) ;
#3524 = FACE_BOUND ( 'NONE', #4310, .T. ) ;
#3525 = ORIENTED_EDGE ( 'NONE', *, *, #245, .T. ) ;
#3526 = VERTEX_POINT ( 'NONE', #2087 ) ;
#3527 = CARTESIAN_POINT ( 'NONE',  ( -1.526422912400996257, 35.15585726271586253, 28.46663033463468651 ) ) ;
#3528 = AXIS2_PLACEMENT_3D ( 'NONE', #1172, #807, #1593 ) ;
#3529 = CIRCLE ( 'NONE', #189, 37.50000000000000711 ) ;
#3530 = ORIENTED_EDGE ( 'NONE', *, *, #4782, .F. ) ;
#3531 = EDGE_CURVE ( 'NONE', #462, #2318, #3071, .T. ) ;
#3532 = LINE ( 'NONE', #3961, #1521 ) ;
#3533 = AXIS2_PLACEMENT_3D ( 'NONE', #4680, #2522, #436 ) ;
#3534 = APPROVAL_ROLE ( '' ) ;
#3535 = DIRECTION ( 'NONE',  ( -0.000000000000000000, -0.000000000000000000, -1.000000000000000000 ) ) ;
#3536 = ORIENTED_EDGE ( 'NONE', *, *, #3965, .T. ) ;
#3537 = CARTESIAN_POINT ( 'NONE',  ( -58.22461190911830897, 44.25585726271803821, 20.54799905947141880 ) ) ;
#3538 = EDGE_CURVE ( 'NONE', #693, #783, #907, .T. ) ;
#3539 = CIRCLE ( 'NONE', #4618, 34.00000000000000000 ) ;
#3540 = CARTESIAN_POINT ( 'NONE',  ( -52.07887097031528612, 19.79849794983475064, 36.92211401950183358 ) ) ;
#3541 = CARTESIAN_POINT ( 'NONE',  ( -46.23909603667237178, -2.444142737284256572, 2.876168073555638749 ) ) ;
#3542 = DIRECTION ( 'NONE',  ( 0.000000000000000000, 0.000000000000000000, 1.000000000000000000 ) ) ;
#3543 = AXIS2_PLACEMENT_3D ( 'NONE', #4786, #401, #3884 ) ;
#3544 = CARTESIAN_POINT ( 'NONE',  ( -21.73909603667252100, 35.15585726271579858, 21.57616807355582722 ) ) ;
#3545 = ORIENTED_EDGE ( 'NONE', *, *, #2051, .T. ) ;
#3546 = ORIENTED_EDGE ( 'NONE', *, *, #179, .F. ) ;
#3547 = DIRECTION ( 'NONE',  ( 4.000000000000000311E-15, -1.000000000000000000, -2.999999999999999839E-15 ) ) ;
#3548 = EDGE_CURVE ( 'NONE', #924, #4200, #876, .T. ) ;
#3549 = ORIENTED_EDGE ( 'NONE', *, *, #3279, .T. ) ;
#3550 = DIRECTION ( 'NONE',  ( -1.000000000000000000, -3.978299171573477077E-15, 0.000000000000000000 ) ) ;
#3551 = VERTEX_POINT ( 'NONE', #5 ) ;
#3552 = CARTESIAN_POINT ( 'NONE',  ( -74.23909603667239310, 6.955857262715627876, 12.97616807355592528 ) ) ;
#3553 = PLANE ( 'NONE',  #5286 ) ;
#3554 = FACE_OUTER_BOUND ( 'NONE', #1043, .T. ) ;
#3555 = TOROIDAL_SURFACE ( 'NONE', #31, 18.50000000000000355, 1.000000000000000000 ) ;
#3556 = ORIENTED_EDGE ( 'NONE', *, *, #3246, .F. ) ;
#3557 = DIRECTION ( 'NONE',  ( -4.081668171172129226E-15, 1.000000000000000000, 3.234723475976774670E-15 ) ) ;
#3558 = LINE ( 'NONE', #82, #5229 ) ;
#3559 = PLANE ( 'NONE',  #2536 ) ;
#3560 = AXIS2_PLACEMENT_3D ( 'NONE', #236, #4983, #4955 ) ;
#3561 = ORIENTED_EDGE ( 'NONE', *, *, #4543, .F. ) ;
#3562 = EDGE_CURVE ( 'NONE', #2279, #213, #1719, .T. ) ;
#3563 = CARTESIAN_POINT ( 'NONE',  ( -55.22128610086160450, 23.09071889906813624, 3.726036267701268390 ) ) ;
#3564 = CARTESIAN_POINT ( 'NONE',  ( -71.71230978613606055, 10.95585726271563765, 15.62616807355592385 ) ) ;
#3565 = PLANE ( 'NONE',  #1177 ) ;
#3566 = CARTESIAN_POINT ( 'NONE',  ( -62.61623094034132464, 17.08274344716650717, 35.19471695114629739 ) ) ;
#3567 = EDGE_CURVE ( 'NONE', #2468, #3460, #4667, .T. ) ;
#3568 = CARTESIAN_POINT ( 'NONE',  ( -1.602362769591291203, 37.35585726271801832, 14.46683629550358319 ) ) ;
#3569 = VERTEX_POINT ( 'NONE', #3448 ) ;
#3570 = VERTEX_POINT ( 'NONE', #2963 ) ;
#3571 = FACE_OUTER_BOUND ( 'NONE', #5519, .T. ) ;
#3572 = LINE ( 'NONE', #5289, #2624 ) ;
#3573 = LINE ( 'NONE', #4055, #1369 ) ;
#3574 = EDGE_CURVE ( 'NONE', #2233, #1565, #4695, .T. ) ;
#3575 = CYLINDRICAL_SURFACE ( 'NONE', #1234, 2.100000000000000977 ) ;
#3576 = EDGE_CURVE ( 'NONE', #2245, #3237, #602, .T. ) ;
#3577 = DIRECTION ( 'NONE',  ( 4.000000000000000311E-15, -1.000000000000000000, -2.999999999999999839E-15 ) ) ;
#3578 = ORIENTED_EDGE ( 'NONE', *, *, #5143, .T. ) ;
#3579 = AXIS2_PLACEMENT_3D ( 'NONE', #1019, #518, #4049 ) ;
#3580 = CARTESIAN_POINT ( 'NONE',  ( -58.75776831736282446, 13.64995747448554297, 35.27616807355594375 ) ) ;
#3581 = CARTESIAN_POINT ( 'NONE',  ( -66.92869064835014115, 9.705857262715657185, 13.47616807355592528 ) ) ;
#3582 = ADVANCED_FACE ( 'NONE', ( #3665 ), #2413, .T. ) ;
#3583 = AXIS2_PLACEMENT_3D ( 'NONE', #2478, #5081, #1630 ) ;
#3584 = ORIENTED_EDGE ( 'NONE', *, *, #3408, .F. ) ;
#3585 = CARTESIAN_POINT ( 'NONE',  ( -65.29306938366804047, 13.19939622105516897, 5.376168073555950500 ) ) ;
#3586 = CARTESIAN_POINT ( 'NONE',  ( -58.73909603667246415, 19.79849794983476485, 21.57616807355577393 ) ) ;
#3587 = DIRECTION ( 'NONE',  ( 1.156482317317995478E-16, -9.376883653928778575E-17, -1.000000000000000000 ) ) ;
#3588 = CARTESIAN_POINT ( 'NONE',  ( -53.73789660412730029, 17.67717760627508738, 35.45417429998607872 ) ) ;
#3589 = CARTESIAN_POINT ( 'NONE',  ( -71.73909603667237889, 2.155857262715640488, 12.97616807355592528 ) ) ;
#3590 =( BOUNDED_SURFACE ( )  B_SPLINE_SURFACE ( 3, 2, ( 
 ( #1986, #1564, #3748 ),
 ( #718, #1170, #3346 ),
 ( #2013, #5462, #5073 ),
 ( #1591, #3316, #2894 ),
 ( #4626, #752, #1678 ),
 ( #4823, #2615, #3864 ),
 ( #2220, #3893, #3463 ),
 ( #76, #526, #438 ),
 ( #5552, #48, #1256 ),
 ( #1339, #4402, #5125 ),
 ( #2645, #1735, #890 ),
 ( #3064, #835, #408 ),
 ( #5582, #3951, #2977 ),
 ( #1763, #2587, #949 ),
 ( #5209, #5154, #4795 ),
 ( #4313, #3492, #3405 ) ),
 .UNSPECIFIED., .F., .F., .T. ) 
 B_SPLINE_SURFACE_WITH_KNOTS ( ( 4, 2, 2, 2, 2, 2, 2, 4 ),
 ( 3, 3 ),
 ( 0.000000000000000000, 0.0007829683586167754785, 0.001565936717233550957, 0.002348905075850326544, 0.003131873434467101914, 0.003914841793083877718, 0.004697810151700653088, 0.006263746868934203828 ),
 ( 0.000000000000000000, 1.000000000000000000 ),
 .UNSPECIFIED. ) 
 GEOMETRIC_REPRESENTATION_ITEM ( )  RATIONAL_B_SPLINE_SURFACE ( (
 ( 1.000000000000000000, 0.7169968668287566294, 1.000000000000000000),
 ( 1.000000000000000000, 0.7169957882373793057, 1.000000000000000000),
 ( 1.000000000000000000, 0.7171933556007553667, 1.000000000000000000),
 ( 1.000000000000000000, 0.7179053952267665517, 1.000000000000000000),
 ( 1.000000000000000000, 0.7184287152949249133, 1.000000000000000000),
 ( 1.000000000000000000, 0.7196066897541788521, 1.000000000000000000),
 ( 1.000000000000000000, 0.7202557177696163881, 1.000000000000000000),
 ( 1.000000000000000000, 0.7214284791371395889, 1.000000000000000000),
 ( 1.000000000000000000, 0.7219511644480781642, 1.000000000000000000),
 ( 1.000000000000000000, 0.7225363781989712075, 1.000000000000000000),
 ( 1.000000000000000000, 0.7226079290705677005, 1.000000000000000000),
 ( 1.000000000000000000, 0.7220086551592820312, 1.000000000000000000),
 ( 1.000000000000000000, 0.7213344828211905035, 1.000000000000000000),
 ( 1.000000000000000000, 0.7179076740102350307, 1.000000000000000000),
 ( 1.000000000000000000, 0.7136430357145956416, 1.000000000000000000),
 ( 1.000000000000000000, 0.7071067811865487940, 1.000000000000000000) ) ) 
 REPRESENTATION_ITEM ( '' )  SURFACE ( )  );
#3591 = CARTESIAN_POINT ( 'NONE',  ( -74.23909603667240731, 8.705857262715628764, 21.02616807355592599 ) ) ;
#3592 = FACE_BOUND ( 'NONE', #2217, .T. ) ;
#3593 = ORIENTED_EDGE ( 'NONE', *, *, #1619, .F. ) ;
#3594 = ORIENTED_EDGE ( 'NONE', *, *, #487, .T. ) ;
#3595 = DIRECTION ( 'NONE',  ( 4.000000000000000311E-15, -1.000000000000000000, -3.000000000000000233E-15 ) ) ;
#3596 = EDGE_LOOP ( 'NONE', ( #112, #1596, #4668, #4486 ) ) ;
#3597 = EDGE_CURVE ( 'NONE', #1959, #3479, #4910, .T. ) ;
#3598 = DIRECTION ( 'NONE',  ( -4.000000000000000311E-15, 1.000000000000000000, 3.000000000000000233E-15 ) ) ;
#3599 = CARTESIAN_POINT ( 'NONE',  ( -24.69292216594014633, 33.25585726271803111, -11.21437000386417360 ) ) ;
#3600 = CARTESIAN_POINT ( 'NONE',  ( -57.22500873453075343, 44.25585726271802400, 18.57616807355592670 ) ) ;
#3601 = CIRCLE ( 'NONE', #800, 5.999999999999998224 ) ;
#3602 = DIRECTION ( 'NONE',  ( -4.000000000000001100E-15, 1.000000000000000000, -1.070816960479510377E-16 ) ) ;
#3603 = CIRCLE ( 'NONE', #4869, 1.000000000000000888 ) ;
#3604 = ORIENTED_EDGE ( 'NONE', *, *, #211, .T. ) ;
#3605 = ADVANCED_FACE ( 'NONE', ( #5376 ), #3986, .T. ) ;
#3606 = CARTESIAN_POINT ( 'NONE',  ( -40.23909603667241441, 7.555857262715771405, 1.876168073555494198 ) ) ;
#3607 = LINE ( 'NONE', #4908, #2165 ) ;
#3608 = DIRECTION ( 'NONE',  ( 1.000000000000000000, 0.000000000000000000, 4.060502299416422556E-28 ) ) ;
#3609 = AXIS2_PLACEMENT_3D ( 'NONE', #2700, #4882, #1004 ) ;
#3610 = ORIENTED_EDGE ( 'NONE', *, *, #1892, .T. ) ;
#3611 = ADVANCED_FACE ( 'NONE', ( #192 ), #641, .T. ) ;
#3612 = AXIS2_PLACEMENT_3D ( 'NONE', #2725, #3506, #3608 ) ;
#3613 = CARTESIAN_POINT ( 'NONE',  ( -70.83174909461156687, 12.70942325363247605, 13.16144402881405284 ) ) ;
#3614 = LINE ( 'NONE', #4121, #1183 ) ;
#3615 = ORIENTED_EDGE ( 'NONE', *, *, #1973, .F. ) ;
#3616 = AXIS2_PLACEMENT_3D ( 'NONE', #2968, #825, #5093 ) ;
#3617 = AXIS2_PLACEMENT_3D ( 'NONE', #4092, #5404, #694 ) ;
#3618 = DIRECTION ( 'NONE',  ( -4.126820607811806092E-29, -1.650728243124722933E-43, 1.000000000000000000 ) ) ;
#3619 = VECTOR ( 'NONE', #4097, 1000.000000000000000 ) ;
#3620 = CARTESIAN_POINT ( 'NONE',  ( -59.10528510191033291, 38.77947698834694990, 18.40267029837000479 ) ) ;
#3621 = CYLINDRICAL_SURFACE ( 'NONE', #1825, 1.049999999999998934 ) ;
#3622 = B_SPLINE_CURVE_WITH_KNOTS ( 'NONE', 3,
 ( #3348, #383, #354, #2954, #5075, #2073, #3807, #270 ),
 .UNSPECIFIED., .F., .F.,
 ( 4, 2, 2, 4 ),
 ( 0.000000000000000000, 0.0003912758768380425597, 0.0007825517536760851194, 0.001565103507352162866 ),
 .UNSPECIFIED. ) ;
#3623 = ORIENTED_EDGE ( 'NONE', *, *, #3915, .F. ) ;
#3624 = DIRECTION ( 'NONE',  ( 0.000000000000000000, -1.850371707708593823E-16, -1.000000000000000000 ) ) ;
#3625 = CIRCLE ( 'NONE', #920, 4.999999999999997335 ) ;
#3626 = ORIENTED_EDGE ( 'NONE', *, *, #1330, .T. ) ;
#3627 = EDGE_LOOP ( 'NONE', ( #2135, #978, #2277, #2750, #2699, #5241, #5103 ) ) ;
#3628 = CARTESIAN_POINT ( 'NONE',  ( -52.07887097031546375, 37.55585726271571900, 6.230222127610002936 ) ) ;
#3629 = VECTOR ( 'NONE', #1248, 1000.000000000000000 ) ;
#3630 = DIRECTION ( 'NONE',  ( 0.000000000000000000, 1.000000000000000000, 0.000000000000000000 ) ) ;
#3631 = CARTESIAN_POINT ( 'NONE',  ( -25.08225686390802878, 33.11469984254564736, -11.28556988697284247 ) ) ;
#3632 = CARTESIAN_POINT ( 'NONE',  ( -57.31359624027776078, 14.43453691915571468, 7.876168073555952276 ) ) ;
#3633 = EDGE_CURVE ( 'NONE', #863, #4846, #185, .T. ) ;
#3634 = UNCERTAINTY_MEASURE_WITH_UNIT (LENGTH_MEASURE( 1.000000000000000082E-05 ), #3513, 'distance_accuracy_value', 'NONE');
#3635 = CARTESIAN_POINT ( 'NONE',  ( 15.76190396332741095, 16.05585726271569058, 12.97616807355595014 ) ) ;
#3636 = VERTEX_POINT ( 'NONE', #585 ) ;
#3637 = CARTESIAN_POINT ( 'NONE',  ( -64.23909603667240731, 9.705857262715667844, 16.77616807355592599 ) ) ;
#3638 = DIRECTION ( 'NONE',  ( 1.000000000000000000, 6.608470384673551813E-15, 0.000000000000000000 ) ) ;
#3639 = CARTESIAN_POINT ( 'NONE',  ( -71.23909603667236468, -2.444142737284825007, 37.77616807355595085 ) ) ;
#3640 = ADVANCED_FACE ( 'NONE', ( #1115 ), #1907, .F. ) ;
#3641 = ORIENTED_EDGE ( 'NONE', *, *, #4642, .F. ) ;
#3642 = CARTESIAN_POINT ( 'NONE',  ( -70.49849747245851006, 12.99025667136117690, 13.00243107310173230 ) ) ;
#3643 = DIRECTION ( 'NONE',  ( -1.000000000000000000, 0.000000000000000000, 0.000000000000000000 ) ) ;
#3644 = EDGE_CURVE ( 'NONE', #353, #1874, #1088, .T. ) ;
#3645 = CC_DESIGN_PERSON_AND_ORGANIZATION_ASSIGNMENT ( #2203, #2625, ( #5429 ) ) ;
#3646 = AXIS2_PLACEMENT_3D ( 'NONE', #1288, #1315, #441 ) ;
#3647 = ORIENTED_EDGE ( 'NONE', *, *, #3923, .F. ) ;
#3648 = CARTESIAN_POINT ( 'NONE',  ( -39.11548339668679120, -2.444142737284196620, -7.648156765775158128 ) ) ;
#3649 = AXIS2_PLACEMENT_3D ( 'NONE', #1031, #4482, #1876 ) ;
#3650 = LINE ( 'NONE', #2761, #3987 ) ;
#3651 = CARTESIAN_POINT ( 'NONE',  ( -61.35992389273854997, 14.39080930250185553, 37.77616807355595085 ) ) ;
#3652 = ORIENTED_EDGE ( 'NONE', *, *, #5190, .F. ) ;
#3653 = ORIENTED_EDGE ( 'NONE', *, *, #670, .T. ) ;
#3654 = ORIENTED_EDGE ( 'NONE', *, *, #2576, .F. ) ;
#3655 = AXIS2_PLACEMENT_3D ( 'NONE', #5010, #2521, #4164 ) ;
#3656 = CARTESIAN_POINT ( 'NONE',  ( -62.61623094034136727, 17.08274344716650361, 7.957619195965616399 ) ) ;
#3657 = CARTESIAN_POINT ( 'NONE',  ( -57.22500873453075343, 42.25585726271803111, 24.57616807355593025 ) ) ;
#3658 = SPHERICAL_SURFACE ( 'NONE', #5157, 3.000000000000000000 ) ;
#3659 = LINE ( 'NONE', #5292, #4306 ) ;
#3660 = LINE ( 'NONE', #3635, #4733 ) ;
#3661 = ORIENTED_EDGE ( 'NONE', *, *, #3633, .F. ) ;
#3662 = ADVANCED_FACE ( 'NONE', ( #4566 ), #62, .T. ) ;
#3663 = CARTESIAN_POINT ( 'NONE',  ( -21.73909603667274482, 40.25585726271802400, -13.92383192644407863 ) ) ;
#3664 = PLANE ( 'NONE',  #4601 ) ;
#3665 = FACE_OUTER_BOUND ( 'NONE', #2848, .T. ) ;
#3666 = ORIENTED_EDGE ( 'NONE', *, *, #1937, .T. ) ;
#3667 = EDGE_CURVE ( 'NONE', #3930, #2126, #2810, .T. ) ;
#3668 = CARTESIAN_POINT ( 'NONE',  ( -63.27844217701326812, 13.62029563184715641, 5.376168073555949611 ) ) ;
#3669 = CARTESIAN_POINT ( 'NONE',  ( -64.23909603667240731, 8.705857262715667844, 13.47616807355592705 ) ) ;
#3670 = AXIS2_PLACEMENT_3D ( 'NONE', #4676, #797, #4334 ) ;
#3671 = VERTEX_POINT ( 'NONE', #1932 ) ;
#3672 = LINE ( 'NONE', #2844, #2650 ) ;
#3673 = EDGE_CURVE ( 'NONE', #1561, #4368, #4808, .T. ) ;
#3674 =( BOUNDED_CURVE ( )  B_SPLINE_CURVE ( 3, ( #2402, #709, #3280, #4187 ),
 .UNSPECIFIED., .F., .T. ) 
 B_SPLINE_CURVE_WITH_KNOTS ( ( 4, 4 ),
 ( 4.712388980384689674, 6.283185307179586232 ),
 .UNSPECIFIED. ) 
 CURVE ( )  GEOMETRIC_REPRESENTATION_ITEM ( )  RATIONAL_B_SPLINE_CURVE ( ( 1.000000000000000000, 0.8047378541243649375, 0.8047378541243649375, 1.000000000000000000 ) ) 
 REPRESENTATION_ITEM ( '' )  );
#3675 = CARTESIAN_POINT ( 'NONE',  ( -59.22421508359564513, 41.72850857795637580, 20.51983004147598066 ) ) ;
#3676 = DIRECTION ( 'NONE',  ( -8.673617379885234787E-17, 0.000000000000000000, 1.000000000000000000 ) ) ;
#3677 = ORIENTED_EDGE ( 'NONE', *, *, #872, .T. ) ;
#3678 = VERTEX_POINT ( 'NONE', #1006 ) ;
#3679 = ORIENTED_EDGE ( 'NONE', *, *, #1690, .T. ) ;
#3680 = DIRECTION ( 'NONE',  ( 1.000000000000000000, 4.000000000000000311E-15, 6.102078298315256204E-32 ) ) ;
#3681 = EDGE_CURVE ( 'NONE', #2887, #1884, #4038, .T. ) ;
#3682 = CYLINDRICAL_SURFACE ( 'NONE', #910, 17.50000000000000000 ) ;
#3683 = CARTESIAN_POINT ( 'NONE',  ( -33.98909603667241441, 7.555857262715706568, 31.42616807355586062 ) ) ;
#3684 = DIRECTION ( 'NONE',  ( -1.000000000000000000, -4.017254365419973327E-15, 0.000000000000000000 ) ) ;
#3685 = ORIENTED_EDGE ( 'NONE', *, *, #2140, .F. ) ;
#3686 = CYLINDRICAL_SURFACE ( 'NONE', #3741, 1.399999999999998579 ) ;
#3687 = ORIENTED_EDGE ( 'NONE', *, *, #1262, .F. ) ;
#3688 = PLANE ( 'NONE',  #3649 ) ;
#3689 = DIRECTION ( 'NONE',  ( 0.000000000000000000, 1.000000000000000000, 0.000000000000000000 ) ) ;
#3690 = VECTOR ( 'NONE', #600, 1000.000000000000000 ) ;
#3691 = CARTESIAN_POINT ( 'NONE',  ( -56.83121956258307961, 18.71449520812503664, 38.85071729914593419 ) ) ;
#3692 = B_SPLINE_CURVE_WITH_KNOTS ( 'NONE', 3,
 ( #3632, #2324, #2248, #5268, #4056, #4007, #5344, #553, #999, #1847 ),
 .UNSPECIFIED., .F., .F.,
 ( 4, 2, 2, 2, 4 ),
 ( 1.734723475976807094E-18, 0.0006178894223201313865, 0.001235778844640261038, 0.001853668266960390582, 0.002471557689280520342 ),
 .UNSPECIFIED. ) ;
#3693 = DIRECTION ( 'NONE',  ( -1.000000000000000000, 0.000000000000000000, 0.000000000000000000 ) ) ;
#3694 = ORIENTED_EDGE ( 'NONE', *, *, #867, .T. ) ;
#3695 = VECTOR ( 'NONE', #3841, 1000.000000000000000 ) ;
#3696 = DIRECTION ( 'NONE',  ( 0.000000000000000000, 0.000000000000000000, -1.000000000000000000 ) ) ;
#3697 = CARTESIAN_POINT ( 'NONE',  ( -1.526422912400996257, 37.35585726271801832, 28.46663033463468651 ) ) ;
#3698 = VERTEX_POINT ( 'NONE', #4935 ) ;
#3699 = EDGE_CURVE ( 'NONE', #5484, #651, #5504, .T. ) ;
#3700 = DIRECTION ( 'NONE',  ( -1.110223024625157172E-14, 1.000000000000000000, -0.000000000000000000 ) ) ;
#3701 = CARTESIAN_POINT ( 'NONE',  ( -58.88629878806059992, 40.23748536856271585, 16.44220349713597429 ) ) ;
#3702 = FACE_OUTER_BOUND ( 'NONE', #2479, .T. ) ;
#3703 = ORIENTED_EDGE ( 'NONE', *, *, #4810, .F. ) ;
#3704 = AXIS2_PLACEMENT_3D ( 'NONE', #4324, #4297, #3361 ) ;
#3705 = ADVANCED_FACE ( 'NONE', ( #1988 ), #3407, .T. ) ;
#3706 = ORIENTED_EDGE ( 'NONE', *, *, #741, .F. ) ;
#3707 = CARTESIAN_POINT ( 'NONE',  ( -21.73909603667249257, 30.15585726271579858, 21.57616807355580590 ) ) ;
#3708 = CARTESIAN_POINT ( 'NONE',  ( -71.23909603667235046, -2.444142737284375588, 8.376168073555948723 ) ) ;
#3709 = AXIS2_PLACEMENT_3D ( 'NONE', #947, #2669, #4899 ) ;
#3710 = DIRECTION ( 'NONE',  ( 1.000000000000000000, 4.000000000000000311E-15, 5.712335700351553042E-31 ) ) ;
#3711 = CARTESIAN_POINT ( 'NONE',  ( -57.22500873453075343, 44.25585726271802400, 19.57616807355593025 ) ) ;
#3712 = EDGE_LOOP ( 'NONE', ( #4620, #2167, #3295, #133 ) ) ;
#3713 = EDGE_CURVE ( 'NONE', #4025, #4340, #1354, .T. ) ;
#3714 = ORIENTED_EDGE ( 'NONE', *, *, #4615, .T. ) ;
#3715 = CARTESIAN_POINT ( 'NONE',  ( -62.02985993518154118, 17.34737742312661979, 35.25273834808947271 ) ) ;
#3716 = ORIENTED_EDGE ( 'NONE', *, *, #4912, .T. ) ;
#3717 = VECTOR ( 'NONE', #5267, 1000.000000000000000 ) ;
#3718 = DIRECTION ( 'NONE',  ( -4.000000000000000311E-15, 1.000000000000000000, 2.999999999999999839E-15 ) ) ;
#3719 = CARTESIAN_POINT ( 'NONE',  ( -51.11890341980409147, 45.25585726271802400, 18.57616807355593025 ) ) ;
#3720 = ORIENTED_EDGE ( 'NONE', *, *, #1294, .F. ) ;
#3721 = CARTESIAN_POINT ( 'NONE',  ( -64.73909603667240731, 17.12026791634107781, 20.61413783024940827 ) ) ;
#3722 = CARTESIAN_POINT ( 'NONE',  ( -74.23909603667240731, 8.705857262715628764, 14.62616807355592563 ) ) ;
#3723 = ORIENTED_EDGE ( 'NONE', *, *, #5483, .T. ) ;
#3724 = CARTESIAN_POINT ( 'NONE',  ( -40.23909603667241441, 7.555857262715771405, 1.876168073555479321 ) ) ;
#3725 = CARTESIAN_POINT ( 'NONE',  ( -64.23909603667240731, 9.705857262715667844, 16.77616807355592599 ) ) ;
#3726 = AXIS2_PLACEMENT_3D ( 'NONE', #143, #963, #1859 ) ;
#3727 = ORIENTED_EDGE ( 'NONE', *, *, #558, .T. ) ;
#3728 = CARTESIAN_POINT ( 'NONE',  ( -56.88521957825269482, 38.25585726271803111, 26.57616807355592670 ) ) ;
#3729 = EDGE_CURVE ( 'NONE', #1165, #4368, #2472, .T. ) ;
#3730 = CARTESIAN_POINT ( 'NONE',  ( -59.20975569960542373, 40.47741719049722064, 20.08925560533861088 ) ) ;
#3731 = FACE_OUTER_BOUND ( 'NONE', #1523, .T. ) ;
#3732 = VERTEX_POINT ( 'NONE', #5492 ) ;
#3733 = VECTOR ( 'NONE', #3779, 1000.000000000000000 ) ;
#3734 = B_SPLINE_CURVE_WITH_KNOTS ( 'NONE', 3,
 ( #5179, #5579, #2666, #4729, #5263, #2973, #4706, #858, #2551, #4281, #4309, #3031, #5150, #1280, #886, #1730, #1308, #2609, #2269, #3656 ),
 .UNSPECIFIED., .F., .F.,
 ( 4, 2, 2, 2, 2, 2, 2, 2, 2, 4 ),
 ( -2.092971236885774928E-05, 0.001888380716906154499, 0.003797691146181166738, 0.005707001575456178977, 0.007616312004731191215, 0.009525622434006203454, 0.01048027764864371651, 0.01143493286328122957, 0.01334424329255626436, 0.01525355372183130089 ),
 .UNSPECIFIED. ) ;
#3735 = CARTESIAN_POINT ( 'NONE',  ( -1.526422912400996257, 37.35585726271801832, 29.51663033463468722 ) ) ;
#3736 = CARTESIAN_POINT ( 'NONE',  ( -63.30064817256634768, 13.64243399077814978, 37.77616807355594375 ) ) ;
#3737 = ADVANCED_FACE ( 'NONE', ( #5128 ), #1258, .F. ) ;
#3738 = LINE ( 'NONE', #4499, #4158 ) ;
#3739 = DIRECTION ( 'NONE',  ( -1.000000000000000000, -4.000000000000001100E-15, -8.673617379885238485E-17 ) ) ;
#3740 = DIRECTION ( 'NONE',  ( 4.000000000000001100E-15, -1.000000000000000000, 1.070816960479510377E-16 ) ) ;
#3741 = AXIS2_PLACEMENT_3D ( 'NONE', #1505, #3231, #4879 ) ;
#3742 = ORIENTED_EDGE ( 'NONE', *, *, #2696, .F. ) ;
#3743 = CARTESIAN_POINT ( 'NONE',  ( -21.73909603667274837, -108.5101599152663425, 21.57616807355592670 ) ) ;
#3744 = ORIENTED_EDGE ( 'NONE', *, *, #4755, .T. ) ;
#3745 = EDGE_CURVE ( 'NONE', #1597, #5264, #327, .T. ) ;
#3746 = EDGE_CURVE ( 'NONE', #2054, #1099, #1232, .T. ) ;
#3747 = CARTESIAN_POINT ( 'NONE',  ( -54.97779772236053475, 21.65807467263291386, 40.06806165069369285 ) ) ;
#3748 = CARTESIAN_POINT ( 'NONE',  ( -57.22500873453075343, 42.25585726271803111, 24.57616807355593380 ) ) ;
#3749 = ORIENTED_EDGE ( 'NONE', *, *, #5127, .T. ) ;
#3750 = DIRECTION ( 'NONE',  ( 0.000000000000000000, 0.000000000000000000, 1.000000000000000000 ) ) ;
#3751 = DIRECTION ( 'NONE',  ( 0.000000000000000000, 1.000000000000000000, 0.000000000000000000 ) ) ;
#3752 = ORIENTED_EDGE ( 'NONE', *, *, #2901, .F. ) ;
#3753 = ORIENTED_EDGE ( 'NONE', *, *, #4939, .T. ) ;
#3754 = ADVANCED_FACE ( 'NONE', ( #5436 ), #1621, .F. ) ;
#3755 = DIRECTION ( 'NONE',  ( -1.000000000000000000, -4.000000000000001100E-15, -8.673617379885238485E-17 ) ) ;
#3756 = DIRECTION ( 'NONE',  ( 4.500904153885843101E-15, -1.000000000000000000, -5.725737672503326013E-31 ) ) ;
#3757 = ORIENTED_EDGE ( 'NONE', *, *, #4986, .F. ) ;
#3758 = LINE ( 'NONE', #5085, #1465 ) ;
#3759 = VECTOR ( 'NONE', #4619, 1000.000000000000000 ) ;
#3760 = CARTESIAN_POINT ( 'NONE',  ( -58.86528287636987500, 38.25585726271803111, 16.29447793271086553 ) ) ;
#3761 = DIRECTION ( 'NONE',  ( 1.156482317317995231E-16, -9.376883653928778575E-17, -1.000000000000000000 ) ) ;
#3762 = ORIENTED_EDGE ( 'NONE', *, *, #5568, .T. ) ;
#3763 = VECTOR ( 'NONE', #2748, 1000.000000000000000 ) ;
#3764 = DIRECTION ( 'NONE',  ( -0.000000000000000000, 1.000000000000000000, -0.000000000000000000 ) ) ;
#3765 = CYLINDRICAL_SURFACE ( 'NONE', #5490, 34.00000000000000000 ) ;
#3766 = DIRECTION ( 'NONE',  ( 4.000000000000000311E-15, -1.000000000000000000, -2.999999999999999839E-15 ) ) ;
#3767 = DIRECTION ( 'NONE',  ( 4.000000000000000311E-15, -1.000000000000000000, -3.000000000000000233E-15 ) ) ;
#3768 = CARTESIAN_POINT ( 'NONE',  ( 15.76190396332742161, 13.05585726271569058, 5.376168073555957605 ) ) ;
#3769 = ORIENTED_EDGE ( 'NONE', *, *, #1432, .F. ) ;
#3770 = EDGE_LOOP ( 'NONE', ( #765, #376, #4314, #4308, #1784, #1034, #3753, #3223 ) ) ;
#3771 = EDGE_CURVE ( 'NONE', #2607, #5497, #4903, .T. ) ;
#3772 = DIRECTION ( 'NONE',  ( 0.000000000000000000, 0.000000000000000000, 1.000000000000000000 ) ) ;
#3773 = EDGE_LOOP ( 'NONE', ( #861, #4715, #2863, #697 ) ) ;
#3774 = CARTESIAN_POINT ( 'NONE',  ( -61.57424305338760462, 17.59288387630550687, 35.35082178277745868 ) ) ;
#3775 = CARTESIAN_POINT ( 'NONE',  ( -21.73909603667249257, 30.15585726271579858, 21.57616807355580590 ) ) ;
#3776 = ORIENTED_EDGE ( 'NONE', *, *, #332, .F. ) ;
#3777 = DIRECTION ( 'NONE',  ( -1.000000000000000000, -3.978299171573477077E-15, 0.000000000000000000 ) ) ;
#3778 = EDGE_CURVE ( 'NONE', #2828, #3258, #3622, .T. ) ;
#3779 = DIRECTION ( 'NONE',  ( -1.000000000000000000, -4.000000000000001100E-15, -8.673617379885234787E-17 ) ) ;
#3780 = VERTEX_POINT ( 'NONE', #1566 ) ;
#3781 = EDGE_LOOP ( 'NONE', ( #2713, #3790, #4799, #1698 ) ) ;
#3782 = CARTESIAN_POINT ( 'NONE',  ( -36.73909603667241441, 13.55585726271548452, 21.47616807355595014 ) ) ;
#3783 = DIRECTION ( 'NONE',  ( 4.000922842684780979E-31, -1.070816960479510500E-16, -1.000000000000000000 ) ) ;
#3784 = EDGE_LOOP ( 'NONE', ( #891, #3604 ) ) ;
#3785 = EDGE_CURVE ( 'NONE', #186, #2453, #3904, .T. ) ;
#3786 = CARTESIAN_POINT ( 'NONE',  ( -74.23909603667237889, 2.155857262715628941, 12.97616807355592528 ) ) ;
#3787 = AXIS2_PLACEMENT_3D ( 'NONE', #5244, #3985, #1769 ) ;
#3788 = CARTESIAN_POINT ( 'NONE',  ( -59.20332827718429769, 40.20170824352931760, 19.93094636967165911 ) ) ;
#3789 = CARTESIAN_POINT ( 'NONE',  ( -60.80398265138060054, 14.72809941461026639, 5.376168073555962934 ) ) ;
#3790 = ORIENTED_EDGE ( 'NONE', *, *, #4165, .T. ) ;
#3791 = VECTOR ( 'NONE', #3933, 1000.000000000000000 ) ;
#3792 = DIRECTION ( 'NONE',  ( 4.000000000000000311E-15, -1.000000000000000000, -2.999999999999999839E-15 ) ) ;
#3793 = CARTESIAN_POINT ( 'NONE',  ( -74.23909603667240731, 9.705857262715626987, 14.62616807355592563 ) ) ;
#3794 = FACE_OUTER_BOUND ( 'NONE', #367, .T. ) ;
#3795 = CARTESIAN_POINT ( 'NONE',  ( -21.73909603667252100, 37.55585726271579716, 21.57616807355582722 ) ) ;
#3796 = DIRECTION ( 'NONE',  ( -4.000000000000000311E-15, 1.000000000000000000, 2.999999999999999839E-15 ) ) ;
#3797 = ORIENTED_EDGE ( 'NONE', *, *, #1319, .T. ) ;
#3798 = VECTOR ( 'NONE', #5086, 1000.000000000000000 ) ;
#3799 = CARTESIAN_POINT ( 'NONE',  ( -66.63156318583686755, 16.20735960467115078, 12.97616807355595014 ) ) ;
#3800 = AXIS2_PLACEMENT_3D ( 'NONE', #888, #3461, #803 ) ;
#3801 = CARTESIAN_POINT ( 'NONE',  ( -74.23909603667240731, 10.95585726271562699, 14.62616807355592563 ) ) ;
#3802 = CARTESIAN_POINT ( 'NONE',  ( -54.08834017658084292, 24.08072387420361338, 40.85014783417982187 ) ) ;
#3803 = AXIS2_PLACEMENT_3D ( 'NONE', #3669, #2781, #2335 ) ;
#3804 = CARTESIAN_POINT ( 'NONE',  ( -74.23909603667240731, 8.705857262715628764, 16.77616807355592599 ) ) ;
#3805 = ADVANCED_FACE ( 'NONE', ( #1652 ), #3379, .T. ) ;
#3806 = EDGE_LOOP ( 'NONE', ( #1196, #4534, #1059, #301 ) ) ;
#3807 = CARTESIAN_POINT ( 'NONE',  ( -24.81603170611972686, 24.25585726271803466, -15.79832153596999156 ) ) ;
#3808 = CIRCLE ( 'NONE', #3543, 1.050000000000000266 ) ;
#3809 = CARTESIAN_POINT ( 'NONE',  ( -71.73909603667237889, 2.155857262715641820, 32.97616807355592528 ) ) ;
#3810 = ORIENTED_EDGE ( 'NONE', *, *, #1156, .F. ) ;
#3811 = LINE ( 'NONE', #386, #808 ) ;
#3812 = EDGE_CURVE ( 'NONE', #3551, #995, #273, .T. ) ;
#3813 = VECTOR ( 'NONE', #4919, 1000.000000000000000 ) ;
#3814 = DIRECTION ( 'NONE',  ( -1.156482317317991533E-16, -4.012354050807158539E-31, 1.000000000000000000 ) ) ;
#3815 = ORIENTED_EDGE ( 'NONE', *, *, #3466, .T. ) ;
#3816 = FACE_OUTER_BOUND ( 'NONE', #101, .T. ) ;
#3817 = ADVANCED_FACE ( 'NONE', ( #298 ), #2016, .T. ) ;
#3818 = ADVANCED_FACE ( 'NONE', ( #3866 ), #5584, .T. ) ;
#3819 = CARTESIAN_POINT ( 'NONE',  ( -58.93843164313957317, 38.28001328976027651, 16.82966189800542978 ) ) ;
#3820 = CARTESIAN_POINT ( 'NONE',  ( -21.73909603667274837, 38.25585726271803111, 21.57616807355592670 ) ) ;
#3821 = VERTEX_POINT ( 'NONE', #3435 ) ;
#3822 = CARTESIAN_POINT ( 'NONE',  ( -58.51961004467432303, 19.73250669575705629, 6.501040905406090253 ) ) ;
#3823 = AXIS2_PLACEMENT_3D ( 'NONE', #2119, #3451, #5173 ) ;
#3824 = DIRECTION ( 'NONE',  ( 4.000000000000000311E-15, -1.000000000000000000, -2.999999999999999839E-15 ) ) ;
#3825 = CARTESIAN_POINT ( 'NONE',  ( -24.68409407064562444, 24.25585726271804177, -12.29630608073668263 ) ) ;
#3826 = CARTESIAN_POINT ( 'NONE',  ( -65.73646677617932710, 16.01546814652507322, 37.77616807355595085 ) ) ;
#3827 = CYLINDRICAL_SURFACE ( 'NONE', #2399, 2.999999999999999112 ) ;
#3828 = ORIENTED_EDGE ( 'NONE', *, *, #314, .F. ) ;
#3829 = ORIENTED_EDGE ( 'NONE', *, *, #308, .F. ) ;
#3830 = AXIS2_PLACEMENT_3D ( 'NONE', #3981, #2649, #3067 ) ;
#3831 = FACE_OUTER_BOUND ( 'NONE', #5028, .T. ) ;
#3832 = AXIS2_PLACEMENT_3D ( 'NONE', #2327, #3718, #4907 ) ;
#3833 = DIRECTION ( 'NONE',  ( 4.126820607811806092E-29, 1.650728243124722933E-43, -1.000000000000000000 ) ) ;
#3834 = CARTESIAN_POINT ( 'NONE',  ( -56.58322481261824066, 20.85213237454717117, 38.94269030325789771 ) ) ;
#3835 = FACE_OUTER_BOUND ( 'NONE', #1804, .T. ) ;
#3836 = ORIENTED_EDGE ( 'NONE', *, *, #3279, .F. ) ;
#3837 = CARTESIAN_POINT ( 'NONE',  ( -1.526422912400996257, -108.5101599152663425, 28.46663033463468651 ) ) ;
#3838 = FACE_OUTER_BOUND ( 'NONE', #202, .T. ) ;
#3839 = VERTEX_POINT ( 'NONE', #4287 ) ;
#3840 = EDGE_CURVE ( 'NONE', #4515, #2054, #4435, .T. ) ;
#3841 = DIRECTION ( 'NONE',  ( 0.000000000000000000, 1.000000000000000000, 0.000000000000000000 ) ) ;
#3842 = CARTESIAN_POINT ( 'NONE',  ( -71.73909603667237889, 2.155857262715640488, 21.47616807355592883 ) ) ;
#3843 = ORIENTED_EDGE ( 'NONE', *, *, #2990, .T. ) ;
#3844 = ADVANCED_FACE ( 'NONE', ( #3431 ), #468, .F. ) ;
#3845 = DIRECTION ( 'NONE',  ( -1.000000000000000000, -3.469446951953611033E-15, 0.000000000000000000 ) ) ;
#3846 = SHAPE_DEFINITION_REPRESENTATION ( #2407, #1140 ) ;
#3847 = CARTESIAN_POINT ( 'NONE',  ( -59.21990219849779891, 41.18314978622799316, 20.37512124238744349 ) ) ;
#3848 = PLANE ( 'NONE',  #3704 ) ;
#3849 = DIRECTION ( 'NONE',  ( 4.000000000000000311E-15, -1.000000000000000000, -2.999999999999999839E-15 ) ) ;
#3850 = ADVANCED_FACE ( 'NONE', ( #1648 ), #2584, .F. ) ;
#3851 = CARTESIAN_POINT ( 'NONE',  ( -111.5487462628538253, 6.955857262715455569, 12.97616807355592528 ) ) ;
#3852 = AXIS2_PLACEMENT_3D ( 'NONE', #4469, #546, #967 ) ;
#3853 = DIRECTION ( 'NONE',  ( 4.155316316201832602E-29, -6.331107576557691484E-17, -1.000000000000000000 ) ) ;
#3854 = CARTESIAN_POINT ( 'NONE',  ( -61.35992389273854997, 14.39080930250184842, 37.77616807355595085 ) ) ;
#3855 = FACE_OUTER_BOUND ( 'NONE', #3952, .T. ) ;
#3856 = CIRCLE ( 'NONE', #3583, 2.000000000000001776 ) ;
#3857 = ORIENTED_EDGE ( 'NONE', *, *, #223, .T. ) ;
#3858 = EDGE_LOOP ( 'NONE', ( #4595, #4768, #322 ) ) ;
#3859 = CARTESIAN_POINT ( 'NONE',  ( -51.11890341980409147, 44.25585726271802400, 18.57616807355593025 ) ) ;
#3860 = ADVANCED_FACE ( 'NONE', ( #1282 ), #1733, .F. ) ;
#3861 = AXIS2_PLACEMENT_3D ( 'NONE', #4752, #7, #5196 ) ;
#3862 = DIRECTION ( 'NONE',  ( 4.000000000000000311E-15, -1.000000000000000000, -2.999999999999999839E-15 ) ) ;
#3863 = CARTESIAN_POINT ( 'NONE',  ( -60.84569537515884008, 14.70279226484626278, 37.77616807355595085 ) ) ;
#3864 = CARTESIAN_POINT ( 'NONE',  ( -57.21136038163789550, 41.36750354814151365, 24.77948539814022411 ) ) ;
#3865 = VERTEX_POINT ( 'NONE', #45 ) ;
#3866 = FACE_OUTER_BOUND ( 'NONE', #2689, .T. ) ;
#3867 = FACE_BOUND ( 'NONE', #357, .T. ) ;
#3868 = ORIENTED_EDGE ( 'NONE', *, *, #4053, .F. ) ;
#3869 = B_SPLINE_CURVE_WITH_KNOTS ( 'NONE', 3,
 ( #2907, #1517, #2815, #4548, #2392, #4636, #4123, #250 ),
 .UNSPECIFIED., .F., .F.,
 ( 4, 2, 2, 4 ),
 ( 0.000000000000000000, 0.0004039914474281328213, 0.0008079828948562656427, 0.001615965789712553186 ),
 .UNSPECIFIED. ) ;
#3870 = DIRECTION ( 'NONE',  ( 0.000000000000000000, 1.000000000000000000, 3.469446951953611033E-15 ) ) ;
#3871 = PLANE ( 'NONE',  #2312 ) ;
#3872 = ORIENTED_EDGE ( 'NONE', *, *, #3990, .T. ) ;
#3873 = CARTESIAN_POINT ( 'NONE',  ( -21.73909603667258494, 13.55585726271554492, 21.57616807355577748 ) ) ;
#3874 = CARTESIAN_POINT ( 'NONE',  ( -17.55218945652130458, -108.5101599152663425, -15.68936309519416916 ) ) ;
#3875 = CARTESIAN_POINT ( 'NONE',  ( -25.55218945652130458, 30.15585726271588385, -12.20933648937036686 ) ) ;
#3876 = ORIENTED_EDGE ( 'NONE', *, *, #3127, .F. ) ;
#3877 = VECTOR ( 'NONE', #3251, 1000.000000000000000 ) ;
#3878 = ADVANCED_FACE ( 'NONE', ( #4731 ), #5100, .T. ) ;
#3879 = DIRECTION ( 'NONE',  ( -4.126820607811806652E-29, -1.650728243124722933E-43, 1.000000000000000000 ) ) ;
#3880 = AXIS2_PLACEMENT_3D ( 'NONE', #2653, #3499, #5162 ) ;
#3881 = PLANE ( 'NONE',  #750 ) ;
#3882 = LINE ( 'NONE', #2122, #4250 ) ;
#3883 = AXIS2_PLACEMENT_3D ( 'NONE', #2809, #5298, #4115 ) ;
#3884 = DIRECTION ( 'NONE',  ( 1.000000000000000000, 6.608470384673549446E-15, 0.000000000000000000 ) ) ;
#3885 = EDGE_CURVE ( 'NONE', #3151, #5148, #1228, .T. ) ;
#3886 = LINE ( 'NONE', #2186, #2393 ) ;
#3887 = ORIENTED_EDGE ( 'NONE', *, *, #1562, .T. ) ;
#3888 = ORIENTED_EDGE ( 'NONE', *, *, #766, .T. ) ;
#3889 = CARTESIAN_POINT ( 'NONE',  ( -55.45380383080075859, 22.81458243561852228, 39.17829023907848551 ) ) ;
#3890 = ORIENTED_EDGE ( 'NONE', *, *, #1892, .F. ) ;
#3891 = CARTESIAN_POINT ( 'NONE',  ( -59.03081792297670916, 38.44964655479175519, 25.53098393412903988 ) ) ;
#3892 = EDGE_LOOP ( 'NONE', ( #3140, #4896, #98, #2619 ) ) ;
#3893 = CARTESIAN_POINT ( 'NONE',  ( -59.13228645205189338, 41.21645689863301243, 24.86124811681947122 ) ) ;
#3894 = EDGE_CURVE ( 'NONE', #2788, #951, #1254, .T. ) ;
#3895 = EDGE_LOOP ( 'NONE', ( #15, #3727, #2664, #4871 ) ) ;
#3896 = EDGE_CURVE ( 'NONE', #1409, #5262, #1761, .T. ) ;
#3897 = AXIS2_PLACEMENT_3D ( 'NONE', #152, #4029, #3144 ) ;
#3898 = VECTOR ( 'NONE', #366, 1000.000000000000000 ) ;
#3899 = PLANE ( 'NONE',  #2201 ) ;
#3900 = ORIENTED_EDGE ( 'NONE', *, *, #2842, .F. ) ;
#3901 = VECTOR ( 'NONE', #4832, 1000.000000000000000 ) ;
#3902 = CARTESIAN_POINT ( 'NONE',  ( -57.63331654308073837, 14.16506208936990596, 35.27616807355595796 ) ) ;
#3903 = DIRECTION ( 'NONE',  ( -1.000000000000000000, -4.008913940816022941E-15, 0.000000000000000000 ) ) ;
#3904 = B_SPLINE_CURVE_WITH_KNOTS ( 'NONE', 3,
 ( #5015, #5555, #1680, #2864 ),
 .UNSPECIFIED., .F., .F.,
 ( 4, 4 ),
 ( 0.001286740490917122467, 0.004777060806756744382 ),
 .UNSPECIFIED. ) ;
#3905 = ORIENTED_EDGE ( 'NONE', *, *, #3745, .T. ) ;
#3906 = AXIS2_PLACEMENT_3D ( 'NONE', #3097, #1790, #2162 ) ;
#3907 = CARTESIAN_POINT ( 'NONE',  ( -74.23909603667240731, 9.705857262715628764, 17.77616807355592599 ) ) ;
#3908 = VECTOR ( 'NONE', #4655, 1000.000000000000000 ) ;
#3909 = PERSON_AND_ORGANIZATION ( #2494, #1038 ) ;
#3910 = CARTESIAN_POINT ( 'NONE',  ( -48.75696015366691682, 7.555857262715633738, 35.83003547433003888 ) ) ;
#3911 = CARTESIAN_POINT ( 'NONE',  ( -53.01869697567206430, 26.05585726271538505, 42.26037859987173562 ) ) ;
#3912 = ORIENTED_EDGE ( 'NONE', *, *, #1422, .F. ) ;
#3913 = CARTESIAN_POINT ( 'NONE',  ( -71.73909603667240731, 8.705857262715637646, 21.02616807355592599 ) ) ;
#3914 = DIRECTION ( 'NONE',  ( -4.000000000000000311E-15, 1.000000000000000000, 3.000000000000000233E-15 ) ) ;
#3915 = EDGE_CURVE ( 'NONE', #5319, #4973, #2796, .T. ) ;
#3916 = CARTESIAN_POINT ( 'NONE',  ( -70.23909603667242152, 13.15393347406866376, 12.97616807355595014 ) ) ;
#3917 = FACE_OUTER_BOUND ( 'NONE', #2412, .T. ) ;
#3918 = CARTESIAN_POINT ( 'NONE',  ( -74.23909603667240731, 0.000000000000000000, 0.000000000000000000 ) ) ;
#3919 = ORIENTED_EDGE ( 'NONE', *, *, #2561, .T. ) ;
#3920 = EDGE_LOOP ( 'NONE', ( #340, #1379, #3249, #2930 ) ) ;
#3921 = CARTESIAN_POINT ( 'NONE',  ( -59.22888551518855849, 19.15611239796024634, 36.24581978058724729 ) ) ;
#3922 = VERTEX_POINT ( 'NONE', #406 ) ;
#3923 = EDGE_CURVE ( 'NONE', #4204, #3094, #2128, .T. ) ;
#3924 = CARTESIAN_POINT ( 'NONE',  ( -59.22421508370586452, 41.98333634886283505, 22.63250610172494603 ) ) ;
#3925 = ORIENTED_EDGE ( 'NONE', *, *, #3099, .T. ) ;
#3926 = FACE_OUTER_BOUND ( 'NONE', #857, .T. ) ;
#3927 = EDGE_LOOP ( 'NONE', ( #2647, #4249 ) ) ;
#3928 = AXIS2_PLACEMENT_3D ( 'NONE', #5586, #977, #5271 ) ;
#3929 = FACE_OUTER_BOUND ( 'NONE', #3920, .T. ) ;
#3930 = VERTEX_POINT ( 'NONE', #3801 ) ;
#3931 = EDGE_CURVE ( 'NONE', #525, #412, #5239, .T. ) ;
#3932 = ORIENTED_EDGE ( 'NONE', *, *, #3562, .T. ) ;
#3933 = DIRECTION ( 'NONE',  ( -4.500904153885843101E-15, 1.000000000000000000, -3.903912049434189741E-31 ) ) ;
#3934 = TOROIDAL_SURFACE ( 'NONE', #2742, 47.50000000000000711, 10.00000000000000000 ) ;
#3935 = ORIENTED_EDGE ( 'NONE', *, *, #1655, .F. ) ;
#3936 = EDGE_CURVE ( 'NONE', #71, #2727, #4071, .T. ) ;
#3937 = DIRECTION ( 'NONE',  ( 1.000000000000000000, 6.608470384673551813E-15, 0.000000000000000000 ) ) ;
#3938 = DIRECTION ( 'NONE',  ( -0.000000000000000000, -1.000000000000000000, -0.000000000000000000 ) ) ;
#3939 = ORIENTED_EDGE ( 'NONE', *, *, #1909, .F. ) ;
#3940 = CARTESIAN_POINT ( 'NONE',  ( -62.08447445679182408, 17.32272944764455147, 7.905001902878655784 ) ) ;
#3941 = DIRECTION ( 'NONE',  ( 4.000000000000000311E-15, -1.000000000000000000, -2.999999999999999444E-15 ) ) ;
#3942 = DIRECTION ( 'NONE',  ( 4.060502299416422556E-28, 1.408769732611094895E-42, -1.000000000000000000 ) ) ;
#3943 = FACE_OUTER_BOUND ( 'NONE', #4880, .T. ) ;
#3944 = CARTESIAN_POINT ( 'NONE',  ( -66.92869064835014115, 8.705857262715657185, 13.47616807355592528 ) ) ;
#3945 = ORIENTED_EDGE ( 'NONE', *, *, #3440, .T. ) ;
#3946 = CARTESIAN_POINT ( 'NONE',  ( -53.15472420174667434, 25.85226798608920973, 42.05639956666143320 ) ) ;
#3947 = ORIENTED_EDGE ( 'NONE', *, *, #802, .T. ) ;
#3948 = DIRECTION ( 'NONE',  ( 4.000000000000000311E-15, -1.000000000000000000, -2.999999999999999839E-15 ) ) ;
#3949 = EDGE_LOOP ( 'NONE', ( #4859, #1397 ) ) ;
#3950 = AXIS2_PLACEMENT_3D ( 'NONE', #345, #1558, #1108 ) ;
#3951 = CARTESIAN_POINT ( 'NONE',  ( -59.00636758281741123, 40.38656065500386916, 25.83331117269781885 ) ) ;
#3952 = EDGE_LOOP ( 'NONE', ( #126, #244 ) ) ;
#3953 = EDGE_CURVE ( 'NONE', #693, #1100, #640, .T. ) ;
#3954 = CARTESIAN_POINT ( 'NONE',  ( -57.04276344717586511, 40.35383159744350934, 17.20802563997463253 ) ) ;
#3955 = EDGE_LOOP ( 'NONE', ( #4229, #953, #4936, #3661, #5428 ) ) ;
#3956 = DIRECTION ( 'NONE',  ( -1.000000000000000000, 1.272130549049657379E-14, 0.000000000000000000 ) ) ;
#3957 = DIRECTION ( 'NONE',  ( -4.000000000000001100E-15, 1.000000000000000000, -6.331107576557691484E-17 ) ) ;
#3958 = CLOSED_SHELL ( 'NONE', ( #2461, #4023, #2355, #3878, #5317, #3640 ) ) ;
#3959 = EDGE_CURVE ( 'NONE', #5248, #2233, #2160, .T. ) ;
#3960 = ORIENTED_EDGE ( 'NONE', *, *, #2089, .F. ) ;
#3961 = CARTESIAN_POINT ( 'NONE',  ( -74.23909603667240731, 10.95585726271562699, 15.62616807355592385 ) ) ;
#3962 = CALENDAR_DATE ( 2026, 11, 6 ) ;
#3963 = DIRECTION ( 'NONE',  ( 4.000000000000000311E-15, -1.000000000000000000, -2.999999999999999839E-15 ) ) ;
#3964 = VERTEX_POINT ( 'NONE', #2321 ) ;
#3965 = EDGE_CURVE ( 'NONE', #4340, #2245, #1086, .T. ) ;
#3966 = DIRECTION ( 'NONE',  ( -0.000000000000000000, 1.000000000000000000, -0.000000000000000000 ) ) ;
#3967 = DIRECTION ( 'NONE',  ( 0.000000000000000000, 0.000000000000000000, 1.000000000000000000 ) ) ;
#3968 = AXIS2_PLACEMENT_3D ( 'NONE', #5451, #2030, #1580 ) ;
#3969 = CARTESIAN_POINT ( 'NONE',  ( -63.26971319366163016, 16.44986390799887488, 5.376168073557319182 ) ) ;
#3970 = DIRECTION ( 'NONE',  ( -4.000000000000000311E-15, 1.000000000000000000, 3.000000000000000233E-15 ) ) ;
#3971 = DIRECTION ( 'NONE',  ( 1.000000000000000000, 3.979659739005616090E-15, 0.000000000000000000 ) ) ;
#3972 = ORIENTED_EDGE ( 'NONE', *, *, #2520, .T. ) ;
#3973 = VERTEX_POINT ( 'NONE', #4424 ) ;
#3974 = CARTESIAN_POINT ( 'NONE',  ( -53.72001030998706739, 25.03866716158988126, 41.25523354403902232 ) ) ;
#3975 = EDGE_LOOP ( 'NONE', ( #4166, #2723, #4010, #1713 ) ) ;
#3976 = VECTOR ( 'NONE', #1091, 1000.000000000000000 ) ;
#3977 = DIRECTION ( 'NONE',  ( 0.000000000000000000, -1.000000000000000000, 0.000000000000000000 ) ) ;
#3978 = ORIENTED_EDGE ( 'NONE', *, *, #4651, .F. ) ;
#3979 = DIRECTION ( 'NONE',  ( -1.000000000000000000, -4.081702296416016786E-15, 1.418391548004565726E-14 ) ) ;
#3980 = CARTESIAN_POINT ( 'NONE',  ( -71.73909603667242152, 9.705857262715626987, 14.62616807355592563 ) ) ;
#3981 = CARTESIAN_POINT ( 'NONE',  ( -21.73909603667274837, -108.5101599152663425, 21.57616807355592670 ) ) ;
#3982 = ORIENTED_EDGE ( 'NONE', *, *, #2503, .T. ) ;
#3983 = EDGE_CURVE ( 'NONE', #3922, #559, #1050, .T. ) ;
#3984 = FACE_OUTER_BOUND ( 'NONE', #4479, .T. ) ;
#3985 = DIRECTION ( 'NONE',  ( 4.000000000000000311E-15, -1.000000000000000000, -2.999999999999999444E-15 ) ) ;
#3986 = TOROIDAL_SURFACE ( 'NONE', #1622, 35.50000000000000711, 2.000000000000000000 ) ;
#3987 = VECTOR ( 'NONE', #4491, 1000.000000000000000 ) ;
#3988 = ORIENTED_EDGE ( 'NONE', *, *, #2984, .T. ) ;
#3989 = VECTOR ( 'NONE', #2100, 1000.000000000000000 ) ;
#3990 = EDGE_CURVE ( 'NONE', #3821, #1963, #3343, .T. ) ;
#3991 = DIRECTION ( 'NONE',  ( 1.000000000000000000, 0.000000000000000000, 4.336808689942017736E-16 ) ) ;
#3992 = ORIENTED_EDGE ( 'NONE', *, *, #2031, .F. ) ;
#3993 = CARTESIAN_POINT ( 'NONE',  ( -56.18749669600620678, 21.29025760457553673, 3.977942856378991365 ) ) ;
#3994 = AXIS2_PLACEMENT_3D ( 'NONE', #4225, #5524, #296 ) ;
#3995 = LINE ( 'NONE', #5303, #2367 ) ;
#3996 = EDGE_CURVE ( 'NONE', #5309, #501, #1788, .T. ) ;
#3997 = EDGE_CURVE ( 'NONE', #2361, #2283, #3253, .T. ) ;
#3998 = CARTESIAN_POINT ( 'NONE',  ( -25.55218945652136142, 32.25585726271802400, -15.72946579817325485 ) ) ;
#3999 = DIRECTION ( 'NONE',  ( 0.000000000000000000, 1.000000000000000000, -6.331107576557690252E-17 ) ) ;
#4000 = CARTESIAN_POINT ( 'NONE',  ( -21.73909603667274837, -2.444142737284202394, 21.57616807355592670 ) ) ;
#4001 = EDGE_LOOP ( 'NONE', ( #2774, #4257, #3029, #2880 ) ) ;
#4002 = DIRECTION ( 'NONE',  ( -4.000000000000001100E-15, 1.000000000000000000, -1.070816960479510500E-16 ) ) ;
#4003 = ORIENTED_EDGE ( 'NONE', *, *, #146, .F. ) ;
#4004 = EDGE_CURVE ( 'NONE', #4498, #583, #1627, .T. ) ;
#4005 = CARTESIAN_POINT ( 'NONE',  ( -71.73909603667240731, 8.705857262715635869, 15.62616807355592385 ) ) ;
#4006 = CARTESIAN_POINT ( 'NONE',  ( -25.55218945652130458, 32.38340382053252853, -11.68456711233102041 ) ) ;
#4007 = CARTESIAN_POINT ( 'NONE',  ( -58.55564341447591659, 13.70676133707523192, 7.876168073555950500 ) ) ;
#4008 = FACE_OUTER_BOUND ( 'NONE', #4598, .T. ) ;
#4009 = ORIENTED_EDGE ( 'NONE', *, *, #4143, .T. ) ;
#4010 = ORIENTED_EDGE ( 'NONE', *, *, #1747, .F. ) ;
#4011 = LINE ( 'NONE', #3234, #2783 ) ;
#4012 = ORIENTED_EDGE ( 'NONE', *, *, #2256, .T. ) ;
#4013 = DIRECTION ( 'NONE',  ( 4.625929269271484533E-15, -1.000000000000000000, 0.000000000000000000 ) ) ;
#4014 = DIRECTION ( 'NONE',  ( -0.000000000000000000, 1.000000000000000000, -0.000000000000000000 ) ) ;
#4015 = AXIS2_PLACEMENT_3D ( 'NONE', #378, #3286, #1560 ) ;
#4016 = ADVANCED_FACE ( 'NONE', ( #1474 ), #1821, .F. ) ;
#4017 = CARTESIAN_POINT ( 'NONE',  ( -24.55218945652130458, 25.25585726271803111, -29.62383192644405128 ) ) ;
#4018 = VECTOR ( 'NONE', #4438, 1000.000000000000000 ) ;
#4019 = DIRECTION ( 'NONE',  ( -0.000000000000000000, -1.000000000000000000, -0.000000000000000000 ) ) ;
#4020 = CARTESIAN_POINT ( 'NONE',  ( -64.23909603667240731, 9.705857262715667844, 17.77616807355592599 ) ) ;
#4021 = CARTESIAN_POINT ( 'NONE',  ( -36.73909603667241441, 13.55585726271548630, 35.27616807355595085 ) ) ;
#4022 = DIRECTION ( 'NONE',  ( -4.000000000000000311E-15, 1.000000000000000000, 2.999999999999999839E-15 ) ) ;
#4023 = ADVANCED_FACE ( 'NONE', ( #181 ), #1897, .T. ) ;
#4024 = VERTEX_POINT ( 'NONE', #3119 ) ;
#4025 = VERTEX_POINT ( 'NONE', #551 ) ;
#4026 = CARTESIAN_POINT ( 'NONE',  ( 5.435504178569402711, -108.5101599152663425, 21.42876338647399592 ) ) ;
#4027 = CC_DESIGN_APPROVAL ( #2807, ( #864 ) ) ;
#4028 = ORIENTED_EDGE ( 'NONE', *, *, #880, .T. ) ;
#4029 = DIRECTION ( 'NONE',  ( 1.156482317317995231E-16, -9.376883653928778575E-17, -1.000000000000000000 ) ) ;
#4030 = DIRECTION ( 'NONE',  ( 0.000000000000000000, 0.000000000000000000, 1.000000000000000000 ) ) ;
#4031 = CARTESIAN_POINT ( 'NONE',  ( -53.33975362985784585, 17.98529819992395673, 7.554534721079178006 ) ) ;
#4032 = EDGE_CURVE ( 'NONE', #2187, #2103, #555, .T. ) ;
#4033 = CARTESIAN_POINT ( 'NONE',  ( -74.23909603667240731, 10.95585726271562699, 15.62616807355592385 ) ) ;
#4034 = ORIENTED_EDGE ( 'NONE', *, *, #362, .F. ) ;
#4035 = CIRCLE ( 'NONE', #1584, 1.050000000000000488 ) ;
#4036 = CARTESIAN_POINT ( 'NONE',  ( -66.29536926833607424, 16.48048435485493712, 21.47616807355594659 ) ) ;
#4037 = DIRECTION ( 'NONE',  ( 4.000000000000000311E-15, -1.000000000000000000, -2.999999999999999839E-15 ) ) ;
#4038 = LINE ( 'NONE', #2753, #5055 ) ;
#4039 = AXIS2_PLACEMENT_3D ( 'NONE', #5531, #1237, #2932 ) ;
#4040 = ORIENTED_EDGE ( 'NONE', *, *, #1005, .F. ) ;
#4041 = DIRECTION ( 'NONE',  ( 4.000000000000001100E-15, -1.000000000000000000, 9.376883653928825414E-17 ) ) ;
#4042 = CARTESIAN_POINT ( 'NONE',  ( -64.23909603667240731, 10.95585726271566607, 15.62616807355592385 ) ) ;
#4043 = FACE_OUTER_BOUND ( 'NONE', #5014, .T. ) ;
#4044 = CARTESIAN_POINT ( 'NONE',  ( -25.55218945652125484, 25.25585726271803466, -12.20933648937038818 ) ) ;
#4045 = EDGE_CURVE ( 'NONE', #5189, #3292, #4242, .T. ) ;
#4046 = LINE ( 'NONE', #5199, #4965 ) ;
#4047 = LINE ( 'NONE', #4021, #2185 ) ;
#4048 = VERTEX_POINT ( 'NONE', #1845 ) ;
#4049 = DIRECTION ( 'NONE',  ( 1.000000000000000000, 4.000000000000001100E-15, 0.000000000000000000 ) ) ;
#4050 = ORIENTED_EDGE ( 'NONE', *, *, #2862, .F. ) ;
#4051 = VERTEX_POINT ( 'NONE', #2746 ) ;
#4052 = DIRECTION ( 'NONE',  ( -0.000000000000000000, -1.000000000000000000, -0.000000000000000000 ) ) ;
#4053 = EDGE_CURVE ( 'NONE', #3131, #973, #3572, .T. ) ;
#4054 = DIRECTION ( 'NONE',  ( -4.000000000000001100E-15, 1.000000000000000000, -1.070816960479510377E-16 ) ) ;
#4055 = CARTESIAN_POINT ( 'NONE',  ( -51.11890341980409147, 42.25585726271803111, 18.57616807355593025 ) ) ;
#4056 = CARTESIAN_POINT ( 'NONE',  ( -58.16808164122134883, 13.85608015101237811, 7.876168073555952276 ) ) ;
#4057 = DIRECTION ( 'NONE',  ( 0.000000000000000000, -1.000000000000000000, 0.000000000000000000 ) ) ;
#4058 = CIRCLE ( 'NONE', #4329, 3.000000000000000888 ) ;
#4059 = ORIENTED_EDGE ( 'NONE', *, *, #4094, .T. ) ;
#4060 = ADVANCED_FACE ( 'NONE', ( #3095 ), #1423, .F. ) ;
#4061 = ADVANCED_FACE ( 'NONE', ( #4875 ), #4821, .F. ) ;
#4062 = CARTESIAN_POINT ( 'NONE',  ( -64.23909603667240731, 9.705857262715667844, 15.62616807355592385 ) ) ;
#4063 = DIRECTION ( 'NONE',  ( -1.000000000000000000, -4.000000000000001100E-15, -8.673617379885238485E-17 ) ) ;
#4064 = CARTESIAN_POINT ( 'NONE',  ( -55.50084936379850831, 20.73709607545475109, 39.66378520129103435 ) ) ;
#4065 = AXIS2_PLACEMENT_3D ( 'NONE', #3527, #533, #3638 ) ;
#4066 = ORIENTED_EDGE ( 'NONE', *, *, #3311, .F. ) ;
#4067 = VECTOR ( 'NONE', #4358, 1000.000000000000000 ) ;
#4068 = DIRECTION ( 'NONE',  ( 0.000000000000000000, 0.000000000000000000, -1.000000000000000000 ) ) ;
#4069 = CARTESIAN_POINT ( 'NONE',  ( 5.435504178569402711, 37.35585726271801832, 21.42876338647399592 ) ) ;
#4070 = VECTOR ( 'NONE', #3482, 1000.000000000000000 ) ;
#4071 = CIRCLE ( 'NONE', #3533, 34.87867965644036872 ) ;
#4072 = LINE ( 'NONE', #1914, #4093 ) ;
#4073 = AXIS2_PLACEMENT_3D ( 'NONE', #1962, #5409, #4964 ) ;
#4074 = CARTESIAN_POINT ( 'NONE',  ( -64.23909603667240731, 9.705857262715667844, 21.02616807355592599 ) ) ;
#4075 = DIRECTION ( 'NONE',  ( -1.000000000000000000, -4.000000000000001100E-15, -1.156482317317991533E-16 ) ) ;
#4076 = ORIENTED_EDGE ( 'NONE', *, *, #4327, .F. ) ;
#4077 = CIRCLE ( 'NONE', #3994, 37.50000000000000711 ) ;
#4078 = VERTEX_POINT ( 'NONE', #3175 ) ;
#4079 = EDGE_LOOP ( 'NONE', ( #3284, #652, #4373, #2467 ) ) ;
#4080 = EDGE_CURVE ( 'NONE', #1983, #1597, #5321, .T. ) ;
#4081 = CARTESIAN_POINT ( 'NONE',  ( -71.23909603667242152, 13.05585726271534242, 8.376168073555945170 ) ) ;
#4082 = ORIENTED_EDGE ( 'NONE', *, *, #3041, .T. ) ;
#4083 = CIRCLE ( 'NONE', #2543, 37.50000000000000711 ) ;
#4084 = LINE ( 'NONE', #1076, #1537 ) ;
#4085 = FACE_OUTER_BOUND ( 'NONE', #1998, .T. ) ;
#4086 = CARTESIAN_POINT ( 'NONE',  ( -53.73789660412740687, 17.67717760627518331, 7.698161847125702728 ) ) ;
#4087 = ADVANCED_FACE ( 'NONE', ( #1129 ), #277, .T. ) ;
#4088 = DIRECTION ( 'NONE',  ( -1.000000000000000000, -4.000000000000001100E-15, -1.156482317317991533E-16 ) ) ;
#4089 = ORIENTED_EDGE ( 'NONE', *, *, #4405, .F. ) ;
#4090 = CARTESIAN_POINT ( 'NONE',  ( -18.27259954151509191, 33.22556569364427048, -11.18854407748869129 ) ) ;
#4091 = CARTESIAN_POINT ( 'NONE',  ( -74.23909603667239310, 7.455857262715628764, 15.62616807355592385 ) ) ;
#4092 = CARTESIAN_POINT ( 'NONE',  ( -66.92869064835014115, 8.705857262715657185, 15.62616807355592385 ) ) ;
#4093 = VECTOR ( 'NONE', #199, 1000.000000000000000 ) ;
#4094 = EDGE_CURVE ( 'NONE', #5401, #1865, #1476, .T. ) ;
#4095 = ORIENTED_EDGE ( 'NONE', *, *, #3746, .T. ) ;
#4096 = CARTESIAN_POINT ( 'NONE',  ( 5.435504178569402711, 40.25585726271802400, 23.52876338647399734 ) ) ;
#4097 = DIRECTION ( 'NONE',  ( 8.673617379881569049E-17, 9.168870224105809784E-15, -1.000000000000000000 ) ) ;
#4098 = VECTOR ( 'NONE', #2105, 1000.000000000000000 ) ;
#4099 = EDGE_CURVE ( 'NONE', #1137, #1135, #1105, .T. ) ;
#4100 = CARTESIAN_POINT ( 'NONE',  ( -47.63909603667237036, -2.444142737284262346, 2.876168073555652072 ) ) ;
#4101 = CIRCLE ( 'NONE', #1392, 3.000000000000002665 ) ;
#4102 = FACE_OUTER_BOUND ( 'NONE', #1840, .T. ) ;
#4103 = CARTESIAN_POINT ( 'NONE',  ( -55.81286163271796141, 20.22274942753292848, 3.705756534503092947 ) ) ;
#4104 = ORIENTED_EDGE ( 'NONE', *, *, #2938, .T. ) ;
#4105 = ORIENTED_EDGE ( 'NONE', *, *, #1586, .F. ) ;
#4106 = CARTESIAN_POINT ( 'NONE',  ( -71.73909603667240731, 8.705857262715637646, -2.960543799099298016E-27 ) ) ;
#4107 = DIRECTION ( 'NONE',  ( -4.000000000000000311E-15, 1.000000000000000000, 2.999999999999999839E-15 ) ) ;
#4108 = CARTESIAN_POINT ( 'NONE',  ( -51.11890341980409147, 44.25585726271802400, 24.57616807355592670 ) ) ;
#4109 = DIRECTION ( 'NONE',  ( 0.000000000000000000, 1.000000000000000000, 0.000000000000000000 ) ) ;
#4110 = CARTESIAN_POINT ( 'NONE',  ( -65.73909603667240731, 13.55585726271536728, 21.47616807355595014 ) ) ;
#4111 = ORIENTED_EDGE ( 'NONE', *, *, #2735, .T. ) ;
#4112 = DIRECTION ( 'NONE',  ( -1.000000000000000000, -3.717264591378875951E-15, 0.000000000000000000 ) ) ;
#4113 = ORIENTED_EDGE ( 'NONE', *, *, #5311, .T. ) ;
#4114 = CARTESIAN_POINT ( 'NONE',  ( -57.31359624027756183, 14.43453691915565251, 35.27616807355595085 ) ) ;
#4115 = DIRECTION ( 'NONE',  ( 0.000000000000000000, 0.000000000000000000, -1.000000000000000000 ) ) ;
#4116 = EDGE_CURVE ( 'NONE', #4743, #1238, #3674, .T. ) ;
#4117 = CARTESIAN_POINT ( 'NONE',  ( -57.99921785688880504, 17.27090990754316735, 38.35530430315991879 ) ) ;
#4118 = ORIENTED_EDGE ( 'NONE', *, *, #563, .F. ) ;
#4119 = DIRECTION ( 'NONE',  ( 4.000000000000000311E-15, -1.000000000000000000, -2.999999999999999444E-15 ) ) ;
#4120 = EDGE_CURVE ( 'NONE', #3232, #653, #742, .T. ) ;
#4121 = CARTESIAN_POINT ( 'NONE',  ( -111.5487462628537969, 2.155857262715456191, 12.97616807355592528 ) ) ;
#4122 = VECTOR ( 'NONE', #5574, 1000.000000000000000 ) ;
#4123 = CARTESIAN_POINT ( 'NONE',  ( -64.73909603667242152, 16.80012494311111482, 13.70324430479588784 ) ) ;
#4124 = EDGE_CURVE ( 'NONE', #4474, #1368, #4433, .T. ) ;
#4125 = CARTESIAN_POINT ( 'NONE',  ( -59.22147042217022062, 41.20021446097897666, 20.40715674799801960 ) ) ;
#4126 = DIRECTION ( 'NONE',  ( 0.000000000000000000, 0.000000000000000000, 1.000000000000000000 ) ) ;
#4127 = ORIENTED_EDGE ( 'NONE', *, *, #3812, .T. ) ;
#4128 = ORIENTED_EDGE ( 'NONE', *, *, #3885, .F. ) ;
#4129 = DIRECTION ( 'NONE',  ( 4.000000000000000311E-15, -1.000000000000000000, -2.999999999999999839E-15 ) ) ;
#4130 = DIRECTION ( 'NONE',  ( -1.000000000000000000, -4.027036640660449210E-15, 0.000000000000000000 ) ) ;
#4131 = CARTESIAN_POINT ( 'NONE',  ( -57.11429910815995470, 40.50100272729447681, 25.58253267451248902 ) ) ;
#4132 = CYLINDRICAL_SURFACE ( 'NONE', #1726, 34.00000000000000000 ) ;
#4133 = CARTESIAN_POINT ( 'NONE',  ( -51.11890341980407726, 41.08428438746420852, 24.57616807355593380 ) ) ;
#4134 = ORIENTED_EDGE ( 'NONE', *, *, #5585, .F. ) ;
#4135 = FACE_BOUND ( 'NONE', #931, .T. ) ;
#4136 = VERTEX_POINT ( 'NONE', #2032 ) ;
#4137 = DIRECTION ( 'NONE',  ( -0.000000000000000000, 1.000000000000000000, -0.000000000000000000 ) ) ;
#4138 = CIRCLE ( 'NONE', #4326, 35.50000000000000711 ) ;
#4139 = EDGE_LOOP ( 'NONE', ( #2258, #46, #1559, #2081 ) ) ;
#4140 = CARTESIAN_POINT ( 'NONE',  ( -65.73909603667206625, 16.68831780773571083, 21.47616807355595014 ) ) ;
#4141 = CARTESIAN_POINT ( 'NONE',  ( -68.73909603667240731, 10.55585726271535840, 14.62616807355592741 ) ) ;
#4142 = VERTEX_POINT ( 'NONE', #2375 ) ;
#4143 = EDGE_CURVE ( 'NONE', #3258, #1853, #3529, .T. ) ;
#4144 = AXIS2_PLACEMENT_3D ( 'NONE', #4660, #728, #3382 ) ;
#4145 = DIRECTION ( 'NONE',  ( 0.000000000000000000, 1.000000000000000000, 0.000000000000000000 ) ) ;
#4146 = DIRECTION ( 'NONE',  ( -1.000000000000000000, -3.989863994746658684E-15, 0.000000000000000000 ) ) ;
#4147 = VERTEX_POINT ( 'NONE', #5480 ) ;
#4148 = EDGE_CURVE ( 'NONE', #3185, #2581, #2531, .T. ) ;
#4149 = LINE ( 'NONE', #5384, #5082 ) ;
#4150 = CARTESIAN_POINT ( 'NONE',  ( -58.90727350747137336, 40.23538417359987562, 16.59132547104306354 ) ) ;
#4151 = DIRECTION ( 'NONE',  ( -1.000000000000000000, 0.000000000000000000, -4.336808689942017736E-16 ) ) ;
#4152 = ORIENTED_EDGE ( 'NONE', *, *, #3896, .T. ) ;
#4153 = AXIS2_PLACEMENT_3D ( 'NONE', #1750, #1243, #4721 ) ;
#4154 = CARTESIAN_POINT ( 'NONE',  ( -66.92869064835014115, 10.95585726271565541, 14.62616807355592563 ) ) ;
#4155 = ADVANCED_FACE ( 'NONE', ( #4584 ), #3337, .F. ) ;
#4156 = CARTESIAN_POINT ( 'NONE',  ( -17.55218945652130458, 25.25585726271803111, -12.16505024008972313 ) ) ;
#4157 = EDGE_CURVE ( 'NONE', #501, #2563, #3738, .T. ) ;
#4158 = VECTOR ( 'NONE', #232, 1000.000000000000000 ) ;
#4159 = DIRECTION ( 'NONE',  ( 1.868875424785679966E-14, 9.251858538542969116E-17, 1.000000000000000000 ) ) ;
#4160 = DIRECTION ( 'NONE',  ( 0.000000000000000000, 1.000000000000000000, 0.000000000000000000 ) ) ;
#4161 = CARTESIAN_POINT ( 'NONE',  ( -53.29313630359110476, -2.444142737284382694, 35.65695191158803823 ) ) ;
#4162 = ORIENTED_EDGE ( 'NONE', *, *, #3127, .T. ) ;
#4163 = VERTEX_POINT ( 'NONE', #5394 ) ;
#4164 = DIRECTION ( 'NONE',  ( 0.000000000000000000, 0.000000000000000000, 1.000000000000000000 ) ) ;
#4165 = EDGE_CURVE ( 'NONE', #2177, #671, #629, .T. ) ;
#4166 = ORIENTED_EDGE ( 'NONE', *, *, #3510, .F. ) ;
#4167 = AXIS2_PLACEMENT_3D ( 'NONE', #2376, #4109, #5424 ) ;
#4168 = CARTESIAN_POINT ( 'NONE',  ( -62.61623094034132464, 17.08274344716651072, 35.19471695114629739 ) ) ;
#4169 = DIRECTION ( 'NONE',  ( 4.000000000000000311E-15, -1.000000000000000000, -2.999999999999999839E-15 ) ) ;
#4170 = ORIENTED_EDGE ( 'NONE', *, *, #4143, .F. ) ;
#4171 = CARTESIAN_POINT ( 'NONE',  ( -65.73909603667240731, 13.55585726271536728, 13.97616807355594837 ) ) ;
#4172 = DIRECTION ( 'NONE',  ( 0.000000000000000000, 0.000000000000000000, 1.000000000000000000 ) ) ;
#4173 = VERTEX_POINT ( 'NONE', #5031 ) ;
#4174 = ORIENTED_EDGE ( 'NONE', *, *, #4635, .F. ) ;
#4175 = CARTESIAN_POINT ( 'NONE',  ( -17.55218945652130458, 24.99109563465364658, -15.68936309519416561 ) ) ;
#4176 = CARTESIAN_POINT ( 'NONE',  ( -71.23909603667247836, 26.05585726271534597, 21.47616807355595014 ) ) ;
#4177 = VECTOR ( 'NONE', #1413, 1000.000000000000000 ) ;
#4178 = ORIENTED_EDGE ( 'NONE', *, *, #3503, .T. ) ;
#4179 = CARTESIAN_POINT ( 'NONE',  ( -54.75590993504858517, 16.80952877991888528, 7.876168073555952276 ) ) ;
#4180 = CARTESIAN_POINT ( 'NONE',  ( -57.18362426178279634, 40.93082996000391205, 18.07994966346684862 ) ) ;
#4181 = CARTESIAN_POINT ( 'NONE',  ( -57.59396691364173648, 17.74528293960763392, 4.642482776193308069 ) ) ;
#4182 = ORIENTED_EDGE ( 'NONE', *, *, #5113, .F. ) ;
#4183 = EDGE_CURVE ( 'NONE', #1090, #3321, #4084, .T. ) ;
#4184 = VECTOR ( 'NONE', #1709, 1000.000000000000000 ) ;
#4185 = LINE ( 'NONE', #1525, #2139 ) ;
#4186 = DIRECTION ( 'NONE',  ( -0.000000000000000000, -1.000000000000000000, -0.000000000000000000 ) ) ;
#4187 = CARTESIAN_POINT ( 'NONE',  ( -51.11890341980409147, 42.25585726271803111, 18.57616807355593025 ) ) ;
#4188 = DIRECTION ( 'NONE',  ( 0.000000000000000000, 1.000000000000000000, 0.000000000000000000 ) ) ;
#4189 = ADVANCED_FACE ( 'NONE', ( #207 ), #3682, .F. ) ;
#4190 = DIRECTION ( 'NONE',  ( -1.000000000000000000, 0.000000000000000000, -8.673617379885234787E-17 ) ) ;
#4191 = VECTOR ( 'NONE', #3250, 1000.000000000000000 ) ;
#4192 = CIRCLE ( 'NONE', #3560, 17.50000000000000000 ) ;
#4193 = ORIENTED_EDGE ( 'NONE', *, *, #563, .T. ) ;
#4194 = ORIENTED_EDGE ( 'NONE', *, *, #2197, .T. ) ;
#4195 = CARTESIAN_POINT ( 'NONE',  ( -63.36522249005834340, 16.74471750451587582, 8.031731891905206311 ) ) ;
#4196 = ORIENTED_EDGE ( 'NONE', *, *, #2228, .F. ) ;
#4197 = ORIENTED_EDGE ( 'NONE', *, *, #1319, .F. ) ;
#4198 = CARTESIAN_POINT ( 'NONE',  ( -58.73408392698872404, 18.87851240615845327, 38.06281646942944974 ) ) ;
#4199 = CARTESIAN_POINT ( 'NONE',  ( -54.75590993504842885, 7.555857262715601763, 38.27616807355585848 ) ) ;
#4200 = VERTEX_POINT ( 'NONE', #3308 ) ;
#4201 = ADVANCED_FACE ( 'NONE', ( #2577 ), #4303, .F. ) ;
#4202 = CARTESIAN_POINT ( 'NONE',  ( -71.23909603667242152, 13.05585726271534064, 8.376168073555948723 ) ) ;
#4203 = CARTESIAN_POINT ( 'NONE',  ( -21.73909603666563584, 44.25585726271802400, 23.57616807355591249 ) ) ;
#4204 = VERTEX_POINT ( 'NONE', #2149 ) ;
#4205 = VERTEX_POINT ( 'NONE', #2514 ) ;
#4206 = CC_DESIGN_APPROVAL ( #2229, ( #3297 ) ) ;
#4207 = LINE ( 'NONE', #4292, #5022 ) ;
#4208 = ORIENTED_EDGE ( 'NONE', *, *, #155, .T. ) ;
#4209 = CARTESIAN_POINT ( 'NONE',  ( -17.55218945652130103, 33.25585726271803111, -29.62383192644405128 ) ) ;
#4210 = AXIS2_PLACEMENT_3D ( 'NONE', #3918, #2638, #2999 ) ;
#4211 = DIRECTION ( 'NONE',  ( 0.000000000000000000, 0.000000000000000000, 1.000000000000000000 ) ) ;
#4212 = DIRECTION ( 'NONE',  ( -1.000000000000000000, 0.000000000000000000, -1.156482317317995231E-16 ) ) ;
#4213 = ORIENTED_EDGE ( 'NONE', *, *, #3885, .T. ) ;
#4214 = CIRCLE ( 'NONE', #1051, 4.999999999999997335 ) ;
#4215 = CARTESIAN_POINT ( 'NONE',  ( -67.36814380232304700, 13.05585726271536373, 8.376168073555946947 ) ) ;
#4216 = LINE ( 'NONE', #313, #3877 ) ;
#4217 = EDGE_CURVE ( 'NONE', #1983, #4136, #3882, .T. ) ;
#4218 = CARTESIAN_POINT ( 'NONE',  ( -25.44297335491345180, 24.73193889858677608, -12.22199379165981803 ) ) ;
#4219 = FACE_OUTER_BOUND ( 'NONE', #3068, .T. ) ;
#4220 = CARTESIAN_POINT ( 'NONE',  ( -49.11890341980409147, 40.25585726271802400, 26.57616807355593025 ) ) ;
#4221 = ORIENTED_EDGE ( 'NONE', *, *, #2329, .F. ) ;
#4222 = DIRECTION ( 'NONE',  ( 0.000000000000000000, -0.000000000000000000, 1.000000000000000000 ) ) ;
#4223 = EDGE_CURVE ( 'NONE', #3049, #1697, #5521, .T. ) ;
#4224 = CARTESIAN_POINT ( 'NONE',  ( -56.30625957037145213, 21.85490519355142425, 38.33960921285767398 ) ) ;
#4225 = CARTESIAN_POINT ( 'NONE',  ( -21.73909603667274837, 24.25585726271802045, 21.57616807355592670 ) ) ;
#4226 = EDGE_LOOP ( 'NONE', ( #1182, #2010, #4553, #4972 ) ) ;
#4227 = CARTESIAN_POINT ( 'NONE',  ( -65.48380614677408573, 16.78680721830859213, 21.45137532494238997 ) ) ;
#4228 = CARTESIAN_POINT ( 'NONE',  ( -47.63909603667240589, 6.555857262715624856, 40.27616807355597217 ) ) ;
#4229 = ORIENTED_EDGE ( 'NONE', *, *, #3366, .T. ) ;
#4230 = EDGE_CURVE ( 'NONE', #3839, #1884, #1274, .T. ) ;
#4231 = CC_DESIGN_DATE_AND_TIME_ASSIGNMENT ( #1802, #481, ( #473 ) ) ;
#4232 = DIRECTION ( 'NONE',  ( -1.000000000000000000, -4.047688110612546206E-15, 0.000000000000000000 ) ) ;
#4233 = CARTESIAN_POINT ( 'NONE',  ( -36.56013231433175292, 7.555857262715800715, -3.350461936461775370 ) ) ;
#4234 = VERTEX_POINT ( 'NONE', #1642 ) ;
#4235 = CARTESIAN_POINT ( 'NONE',  ( -64.73909603667242152, 17.12551312059579089, 20.47616807355595014 ) ) ;
#4236 = AXIS2_PLACEMENT_3D ( 'NONE', #5215, #1291, #1407 ) ;
#4237 = CARTESIAN_POINT ( 'NONE',  ( -66.92869064835014115, 8.705857262715657185, 21.02616807355592599 ) ) ;
#4238 = CARTESIAN_POINT ( 'NONE',  ( -53.53608209563059717, 24.71219837094681893, 1.606656707260361916 ) ) ;
#4239 = VERTEX_POINT ( 'NONE', #3916 ) ;
#4240 = VECTOR ( 'NONE', #4063, 1000.000000000000000 ) ;
#4241 = CARTESIAN_POINT ( 'NONE',  ( -111.5487462628537969, 2.155857262715456191, 21.47616807355592883 ) ) ;
#4242 = B_SPLINE_CURVE_WITH_KNOTS ( 'NONE', 3,
 ( #1025, #2272, #4475, #74, #129, #4449, #3519, #5234 ),
 .UNSPECIFIED., .F., .F.,
 ( 4, 2, 2, 4 ),
 ( 1.097135458930219133E-17, 0.0003916562984509018423, 0.0007833125969017927341, 0.001566625193803581565 ),
 .UNSPECIFIED. ) ;
#4243 = CARTESIAN_POINT ( 'NONE',  ( -65.30380319103421982, 13.16993427672879236, 37.77616807355595085 ) ) ;
#4244 = DIRECTION ( 'NONE',  ( 0.000000000000000000, -5.337610695313253357E-16, 1.000000000000000000 ) ) ;
#4245 = CARTESIAN_POINT ( 'NONE',  ( -39.11548339668676988, -2.444142737284372036, 50.80049291288658253 ) ) ;
#4246 = PLANE ( 'NONE',  #4210 ) ;
#4247 = EDGE_CURVE ( 'NONE', #3288, #2788, #1693, .T. ) ;
#4248 = EDGE_LOOP ( 'NONE', ( #4034, #2381, #1496, #2611 ) ) ;
#4249 = ORIENTED_EDGE ( 'NONE', *, *, #2728, .T. ) ;
#4250 = VECTOR ( 'NONE', #2603, 1000.000000000000000 ) ;
#4251 = CARTESIAN_POINT ( 'NONE',  ( -67.99709188023489048, 16.05585726271534242, 12.97616807355595014 ) ) ;
#4252 = AXIS2_PLACEMENT_3D ( 'NONE', #4372, #4054, #3550 ) ;
#4253 = DIRECTION ( 'NONE',  ( 0.1408450704225346073, -1.717431143581966291E-15, -0.9900316490585900908 ) ) ;
#4254 = FACE_OUTER_BOUND ( 'NONE', #539, .T. ) ;
#4255 = CIRCLE ( 'NONE', #2893, 17.50000000000000000 ) ;
#4256 = LINE ( 'NONE', #380, #2271 ) ;
#4257 = ORIENTED_EDGE ( 'NONE', *, *, #568, .T. ) ;
#4258 = DIRECTION ( 'NONE',  ( -1.000000000000000000, -3.469446951953611033E-15, 0.000000000000000000 ) ) ;
#4259 = EDGE_CURVE ( 'NONE', #484, #4234, #1131, .T. ) ;
#4260 = AXIS2_PLACEMENT_3D ( 'NONE', #344, #2853, #4646 ) ;
#4261 = CARTESIAN_POINT ( 'NONE',  ( -74.23909603667240731, 8.705857262715628764, 17.77616807355592599 ) ) ;
#4262 = ORIENTED_EDGE ( 'NONE', *, *, #3224, .F. ) ;
#4263 = CARTESIAN_POINT ( 'NONE',  ( -40.95966127903205489, 7.555857262715639955, 44.12705716992903859 ) ) ;
#4264 = VECTOR ( 'NONE', #373, 1000.000000000000000 ) ;
#4265 = FACE_OUTER_BOUND ( 'NONE', #1918, .T. ) ;
#4266 = ORIENTED_EDGE ( 'NONE', *, *, #245, .F. ) ;
#4267 = EDGE_CURVE ( 'NONE', #651, #856, #458, .T. ) ;
#4268 = CARTESIAN_POINT ( 'NONE',  ( -25.55218945652130458, 32.52049080658006375, -15.72946579817326551 ) ) ;
#4269 = COORDINATED_UNIVERSAL_TIME_OFFSET ( 8, 0, .AHEAD. ) ;
#4270 = CARTESIAN_POINT ( 'NONE',  ( -71.73909603667240731, 9.705857262715639422, 17.77616807355592599 ) ) ;
#4271 = CARTESIAN_POINT ( 'NONE',  ( -53.26957596570839115, 25.38369402068559211, 1.254438534090343671 ) ) ;
#4272 = EDGE_CURVE ( 'NONE', #4854, #1285, #1247, .T. ) ;
#4273 = DIRECTION ( 'NONE',  ( -4.000000000000000311E-15, 1.000000000000000000, 2.999999999999999839E-15 ) ) ;
#4274 = VECTOR ( 'NONE', #3272, 1000.000000000000000 ) ;
#4275 = FACE_OUTER_BOUND ( 'NONE', #4931, .T. ) ;
#4276 = CARTESIAN_POINT ( 'NONE',  ( -71.23909603667243573, 12.21416965789302367, 20.55469921260911903 ) ) ;
#4277 = B_SPLINE_CURVE_WITH_KNOTS ( 'NONE', 3,
 ( #4179, #3301, #337, #305 ),
 .UNSPECIFIED., .F., .F.,
 ( 4, 4 ),
 ( 0.000000000000000000, 0.003490320315839693256 ),
 .UNSPECIFIED. ) ;
#4278 = CARTESIAN_POINT ( 'NONE',  ( -63.36779273680123481, 16.74355753139030156, 35.12034992927426202 ) ) ;
#4279 = DIRECTION ( 'NONE',  ( 0.000000000000000000, 0.000000000000000000, 1.000000000000000000 ) ) ;
#4280 = EDGE_LOOP ( 'NONE', ( #255, #598 ) ) ;
#4281 = CARTESIAN_POINT ( 'NONE',  ( -57.29235487370876001, 20.84360152457207249, 5.651225768542254002 ) ) ;
#4282 = DIRECTION ( 'NONE',  ( 1.000000000000000000, 4.067627460911134203E-15, 0.000000000000000000 ) ) ;
#4283 = CARTESIAN_POINT ( 'NONE',  ( -53.50411799446290928, 25.07159512568066617, 41.52630292724879979 ) ) ;
#4284 = VECTOR ( 'NONE', #1054, 1000.000000000000000 ) ;
#4285 = DIRECTION ( 'NONE',  ( -1.000000000000000000, -4.000000000000001100E-15, 0.000000000000000000 ) ) ;
#4286 = ORIENTED_EDGE ( 'NONE', *, *, #872, .F. ) ;
#4287 = CARTESIAN_POINT ( 'NONE',  ( -71.73909603667235046, -2.444142737284658473, 7.876168073555948723 ) ) ;
#4288 = DIRECTION ( 'NONE',  ( 1.000000000000000000, 4.000000000000000311E-15, 0.000000000000000000 ) ) ;
#4289 = ORIENTED_EDGE ( 'NONE', *, *, #3915, .T. ) ;
#4290 = EDGE_CURVE ( 'NONE', #5294, #973, #1194, .T. ) ;
#4291 = DIRECTION ( 'NONE',  ( -4.000000000000001100E-15, 1.000000000000000000, -1.070816960479510377E-16 ) ) ;
#4292 = CARTESIAN_POINT ( 'NONE',  ( -54.75590993504850701, -2.444142737284590083, 7.876168073555950500 ) ) ;
#4293 = ORIENTED_EDGE ( 'NONE', *, *, #3931, .F. ) ;
#4294 = DIRECTION ( 'NONE',  ( -1.000000000000000000, -4.500904153885843101E-15, -4.126820607811806092E-29 ) ) ;
#4295 = ADVANCED_FACE ( 'NONE', ( #3794 ), #2915, .F. ) ;
#4296 = CARTESIAN_POINT ( 'NONE',  ( -111.5487462628538253, 6.955857262715455569, 12.97616807355592528 ) ) ;
#4297 = DIRECTION ( 'NONE',  ( 4.000000000000001100E-15, -1.000000000000000000, 0.000000000000000000 ) ) ;
#4298 = VERTEX_POINT ( 'NONE', #343 ) ;
#4299 = CARTESIAN_POINT ( 'NONE',  ( -57.40817842400031168, 20.01608062587219550, 4.620728774069306155 ) ) ;
#4300 = CARTESIAN_POINT ( 'NONE',  ( -18.02998793812918166, 33.14762343730080119, -15.74040872195111440 ) ) ;
#4301 = CIRCLE ( 'NONE', #1857, 37.50000000000000711 ) ;
#4302 = EDGE_CURVE ( 'NONE', #5184, #17, #372, .T. ) ;
#4303 = PLANE ( 'NONE',  #3439 ) ;
#4304 = LINE ( 'NONE', #1361, #1639 ) ;
#4305 = LINE ( 'NONE', #5517, #2035 ) ;
#4306 = VECTOR ( 'NONE', #950, 1000.000000000000000 ) ;
#4307 = ORIENTED_EDGE ( 'NONE', *, *, #5118, .F. ) ;
#4308 = ORIENTED_EDGE ( 'NONE', *, *, #1674, .F. ) ;
#4309 = CARTESIAN_POINT ( 'NONE',  ( -57.69400744021903904, 20.45976049110284478, 5.955711811412206735 ) ) ;
#4310 = EDGE_LOOP ( 'NONE', ( #3797, #3494, #1928, #3843 ) ) ;
#4311 = CARTESIAN_POINT ( 'NONE',  ( -71.73909603667240731, 9.705857262715637646, -2.960543799099298016E-27 ) ) ;
#4312 = ORIENTED_EDGE ( 'NONE', *, *, #628, .F. ) ;
#4313 = CARTESIAN_POINT ( 'NONE',  ( -58.86528287636987500, 38.25585726271802400, 26.85785821440099497 ) ) ;
#4314 = ORIENTED_EDGE ( 'NONE', *, *, #3224, .T. ) ;
#4315 = FACE_OUTER_BOUND ( 'NONE', #3222, .T. ) ;
#4316 = ORIENTED_EDGE ( 'NONE', *, *, #2496, .F. ) ;
#4317 = B_SPLINE_CURVE_WITH_KNOTS ( 'NONE', 3,
 ( #3020, #4637, #3360, #3847, #5057, #1268, #3788, #2935, #3388, #5505, #2483, #1214, #845, #819, #2597, #3819, #1298, #3760 ),
 .UNSPECIFIED., .F., .F.,
 ( 4, 2, 2, 2, 2, 2, 2, 2, 4 ),
 ( 0.000000000000000000, 0.0008117231036310484926, 0.001623446207262096985, 0.002435169310893145478, 0.003246892414524193970, 0.004058615518155242463, 0.004870338621786290956, 0.005682061725417339448, 0.006493784829048387941 ),
 .UNSPECIFIED. ) ;
#4318 = LINE ( 'NONE', #506, #1433 ) ;
#4319 = ORIENTED_EDGE ( 'NONE', *, *, #3778, .F. ) ;
#4320 = ADVANCED_FACE ( 'NONE', ( #5514 ), #3367, .F. ) ;
#4321 = CARTESIAN_POINT ( 'NONE',  ( -67.36814380232301858, 13.05585726271536551, 34.77616807355595085 ) ) ;
#4322 = PERSON_AND_ORGANIZATION ( #2494, #1038 ) ;
#4323 = CARTESIAN_POINT ( 'NONE',  ( -74.23909603667240731, 8.705857262715628764, 14.62616807355592563 ) ) ;
#4324 = CARTESIAN_POINT ( 'NONE',  ( -64.23909603667239310, 7.455857262715668732, 14.62616807355592741 ) ) ;
#4325 = ORIENTED_EDGE ( 'NONE', *, *, #5425, .T. ) ;
#4326 = AXIS2_PLACEMENT_3D ( 'NONE', #5287, #5365, #994 ) ;
#4327 = EDGE_CURVE ( 'NONE', #559, #4570, #1220, .T. ) ;
#4328 = CARTESIAN_POINT ( 'NONE',  ( -61.57424305339036863, 17.59288387630329353, 7.801514364332759577 ) ) ;
#4329 = AXIS2_PLACEMENT_3D ( 'NONE', #4321, #5191, #1321 ) ;
#4330 = CARTESIAN_POINT ( 'NONE',  ( -71.73909603667242152, 13.55585726271534774, 35.27616807355594375 ) ) ;
#4331 = CARTESIAN_POINT ( 'NONE',  ( -71.73909603667235046, -2.444142737284357381, 5.376168073555950500 ) ) ;
#4332 = AXIS2_PLACEMENT_3D ( 'NONE', #584, #2304, #3377 ) ;
#4333 = FACE_OUTER_BOUND ( 'NONE', #5171, .T. ) ;
#4334 = DIRECTION ( 'NONE',  ( 0.000000000000000000, 0.000000000000000000, 1.000000000000000000 ) ) ;
#4335 = EDGE_CURVE ( 'NONE', #194, #1588, #9, .T. ) ;
#4336 = ORIENTED_EDGE ( 'NONE', *, *, #3931, .T. ) ;
#4337 = EDGE_CURVE ( 'NONE', #4944, #1831, #365, .T. ) ;
#4338 = ORIENTED_EDGE ( 'NONE', *, *, #5213, .T. ) ;
#4339 = CARTESIAN_POINT ( 'NONE',  ( -53.29314380697211817, 25.64868717993129010, 41.85399317196938540 ) ) ;
#4340 = VERTEX_POINT ( 'NONE', #2710 ) ;
#4341 = AXIS2_PLACEMENT_3D ( 'NONE', #1664, #421, #2144 ) ;
#4342 = CARTESIAN_POINT ( 'NONE',  ( -59.15373294565659279, 39.20386637972730881, 24.11273315691764552 ) ) ;
#4343 = ORIENTED_EDGE ( 'NONE', *, *, #5280, .F. ) ;
#4344 = DIRECTION ( 'NONE',  ( -0.000000000000000000, -0.000000000000000000, -1.000000000000000000 ) ) ;
#4345 = ORIENTED_EDGE ( 'NONE', *, *, #4116, .F. ) ;
#4346 = VECTOR ( 'NONE', #4, 1000.000000000000000 ) ;
#4347 = AXIS2_PLACEMENT_3D ( 'NONE', #2643, #350, #4282 ) ;
#4348 = ADVANCED_FACE ( 'NONE', ( #2287 ), #4418, .F. ) ;
#4349 = DIRECTION ( 'NONE',  ( 0.000000000000000000, 1.000000000000000000, 0.000000000000000000 ) ) ;
#4350 = VERTEX_POINT ( 'NONE', #4813 ) ;
#4351 = AXIS2_PLACEMENT_3D ( 'NONE', #3505, #2656, #934 ) ;
#4352 = ORIENTED_EDGE ( 'NONE', *, *, #4977, .T. ) ;
#4353 = FACE_OUTER_BOUND ( 'NONE', #2475, .T. ) ;
#4354 = VECTOR ( 'NONE', #4451, 1000.000000000000000 ) ;
#4355 = ORIENTED_EDGE ( 'NONE', *, *, #4977, .F. ) ;
#4356 = CARTESIAN_POINT ( 'NONE',  ( -25.16618206999126528, 33.05586421233748240, -15.76701973472023610 ) ) ;
#4357 = CARTESIAN_POINT ( 'NONE',  ( -51.11890341980409147, 42.25585726271803111, 24.57616807355592670 ) ) ;
#4358 = DIRECTION ( 'NONE',  ( 4.500904153885843101E-15, -1.000000000000000000, 3.903912049434189741E-31 ) ) ;
#4359 = VERTEX_POINT ( 'NONE', #3998 ) ;
#4360 = CARTESIAN_POINT ( 'NONE',  ( -58.12346246838507113, 17.13156179782074062, 4.840426371170797104 ) ) ;
#4361 = CARTESIAN_POINT ( 'NONE',  ( -66.92869064835014115, 10.95585726271565541, 15.62616807355592385 ) ) ;
#4362 = ADVANCED_FACE ( 'NONE', ( #144 ), #5228, .T. ) ;
#4363 = CARTESIAN_POINT ( 'NONE',  ( -71.23909603667247836, 26.05585726271534597, 12.97616807355594837 ) ) ;
#4364 = CARTESIAN_POINT ( 'NONE',  ( -51.11890341980409147, 42.25585726271803111, 24.57616807355592670 ) ) ;
#4365 = CARTESIAN_POINT ( 'NONE',  ( -1.526422912400996257, 37.35585726271801832, 28.46663033463468651 ) ) ;
#4366 = AXIS2_PLACEMENT_3D ( 'NONE', #2595, #5165, #1239 ) ;
#4367 = ORIENTED_EDGE ( 'NONE', *, *, #5254, .F. ) ;
#4368 = VERTEX_POINT ( 'NONE', #5305 ) ;
#4369 = CARTESIAN_POINT ( 'NONE',  ( -58.54818382415255229, 19.70811200224224535, 36.63343666221295081 ) ) ;
#4370 = ORIENTED_EDGE ( 'NONE', *, *, #4465, .F. ) ;
#4371 = EDGE_CURVE ( 'NONE', #3488, #5023, #939, .T. ) ;
#4372 = CARTESIAN_POINT ( 'NONE',  ( -21.73909603667274837, 26.05585726271551650, 21.57616807355592670 ) ) ;
#4373 = ORIENTED_EDGE ( 'NONE', *, *, #1779, .F. ) ;
#4374 = CARTESIAN_POINT ( 'NONE',  ( 15.76190396332741095, 16.05585726271569413, 37.77616807355595796 ) ) ;
#4375 = ORIENTED_EDGE ( 'NONE', *, *, #5261, .F. ) ;
#4376 = AXIS2_PLACEMENT_3D ( 'NONE', #502, #3038, #2223 ) ;
#4377 = AXIS2_PLACEMENT_3D ( 'NONE', #929, #2677, #3469 ) ;
#4378 = LINE ( 'NONE', #865, #5269 ) ;
#4379 = ORIENTED_EDGE ( 'NONE', *, *, #2990, .F. ) ;
#4380 = ADVANCED_FACE ( 'NONE', ( #170 ), #2331, .T. ) ;
#4381 = CARTESIAN_POINT ( 'NONE',  ( -58.16837100414764450, 13.85592411613260388, 35.27616807355595796 ) ) ;
#4382 = CYLINDRICAL_SURFACE ( 'NONE', #4236, 17.50000000000000000 ) ;
#4383 = VECTOR ( 'NONE', #1426, 1000.000000000000000 ) ;
#4384 = ORIENTED_EDGE ( 'NONE', *, *, #3990, .F. ) ;
#4385 = LINE ( 'NONE', #932, #2159 ) ;
#4386 = MECHANICAL_CONTEXT ( 'NONE', #1049, 'mechanical' ) ;
#4387 = PLANE ( 'NONE',  #1900 ) ;
#4388 = ORIENTED_EDGE ( 'NONE', *, *, #4508, .F. ) ;
#4389 = APPROVAL_PERSON_ORGANIZATION ( #3909, #5577, #510 ) ;
#4390 = CARTESIAN_POINT ( 'NONE',  ( -1.602362769591290981, 37.35585726271801832, 12.36683629550358177 ) ) ;
#4391 = DIRECTION ( 'NONE',  ( 1.000000000000000000, 4.625929269271486111E-15, 0.000000000000000000 ) ) ;
#4392 = LINE ( 'NONE', #1331, #638 ) ;
#4393 = CARTESIAN_POINT ( 'NONE',  ( -68.73909603667240731, 10.55585726271535663, -6.683026789332435567E-16 ) ) ;
#4394 = DIRECTION ( 'NONE',  ( -0.000000000000000000, -1.000000000000000000, -0.000000000000000000 ) ) ;
#4395 = VERTEX_POINT ( 'NONE', #2634 ) ;
#4396 = VERTEX_POINT ( 'NONE', #2736 ) ;
#4397 = EDGE_CURVE ( 'NONE', #2103, #1020, #2661, .T. ) ;
#4398 = CARTESIAN_POINT ( 'NONE',  ( -57.69396824375407817, 20.45979686849690182, 37.19665264006012961 ) ) ;
#4399 = EDGE_LOOP ( 'NONE', ( #3305, #4621, #713, #3022, #3456, #2370 ) ) ;
#4400 = DIRECTION ( 'NONE',  ( 0.000000000000000000, 1.000000000000000000, 0.000000000000000000 ) ) ;
#4401 = EDGE_LOOP ( 'NONE', ( #1281, #3836, #4536, #2682 ) ) ;
#4402 = CARTESIAN_POINT ( 'NONE',  ( -59.07231189633778001, 40.68390146764897253, 25.32780983678032882 ) ) ;
#4403 = CARTESIAN_POINT ( 'NONE',  ( -71.73909603667240731, 9.705857262715635869, 21.02616807355592599 ) ) ;
#4404 = ORIENTED_EDGE ( 'NONE', *, *, #4120, .T. ) ;
#4405 = EDGE_CURVE ( 'NONE', #3515, #1697, #4046, .T. ) ;
#4406 = DIRECTION ( 'NONE',  ( 1.000000000000000000, 3.989863994746658684E-15, 0.000000000000000000 ) ) ;
#4407 = ORIENTED_EDGE ( 'NONE', *, *, #4755, .F. ) ;
#4408 = CARTESIAN_POINT ( 'NONE',  ( -57.98370981767731536, 13.94764191097021921, 35.27616807355595085 ) ) ;
#4409 = CARTESIAN_POINT ( 'NONE',  ( -21.73909603667258494, 13.55585726271554492, 21.57616807355577748 ) ) ;
#4410 = EDGE_CURVE ( 'NONE', #2319, #164, #4797, .T. ) ;
#4411 = ORIENTED_EDGE ( 'NONE', *, *, #2146, .F. ) ;
#4412 = DIRECTION ( 'NONE',  ( -4.000000000000000311E-15, 1.000000000000000000, 2.999999999999999839E-15 ) ) ;
#4413 = ORIENTED_EDGE ( 'NONE', *, *, #2648, .T. ) ;
#4414 = EDGE_CURVE ( 'NONE', #1300, #2365, #4392, .T. ) ;
#4415 = DIRECTION ( 'NONE',  ( -0.000000000000000000, 5.337610695313253357E-16, -1.000000000000000000 ) ) ;
#4416 = CARTESIAN_POINT ( 'NONE',  ( -53.01260689452713848, 18.32658359691548000, 35.80602538552309255 ) ) ;
#4417 = VECTOR ( 'NONE', #5340, 1000.000000000000000 ) ;
#4418 = PLANE ( 'NONE',  #1626 ) ;
#4419 = DIRECTION ( 'NONE',  ( -1.000000000000000000, -4.000000000000001100E-15, -8.673617379885238485E-17 ) ) ;
#4420 = FACE_BOUND ( 'NONE', #1472, .T. ) ;
#4421 = VERTEX_POINT ( 'NONE', #3054 ) ;
#4422 = ORIENTED_EDGE ( 'NONE', *, *, #4679, .T. ) ;
#4423 = CARTESIAN_POINT ( 'NONE',  ( -51.11890341980409147, 42.25585726271803111, 18.57616807355593025 ) ) ;
#4424 = CARTESIAN_POINT ( 'NONE',  ( -1.602362769591291203, 35.15585726271591938, 15.51683629550358390 ) ) ;
#4425 = CARTESIAN_POINT ( 'NONE',  ( -74.23909603667240731, 10.95585726271562699, 14.62616807355592563 ) ) ;
#4426 = DIRECTION ( 'NONE',  ( 1.000000000000000000, 1.156482317317870344E-15, 0.000000000000000000 ) ) ;
#4427 = CARTESIAN_POINT ( 'NONE',  ( -74.23909603667232204, -9.444142737284176192, -58.42383192644409462 ) ) ;
#4428 = ORIENTED_EDGE ( 'NONE', *, *, #4985, .T. ) ;
#4429 = LINE ( 'NONE', #1742, #523 ) ;
#4430 = CARTESIAN_POINT ( 'NONE',  ( -46.23909603667241441, 7.555857262715746536, 1.876168073555494198 ) ) ;
#4431 = ADVANCED_FACE ( 'NONE', ( #489 ), #3565, .T. ) ;
#4432 = AXIS2_PLACEMENT_3D ( 'NONE', #3837, #5526, #3750 ) ;
#4433 = CIRCLE ( 'NONE', #3341, 1.399999999999998579 ) ;
#4434 = ORIENTED_EDGE ( 'NONE', *, *, #2247, .F. ) ;
#4435 = B_SPLINE_CURVE_WITH_KNOTS ( 'NONE', 3,
 ( #410, #2132, #379, #5550, #3891, #3403, #3004, #3489, #4342, #4708, #2975, #2191, #921, #1310, #3375, #4793, #3924, #4765 ),
 .UNSPECIFIED., .F., .F.,
 ( 4, 2, 2, 2, 2, 2, 2, 2, 4 ),
 ( 0.000000000000000000, 0.0008116093074569044738, 0.001623218614913808948, 0.002434827922370713313, 0.003246437229827617895, 0.004058046537284522477, 0.004869655844741426626, 0.005681265152198331642, 0.006492874459655235790 ),
 .UNSPECIFIED. ) ;
#4436 = EDGE_CURVE ( 'NONE', #501, #1171, #3511, .T. ) ;
#4437 = DIRECTION ( 'NONE',  ( -1.320306785443767513E-29, 3.234723475976774670E-15, -1.000000000000000000 ) ) ;
#4438 = DIRECTION ( 'NONE',  ( 0.000000000000000000, 1.000000000000000000, 0.000000000000000000 ) ) ;
#4439 = AXIS2_PLACEMENT_3D ( 'NONE', #3683, #5066, #2004 ) ;
#4440 = DIRECTION ( 'NONE',  ( 0.000000000000000000, 1.000000000000000000, 0.000000000000000000 ) ) ;
#4441 = EDGE_CURVE ( 'NONE', #924, #353, #2786, .T. ) ;
#4442 = CARTESIAN_POINT ( 'NONE',  ( -66.32546450770553292, 13.05585726310424199, 5.376168073555949611 ) ) ;
#4443 = CARTESIAN_POINT ( 'NONE',  ( -51.11890341980409147, 44.25585726271802400, 18.57616807355593025 ) ) ;
#4444 = FACE_BOUND ( 'NONE', #3949, .T. ) ;
#4445 = EDGE_LOOP ( 'NONE', ( #2856, #1850, #1427, #2169 ) ) ;
#4446 = ORIENTED_EDGE ( 'NONE', *, *, #4860, .T. ) ;
#4447 = CARTESIAN_POINT ( 'NONE',  ( -21.73909603667274837, -108.5101599152663425, 32.32616807355592670 ) ) ;
#4448 = ORIENTED_EDGE ( 'NONE', *, *, #5270, .F. ) ;
#4449 = CARTESIAN_POINT ( 'NONE',  ( -18.03016373454050836, 24.36399748664258880, -12.22143977009833016 ) ) ;
#4450 = VECTOR ( 'NONE', #2141, 1000.000000000000000 ) ;
#4451 = DIRECTION ( 'NONE',  ( -0.000000000000000000, 1.000000000000000000, -0.000000000000000000 ) ) ;
#4452 = CARTESIAN_POINT ( 'NONE',  ( -25.55218945652136142, -108.5101599152663425, -15.72946579817325485 ) ) ;
#4453 = DIRECTION ( 'NONE',  ( -1.000000000000000000, -4.000000000000001100E-15, 1.893020337947815823E-33 ) ) ;
#4454 = ORIENTED_EDGE ( 'NONE', *, *, #2164, .F. ) ;
#4455 = CARTESIAN_POINT ( 'NONE',  ( -58.55660216263403584, 13.70643664635038839, 35.27616807355595085 ) ) ;
#4456 = PLANE ( 'NONE',  #4332 ) ;
#4457 = AXIS2_PLACEMENT_3D ( 'NONE', #2047, #5017, #4629 ) ;
#4458 = CARTESIAN_POINT ( 'NONE',  ( -53.40757803931217751, 24.98040868967833816, 41.67229502433861654 ) ) ;
#4459 = ORIENTED_EDGE ( 'NONE', *, *, #2107, .T. ) ;
#4460 = ADVANCED_FACE ( 'NONE', ( #620 ), #1933, .T. ) ;
#4461 = CARTESIAN_POINT ( 'NONE',  ( -71.73909603667239310, 6.955857262715639422, 21.47616807355592172 ) ) ;
#4462 = DIRECTION ( 'NONE',  ( 0.000000000000000000, -0.000000000000000000, 1.000000000000000000 ) ) ;
#4463 = CONICAL_SURFACE ( 'NONE', #3473, 34.00000000000000000, 0.7853981633974503884 ) ;
#4464 = CARTESIAN_POINT ( 'NONE',  ( -1.526422912400996257, 37.35585726271801832, 28.46663033463468651 ) ) ;
#4465 = EDGE_CURVE ( 'NONE', #5159, #5130, #3650, .T. ) ;
#4466 = CARTESIAN_POINT ( 'NONE',  ( -52.25899527197471173, 19.42398189626775107, 36.61078532241851491 ) ) ;
#4467 = DIRECTION ( 'NONE',  ( 4.000000000000000311E-15, -1.000000000000000000, -3.000000000000000233E-15 ) ) ;
#4468 = DIRECTION ( 'NONE',  ( 4.155316316201832602E-29, -6.331107576557691484E-17, -1.000000000000000000 ) ) ;
#4469 = CARTESIAN_POINT ( 'NONE',  ( -1.602362769591291203, 37.35585726271801832, 14.46683629550358319 ) ) ;
#4470 = VERTEX_POINT ( 'NONE', #1916 ) ;
#4471 = ORIENTED_EDGE ( 'NONE', *, *, #2190, .T. ) ;
#4472 = ADVANCED_FACE ( 'NONE', ( #5361, #1492, #649, #4102 ), #5385, .F. ) ;
#4473 = CARTESIAN_POINT ( 'NONE',  ( -71.73909603667240731, 10.55585726271534242, 7.876168073555950500 ) ) ;
#4474 = VERTEX_POINT ( 'NONE', #2541 ) ;
#4475 = CARTESIAN_POINT ( 'NONE',  ( -17.57835319261314666, 24.99344589294053520, -12.16832465965197940 ) ) ;
#4476 = CARTESIAN_POINT ( 'NONE',  ( -54.75590993504838622, -2.444142737284586531, 35.27616807355595085 ) ) ;
#4477 = DIRECTION ( 'NONE',  ( -4.000000000000000311E-15, 1.000000000000000000, 2.999999999999999839E-15 ) ) ;
#4478 = DIRECTION ( 'NONE',  ( -1.000000000000000000, 0.000000000000000000, 0.000000000000000000 ) ) ;
#4479 = EDGE_LOOP ( 'NONE', ( #4174, #3752, #2040, #4262 ) ) ;
#4480 = CIRCLE ( 'NONE', #329, 3.000000000000000000 ) ;
#4481 = B_SPLINE_CURVE_WITH_KNOTS ( 'NONE', 3,
 ( #801, #2067, #3799, #5122, #4251, #1646 ),
 .UNSPECIFIED., .F., .F.,
 ( 4, 2, 4 ),
 ( 0.06070230105886250532, 0.06206123850291644928, 0.06342017594697038629 ),
 .UNSPECIFIED. ) ;
#4482 = DIRECTION ( 'NONE',  ( -4.625929269271486111E-15, 1.000000000000000000, 0.000000000000000000 ) ) ;
#4483 = CARTESIAN_POINT ( 'NONE',  ( -70.23909603667243573, 16.05585726271534952, 20.47616807355595014 ) ) ;
#4484 = CARTESIAN_POINT ( 'NONE',  ( -21.73909603667274837, 38.25585726271803111, 21.57616807355592670 ) ) ;
#4485 = TOROIDAL_SURFACE ( 'NONE', #689, 18.50000000000000355, 1.000000000000000000 ) ;
#4486 = ORIENTED_EDGE ( 'NONE', *, *, #3052, .T. ) ;
#4487 = DIRECTION ( 'NONE',  ( -4.000000000000001100E-15, 1.000000000000000000, -1.070816960479510500E-16 ) ) ;
#4488 = CYLINDRICAL_SURFACE ( 'NONE', #604, 1.000000000000000888 ) ;
#4489 = EDGE_CURVE ( 'NONE', #4359, #536, #1636, .T. ) ;
#4490 = LINE ( 'NONE', #1014, #4177 ) ;
#4491 = DIRECTION ( 'NONE',  ( 4.126820607811806092E-29, 1.650728243124722933E-43, -1.000000000000000000 ) ) ;
#4492 = DIRECTION ( 'NONE',  ( 1.000000000000000000, -0.000000000000000000, 4.336808689942017736E-16 ) ) ;
#4493 = VERTEX_POINT ( 'NONE', #2143 ) ;
#4494 = EDGE_CURVE ( 'NONE', #415, #3232, #1688, .T. ) ;
#4495 = ORIENTED_EDGE ( 'NONE', *, *, #2680, .F. ) ;
#4496 = ORIENTED_EDGE ( 'NONE', *, *, #2696, .T. ) ;
#4497 = CARTESIAN_POINT ( 'NONE',  ( -46.23909603667237178, -2.444142737284256572, 2.876168073555638749 ) ) ;
#4498 = VERTEX_POINT ( 'NONE', #5566 ) ;
#4499 = CARTESIAN_POINT ( 'NONE',  ( -66.92869064835012693, 7.455857262715658074, 15.62616807355592385 ) ) ;
#4500 = CARTESIAN_POINT ( 'NONE',  ( -21.73909603667274837, 38.25585726271803111, 21.57616807355592670 ) ) ;
#4501 = EDGE_CURVE ( 'NONE', #109, #3698, #2086, .T. ) ;
#4502 = CARTESIAN_POINT ( 'NONE',  ( -74.23909603667239310, 6.955857262715627876, 21.47616807355592172 ) ) ;
#4503 = CYLINDRICAL_SURFACE ( 'NONE', #1117, 1.000000000000000888 ) ;
#4504 = CIRCLE ( 'NONE', #3880, 1.049999999999999822 ) ;
#4505 = ORIENTED_EDGE ( 'NONE', *, *, #355, .F. ) ;
#4506 = CARTESIAN_POINT ( 'NONE',  ( -18.55218945652130813, 33.25585726271803821, -11.19223364673099752 ) ) ;
#4507 = FACE_OUTER_BOUND ( 'NONE', #3781, .T. ) ;
#4508 = EDGE_CURVE ( 'NONE', #4200, #1874, #4694, .T. ) ;
#4509 = CARTESIAN_POINT ( 'NONE',  ( -57.59400622375967060, 17.74523549497223129, 38.50983744324547331 ) ) ;
#4510 = AXIS2_PLACEMENT_3D ( 'NONE', #4483, #2383, #4959 ) ;
#4511 = EDGE_LOOP ( 'NONE', ( #3522, #1543, #4193, #575 ) ) ;
#4512 = AXIS2_PLACEMENT_3D ( 'NONE', #1203, #2441, #3777 ) ;
#4513 = DIRECTION ( 'NONE',  ( -1.000000000000000000, -4.081702296416016786E-15, -9.183830166936036979E-16 ) ) ;
#4514 = DIRECTION ( 'NONE',  ( -1.000000000000000000, -4.000000000000001100E-15, -8.673617379885234787E-17 ) ) ;
#4515 = VERTEX_POINT ( 'NONE', #875 ) ;
#4516 = AXIS2_PLACEMENT_3D ( 'NONE', #1870, #3598, #5314 ) ;
#4517 = VECTOR ( 'NONE', #3833, 1000.000000000000000 ) ;
#4518 = DIRECTION ( 'NONE',  ( -1.000000000000000000, -4.000000000000001100E-15, 2.823449992332625597E-32 ) ) ;
#4519 = CIRCLE ( 'NONE', #5242, 1.399999999999998579 ) ;
#4520 = CARTESIAN_POINT ( 'NONE',  ( -58.86528287636987500, 38.25585726271802400, 16.29447793271086553 ) ) ;
#4521 = DIRECTION ( 'NONE',  ( 4.000000000000001100E-15, -1.000000000000000000, 2.882492143453086901E-32 ) ) ;
#4522 = ORIENTED_EDGE ( 'NONE', *, *, #2537, .T. ) ;
#4523 = TOROIDAL_SURFACE ( 'NONE', #5516, 1.000000000000000000, 1.000000000000000000 ) ;
#4524 = VERTEX_POINT ( 'NONE', #3447 ) ;
#4525 = ORIENTED_EDGE ( 'NONE', *, *, #4099, .T. ) ;
#4526 = CARTESIAN_POINT ( 'NONE',  ( -71.71230978613606055, 10.95585726271563765, -6.683026789333663232E-16 ) ) ;
#4527 = DIRECTION ( 'NONE',  ( 1.000000000000000000, 3.872871016134266781E-15, 0.000000000000000000 ) ) ;
#4528 = ORIENTED_EDGE ( 'NONE', *, *, #906, .F. ) ;
#4529 = ADVANCED_FACE ( 'NONE', ( #394 ), #5138, .T. ) ;
#4530 = AXIS2_PLACEMENT_3D ( 'NONE', #1837, #2288, #990 ) ;
#4531 = CARTESIAN_POINT ( 'NONE',  ( -21.73909603667274837, 36.15585726271579148, 21.57616807355592670 ) ) ;
#4532 = DIRECTION ( 'NONE',  ( -1.000000000000000000, -4.000000000000001100E-15, 0.000000000000000000 ) ) ;
#4533 = CARTESIAN_POINT ( 'NONE',  ( -64.23909603667240731, 10.95585726271566607, 14.62616807355592741 ) ) ;
#4534 = ORIENTED_EDGE ( 'NONE', *, *, #1901, .T. ) ;
#4535 = CARTESIAN_POINT ( 'NONE',  ( -71.73909603667239310, 6.155857262715642264, 23.47616807355592528 ) ) ;
#4536 = ORIENTED_EDGE ( 'NONE', *, *, #2974, .F. ) ;
#4537 = EDGE_CURVE ( 'NONE', #4947, #693, #4317, .T. ) ;
#4538 = CARTESIAN_POINT ( 'NONE',  ( -69.23899077339818575, 16.05585726271535307, 21.47616807355595014 ) ) ;
#4539 = CARTESIAN_POINT ( 'NONE',  ( -66.92869064835014115, 9.705857262715658962, 17.77616807355592599 ) ) ;
#4540 = CARTESIAN_POINT ( 'NONE',  ( -53.85819648800733006, 23.90392286806766009, 41.12425145818171757 ) ) ;
#4541 = VECTOR ( 'NONE', #4518, 1000.000000000000000 ) ;
#4542 = VERTEX_POINT ( 'NONE', #5536 ) ;
#4543 = EDGE_CURVE ( 'NONE', #5508, #213, #2570, .T. ) ;
#4544 = CARTESIAN_POINT ( 'NONE',  ( -21.73909603667274482, 40.25585726271802400, 16.57616807355594446 ) ) ;
#4545 = DIRECTION ( 'NONE',  ( -0.000000000000000000, 1.000000000000000000, -0.000000000000000000 ) ) ;
#4546 = ORIENTED_EDGE ( 'NONE', *, *, #1909, .T. ) ;
#4547 = AXIS2_PLACEMENT_3D ( 'NONE', #108, #3011, #4406 ) ;
#4548 = CARTESIAN_POINT ( 'NONE',  ( -65.23957858369554685, 16.57450032704071319, 13.10022407959381496 ) ) ;
#4549 = AXIS2_PLACEMENT_3D ( 'NONE', #2382, #1984, #5012 ) ;
#4550 = CARTESIAN_POINT ( 'NONE',  ( -59.00623608696376721, 40.38607885669623698, 17.31802331175869725 ) ) ;
#4551 = DIRECTION ( 'NONE',  ( 1.000000000000000000, 4.047688110612550939E-15, 0.000000000000000000 ) ) ;
#4552 = ORIENTED_EDGE ( 'NONE', *, *, #4742, .F. ) ;
#4553 = ORIENTED_EDGE ( 'NONE', *, *, #323, .F. ) ;
#4554 = CARTESIAN_POINT ( 'NONE',  ( -68.73909603667242152, 13.55585726271535485, 7.876168073555950500 ) ) ;
#4555 = CARTESIAN_POINT ( 'NONE',  ( -17.57832014710070112, 32.51812879329829542, -15.69232404178180040 ) ) ;
#4556 = CARTESIAN_POINT ( 'NONE',  ( -57.18301527275380636, 40.92460098156338688, 25.07785718534260866 ) ) ;
#4557 = DIRECTION ( 'NONE',  ( 0.000000000000000000, 0.000000000000000000, 1.000000000000000000 ) ) ;
#4558 = DIRECTION ( 'NONE',  ( 8.673617379885234787E-17, 9.629649721937515754E-31, -1.000000000000000000 ) ) ;
#4559 = EDGE_CURVE ( 'NONE', #2905, #2838, #1187, .T. ) ;
#4560 = ORIENTED_EDGE ( 'NONE', *, *, #4410, .T. ) ;
#4561 = DIRECTION ( 'NONE',  ( -1.000000000000000000, -4.017254365419973327E-15, 0.000000000000000000 ) ) ;
#4562 = ORIENTED_EDGE ( 'NONE', *, *, #2397, .F. ) ;
#4563 = CARTESIAN_POINT ( 'NONE',  ( -17.57599275602913735, 32.50645648969793911, -11.57855843719675271 ) ) ;
#4564 = DIRECTION ( 'NONE',  ( -0.000000000000000000, -1.000000000000000000, -0.000000000000000000 ) ) ;
#4565 = ORIENTED_EDGE ( 'NONE', *, *, #590, .T. ) ;
#4566 = FACE_OUTER_BOUND ( 'NONE', #1816, .T. ) ;
#4567 = EDGE_CURVE ( 'NONE', #5319, #1686, #5149, .T. ) ;
#4568 = CARTESIAN_POINT ( 'NONE',  ( 15.76190396332741095, 16.05585726271569413, 37.77616807355595796 ) ) ;
#4569 = AXIS2_PLACEMENT_3D ( 'NONE', #1079, #288, #234 ) ;
#4570 = VERTEX_POINT ( 'NONE', #4323 ) ;
#4571 = CARTESIAN_POINT ( 'NONE',  ( -71.73909603667240731, 8.705857262715637646, 13.47616807355592528 ) ) ;
#4572 = LINE ( 'NONE', #1093, #3619 ) ;
#4573 = VECTOR ( 'NONE', #4661, 1000.000000000000000 ) ;
#4574 = EDGE_LOOP ( 'NONE', ( #1489, #503, #2221, #889, #749 ) ) ;
#4575 = EDGE_CURVE ( 'NONE', #2788, #3964, #2026, .T. ) ;
#4576 = CARTESIAN_POINT ( 'NONE',  ( -65.73909603667240731, 13.55585726271536728, 21.47616807355595014 ) ) ;
#4577 = AXIS2_PLACEMENT_3D ( 'NONE', #5389, #4129, #680 ) ;
#4578 = CARTESIAN_POINT ( 'NONE',  ( -59.15646902894778236, 39.23718622558589431, 19.08045826055179361 ) ) ;
#4579 = DIRECTION ( 'NONE',  ( -1.000000000000000000, -4.047688110612546206E-15, 0.000000000000000000 ) ) ;
#4580 = ORIENTED_EDGE ( 'NONE', *, *, #5113, .T. ) ;
#4581 = ADVANCED_FACE ( 'NONE', ( #2908 ), #1663, .F. ) ;
#4582 = DIRECTION ( 'NONE',  ( -0.000000000000000000, 1.000000000000000000, -0.000000000000000000 ) ) ;
#4583 = CARTESIAN_POINT ( 'NONE',  ( -17.55218945652130458, 32.25585726271802400, -15.68936309519416916 ) ) ;
#4584 = FACE_OUTER_BOUND ( 'NONE', #90, .T. ) ;
#4585 = DIRECTION ( 'NONE',  ( 3.469446951953614189E-15, -1.000000000000000000, 0.000000000000000000 ) ) ;
#4586 = CARTESIAN_POINT ( 'NONE',  ( -51.11890341980409147, 42.25585726271803111, 24.57616807355592670 ) ) ;
#4587 = ORIENTED_EDGE ( 'NONE', *, *, #2702, .T. ) ;
#4588 = ORIENTED_EDGE ( 'NONE', *, *, #1809, .T. ) ;
#4589 = DIRECTION ( 'NONE',  ( -0.000000000000000000, -0.000000000000000000, 1.000000000000000000 ) ) ;
#4590 = ORIENTED_EDGE ( 'NONE', *, *, #4230, .T. ) ;
#4591 = ORIENTED_EDGE ( 'NONE', *, *, #1422, .T. ) ;
#4592 = CARTESIAN_POINT ( 'NONE',  ( 12.26090396332751098, 30.15585726271593359, 21.57616807355575972 ) ) ;
#4593 = CARTESIAN_POINT ( 'NONE',  ( -69.23909603667271995, 16.05585726271535663, 21.57616807355592670 ) ) ;
#4594 = CIRCLE ( 'NONE', #2873, 1.999999999999998224 ) ;
#4595 = ORIENTED_EDGE ( 'NONE', *, *, #3576, .F. ) ;
#4596 = CARTESIAN_POINT ( 'NONE',  ( 15.76190396332748023, -2.444142737284304534, 37.77616807355595796 ) ) ;
#4597 = CARTESIAN_POINT ( 'NONE',  ( -58.86528287636987500, 38.25585726271803111, 16.29447793271086553 ) ) ;
#4598 = EDGE_LOOP ( 'NONE', ( #5525, #1029, #4957, #787 ) ) ;
#4599 = ORIENTED_EDGE ( 'NONE', *, *, #1223, .F. ) ;
#4600 = EDGE_CURVE ( 'NONE', #2444, #2739, #789, .T. ) ;
#4601 = AXIS2_PLACEMENT_3D ( 'NONE', #4539, #190, #3181 ) ;
#4602 = DIRECTION ( 'NONE',  ( -4.000000000000000311E-15, 1.000000000000000000, 2.999999999999999839E-15 ) ) ;
#4603 = FACE_BOUND ( 'NONE', #1271, .T. ) ;
#4604 = EDGE_LOOP ( 'NONE', ( #3876, #4059, #5346, #4367 ) ) ;
#4605 = DIRECTION ( 'NONE',  ( -0.000000000000000000, -0.000000000000000000, -1.000000000000000000 ) ) ;
#4606 = ADVANCED_FACE ( 'NONE', ( #1832 ), #3559, .F. ) ;
#4607 = CARTESIAN_POINT ( 'NONE',  ( -59.09920367146877851, 40.87699335131016909, 18.03360031767219596 ) ) ;
#4608 = AXIS2_PLACEMENT_3D ( 'NONE', #260, #2003, #2769 ) ;
#4609 = LINE ( 'NONE', #735, #1805 ) ;
#4610 = VERTEX_POINT ( 'NONE', #5276 ) ;
#4611 = VECTOR ( 'NONE', #163, 1000.000000000000000 ) ;
#4612 = CARTESIAN_POINT ( 'NONE',  ( -25.55218945652130813, 30.51596941731602897, -12.19959159380098690 ) ) ;
#4613 = DIRECTION ( 'NONE',  ( 0.000000000000000000, 0.000000000000000000, 1.000000000000000000 ) ) ;
#4614 = AXIS2_PLACEMENT_3D ( 'NONE', #3697, #4545, #1883 ) ;
#4615 = EDGE_CURVE ( 'NONE', #71, #5467, #5053, .T. ) ;
#4616 = CARTESIAN_POINT ( 'NONE',  ( -57.14842495250436372, 40.64836858654479101, 25.35768730990631070 ) ) ;
#4617 = CARTESIAN_POINT ( 'NONE',  ( -36.56013231433170318, -2.444142737284348055, 46.50279808357323219 ) ) ;
#4618 = AXIS2_PLACEMENT_3D ( 'NONE', #2322, #1475, #3979 ) ;
#4619 = DIRECTION ( 'NONE',  ( 4.000000000000000311E-15, -1.000000000000000000, 6.135752184648080074E-32 ) ) ;
#4620 = ORIENTED_EDGE ( 'NONE', *, *, #4718, .F. ) ;
#4621 = ORIENTED_EDGE ( 'NONE', *, *, #741, .T. ) ;
#4622 = CARTESIAN_POINT ( 'NONE',  ( -46.23909603667241441, 7.555857262715627520, 41.27616807355597928 ) ) ;
#4623 = ORIENTED_EDGE ( 'NONE', *, *, #1690, .F. ) ;
#4624 = VECTOR ( 'NONE', #429, 1000.000000000000000 ) ;
#4625 = CARTESIAN_POINT ( 'NONE',  ( -54.69071925951737967, 22.20117739002550294, 40.31558639722340587 ) ) ;
#4626 = CARTESIAN_POINT ( 'NONE',  ( -59.21763102348911900, 40.96420144063629465, 22.84925524893202819 ) ) ;
#4627 = ORIENTED_EDGE ( 'NONE', *, *, #278, .F. ) ;
#4628 = CARTESIAN_POINT ( 'NONE',  ( -64.87420046294916176, 17.05677621935906174, 20.99569401552851389 ) ) ;
#4629 = DIRECTION ( 'NONE',  ( 1.000000000000000000, 4.000000000000001100E-15, 0.000000000000000000 ) ) ;
#4630 = VERTEX_POINT ( 'NONE', #4357 ) ;
#4631 = ORIENTED_EDGE ( 'NONE', *, *, #3458, .F. ) ;
#4632 = CARTESIAN_POINT ( 'NONE',  ( -17.55218945652130458, 30.15585726271588030, -12.16505024009004465 ) ) ;
#4633 = DIRECTION ( 'NONE',  ( -1.000000000000000000, -4.500904153885843101E-15, -4.126820607811806092E-29 ) ) ;
#4634 = ORIENTED_EDGE ( 'NONE', *, *, #2785, .F. ) ;
#4635 = EDGE_CURVE ( 'NONE', #2972, #2727, #4800, .T. ) ;
#4636 = CARTESIAN_POINT ( 'NONE',  ( -64.85342673994934160, 16.73349679325706063, 13.44453446188526513 ) ) ;
#4637 = CARTESIAN_POINT ( 'NONE',  ( -59.22421508370586452, 41.98337709363214287, 20.51983004538691446 ) ) ;
#4638 = CARTESIAN_POINT ( 'NONE',  ( -61.35992389273858549, 14.39080930250184309, 5.376168073555949611 ) ) ;
#4639 = ORIENTED_EDGE ( 'NONE', *, *, #635, .T. ) ;
#4640 = VECTOR ( 'NONE', #3751, 1000.000000000000000 ) ;
#4641 = B_SPLINE_CURVE_WITH_KNOTS ( 'NONE', 3,
 ( #813, #274, #1208, #784, #3323, #3411, #4175, #5107 ),
 .UNSPECIFIED., .F., .F.,
 ( 4, 2, 2, 4 ),
 ( 3.469446951953614189E-18, 0.0003914563464099943724, 0.0007829126928199852753, 0.001565825385639974454 ),
 .UNSPECIFIED. ) ;
#4642 = EDGE_CURVE ( 'NONE', #2126, #3922, #1749, .T. ) ;
#4643 = CARTESIAN_POINT ( 'NONE',  ( -74.23909603667240731, 8.705857262715628764, 15.62616807355592385 ) ) ;
#4644 = CARTESIAN_POINT ( 'NONE',  ( -47.63909603667237036, -2.444142737284374256, 40.27616807355595796 ) ) ;
#4645 = DIRECTION ( 'NONE',  ( -4.000000000000001100E-15, 1.000000000000000000, -6.331107576557691484E-17 ) ) ;
#4646 = DIRECTION ( 'NONE',  ( 0.4229051228412709085, -0.9061739662308829768, 0.000000000000000000 ) ) ;
#4647 = CARTESIAN_POINT ( 'NONE',  ( -68.73909603667240731, 10.55585726271535663, 12.97616807355595014 ) ) ;
#4648 = AXIS2_PLACEMENT_3D ( 'NONE', #1110, #2380, #4112 ) ;
#4649 = ADVANCED_FACE ( 'NONE', ( #2704 ), #3079, .T. ) ;
#4650 = ORIENTED_EDGE ( 'NONE', *, *, #2015, .F. ) ;
#4651 = EDGE_CURVE ( 'NONE', #2918, #2675, #2175, .T. ) ;
#4652 = ORIENTED_EDGE ( 'NONE', *, *, #2429, .T. ) ;
#4653 = CARTESIAN_POINT ( 'NONE',  ( -1.526422912400996257, 37.35585726271801832, 28.46663033463468651 ) ) ;
#4654 = FACE_OUTER_BOUND ( 'NONE', #3858, .T. ) ;
#4655 = DIRECTION ( 'NONE',  ( -4.500904153885843101E-15, 1.000000000000000000, -3.903912049434189741E-31 ) ) ;
#4656 = ORIENTED_EDGE ( 'NONE', *, *, #2734, .F. ) ;
#4657 = CARTESIAN_POINT ( 'NONE',  ( 15.76190396332748023, -2.444142737284304534, 37.77616807355595796 ) ) ;
#4658 = LINE ( 'NONE', #2928, #2465 ) ;
#4659 = ORIENTED_EDGE ( 'NONE', *, *, #460, .T. ) ;
#4660 = CARTESIAN_POINT ( 'NONE',  ( 5.435504178569402711, 40.25585726271802400, 21.42876338647399592 ) ) ;
#4661 = DIRECTION ( 'NONE',  ( -4.126820607811806092E-29, -1.650728243124722933E-43, 1.000000000000000000 ) ) ;
#4662 = VERTEX_POINT ( 'NONE', #5252 ) ;
#4663 = DIRECTION ( 'NONE',  ( 0.000000000000000000, 1.000000000000000000, 0.000000000000000000 ) ) ;
#4664 = CIRCLE ( 'NONE', #1771, 2.100000000000000977 ) ;
#4665 = ADVANCED_FACE ( 'NONE', ( #1435 ), #2232, .F. ) ;
#4666 = CARTESIAN_POINT ( 'NONE',  ( -50.73909603667249257, 30.15585726271568490, 21.57616807355580946 ) ) ;
#4667 = LINE ( 'NONE', #2509, #3898 ) ;
#4668 = ORIENTED_EDGE ( 'NONE', *, *, #5151, .T. ) ;
#4669 = MANIFOLD_SOLID_BREP ( '圆角36', #5379 ) ;
#4670 = CARTESIAN_POINT ( 'NONE',  ( -56.94648566117149358, 18.55864689230616094, 4.359269602926715947 ) ) ;
#4671 = CARTESIAN_POINT ( 'NONE',  ( -1.526422912400996257, 37.35585726271801832, 28.46663033463468651 ) ) ;
#4672 = EDGE_CURVE ( 'NONE', #63, #2665, #450, .T. ) ;
#4673 = DIRECTION ( 'NONE',  ( 0.000000000000000000, 0.000000000000000000, 1.000000000000000000 ) ) ;
#4674 = CIRCLE ( 'NONE', #2235, 1.000000000000000888 ) ;
#4675 = CARTESIAN_POINT ( 'NONE',  ( -24.55218945652130813, 24.25585726271803111, -12.30725715783431795 ) ) ;
#4676 = CARTESIAN_POINT ( 'NONE',  ( 5.435504178569402711, 37.35585726271801832, 21.42876338647399592 ) ) ;
#4677 = ORIENTED_EDGE ( 'NONE', *, *, #2050, .F. ) ;
#4678 = CYLINDRICAL_SURFACE ( 'NONE', #4015, 1.000000000000000888 ) ;
#4679 = EDGE_CURVE ( 'NONE', #1368, #4474, #4519, .T. ) ;
#4680 = CARTESIAN_POINT ( 'NONE',  ( -21.73909603667243928, 17.67717760627526857, 21.57616807355577038 ) ) ;
#4681 = CARTESIAN_POINT ( 'NONE',  ( -57.87942904541063882, 20.28877236267088335, 37.06416628207205832 ) ) ;
#4682 = CARTESIAN_POINT ( 'NONE',  ( -71.73909603667236468, -3.228907953474740840E-13, 15.62616807355592385 ) ) ;
#4683 = EDGE_LOOP ( 'NONE', ( #5337, #4703, #2354, #269, #3449, #4428 ) ) ;
#4684 = DIRECTION ( 'NONE',  ( -4.625929269271484533E-15, 1.000000000000000000, 0.000000000000000000 ) ) ;
#4685 = CARTESIAN_POINT ( 'NONE',  ( -53.73789660412730029, 17.67717760627508738, 35.45417429998607872 ) ) ;
#4686 = ORIENTED_EDGE ( 'NONE', *, *, #4290, .F. ) ;
#4687 = VECTOR ( 'NONE', #2940, 1000.000000000000000 ) ;
#4688 = EDGE_CURVE ( 'NONE', #5459, #2444, #4255, .T. ) ;
#4689 = DIRECTION ( 'NONE',  ( -1.000000000000000000, 0.000000000000000000, 0.000000000000000000 ) ) ;
#4690 = CARTESIAN_POINT ( 'NONE',  ( -21.73909603667274837, 39.25585726271802400, 21.57616807355592670 ) ) ;
#4691 = ORIENTED_EDGE ( 'NONE', *, *, #985, .F. ) ;
#4692 = CARTESIAN_POINT ( 'NONE',  ( -24.81349566894209246, 33.22994637068246249, -15.79779079322817026 ) ) ;
#4693 = VECTOR ( 'NONE', #1009, 1000.000000000000000 ) ;
#4694 = LINE ( 'NONE', #1603, #5411 ) ;
#4695 = LINE ( 'NONE', #2598, #457 ) ;
#4696 = CARTESIAN_POINT ( 'NONE',  ( -59.18446158209004437, 19.19101459723297154, 6.882680116714202434 ) ) ;
#4697 = LINE ( 'NONE', #850, #2726 ) ;
#4698 = AXIS2_PLACEMENT_3D ( 'NONE', #2330, #4990, #1458 ) ;
#4699 = CARTESIAN_POINT ( 'NONE',  ( -70.37428888508158309, 13.07587984664713154, 21.47616807355596080 ) ) ;
#4700 = CARTESIAN_POINT ( 'NONE',  ( -66.55688733869948237, 15.99235916119877565, 37.77616807355595796 ) ) ;
#4701 = LINE ( 'NONE', #828, #4122 ) ;
#4702 = ORIENTED_EDGE ( 'NONE', *, *, #2323, .T. ) ;
#4703 = ORIENTED_EDGE ( 'NONE', *, *, #4410, .F. ) ;
#4704 = AXIS2_PLACEMENT_3D ( 'NONE', #2056, #4720, #2962 ) ;
#4705 = ADVANCED_FACE ( 'NONE', ( #2282 ), #4387, .T. ) ;
#4706 = CARTESIAN_POINT ( 'NONE',  ( -55.45385619552298806, 22.81452109128792216, 3.974100641246105958 ) ) ;
#4707 = VECTOR ( 'NONE', #3062, 1000.000000000000000 ) ;
#4708 = CARTESIAN_POINT ( 'NONE',  ( -59.17843614327850332, 39.56705515312124533, 23.71743635079911883 ) ) ;
#4709 = CARTESIAN_POINT ( 'NONE',  ( -60.58676492889005516, 18.18263597567461787, 35.63846923875014738 ) ) ;
#4710 = CARTESIAN_POINT ( 'NONE',  ( -71.73909603667239310, 6.955857262715639422, 12.97616807355592528 ) ) ;
#4711 = EDGE_LOOP ( 'NONE', ( #3623, #3115, #5003, #4627, #2213, #877, #3418, #431, #1625, #5410 ) ) ;
#4712 = CARTESIAN_POINT ( 'NONE',  ( -59.22421508370585741, -108.5101599152663425, 22.63250610172494248 ) ) ;
#4713 = EDGE_CURVE ( 'NONE', #5264, #52, #4888, .T. ) ;
#4714 = CARTESIAN_POINT ( 'NONE',  ( -65.73747363245388442, 16.14421028474123787, 34.90757594100821848 ) ) ;
#4715 = ORIENTED_EDGE ( 'NONE', *, *, #4004, .T. ) ;
#4716 = CARTESIAN_POINT ( 'NONE',  ( -59.22421508370585741, 42.25585726271803111, 20.51983004538691091 ) ) ;
#4717 = ORIENTED_EDGE ( 'NONE', *, *, #1330, .F. ) ;
#4718 = EDGE_CURVE ( 'NONE', #3285, #404, #371, .T. ) ;
#4719 = DIRECTION ( 'NONE',  ( -4.000000000000001100E-15, 1.000000000000000000, -6.331107576557691484E-17 ) ) ;
#4720 = DIRECTION ( 'NONE',  ( -4.000000000000000311E-15, 1.000000000000000000, 2.999999999999999839E-15 ) ) ;
#4721 = DIRECTION ( 'NONE',  ( -1.000000000000000000, -3.989863994746658684E-15, 0.000000000000000000 ) ) ;
#4722 = VERTEX_POINT ( 'NONE', #2174 ) ;
#4723 = CARTESIAN_POINT ( 'NONE',  ( -58.73767534023626524, 19.54991427434347173, 6.632699164434805894 ) ) ;
#4724 = CYLINDRICAL_SURFACE ( 'NONE', #5532, 1.399999999999998579 ) ;
#4725 = CARTESIAN_POINT ( 'NONE',  ( -70.72841376649333256, 12.80626084432943657, 21.35705076432504512 ) ) ;
#4726 = DIRECTION ( 'NONE',  ( -0.000000000000000000, 1.000000000000000000, -0.000000000000000000 ) ) ;
#4727 = DIRECTION ( 'NONE',  ( -1.000000000000000000, -4.000000000000001100E-15, -1.156482317317991533E-16 ) ) ;
#4728 = ORIENTED_EDGE ( 'NONE', *, *, #662, .T. ) ;
#4729 = CARTESIAN_POINT ( 'NONE',  ( -54.16347942148394168, 24.42973912622921517, 2.484025464090449997 ) ) ;
#4730 = ORIENTED_EDGE ( 'NONE', *, *, #1078, .T. ) ;
#4731 = FACE_OUTER_BOUND ( 'NONE', #4829, .T. ) ;
#4732 = ORIENTED_EDGE ( 'NONE', *, *, #2520, .F. ) ;
#4733 = VECTOR ( 'NONE', #580, 1000.000000000000000 ) ;
#4734 = DIRECTION ( 'NONE',  ( 1.000000000000000000, -3.854941057726237604E-16, 1.156482317317995724E-16 ) ) ;
#4735 = EDGE_CURVE ( 'NONE', #4610, #3131, #1325, .T. ) ;
#4736 = ORIENTED_EDGE ( 'NONE', *, *, #2050, .T. ) ;
#4737 = DIRECTION ( 'NONE',  ( -4.625929269271486111E-15, 1.000000000000000000, 4.565061778886334167E-17 ) ) ;
#4738 = AXIS2_PLACEMENT_3D ( 'NONE', #5541, #3508, #1301 ) ;
#4739 = DIRECTION ( 'NONE',  ( 1.000000000000000000, 4.000000000000001100E-15, -1.632680918566406953E-30 ) ) ;
#4740 = EDGE_LOOP ( 'NONE', ( #2214, #3679, #2782, #3593 ) ) ;
#4741 = DIRECTION ( 'NONE',  ( 0.000000000000000000, 1.000000000000000000, 0.000000000000000000 ) ) ;
#4742 = EDGE_CURVE ( 'NONE', #2673, #5427, #3047, .T. ) ;
#4743 = VERTEX_POINT ( 'NONE', #4776 ) ;
#4744 = AXIS2_PLACEMENT_3D ( 'NONE', #69, #2764, #3138 ) ;
#4745 = PLANE ( 'NONE',  #2001 ) ;
#4746 = ADVANCED_FACE ( 'NONE', ( #2626 ), #2204, .F. ) ;
#4747 = EDGE_CURVE ( 'NONE', #1118, #856, #4572, .T. ) ;
#4748 = DATE_TIME_ROLE ( 'classification_date' ) ;
#4749 = DIRECTION ( 'NONE',  ( 0.000000000000000000, 1.000000000000000000, 0.000000000000000000 ) ) ;
#4750 = LINE ( 'NONE', #2628, #4067 ) ;
#4751 = EDGE_LOOP ( 'NONE', ( #1729, #1202, #4355, #4766 ) ) ;
#4752 = CARTESIAN_POINT ( 'NONE',  ( -33.48909603667274126, 36.15585726271574174, 21.57616807355592670 ) ) ;
#4753 = CARTESIAN_POINT ( 'NONE',  ( -71.23909603667242152, 13.05585726271534419, 37.77616807355595085 ) ) ;
#4754 = CIRCLE ( 'NONE', #515, 2.100000000000000977 ) ;
#4755 = EDGE_CURVE ( 'NONE', #1697, #2828, #2756, .T. ) ;
#4756 = CARTESIAN_POINT ( 'NONE',  ( -25.55218945652125484, 25.25585726271803466, -12.20933648937038818 ) ) ;
#4757 = CARTESIAN_POINT ( 'NONE',  ( 5.435504178569402711, 37.35585726271801832, 23.52876338647399734 ) ) ;
#4758 = DIRECTION ( 'NONE',  ( 1.000000000000000000, 4.133809134242603771E-15, 0.000000000000000000 ) ) ;
#4759 = CIRCLE ( 'NONE', #5202, 2.100000000000000977 ) ;
#4760 = EDGE_LOOP ( 'NONE', ( #1399, #3549, #4413, #1373 ) ) ;
#4761 = ORIENTED_EDGE ( 'NONE', *, *, #3111, .F. ) ;
#4762 = CARTESIAN_POINT ( 'NONE',  ( 7.260903963327510979, 30.15585726271591227, 21.57616807355580590 ) ) ;
#4763 = ORIENTED_EDGE ( 'NONE', *, *, #4847, .F. ) ;
#4764 = MANIFOLD_SOLID_BREP ( '凸台-拉伸12[2]', #3958 ) ;
#4765 = CARTESIAN_POINT ( 'NONE',  ( -59.22421508370585741, 42.25585726271803111, 22.63250610172494959 ) ) ;
#4766 = ORIENTED_EDGE ( 'NONE', *, *, #3840, .F. ) ;
#4767 = DIRECTION ( 'NONE',  ( 0.000000000000000000, 0.000000000000000000, 1.000000000000000000 ) ) ;
#4768 = ORIENTED_EDGE ( 'NONE', *, *, #1078, .F. ) ;
#4769 = CARTESIAN_POINT ( 'NONE',  ( -57.22500873453075343, 45.25585726271802400, 22.57616807355592670 ) ) ;
#4770 = ORIENTED_EDGE ( 'NONE', *, *, #880, .F. ) ;
#4771 = DIRECTION ( 'NONE',  ( -1.000000000000000000, -4.000000000000001100E-15, -8.673617379885234787E-17 ) ) ;
#4772 = CARTESIAN_POINT ( 'NONE',  ( -21.73909603667274837, 36.15585726271582701, 10.82616807355592670 ) ) ;
#4773 = ADVANCED_FACE ( 'NONE', ( #1938 ), #221, .F. ) ;
#4774 = CARTESIAN_POINT ( 'NONE',  ( -74.23909603667240731, 0.000000000000000000, 0.000000000000000000 ) ) ;
#4775 = APPROVAL_DATE_TIME ( #1775, #2807 ) ;
#4776 = CARTESIAN_POINT ( 'NONE',  ( -49.11890341980409147, 40.25585726271802400, 16.57616807355593025 ) ) ;
#4777 = CARTESIAN_POINT ( 'NONE',  ( -1.526422912400996035, 37.35585726271801832, 27.41663033463468935 ) ) ;
#4778 = ORIENTED_EDGE ( 'NONE', *, *, #898, .F. ) ;
#4779 = AXIS2_PLACEMENT_3D ( 'NONE', #257, #1554, #3365 ) ;
#4780 = CARTESIAN_POINT ( 'NONE',  ( -60.10958984958094931, 18.50234522017434102, 7.329496129673392701 ) ) ;
#4781 = AXIS2_PLACEMENT_3D ( 'NONE', #4774, #899, #480 ) ;
#4782 = EDGE_CURVE ( 'NONE', #4204, #961, #1514, .T. ) ;
#4783 = FACE_OUTER_BOUND ( 'NONE', #1569, .T. ) ;
#4784 = DIRECTION ( 'NONE',  ( -1.000000000000000000, -4.000000000000001100E-15, 0.000000000000000000 ) ) ;
#4785 = AXIS2_PLACEMENT_3D ( 'NONE', #4430, #4037, #611 ) ;
#4786 = CARTESIAN_POINT ( 'NONE',  ( -1.602362769591291203, 35.15585726271591938, 14.46683629550358319 ) ) ;
#4787 = DIRECTION ( 'NONE',  ( 3.469446951953615372E-15, -1.000000000000000000, 0.000000000000000000 ) ) ;
#4788 = EDGE_LOOP ( 'NONE', ( #84, #3594, #4312, #3647 ) ) ;
#4789 = DIRECTION ( 'NONE',  ( 4.163336342344258140E-15, -1.000000000000000000, -3.469446951953548713E-15 ) ) ;
#4790 = ADVANCED_FACE ( 'NONE', ( #2364 ), #3240, .F. ) ;
#4791 = ORIENTED_EDGE ( 'NONE', *, *, #5325, .T. ) ;
#4792 = AXIS2_PLACEMENT_3D ( 'NONE', #3236, #4960, #3265 ) ;
#4793 = CARTESIAN_POINT ( 'NONE',  ( -59.22342640976663120, 41.71605257360746322, 22.66161561816909753 ) ) ;
#4794 = VERTEX_POINT ( 'NONE', #247 ) ;
#4795 = CARTESIAN_POINT ( 'NONE',  ( -56.95947340168136463, 40.25585726271802400, 26.31519466691387166 ) ) ;
#4796 = EDGE_LOOP ( 'NONE', ( #624, #2588, #2888, #4717 ) ) ;
#4797 = CIRCLE ( 'NONE', #726, 3.000000000000002665 ) ;
#4798 = LINE ( 'NONE', #1341, #5350 ) ;
#4799 = ORIENTED_EDGE ( 'NONE', *, *, #26, .F. ) ;
#4800 = CIRCLE ( 'NONE', #731, 2.999999999999999112 ) ;
#4801 = DIRECTION ( 'NONE',  ( 0.000000000000000000, -1.000000000000000000, 0.000000000000000000 ) ) ;
#4802 = CARTESIAN_POINT ( 'NONE',  ( -71.73909603667242152, 10.95585726271563587, 14.62616807355592563 ) ) ;
#4803 = AXIS2_PLACEMENT_3D ( 'NONE', #5454, #2459, #316 ) ;
#4804 = EDGE_LOOP ( 'NONE', ( #4763, #1600, #300, #4162 ) ) ;
#4805 = CARTESIAN_POINT ( 'NONE',  ( -71.73909603667239310, 6.155857262715642264, 32.97616807355592528 ) ) ;
#4806 = AXIS2_PLACEMENT_3D ( 'NONE', #1694, #4726, #490 ) ;
#4807 = DIRECTION ( 'NONE',  ( 0.000000000000000000, 1.000000000000000000, 3.469446951953615372E-15 ) ) ;
#4808 = LINE ( 'NONE', #3639, #1173 ) ;
#4809 = ORIENTED_EDGE ( 'NONE', *, *, #1594, .T. ) ;
#4810 = EDGE_CURVE ( 'NONE', #1767, #3488, #3614, .T. ) ;
#4811 = DIRECTION ( 'NONE',  ( 1.000000000000000000, 0.000000000000000000, 8.673617379885234787E-17 ) ) ;
#4812 = PLANE ( 'NONE',  #5588 ) ;
#4813 = CARTESIAN_POINT ( 'NONE',  ( -74.23909603667239310, 7.455857262715628764, 14.62616807355592563 ) ) ;
#4814 = DIRECTION ( 'NONE',  ( 0.000000000000000000, 1.000000000000000000, 0.000000000000000000 ) ) ;
#4815 = EDGE_CURVE ( 'NONE', #1865, #167, #1632, .T. ) ;
#4816 = CARTESIAN_POINT ( 'NONE',  ( -17.55218945652130458, 25.25585726271802045, -15.68936309519416916 ) ) ;
#4817 = CIRCLE ( 'NONE', #5260, 9.999999999999994671 ) ;
#4818 = ORIENTED_EDGE ( 'NONE', *, *, #155, .F. ) ;
#4819 = CARTESIAN_POINT ( 'NONE',  ( -51.11890341980409147, 44.25585726271802400, 24.57616807355592670 ) ) ;
#4820 = ORIENTED_EDGE ( 'NONE', *, *, #5024, .F. ) ;
#4821 = CYLINDRICAL_SURFACE ( 'NONE', #4516, 4.999999999999997335 ) ;
#4822 = ORIENTED_EDGE ( 'NONE', *, *, #3289, .F. ) ;
#4823 = CARTESIAN_POINT ( 'NONE',  ( -59.20979780985313567, 40.47914983320769977, 23.06204974431636501 ) ) ;
#4824 = EDGE_CURVE ( 'NONE', #1710, #1216, #5513, .T. ) ;
#4825 = CARTESIAN_POINT ( 'NONE',  ( -39.11548339668688357, 7.555857262715628409, 50.80049291288675306 ) ) ;
#4826 = ORIENTED_EDGE ( 'NONE', *, *, #3359, .F. ) ;
#4827 = AXIS2_PLACEMENT_3D ( 'NONE', #1205, #2473, #5076 ) ;
#4828 = CARTESIAN_POINT ( 'NONE',  ( -57.19183685453194954, 41.02431002128086135, 18.15756937343904198 ) ) ;
#4829 = EDGE_LOOP ( 'NONE', ( #1762, #5576, #2096, #3351 ) ) ;
#4830 = ORIENTED_EDGE ( 'NONE', *, *, #946, .T. ) ;
#4831 = LINE ( 'NONE', #3013, #2068 ) ;
#4832 = DIRECTION ( 'NONE',  ( -0.000000000000000000, -0.000000000000000000, -1.000000000000000000 ) ) ;
#4833 = ORIENTED_EDGE ( 'NONE', *, *, #5543, .F. ) ;
#4834 = LOCAL_TIME ( 14, 8, 25.00000000000000000, #5219 ) ;
#4835 = DIRECTION ( 'NONE',  ( -1.000000000000000000, -4.047688110612546206E-15, 0.000000000000000000 ) ) ;
#4836 = CARTESIAN_POINT ( 'NONE',  ( -1.602362769591291203, 37.35585726271801832, 14.46683629550358319 ) ) ;
#4837 = ADVANCED_FACE ( 'NONE', ( #2418 ), #5356, .F. ) ;
#4838 = CARTESIAN_POINT ( 'NONE',  ( -66.54751639138777364, 16.05585726271536373, 8.311936495362235888 ) ) ;
#4839 = CARTESIAN_POINT ( 'NONE',  ( -46.23909603667241441, 7.555857262715746536, 1.876168073555494198 ) ) ;
#4840 = DIRECTION ( 'NONE',  ( 0.000000000000000000, 0.000000000000000000, 1.000000000000000000 ) ) ;
#4841 = AXIS2_PLACEMENT_3D ( 'NONE', #5402, #4137, #3261 ) ;
#4842 = ORIENTED_EDGE ( 'NONE', *, *, #3353, .F. ) ;
#4843 = ORIENTED_EDGE ( 'NONE', *, *, #3965, .F. ) ;
#4844 = VECTOR ( 'NONE', #3369, 1000.000000000000000 ) ;
#4845 = DIRECTION ( 'NONE',  ( 0.000000000000000000, 0.000000000000000000, 1.000000000000000000 ) ) ;
#4846 = VERTEX_POINT ( 'NONE', #1546 ) ;
#4847 = EDGE_CURVE ( 'NONE', #1135, #4630, #3270, .T. ) ;
#4848 = DIRECTION ( 'NONE',  ( -1.000000000000000000, -4.047688110612550939E-15, 0.000000000000000000 ) ) ;
#4849 = ORIENTED_EDGE ( 'NONE', *, *, #4099, .F. ) ;
#4850 = AXIS2_PLACEMENT_3D ( 'NONE', #4365, #1249, #3484 ) ;
#4851 = CARTESIAN_POINT ( 'NONE',  ( -66.92869064835014115, 9.705857262715657185, 13.47616807355592528 ) ) ;
#4852 = CARTESIAN_POINT ( 'NONE',  ( -52.25550643042242882, 19.42352931776969882, 6.543690541200329669 ) ) ;
#4853 = CARTESIAN_POINT ( 'NONE',  ( -21.73909603667274837, 38.25585726271803111, 59.07616807355593380 ) ) ;
#4854 = VERTEX_POINT ( 'NONE', #2840 ) ;
#4855 = EDGE_CURVE ( 'NONE', #688, #1561, #1912, .T. ) ;
#4856 = CIRCLE ( 'NONE', #1419, 0.9999999999999980016 ) ;
#4857 = CARTESIAN_POINT ( 'NONE',  ( -57.31359624027756183, 14.43453691915565251, 35.27616807355595085 ) ) ;
#4858 = DIRECTION ( 'NONE',  ( 4.000000000000000311E-15, -1.000000000000000000, -3.000000000000000233E-15 ) ) ;
#4859 = ORIENTED_EDGE ( 'NONE', *, *, #141, .T. ) ;
#4860 = EDGE_CURVE ( 'NONE', #2581, #3507, #1573, .T. ) ;
#4861 = DIRECTION ( 'NONE',  ( -3.886579866308196868E-29, -5.337610695313253357E-16, 1.000000000000000000 ) ) ;
#4862 = ORIENTED_EDGE ( 'NONE', *, *, #42, .F. ) ;
#4863 = CARTESIAN_POINT ( 'NONE',  ( -55.90648250434332311, 20.07338260562165289, 3.767635596228762207 ) ) ;
#4864 = LINE ( 'NONE', #1885, #4541 ) ;
#4865 = AXIS2_PLACEMENT_3D ( 'NONE', #3708, #5391, #3278 ) ;
#4866 = CARTESIAN_POINT ( 'NONE',  ( -66.55628134027249132, 15.99231172841863291, 5.376168073555948723 ) ) ;
#4867 = CARTESIAN_POINT ( 'NONE',  ( -74.23909603667239310, 7.455857262715628764, 15.62616807355592385 ) ) ;
#4868 = CARTESIAN_POINT ( 'NONE',  ( -51.11890341980407726, 44.84164370034493885, 18.57616807355593025 ) ) ;
#4869 = AXIS2_PLACEMENT_3D ( 'NONE', #896, #841, #3870 ) ;
#4870 = ORIENTED_EDGE ( 'NONE', *, *, #5099, .F. ) ;
#4871 = ORIENTED_EDGE ( 'NONE', *, *, #4884, .F. ) ;
#4872 = CARTESIAN_POINT ( 'NONE',  ( -111.5487462628538253, 6.155857262715458411, 23.47616807355592528 ) ) ;
#4873 = EDGE_LOOP ( 'NONE', ( #609, #4325, #5060, #528 ) ) ;
#4874 = VECTOR ( 'NONE', #2231, 1000.000000000000000 ) ;
#4875 = FACE_OUTER_BOUND ( 'NONE', #347, .T. ) ;
#4876 = LINE ( 'NONE', #5343, #561 ) ;
#4877 = CARTESIAN_POINT ( 'NONE',  ( -50.85518025116211049, -2.444142737284306310, 11.86074450546976777 ) ) ;
#4878 = ADVANCED_FACE ( 'NONE', ( #646, #4914 ), #5021, .T. ) ;
#4879 = DIRECTION ( 'NONE',  ( 1.000000000000000000, 3.717264591378875951E-15, 0.000000000000000000 ) ) ;
#4880 = EDGE_LOOP ( 'NONE', ( #1500, #3245, #3615, #643 ) ) ;
#4881 = FACE_OUTER_BOUND ( 'NONE', #320, .T. ) ;
#4882 = DIRECTION ( 'NONE',  ( -1.016643762873339164E-32, -1.000000000000000000, 9.376883653928778575E-17 ) ) ;
#4883 = VECTOR ( 'NONE', #2484, 1000.000000000000000 ) ;
#4884 = EDGE_CURVE ( 'NONE', #3821, #1866, #1488, .T. ) ;
#4885 = AXIS2_PLACEMENT_3D ( 'NONE', #3541, #1360, #989 ) ;
#4886 = EDGE_LOOP ( 'NONE', ( #1149, #4446, #1073, #2296 ) ) ;
#4887 = CARTESIAN_POINT ( 'NONE',  ( -48.75696015366680314, 7.555857262715720779, 7.322300672781483222 ) ) ;
#4888 = LINE ( 'NONE', #1011, #3901 ) ;
#4889 = ADVANCED_FACE ( 'NONE', ( #1062 ), #4488, .F. ) ;
#4890 = CARTESIAN_POINT ( 'NONE',  ( -74.23909603667240731, 9.705857262715628764, 17.77616807355592599 ) ) ;
#4891 = VECTOR ( 'NONE', #3255, 1000.000000000000000 ) ;
#4892 = CARTESIAN_POINT ( 'NONE',  ( -52.11914589253107266, 19.70541260699753749, 36.84248829425806804 ) ) ;
#4893 = CARTESIAN_POINT ( 'NONE',  ( -63.36712292434762617, 16.74385982317634358, 8.031919939973617417 ) ) ;
#4894 = DIRECTION ( 'NONE',  ( -0.000000000000000000, -1.000000000000000000, -0.000000000000000000 ) ) ;
#4895 = CARTESIAN_POINT ( 'NONE',  ( -1.602362769591290981, 35.15585726271591938, 13.41683629550358248 ) ) ;
#4896 = ORIENTED_EDGE ( 'NONE', *, *, #4688, .F. ) ;
#4897 = EDGE_LOOP ( 'NONE', ( #3857, #3171, #5126, #4691 ) ) ;
#4898 = CARTESIAN_POINT ( 'NONE',  ( -51.53311698217719083, 45.25585726271802400, 24.16195451118283444 ) ) ;
#4899 = DIRECTION ( 'NONE',  ( 1.000000000000000000, 1.040834085586083310E-14, 0.000000000000000000 ) ) ;
#4900 = AXIS2_PLACEMENT_3D ( 'NONE', #4836, #4019, #3967 ) ;
#4901 = DIRECTION ( 'NONE',  ( 1.000000000000000000, 0.000000000000000000, 0.000000000000000000 ) ) ;
#4902 = DIRECTION ( 'NONE',  ( -4.336808689942016947E-15, 1.000000000000000000, 1.084202172485504187E-16 ) ) ;
#4903 = B_SPLINE_CURVE_WITH_KNOTS ( 'NONE', 3,
 ( #2896, #3721, #2500, #4628, #2526, #837, #3293, #4227, #1143, #4140 ),
 .UNSPECIFIED., .F., .F.,
 ( 4, 2, 2, 2, 4 ),
 ( 0.000000000000000000, 0.0004077223553662021873, 0.0008154447107324043747, 0.001223167066098606454, 0.001630889421464808749 ),
 .UNSPECIFIED. ) ;
#4904 = DIRECTION ( 'NONE',  ( 0.000000000000000000, 1.000000000000000000, 0.000000000000000000 ) ) ;
#4905 = ORIENTED_EDGE ( 'NONE', *, *, #1960, .T. ) ;
#4906 = EDGE_CURVE ( 'NONE', #1446, #4794, #3213, .T. ) ;
#4907 = DIRECTION ( 'NONE',  ( 1.000000000000000000, 3.979659739005616090E-15, 2.653106492670410989E-15 ) ) ;
#4908 = CARTESIAN_POINT ( 'NONE',  ( 12.26090396332748078, 37.55585726271593927, 21.57616807355582722 ) ) ;
#4909 = CIRCLE ( 'NONE', #4376, 34.00000000000015632 ) ;
#4910 = LINE ( 'NONE', #1777, #4611 ) ;
#4911 = ORIENTED_EDGE ( 'NONE', *, *, #1223, .T. ) ;
#4912 = EDGE_CURVE ( 'NONE', #5222, #194, #2042, .T. ) ;
#4913 = DIRECTION ( 'NONE',  ( 1.156482317317995231E-16, -9.376883653928778575E-17, -1.000000000000000000 ) ) ;
#4914 = FACE_BOUND ( 'NONE', #3927, .T. ) ;
#4915 = AXIS2_PLACEMENT_3D ( 'NONE', #1786, #3547, #944 ) ;
#4916 = CARTESIAN_POINT ( 'NONE',  ( -1.602362769591290981, 37.35585726271801832, 13.41683629550358248 ) ) ;
#4917 = EDGE_CURVE ( 'NONE', #3551, #3443, #5559, .T. ) ;
#4918 = CARTESIAN_POINT ( 'NONE',  ( -59.13210179846666392, 41.21397575545742598, 18.28965705102720918 ) ) ;
#4919 = DIRECTION ( 'NONE',  ( -8.673617379885279161E-17, 1.070816960479506926E-16, 1.000000000000000000 ) ) ;
#4920 = ORIENTED_EDGE ( 'NONE', *, *, #1809, .F. ) ;
#4921 = PLANE ( 'NONE',  #3852 ) ;
#4922 = ORIENTED_EDGE ( 'NONE', *, *, #4559, .F. ) ;
#4923 = ORIENTED_EDGE ( 'NONE', *, *, #18, .F. ) ;
#4924 = CARTESIAN_POINT ( 'NONE',  ( -57.22500873453075343, 44.25585726271803821, 20.57616807355592670 ) ) ;
#4925 = EDGE_CURVE ( 'NONE', #2233, #1799, #1599, .T. ) ;
#4926 = CARTESIAN_POINT ( 'NONE',  ( -71.73909603667236468, -3.228907953474740840E-13, 15.62616807355592385 ) ) ;
#4927 = CYLINDRICAL_SURFACE ( 'NONE', #467, 1.999999999999998224 ) ;
#4928 = CARTESIAN_POINT ( 'NONE',  ( 5.435504178569402711, 37.35585726271801832, 21.42876338647399592 ) ) ;
#4929 = DESIGN_CONTEXT ( 'detailed design', #118, 'design' ) ;
#4930 = LINE ( 'NONE', #1532, #4383 ) ;
#4931 = EDGE_LOOP ( 'NONE', ( #634, #2994, #1971, #4634 ) ) ;
#4932 = VECTOR ( 'NONE', #2460, 1000.000000000000000 ) ;
#4933 = CARTESIAN_POINT ( 'NONE',  ( -68.94013343111716097, 16.05585726271536373, 21.47616807355595725 ) ) ;
#4934 = DIRECTION ( 'NONE',  ( 0.000000000000000000, 0.000000000000000000, -1.000000000000000000 ) ) ;
#4935 = CARTESIAN_POINT ( 'NONE',  ( -71.73909603667240731, 9.705857262715657185, 21.02616807355592599 ) ) ;
#4936 = ORIENTED_EDGE ( 'NONE', *, *, #5562, .F. ) ;
#4937 = DIRECTION ( 'NONE',  ( -4.500904153885843101E-15, 1.000000000000000000, 5.725737672503327764E-31 ) ) ;
#4938 = CARTESIAN_POINT ( 'NONE',  ( -71.73909603667236468, -3.228907953474740840E-13, 14.62616807355592741 ) ) ;
#4939 = EDGE_CURVE ( 'NONE', #4498, #1764, #1774, .T. ) ;
#4940 = VERTEX_POINT ( 'NONE', #2904 ) ;
#4941 = DIRECTION ( 'NONE',  ( -1.000000000000000000, -4.000000000000001100E-15, -8.673617379885238485E-17 ) ) ;
#4942 = CARTESIAN_POINT ( 'NONE',  ( -59.14148663906387782, 39.06861635544061073, 18.86243436990056566 ) ) ;
#4943 = CARTESIAN_POINT ( 'NONE',  ( -39.11548339668693330, 37.55585726271581848, -7.648156765775047106 ) ) ;
#4944 = VERTEX_POINT ( 'NONE', #360 ) ;
#4945 = ADVANCED_FACE ( 'NONE', ( #5500 ), #786, .F. ) ;
#4946 = ORIENTED_EDGE ( 'NONE', *, *, #3296, .T. ) ;
#4947 = VERTEX_POINT ( 'NONE', #4716 ) ;
#4948 = DIRECTION ( 'NONE',  ( 4.000000000000000311E-15, -1.000000000000000000, -2.999999999999999839E-15 ) ) ;
#4949 = ORIENTED_EDGE ( 'NONE', *, *, #2537, .F. ) ;
#4950 = DIRECTION ( 'NONE',  ( 1.000000000000000000, 4.027036640660449210E-15, 0.000000000000000000 ) ) ;
#4951 = CARTESIAN_POINT ( 'NONE',  ( -25.52863285681172201, 32.50587362378967526, -11.62366886472279504 ) ) ;
#4952 = CARTESIAN_POINT ( 'NONE',  ( -21.73909603667274482, 40.25585726271802400, 3.076168073555922255 ) ) ;
#4953 = ORIENTED_EDGE ( 'NONE', *, *, #3311, .T. ) ;
#4954 = ADVANCED_FACE ( 'NONE', ( #5108 ), #1209, .T. ) ;
#4955 = DIRECTION ( 'NONE',  ( 0.000000000000000000, 0.000000000000000000, 1.000000000000000000 ) ) ;
#4956 = CIRCLE ( 'NONE', #2515, 34.00000000000000000 ) ;
#4957 = ORIENTED_EDGE ( 'NONE', *, *, #1655, .T. ) ;
#4958 = CARTESIAN_POINT ( 'NONE',  ( -17.73607706695711883, 32.84811037054786453, -11.39664597799053425 ) ) ;
#4959 = DIRECTION ( 'NONE',  ( -1.000000000000000000, -3.469446951953611033E-15, 0.000000000000000000 ) ) ;
#4960 = DIRECTION ( 'NONE',  ( 1.016643762873339712E-32, 1.000000000000000000, -9.376883653928778575E-17 ) ) ;
#4961 = ORIENTED_EDGE ( 'NONE', *, *, #4672, .F. ) ;
#4962 = VECTOR ( 'NONE', #2176, 1000.000000000000000 ) ;
#4963 = CARTESIAN_POINT ( 'NONE',  ( -21.73909603667245349, 19.79849794983492117, 21.57616807355577748 ) ) ;
#4964 = DIRECTION ( 'NONE',  ( 1.000000000000000000, 4.000000000000001100E-15, 0.000000000000000000 ) ) ;
#4965 = VECTOR ( 'NONE', #4467, 1000.000000000000000 ) ;
#4966 = AXIS2_PLACEMENT_3D ( 'NONE', #2613, #4253, #5580 ) ;
#4967 = DIRECTION ( 'NONE',  ( -1.016643762873339848E-32, -1.000000000000000000, 9.376883653928778575E-17 ) ) ;
#4968 = AXIS2_PLACEMENT_3D ( 'NONE', #673, #5331, #2389 ) ;
#4969 = ADVANCED_FACE ( 'NONE', ( #4265 ), #4485, .T. ) ;
#4970 = CARTESIAN_POINT ( 'NONE',  ( -59.00473723317513475, 38.38180280939418765, 17.38150038651437157 ) ) ;
#4971 = DIRECTION ( 'NONE',  ( 3.469446951953615372E-15, -1.000000000000000000, 0.000000000000000000 ) ) ;
#4972 = ORIENTED_EDGE ( 'NONE', *, *, #1901, .F. ) ;
#4973 = VERTEX_POINT ( 'NONE', #1685 ) ;
#4974 = ORIENTED_EDGE ( 'NONE', *, *, #2005, .F. ) ;
#4975 = FACE_OUTER_BOUND ( 'NONE', #3268, .T. ) ;
#4976 = DIRECTION ( 'NONE',  ( 1.000000000000000000, 4.047688110612550939E-15, 0.000000000000000000 ) ) ;
#4977 = EDGE_CURVE ( 'NONE', #2054, #5401, #3856, .T. ) ;
#4978 = CIRCLE ( 'NONE', #2903, 34.87867965644036872 ) ;
#4979 = DIRECTION ( 'NONE',  ( -0.000000000000000000, 1.000000000000000000, -0.000000000000000000 ) ) ;
#4980 = CARTESIAN_POINT ( 'NONE',  ( -74.23909603667239310, 7.455857262715628764, 14.62616807355592563 ) ) ;
#4981 = DIRECTION ( 'NONE',  ( 4.572483248782607083E-31, -1.070816960479510500E-16, -1.000000000000000000 ) ) ;
#4982 = ORIENTED_EDGE ( 'NONE', *, *, #3538, .T. ) ;
#4983 = DIRECTION ( 'NONE',  ( 0.000000000000000000, 1.000000000000000000, 0.000000000000000000 ) ) ;
#4984 = ORIENTED_EDGE ( 'NONE', *, *, #2454, .T. ) ;
#4985 = EDGE_CURVE ( 'NONE', #1316, #4205, #4214, .T. ) ;
#4986 = EDGE_CURVE ( 'NONE', #1045, #2872, #4759, .T. ) ;
#4987 = CARTESIAN_POINT ( 'NONE',  ( -65.73909603667206625, 16.68831780773571083, 21.47616807355595014 ) ) ;
#4988 = DIRECTION ( 'NONE',  ( 0.000000000000000000, 0.000000000000000000, 1.000000000000000000 ) ) ;
#4989 = ORIENTED_EDGE ( 'NONE', *, *, #2735, .F. ) ;
#4990 = DIRECTION ( 'NONE',  ( 0.000000000000000000, 1.000000000000000000, 0.000000000000000000 ) ) ;
#4991 = CARTESIAN_POINT ( 'NONE',  ( -54.69071925951980973, 22.20117739002929369, 2.836749749890811412 ) ) ;
#4992 = ORIENTED_EDGE ( 'NONE', *, *, #4986, .T. ) ;
#4993 = EDGE_CURVE ( 'NONE', #403, #5467, #4207, .T. ) ;
#4994 = CARTESIAN_POINT ( 'NONE',  ( -51.11890341980409147, 42.25585726271803111, 26.57616807355593025 ) ) ;
#4995 = DIRECTION ( 'NONE',  ( -0.000000000000000000, -1.000000000000000000, -0.000000000000000000 ) ) ;
#4996 = ORIENTED_EDGE ( 'NONE', *, *, #3812, .F. ) ;
#4997 = DIRECTION ( 'NONE',  ( -0.1408450704225346350, 1.717431143581972207E-15, -0.9900316490585902018 ) ) ;
#4998 = VECTOR ( 'NONE', #5318, 1000.000000000000000 ) ;
#4999 = CARTESIAN_POINT ( 'NONE',  ( -58.90466503298932111, 38.25585726516638374, 16.57130396108705739 ) ) ;
#5000 = LINE ( 'NONE', #4943, #2789 ) ;
#5001 = ORIENTED_EDGE ( 'NONE', *, *, #4267, .F. ) ;
#5002 = AXIS2_PLACEMENT_3D ( 'NONE', #1244, #4273, #908 ) ;
#5003 = ORIENTED_EDGE ( 'NONE', *, *, #5502, .F. ) ;
#5004 = DIRECTION ( 'NONE',  ( -4.126820607811806092E-29, -1.650728243124722933E-43, 1.000000000000000000 ) ) ;
#5005 = LINE ( 'NONE', #1128, #4687 ) ;
#5006 = DIRECTION ( 'NONE',  ( -4.000000000000000311E-15, 1.000000000000000000, 2.999999999999999839E-15 ) ) ;
#5007 = DIRECTION ( 'NONE',  ( 1.000000000000000000, 4.000000000000001100E-15, 1.156482317317991533E-16 ) ) ;
#5008 = ORIENTED_EDGE ( 'NONE', *, *, #128, .F. ) ;
#5009 = ADVANCED_FACE ( 'NONE', ( #2534, #388, #4603, #2447 ), #3871, .F. ) ;
#5010 = CARTESIAN_POINT ( 'NONE',  ( -21.73909603667274837, 38.25585726271803111, 21.57616807355592670 ) ) ;
#5011 = ORIENTED_EDGE ( 'NONE', *, *, #2140, .T. ) ;
#5012 = DIRECTION ( 'NONE',  ( -1.156482317317995231E-16, 0.000000000000000000, 1.000000000000000000 ) ) ;
#5013 = FACE_OUTER_BOUND ( 'NONE', #4711, .T. ) ;
#5014 = EDGE_LOOP ( 'NONE', ( #3001, #49, #4028, #2163, #5397 ) ) ;
#5015 = CARTESIAN_POINT ( 'NONE',  ( -57.31359624027756183, 14.43453691915565251, 35.27616807355595085 ) ) ;
#5016 = EDGE_CURVE ( 'NONE', #671, #3232, #5590, .T. ) ;
#5017 = DIRECTION ( 'NONE',  ( 4.000000000000001100E-15, -1.000000000000000000, 0.000000000000000000 ) ) ;
#5018 = VECTOR ( 'NONE', #1163, 1000.000000000000000 ) ;
#5019 = EDGE_LOOP ( 'NONE', ( #4170, #4522, #78, #5011, #4495 ) ) ;
#5020 = CARTESIAN_POINT ( 'NONE',  ( -53.01869697567206430, 26.05585726271538505, 42.26037859987173562 ) ) ;
#5021 = PLANE ( 'NONE',  #1817 ) ;
#5022 = VECTOR ( 'NONE', #2053, 1000.000000000000000 ) ;
#5023 = VERTEX_POINT ( 'NONE', #3842 ) ;
#5024 = EDGE_CURVE ( 'NONE', #2691, #651, #2137, .T. ) ;
#5025 = DIRECTION ( 'NONE',  ( 8.673617379885279161E-17, -1.070816960479506926E-16, -1.000000000000000000 ) ) ;
#5026 = CARTESIAN_POINT ( 'NONE',  ( -59.16206792816883819, 41.71351550092931859, 18.52066660385590069 ) ) ;
#5027 = CARTESIAN_POINT ( 'NONE',  ( -57.99918178841910077, 17.27095069853018217, 4.797019024769216600 ) ) ;
#5028 = EDGE_LOOP ( 'NONE', ( #5008, #2778, #1645, #4293 ) ) ;
#5029 = DIRECTION ( 'NONE',  ( 0.000000000000000000, 1.000000000000000000, 0.000000000000000000 ) ) ;
#5030 = DIRECTION ( 'NONE',  ( 1.000000000000000000, 4.081702296416016786E-15, 0.000000000000000000 ) ) ;
#5031 = CARTESIAN_POINT ( 'NONE',  ( -70.23909603667243573, 16.05585726271534597, 21.47616807355595014 ) ) ;
#5032 = LINE ( 'NONE', #2432, #2632 ) ;
#5033 = PLANE ( 'NONE',  #66 ) ;
#5034 = ORIENTED_EDGE ( 'NONE', *, *, #1629, .F. ) ;
#5035 = VERTEX_POINT ( 'NONE', #3442 ) ;
#5036 = FACE_OUTER_BOUND ( 'NONE', #810, .T. ) ;
#5037 = ORIENTED_EDGE ( 'NONE', *, *, #1150, .T. ) ;
#5038 = CARTESIAN_POINT ( 'NONE',  ( -62.46241541114706308, 16.75315739906802293, 37.77616807355595796 ) ) ;
#5039 = FACE_OUTER_BOUND ( 'NONE', #4740, .T. ) ;
#5040 = CIRCLE ( 'NONE', #1738, 4.999999999999997335 ) ;
#5041 = EDGE_CURVE ( 'NONE', #945, #5533, #5473, .T. ) ;
#5042 = ORIENTED_EDGE ( 'NONE', *, *, #4925, .T. ) ;
#5043 = DIRECTION ( 'NONE',  ( -1.000000000000000000, -4.000000000000001100E-15, -1.156482317317991533E-16 ) ) ;
#5044 = VECTOR ( 'NONE', #1378, 1000.000000000000000 ) ;
#5045 = LINE ( 'NONE', #1174, #4640 ) ;
#5046 = VERTEX_POINT ( 'NONE', #760 ) ;
#5047 = ORIENTED_EDGE ( 'NONE', *, *, #3191, .T. ) ;
#5048 = VECTOR ( 'NONE', #1344, 1000.000000000000000 ) ;
#5049 = CARTESIAN_POINT ( 'NONE',  ( -74.23909603667240731, 8.705857262715628764, 14.62616807355592563 ) ) ;
#5050 = EDGE_CURVE ( 'NONE', #5182, #2126, #1450, .T. ) ;
#5051 = DIRECTION ( 'NONE',  ( 0.000000000000000000, 1.000000000000000000, 0.000000000000000000 ) ) ;
#5052 = ORIENTED_EDGE ( 'NONE', *, *, #4183, .T. ) ;
#5053 = B_SPLINE_CURVE_WITH_KNOTS ( 'NONE', 3,
 ( #3078, #984, #1776, #511, #482, #2257 ),
 .UNSPECIFIED., .F., .F.,
 ( 4, 2, 4 ),
 ( 0.002460958222414522199, 0.003133517922235624399, 0.003806077622056726166 ),
 .UNSPECIFIED. ) ;
#5054 = DIRECTION ( 'NONE',  ( 0.000000000000000000, -9.376883653928778575E-17, -1.000000000000000000 ) ) ;
#5055 = VECTOR ( 'NONE', #5351, 1000.000000000000000 ) ;
#5056 = EDGE_CURVE ( 'NONE', #4846, #783, #2672, .T. ) ;
#5057 = CARTESIAN_POINT ( 'NONE',  ( -59.21717732714864724, 40.92623207947379882, 20.28944561085016218 ) ) ;
#5058 = AXIS2_PLACEMENT_3D ( 'NONE', #4666, #420, #1242 ) ;
#5059 = CARTESIAN_POINT ( 'NONE',  ( -111.5487462628538253, 6.155857262715458411, 23.47616807355592528 ) ) ;
#5060 = ORIENTED_EDGE ( 'NONE', *, *, #4120, .F. ) ;
#5061 = AXIS2_PLACEMENT_3D ( 'NONE', #3008, #1286, #2557 ) ;
#5062 = DIRECTION ( 'NONE',  ( -1.000000000000000000, 0.000000000000000000, -8.673617379885238485E-17 ) ) ;
#5063 = CARTESIAN_POINT ( 'NONE',  ( -17.55218945652130458, 32.38822700650373321, -15.68936309519416916 ) ) ;
#5064 = AXIS2_PLACEMENT_3D ( 'NONE', #2730, #4412, #3937 ) ;
#5065 = DIRECTION ( 'NONE',  ( 0.000000000000000000, 1.000000000000000000, 0.000000000000000000 ) ) ;
#5066 = DIRECTION ( 'NONE',  ( 4.000000000000000311E-15, -1.000000000000000000, -2.999999999999999839E-15 ) ) ;
#5067 = CIRCLE ( 'NONE', #4260, 2.999999999999998668 ) ;
#5068 = CARTESIAN_POINT ( 'NONE',  ( -71.73909603667239310, 7.455857262715637646, 15.62616807355592385 ) ) ;
#5069 = EDGE_LOOP ( 'NONE', ( #3872, #1665 ) ) ;
#5070 = ORIENTED_EDGE ( 'NONE', *, *, #867, .F. ) ;
#5071 = CYLINDRICAL_SURFACE ( 'NONE', #2209, 37.50000000000000711 ) ;
#5072 = CARTESIAN_POINT ( 'NONE',  ( -55.43729641468237190, 22.19563033537500019, 39.68465675657557057 ) ) ;
#5073 = CARTESIAN_POINT ( 'NONE',  ( -57.22430246841665991, 41.99332840115166476, 24.58918034770280769 ) ) ;
#5074 = VERTEX_POINT ( 'NONE', #3600 ) ;
#5075 = CARTESIAN_POINT ( 'NONE',  ( -25.35118098928449015, 24.64055212597618905, -15.74957933324282600 ) ) ;
#5076 = DIRECTION ( 'NONE',  ( 0.000000000000000000, 0.000000000000000000, -1.000000000000000000 ) ) ;
#5077 = ORIENTED_EDGE ( 'NONE', *, *, #3997, .F. ) ;
#5078 = ORIENTED_EDGE ( 'NONE', *, *, #2146, .T. ) ;
#5079 = EDGE_CURVE ( 'NONE', #3839, #1226, #579, .T. ) ;
#5080 = CARTESIAN_POINT ( 'NONE',  ( -66.92869064835014115, 9.705857262715657185, 16.77616807355592599 ) ) ;
#5081 = DIRECTION ( 'NONE',  ( 0.000000000000000000, 1.000000000000000000, -0.000000000000000000 ) ) ;
#5082 = VECTOR ( 'NONE', #4605, 1000.000000000000000 ) ;
#5083 = VERTEX_POINT ( 'NONE', #975 ) ;
#5084 = EDGE_CURVE ( 'NONE', #2644, #71, #534, .T. ) ;
#5085 = CARTESIAN_POINT ( 'NONE',  ( -111.5487462628538253, 6.955857262715455569, 21.47616807355592172 ) ) ;
#5086 = DIRECTION ( 'NONE',  ( -1.156482317317995478E-16, 9.376883653928778575E-17, 1.000000000000000000 ) ) ;
#5087 = CARTESIAN_POINT ( 'NONE',  ( -53.21803514912225097, 25.51809654671768612, 1.182838869325123277 ) ) ;
#5088 = VERTEX_POINT ( 'NONE', #1926 ) ;
#5089 = CIRCLE ( 'NONE', #2109, 11.75000000000000000 ) ;
#5090 = CARTESIAN_POINT ( 'NONE',  ( -25.55218945652129747, 31.58650296677028280, -12.01264491654631605 ) ) ;
#5091 = EDGE_CURVE ( 'NONE', #5427, #1819, #335, .T. ) ;
#5092 = LINE ( 'NONE', #5512, #3235 ) ;
#5093 = DIRECTION ( 'NONE',  ( -1.000000000000000000, -3.469446951953611033E-15, 0.000000000000000000 ) ) ;
#5094 = CARTESIAN_POINT ( 'NONE',  ( -21.73909603667274837, -2.444142737284314748, 59.07616807355593380 ) ) ;
#5095 = VECTOR ( 'NONE', #4057, 1000.000000000000000 ) ;
#5096 = ORIENTED_EDGE ( 'NONE', *, *, #5099, .T. ) ;
#5097 = ORIENTED_EDGE ( 'NONE', *, *, #2082, .T. ) ;
#5098 = DIRECTION ( 'NONE',  ( 0.000000000000000000, 0.000000000000000000, 1.000000000000000000 ) ) ;
#5099 = EDGE_CURVE ( 'NONE', #4359, #2828, #156, .T. ) ;
#5100 = PLANE ( 'NONE',  #1811 ) ;
#5101 = CARTESIAN_POINT ( 'NONE',  ( -21.73909603667274837, 38.15585726271802258, 21.57616807355592670 ) ) ;
#5102 = CARTESIAN_POINT ( 'NONE',  ( -21.73909603667244994, 19.79849794983491762, 21.57616807355577393 ) ) ;
#5103 = ORIENTED_EDGE ( 'NONE', *, *, #1960, .F. ) ;
#5104 = DIRECTION ( 'NONE',  ( -4.000000000000001100E-15, 1.000000000000000000, -6.331107576557691484E-17 ) ) ;
#5105 = FACE_OUTER_BOUND ( 'NONE', #4248, .T. ) ;
#5106 = ORIENTED_EDGE ( 'NONE', *, *, #5118, .T. ) ;
#5107 = CARTESIAN_POINT ( 'NONE',  ( -17.55218945652130458, 25.25585726271802045, -15.68936309519416916 ) ) ;
#5108 = FACE_OUTER_BOUND ( 'NONE', #1578, .T. ) ;
#5109 = EDGE_LOOP ( 'NONE', ( #5272, #3988, #3514, #1336 ) ) ;
#5110 = DIRECTION ( 'NONE',  ( 2.891205793294679411E-15, -1.000000000000000000, 0.000000000000000000 ) ) ;
#5111 = DIRECTION ( 'NONE',  ( 0.000000000000000000, 1.000000000000000000, 0.000000000000000000 ) ) ;
#5112 = DIRECTION ( 'NONE',  ( -1.000000000000000000, -4.000000000000001100E-15, -8.673617379885234787E-17 ) ) ;
#5113 = EDGE_CURVE ( 'NONE', #4136, #4854, #3496, .T. ) ;
#5114 = CARTESIAN_POINT ( 'NONE',  ( -60.35732645067563595, 15.05399186090730446, 5.336997263403241654 ) ) ;
#5115 = DIRECTION ( 'NONE',  ( -1.000000000000000000, 0.000000000000000000, -1.156482317317987096E-16 ) ) ;
#5116 = CARTESIAN_POINT ( 'NONE',  ( -71.22977882371537817, 12.22839393708347266, 20.63112711764370744 ) ) ;
#5117 = CARTESIAN_POINT ( 'NONE',  ( -64.73909603667240731, 13.55585726271536373, 13.97616807355594837 ) ) ;
#5118 = EDGE_CURVE ( 'NONE', #1799, #4078, #3659, .T. ) ;
#5119 = DIRECTION ( 'NONE',  ( 0.000000000000000000, 1.000000000000000000, 0.000000000000000000 ) ) ;
#5120 = ORIENTED_EDGE ( 'NONE', *, *, #811, .F. ) ;
#5121 = VERTEX_POINT ( 'NONE', #1292 ) ;
#5122 = CARTESIAN_POINT ( 'NONE',  ( -67.53727705607671794, 16.08645263627872524, 12.97616807355595014 ) ) ;
#5123 = DIRECTION ( 'NONE',  ( 1.000000000000000000, 3.717264591378875951E-15, 0.000000000000000000 ) ) ;
#5124 = CARTESIAN_POINT ( 'NONE',  ( -58.51961004467440830, 19.73250669575655891, 36.65129524170652076 ) ) ;
#5125 = CARTESIAN_POINT ( 'NONE',  ( -57.16102728094899987, 40.74752362570217201, 25.25632764828892007 ) ) ;
#5126 = ORIENTED_EDGE ( 'NONE', *, *, #1279, .F. ) ;
#5127 = EDGE_CURVE ( 'NONE', #1020, #4395, #1414, .T. ) ;
#5128 = FACE_OUTER_BOUND ( 'NONE', #581, .T. ) ;
#5129 = DIRECTION ( 'NONE',  ( 0.02816901408450595695, -1.954618001100577530E-16, -0.9996031745875495478 ) ) ;
#5130 = VERTEX_POINT ( 'NONE', #3177 ) ;
#5131 = CIRCLE ( 'NONE', #2249, 1.050000000000000266 ) ;
#5132 = CARTESIAN_POINT ( 'NONE',  ( -21.73909603667274837, -108.5101599152663425, 59.07616807355593380 ) ) ;
#5133 = CARTESIAN_POINT ( 'NONE',  ( -74.23909603667242152, 13.05585726271532998, 5.376168073555946947 ) ) ;
#5134 = ORIENTED_EDGE ( 'NONE', *, *, #5392, .T. ) ;
#5135 = CARTESIAN_POINT ( 'NONE',  ( -21.73909603667274837, -108.5101599152663425, 10.82616807355592670 ) ) ;
#5136 = AXIS2_PLACEMENT_3D ( 'NONE', #1961, #1544, #3696 ) ;
#5137 = PERSON_AND_ORGANIZATION_ROLE ( 'creator' ) ;
#5138 = CYLINDRICAL_SURFACE ( 'NONE', #554, 5.999999999999998224 ) ;
#5139 = LINE ( 'NONE', #2542, #3162 ) ;
#5140 = ORIENTED_EDGE ( 'NONE', *, *, #1765, .T. ) ;
#5141 = CARTESIAN_POINT ( 'NONE',  ( -56.58697708024856610, 19.05540782364386132, 4.172515547699775951 ) ) ;
#5142 = FACE_OUTER_BOUND ( 'NONE', #2606, .T. ) ;
#5143 = EDGE_CURVE ( 'NONE', #3170, #3096, #1477, .T. ) ;
#5144 = CIRCLE ( 'NONE', #1082, 32.92300904918483440 ) ;
#5145 = CARTESIAN_POINT ( 'NONE',  ( -74.23909603667240731, 8.705857262715628764, 17.77616807355592599 ) ) ;
#5146 = CARTESIAN_POINT ( 'NONE',  ( -57.22500873453075343, 42.25585726271803111, 24.57616807355593025 ) ) ;
#5147 = ORIENTED_EDGE ( 'NONE', *, *, #1156, .T. ) ;
#5148 = VERTEX_POINT ( 'NONE', #4825 ) ;
#5149 = CIRCLE ( 'NONE', #5058, 5.000000000000000888 ) ;
#5150 = CARTESIAN_POINT ( 'NONE',  ( -58.54821747226878159, 19.70808362119581503, 6.518920069519160698 ) ) ;
#5151 = EDGE_CURVE ( 'NONE', #3698, #415, #106, .T. ) ;
#5152 = DIRECTION ( 'NONE',  ( 8.673617379885234787E-17, 0.000000000000000000, -1.000000000000000000 ) ) ;
#5153 = CARTESIAN_POINT ( 'NONE',  ( -59.42245991180679709, 15.82066958903888576, 37.95427654988613142 ) ) ;
#5154 = CARTESIAN_POINT ( 'NONE',  ( -58.90697038374557337, 40.21941447079485954, 26.56482736026956104 ) ) ;
#5155 = ORIENTED_EDGE ( 'NONE', *, *, #3548, .F. ) ;
#5156 = DIRECTION ( 'NONE',  ( -1.000000000000000000, -4.625929269271486111E-15, 0.000000000000000000 ) ) ;
#5157 = AXIS2_PLACEMENT_3D ( 'NONE', #2693, #2770, #4901 ) ;
#5158 = SPHERICAL_SURFACE ( 'NONE', #3646, 3.000000000000000000 ) ;
#5159 = VERTEX_POINT ( 'NONE', #527 ) ;
#5160 = EDGE_CURVE ( 'NONE', #1764, #1494, #3692, .T. ) ;
#5161 = CC_DESIGN_PERSON_AND_ORGANIZATION_ASSIGNMENT ( #4322, #1324, ( #864 ) ) ;
#5162 = DIRECTION ( 'NONE',  ( 1.000000000000000000, 6.608470384673551813E-15, 0.000000000000000000 ) ) ;
#5163 = CARTESIAN_POINT ( 'NONE',  ( -21.73909603667274837, 38.15585726271801548, 21.57616807355592670 ) ) ;
#5164 = EDGE_LOOP ( 'NONE', ( #2440, #3384, #5457, #4911, #3653, #3485, #2591, #4316, #532, #4974, #1547, #2639, #746, #4089 ) ) ;
#5165 = DIRECTION ( 'NONE',  ( -1.000000000000000000, -4.000000000000001100E-15, 0.000000000000000000 ) ) ;
#5166 = ADVANCED_FACE ( 'NONE', ( #2719 ), #3575, .F. ) ;
#5167 = VECTOR ( 'NONE', #988, 1000.000000000000000 ) ;
#5168 = PERSON_AND_ORGANIZATION ( #2494, #1038 ) ;
#5169 = DIRECTION ( 'NONE',  ( 1.000000000000000000, 4.625929269271486111E-15, 4.060502299416422556E-28 ) ) ;
#5170 = CARTESIAN_POINT ( 'NONE',  ( -53.42713358376062160, 24.98065883842630797, 1.467310057137930279 ) ) ;
#5171 = EDGE_LOOP ( 'NONE', ( #2072, #1534, #3912, #3215 ) ) ;
#5172 = CARTESIAN_POINT ( 'NONE',  ( -62.46241541114711993, 16.75315739906801937, 5.376168073555963822 ) ) ;
#5173 = DIRECTION ( 'NONE',  ( -1.000000000000000000, 0.000000000000000000, 0.000000000000000000 ) ) ;
#5174 = VECTOR ( 'NONE', #3966, 1000.000000000000000 ) ;
#5175 = CARTESIAN_POINT ( 'NONE',  ( -70.49836485754276794, 12.99033349513882385, 21.44990614621110936 ) ) ;
#5176 = CARTESIAN_POINT ( 'NONE',  ( -67.36814380232303279, 13.05585726271536373, 37.77616807355595085 ) ) ;
#5177 = CARTESIAN_POINT ( 'NONE',  ( -1.526422912400996257, 40.25585726271802400, 28.46663033463468651 ) ) ;
#5178 = ORIENTED_EDGE ( 'NONE', *, *, #5160, .T. ) ;
#5179 = CARTESIAN_POINT ( 'NONE',  ( -53.01869697567209272, 26.05585726271537794, 0.8919575472401651828 ) ) ;
#5180 = ORIENTED_EDGE ( 'NONE', *, *, #4080, .F. ) ;
#5181 = DIRECTION ( 'NONE',  ( 1.000000000000000000, 4.000000000000001100E-15, 0.000000000000000000 ) ) ;
#5182 = VERTEX_POINT ( 'NONE', #3980 ) ;
#5183 = CARTESIAN_POINT ( 'NONE',  ( -56.61777569311281155, 17.67717760627512291, 21.57616807355576682 ) ) ;
#5184 = VERTEX_POINT ( 'NONE', #4502 ) ;
#5185 = ADVANCED_FACE ( 'NONE', ( #1824 ), #3553, .F. ) ;
#5186 = ORIENTED_EDGE ( 'NONE', *, *, #3673, .T. ) ;
#5187 = DIRECTION ( 'NONE',  ( -1.000000000000000000, 0.000000000000000000, 0.000000000000000000 ) ) ;
#5188 = LINE ( 'NONE', #2226, #1161 ) ;
#5189 = VERTEX_POINT ( 'NONE', #3310 ) ;
#5190 = EDGE_CURVE ( 'NONE', #3526, #52, #5370, .T. ) ;
#5191 = DIRECTION ( 'NONE',  ( -1.000000000000000000, -4.625929269271489266E-15, 0.000000000000000000 ) ) ;
#5192 = CARTESIAN_POINT ( 'NONE',  ( 0.000000000000000000, 0.000000000000000000, 0.000000000000000000 ) ) ;
#5193 = DIRECTION ( 'NONE',  ( 1.000000000000000000, 3.975407965780184239E-15, 0.000000000000000000 ) ) ;
#5194 = ORIENTED_EDGE ( 'NONE', *, *, #3574, .T. ) ;
#5195 = ADVANCED_FACE ( 'NONE', ( #317 ), #238, .T. ) ;
#5196 = DIRECTION ( 'NONE',  ( 0.000000000000000000, -1.000000000000000000, -3.469446951953611033E-15 ) ) ;
#5197 = DIRECTION ( 'NONE',  ( 0.000000000000000000, -1.000000000000000000, 0.000000000000000000 ) ) ;
#5198 = VECTOR ( 'NONE', #2800, 1000.000000000000000 ) ;
#5199 = CARTESIAN_POINT ( 'NONE',  ( -25.55218945652130458, 37.55585726271590374, -12.20933648937035088 ) ) ;
#5200 = DIRECTION ( 'NONE',  ( -4.000000000000001100E-15, 1.000000000000000000, -1.070816960479510500E-16 ) ) ;
#5201 = CARTESIAN_POINT ( 'NONE',  ( -64.73909603667242152, 17.11849695311790498, 20.47616807355595014 ) ) ;
#5202 = AXIS2_PLACEMENT_3D ( 'NONE', #3324, #5051, #3412 ) ;
#5203 = ORIENTED_EDGE ( 'NONE', *, *, #674, .T. ) ;
#5204 = EDGE_LOOP ( 'NONE', ( #3769, #3410, #3546, #519 ) ) ;
#5205 = CARTESIAN_POINT ( 'NONE',  ( -54.47171523383543956, 24.02486873310553506, 40.28622530549301217 ) ) ;
#5206 = ORIENTED_EDGE ( 'NONE', *, *, #1432, .T. ) ;
#5207 = DIRECTION ( 'NONE',  ( 4.000000000000000311E-15, -1.000000000000000000, -2.999999999999999444E-15 ) ) ;
#5208 = ORIENTED_EDGE ( 'NONE', *, *, #1401, .T. ) ;
#5209 = CARTESIAN_POINT ( 'NONE',  ( -58.94370532173488186, 38.25585726579582513, 26.30660922375477284 ) ) ;
#5210 = EDGE_LOOP ( 'NONE', ( #4379, #2097, #2443, #3703 ) ) ;
#5211 = LINE ( 'NONE', #2133, #2920 ) ;
#5212 = EDGE_LOOP ( 'NONE', ( #5106, #3300, #3530, #326 ) ) ;
#5213 = EDGE_CURVE ( 'NONE', #3321, #2918, #2034, .T. ) ;
#5214 = CARTESIAN_POINT ( 'NONE',  ( -74.23909603667237889, 2.155857262715455747, 21.47616807355592883 ) ) ;
#5215 = CARTESIAN_POINT ( 'NONE',  ( -21.73909603667274837, 38.15585726271802258, 21.57616807355592670 ) ) ;
#5216 = EDGE_LOOP ( 'NONE', ( #5474, #5310 ) ) ;
#5217 = CARTESIAN_POINT ( 'NONE',  ( -52.11890341980409858, 45.25585726271802400, 19.57616807355593380 ) ) ;
#5218 = EDGE_CURVE ( 'NONE', #2365, #3865, #5482, .T. ) ;
#5219 = COORDINATED_UNIVERSAL_TIME_OFFSET ( 8, 0, .AHEAD. ) ;
#5220 = CARTESIAN_POINT ( 'NONE',  ( -21.73909603667274837, 38.15585726271802258, 21.57616807355592670 ) ) ;
#5221 = DIRECTION ( 'NONE',  ( 0.000000000000000000, -1.000000000000000000, 0.000000000000000000 ) ) ;
#5222 = VERTEX_POINT ( 'NONE', #4952 ) ;
#5223 = DIRECTION ( 'NONE',  ( 0.000000000000000000, 1.000000000000000000, 0.000000000000000000 ) ) ;
#5224 = CIRCLE ( 'NONE', #1798, 1.000000000000000888 ) ;
#5225 = LINE ( 'NONE', #2633, #2695 ) ;
#5226 = EDGE_CURVE ( 'NONE', #4239, #80, #4480, .T. ) ;
#5227 = ADVANCED_FACE ( 'NONE', ( #772, #2433 ), #2917, .T. ) ;
#5228 = PLANE ( 'NONE',  #3161 ) ;
#5229 = VECTOR ( 'NONE', #957, 1000.000000000000000 ) ;
#5230 = LINE ( 'NONE', #2578, #647 ) ;
#5231 = EDGE_LOOP ( 'NONE', ( #720, #1552, #3677, #905 ) ) ;
#5232 = CARTESIAN_POINT ( 'NONE',  ( -58.33036502382178412, 19.89469253057991693, 36.77040615954111047 ) ) ;
#5233 = ORIENTED_EDGE ( 'NONE', *, *, #838, .F. ) ;
#5234 = CARTESIAN_POINT ( 'NONE',  ( -18.55218945652130458, 24.25585726271803111, -12.27414398481953306 ) ) ;
#5235 = ORIENTED_EDGE ( 'NONE', *, *, #1839, .T. ) ;
#5236 = DIRECTION ( 'NONE',  ( -4.000000000000001100E-15, 1.000000000000000000, -1.070816960479510377E-16 ) ) ;
#5237 = EDGE_LOOP ( 'NONE', ( #3757, #3362 ) ) ;
#5238 = AXIS2_PLACEMENT_3D ( 'NONE', #3254, #5065, #287 ) ;
#5239 = CIRCLE ( 'NONE', #3076, 5.999999999999998224 ) ;
#5240 = DIRECTION ( 'NONE',  ( 4.000000000000001100E-15, -1.000000000000000000, 1.070816960479510500E-16 ) ) ;
#5241 = ORIENTED_EDGE ( 'NONE', *, *, #1723, .T. ) ;
#5242 = AXIS2_PLACEMENT_3D ( 'NONE', #1382, #3133, #116 ) ;
#5243 = VERTEX_POINT ( 'NONE', #4110 ) ;
#5244 = CARTESIAN_POINT ( 'NONE',  ( -46.23909603667240731, 6.555857262715742984, 2.876168073555665394 ) ) ;
#5245 = B_SPLINE_CURVE_WITH_KNOTS ( 'NONE', 3,
 ( #4632, #2417, #2022, #333, #2504, #5441, #1572, #1147 ),
 .UNSPECIFIED., .F., .F.,
 ( 4, 2, 2, 4 ),
 ( 0.02908375194612989462, 0.03016105646760883219, 0.03069970872834830791, 0.03123836098908778711 ),
 .UNSPECIFIED. ) ;
#5246 = AXIS2_PLACEMENT_3D ( 'NONE', #5102, #352, #2951 ) ;
#5247 = EDGE_CURVE ( 'NONE', #783, #175, #2492, .T. ) ;
#5248 = VERTEX_POINT ( 'NONE', #5068 ) ;
#5249 = CARTESIAN_POINT ( 'NONE',  ( -64.23909603667239310, 7.455857262715668732, 15.62616807355592385 ) ) ;
#5250 = AXIS2_PLACEMENT_3D ( 'NONE', #2314, #171, #3542 ) ;
#5251 = SECURITY_CLASSIFICATION_LEVEL ( 'unclassified' ) ;
#5252 = CARTESIAN_POINT ( 'NONE',  ( -21.73909603667274482, -2.444142737284090039, -15.92383192644408041 ) ) ;
#5253 = EDGE_LOOP ( 'NONE', ( #4587, #1660, #3992, #4105 ) ) ;
#5254 = EDGE_CURVE ( 'NONE', #4630, #3057, #970, .T. ) ;
#5255 = CARTESIAN_POINT ( 'NONE',  ( -55.07952279158725162, 22.66568611386584919, 3.187972228497769844 ) ) ;
#5256 = LINE ( 'NONE', #1386, #3101 ) ;
#5257 = CARTESIAN_POINT ( 'NONE',  ( -64.13993126874849793, 16.49004062358893563, 8.104100707796778380 ) ) ;
#5258 = CARTESIAN_POINT ( 'NONE',  ( -24.55218945652130813, 24.25585726271801690, -15.81816980547604778 ) ) ;
#5259 = CARTESIAN_POINT ( 'NONE',  ( -51.53311698217719083, 45.25585726271802400, 18.99038163592902251 ) ) ;
#5260 = AXIS2_PLACEMENT_3D ( 'NONE', #1835, #5334, #3190 ) ;
#5261 = EDGE_CURVE ( 'NONE', #943, #1551, #2064, .T. ) ;
#5262 = VERTEX_POINT ( 'NONE', #3229 ) ;
#5263 = CARTESIAN_POINT ( 'NONE',  ( -54.47177208920846425, 24.02479536798592719, 2.866179512895422832 ) ) ;
#5264 = VERTEX_POINT ( 'NONE', #1583 ) ;
#5265 = CARTESIAN_POINT ( 'NONE',  ( -51.11890341980409147, 45.25585726271802400, 18.57616807355593025 ) ) ;
#5266 = VERTEX_POINT ( 'NONE', #4161 ) ;
#5267 = DIRECTION ( 'NONE',  ( 1.000000000000000000, 4.000000000000001100E-15, 2.892154068645635447E-32 ) ) ;
#5268 = CARTESIAN_POINT ( 'NONE',  ( -57.98066443314858986, 13.94928835857033889, 7.876168073555950500 ) ) ;
#5269 = VECTOR ( 'NONE', #2618, 1000.000000000000000 ) ;
#5270 = EDGE_CURVE ( 'NONE', #5243, #3443, #3491, .T. ) ;
#5271 = DIRECTION ( 'NONE',  ( 1.000000000000000000, 4.047688110612546206E-15, 0.000000000000000000 ) ) ;
#5272 = ORIENTED_EDGE ( 'NONE', *, *, #4501, .F. ) ;
#5273 = DIRECTION ( 'NONE',  ( -1.156482317317987096E-16, -1.084202172485509364E-16, 1.000000000000000000 ) ) ;
#5274 = CARTESIAN_POINT ( 'NONE',  ( -62.61623094034136727, 17.08274344716650361, 7.957619195965616399 ) ) ;
#5275 = EDGE_LOOP ( 'NONE', ( #4040, #4496, #1278, #2978 ) ) ;
#5276 = CARTESIAN_POINT ( 'NONE',  ( -71.73909603667240731, 8.705857262715639422, 17.77616807355592599 ) ) ;
#5277 = LOCAL_TIME ( 14, 8, 25.00000000000000000, #4269 ) ;
#5278 = FACE_OUTER_BOUND ( 'NONE', #493, .T. ) ;
#5279 = LINE ( 'NONE', #1464, #5167 ) ;
#5280 = EDGE_CURVE ( 'NONE', #2675, #1418, #3214, .T. ) ;
#5281 = CARTESIAN_POINT ( 'NONE',  ( -21.73909603667274837, 39.25585726271802400, 40.07616807355592670 ) ) ;
#5282 = DIRECTION ( 'NONE',  ( 0.000000000000000000, 0.000000000000000000, 1.000000000000000000 ) ) ;
#5283 = DIRECTION ( 'NONE',  ( -0.000000000000000000, -1.000000000000000000, -0.000000000000000000 ) ) ;
#5284 = ORIENTED_EDGE ( 'NONE', *, *, #497, .T. ) ;
#5285 = EDGE_LOOP ( 'NONE', ( #336, #3196, #1574, #3352 ) ) ;
#5286 = AXIS2_PLACEMENT_3D ( 'NONE', #3339, #4558, #4190 ) ;
#5287 = CARTESIAN_POINT ( 'NONE',  ( -21.73909603667274837, 40.25585726271802400, 21.57616807355592670 ) ) ;
#5288 = EDGE_CURVE ( 'NONE', #1710, #2556, #782, .T. ) ;
#5289 = CARTESIAN_POINT ( 'NONE',  ( -64.23909603667240731, 8.705857262715667844, 21.02616807355592599 ) ) ;
#5290 = VECTOR ( 'NONE', #3356, 1000.000000000000000 ) ;
#5291 = CARTESIAN_POINT ( 'NONE',  ( -25.55218945652136142, 25.25585726271802045, -15.72946579817325485 ) ) ;
#5292 = CARTESIAN_POINT ( 'NONE',  ( -64.23909603667240731, 8.705857262715667844, 16.77616807355592599 ) ) ;
#5293 = CARTESIAN_POINT ( 'NONE',  ( 15.76190396332749444, -2.444142737284028311, 5.376168073555959381 ) ) ;
#5294 = VERTEX_POINT ( 'NONE', #262 ) ;
#5295 = AXIS2_PLACEMENT_3D ( 'NONE', #4154, #767, #5062 ) ;
#5296 = ADVANCED_FACE ( 'NONE', ( #3257 ), #5033, .F. ) ;
#5297 = CARTESIAN_POINT ( 'NONE',  ( -74.23909603667240731, 9.705857262715628764, 17.77616807355592599 ) ) ;
#5298 = DIRECTION ( 'NONE',  ( 1.000000000000000000, -0.000000000000000000, 4.336808689942017736E-16 ) ) ;
#5299 = ORIENTED_EDGE ( 'NONE', *, *, #2922, .T. ) ;
#5300 = FACE_OUTER_BOUND ( 'NONE', #4604, .T. ) ;
#5301 = DIRECTION ( 'NONE',  ( 1.000000000000000000, 4.000000000000000311E-15, 5.712335700351553042E-31 ) ) ;
#5302 = LINE ( 'NONE', #4890, #667 ) ;
#5303 = CARTESIAN_POINT ( 'NONE',  ( -66.92869064835014115, 10.95585726271565541, 14.62616807355592563 ) ) ;
#5304 = VECTOR ( 'NONE', #3595, 1000.000000000000000 ) ;
#5305 = CARTESIAN_POINT ( 'NONE',  ( -71.23909603667236468, -2.444142737284652256, 37.77616807355595085 ) ) ;
#5306 = DIRECTION ( 'NONE',  ( 0.000000000000000000, 0.000000000000000000, 1.000000000000000000 ) ) ;
#5307 = PLANE ( 'NONE',  #5561 ) ;
#5308 = VECTOR ( 'NONE', #844, 1000.000000000000000 ) ;
#5309 = VERTEX_POINT ( 'NONE', #2404 ) ;
#5310 = ORIENTED_EDGE ( 'NONE', *, *, #3187, .F. ) ;
#5311 = EDGE_CURVE ( 'NONE', #2453, #2887, #2886, .T. ) ;
#5312 = LINE ( 'NONE', #3628, #5304 ) ;
#5313 = VECTOR ( 'NONE', #2328, 1000.000000000000000 ) ;
#5314 = DIRECTION ( 'NONE',  ( -1.000000000000000000, -3.989863994746658684E-15, 0.000000000000000000 ) ) ;
#5315 = CARTESIAN_POINT ( 'NONE',  ( -1.526422912400996035, 40.25585726271802400, 26.36663033463468508 ) ) ;
#5316 = DIRECTION ( 'NONE',  ( -1.000000000000000000, -3.989863994746658684E-15, 0.000000000000000000 ) ) ;
#5317 = ADVANCED_FACE ( 'NONE', ( #744 ), #4246, .T. ) ;
#5318 = DIRECTION ( 'NONE',  ( -0.000000000000000000, 1.000000000000000000, -0.000000000000000000 ) ) ;
#5319 = VERTEX_POINT ( 'NONE', #491 ) ;
#5320 = CARTESIAN_POINT ( 'NONE',  ( -21.73909603667274837, 40.25585726271802400, 57.07616807355592670 ) ) ;
#5321 = CIRCLE ( 'NONE', #3709, 3.000000000000002665 ) ;
#5322 = CARTESIAN_POINT ( 'NONE',  ( -61.35992389273858549, 14.39080930250184309, 5.376168073555949611 ) ) ;
#5323 = AXIS2_PLACEMENT_3D ( 'NONE', #1098, #5447, #4971 ) ;
#5324 = CARTESIAN_POINT ( 'NONE',  ( -57.39857120823135972, 17.98550018075737000, 38.59189382253077838 ) ) ;
#5325 = EDGE_CURVE ( 'NONE', #4662, #5463, #2308, .T. ) ;
#5326 = ADVANCED_FACE ( 'NONE', ( #3397 ), #3827, .T. ) ;
#5327 = VECTOR ( 'NONE', #4995, 1000.000000000000000 ) ;
#5328 = ORIENTED_EDGE ( 'NONE', *, *, #1104, .F. ) ;
#5329 = FACE_OUTER_BOUND ( 'NONE', #1383, .T. ) ;
#5330 = VECTOR ( 'NONE', #4564, 1000.000000000000000 ) ;
#5331 = DIRECTION ( 'NONE',  ( 0.000000000000000000, 1.000000000000000000, 0.000000000000000000 ) ) ;
#5332 = EDGE_CURVE ( 'NONE', #1963, #3821, #4664, .T. ) ;
#5333 = VECTOR ( 'NONE', #3970, 1000.000000000000000 ) ;
#5334 = DIRECTION ( 'NONE',  ( -4.000000000000000311E-15, 1.000000000000000000, 2.999999999999999839E-15 ) ) ;
#5335 = CARTESIAN_POINT ( 'NONE',  ( -59.16944230674919680, 41.98515738516177009, 18.57616807160333749 ) ) ;
#5336 = CARTESIAN_POINT ( 'NONE',  ( -53.29313630359114029, 7.555857262715616862, 35.65695191158806665 ) ) ;
#5337 = ORIENTED_EDGE ( 'NONE', *, *, #670, .F. ) ;
#5338 = CARTESIAN_POINT ( 'NONE',  ( -51.11890341980409147, 44.25585726271802400, 18.57616807355593025 ) ) ;
#5339 = EDGE_LOOP ( 'NONE', ( #1815, #5120, #4505, #884 ) ) ;
#5340 = DIRECTION ( 'NONE',  ( 0.000000000000000000, 1.000000000000000000, 0.000000000000000000 ) ) ;
#5341 = CARTESIAN_POINT ( 'NONE',  ( -46.23909603667240731, 6.555857262715630185, 40.27616807355597217 ) ) ;
#5342 = CIRCLE ( 'NONE', #2912, 38.12132034355975208 ) ;
#5343 = CARTESIAN_POINT ( 'NONE',  ( -74.23909603667240731, 9.705857262715626987, 13.47616807355592528 ) ) ;
#5344 = CARTESIAN_POINT ( 'NONE',  ( -58.75413498236000009, 13.65083668277270235, 7.876168073555952276 ) ) ;
#5345 = CARTESIAN_POINT ( 'NONE',  ( -71.23909603667243573, 16.05585726271534597, 37.77616807355595085 ) ) ;
#5346 = ORIENTED_EDGE ( 'NONE', *, *, #925, .F. ) ;
#5347 = DIRECTION ( 'NONE',  ( 4.000000000000000311E-15, -1.000000000000000000, -3.000000000000000233E-15 ) ) ;
#5348 = DIRECTION ( 'NONE',  ( 4.000000000000000311E-15, -1.000000000000000000, -2.999999999999999839E-15 ) ) ;
#5349 = EDGE_CURVE ( 'NONE', #2607, #4298, #1535, .T. ) ;
#5350 = VECTOR ( 'NONE', #24, 1000.000000000000000 ) ;
#5351 = DIRECTION ( 'NONE',  ( -1.000000000000000000, -4.000000000000001100E-15, -1.156482317317991533E-16 ) ) ;
#5352 = VECTOR ( 'NONE', #637, 1000.000000000000000 ) ;
#5353 = ORIENTED_EDGE ( 'NONE', *, *, #1047, .T. ) ;
#5354 = CARTESIAN_POINT ( 'NONE',  ( -70.23909603667242152, 13.15393347406866376, 12.97616807355595014 ) ) ;
#5355 = EDGE_CURVE ( 'NONE', #2872, #1045, #2845, .T. ) ;
#5356 = PLANE ( 'NONE',  #3803 ) ;
#5357 = CIRCLE ( 'NONE', #3655, 37.50000000000000711 ) ;
#5358 = ORIENTED_EDGE ( 'NONE', *, *, #2422, .T. ) ;
#5359 = CARTESIAN_POINT ( 'NONE',  ( -53.33974965671721691, 17.98530127471480355, 35.59780285931358890 ) ) ;
#5360 = EDGE_CURVE ( 'NONE', #1874, #5294, #2971, .T. ) ;
#5361 = FACE_BOUND ( 'NONE', #4280, .T. ) ;
#5362 = LINE ( 'NONE', #1493, #474 ) ;
#5363 = ORIENTED_EDGE ( 'NONE', *, *, #906, .T. ) ;
#5364 = EDGE_LOOP ( 'NONE', ( #1720, #4525, #5583, #159 ) ) ;
#5365 = DIRECTION ( 'NONE',  ( 0.000000000000000000, 1.000000000000000000, 0.000000000000000000 ) ) ;
#5366 = ORIENTED_EDGE ( 'NONE', *, *, #3016, .F. ) ;
#5367 = AXIS2_PLACEMENT_3D ( 'NONE', #3707, #3792, #3680 ) ;
#5368 = CARTESIAN_POINT ( 'NONE',  ( -57.19209913698212944, 41.02770418406149133, 24.99218594266170612 ) ) ;
#5369 = LINE ( 'NONE', #4425, #1186 ) ;
#5370 = LINE ( 'NONE', #4533, #5198 ) ;
#5371 = CARTESIAN_POINT ( 'NONE',  ( -74.23909603667236468, -2.444142737284396460, 8.376168073555948723 ) ) ;
#5372 = EDGE_LOOP ( 'NONE', ( #1705, #3040, #2802, #2960 ) ) ;
#5373 = AXIS2_PLACEMENT_3D ( 'NONE', #3282, #660, #2377 ) ;
#5374 = CARTESIAN_POINT ( 'NONE',  ( -18.02372791916642569, 33.11564407648010899, -11.24486547512513468 ) ) ;
#5375 = CARTESIAN_POINT ( 'NONE',  ( -71.73909603667236468, -3.228907953474740840E-13, 14.62616807355592741 ) ) ;
#5376 = FACE_OUTER_BOUND ( 'NONE', #3125, .T. ) ;
#5377 = ORIENTED_EDGE ( 'NONE', *, *, #5143, .F. ) ;
#5378 = EDGE_CURVE ( 'NONE', #1340, #3732, #1320, .T. ) ;
#5379 = CLOSED_SHELL ( 'NONE', ( #1795, #187, #5166, #434, #3850, #2309, #4529, #1501, #2943, #2829, #4087, #4189, #5195, #2646, #725, #848, #3737, #1667, #3754, #2630, #976, #1347, #3023, #2745, #218, #4581, #1193, #3182, #4295, #2765, #471, #2416, #3256, #1833, #5470, #1035, #4472, #4945, #1522, #3805, #3391, #5009, #3662, #162, #4705, #1452, #3430, #3817, #4431, #3082, #699, #50, #222, #2154, #1770, #509, #3216, #1151, #195, #3163, #3401, #794, #453, #4380, #5326, #2797, #1119, #83, #1965, #5227, #2347, #1875, #748, #4954, #4362, #4320, #829, #2041, #1185, #4649, #2285, #4016, #4665, #3582, #2152, #3332, #1570, #2836, #4460, #3605, #2705, #2660, #1010, #2953, #3319, #3118, #843, #1217, #1555, #607, #4606, #4348, #3399, #5296, #3844, #3009, #4155, #4201, #4773, #120, #94, #4746, #535, #3500, #5185, #4837, #4061, #3860, #655, #1740, #577, #1063, #3045, #2488, #2215, #2869, #5493, #3148, #4878, #1384, #5383, #4790, #4969, #2913, #87, #2758, #1741, #938, #540, #4889, #4060 ) ) ;
#5380 = CARTESIAN_POINT ( 'NONE',  ( -71.73909603667236468, -3.228907953474740840E-13, 21.02616807355592599 ) ) ;
#5381 = DIRECTION ( 'NONE',  ( -4.000000000000000311E-15, 1.000000000000000000, 2.999999999999999839E-15 ) ) ;
#5382 = ORIENTED_EDGE ( 'NONE', *, *, #1481, .T. ) ;
#5383 = ADVANCED_FACE ( 'NONE', ( #3855, #1671 ), #3056, .T. ) ;
#5384 = CARTESIAN_POINT ( 'NONE',  ( -74.23909603667240731, 9.705857262715626987, 15.62616807355592385 ) ) ;
#5385 = PLANE ( 'NONE',  #4704 ) ;
#5386 = DIRECTION ( 'NONE',  ( 0.000000000000000000, 1.000000000000000000, 0.000000000000000000 ) ) ;
#5387 = ORIENTED_EDGE ( 'NONE', *, *, #3493, .F. ) ;
#5388 = ORIENTED_EDGE ( 'NONE', *, *, #1531, .F. ) ;
#5389 = CARTESIAN_POINT ( 'NONE',  ( -46.23909603667240731, 6.555857262715630185, 40.27616807355597217 ) ) ;
#5390 = EDGE_CURVE ( 'NONE', #1090, #484, #4701, .T. ) ;
#5391 = DIRECTION ( 'NONE',  ( 4.000000000000000311E-15, -1.000000000000000000, -2.999999999999999839E-15 ) ) ;
#5392 = EDGE_CURVE ( 'NONE', #1866, #1023, #4754, .T. ) ;
#5393 = CIRCLE ( 'NONE', #4865, 3.000000000000002665 ) ;
#5394 = CARTESIAN_POINT ( 'NONE',  ( -74.23909603667239310, 6.155857262715631606, 32.97616807355592528 ) ) ;
#5395 = CARTESIAN_POINT ( 'NONE',  ( -74.23909603667237889, 2.155857262715628941, 12.97616807355592883 ) ) ;
#5396 = CARTESIAN_POINT ( 'NONE',  ( -21.73909603667236112, -2.444142737284214828, 21.57616807355570643 ) ) ;
#5397 = ORIENTED_EDGE ( 'NONE', *, *, #985, .T. ) ;
#5398 = CARTESIAN_POINT ( 'NONE',  ( -71.73909603667240731, 9.705857262715637646, 21.02616807355592599 ) ) ;
#5399 = EDGE_CURVE ( 'NONE', #3170, #361, #1222, .T. ) ;
#5400 = AXIS2_PLACEMENT_3D ( 'NONE', #5408, #4487, #3186 ) ;
#5401 = VERTEX_POINT ( 'NONE', #5146 ) ;
#5402 = CARTESIAN_POINT ( 'NONE',  ( -1.526422912400996257, 37.35585726271801832, 28.46663033463468651 ) ) ;
#5403 = DIRECTION ( 'NONE',  ( 0.000000000000000000, 0.000000000000000000, 1.000000000000000000 ) ) ;
#5404 = DIRECTION ( 'NONE',  ( -8.673617379885238485E-17, -9.629649721937519257E-31, 1.000000000000000000 ) ) ;
#5405 = CARTESIAN_POINT ( 'NONE',  ( 5.435504178569402711, -108.5101599152663425, 22.47876338647399308 ) ) ;
#5406 = ORIENTED_EDGE ( 'NONE', *, *, #5435, .T. ) ;
#5407 = AXIS2_PLACEMENT_3D ( 'NONE', #1550, #3761, #4212 ) ;
#5408 = CARTESIAN_POINT ( 'NONE',  ( -70.23909603667247836, 26.05585726271534597, 20.47616807355595014 ) ) ;
#5409 = DIRECTION ( 'NONE',  ( 4.000000000000001100E-15, -1.000000000000000000, 0.000000000000000000 ) ) ;
#5410 = ORIENTED_EDGE ( 'NONE', *, *, #1087, .F. ) ;
#5411 = VECTOR ( 'NONE', #3416, 1000.000000000000000 ) ;
#5412 = AXIS2_PLACEMENT_3D ( 'NONE', #5265, #2298, #1398 ) ;
#5413 = LINE ( 'NONE', #2421, #4274 ) ;
#5414 = CARTESIAN_POINT ( 'NONE',  ( -58.94030992662585788, 38.28136800316411126, 16.84405058715239534 ) ) ;
#5415 = LINE ( 'NONE', #253, #4883 ) ;
#5416 = VERTEX_POINT ( 'NONE', #5546 ) ;
#5417 = EDGE_CURVE ( 'NONE', #3570, #2020, #2679, .T. ) ;
#5418 = AXIS2_PLACEMENT_3D ( 'NONE', #777, #268, #4988 ) ;
#5419 = EDGE_LOOP ( 'NONE', ( #2919, #5235, #3275, #104 ) ) ;
#5420 = CYLINDRICAL_SURFACE ( 'NONE', #2291, 10.00000000000000000 ) ;
#5421 = CARTESIAN_POINT ( 'NONE',  ( -61.35992389273854997, 14.39080930250185553, 37.77616807355595085 ) ) ;
#5422 = B_SPLINE_CURVE_WITH_KNOTS ( 'NONE', 3,
 ( #2195, #1375, #51, #1766, #3954, #952, #79, #1793, #3100, #2674, #4828, #1849, #632, #1478, #663, #1927 ),
 .UNSPECIFIED., .F., .F.,
 ( 4, 2, 2, 2, 2, 2, 2, 4 ),
 ( 0.000000000000000000, 0.0003942369132618932042, 0.0007884738265237864084, 0.001182710739785679775, 0.001576947653047572817, 0.001971184566309465858, 0.002365421479571359550, 0.003153895306095122648 ),
 .UNSPECIFIED. ) ;
#5423 = CARTESIAN_POINT ( 'NONE',  ( -56.88521957825269482, 40.25585726271802400, 26.57616807355593025 ) ) ;
#5424 = DIRECTION ( 'NONE',  ( 0.000000000000000000, 0.000000000000000000, 1.000000000000000000 ) ) ;
#5425 = EDGE_CURVE ( 'NONE', #3698, #653, #4305, .T. ) ;
#5426 = CARTESIAN_POINT ( 'NONE',  ( -54.75590993504838622, -2.444142737284586531, 35.27616807355595085 ) ) ;
#5427 = VERTEX_POINT ( 'NONE', #1306 ) ;
#5428 = ORIENTED_EDGE ( 'NONE', *, *, #703, .T. ) ;
#5429 = PRODUCT ( 'HD底座', 'HD底座', '', ( #4386 ) ) ;
#5430 = CARTESIAN_POINT ( 'NONE',  ( -61.48110388456184694, 17.64314367229906466, 35.37093849919621391 ) ) ;
#5431 = ORIENTED_EDGE ( 'NONE', *, *, #2390, .T. ) ;
#5432 = PLANE ( 'NONE',  #5540 ) ;
#5433 = DIRECTION ( 'NONE',  ( -4.000000000000001100E-15, 1.000000000000000000, 0.000000000000000000 ) ) ;
#5434 = ORIENTED_EDGE ( 'NONE', *, *, #2702, .F. ) ;
#5435 = EDGE_CURVE ( 'NONE', #2153, #3780, #1727, .T. ) ;
#5436 = FACE_OUTER_BOUND ( 'NONE', #4139, .T. ) ;
#5437 = DIRECTION ( 'NONE',  ( -0.000000000000000000, -1.000000000000000000, -0.000000000000000000 ) ) ;
#5438 = ORIENTED_EDGE ( 'NONE', *, *, #2728, .F. ) ;
#5439 = AXIS2_PLACEMENT_3D ( 'NONE', #3537, #5129, #3320 ) ;
#5440 = B_SPLINE_CURVE_WITH_KNOTS ( 'NONE', 3,
 ( #2084, #3017, #4692, #1746, #4356, #447, #4268, #1773 ),
 .UNSPECIFIED., .F., .F.,
 ( 4, 2, 2, 4 ),
 ( 3.469446951953614189E-18, 0.0003912760722293362535, 0.0007825521444586690375, 0.001565104288917341978 ),
 .UNSPECIFIED. ) ;
#5441 = CARTESIAN_POINT ( 'NONE',  ( -17.55218945652130458, 31.92315606448985221, -11.84333768765410255 ) ) ;
#5442 = DIRECTION ( 'NONE',  ( 1.000000000000000000, 4.625929269271486111E-15, 4.060502299416422556E-28 ) ) ;
#5443 = ORIENTED_EDGE ( 'NONE', *, *, #1039, .T. ) ;
#5444 = CARTESIAN_POINT ( 'NONE',  ( -71.73909603667239310, 6.155857262715642264, 32.97616807355592528 ) ) ;
#5445 = AXIS2_PLACEMENT_3D ( 'NONE', #3459, #521, #2188 ) ;
#5446 = CARTESIAN_POINT ( 'NONE',  ( -57.21132051725535206, 41.36663722660536990, 18.37236283861138020 ) ) ;
#5447 = DIRECTION ( 'NONE',  ( -1.000000000000000000, -4.000000000000001100E-15, -1.156482317317991533E-16 ) ) ;
#5448 = VERTEX_POINT ( 'NONE', #2151 ) ;
#5449 = CIRCLE ( 'NONE', #5002, 34.00000000000000000 ) ;
#5450 = DIRECTION ( 'NONE',  ( -0.9996031745875495478, 0.000000000000000000, 0.02816901408450595001 ) ) ;
#5451 = CARTESIAN_POINT ( 'NONE',  ( -61.35992389273858549, 14.39080930250184309, 8.376168073555959381 ) ) ;
#5452 = EDGE_CURVE ( 'NONE', #1135, #1309, #3886, .T. ) ;
#5453 = CARTESIAN_POINT ( 'NONE',  ( -66.92869064835014115, 8.705857262715658962, 17.77616807355592599 ) ) ;
#5454 = CARTESIAN_POINT ( 'NONE',  ( -54.75590993504850701, -2.444142737284299649, 4.876168073555836813 ) ) ;
#5455 = DIRECTION ( 'NONE',  ( 4.000000000000000311E-15, -1.000000000000000000, -2.999999999999999839E-15 ) ) ;
#5456 = EDGE_LOOP ( 'NONE', ( #1507, #3378, #2791, #3584 ) ) ;
#5457 = ORIENTED_EDGE ( 'NONE', *, *, #2065, .T. ) ;
#5458 = FACE_OUTER_BOUND ( 'NONE', #1728, .T. ) ;
#5459 = VERTEX_POINT ( 'NONE', #3028 ) ;
#5460 = EDGE_CURVE ( 'NONE', #1959, #1137, #1792, .T. ) ;
#5461 = CARTESIAN_POINT ( 'NONE',  ( -57.47123042922057579, 20.67089615558612792, 37.36317098177219975 ) ) ;
#5462 = CARTESIAN_POINT ( 'NONE',  ( -59.16763232711898013, 41.98618470672915493, 24.58983657417721957 ) ) ;
#5463 = VERTEX_POINT ( 'NONE', #5094 ) ;
#5464 = CARTESIAN_POINT ( 'NONE',  ( -66.92869064835014115, 9.705857262715657185, 15.62616807355592385 ) ) ;
#5465 = DIRECTION ( 'NONE',  ( 4.000000000000000311E-15, -1.000000000000000000, -2.999999999999999839E-15 ) ) ;
#5466 = CIRCLE ( 'NONE', #599, 1.049999999999998934 ) ;
#5467 = VERTEX_POINT ( 'NONE', #3114 ) ;
#5468 = EDGE_LOOP ( 'NONE', ( #5077, #2268, #4422, #1404 ) ) ;
#5469 = EDGE_CURVE ( 'NONE', #219, #3460, #5466, .T. ) ;
#5470 = ADVANCED_FACE ( 'NONE', ( #4444, #991, #1814, #2212, #3592 ), #5307, .T. ) ;
#5471 = DIRECTION ( 'NONE',  ( 0.000000000000000000, 0.000000000000000000, 1.000000000000000000 ) ) ;
#5472 = DIRECTION ( 'NONE',  ( 0.000000000000000000, 1.000000000000000000, 0.000000000000000000 ) ) ;
#5473 = CIRCLE ( 'NONE', #2590, 10.75000000000000178 ) ;
#5474 = ORIENTED_EDGE ( 'NONE', *, *, #5392, .F. ) ;
#5475 = DIRECTION ( 'NONE',  ( -1.000000000000000000, -4.000000000000001100E-15, -8.673617379885238485E-17 ) ) ;
#5476 = DIRECTION ( 'NONE',  ( 1.000000000000000000, 0.000000000000000000, -4.336808689942021680E-16 ) ) ;
#5477 = EDGE_LOOP ( 'NONE', ( #1394, #3390, #2419, #172, #2371 ) ) ;
#5478 = LINE ( 'NONE', #341, #959 ) ;
#5479 = DIRECTION ( 'NONE',  ( 1.000000000000000000, 6.608470384673549446E-15, 0.000000000000000000 ) ) ;
#5480 = CARTESIAN_POINT ( 'NONE',  ( -10.98909603667274837, 36.15585726271583411, 21.57616807355592670 ) ) ;
#5481 = FACE_OUTER_BOUND ( 'NONE', #5339, .T. ) ;
#5482 = LINE ( 'NONE', #3768, #5018 ) ;
#5483 = EDGE_CURVE ( 'NONE', #4340, #2675, #3126, .T. ) ;
#5484 = VERTEX_POINT ( 'NONE', #1417 ) ;
#5485 = ORIENTED_EDGE ( 'NONE', *, *, #1516, .F. ) ;
#5486 = FACE_BOUND ( 'NONE', #5237, .T. ) ;
#5487 = VERTEX_POINT ( 'NONE', #4895 ) ;
#5488 = CARTESIAN_POINT ( 'NONE',  ( -57.52000020437492367, 17.83550152584462722, 38.54044267728878026 ) ) ;
#5489 = DIRECTION ( 'NONE',  ( -1.000000000000000000, -4.000000000000001100E-15, -8.673617379885234787E-17 ) ) ;
#5490 = AXIS2_PLACEMENT_3D ( 'NONE', #2002, #3307, #5030 ) ;
#5491 = ORIENTED_EDGE ( 'NONE', *, *, #2668, .T. ) ;
#5492 = CARTESIAN_POINT ( 'NONE',  ( 5.435504178569402711, 37.35585726271801832, 20.37876338647399521 ) ) ;
#5493 = ADVANCED_FACE ( 'NONE', ( #571, #4420 ), #4921, .T. ) ;
#5494 = AXIS2_PLACEMENT_3D ( 'NONE', #2958, #1180, #4232 ) ;
#5495 = CARTESIAN_POINT ( 'NONE',  ( -74.23909603667240731, 9.705857262715626987, 21.02616807355592599 ) ) ;
#5496 = EDGE_LOOP ( 'NONE', ( #2415, #3201, #4448, #1524 ) ) ;
#5497 = VERTEX_POINT ( 'NONE', #2738 ) ;
#5498 = AXIS2_PLACEMENT_3D ( 'NONE', #1430, #5348, #1483 ) ;
#5499 = DIRECTION ( 'NONE',  ( -1.000000000000000000, -4.000000000000001100E-15, 2.823449992332625597E-32 ) ) ;
#5500 = FACE_OUTER_BOUND ( 'NONE', #761, .T. ) ;
#5501 = ORIENTED_EDGE ( 'NONE', *, *, #4259, .F. ) ;
#5502 = EDGE_CURVE ( 'NONE', #3515, #1686, #1133, .T. ) ;
#5503 = CARTESIAN_POINT ( 'NONE',  ( -71.23909603667242152, 13.05585726271534419, 37.77616807355595085 ) ) ;
#5504 = CIRCLE ( 'NONE', #633, 3.000000000000000888 ) ;
#5505 = CARTESIAN_POINT ( 'NONE',  ( -59.15354946520940160, 39.20162793863934070, 19.03686402375890196 ) ) ;
#5506 = VECTOR ( 'NONE', #658, 1000.000000000000000 ) ;
#5507 = DIRECTION ( 'NONE',  ( 1.000000000000000000, 0.000000000000000000, 8.673617379885234787E-17 ) ) ;
#5508 = VERTEX_POINT ( 'NONE', #4816 ) ;
#5509 = AXIS2_PLACEMENT_3D ( 'NONE', #3202, #2692, #578 ) ;
#5510 = EDGE_CURVE ( 'NONE', #2245, #2580, #1362, .T. ) ;
#5511 = LINE ( 'NONE', #4643, #4191 ) ;
#5512 = CARTESIAN_POINT ( 'NONE',  ( -64.23909603667240731, 9.705857262715667844, 13.47616807355592705 ) ) ;
#5513 = CIRCLE ( 'NONE', #2352, 4.999999999999997335 ) ;
#5514 = FACE_OUTER_BOUND ( 'NONE', #346, .T. ) ;
#5515 = LINE ( 'NONE', #3368, #3260 ) ;
#5516 = AXIS2_PLACEMENT_3D ( 'NONE', #3228, #1077, #1026 ) ;
#5517 = CARTESIAN_POINT ( 'NONE',  ( -66.92869064835014115, 9.705857262715657185, 21.02616807355592599 ) ) ;
#5518 = ORIENTED_EDGE ( 'NONE', *, *, #3155, .F. ) ;
#5519 = EDGE_LOOP ( 'NONE', ( #1751, #1994 ) ) ;
#5520 = CARTESIAN_POINT ( 'NONE',  ( -74.23909603667240731, 9.705857262715626987, 16.77616807355592599 ) ) ;
#5521 = B_SPLINE_CURVE_WITH_KNOTS ( 'NONE', 3,
 ( #5544, #3825, #3026, #1755, #12, #4218, #38, #4756 ),
 .UNSPECIFIED., .F., .F.,
 ( 4, 2, 2, 4 ),
 ( 0.000000000000000000, 0.0003914367536254526763, 0.0007828735072509053526, 0.001565747014501811139 ),
 .UNSPECIFIED. ) ;
#5522 = CARTESIAN_POINT ( 'NONE',  ( -46.23909603667237178, -2.444142737284372036, 41.27616807355595085 ) ) ;
#5523 = CARTESIAN_POINT ( 'NONE',  ( -53.01869697567206430, 26.05585726271538860, 42.26037859987173562 ) ) ;
#5524 = DIRECTION ( 'NONE',  ( -1.016643762873339164E-32, -1.000000000000000000, 9.376883653928778575E-17 ) ) ;
#5525 = ORIENTED_EDGE ( 'NONE', *, *, #2121, .F. ) ;
#5526 = DIRECTION ( 'NONE',  ( 0.000000000000000000, 1.000000000000000000, 0.000000000000000000 ) ) ;
#5527 = FACE_OUTER_BOUND ( 'NONE', #58, .T. ) ;
#5528 = VERTEX_POINT ( 'NONE', #2267 ) ;
#5529 = EDGE_CURVE ( 'NONE', #2153, #559, #147, .T. ) ;
#5530 = DIRECTION ( 'NONE',  ( -0.000000000000000000, 1.000000000000000000, -0.000000000000000000 ) ) ;
#5531 = CARTESIAN_POINT ( 'NONE',  ( -21.73909603667274837, 40.25585726271802400, 21.57616807355592670 ) ) ;
#5532 = AXIS2_PLACEMENT_3D ( 'NONE', #1722, #3941, #2966 ) ;
#5533 = VERTEX_POINT ( 'NONE', #2687 ) ;
#5534 = CARTESIAN_POINT ( 'NONE',  ( -74.23909603667240731, 9.705857262715628764, 17.77616807355592599 ) ) ;
#5535 = ADVANCED_FACE ( 'NONE', ( #3169 ), #941, .T. ) ;
#5536 = CARTESIAN_POINT ( 'NONE',  ( -59.22421508370585741, 44.25585726271803821, 20.51983004538691091 ) ) ;
#5537 = CARTESIAN_POINT ( 'NONE',  ( -53.87504943416804082, 23.90774365501359355, 2.017147719889285984 ) ) ;
#5538 = EDGE_LOOP ( 'NONE', ( #686, #2535, #3545, #2471, #1176 ) ) ;
#5539 = CIRCLE ( 'NONE', #4547, 4.999999999999997335 ) ;
#5540 = AXIS2_PLACEMENT_3D ( 'NONE', #4062, #267, #1905 ) ;
#5541 = CARTESIAN_POINT ( 'NONE',  ( -1.602362769591291203, 37.35585726271801832, 14.46683629550358319 ) ) ;
#5542 = CARTESIAN_POINT ( 'NONE',  ( -36.73909603667234336, -2.444142737284518141, 7.876168073555952276 ) ) ;
#5543 = EDGE_CURVE ( 'NONE', #5463, #2580, #4301, .T. ) ;
#5544 = CARTESIAN_POINT ( 'NONE',  ( -24.55218945652130813, 24.25585726271803111, -12.30725715783431795 ) ) ;
#5545 = CARTESIAN_POINT ( 'NONE',  ( -63.29597308176619919, 13.61504750006525377, 37.77616807355595085 ) ) ;
#5546 = CARTESIAN_POINT ( 'NONE',  ( -24.55218945652130103, 33.25585726271803821, -11.22643899149177571 ) ) ;
#5547 = ORIENTED_EDGE ( 'NONE', *, *, #2676, .F. ) ;
#5548 = ORIENTED_EDGE ( 'NONE', *, *, #4713, .F. ) ;
#5549 = CARTESIAN_POINT ( 'NONE',  ( -65.72410171996682493, 16.14614189354153240, 8.243628177240912791 ) ) ;
#5550 = CARTESIAN_POINT ( 'NONE',  ( -59.00240490768729273, 38.37696813934490336, 25.79126694290750876 ) ) ;
#5551 = CARTESIAN_POINT ( 'NONE',  ( -61.35992389273854997, 14.39080930250185375, 37.77616807355595085 ) ) ;
#5552 = CARTESIAN_POINT ( 'NONE',  ( -59.18061279196136582, 39.60800278091164728, 23.67881368798436270 ) ) ;
#5553 = ORIENTED_EDGE ( 'NONE', *, *, #1367, .T. ) ;
#5554 = APPROVAL_PERSON_ORGANIZATION ( #902, #2229, #2596 ) ;
#5555 = CARTESIAN_POINT ( 'NONE',  ( -56.46299606763763279, 15.22830995067862503, 35.27616807355595085 ) ) ;
#5556 = DIRECTION ( 'NONE',  ( 4.000000000000000311E-15, -1.000000000000000000, -2.999999999999999839E-15 ) ) ;
#5557 = ORIENTED_EDGE ( 'NONE', *, *, #4436, .F. ) ;
#5558 = LINE ( 'NONE', #1263, #623 ) ;
#5559 = LINE ( 'NONE', #2080, #1322 ) ;
#5560 = EDGE_LOOP ( 'NONE', ( #5194, #3525, #4307, #2754 ) ) ;
#5561 = AXIS2_PLACEMENT_3D ( 'NONE', #3544, #1442, #1391 ) ;
#5562 = EDGE_CURVE ( 'NONE', #4846, #4524, #2586, .T. ) ;
#5563 = CARTESIAN_POINT ( 'NONE',  ( -70.23909603667243573, 16.05585726271534597, 12.97616807355595014 ) ) ;
#5564 = VECTOR ( 'NONE', #4902, 1000.000000000000000 ) ;
#5565 = VECTOR ( 'NONE', #3764, 1000.000000000000000 ) ;
#5566 = CARTESIAN_POINT ( 'NONE',  ( -59.86041638023233702, 14.43453691915573067, 21.57616807355577748 ) ) ;
#5567 = DIRECTION ( 'NONE',  ( 4.000000000000000311E-15, -1.000000000000000000, -2.999999999999999839E-15 ) ) ;
#5568 = EDGE_CURVE ( 'NONE', #167, #175, #3302, .T. ) ;
#5569 = CARTESIAN_POINT ( 'NONE',  ( -71.73909603667242152, 10.95585726271563765, 14.62616807355592563 ) ) ;
#5570 = CARTESIAN_POINT ( 'NONE',  ( -21.73909603667274837, 38.15585726271801548, 21.57616807355592670 ) ) ;
#5571 = CIRCLE ( 'NONE', #2405, 4.999999999999997335 ) ;
#5572 = CARTESIAN_POINT ( 'NONE',  ( -36.73909603667241441, 13.55585726271548630, 35.27616807355595085 ) ) ;
#5573 = CARTESIAN_POINT ( 'NONE',  ( -62.46241541114706308, 16.75315739906801937, 37.77616807355596507 ) ) ;
#5574 = DIRECTION ( 'NONE',  ( 4.000000000000001100E-15, -1.000000000000000000, 1.070816960479510500E-16 ) ) ;
#5575 = EDGE_CURVE ( 'NONE', #4722, #1592, #4035, .T. ) ;
#5576 = ORIENTED_EDGE ( 'NONE', *, *, #4494, .T. ) ;
#5577 = APPROVAL ( #818, '未指定' ) ;
#5578 = ORIENTED_EDGE ( 'NONE', *, *, #4230, .F. ) ;
#5579 = CARTESIAN_POINT ( 'NONE',  ( -53.28876796581725017, 25.64927168049727513, 1.300371143021007425 ) ) ;
#5580 = DIRECTION ( 'NONE',  ( -0.9900316490585902018, 0.000000000000000000, -0.1408450704225346628 ) ) ;
#5581 = CARTESIAN_POINT ( 'NONE',  ( -60.35732645067578517, 15.05399186090605923, 37.81533888370865526 ) ) ;
#5582 = CARTESIAN_POINT ( 'NONE',  ( -59.08420356535268070, 38.65825812004331397, 24.99054440955912781 ) ) ;
#5583 = ORIENTED_EDGE ( 'NONE', *, *, #4847, .T. ) ;
#5584 = PLANE ( 'NONE',  #5061 ) ;
#5585 = EDGE_CURVE ( 'NONE', #1216, #3569, #57, .T. ) ;
#5586 = CARTESIAN_POINT ( 'NONE',  ( -71.23909603667240731, 13.05585726271534064, 8.376168073555946947 ) ) ;
#5587 = ORIENTED_EDGE ( 'NONE', *, *, #1112, .F. ) ;
#5588 = AXIS2_PLACEMENT_3D ( 'NONE', #3851, #1302, #4391 ) ;
#5589 = LINE ( 'NONE', #2678, #3791 ) ;
#5590 = LINE ( 'NONE', #2110, #5290 ) ;
#5591 = AXIS2_PLACEMENT_3D ( 'NONE', #4994, #2839, #4068 ) ;
#5592 = EDGE_LOOP ( 'NONE', ( #4870, #1363, #254, #3434, #3744 ) ) ;
ENDSEC;
END-ISO-10303-21;
