ISO-10303-21;
HEADER;
FILE_DESCRIPTION (( 'STEP AP203' ),
    '1' );
FILE_NAME ('夹爪底座下.STEP',
    '2026-05-09T08:23:32',
    ( '' ),
    ( '' ),
    'SwSTEP 2.0',
    'SolidWorks 2021',
    '' );
FILE_SCHEMA (( 'CONFIG_CONTROL_DESIGN' ));
ENDSEC;

DATA;
#1 = ORIENTED_EDGE ( 'NONE', *, *, #1692, .F. ) ;
#2 = EDGE_CURVE ( 'NONE', #951, #3498, #3130, .T. ) ;
#3 = CARTESIAN_POINT ( 'NONE',  ( -14.70762521870766548, -12.44414273728416021, 13.52651803764360139 ) ) ;
#4 = FACE_OUTER_BOUND ( 'NONE', #6054, .T. ) ;
#5 = EDGE_CURVE ( 'NONE', #6616, #6344, #351, .T. ) ;
#6 = FACE_BOUND ( 'NONE', #5653, .T. ) ;
#7 = FACE_OUTER_BOUND ( 'NONE', #480, .T. ) ;
#8 = EDGE_LOOP ( 'NONE', ( #4898, #4167, #1304, #4723 ) ) ;
#9 = FACE_OUTER_BOUND ( 'NONE', #682, .T. ) ;
#10 = VECTOR ( 'NONE', #4199, 1000.000000000000114 ) ;
#11 = EDGE_CURVE ( 'NONE', #7120, #7042, #5881, .T. ) ;
#12 = PLANE ( 'NONE',  #5552 ) ;
#13 = DIRECTION ( 'NONE',  ( -4.000000000000001100E-15, 1.000000000000000000, 2.999999999999999839E-15 ) ) ;
#14 = DIRECTION ( 'NONE',  ( -3.999776700323684900E-15, 1.000000000000000000, 0.000000000000000000 ) ) ;
#15 = ORIENTED_EDGE ( 'NONE', *, *, #3903, .T. ) ;
#16 = ORIENTED_EDGE ( 'NONE', *, *, #5949, .F. ) ;
#17 = ORIENTED_EDGE ( 'NONE', *, *, #655, .F. ) ;
#18 = LINE ( 'NONE', #671, #1242 ) ;
#19 = DIRECTION ( 'NONE',  ( 4.000000000000000311E-15, -1.000000000000000000, -2.999999999999999839E-15 ) ) ;
#20 = CARTESIAN_POINT ( 'NONE',  ( 10.76090396332739552, -37.44414273728417442, 50.32938055623819906 ) ) ;
#21 = FACE_OUTER_BOUND ( 'NONE', #4132, .T. ) ;
#22 = EDGE_CURVE ( 'NONE', #2367, #1294, #3085, .T. ) ;
#23 = ORIENTED_EDGE ( 'NONE', *, *, #5206, .F. ) ;
#24 = VERTEX_POINT ( 'NONE', #3743 ) ;
#25 = ORIENTED_EDGE ( 'NONE', *, *, #2598, .F. ) ;
#26 = CARTESIAN_POINT ( 'NONE',  ( -46.23909603667237178, -2.444142737284256572, 2.876168073555638749 ) ) ;
#27 = FACE_OUTER_BOUND ( 'NONE', #2899, .T. ) ;
#28 = CARTESIAN_POINT ( 'NONE',  ( -63.03909603667239026, -2.444142737284257461, -19.13618774707783032 ) ) ;
#29 = LINE ( 'NONE', #5109, #2549 ) ;
#30 = LINE ( 'NONE', #1122, #887 ) ;
#31 = PLANE ( 'NONE',  #1128 ) ;
#32 = ADVANCED_FACE ( 'NONE', ( #5993 ), #972, .F. ) ;
#33 = ADVANCED_FACE ( 'NONE', ( #3382 ), #1595, .F. ) ;
#34 = ORIENTED_EDGE ( 'NONE', *, *, #1541, .T. ) ;
#35 = EDGE_CURVE ( 'NONE', #1990, #1543, #6719, .T. ) ;
#36 = ORIENTED_EDGE ( 'NONE', *, *, #6017, .F. ) ;
#37 = EDGE_LOOP ( 'NONE', ( #5726, #1894, #3649, #2347 ) ) ;
#38 = DIRECTION ( 'NONE',  ( 1.000000000000000000, 4.130293990420973630E-15, 0.000000000000000000 ) ) ;
#39 = LINE ( 'NONE', #6772, #4984 ) ;
#40 = DIRECTION ( 'NONE',  ( 1.000000000000000000, 4.001428817919833979E-15, 0.000000000000000000 ) ) ;
#41 = LINE ( 'NONE', #7202, #3328 ) ;
#42 = ADVANCED_FACE ( 'NONE', ( #5591 ), #1160, .F. ) ;
#43 = EDGE_LOOP ( 'NONE', ( #5399, #2607, #5018, #690 ) ) ;
#44 = FACE_OUTER_BOUND ( 'NONE', #6891, .T. ) ;
#45 = LINE ( 'NONE', #6666, #4848 ) ;
#46 = DIRECTION ( 'NONE',  ( 1.000000000000000000, 3.999776700323684900E-15, 1.211476396892145801E-29 ) ) ;
#47 = VECTOR ( 'NONE', #1656, 1000.000000000000000 ) ;
#48 = AXIS2_PLACEMENT_3D ( 'NONE', #2586, #4813, #4257 ) ;
#49 = ORIENTED_EDGE ( 'NONE', *, *, #2030, .F. ) ;
#50 = EDGE_CURVE ( 'NONE', #854, #1337, #1600, .T. ) ;
#51 = ORIENTED_EDGE ( 'NONE', *, *, #6372, .F. ) ;
#52 = ORIENTED_EDGE ( 'NONE', *, *, #4488, .F. ) ;
#53 = LINE ( 'NONE', #88, #3675 ) ;
#54 = CARTESIAN_POINT ( 'NONE',  ( -44.23909603667239310, -37.44414273728410336, -47.86985413074326345 ) ) ;
#55 = DIRECTION ( 'NONE',  ( -1.000000000000000000, -4.047688110612548572E-15, 2.312964634635742267E-15 ) ) ;
#56 = LINE ( 'NONE', #2287, #1468 ) ;
#57 = EDGE_LOOP ( 'NONE', ( #996, #3411, #4634, #5818 ) ) ;
#58 = ORIENTED_EDGE ( 'NONE', *, *, #2583, .T. ) ;
#59 = EDGE_LOOP ( 'NONE', ( #1686, #7225, #7123, #2197, #5644, #5285 ) ) ;
#60 = DIRECTION ( 'NONE',  ( -1.000000000000000000, -3.989863994746641329E-15, 0.000000000000000000 ) ) ;
#61 = CARTESIAN_POINT ( 'NONE',  ( -69.23909603667235046, -12.44414273728433962, -2.833372241562643168E-14 ) ) ;
#62 = PLANE ( 'NONE',  #4397 ) ;
#63 = DIRECTION ( 'NONE',  ( -1.000000000000000000, -2.775557561562881096E-15, 0.000000000000000000 ) ) ;
#64 = DIRECTION ( 'NONE',  ( 1.000000000000000000, 3.717264591378875951E-15, 0.000000000000000000 ) ) ;
#65 = DIRECTION ( 'NONE',  ( -1.000000000000000000, -4.027036640660435800E-15, -0.000000000000000000 ) ) ;
#66 = ORIENTED_EDGE ( 'NONE', *, *, #4728, .F. ) ;
#67 = AXIS2_PLACEMENT_3D ( 'NONE', #5556, #1201, #2851 ) ;
#68 = AXIS2_PLACEMENT_3D ( 'NONE', #6200, #2894, #1724 ) ;
#69 = ORIENTED_EDGE ( 'NONE', *, *, #7089, .T. ) ;
#70 = CARTESIAN_POINT ( 'NONE',  ( 7.660903963327395871, -37.44414273728423836, 67.65788139765307108 ) ) ;
#71 = DIRECTION ( 'NONE',  ( 0.8660254037844400399, 2.059624853107399273E-15, 0.4999999999999976130 ) ) ;
#72 = EDGE_CURVE ( 'NONE', #2316, #3229, #2188, .T. ) ;
#73 = CARTESIAN_POINT ( 'NONE',  ( 10.76090396332728183, -2.444142737283879541, -46.63404609195622186 ) ) ;
#74 = LINE ( 'NONE', #2314, #2645 ) ;
#75 = AXIS2_PLACEMENT_3D ( 'NONE', #5130, #2245, #3365 ) ;
#76 = AXIS2_PLACEMENT_3D ( 'NONE', #1931, #1792, #4011 ) ;
#77 = VERTEX_POINT ( 'NONE', #4407 ) ;
#78 = CIRCLE ( 'NONE', #3213, 1.050000000000000488 ) ;
#79 = DIRECTION ( 'NONE',  ( -1.000000000000000000, -2.775557561562875574E-15, 0.000000000000000000 ) ) ;
#80 = DIRECTION ( 'NONE',  ( -0.4999999999999975575, 5.986464323413520122E-16, -0.8660254037844400399 ) ) ;
#81 = DIRECTION ( 'NONE',  ( 0.8660254037844391517, 4.967330528082546663E-15, -0.4999999999999990008 ) ) ;
#82 = VECTOR ( 'NONE', #71, 1000.000000000000000 ) ;
#83 = EDGE_CURVE ( 'NONE', #7032, #4295, #5479, .T. ) ;
#84 = VECTOR ( 'NONE', #3515, 1000.000000000000000 ) ;
#85 = ORIENTED_EDGE ( 'NONE', *, *, #5128, .T. ) ;
#86 = ORIENTED_EDGE ( 'NONE', *, *, #5518, .T. ) ;
#87 = VERTEX_POINT ( 'NONE', #5625 ) ;
#88 = CARTESIAN_POINT ( 'NONE',  ( -41.93909603667239594, -2.444142737284309419, 26.36616807355593295 ) ) ;
#89 = DIRECTION ( 'NONE',  ( 0.000000000000000000, 3.028860078099107970E-15, -1.000000000000000000 ) ) ;
#90 = AXIS2_PLACEMENT_3D ( 'NONE', #1341, #2556, #4784 ) ;
#91 = LINE ( 'NONE', #5537, #4393 ) ;
#92 = EDGE_CURVE ( 'NONE', #6484, #3015, #1254, .T. ) ;
#93 = DIRECTION ( 'NONE',  ( 1.826024711554533223E-15, -3.081416700748274888E-15, 1.000000000000000000 ) ) ;
#94 = EDGE_CURVE ( 'NONE', #1380, #6688, #3344, .T. ) ;
#95 =( LENGTH_UNIT ( ) NAMED_UNIT ( * ) SI_UNIT ( .MILLI., .METRE. ) );
#96 = CIRCLE ( 'NONE', #5581, 3.000000000000002665 ) ;
#97 = AXIS2_PLACEMENT_3D ( 'NONE', #2614, #7117, #4292 ) ;
#98 = ORIENTED_EDGE ( 'NONE', *, *, #2682, .F. ) ;
#99 = VERTEX_POINT ( 'NONE', #6682 ) ;
#100 = EDGE_LOOP ( 'NONE', ( #5668, #3705, #2677, #5755 ) ) ;
#101 = CARTESIAN_POINT ( 'NONE',  ( -69.23909603667235046, -12.44414273728455456, 74.24766723214098363 ) ) ;
#102 = CIRCLE ( 'NONE', #5124, 2.500000000000009326 ) ;
#103 = DIRECTION ( 'NONE',  ( 4.001428817919833979E-15, -1.000000000000000000, -2.999626010543229460E-15 ) ) ;
#104 = DIRECTION ( 'NONE',  ( 0.8660254037844388186, 4.846176124958569911E-15, -0.4999999999999997780 ) ) ;
#105 = CARTESIAN_POINT ( 'NONE',  ( 4.560903963327285204, -12.44414273728404474, -2.833372241562556709E-14 ) ) ;
#106 = FACE_OUTER_BOUND ( 'NONE', #339, .T. ) ;
#107 = LINE ( 'NONE', #2880, #5802 ) ;
#108 = VERTEX_POINT ( 'NONE', #5546 ) ;
#109 = VERTEX_POINT ( 'NONE', #5005 ) ;
#110 = ORIENTED_EDGE ( 'NONE', *, *, #6209, .T. ) ;
#111 = DIRECTION ( 'NONE',  ( -4.000000000000001100E-15, 1.000000000000000000, 2.999999999999999839E-15 ) ) ;
#112 = ORIENTED_EDGE ( 'NONE', *, *, #5394, .F. ) ;
#113 = LINE ( 'NONE', #1718, #5437 ) ;
#114 = DIRECTION ( 'NONE',  ( -3.999776700323684900E-15, 1.000000000000000000, 3.000529512353633521E-15 ) ) ;
#115 = ADVANCED_FACE ( 'NONE', ( #5069 ), #5511, .F. ) ;
#116 = CARTESIAN_POINT ( 'NONE',  ( -69.23909603667239310, -2.444142737284307199, -10.75661607810215337 ) ) ;
#117 = FACE_OUTER_BOUND ( 'NONE', #7206, .T. ) ;
#118 = CARTESIAN_POINT ( 'NONE',  ( -69.23909603667237889, -2.444142737284537237, 65.86809556316535463 ) ) ;
#119 = EDGE_CURVE ( 'NONE', #5901, #3218, #313, .T. ) ;
#120 = VERTEX_POINT ( 'NONE', #1663 ) ;
#121 = ORIENTED_EDGE ( 'NONE', *, *, #2530, .T. ) ;
#122 = ADVANCED_FACE ( 'NONE', ( #6137 ), #62, .F. ) ;
#123 = ORIENTED_EDGE ( 'NONE', *, *, #1052, .F. ) ;
#124 = FACE_OUTER_BOUND ( 'NONE', #4779, .T. ) ;
#125 = CARTESIAN_POINT ( 'NONE',  ( -71.73909603667235046, -2.444142737284361822, 5.376168073555886551 ) ) ;
#126 = CARTESIAN_POINT ( 'NONE',  ( 10.76090396332739907, -37.44414273728425258, 77.82723890111658704 ) ) ;
#127 = PLANE ( 'NONE',  #2968 ) ;
#128 = CALENDAR_DATE ( 2026, 9, 5 ) ;
#129 = ORIENTED_EDGE ( 'NONE', *, *, #2891, .T. ) ;
#130 = EDGE_CURVE ( 'NONE', #24, #3895, #3775, .T. ) ;
#131 = VERTEX_POINT ( 'NONE', #5038 ) ;
#132 = VERTEX_POINT ( 'NONE', #2259 ) ;
#133 = LINE ( 'NONE', #6865, #6876 ) ;
#134 = DIRECTION ( 'NONE',  ( -0.5000000000000015543, 5.986464323413299241E-16, -0.8660254037844378194 ) ) ;
#135 = CARTESIAN_POINT ( 'NONE',  ( 5.760903963327290711, -12.44414273728434317, 101.5761680735558912 ) ) ;
#136 = LINE ( 'NONE', #1781, #6175 ) ;
#137 = LINE ( 'NONE', #799, #2639 ) ;
#138 = ORIENTED_EDGE ( 'NONE', *, *, #875, .T. ) ;
#139 = EDGE_CURVE ( 'NONE', #760, #4770, #6031, .T. ) ;
#140 = ORIENTED_EDGE ( 'NONE', *, *, #6115, .T. ) ;
#141 = ORIENTED_EDGE ( 'NONE', *, *, #565, .T. ) ;
#142 = CARTESIAN_POINT ( 'NONE',  ( 10.76090396332730847, -12.44414273728401987, -2.833372241562549451E-14 ) ) ;
#143 = ORIENTED_EDGE ( 'NONE', *, *, #3351, .T. ) ;
#144 = CARTESIAN_POINT ( 'NONE',  ( -69.23909603667235046, -12.44414273728427744, -22.71575941605353322 ) ) ;
#145 = DIRECTION ( 'NONE',  ( 1.133159367757362572E-31, 3.000529512353633521E-15, -1.000000000000000000 ) ) ;
#146 = CARTESIAN_POINT ( 'NONE',  ( -68.93909603667241015, 0.9558572627156280976, 11.07616807355594624 ) ) ;
#147 = CARTESIAN_POINT ( 'NONE',  ( -69.23909603667240731, -2.444142737284210387, -43.05447442298055449 ) ) ;
#148 = CARTESIAN_POINT ( 'NONE',  ( -7.239096036672524548, -12.44414273728445330, -36.64539150706672643 ) ) ;
#149 = CARTESIAN_POINT ( 'NONE',  ( -63.03909603667236183, -12.44414273728459364, 89.78638223906804683 ) ) ;
#150 = ORIENTED_EDGE ( 'NONE', *, *, #6482, .T. ) ;
#151 = VERTEX_POINT ( 'NONE', #604 ) ;
#152 = EDGE_LOOP ( 'NONE', ( #2212, #3829, #1575, #2790 ) ) ;
#153 = DIRECTION ( 'NONE',  ( -3.999776700323684900E-15, 1.000000000000000000, 3.000529512353633521E-15 ) ) ;
#154 = LINE ( 'NONE', #125, #4026 ) ;
#155 = DIRECTION ( 'NONE',  ( -3.999776700323684900E-15, 1.000000000000000000, 3.000529512353633521E-15 ) ) ;
#156 = DIRECTION ( 'NONE',  ( 1.000000000000000000, 3.989863994746641329E-15, 0.000000000000000000 ) ) ;
#157 = EDGE_CURVE ( 'NONE', #1233, #459, #2838, .T. ) ;
#158 = MECHANICAL_CONTEXT ( 'NONE', #4112, 'mechanical' ) ;
#159 = ADVANCED_FACE ( 'NONE', ( #7154 ), #3816, .F. ) ;
#160 = ORIENTED_EDGE ( 'NONE', *, *, #3337, .T. ) ;
#161 = VERTEX_POINT ( 'NONE', #3452 ) ;
#162 = ORIENTED_EDGE ( 'NONE', *, *, #4726, .F. ) ;
#163 = DIRECTION ( 'NONE',  ( 1.000000000000000000, 3.999776700323684900E-15, 1.211476396892134310E-29 ) ) ;
#164 = CARTESIAN_POINT ( 'NONE',  ( -50.00992937000589222, -2.444142737284477729, 71.64621882886167725 ) ) ;
#165 = LINE ( 'NONE', #638, #4234 ) ;
#166 = CARTESIAN_POINT ( 'NONE',  ( -43.46854809146709187, -2.444142737284502598, 88.64390184620090452 ) ) ;
#167 = DIRECTION ( 'NONE',  ( 3.999776700323684111E-15, -1.000000000000000000, 0.000000000000000000 ) ) ;
#168 = EDGE_CURVE ( 'NONE', #2294, #6084, #5220, .T. ) ;
#169 = EDGE_LOOP ( 'NONE', ( #611, #6224, #707, #3126, #2819 ) ) ;
#170 = ORIENTED_EDGE ( 'NONE', *, *, #6844, .F. ) ;
#171 = EDGE_LOOP ( 'NONE', ( #4378, #6503, #5114, #6203 ) ) ;
#172 = DIRECTION ( 'NONE',  ( -3.999776700323684900E-15, 1.000000000000000000, 3.000529512353633521E-15 ) ) ;
#173 = ORIENTED_EDGE ( 'NONE', *, *, #2722, .T. ) ;
#174 = CARTESIAN_POINT ( 'NONE',  ( -43.48909603667235757, -6.444142737284356492, 40.27616807355593664 ) ) ;
#175 = FACE_OUTER_BOUND ( 'NONE', #5317, .T. ) ;
#176 = CARTESIAN_POINT ( 'NONE',  ( 7.660903963327395871, -37.44414273728401810, -5.387258574638739361 ) ) ;
#177 = EDGE_CURVE ( 'NONE', #185, #4561, #6797, .T. ) ;
#178 = AXIS2_PLACEMENT_3D ( 'NONE', #7209, #1248, #3475 ) ;
#179 = DIRECTION ( 'NONE',  ( -0.8660254037844383745, -1.938470449983430410E-15, -0.5000000000000004441 ) ) ;
#180 = CARTESIAN_POINT ( 'NONE',  ( 4.560903963327256783, -2.444142737284231259, 62.28852389418966595 ) ) ;
#181 = VECTOR ( 'NONE', #5636, 1000.000000000000114 ) ;
#182 = DIRECTION ( 'NONE',  ( -0.000000000000000000, 2.967290156276116340E-15, -1.000000000000000000 ) ) ;
#183 = ORIENTED_EDGE ( 'NONE', *, *, #2759, .T. ) ;
#184 = VECTOR ( 'NONE', #1105, 1000.000000000000000 ) ;
#185 = VERTEX_POINT ( 'NONE', #6764 ) ;
#186 = ORIENTED_EDGE ( 'NONE', *, *, #2759, .F. ) ;
#187 = FACE_OUTER_BOUND ( 'NONE', #3872, .T. ) ;
#188 = VECTOR ( 'NONE', #6220, 999.9999999999998863 ) ;
#189 = CARTESIAN_POINT ( 'NONE',  ( -71.73909603667232204, -9.444142737284176192, -58.42383192644409462 ) ) ;
#190 = CARTESIAN_POINT ( 'NONE',  ( -44.23909603667242152, -37.44414273728451548, 91.02219027785483263 ) ) ;
#191 = CARTESIAN_POINT ( 'NONE',  ( -21.73909603667260981, -37.44414273728421705, 21.57616807355582011 ) ) ;
#192 = PRODUCT_DEFINITION_FORMATION_WITH_SPECIFIED_SOURCE ( '任何', '', #4433, .NOT_KNOWN. ) ;
#193 = VECTOR ( 'NONE', #2576, 1000.000000000000000 ) ;
#194 = CIRCLE ( 'NONE', #5832, 2.100000000000000089 ) ;
#195 = VECTOR ( 'NONE', #3749, 1000.000000000000000 ) ;
#196 = VERTEX_POINT ( 'NONE', #721 ) ;
#197 = EDGE_CURVE ( 'NONE', #2100, #4402, #2608, .T. ) ;
#198 = EDGE_LOOP ( 'NONE', ( #6056, #5610, #3752, #170 ) ) ;
#199 = VECTOR ( 'NONE', #260, 1000.000000000000000 ) ;
#200 = ORIENTED_EDGE ( 'NONE', *, *, #4877, .F. ) ;
#201 = CARTESIAN_POINT ( 'NONE',  ( -66.13909603667238457, -2.444142737284472844, 48.53959472175046841 ) ) ;
#202 = DIRECTION ( 'NONE',  ( -1.000000000000000000, -3.999776700323684900E-15, 0.000000000000000000 ) ) ;
#203 = AXIS2_PLACEMENT_3D ( 'NONE', #1704, #2766, #1080 ) ;
#204 = DIRECTION ( 'NONE',  ( 1.000000000000000000, 4.003208021484939327E-15, 8.416931311147227836E-16 ) ) ;
#205 = DIRECTION ( 'NONE',  ( 3.999776700323684900E-15, -1.000000000000000000, 0.000000000000000000 ) ) ;
#206 = AXIS2_PLACEMENT_3D ( 'NONE', #7082, #491, #3342 ) ;
#207 = CARTESIAN_POINT ( 'NONE',  ( 7.660903963327301724, -12.44414273728389908, -41.26468858849272436 ) ) ;
#208 = ORIENTED_EDGE ( 'NONE', *, *, #1143, .F. ) ;
#209 = ORIENTED_EDGE ( 'NONE', *, *, #7175, .T. ) ;
#210 = AXIS2_PLACEMENT_3D ( 'NONE', #461, #4438, #969 ) ;
#211 = EDGE_CURVE ( 'NONE', #625, #4826, #2959, .T. ) ;
#212 = ORIENTED_EDGE ( 'NONE', *, *, #6946, .F. ) ;
#213 = AXIS2_PLACEMENT_3D ( 'NONE', #3766, #6020, #6062 ) ;
#214 = CARTESIAN_POINT ( 'NONE',  ( -71.73909603667240731, 0.9558572627156223245, 9.376168073555946947 ) ) ;
#215 = ORIENTED_EDGE ( 'NONE', *, *, #2273, .F. ) ;
#216 = DIRECTION ( 'NONE',  ( -3.999776700323684900E-15, 1.000000000000000000, 3.000529512353633521E-15 ) ) ;
#217 = VECTOR ( 'NONE', #2644, 1000.000000000000000 ) ;
#218 = CARTESIAN_POINT ( 'NONE',  ( -69.83909603667238741, -2.444142737284375144, 11.07616807355593735 ) ) ;
#219 = CARTESIAN_POINT ( 'NONE',  ( 10.76090396332729782, -12.44414273728424192, 74.24766723214096942 ) ) ;
#220 = ADVANCED_FACE ( 'NONE', ( #6357 ), #5703, .F. ) ;
#221 = EDGE_CURVE ( 'NONE', #4362, #6423, #2403, .T. ) ;
#222 = DIRECTION ( 'NONE',  ( -1.000000000000000000, -3.986173093733937491E-15, 0.000000000000000000 ) ) ;
#223 = CARTESIAN_POINT ( 'NONE',  ( -74.23909603667236468, -2.444142737284621170, 90.33352738643660018 ) ) ;
#224 = DIRECTION ( 'NONE',  ( -3.999776700323684900E-15, 1.000000000000000000, 0.000000000000000000 ) ) ;
#225 = CARTESIAN_POINT ( 'NONE',  ( 10.76090396332732091, -12.44414273728389198, -43.05447442298058291 ) ) ;
#226 = ORIENTED_EDGE ( 'NONE', *, *, #5089, .T. ) ;
#227 = EDGE_CURVE ( 'NONE', #862, #6689, #3881, .T. ) ;
#228 = ORIENTED_EDGE ( 'NONE', *, *, #1232, .F. ) ;
#229 = CYLINDRICAL_SURFACE ( 'NONE', #2297, 1.050000000000000044 ) ;
#230 = DIRECTION ( 'NONE',  ( -4.003208021484941694E-15, 1.000000000000000000, 2.999626010543229460E-15 ) ) ;
#231 = DIRECTION ( 'NONE',  ( 0.8660254037844395958, 1.963643475768600453E-15, 0.4999999999999983347 ) ) ;
#232 = CARTESIAN_POINT ( 'NONE',  ( 10.76090396332728361, -12.44414273728401987, -2.833372241562549451E-14 ) ) ;
#233 = ORIENTED_EDGE ( 'NONE', *, *, #3765, .F. ) ;
#234 = VERTEX_POINT ( 'NONE', #1332 ) ;
#235 = VERTEX_POINT ( 'NONE', #5738 ) ;
#236 = CARTESIAN_POINT ( 'NONE',  ( -69.23909603667237889, -2.444142737284245914, -31.09533108502919063 ) ) ;
#237 = DIRECTION ( 'NONE',  ( -3.999776700323684900E-15, 1.000000000000000000, 3.000529512353633521E-15 ) ) ;
#238 = DIRECTION ( 'NONE',  ( -0.000000000000000000, -3.028860078099107970E-15, 1.000000000000000000 ) ) ;
#239 = DIRECTION ( 'NONE',  ( -1.000000000000000000, -4.163336342344339393E-15, 0.000000000000000000 ) ) ;
#240 = LINE ( 'NONE', #6935, #6381 ) ;
#241 = EDGE_CURVE ( 'NONE', #7102, #5584, #1300, .T. ) ;
#242 = ORIENTED_EDGE ( 'NONE', *, *, #5367, .F. ) ;
#243 = ORIENTED_EDGE ( 'NONE', *, *, #6686, .T. ) ;
#244 = ORIENTED_EDGE ( 'NONE', *, *, #2500, .F. ) ;
#245 = FACE_OUTER_BOUND ( 'NONE', #1285, .T. ) ;
#246 = VERTEX_POINT ( 'NONE', #4037 ) ;
#247 = DIRECTION ( 'NONE',  ( 8.416931311147104576E-16, 3.084016238224993795E-15, -1.000000000000000000 ) ) ;
#248 = CARTESIAN_POINT ( 'NONE',  ( -71.73909603667236468, 0.9558572627156076695, 14.20616807355594702 ) ) ;
#249 = DIRECTION ( 'NONE',  ( -3.999776700323684900E-15, 1.000000000000000000, 3.000529512353633521E-15 ) ) ;
#250 = EDGE_CURVE ( 'NONE', #6636, #3419, #165, .T. ) ;
#251 = ADVANCED_FACE ( 'NONE', ( #3554 ), #3997, .F. ) ;
#252 = CARTESIAN_POINT ( 'NONE',  ( -35.73909603667241441, 0.9558572627157663204, 9.376168073555943394 ) ) ;
#253 = CARTESIAN_POINT ( 'NONE',  ( 7.660903963327259092, -2.444142737284249467, 72.45788139765318192 ) ) ;
#254 = DIRECTION ( 'NONE',  ( 0.8660254037844393737, 1.963643475768599664E-15, 0.4999999999999985567 ) ) ;
#255 = EDGE_CURVE ( 'NONE', #1540, #3761, #2947, .T. ) ;
#256 = ORIENTED_EDGE ( 'NONE', *, *, #3674, .T. ) ;
#257 = ORIENTED_EDGE ( 'NONE', *, *, #1606, .F. ) ;
#258 = DIRECTION ( 'NONE',  ( 0.4999999999999975575, -5.986464323413520122E-16, 0.8660254037844400399 ) ) ;
#259 = LINE ( 'NONE', #5279, #5807 ) ;
#260 = DIRECTION ( 'NONE',  ( 0.8660254037844392627, 1.963643475768597297E-15, 0.4999999999999990008 ) ) ;
#261 = CYLINDRICAL_SURFACE ( 'NONE', #802, 2.500000000000002220 ) ;
#262 = EDGE_CURVE ( 'NONE', #7120, #6361, #1857, .T. ) ;
#263 = ORIENTED_EDGE ( 'NONE', *, *, #5032, .T. ) ;
#264 = ORIENTED_EDGE ( 'NONE', *, *, #2816, .T. ) ;
#265 = VECTOR ( 'NONE', #2067, 999.9999999999998863 ) ;
#266 = EDGE_LOOP ( 'NONE', ( #5381, #3730, #3480, #1114 ) ) ;
#267 = ORIENTED_EDGE ( 'NONE', *, *, #3714, .F. ) ;
#268 = DIRECTION ( 'NONE',  ( -1.000000000000000000, -3.999776700323684900E-15, -0.000000000000000000 ) ) ;
#269 = DIRECTION ( 'NONE',  ( -1.201582936158049190E-29, 2.999626010543229460E-15, -1.000000000000000000 ) ) ;
#270 = PLANE ( 'NONE',  #1209 ) ;
#271 = CARTESIAN_POINT ( 'NONE',  ( -63.03909603667236183, -12.44414273728421527, -34.67490275400489708 ) ) ;
#272 = EDGE_LOOP ( 'NONE', ( #1393, #3586, #1102, #2397 ) ) ;
#273 = ORIENTED_EDGE ( 'NONE', *, *, #1252, .F. ) ;
#274 = ORIENTED_EDGE ( 'NONE', *, *, #5394, .T. ) ;
#275 = CIRCLE ( 'NONE', #6250, 1.049999999999999600 ) ;
#276 = AXIS2_PLACEMENT_3D ( 'NONE', #4406, #1260, #6101 ) ;
#277 = DIRECTION ( 'NONE',  ( -3.999776700323684900E-15, 1.000000000000000000, 3.000529512353633521E-15 ) ) ;
#278 = ORIENTED_EDGE ( 'NONE', *, *, #6602, .F. ) ;
#279 = CARTESIAN_POINT ( 'NONE',  ( -14.23909603667256007, -2.444142737284403122, 94.18987201434104861 ) ) ;
#280 = DIRECTION ( 'NONE',  ( -0.8660254037844395958, 0.000000000000000000, -0.4999999999999983347 ) ) ;
#281 = LINE ( 'NONE', #1241, #773 ) ;
#282 = EDGE_CURVE ( 'NONE', #1070, #2327, #4079, .T. ) ;
#283 = DIRECTION ( 'NONE',  ( -0.000000000000000000, 3.028860078099107970E-15, -1.000000000000000000 ) ) ;
#284 = DIRECTION ( 'NONE',  ( 0.4999999999999990563, -5.986464323413433347E-16, 0.8660254037844392627 ) ) ;
#285 = CARTESIAN_POINT ( 'NONE',  ( -63.03909603667236183, -12.44414273728454035, 77.82723890111667231 ) ) ;
#286 = VERTEX_POINT ( 'NONE', #6830 ) ;
#287 = VERTEX_POINT ( 'NONE', #4663 ) ;
#288 = DIRECTION ( 'NONE',  ( 0.8660254037844400399, 0.000000000000000000, -0.4999999999999975575 ) ) ;
#289 = VECTOR ( 'NONE', #5028, 1000.000000000000000 ) ;
#290 = AXIS2_PLACEMENT_3D ( 'NONE', #7055, #1562, #6619 ) ;
#291 = ADVANCED_FACE ( 'NONE', ( #2876 ), #6292, .F. ) ;
#292 = CARTESIAN_POINT ( 'NONE',  ( 8.179003961022649705, -5.444142737284062505, 11.11566209117935955 ) ) ;
#293 = CARTESIAN_POINT ( 'NONE',  ( 4.560903963327398891, -37.44414273728393994, -34.67490275400497524 ) ) ;
#294 = DIRECTION ( 'NONE',  ( -1.000000000000000000, -3.992240328275394166E-15, 0.000000000000000000 ) ) ;
#295 = CIRCLE ( 'NONE', #4377, 3.000000000000000888 ) ;
#296 = VECTOR ( 'NONE', #6684, 1000.000000000000000 ) ;
#297 = VECTOR ( 'NONE', #3423, 1000.000000000000000 ) ;
#298 = ORIENTED_EDGE ( 'NONE', *, *, #1549, .T. ) ;
#299 = ORIENTED_EDGE ( 'NONE', *, *, #2526, .F. ) ;
#300 = AXIS2_PLACEMENT_3D ( 'NONE', #6612, #1783, #4000 ) ;
#301 = VERTEX_POINT ( 'NONE', #6901 ) ;
#302 = ORIENTED_EDGE ( 'NONE', *, *, #5666, .F. ) ;
#303 = EDGE_CURVE ( 'NONE', #6888, #1884, #1746, .T. ) ;
#304 = FACE_OUTER_BOUND ( 'NONE', #4953, .T. ) ;
#305 = EDGE_CURVE ( 'NONE', #4535, #3489, #2979, .T. ) ;
#306 = VECTOR ( 'NONE', #6641, 1000.000000000000000 ) ;
#307 = FACE_BOUND ( 'NONE', #1180, .T. ) ;
#308 = DIRECTION ( 'NONE',  ( 3.999776700323684900E-15, -1.000000000000000000, -3.000529512353633521E-15 ) ) ;
#309 = FACE_OUTER_BOUND ( 'NONE', #5877, .T. ) ;
#310 = VECTOR ( 'NONE', #3372, 1000.000000000000000 ) ;
#311 = ORIENTED_EDGE ( 'NONE', *, *, #303, .T. ) ;
#312 = ORIENTED_EDGE ( 'NONE', *, *, #5582, .F. ) ;
#313 = CIRCLE ( 'NONE', #1842, 1.049999999999999822 ) ;
#314 = EDGE_LOOP ( 'NONE', ( #2833, #274, #3634, #6213 ) ) ;
#315 = LINE ( 'NONE', #1487, #5534 ) ;
#316 = ORIENTED_EDGE ( 'NONE', *, *, #2192, .F. ) ;
#318 = AXIS2_PLACEMENT_3D ( 'NONE', #6631, #763, #4598 ) ;
#317 = PLANE ( 'NONE',  #4757 ) ;
#319 = DIRECTION ( 'NONE',  ( 1.000000000000000000, 3.989863994746653951E-15, 0.000000000000000000 ) ) ;
#320 = PLANE ( 'NONE',  #3679 ) ;
#321 = ORIENTED_EDGE ( 'NONE', *, *, #1824, .F. ) ;
#322 = VECTOR ( 'NONE', #1922, 1000.000000000000000 ) ;
#323 = DIRECTION ( 'NONE',  ( 0.000000000000000000, -1.000000000000000000, -3.000529512353633521E-15 ) ) ;
#324 = DIRECTION ( 'NONE',  ( -0.4999999999999986122, -4.598423132665020346E-15, 0.8660254037844394848 ) ) ;
#325 = LINE ( 'NONE', #2490, #1877 ) ;
#326 = DIRECTION ( 'NONE',  ( -3.999776700323684900E-15, 1.000000000000000000, 3.000529512353633521E-15 ) ) ;
#327 = ADVANCED_FACE ( 'NONE', ( #1191 ), #2027, .F. ) ;
#328 = ORIENTED_EDGE ( 'NONE', *, *, #5632, .T. ) ;
#329 = ORIENTED_EDGE ( 'NONE', *, *, #1311, .F. ) ;
#330 = DIRECTION ( 'NONE',  ( 3.999776700323684900E-15, -1.000000000000000000, -3.000529512353633521E-15 ) ) ;
#331 = CARTESIAN_POINT ( 'NONE',  ( 4.560903963327286981, -12.44414273728404474, -2.833372241562556709E-14 ) ) ;
#332 = DIRECTION ( 'NONE',  ( 3.999776700323682533E-15, -1.000000000000000000, -2.999626010543229460E-15 ) ) ;
#333 = LINE ( 'NONE', #4721, #6412 ) ;
#334 = ADVANCED_FACE ( 'NONE', ( #3593 ), #5429, .F. ) ;
#335 = ORIENTED_EDGE ( 'NONE', *, *, #1504, .F. ) ;
#336 = EDGE_CURVE ( 'NONE', #3991, #2411, #897, .T. ) ;
#337 = VECTOR ( 'NONE', #808, 1000.000000000000000 ) ;
#338 = ORIENTED_EDGE ( 'NONE', *, *, #743, .F. ) ;
#339 = EDGE_LOOP ( 'NONE', ( #4956, #2721, #4148, #5187 ) ) ;
#340 = LINE ( 'NONE', #5872, #6528 ) ;
#341 = LINE ( 'NONE', #1580, #6043 ) ;
#342 = CARTESIAN_POINT ( 'NONE',  ( -63.03909603667239026, -2.444142737284501710, 62.28852389418966595 ) ) ;
#343 = DIRECTION ( 'NONE',  ( 0.000000000000000000, -1.000000000000000000, -2.999626010543229460E-15 ) ) ;
#344 = AXIS2_PLACEMENT_3D ( 'NONE', #5859, #6887, #4791 ) ;
#345 = EDGE_CURVE ( 'NONE', #568, #6230, #6933, .T. ) ;
#346 = VERTEX_POINT ( 'NONE', #1997 ) ;
#347 = EDGE_LOOP ( 'NONE', ( #1186, #2870, #5263, #4275 ) ) ;
#348 = VERTEX_POINT ( 'NONE', #5364 ) ;
#349 = LINE ( 'NONE', #5400, #6635 ) ;
#350 = CARTESIAN_POINT ( 'NONE',  ( -66.13909603667237036, -12.44414273728420817, -41.26468858849272436 ) ) ;
#351 = LINE ( 'NONE', #3629, #3350 ) ;
#352 = PLANE ( 'NONE',  #3939 ) ;
#353 = CARTESIAN_POINT ( 'NONE',  ( -28.23909603667235046, -5.444142737284240141, 21.57616807355569577 ) ) ;
#354 = LINE ( 'NONE', #6985, #7083 ) ;
#355 = ADVANCED_FACE ( 'NONE', ( #374 ), #5845, .F. ) ;
#356 = ORIENTED_EDGE ( 'NONE', *, *, #4507, .F. ) ;
#357 = DIRECTION ( 'NONE',  ( -0.8660254037844395958, -1.938470449983430016E-15, -0.4999999999999983347 ) ) ;
#358 = DIRECTION ( 'NONE',  ( 1.000000000000000000, 3.996059435732287546E-15, 0.000000000000000000 ) ) ;
#359 = CARTESIAN_POINT ( 'NONE',  ( -63.03909603667236183, -12.44414273728431475, -2.833372241562638750E-14 ) ) ;
#360 = CARTESIAN_POINT ( 'NONE',  ( -48.98909603667236468, -6.444142737284379585, 40.27616807355593664 ) ) ;
#361 = EDGE_LOOP ( 'NONE', ( #585, #316 ) ) ;
#362 = EDGE_LOOP ( 'NONE', ( #3045, #2032, #7033, #5433 ) ) ;
#363 = CARTESIAN_POINT ( 'NONE',  ( -54.75100079857712387, -37.44414273728445153, 55.03082610485159876 ) ) ;
#364 = DIRECTION ( 'NONE',  ( -3.999776700323684900E-15, 1.000000000000000000, 3.000529512353633521E-15 ) ) ;
#365 = CARTESIAN_POINT ( 'NONE',  ( -69.83909603667238741, -2.444142737284375144, 11.07616807355593735 ) ) ;
#366 = CARTESIAN_POINT ( 'NONE',  ( -0.4175254003644532919, -12.44414273728406251, -0.7231752068818658730 ) ) ;
#367 = ORIENTED_EDGE ( 'NONE', *, *, #4314, .T. ) ;
#368 = ORIENTED_EDGE ( 'NONE', *, *, #6593, .F. ) ;
#369 = ORIENTED_EDGE ( 'NONE', *, *, #3059, .F. ) ;
#370 = LINE ( 'NONE', #2134, #1561 ) ;
#371 = EDGE_CURVE ( 'NONE', #6468, #644, #5874, .T. ) ;
#372 = DIRECTION ( 'NONE',  ( 3.999776700323684900E-15, -1.000000000000000000, -3.000529512353633521E-15 ) ) ;
#373 = ADVANCED_FACE ( 'NONE', ( #1405 ), #1921, .F. ) ;
#374 = FACE_OUTER_BOUND ( 'NONE', #1271, .T. ) ;
#375 = LINE ( 'NONE', #4327, #6639 ) ;
#376 = CIRCLE ( 'NONE', #5294, 2.750000000000002665 ) ;
#377 = ORIENTED_EDGE ( 'NONE', *, *, #5206, .T. ) ;
#378 = ORIENTED_EDGE ( 'NONE', *, *, #6178, .F. ) ;
#379 = VERTEX_POINT ( 'NONE', #342 ) ;
#380 = LINE ( 'NONE', #5477, #6986 ) ;
#381 = EDGE_CURVE ( 'NONE', #6418, #5778, #6540, .T. ) ;
#382 = CARTESIAN_POINT ( 'NONE',  ( -46.13909603667240589, -2.444142737284326294, 26.36616807355593295 ) ) ;
#383 = ORIENTED_EDGE ( 'NONE', *, *, #7041, .T. ) ;
#384 = CARTESIAN_POINT ( 'NONE',  ( 4.560903963327256783, -2.444142737284231259, 62.28852389418966595 ) ) ;
#385 = VECTOR ( 'NONE', #4223, 1000.000000000000000 ) ;
#386 = CARTESIAN_POINT ( 'NONE',  ( 4.560903963327398891, -37.44414273728395415, -31.09533108502929366 ) ) ;
#387 = DIRECTION ( 'NONE',  ( 0.000000000000000000, -3.028860078099107970E-15, 1.000000000000000000 ) ) ;
#388 = ORIENTED_EDGE ( 'NONE', *, *, #3520, .T. ) ;
#389 = VECTOR ( 'NONE', #3257, 1000.000000000000000 ) ;
#390 = EDGE_CURVE ( 'NONE', #3488, #2861, #376, .T. ) ;
#391 = PLANE ( 'NONE',  #2163 ) ;
#392 = DIRECTION ( 'NONE',  ( 0.5000000000000004441, 4.598423132665023501E-15, -0.8660254037844383745 ) ) ;
#393 = CARTESIAN_POINT ( 'NONE',  ( -7.239096036672565404, -2.444142737284332068, 79.79772765417853009 ) ) ;
#394 = DIRECTION ( 'NONE',  ( -0.8660254037844379305, -4.967330528082551396E-15, 0.5000000000000014433 ) ) ;
#395 = CIRCLE ( 'NONE', #3427, 2.499999999999974243 ) ;
#396 = ORIENTED_EDGE ( 'NONE', *, *, #3548, .T. ) ;
#397 = CARTESIAN_POINT ( 'NONE',  ( -2.652362769591112279, -7.444142737284117572, 14.46683629550345351 ) ) ;
#398 = FACE_OUTER_BOUND ( 'NONE', #6288, .T. ) ;
#399 = CARTESIAN_POINT ( 'NONE',  ( -53.08841797563414389, -12.44414273728455100, 91.95183722725199971 ) ) ;
#400 = FACE_OUTER_BOUND ( 'NONE', #4700, .T. ) ;
#401 = VERTEX_POINT ( 'NONE', #7074 ) ;
#402 = CIRCLE ( 'NONE', #3205, 0.8999999999999980238 ) ;
#403 = VERTEX_POINT ( 'NONE', #2508 ) ;
#404 = VECTOR ( 'NONE', #980, 1000.000000000000000 ) ;
#405 = ORIENTED_EDGE ( 'NONE', *, *, #6162, .T. ) ;
#406 = AXIS2_PLACEMENT_3D ( 'NONE', #6522, #7025, #3677 ) ;
#407 = CARTESIAN_POINT ( 'NONE',  ( -63.03909603667224815, -37.44414273728451548, 65.86809556316524095 ) ) ;
#408 = CARTESIAN_POINT ( 'NONE',  ( 7.660903963327256427, -2.444142737284234812, 67.65788139765317055 ) ) ;
#409 = CYLINDRICAL_SURFACE ( 'NONE', #5188, 2.750000000000002665 ) ;
#410 = CARTESIAN_POINT ( 'NONE',  ( -66.13909603667224246, -37.44414273728425258, -24.50554525054145927 ) ) ;
#411 = VECTOR ( 'NONE', #3494, 1000.000000000000000 ) ;
#412 = CIRCLE ( 'NONE', #6273, 6.499999999999999112 ) ;
#413 = AXIS2_PLACEMENT_3D ( 'NONE', #1141, #3868, #3950 ) ;
#414 = VECTOR ( 'NONE', #3277, 1000.000000000000000 ) ;
#415 = EDGE_CURVE ( 'NONE', #3737, #4835, #4215, .T. ) ;
#416 = VERTEX_POINT ( 'NONE', #5393 ) ;
#417 = VECTOR ( 'NONE', #4341, 1000.000000000000000 ) ;
#418 = ORIENTED_EDGE ( 'NONE', *, *, #434, .T. ) ;
#419 = VECTOR ( 'NONE', #2258, 1000.000000000000000 ) ;
#420 = VECTOR ( 'NONE', #6317, 1000.000000000000000 ) ;
#421 = ORIENTED_EDGE ( 'NONE', *, *, #3731, .T. ) ;
#422 = CARTESIAN_POINT ( 'NONE',  ( -35.73909603667241441, 0.9558572627157663204, 9.376168073555943394 ) ) ;
#423 = CARTESIAN_POINT ( 'NONE',  ( -63.03909603667224815, -37.44414273728458653, 89.78638223906796156 ) ) ;
#424 = DIRECTION ( 'NONE',  ( 1.197635937536189672E-29, -2.999626010543229460E-15, 1.000000000000000000 ) ) ;
#425 = FACE_OUTER_BOUND ( 'NONE', #1599, .T. ) ;
#426 = LINE ( 'NONE', #2038, #527 ) ;
#427 = CARTESIAN_POINT ( 'NONE',  ( 4.560903963327258559, -2.444142737283940381, -34.67490275400487576 ) ) ;
#428 = LOCAL_TIME ( 16, 23, 32.00000000000000000, #1809 ) ;
#429 = AXIS2_PLACEMENT_3D ( 'NONE', #5418, #989, #1429 ) ;
#430 = EDGE_CURVE ( 'NONE', #645, #4649, #6458, .T. ) ;
#431 = CIRCLE ( 'NONE', #2656, 1.050000000000000488 ) ;
#432 = ORIENTED_EDGE ( 'NONE', *, *, #6791, .T. ) ;
#433 = VECTOR ( 'NONE', #3162, 999.9999999999998863 ) ;
#434 = EDGE_CURVE ( 'NONE', #6965, #6747, #7159, .T. ) ;
#435 = AXIS2_PLACEMENT_3D ( 'NONE', #5383, #1463, #4871 ) ;
#436 = CIRCLE ( 'NONE', #3008, 2.500000000000002220 ) ;
#437 = CYLINDRICAL_SURFACE ( 'NONE', #290, 2.499999999999995115 ) ;
#438 = CARTESIAN_POINT ( 'NONE',  ( -63.03909603667239026, -2.444142737284257461, -19.13618774707783032 ) ) ;
#439 = DIRECTION ( 'NONE',  ( -1.000000000000000000, -3.999776700323684900E-15, -1.211476396892138794E-29 ) ) ;
#440 = DIRECTION ( 'NONE',  ( 1.541976423090493267E-15, 3.083952846180986533E-15, -1.000000000000000000 ) ) ;
#441 = AXIS2_PLACEMENT_3D ( 'NONE', #2422, #5917, #4602 ) ;
#442 = VECTOR ( 'NONE', #2475, 1000.000000000000000 ) ;
#443 = ADVANCED_FACE ( 'NONE', ( #2546 ), #409, .F. ) ;
#444 = ORIENTED_EDGE ( 'NONE', *, *, #3472, .T. ) ;
#445 = PLANE ( 'NONE',  #2074 ) ;
#446 = VECTOR ( 'NONE', #2802, 1000.000000000000114 ) ;
#447 = CARTESIAN_POINT ( 'NONE',  ( 7.660903963327396760, -37.44414273728398257, -17.34640191259009967 ) ) ;
#448 = DIRECTION ( 'NONE',  ( 3.999776700323684900E-15, -1.000000000000000000, -3.000529512353633521E-15 ) ) ;
#449 = CARTESIAN_POINT ( 'NONE',  ( 7.347977382028156867, -12.44414273728399678, -12.72707015853966084 ) ) ;
#450 = ORIENTED_EDGE ( 'NONE', *, *, #1244, .T. ) ;
#451 = EDGE_CURVE ( 'NONE', #5476, #348, #4730, .T. ) ;
#452 = ORIENTED_EDGE ( 'NONE', *, *, #3688, .T. ) ;
#453 = ORIENTED_EDGE ( 'NONE', *, *, #1336, .F. ) ;
#454 = LINE ( 'NONE', #2171, #3428 ) ;
#455 = LINE ( 'NONE', #1515, #193 ) ;
#456 = DIRECTION ( 'NONE',  ( -0.8660254037844378194, 0.000000000000000000, -0.5000000000000015543 ) ) ;
#457 = LINE ( 'NONE', #6541, #4294 ) ;
#458 = ORIENTED_EDGE ( 'NONE', *, *, #6600, .T. ) ;
#459 = VERTEX_POINT ( 'NONE', #5953 ) ;
#460 = ORIENTED_EDGE ( 'NONE', *, *, #4894, .F. ) ;
#461 = CARTESIAN_POINT ( 'NONE',  ( -46.23909603667235757, -6.444142737284257905, 2.876168073555626759 ) ) ;
#462 = DIRECTION ( 'NONE',  ( 3.999776700323682533E-15, -1.000000000000000000, -2.999626010543229460E-15 ) ) ;
#463 = CARTESIAN_POINT ( 'NONE',  ( -66.13909603667224246, -37.44414273728450837, 60.49873805970172924 ) ) ;
#464 = CARTESIAN_POINT ( 'NONE',  ( -55.49504841762492902, -2.444142737284254352, -10.09898687096878689 ) ) ;
#465 = CARTESIAN_POINT ( 'NONE',  ( 4.560903963327283428, -12.44414273728418685, 50.32938055623828433 ) ) ;
#466 = CARTESIAN_POINT ( 'NONE',  ( -6.376000798577314832, -2.444142737284027422, -20.18775540957968317 ) ) ;
#467 = VERTEX_POINT ( 'NONE', #3700 ) ;
#468 = DIRECTION ( 'NONE',  ( 1.000000000000000000, 4.047688110612548572E-15, 0.000000000000000000 ) ) ;
#469 = DIRECTION ( 'NONE',  ( -3.999776700323684900E-15, 1.000000000000000000, 0.000000000000000000 ) ) ;
#470 = EDGE_CURVE ( 'NONE', #6152, #805, #934, .T. ) ;
#471 = FACE_OUTER_BOUND ( 'NONE', #967, .T. ) ;
#472 = DIRECTION ( 'NONE',  ( 1.000000000000000000, 4.100255488672448973E-15, 0.000000000000000000 ) ) ;
#473 = ADVANCED_FACE ( 'NONE', ( #4182 ), #270, .F. ) ;
#474 = ORIENTED_EDGE ( 'NONE', *, *, #5457, .F. ) ;
#475 = LINE ( 'NONE', #2018, #4755 ) ;
#476 = DIRECTION ( 'NONE',  ( -1.000000000000000000, -3.979659739005617668E-15, 0.000000000000000000 ) ) ;
#477 = CARTESIAN_POINT ( 'NONE',  ( -74.23909603667233625, -9.444142737284625611, 91.57616807355586275 ) ) ;
#478 = DIRECTION ( 'NONE',  ( -3.999776700323682533E-15, 1.000000000000000000, 0.000000000000000000 ) ) ;
#479 = EDGE_CURVE ( 'NONE', #1626, #4826, #2755, .T. ) ;
#480 = EDGE_LOOP ( 'NONE', ( #3625, #4265, #4870, #212 ) ) ;
#481 = VERTEX_POINT ( 'NONE', #5538 ) ;
#482 = VERTEX_POINT ( 'NONE', #2797 ) ;
#483 = DIRECTION ( 'NONE',  ( -4.000000000000000311E-15, 1.000000000000000000, 3.000000000000000233E-15 ) ) ;
#484 = PLANE ( 'NONE',  #4514 ) ;
#485 = EDGE_CURVE ( 'NONE', #6697, #379, #3764, .T. ) ;
#486 = CARTESIAN_POINT ( 'NONE',  ( -32.42099603897735705, -5.444142737284287215, 31.71566209117936097 ) ) ;
#487 = CYLINDRICAL_SURFACE ( 'NONE', #800, 54.99999999999996447 ) ;
#488 = ORIENTED_EDGE ( 'NONE', *, *, #965, .T. ) ;
#489 = ORIENTED_EDGE ( 'NONE', *, *, #4059, .T. ) ;
#490 = ORIENTED_EDGE ( 'NONE', *, *, #1324, .F. ) ;
#491 = DIRECTION ( 'NONE',  ( -3.999776700323684900E-15, 1.000000000000000000, 3.000529512353633521E-15 ) ) ;
#492 = LINE ( 'NONE', #2906, #3538 ) ;
#493 = CARTESIAN_POINT ( 'NONE',  ( -52.99504841762477980, -37.44414273728424547, -10.09898687096887748 ) ) ;
#494 = PLANE ( 'NONE',  #3473 ) ;
#495 = CARTESIAN_POINT ( 'NONE',  ( -52.50992937000575012, -37.44414273728418152, -28.49388268174994465 ) ) ;
#496 = LINE ( 'NONE', #2841, #188 ) ;
#497 = ORIENTED_EDGE ( 'NONE', *, *, #4131, .T. ) ;
#498 = VERTEX_POINT ( 'NONE', #2219 ) ;
#499 = VERTEX_POINT ( 'NONE', #4991 ) ;
#500 = LINE ( 'NONE', #2734, #5799 ) ;
#501 = LINE ( 'NONE', #6195, #5101 ) ;
#502 = FACE_OUTER_BOUND ( 'NONE', #2552, .T. ) ;
#503 = LINE ( 'NONE', #1202, #5680 ) ;
#504 = ADVANCED_FACE ( 'NONE', ( #563 ), #6570, .F. ) ;
#505 = EDGE_LOOP ( 'NONE', ( #5064, #5226 ) ) ;
#506 = CARTESIAN_POINT ( 'NONE',  ( 4.560903963327273658, -2.444142737283915068, -43.05447442298054739 ) ) ;
#507 = LINE ( 'NONE', #2741, #5792 ) ;
#508 = FACE_OUTER_BOUND ( 'NONE', #5630, .T. ) ;
#509 = AXIS2_PLACEMENT_3D ( 'NONE', #4892, #7122, #2111 ) ;
#510 = DIRECTION ( 'NONE',  ( -1.000000000000000000, -4.047688110612550150E-15, -2.312964634635742661E-15 ) ) ;
#511 = ORIENTED_EDGE ( 'NONE', *, *, #5978, .F. ) ;
#512 = EDGE_CURVE ( 'NONE', #6125, #1687, #3646, .T. ) ;
#513 = ORIENTED_EDGE ( 'NONE', *, *, #5938, .T. ) ;
#514 = EDGE_CURVE ( 'NONE', #1305, #4566, #5030, .T. ) ;
#515 = VERTEX_POINT ( 'NONE', #1153 ) ;
#516 = DIRECTION ( 'NONE',  ( -0.000000000000000000, 2.972267637966491031E-15, -1.000000000000000000 ) ) ;
#517 = CARTESIAN_POINT ( 'NONE',  ( 0.4976372304088970133, -12.44414273728410514, 14.46683629550344463 ) ) ;
#518 = DIRECTION ( 'NONE',  ( 0.8660254037844394848, 4.967330528082560862E-15, -0.4999999999999985567 ) ) ;
#519 = CARTESIAN_POINT ( 'NONE',  ( -6.376000798577314832, -2.444142737284278333, 63.34009155669151170 ) ) ;
#520 = LINE ( 'NONE', #2756, #5712 ) ;
#521 = ORIENTED_EDGE ( 'NONE', *, *, #6946, .T. ) ;
#522 = EDGE_CURVE ( 'NONE', #5814, #6022, #6360, .T. ) ;
#523 = EDGE_CURVE ( 'NONE', #2247, #2283, #7222, .T. ) ;
#524 = ORIENTED_EDGE ( 'NONE', *, *, #2044, .F. ) ;
#525 = ORIENTED_EDGE ( 'NONE', *, *, #6256, .F. ) ;
#526 = CARTESIAN_POINT ( 'NONE',  ( 10.76090396332739907, -37.44414273728425258, 77.82723890111658704 ) ) ;
#527 = VECTOR ( 'NONE', #6611, 1000.000000000000000 ) ;
#528 = CARTESIAN_POINT ( 'NONE',  ( -74.23909603667232204, -9.444142737284176192, -58.42383192644409462 ) ) ;
#529 = DIRECTION ( 'NONE',  ( 4.001428817919833979E-15, -1.000000000000000000, -2.999626010543229460E-15 ) ) ;
#530 = CARTESIAN_POINT ( 'NONE',  ( -43.48909603667235757, -6.444142737284245470, 2.876168073555626759 ) ) ;
#531 = DIRECTION ( 'NONE',  ( 1.000000000000000000, 4.047688110612546206E-15, 0.000000000000000000 ) ) ;
#532 = VECTOR ( 'NONE', #440, 1000.000000000000000 ) ;
#533 = FACE_BOUND ( 'NONE', #2180, .T. ) ;
#534 = VECTOR ( 'NONE', #5576, 1000.000000000000000 ) ;
#535 = AXIS2_PLACEMENT_3D ( 'NONE', #2949, #4039, #5181 ) ;
#536 = ORIENTED_EDGE ( 'NONE', *, *, #6510, .T. ) ;
#537 = ADVANCED_FACE ( 'NONE', ( #3331, #21 ), #2252, .T. ) ;
#538 = ORIENTED_EDGE ( 'NONE', *, *, #3366, .F. ) ;
#539 = AXIS2_PLACEMENT_3D ( 'NONE', #3312, #545, #1830 ) ;
#540 = ORIENTED_EDGE ( 'NONE', *, *, #4718, .F. ) ;
#541 = CARTESIAN_POINT ( 'NONE',  ( 8.179003961022637270, -2.444142737284125122, 31.71566209117936808 ) ) ;
#542 = PLANE ( 'NONE',  #4278 ) ;
#543 = VECTOR ( 'NONE', #1888, 1000.000000000000000 ) ;
#544 = DIRECTION ( 'NONE',  ( -3.999776700323684900E-15, 1.000000000000000000, 3.000529512353633521E-15 ) ) ;
#545 = DIRECTION ( 'NONE',  ( 4.001428817919833979E-15, -1.000000000000000000, -2.999626010543229460E-15 ) ) ;
#546 = VECTOR ( 'NONE', #1655, 1000.000000000000000 ) ;
#547 = ORIENTED_EDGE ( 'NONE', *, *, #4414, .F. ) ;
#548 = CARTESIAN_POINT ( 'NONE',  ( -32.42099603897735705, -5.444142737284225930, 11.11566209117935955 ) ) ;
#549 = DIRECTION ( 'NONE',  ( 0.8660254037844387076, 4.964172988122225296E-15, -0.4999999999999997224 ) ) ;
#550 = VECTOR ( 'NONE', #1444, 1000.000000000000000 ) ;
#551 = DIRECTION ( 'NONE',  ( -0.8660254037844380415, 0.000000000000000000, 0.5000000000000012212 ) ) ;
#552 = CARTESIAN_POINT ( 'NONE',  ( 14.88222430688691489, -12.44414273728428100, 92.45484772999623146 ) ) ;
#553 = EDGE_CURVE ( 'NONE', #4287, #1878, #3259, .T. ) ;
#554 = AXIS2_PLACEMENT_3D ( 'NONE', #6839, #6262, #3867 ) ;
#555 = ORIENTED_EDGE ( 'NONE', *, *, #5183, .T. ) ;
#556 = AXIS2_PLACEMENT_3D ( 'NONE', #4923, #2144, #1522 ) ;
#557 = EDGE_LOOP ( 'NONE', ( #7185, #6236 ) ) ;
#558 = EDGE_LOOP ( 'NONE', ( #2749, #775, #6757, #5314 ) ) ;
#559 = AXIS2_PLACEMENT_3D ( 'NONE', #3020, #7039, #239 ) ;
#560 = LINE ( 'NONE', #4986, #5798 ) ;
#561 = CARTESIAN_POINT ( 'NONE',  ( 4.560903963327413102, -37.44414273728391862, -43.05447442298065397 ) ) ;
#562 = CARTESIAN_POINT ( 'NONE',  ( -66.13909603667237036, -12.44414273728459008, 84.41702473560451381 ) ) ;
#563 = FACE_OUTER_BOUND ( 'NONE', #6890, .T. ) ;
#564 = ADVANCED_FACE ( 'NONE', ( #7180 ), #3842, .F. ) ;
#565 = EDGE_CURVE ( 'NONE', #3962, #6689, #1073, .T. ) ;
#566 = ORIENTED_EDGE ( 'NONE', *, *, #157, .T. ) ;
#567 = VERTEX_POINT ( 'NONE', #2688 ) ;
#568 = VERTEX_POINT ( 'NONE', #7116 ) ;
#569 = DIRECTION ( 'NONE',  ( -3.999776700323684900E-15, 1.000000000000000000, 3.000529512353633521E-15 ) ) ;
#570 = FACE_OUTER_BOUND ( 'NONE', #6544, .T. ) ;
#571 = DIRECTION ( 'NONE',  ( 1.192473713667498857E-29, -2.999626010543229460E-15, 1.000000000000000000 ) ) ;
#572 = DIRECTION ( 'NONE',  ( 3.999776700323682533E-15, -1.000000000000000000, -2.999626010543229460E-15 ) ) ;
#573 = DIRECTION ( 'NONE',  ( -1.201914020652960440E-29, 3.000529512353633521E-15, -1.000000000000000000 ) ) ;
#574 = FACE_BOUND ( 'NONE', #2952, .T. ) ;
#575 = EDGE_CURVE ( 'NONE', #4480, #4219, #6675, .T. ) ;
#576 = ORIENTED_EDGE ( 'NONE', *, *, #619, .F. ) ;
#577 = ORIENTED_EDGE ( 'NONE', *, *, #3166, .F. ) ;
#578 = AXIS2_PLACEMENT_3D ( 'NONE', #3638, #284, #2460 ) ;
#579 = ORIENTED_EDGE ( 'NONE', *, *, #6760, .F. ) ;
#580 = CARTESIAN_POINT ( 'NONE',  ( -66.13909603667238457, -2.444142737284275224, -17.34640191258999309 ) ) ;
#581 = DIRECTION ( 'NONE',  ( -0.4999999999999968914, 5.986464323413558579E-16, -0.8660254037844404840 ) ) ;
#582 = CARTESIAN_POINT ( 'NONE',  ( -37.73841797563434852, -12.44414273728440889, 65.36485733107022611 ) ) ;
#583 = FACE_OUTER_BOUND ( 'NONE', #100, .T. ) ;
#584 = EDGE_CURVE ( 'NONE', #3498, #5262, #3222, .T. ) ;
#585 = ORIENTED_EDGE ( 'NONE', *, *, #1206, .F. ) ;
#586 = CARTESIAN_POINT ( 'NONE',  ( -69.23909603667226520, -37.44414273728460074, 86.20681057009225867 ) ) ;
#587 = PLANE ( 'NONE',  #68 ) ;
#588 = LINE ( 'NONE', #1249, #5485 ) ;
#589 = ORIENTED_EDGE ( 'NONE', *, *, #1327, .F. ) ;
#590 = ORIENTED_EDGE ( 'NONE', *, *, #1821, .T. ) ;
#591 = ADVANCED_FACE ( 'NONE', ( #2654 ), #2105, .F. ) ;
#592 = ORIENTED_EDGE ( 'NONE', *, *, #119, .T. ) ;
#593 = PLANE ( 'NONE',  #3911 ) ;
#594 = CARTESIAN_POINT ( 'NONE',  ( -12.60762521870768182, -5.444142737284153988, 13.52651803764361738 ) ) ;
#595 = PLANE ( 'NONE',  #6170 ) ;
#596 = DIRECTION ( 'NONE',  ( 1.000000000000000000, 3.989863994746655528E-15, 0.000000000000000000 ) ) ;
#597 = EDGE_LOOP ( 'NONE', ( #2306, #2109, #1042, #2167 ) ) ;
#598 = EDGE_CURVE ( 'NONE', #5849, #7032, #4918, .T. ) ;
#599 = ORIENTED_EDGE ( 'NONE', *, *, #4392, .F. ) ;
#600 = PRODUCT_RELATED_PRODUCT_CATEGORY ( 'detail', '', ( #4433 ) ) ;
#601 = ORIENTED_EDGE ( 'NONE', *, *, #3325, .F. ) ;
#602 = DIRECTION ( 'NONE',  ( 4.001428817919833979E-15, -1.000000000000000000, -2.999626010543229460E-15 ) ) ;
#603 = DIRECTION ( 'NONE',  ( 1.000000000000000000, 4.130293990420968897E-15, 0.000000000000000000 ) ) ;
#604 = CARTESIAN_POINT ( 'NONE',  ( -66.13909603667238457, -2.444142737284311195, -5.387258574638634556 ) ) ;
#605 = DIRECTION ( 'NONE',  ( -0.8660254037844387076, -4.964172988122225296E-15, 0.4999999999999997224 ) ) ;
#606 = DIRECTION ( 'NONE',  ( 0.000000000000000000, 1.000000000000000000, 3.000529512353633521E-15 ) ) ;
#607 = DIRECTION ( 'NONE',  ( 0.4999999999999990563, 4.598423132665021135E-15, -0.8660254037844392627 ) ) ;
#608 = EDGE_LOOP ( 'NONE', ( #2184, #2684, #1221, #1185 ) ) ;
#609 = ORIENTED_EDGE ( 'NONE', *, *, #4006, .F. ) ;
#610 = EDGE_CURVE ( 'NONE', #234, #6594, #6004, .T. ) ;
#611 = ORIENTED_EDGE ( 'NONE', *, *, #5010, .F. ) ;
#612 = EDGE_CURVE ( 'NONE', #5762, #301, #3990, .T. ) ;
#613 = LINE ( 'NONE', #1169, #1350 ) ;
#614 = DIRECTION ( 'NONE',  ( 4.001428817919833979E-15, -1.000000000000000000, -2.999626010543229460E-15 ) ) ;
#615 = CARTESIAN_POINT ( 'NONE',  ( -63.03909603667236183, -12.44414273728419396, -43.05447442298056870 ) ) ;
#616 = DIRECTION ( 'NONE',  ( -1.000000000000000000, -3.304235192336774723E-15, 0.000000000000000000 ) ) ;
#617 = AXIS2_PLACEMENT_3D ( 'NONE', #3078, #4143, #3654 ) ;
#618 = ORIENTED_EDGE ( 'NONE', *, *, #3338, .F. ) ;
#619 = EDGE_CURVE ( 'NONE', #1713, #5946, #6242, .T. ) ;
#620 = FACE_OUTER_BOUND ( 'NONE', #5895, .T. ) ;
#621 = LINE ( 'NONE', #3316, #2406 ) ;
#622 = FACE_OUTER_BOUND ( 'NONE', #2024, .T. ) ;
#623 = VECTOR ( 'NONE', #5379, 1000.000000000000000 ) ;
#624 = ORIENTED_EDGE ( 'NONE', *, *, #2551, .F. ) ;
#625 = VERTEX_POINT ( 'NONE', #6789 ) ;
#626 = AXIS2_PLACEMENT_3D ( 'NONE', #6208, #4712, #4127 ) ;
#627 = ORIENTED_EDGE ( 'NONE', *, *, #2580, .T. ) ;
#628 = FACE_OUTER_BOUND ( 'NONE', #648, .T. ) ;
#629 = DIRECTION ( 'NONE',  ( -1.000000000000000000, -4.130293990420967319E-15, 0.000000000000000000 ) ) ;
#630 = LINE ( 'NONE', #5097, #5455 ) ;
#631 = LINE ( 'NONE', #6416, #3768 ) ;
#632 = COORDINATED_UNIVERSAL_TIME_OFFSET ( 8, 0, .AHEAD. ) ;
#633 = EDGE_LOOP ( 'NONE', ( #2124, #5423 ) ) ;
#634 = EDGE_LOOP ( 'NONE', ( #2169, #453, #3496, #3314, #5250, #1179 ) ) ;
#635 = ORIENTED_EDGE ( 'NONE', *, *, #7034, .T. ) ;
#636 = DIRECTION ( 'NONE',  ( -4.000000000000001100E-15, 1.000000000000000000, 2.999999999999999839E-15 ) ) ;
#637 = DIRECTION ( 'NONE',  ( 4.001428817919833979E-15, -1.000000000000000000, -2.999626010543229460E-15 ) ) ;
#638 = CARTESIAN_POINT ( 'NONE',  ( 4.560903963327256783, -2.444142737284242362, 65.86809556316535463 ) ) ;
#639 = CARTESIAN_POINT ( 'NONE',  ( 10.76090396332725874, -2.444142737284253020, 77.82723890111670073 ) ) ;
#640 = CARTESIAN_POINT ( 'NONE',  ( -63.03909603667224815, -37.44414273728420994, -34.67490275400497524 ) ) ;
#641 = LINE ( 'NONE', #3969, #1004 ) ;
#642 = EDGE_CURVE ( 'NONE', #788, #760, #5140, .T. ) ;
#643 = AXIS2_PLACEMENT_3D ( 'NONE', #1806, #5728, #2937 ) ;
#644 = VERTEX_POINT ( 'NONE', #1738 ) ;
#645 = VERTEX_POINT ( 'NONE', #225 ) ;
#646 = AXIS2_PLACEMENT_3D ( 'NONE', #5995, #3164, #2625 ) ;
#647 = CIRCLE ( 'NONE', #4733, 3.000000000000002665 ) ;
#648 = EDGE_LOOP ( 'NONE', ( #1956, #3844, #4701, #5185 ) ) ;
#649 = VECTOR ( 'NONE', #6810, 1000.000000000000000 ) ;
#650 = DIRECTION ( 'NONE',  ( -3.999776700323684900E-15, 1.000000000000000000, 3.000529512353633521E-15 ) ) ;
#651 = ORIENTED_EDGE ( 'NONE', *, *, #305, .F. ) ;
#652 = EDGE_CURVE ( 'NONE', #1077, #1432, #631, .T. ) ;
#653 = LINE ( 'NONE', #582, #6375 ) ;
#654 = DIRECTION ( 'NONE',  ( 2.423088062479277166E-16, -3.028860078099096531E-15, 1.000000000000000000 ) ) ;
#655 = EDGE_CURVE ( 'NONE', #5090, #3022, #6008, .T. ) ;
#656 = VECTOR ( 'NONE', #5727, 1000.000000000000000 ) ;
#657 = EDGE_CURVE ( 'NONE', #4879, #1518, #1904, .T. ) ;
#658 = VECTOR ( 'NONE', #6106, 999.9999999999998863 ) ;
#659 = VECTOR ( 'NONE', #6060, 1000.000000000000000 ) ;
#660 = CYLINDRICAL_SURFACE ( 'NONE', #2662, 2.500000000000014211 ) ;
#661 = VECTOR ( 'NONE', #5459, 1000.000000000000000 ) ;
#662 = CARTESIAN_POINT ( 'NONE',  ( -65.11777569311269076, -12.44414273728415132, -57.54515227000374011 ) ) ;
#663 = DIRECTION ( 'NONE',  ( 0.4999999999999986122, -5.986464323413463915E-16, 0.8660254037844394848 ) ) ;
#664 = AXIS2_PLACEMENT_3D ( 'NONE', #6444, #5889, #981 ) ;
#665 = ADVANCED_FACE ( 'NONE', ( #6753 ), #4754, .F. ) ;
#666 = VECTOR ( 'NONE', #5898, 1000.000000000000000 ) ;
#667 = EDGE_LOOP ( 'NONE', ( #1945, #5990, #2964, #1853, #5725, #7118 ) ) ;
#668 = VERTEX_POINT ( 'NONE', #4682 ) ;
#669 = AXIS2_PLACEMENT_3D ( 'NONE', #2299, #571, #4960 ) ;
#670 = ORIENTED_EDGE ( 'NONE', *, *, #1060, .T. ) ;
#671 = CARTESIAN_POINT ( 'NONE',  ( -24.04598636944701795, -12.44414273728403408, -41.64887010999102301 ) ) ;
#672 = CYLINDRICAL_SURFACE ( 'NONE', #5673, 2.500000000000000444 ) ;
#673 = VECTOR ( 'NONE', #3744, 1000.000000000000000 ) ;
#674 = CARTESIAN_POINT ( 'NONE',  ( -69.23909603667239310, -2.444142737284490607, 50.32938055623830564 ) ) ;
#675 = CARTESIAN_POINT ( 'NONE',  ( -69.23909603667236468, -12.44414273728433962, -2.833372241562646008E-14 ) ) ;
#676 = CARTESIAN_POINT ( 'NONE',  ( -69.23909603667237889, -2.444142737284562106, 74.24766723214101205 ) ) ;
#677 = APPROVAL_STATUS ( 'not_yet_approved' ) ;
#678 = EDGE_CURVE ( 'NONE', #499, #6076, #2491, .T. ) ;
#679 = CIRCLE ( 'NONE', #4761, 2.099999999999997868 ) ;
#680 = AXIS2_PLACEMENT_3D ( 'NONE', #4624, #6720, #63 ) ;
#681 = ORIENTED_EDGE ( 'NONE', *, *, #1624, .T. ) ;
#682 = EDGE_LOOP ( 'NONE', ( #1789, #852, #5349, #3694 ) ) ;
#683 = VECTOR ( 'NONE', #6452, 1000.000000000000000 ) ;
#684 = EDGE_LOOP ( 'NONE', ( #58, #7226, #4044, #3151 ) ) ;
#685 = LINE ( 'NONE', #2945, #7104 ) ;
#686 = LINE ( 'NONE', #4588, #4274 ) ;
#687 = DIRECTION ( 'NONE',  ( 4.000000000000001889E-15, -1.000000000000000000, -2.999999999999998261E-15 ) ) ;
#688 = DIRECTION ( 'NONE',  ( -3.999776700323684900E-15, 1.000000000000000000, 3.000529512353633521E-15 ) ) ;
#689 = CARTESIAN_POINT ( 'NONE',  ( 8.179003961022649705, -5.444142737284125566, 31.71566209117936097 ) ) ;
#690 = ORIENTED_EDGE ( 'NONE', *, *, #7089, .F. ) ;
#691 = ORIENTED_EDGE ( 'NONE', *, *, #6178, .T. ) ;
#692 = ORIENTED_EDGE ( 'NONE', *, *, #5772, .T. ) ;
#693 = CARTESIAN_POINT ( 'NONE',  ( -36.73909603667241441, 0.9558572627156939339, 32.07616807355594091 ) ) ;
#694 = ORIENTED_EDGE ( 'NONE', *, *, #6647, .T. ) ;
#695 = PLANE ( 'NONE',  #6046 ) ;
#696 = DIRECTION ( 'NONE',  ( -1.000000000000000000, -3.304235192336773934E-15, 0.000000000000000000 ) ) ;
#697 = CARTESIAN_POINT ( 'NONE',  ( -69.23909603667235046, -12.44414273728433962, -2.833372241562646008E-14 ) ) ;
#698 = VECTOR ( 'NONE', #2380, 1000.000000000000000 ) ;
#699 = EDGE_CURVE ( 'NONE', #6084, #2931, #3958, .T. ) ;
#700 = CARTESIAN_POINT ( 'NONE',  ( -63.03909603667234762, -12.44414273728428810, -10.75661607810217646 ) ) ;
#701 = APPROVAL ( #4582, '未指定' ) ;
#702 = VECTOR ( 'NONE', #761, 1000.000000000000000 ) ;
#703 = LINE ( 'NONE', #223, #3083 ) ;
#704 = LINE ( 'NONE', #2823, #3720 ) ;
#705 = EDGE_CURVE ( 'NONE', #1380, #6383, #395, .T. ) ;
#706 = ORIENTED_EDGE ( 'NONE', *, *, #2077, .F. ) ;
#707 = ORIENTED_EDGE ( 'NONE', *, *, #211, .F. ) ;
#708 = ORIENTED_EDGE ( 'NONE', *, *, #3590, .T. ) ;
#709 = CARTESIAN_POINT ( 'NONE',  ( -63.03909603667239026, -2.444142737284584310, 89.78638223906807525 ) ) ;
#710 = EDGE_CURVE ( 'NONE', #7166, #2593, #4479, .T. ) ;
#711 = LINE ( 'NONE', #2828, #3901 ) ;
#712 = CARTESIAN_POINT ( 'NONE',  ( 7.660903963327283961, -12.44414273728417264, 48.53959472175044709 ) ) ;
#713 = DIRECTION ( 'NONE',  ( 0.8660254037844382635, 1.963643475768589014E-15, 0.5000000000000005551 ) ) ;
#714 = APPROVAL_STATUS ( 'not_yet_approved' ) ;
#715 = ORIENTED_EDGE ( 'NONE', *, *, #4643, .T. ) ;
#716 = EDGE_LOOP ( 'NONE', ( #6212, #5055, #791, #6981 ) ) ;
#717 = VERTEX_POINT ( 'NONE', #1940 ) ;
#718 = EDGE_CURVE ( 'NONE', #4769, #1510, #275, .T. ) ;
#719 = CARTESIAN_POINT ( 'NONE',  ( 4.560903963327255894, -2.444142737284012323, -10.75661607810215337 ) ) ;
#720 = LINE ( 'NONE', #6681, #2059 ) ;
#721 = CARTESIAN_POINT ( 'NONE',  ( -69.23909603667235046, -12.44414273728451725, 62.28852389418964464 ) ) ;
#722 = DIRECTION ( 'NONE',  ( 1.000000000000000000, 4.130293990420973630E-15, 0.000000000000000000 ) ) ;
#723 = CARTESIAN_POINT ( 'NONE',  ( -69.23909603667237889, -2.444142737284537237, 65.86809556316535463 ) ) ;
#724 = ORIENTED_EDGE ( 'NONE', *, *, #4787, .T. ) ;
#725 = ORIENTED_EDGE ( 'NONE', *, *, #3506, .T. ) ;
#726 = ORIENTED_EDGE ( 'NONE', *, *, #4766, .F. ) ;
#727 = LINE ( 'NONE', #142, #3719 ) ;
#728 = EDGE_LOOP ( 'NONE', ( #1378, #4201, #6485, #1813, #5092, #4964 ) ) ;
#729 = PLANE ( 'NONE',  #1951 ) ;
#730 = CARTESIAN_POINT ( 'NONE',  ( -46.23909603667231494, -16.44414273728425613, 2.876168073555596560 ) ) ;
#731 = DIRECTION ( 'NONE',  ( -4.000000000000001100E-15, 1.000000000000000000, 2.999999999999999839E-15 ) ) ;
#732 = LINE ( 'NONE', #3659, #6410 ) ;
#733 = LINE ( 'NONE', #2961, #5204 ) ;
#734 = CARTESIAN_POINT ( 'NONE',  ( 7.660903963327259980, -2.444142737284270783, 79.61702473560454507 ) ) ;
#735 = EDGE_CURVE ( 'NONE', #4809, #3656, #4164, .T. ) ;
#736 = ORIENTED_EDGE ( 'NONE', *, *, #4540, .T. ) ;
#737 = ORIENTED_EDGE ( 'NONE', *, *, #3861, .T. ) ;
#738 = ORIENTED_EDGE ( 'NONE', *, *, #4194, .T. ) ;
#739 = DIRECTION ( 'NONE',  ( 0.8660254037844404840, 1.938470449983431593E-15, 0.4999999999999968359 ) ) ;
#740 = DIRECTION ( 'NONE',  ( -4.000000000000001100E-15, 1.000000000000000000, 2.999999999999999839E-15 ) ) ;
#741 = CARTESIAN_POINT ( 'NONE',  ( -63.03909603667223394, -37.44414273728428810, -10.75661607810225995 ) ) ;
#742 = CARTESIAN_POINT ( 'NONE',  ( -63.03909603667224815, -37.44414273728417442, -46.63404609195632844 ) ) ;
#743 = EDGE_CURVE ( 'NONE', #2775, #2623, #3608, .T. ) ;
#744 = EDGE_CURVE ( 'NONE', #6833, #6330, #4951, .T. ) ;
#745 = AXIS2_PLACEMENT_3D ( 'NONE', #3878, #3292, #3919 ) ;
#746 = VERTEX_POINT ( 'NONE', #285 ) ;
#747 = VECTOR ( 'NONE', #4838, 1000.000000000000000 ) ;
#748 = ORIENTED_EDGE ( 'NONE', *, *, #2707, .T. ) ;
#749 = ORIENTED_EDGE ( 'NONE', *, *, #50, .F. ) ;
#750 = CARTESIAN_POINT ( 'NONE',  ( -71.73909603667237889, -2.444142737284447087, 33.77616807355593664 ) ) ;
#751 = FACE_BOUND ( 'NONE', #2835, .T. ) ;
#752 = EDGE_CURVE ( 'NONE', #5962, #4794, #2524, .T. ) ;
#753 = DIRECTION ( 'NONE',  ( -0.000000000000000000, 3.028860078099107970E-15, -1.000000000000000000 ) ) ;
#754 = CARTESIAN_POINT ( 'NONE',  ( 7.660903963327287514, -12.44414273728427389, 79.61702473560451665 ) ) ;
#755 = DIRECTION ( 'NONE',  ( -1.000000000000000000, -3.999776700323684111E-15, -2.423088062479412258E-16 ) ) ;
#756 = EDGE_CURVE ( 'NONE', #2587, #2719, #6446, .T. ) ;
#757 = EDGE_CURVE ( 'NONE', #2448, #5517, #56, .T. ) ;
#758 = ORIENTED_EDGE ( 'NONE', *, *, #168, .F. ) ;
#759 = ORIENTED_EDGE ( 'NONE', *, *, #6442, .T. ) ;
#760 = VERTEX_POINT ( 'NONE', #6586 ) ;
#761 = DIRECTION ( 'NONE',  ( 0.000000000000000000, 2.907705674975143840E-15, -1.000000000000000000 ) ) ;
#762 = ORIENTED_EDGE ( 'NONE', *, *, #4679, .F. ) ;
#763 = DIRECTION ( 'NONE',  ( 4.001428817919833979E-15, -1.000000000000000000, -2.999626010543229460E-15 ) ) ;
#764 = CARTESIAN_POINT ( 'NONE',  ( -63.03909603667236183, -12.44414273728426323, -19.13618774707785164 ) ) ;
#765 = CARTESIAN_POINT ( 'NONE',  ( -21.73909603667271995, -12.44414273728421527, 21.57616807355590538 ) ) ;
#766 = AXIS2_PLACEMENT_3D ( 'NONE', #594, #4022, #629 ) ;
#767 = EDGE_CURVE ( 'NONE', #3991, #7216, #3751, .T. ) ;
#768 = VECTOR ( 'NONE', #4969, 1000.000000000000114 ) ;
#769 = FACE_OUTER_BOUND ( 'NONE', #6628, .T. ) ;
#770 = LINE ( 'NONE', #1837, #3320 ) ;
#771 = AXIS2_PLACEMENT_3D ( 'NONE', #4625, #6295, #6870 ) ;
#772 = CARTESIAN_POINT ( 'NONE',  ( 10.76090396332742216, -37.44414273728428100, 86.20681057009225867 ) ) ;
#773 = VECTOR ( 'NONE', #4817, 1000.000000000000000 ) ;
#774 = AXIS2_PLACEMENT_3D ( 'NONE', #1189, #637, #603 ) ;
#775 = ORIENTED_EDGE ( 'NONE', *, *, #1994, .T. ) ;
#776 = VECTOR ( 'NONE', #3514, 1000.000000000000114 ) ;
#777 = ORIENTED_EDGE ( 'NONE', *, *, #3063, .F. ) ;
#778 = CARTESIAN_POINT ( 'NONE',  ( -51.23909603667242152, -37.44414273728448705, 73.82317755735311948 ) ) ;
#779 = CIRCLE ( 'NONE', #300, 59.99999999999997158 ) ;
#780 = CARTESIAN_POINT ( 'NONE',  ( -36.73909603667242152, 0.9558572627157568835, 11.07616807355594624 ) ) ;
#781 = ADVANCED_FACE ( 'NONE', ( #4823 ), #5454, .F. ) ;
#782 = DIRECTION ( 'NONE',  ( 0.000000000000000000, -1.000000000000000000, -2.999626010543227882E-15 ) ) ;
#783 = LINE ( 'NONE', #742, #2779 ) ;
#784 = CC_DESIGN_APPROVAL ( #701, ( #6396 ) ) ;
#785 = AXIS2_PLACEMENT_3D ( 'NONE', #3647, #3792, #1033 ) ;
#786 = AXIS2_PLACEMENT_3D ( 'NONE', #3756, #4317, #478 ) ;
#787 = AXIS2_PLACEMENT_3D ( 'NONE', #7056, #2043, #4860 ) ;
#788 = VERTEX_POINT ( 'NONE', #2563 ) ;
#789 = ORIENTED_EDGE ( 'NONE', *, *, #6702, .T. ) ;
#790 = AXIS2_PLACEMENT_3D ( 'NONE', #4053, #2991, #1866 ) ;
#791 = ORIENTED_EDGE ( 'NONE', *, *, #2280, .T. ) ;
#792 = CARTESIAN_POINT ( 'NONE',  ( 7.660903963327394983, -37.44414273728420284, 55.69873805970172498 ) ) ;
#793 = EDGE_CURVE ( 'NONE', #3596, #668, #4792, .T. ) ;
#794 = FACE_BOUND ( 'NONE', #5358, .T. ) ;
#795 = EDGE_CURVE ( 'NONE', #4168, #4693, #919, .T. ) ;
#796 = DIRECTION ( 'NONE',  ( -4.003208021484939327E-15, 1.000000000000000000, 0.000000000000000000 ) ) ;
#797 = DIRECTION ( 'NONE',  ( 3.712746219811193165E-31, -3.000529512353633521E-15, 1.000000000000000000 ) ) ;
#798 = AXIS2_PLACEMENT_3D ( 'NONE', #1723, #5084, #2318 ) ;
#799 = CARTESIAN_POINT ( 'NONE',  ( -63.03909603667224815, -37.44414273728450127, 62.28852389418955937 ) ) ;
#800 = AXIS2_PLACEMENT_3D ( 'NONE', #4396, #5954, #3843 ) ;
#801 = ORIENTED_EDGE ( 'NONE', *, *, #130, .T. ) ;
#802 = AXIS2_PLACEMENT_3D ( 'NONE', #2499, #5312, #2021 ) ;
#803 = VERTEX_POINT ( 'NONE', #6045 ) ;
#804 = AXIS2_PLACEMENT_3D ( 'NONE', #4364, #5509, #6068 ) ;
#805 = VERTEX_POINT ( 'NONE', #2157 ) ;
#806 = AXIS2_PLACEMENT_3D ( 'NONE', #5769, #3049, #5810 ) ;
#807 = EDGE_CURVE ( 'NONE', #6565, #3488, #1026, .T. ) ;
#808 = DIRECTION ( 'NONE',  ( -3.999776700323684900E-15, 1.000000000000000000, 3.000529512353633521E-15 ) ) ;
#809 = EDGE_LOOP ( 'NONE', ( #5327, #5105, #1669, #4052, #3038, #2600 ) ) ;
#810 = CARTESIAN_POINT ( 'NONE',  ( -63.03909603667234762, -12.44414273728447107, 53.90895222521396590 ) ) ;
#811 = DIRECTION ( 'NONE',  ( 4.001428817919833979E-15, -1.000000000000000000, -2.999626010543229460E-15 ) ) ;
#812 = DIRECTION ( 'NONE',  ( -1.000000000000000000, -4.047688110612546206E-15, 0.000000000000000000 ) ) ;
#813 = EDGE_CURVE ( 'NONE', #2627, #5803, #4497, .T. ) ;
#814 = DIRECTION ( 'NONE',  ( -0.8660254037844391517, -4.967330528082545085E-15, 0.4999999999999989453 ) ) ;
#815 = DIRECTION ( 'NONE',  ( -1.000000000000000000, -3.999776700323684900E-15, -1.195713505803094363E-29 ) ) ;
#816 = DIRECTION ( 'NONE',  ( 1.000000000000000000, 3.998181162097232081E-15, 0.000000000000000000 ) ) ;
#817 = ORIENTED_EDGE ( 'NONE', *, *, #2, .F. ) ;
#818 = ORIENTED_EDGE ( 'NONE', *, *, #197, .F. ) ;
#819 = DIRECTION ( 'NONE',  ( 1.000000000000000000, 4.130293990420968108E-15, 0.000000000000000000 ) ) ;
#820 = AXIS2_PLACEMENT_3D ( 'NONE', #5303, #815, #6991 ) ;
#821 = DIRECTION ( 'NONE',  ( -3.999776700323684900E-15, 1.000000000000000000, 3.000529512353633521E-15 ) ) ;
#822 = CARTESIAN_POINT ( 'NONE',  ( -15.23909603667235402, -5.444142737284188627, 21.57616807355568511 ) ) ;
#823 = DIRECTION ( 'NONE',  ( -3.994991256252005511E-15, 1.000000000000000000, 3.010503119717032181E-15 ) ) ;
#824 = ORIENTED_EDGE ( 'NONE', *, *, #4690, .T. ) ;
#825 = ORIENTED_EDGE ( 'NONE', *, *, #4990, .F. ) ;
#826 = VERTEX_POINT ( 'NONE', #3138 ) ;
#827 = LINE ( 'NONE', #2472, #5940 ) ;
#828 = FACE_BOUND ( 'NONE', #1401, .T. ) ;
#829 = DIRECTION ( 'NONE',  ( -1.000000000000000000, -3.999776700323687266E-15, 1.652117596168375923E-15 ) ) ;
#830 = CARTESIAN_POINT ( 'NONE',  ( -73.36041638023199596, -2.444142737284198397, -49.30251158288442070 ) ) ;
#831 = ADVANCED_FACE ( 'NONE', ( #2597 ), #950, .F. ) ;
#832 = ORIENTED_EDGE ( 'NONE', *, *, #5219, .F. ) ;
#833 = ORIENTED_EDGE ( 'NONE', *, *, #756, .T. ) ;
#834 = EDGE_LOOP ( 'NONE', ( #1810, #5988, #4619, #1197 ) ) ;
#835 = CARTESIAN_POINT ( 'NONE',  ( -61.33146398155831491, -2.444142737284123790, -61.33146398155815859 ) ) ;
#836 = ORIENTED_EDGE ( 'NONE', *, *, #6442, .F. ) ;
#837 = DIRECTION ( 'NONE',  ( -3.999776700323684900E-15, 1.000000000000000000, 3.000529512353633521E-15 ) ) ;
#838 = FACE_OUTER_BOUND ( 'NONE', #152, .T. ) ;
#839 = DIRECTION ( 'NONE',  ( -0.000000000000000000, -3.083952846180987322E-15, 1.000000000000000000 ) ) ;
#840 = EDGE_CURVE ( 'NONE', #2283, #4879, #4933, .T. ) ;
#841 = DIRECTION ( 'NONE',  ( 0.000000000000000000, -3.028860078099107970E-15, 1.000000000000000000 ) ) ;
#842 = CARTESIAN_POINT ( 'NONE',  ( 5.435504178569583900, -7.444142737284106026, 21.42876338647386447 ) ) ;
#843 = DIRECTION ( 'NONE',  ( -3.999776700323684900E-15, 1.000000000000000000, 3.000529512353633521E-15 ) ) ;
#844 = ADVANCED_FACE ( 'NONE', ( #2090 ), #1500, .F. ) ;
#845 = EDGE_CURVE ( 'NONE', #1688, #2129, #3718, .T. ) ;
#846 = ORIENTED_EDGE ( 'NONE', *, *, #4193, .T. ) ;
#847 = ORIENTED_EDGE ( 'NONE', *, *, #1336, .T. ) ;
#848 = CARTESIAN_POINT ( 'NONE',  ( 32.09236794488564470, -2.444142737283837796, -32.09236794488574418 ) ) ;
#849 = DIRECTION ( 'NONE',  ( 3.999776700323682533E-15, -1.000000000000000000, -2.999626010543229460E-15 ) ) ;
#850 = CARTESIAN_POINT ( 'NONE',  ( -3.517525400364450938, -12.44414273728405895, -6.092532710345370361 ) ) ;
#851 = LINE ( 'NONE', #6350, #683 ) ;
#852 = ORIENTED_EDGE ( 'NONE', *, *, #2795, .T. ) ;
#853 = ORIENTED_EDGE ( 'NONE', *, *, #5367, .T. ) ;
#854 = VERTEX_POINT ( 'NONE', #5933 ) ;
#855 = ORIENTED_EDGE ( 'NONE', *, *, #4955, .F. ) ;
#856 = FACE_OUTER_BOUND ( 'NONE', #1028, .T. ) ;
#857 = LINE ( 'NONE', #4181, #5806 ) ;
#858 = CARTESIAN_POINT ( 'NONE',  ( 53.66853601844160693, -2.444142737284008771, 53.66853601844142219 ) ) ;
#859 = PLANE ( 'NONE',  #1495 ) ;
#860 = ORIENTED_EDGE ( 'NONE', *, *, #2821, .T. ) ;
#861 = ORIENTED_EDGE ( 'NONE', *, *, #5305, .F. ) ;
#862 = VERTEX_POINT ( 'NONE', #7163 ) ;
#863 = CARTESIAN_POINT ( 'NONE',  ( -50.00992937000575722, -37.44414273728447995, 71.64621882886156357 ) ) ;
#864 = ORIENTED_EDGE ( 'NONE', *, *, #2319, .F. ) ;
#865 = EDGE_CURVE ( 'NONE', #6448, #2861, #4233, .T. ) ;
#866 = DIRECTION ( 'NONE',  ( 4.000000000000000311E-15, -1.000000000000000000, -2.999999999999999444E-15 ) ) ;
#867 = CARTESIAN_POINT ( 'NONE',  ( -27.14598636944714016, -12.44414273728403053, -47.01822761345456314 ) ) ;
#868 = PLANE ( 'NONE',  #5223 ) ;
#869 = ORIENTED_EDGE ( 'NONE', *, *, #699, .T. ) ;
#870 = CARTESIAN_POINT ( 'NONE',  ( 1.333360289276132260, -12.44414273728405185, -2.309447765820952458 ) ) ;
#871 = DIRECTION ( 'NONE',  ( -4.000000000000001100E-15, 1.000000000000000000, 3.000000000000000233E-15 ) ) ;
#872 = EDGE_CURVE ( 'NONE', #3387, #2810, #4309, .T. ) ;
#873 = FACE_OUTER_BOUND ( 'NONE', #5553, .T. ) ;
#874 = DIRECTION ( 'NONE',  ( -4.000000000000001100E-15, 1.000000000000000000, 3.000000000000000233E-15 ) ) ;
#875 = EDGE_CURVE ( 'NONE', #3215, #4168, #7132, .T. ) ;
#876 = ORIENTED_EDGE ( 'NONE', *, *, #227, .T. ) ;
#877 = ORIENTED_EDGE ( 'NONE', *, *, #5172, .T. ) ;
#878 = VECTOR ( 'NONE', #1309, 1000.000000000000000 ) ;
#879 = CARTESIAN_POINT ( 'NONE',  ( -7.239096036672575174, -2.444142737284274780, 60.99380372056029387 ) ) ;
#880 = VECTOR ( 'NONE', #3273, 1000.000000000000000 ) ;
#881 = LINE ( 'NONE', #6856, #5915 ) ;
#882 = CARTESIAN_POINT ( 'NONE',  ( 4.518263276207967749, -2.444142737283869771, -58.42383192644405909 ) ) ;
#883 = DIRECTION ( 'NONE',  ( 1.000000000000000000, 3.999776700323684900E-15, 1.211476396892138794E-29 ) ) ;
#884 = AXIS2_PLACEMENT_3D ( 'NONE', #1172, #114, #6228 ) ;
#885 = ADVANCED_FACE ( 'NONE', ( #6557 ), #1532, .F. ) ;
#886 = AXIS2_PLACEMENT_3D ( 'NONE', #6750, #3956, #6238 ) ;
#887 = VECTOR ( 'NONE', #3346, 1000.000000000000000 ) ;
#888 = ORIENTED_EDGE ( 'NONE', *, *, #2942, .T. ) ;
#889 = ORIENTED_EDGE ( 'NONE', *, *, #6872, .T. ) ;
#890 = VECTOR ( 'NONE', #945, 1000.000000000000000 ) ;
#891 = ORIENTED_EDGE ( 'NONE', *, *, #3351, .F. ) ;
#892 = CARTESIAN_POINT ( 'NONE',  ( -7.843262703339095587, -37.44414273728433074, 77.37182933831914511 ) ) ;
#893 = AXIS2_PLACEMENT_3D ( 'NONE', #1984, #5246, #5835 ) ;
#894 = CIRCLE ( 'NONE', #1836, 2.500000000000009326 ) ;
#895 = FACE_BOUND ( 'NONE', #3402, .T. ) ;
#896 = ADVANCED_FACE ( 'NONE', ( #3097 ), #6003, .T. ) ;
#897 = LINE ( 'NONE', #1962, #2493 ) ;
#898 = CARTESIAN_POINT ( 'NONE',  ( -66.13909603667238457, -2.444142737284289435, -12.54640191258999593 ) ) ;
#899 = VECTOR ( 'NONE', #3169, 1000.000000000000000 ) ;
#900 = VECTOR ( 'NONE', #6531, 1000.000000000000000 ) ;
#901 = ORIENTED_EDGE ( 'NONE', *, *, #5173, .F. ) ;
#902 = EDGE_LOOP ( 'NONE', ( #4178, #724, #3650, #1069 ) ) ;
#903 = VECTOR ( 'NONE', #4925, 1000.000000000000000 ) ;
#904 = VERTEX_POINT ( 'NONE', #2121 ) ;
#905 = FACE_OUTER_BOUND ( 'NONE', #2528, .T. ) ;
#906 = LINE ( 'NONE', #7046, #1045 ) ;
#907 = ORIENTED_EDGE ( 'NONE', *, *, #2413, .F. ) ;
#909 = VECTOR ( 'NONE', #6304, 1000.000000000000000 ) ;
#908 = PLANE ( 'NONE',  #7212 ) ;
#910 = DIRECTION ( 'NONE',  ( -0.000000000000000000, 3.028860078099107970E-15, -1.000000000000000000 ) ) ;
#911 = DIRECTION ( 'NONE',  ( -3.999776700323684900E-15, 1.000000000000000000, 3.000529512353633521E-15 ) ) ;
#912 = AXIS2_PLACEMENT_3D ( 'NONE', #1265, #3927, #6826 ) ;
#913 = ORIENTED_EDGE ( 'NONE', *, *, #1751, .T. ) ;
#914 = EDGE_CURVE ( 'NONE', #6363, #2648, #1236, .T. ) ;
#915 = AXIS2_PLACEMENT_3D ( 'NONE', #4807, #5846, #5221 ) ;
#916 = CYLINDRICAL_SURFACE ( 'NONE', #6733, 0.8999999999999980238 ) ;
#917 = CARTESIAN_POINT ( 'NONE',  ( -69.23909603667237889, -2.444142737284573208, 77.82723890111670073 ) ) ;
#918 = CARTESIAN_POINT ( 'NONE',  ( -2.576422912400808674, -9.444142737284158429, 28.46663033463454084 ) ) ;
#919 = LINE ( 'NONE', #1457, #532 ) ;
#920 = EDGE_CURVE ( 'NONE', #1803, #5265, #3670, .T. ) ;
#921 = EDGE_LOOP ( 'NONE', ( #2944, #2792, #5550, #540, #576, #1037 ) ) ;
#922 = EDGE_CURVE ( 'NONE', #6747, #7042, #6693, .T. ) ;
#923 = ORIENTED_EDGE ( 'NONE', *, *, #390, .F. ) ;
#924 = LINE ( 'NONE', #363, #3224 ) ;
#925 = CARTESIAN_POINT ( 'NONE',  ( -28.23909603667233270, -9.444142737284241917, 21.57616807355568511 ) ) ;
#926 = DIRECTION ( 'NONE',  ( -1.000000000000000000, -4.130293990420970474E-15, 0.000000000000000000 ) ) ;
#927 = DIRECTION ( 'NONE',  ( 4.001428817919833979E-15, -1.000000000000000000, -2.999626010543229460E-15 ) ) ;
#928 = ORIENTED_EDGE ( 'NONE', *, *, #5259, .F. ) ;
#929 = EDGE_LOOP ( 'NONE', ( #4448, #7000, #2325, #2843, #6303, #263 ) ) ;
#930 = ADVANCED_FACE ( 'NONE', ( #7 ), #6731, .F. ) ;
#931 = VERTEX_POINT ( 'NONE', #3426 ) ;
#932 = DIRECTION ( 'NONE',  ( -1.000000000000000000, -4.005673051054817973E-15, -0.000000000000000000 ) ) ;
#933 = DIRECTION ( 'NONE',  ( -1.133159367758063222E-31, -3.000529512353633521E-15, 1.000000000000000000 ) ) ;
#934 = LINE ( 'NONE', #3154, #7164 ) ;
#935 = CARTESIAN_POINT ( 'NONE',  ( -63.03909603667234762, -12.44414273728430054, -7.177044409126490443 ) ) ;
#936 = VERTEX_POINT ( 'NONE', #1134 ) ;
#937 = EDGE_CURVE ( 'NONE', #1566, #4594, #4734, .T. ) ;
#938 = ORIENTED_EDGE ( 'NONE', *, *, #2214, .T. ) ;
#939 = ORIENTED_EDGE ( 'NONE', *, *, #3671, .F. ) ;
#940 = CARTESIAN_POINT ( 'NONE',  ( -8.695986369447105346, -12.44414273728405185, -15.06189021380887993 ) ) ;
#941 = LINE ( 'NONE', #4849, #1092 ) ;
#942 = ORIENTED_EDGE ( 'NONE', *, *, #6909, .T. ) ;
#943 = FACE_OUTER_BOUND ( 'NONE', #7001, .T. ) ;
#944 = CARTESIAN_POINT ( 'NONE',  ( -7.843262703339235919, -2.444142737283991451, -34.21949319120741961 ) ) ;
#945 = DIRECTION ( 'NONE',  ( -3.999776700323684900E-15, 1.000000000000000000, 3.000529512353633521E-15 ) ) ;
#946 = EDGE_LOOP ( 'NONE', ( #1722, #3855, #1989, #7141 ) ) ;
#947 = DIRECTION ( 'NONE',  ( -4.000000000000001100E-15, 1.000000000000000000, 2.999999999999999839E-15 ) ) ;
#948 = FACE_OUTER_BOUND ( 'NONE', #2913, .T. ) ;
#949 = CARTESIAN_POINT ( 'NONE',  ( -66.13909603667235615, -12.44414273728454035, 72.45788139765315350 ) ) ;
#950 = PLANE ( 'NONE',  #5561 ) ;
#951 = VERTEX_POINT ( 'NONE', #5080 ) ;
#952 = CARTESIAN_POINT ( 'NONE',  ( 7.660903963327259092, -2.444142737283944378, -29.30554525054135340 ) ) ;
#953 = CARTESIAN_POINT ( 'NONE',  ( -48.98909603667235046, -12.44414273728426679, 2.876168073555617877 ) ) ;
#954 = CARTESIAN_POINT ( 'NONE',  ( -46.13909603667242010, 0.9558572627156735058, 26.36616807355594361 ) ) ;
#955 = LINE ( 'NONE', #366, #1934 ) ;
#956 = ADVANCED_FACE ( 'NONE', ( #583 ), #1642, .F. ) ;
#957 = ORIENTED_EDGE ( 'NONE', *, *, #977, .F. ) ;
#958 = ORIENTED_EDGE ( 'NONE', *, *, #2011, .T. ) ;
#959 = ORIENTED_EDGE ( 'NONE', *, *, #3112, .T. ) ;
#960 = FACE_OUTER_BOUND ( 'NONE', #505, .T. ) ;
#961 = DIRECTION ( 'NONE',  ( 1.133159367757362572E-31, 3.000529512353633521E-15, -1.000000000000000000 ) ) ;
#962 = CARTESIAN_POINT ( 'NONE',  ( -62.99645534955301684, -12.44414273728460962, 98.57616807355589117 ) ) ;
#963 = EDGE_CURVE ( 'NONE', #5902, #2316, #503, .T. ) ;
#964 = CARTESIAN_POINT ( 'NONE',  ( -12.60762521870766584, -12.44414273728415132, 13.52651803764360494 ) ) ;
#965 = EDGE_CURVE ( 'NONE', #1155, #2247, #41, .T. ) ;
#966 = ORIENTED_EDGE ( 'NONE', *, *, #6760, .T. ) ;
#967 = EDGE_LOOP ( 'NONE', ( #860, #4030, #3465, #4759 ) ) ;
#968 = ORIENTED_EDGE ( 'NONE', *, *, #6074, .F. ) ;
#969 = DIRECTION ( 'NONE',  ( 1.000000000000000000, 3.717264591378875951E-15, 0.000000000000000000 ) ) ;
#970 = DIRECTION ( 'NONE',  ( -1.000000000000000000, -3.992617524073606159E-15, -0.000000000000000000 ) ) ;
#971 = AXIS2_PLACEMENT_3D ( 'NONE', #4326, #5471, #456 ) ;
#972 = PLANE ( 'NONE',  #3806 ) ;
#973 = CARTESIAN_POINT ( 'NONE',  ( 5.760903963327290711, -9.444142737284343170, 101.5761680735558912 ) ) ;
#974 = CIRCLE ( 'NONE', #5776, 2.500000000000009326 ) ;
#975 = CARTESIAN_POINT ( 'NONE',  ( -63.03909603667239026, -2.444142737284210387, -34.67490275400487576 ) ) ;
#976 = CARTESIAN_POINT ( 'NONE',  ( 0.5735770875991840212, -7.444142737284145994, 28.46663033463454795 ) ) ;
#977 = EDGE_CURVE ( 'NONE', #4649, #5946, #2271, .T. ) ;
#978 = EDGE_CURVE ( 'NONE', #4835, #5789, #295, .T. ) ;
#979 = ORIENTED_EDGE ( 'NONE', *, *, #4674, .T. ) ;
#980 = DIRECTION ( 'NONE',  ( -4.000000000000001100E-15, 1.000000000000000000, 2.999999999999999839E-15 ) ) ;
#981 = DIRECTION ( 'NONE',  ( 0.000000000000000000, -1.000000000000000000, -2.999626010543229460E-15 ) ) ;
#982 = CARTESIAN_POINT ( 'NONE',  ( -3.814828969550802774E-15, 0.9558572627159385160, 2.661107484727226518E-15 ) ) ;
#983 = DIRECTION ( 'NONE',  ( -4.000000000000001100E-15, 1.000000000000000000, 2.999999999999999839E-15 ) ) ;
#984 = EDGE_CURVE ( 'NONE', #467, #4845, #1123, .T. ) ;
#985 = VECTOR ( 'NONE', #2651, 1000.000000000000000 ) ;
#986 = EDGE_LOOP ( 'NONE', ( #7197, #3124, #1957, #5541, #121 ) ) ;
#987 = DIRECTION ( 'NONE',  ( -0.8660254037844387076, 0.000000000000000000, -0.4999999999999997224 ) ) ;
#988 = DIRECTION ( 'NONE',  ( -3.999776700323684900E-15, 1.000000000000000000, 3.000529512353633521E-15 ) ) ;
#989 = DIRECTION ( 'NONE',  ( 0.4999999999999968914, 4.598423132665015613E-15, -0.8660254037844404840 ) ) ;
#990 = DIRECTION ( 'NONE',  ( 3.999776700323684900E-15, -1.000000000000000000, -3.000529512353633521E-15 ) ) ;
#991 = ORIENTED_EDGE ( 'NONE', *, *, #4667, .T. ) ;
#992 = VECTOR ( 'NONE', #145, 1000.000000000000000 ) ;
#993 = ORIENTED_EDGE ( 'NONE', *, *, #177, .F. ) ;
#994 = VECTOR ( 'NONE', #1280, 1000.000000000000000 ) ;
#995 = ADVANCED_FACE ( 'NONE', ( #5016 ), #5637, .F. ) ;
#996 = ORIENTED_EDGE ( 'NONE', *, *, #2609, .T. ) ;
#997 = VECTOR ( 'NONE', #3245, 1000.000000000000000 ) ;
#998 = DIRECTION ( 'NONE',  ( 1.000000000000000000, 3.999776700323684900E-15, 0.000000000000000000 ) ) ;
#999 = FACE_OUTER_BOUND ( 'NONE', #6542, .T. ) ;
#1000 = CARTESIAN_POINT ( 'NONE',  ( -1.526422912400816623, -7.444142737284154876, 28.46663033463454795 ) ) ;
#1001 = CARTESIAN_POINT ( 'NONE',  ( -62.43909603667241015, 0.9558572627156448620, 14.20616807355594524 ) ) ;
#1002 = CIRCLE ( 'NONE', #771, 3.000000000000000888 ) ;
#1003 = CIRCLE ( 'NONE', #5910, 1.399999999999998579 ) ;
#1004 = VECTOR ( 'NONE', #65, 1000.000000000000000 ) ;
#1005 = ORIENTED_EDGE ( 'NONE', *, *, #3166, .T. ) ;
#1006 = EDGE_CURVE ( 'NONE', #2076, #403, #6774, .T. ) ;
#1007 = ORIENTED_EDGE ( 'NONE', *, *, #6103, .F. ) ;
#1008 = AXIS2_PLACEMENT_3D ( 'NONE', #3612, #4099, #1320 ) ;
#1009 = AXIS2_PLACEMENT_3D ( 'NONE', #189, #5310, #4134 ) ;
#1010 = EDGE_CURVE ( 'NONE', #4561, #4470, #74, .T. ) ;
#1011 = ORIENTED_EDGE ( 'NONE', *, *, #6129, .T. ) ;
#1012 = PLANE ( 'NONE',  #6182 ) ;
#1013 = DIRECTION ( 'NONE',  ( -1.000000000000000000, -3.854941057726246577E-15, 0.000000000000000000 ) ) ;
#1014 = CARTESIAN_POINT ( 'NONE',  ( -12.52083681049021102, -7.444142737284201949, 29.52628265379340888 ) ) ;
#1015 = DIRECTION ( 'NONE',  ( -3.999776700323684900E-15, 1.000000000000000000, 3.000529512353633521E-15 ) ) ;
#1016 = CARTESIAN_POINT ( 'NONE',  ( -59.13909603667240589, 0.9558572627156574075, 14.42616807355594588 ) ) ;
#1017 = CARTESIAN_POINT ( 'NONE',  ( -63.03909603667237604, -2.444142737284293432, -7.177044409126469127 ) ) ;
#1018 = EDGE_CURVE ( 'NONE', #6223, #5366, #2202, .T. ) ;
#1019 = VECTOR ( 'NONE', #1506, 1000.000000000000000 ) ;
#1020 = VERTEX_POINT ( 'NONE', #6082 ) ;
#1021 = EDGE_CURVE ( 'NONE', #346, #3526, #2525, .T. ) ;
#1022 = AXIS2_PLACEMENT_3D ( 'NONE', #3086, #3601, #6910 ) ;
#1023 = LINE ( 'NONE', #4930, #6265 ) ;
#1024 = LINE ( 'NONE', #2673, #6394 ) ;
#1025 = DIRECTION ( 'NONE',  ( 1.133159367757362572E-31, 3.000529512353633521E-15, -1.000000000000000000 ) ) ;
#1026 = LINE ( 'NONE', #360, #997 ) ;
#1027 = CIRCLE ( 'NONE', #2783, 2.099999999999999645 ) ;
#1028 = EDGE_LOOP ( 'NONE', ( #6473, #3643, #1481, #5847 ) ) ;
#1029 = EDGE_CURVE ( 'NONE', #3410, #2266, #2890, .T. ) ;
#1030 = CARTESIAN_POINT ( 'NONE',  ( -68.93909603667241015, 0.9558572627156280976, 11.07616807355594091 ) ) ;
#1031 = VECTOR ( 'NONE', #602, 1000.000000000000000 ) ;
#1032 = CARTESIAN_POINT ( 'NONE',  ( 10.76090396332725874, -2.444142737284253020, 77.82723890111670073 ) ) ;
#1033 = DIRECTION ( 'NONE',  ( -3.999776700323684900E-15, 1.000000000000000000, 0.000000000000000000 ) ) ;
#1034 = CARTESIAN_POINT ( 'NONE',  ( -52.50992937000575722, -37.44414273728448705, 71.64621882886156357 ) ) ;
#1035 = ORIENTED_EDGE ( 'NONE', *, *, #1874, .T. ) ;
#1036 = ORIENTED_EDGE ( 'NONE', *, *, #6909, .F. ) ;
#1037 = ORIENTED_EDGE ( 'NONE', *, *, #3869, .F. ) ;
#1038 = CARTESIAN_POINT ( 'NONE',  ( -8.447429370005762550, -37.44414273728400389, -31.79359487534825490 ) ) ;
#1039 = CARTESIAN_POINT ( 'NONE',  ( -52.99504841762488638, -12.44414273728443376, 53.25132301808059054 ) ) ;
#1040 = DIRECTION ( 'NONE',  ( 1.000000000000000000, 4.001428817919833979E-15, 0.000000000000000000 ) ) ;
#1041 = CARTESIAN_POINT ( 'NONE',  ( -21.73909603667271995, -12.44414273728421527, 21.57616807355590538 ) ) ;
#1042 = ORIENTED_EDGE ( 'NONE', *, *, #5229, .F. ) ;
#1043 = ORIENTED_EDGE ( 'NONE', *, *, #5862, .F. ) ;
#1044 = VERTEX_POINT ( 'NONE', #6662 ) ;
#1045 = VECTOR ( 'NONE', #462, 1000.000000000000000 ) ;
#1046 = DIRECTION ( 'NONE',  ( 1.000000000000000000, 3.999776700323684900E-15, 1.163017341016453237E-29 ) ) ;
#1047 = DIRECTION ( 'NONE',  ( 1.000000000000000000, 4.130293990420969686E-15, 0.000000000000000000 ) ) ;
#1048 = CARTESIAN_POINT ( 'NONE',  ( 12.76194801913310428, -12.44414273728407849, 22.10434237269151225 ) ) ;
#1049 = CARTESIAN_POINT ( 'NONE',  ( -69.23909603667223678, -37.44414273728452969, 62.28852389418955937 ) ) ;
#1050 = DIRECTION ( 'NONE',  ( -3.999776700323684900E-15, 1.000000000000000000, 3.000529512353633521E-15 ) ) ;
#1051 = FACE_BOUND ( 'NONE', #3399, .T. ) ;
#1052 = EDGE_CURVE ( 'NONE', #6861, #6123, #4866, .T. ) ;
#1053 = ORIENTED_EDGE ( 'NONE', *, *, #6593, .T. ) ;
#1054 = ORIENTED_EDGE ( 'NONE', *, *, #2860, .F. ) ;
#1055 = ORIENTED_EDGE ( 'NONE', *, *, #2848, .T. ) ;
#1056 = CARTESIAN_POINT ( 'NONE',  ( -46.23909603667234336, -12.44414273728425613, 2.876168073555617433 ) ) ;
#1057 = DIRECTION ( 'NONE',  ( 1.000000000000000000, 4.130293990420968108E-15, 0.000000000000000000 ) ) ;
#1058 = LINE ( 'NONE', #6002, #6153 ) ;
#1059 = CARTESIAN_POINT ( 'NONE',  ( 10.76090396332739907, -37.44414273728392573, -31.09533108502929366 ) ) ;
#1060 = EDGE_CURVE ( 'NONE', #6454, #5076, #4056, .T. ) ;
#1061 = VERTEX_POINT ( 'NONE', #2926 ) ;
#1062 = CARTESIAN_POINT ( 'NONE',  ( -71.23909603667232204, -12.44414273728420817, -47.18119123932480363 ) ) ;
#1063 = LINE ( 'NONE', #925, #3660 ) ;
#1064 = PLANE ( 'NONE',  #6406 ) ;
#1065 = LINE ( 'NONE', #3283, #4857 ) ;
#1066 = ADVANCED_FACE ( 'NONE', ( #5194 ), #5299, .F. ) ;
#1067 = EDGE_CURVE ( 'NONE', #3527, #3704, #3057, .T. ) ;
#1068 = ORIENTED_EDGE ( 'NONE', *, *, #250, .T. ) ;
#1069 = ORIENTED_EDGE ( 'NONE', *, *, #4581, .F. ) ;
#1070 = VERTEX_POINT ( 'NONE', #1868 ) ;
#1071 = LINE ( 'NONE', #5391, #747 ) ;
#1072 = CARTESIAN_POINT ( 'NONE',  ( -71.73909603667239310, -2.444142737284439093, 29.77616807355593664 ) ) ;
#1073 = LINE ( 'NONE', #6642, #2267 ) ;
#1074 = CARTESIAN_POINT ( 'NONE',  ( -66.13909603667235615, -12.44414273728424192, -29.30554525054137471 ) ) ;
#1075 = ORIENTED_EDGE ( 'NONE', *, *, #1375, .T. ) ;
#1076 = ORIENTED_EDGE ( 'NONE', *, *, #553, .T. ) ;
#1077 = VERTEX_POINT ( 'NONE', #219 ) ;
#1078 = CARTESIAN_POINT ( 'NONE',  ( -48.78076270333924214, -2.444142737284466183, 69.46926010037010712 ) ) ;
#1079 = LINE ( 'NONE', #4959, #4952 ) ;
#1080 = DIRECTION ( 'NONE',  ( 0.8660254037844383745, 0.000000000000000000, -0.5000000000000004441 ) ) ;
#1081 = LINE ( 'NONE', #7155, #5583 ) ;
#1082 = CARTESIAN_POINT ( 'NONE',  ( -43.48909603667234336, -12.44414273728424547, 2.876168073555617433 ) ) ;
#1083 = CARTESIAN_POINT ( 'NONE',  ( -13.57083681049021173, -7.444142737284205502, 29.52628265379340888 ) ) ;
#1084 = ORIENTED_EDGE ( 'NONE', *, *, #3506, .F. ) ;
#1085 = ORIENTED_EDGE ( 'NONE', *, *, #5313, .T. ) ;
#1086 = ORIENTED_EDGE ( 'NONE', *, *, #4690, .F. ) ;
#1087 = EDGE_CURVE ( 'NONE', #1803, #4243, #5718, .T. ) ;
#1088 = DIRECTION ( 'NONE',  ( -0.8660254037844383745, -1.963643475768589803E-15, -0.5000000000000004441 ) ) ;
#1089 = CARTESIAN_POINT ( 'NONE',  ( -66.13909603667224246, -37.44414273728454390, 72.45788139765306823 ) ) ;
#1090 = CARTESIAN_POINT ( 'NONE',  ( -15.95290830761241274, -12.44414273728404474, -27.63124771727235185 ) ) ;
#1091 = DIRECTION ( 'NONE',  ( -4.000000000000001100E-15, 1.000000000000000000, 2.999999999999999839E-15 ) ) ;
#1092 = VECTOR ( 'NONE', #3084, 1000.000000000000114 ) ;
#1093 = VECTOR ( 'NONE', #1475, 1000.000000000000000 ) ;
#1094 = VERTEX_POINT ( 'NONE', #6306 ) ;
#1095 = EDGE_CURVE ( 'NONE', #2481, #4500, #6264, .T. ) ;
#1096 = CARTESIAN_POINT ( 'NONE',  ( 10.76090396332725874, -2.444142737284242362, 74.24766723214101205 ) ) ;
#1097 = EDGE_CURVE ( 'NONE', #7166, #4402, #1278, .T. ) ;
#1098 = DIRECTION ( 'NONE',  ( -1.000000000000000000, -3.989863994746659473E-15, 0.000000000000000000 ) ) ;
#1099 = CARTESIAN_POINT ( 'NONE',  ( -73.36041638023196754, -12.44414273728421172, -49.30251158288444202 ) ) ;
#1100 = VECTOR ( 'NONE', #1291, 1000.000000000000000 ) ;
#1101 = CARTESIAN_POINT ( 'NONE',  ( -66.13909603667224246, -37.44414273728452969, 67.65788139765307108 ) ) ;
#1102 = ORIENTED_EDGE ( 'NONE', *, *, #4220, .T. ) ;
#1103 = EDGE_LOOP ( 'NONE', ( #6793, #2566, #6386, #243 ) ) ;
#1104 = ORIENTED_EDGE ( 'NONE', *, *, #4805, .T. ) ;
#1105 = DIRECTION ( 'NONE',  ( -3.999776700323684900E-15, 1.000000000000000000, 3.000529512353633521E-15 ) ) ;
#1106 = EDGE_CURVE ( 'NONE', #2084, #3286, #3533, .T. ) ;
#1107 = CARTESIAN_POINT ( 'NONE',  ( -47.63909603667237036, -2.444142737284262346, 2.876168073555638749 ) ) ;
#1108 = DIRECTION ( 'NONE',  ( -1.000000000000000000, -4.163336342344379625E-15, 0.000000000000000000 ) ) ;
#1109 = DIRECTION ( 'NONE',  ( -0.8660254037844378194, 0.000000000000000000, -0.5000000000000015543 ) ) ;
#1110 = DATE_AND_TIME ( #4025, #428 ) ;
#1111 = AXIS2_PLACEMENT_3D ( 'NONE', #7087, #6033, #2008 ) ;
#1112 = PRODUCT_DEFINITION_SHAPE ( 'NONE', 'NONE',  #1996 ) ;
#1113 = ORIENTED_EDGE ( 'NONE', *, *, #2423, .T. ) ;
#1114 = ORIENTED_EDGE ( 'NONE', *, *, #642, .F. ) ;
#1115 = EDGE_LOOP ( 'NONE', ( #2116, #1635, #6526, #4305, #891, #7068 ) ) ;
#1116 = ADVANCED_FACE ( 'NONE', ( #3570 ), #2418, .F. ) ;
#1117 = DIRECTION ( 'NONE',  ( -3.999776700323682533E-15, 1.000000000000000000, 2.999626010543229460E-15 ) ) ;
#1118 = VECTOR ( 'NONE', #4503, 1000.000000000000114 ) ;
#1119 = LINE ( 'NONE', #2298, #3795 ) ;
#1120 = DIRECTION ( 'NONE',  ( -1.000000000000000000, -3.999776700323684900E-15, -1.211476396892138794E-29 ) ) ;
#1121 = DIRECTION ( 'NONE',  ( 0.8660254037844385966, 0.000000000000000000, 0.4999999999999999445 ) ) ;
#1122 = CARTESIAN_POINT ( 'NONE',  ( -0.5523627695911033086, -9.444142737284110467, 14.46683629550344463 ) ) ;
#1123 = CIRCLE ( 'NONE', #884, 2.499999999999988454 ) ;
#1124 = DIRECTION ( 'NONE',  ( 0.8660254037844391517, 1.938470449983432382E-15, 0.4999999999999989453 ) ) ;
#1125 = VECTOR ( 'NONE', #2878, 1000.000000000000000 ) ;
#1126 = ORIENTED_EDGE ( 'NONE', *, *, #451, .F. ) ;
#1127 = ORIENTED_EDGE ( 'NONE', *, *, #1741, .T. ) ;
#1128 = AXIS2_PLACEMENT_3D ( 'NONE', #4410, #2262, #3417 ) ;
#1129 = ORIENTED_EDGE ( 'NONE', *, *, #6712, .F. ) ;
#1130 = LINE ( 'NONE', #4482, #4614 ) ;
#1131 = FACE_OUTER_BOUND ( 'NONE', #946, .T. ) ;
#1132 = VECTOR ( 'NONE', #4357, 1000.000000000000000 ) ;
#1133 = CARTESIAN_POINT ( 'NONE',  ( 23.11886995729843974, -12.44414273728408915, 40.04305737961917089 ) ) ;
#1134 = CARTESIAN_POINT ( 'NONE',  ( 4.560903963327258559, -2.444142737284267231, 74.24766723214101205 ) ) ;
#1135 = EDGE_CURVE ( 'NONE', #2810, #5369, #3503, .T. ) ;
#1136 = VECTOR ( 'NONE', #1322, 1000.000000000000000 ) ;
#1137 = ORIENTED_EDGE ( 'NONE', *, *, #1327, .T. ) ;
#1138 = DIRECTION ( 'NONE',  ( 0.000000000000000000, -1.000000000000000000, -2.999626010543229460E-15 ) ) ;
#1139 = CARTESIAN_POINT ( 'NONE',  ( -10.42083681049021138, -7.444142737284193068, 29.52628265379340888 ) ) ;
#1140 = VECTOR ( 'NONE', #6576, 1000.000000000000000 ) ;
#1141 = CARTESIAN_POINT ( 'NONE',  ( -50.00992937000589222, -2.444142737284177080, -28.49388268174984162 ) ) ;
#1142 = AXIS2_PLACEMENT_3D ( 'NONE', #6335, #3466, #5779 ) ;
#1143 = EDGE_CURVE ( 'NONE', #246, #5456, #1343, .T. ) ;
#1144 = ORIENTED_EDGE ( 'NONE', *, *, #1624, .F. ) ;
#1145 = CC_DESIGN_PERSON_AND_ORGANIZATION_ASSIGNMENT ( #2910, #5650, ( #6396 ) ) ;
#1146 = AXIS2_PLACEMENT_3D ( 'NONE', #5362, #4694, #3076 ) ;
#1147 = ORIENTED_EDGE ( 'NONE', *, *, #4629, .F. ) ;
#1148 = VERTEX_POINT ( 'NONE', #4708 ) ;
#1149 = VECTOR ( 'NONE', #5430, 1000.000000000000227 ) ;
#1150 = CARTESIAN_POINT ( 'NONE',  ( -6.376000798577175388, -37.44414273728403231, -20.18775540957978976 ) ) ;
#1151 = CARTESIAN_POINT ( 'NONE',  ( -63.03909603667234762, -12.44414273728450304, 62.28852389418963753 ) ) ;
#1152 = DIRECTION ( 'NONE',  ( -1.000000000000000000, -3.999776700323684900E-15, -1.211476396892138794E-29 ) ) ;
#1153 = CARTESIAN_POINT ( 'NONE',  ( -5.512905560482044720, -12.44414273728428810, 65.68637939282270111 ) ) ;
#1154 = EDGE_CURVE ( 'NONE', #5043, #3527, #4272, .T. ) ;
#1155 = VERTEX_POINT ( 'NONE', #6883 ) ;
#1156 = ORIENTED_EDGE ( 'NONE', *, *, #7134, .T. ) ;
#1157 = ORIENTED_EDGE ( 'NONE', *, *, #2951, .T. ) ;
#1158 = LINE ( 'NONE', #3380, #1379 ) ;
#1159 = CARTESIAN_POINT ( 'NONE',  ( 7.660903963327259092, -2.444142737283944378, -29.30554525054135340 ) ) ;
#1160 = PLANE ( 'NONE',  #203 ) ;
#1161 = DIRECTION ( 'NONE',  ( -1.133159367757362572E-31, -3.000529512353633521E-15, 1.000000000000000000 ) ) ;
#1162 = CARTESIAN_POINT ( 'NONE',  ( -66.13909603667224246, -37.44414273728427389, -17.34640191259009967 ) ) ;
#1163 = PLANE ( 'NONE',  #3920 ) ;
#1164 = EDGE_CURVE ( 'NONE', #4770, #2620, #2993, .T. ) ;
#1165 = ORIENTED_EDGE ( 'NONE', *, *, #4193, .F. ) ;
#1166 = ORIENTED_EDGE ( 'NONE', *, *, #1281, .F. ) ;
#1167 = AXIS2_PLACEMENT_3D ( 'NONE', #1101, #663, #5567 ) ;
#1168 = ORIENTED_EDGE ( 'NONE', *, *, #523, .F. ) ;
#1169 = CARTESIAN_POINT ( 'NONE',  ( -55.49504841762478691, -37.44414273728425258, -10.09898687096887748 ) ) ;
#1170 = LINE ( 'NONE', #2200, #6975 ) ;
#1171 = DIRECTION ( 'NONE',  ( -0.8660254037844385966, -4.964172988122224507E-15, 0.4999999999999999445 ) ) ;
#1172 = CARTESIAN_POINT ( 'NONE',  ( -43.46854809146706344, -12.44414273728409981, -45.49156569908910086 ) ) ;
#1173 = ORIENTED_EDGE ( 'NONE', *, *, #4138, .F. ) ;
#1174 = CARTESIAN_POINT ( 'NONE',  ( -14.49594535174091980, -37.44414273728440179, 91.70310133143732401 ) ) ;
#1175 = VECTOR ( 'NONE', #1422, 1000.000000000000000 ) ;
#1176 = CARTESIAN_POINT ( 'NONE',  ( -44.83909603667231636, -16.44414273728424902, 2.876168073555596560 ) ) ;
#1177 = CARTESIAN_POINT ( 'NONE',  ( -14.75279466680952289, -12.44414273728438758, 89.21633064853378414 ) ) ;
#1178 = ORIENTED_EDGE ( 'NONE', *, *, #840, .T. ) ;
#1179 = ORIENTED_EDGE ( 'NONE', *, *, #5483, .F. ) ;
#1180 = EDGE_LOOP ( 'NONE', ( #1750, #3894, #825, #6323, #2616, #907 ) ) ;
#1181 = FACE_BOUND ( 'NONE', #6494, .T. ) ;
#1182 = FACE_OUTER_BOUND ( 'NONE', #5326, .T. ) ;
#1183 = DIRECTION ( 'NONE',  ( -3.999776700323684900E-15, 1.000000000000000000, 3.000529512353633521E-15 ) ) ;
#1184 = DIRECTION ( 'NONE',  ( -3.999776700323684900E-15, 1.000000000000000000, 3.000529512353633521E-15 ) ) ;
#1185 = ORIENTED_EDGE ( 'NONE', *, *, #5, .F. ) ;
#1186 = ORIENTED_EDGE ( 'NONE', *, *, #4496, .T. ) ;
#1187 = ORIENTED_EDGE ( 'NONE', *, *, #2842, .F. ) ;
#1188 = CARTESIAN_POINT ( 'NONE',  ( 22.88336028927614052, -12.44414273728385467, -39.63514266893018601 ) ) ;
#1189 = CARTESIAN_POINT ( 'NONE',  ( 5.435504178569583900, -7.444142737284106026, 21.42876338647386447 ) ) ;
#1190 = ADVANCED_FACE ( 'NONE', ( #1899 ), #5856, .T. ) ;
#1191 = FACE_OUTER_BOUND ( 'NONE', #6180, .T. ) ;
#1192 = LINE ( 'NONE', #105, #2438 ) ;
#1193 = DIRECTION ( 'NONE',  ( 4.000000000000000311E-15, -1.000000000000000000, -2.999999999999999444E-15 ) ) ;
#1194 = FACE_BOUND ( 'NONE', #4685, .T. ) ;
#1195 = EDGE_LOOP ( 'NONE', ( #5398, #3657, #2550, #3216 ) ) ;
#1196 = EDGE_LOOP ( 'NONE', ( #2660, #4833, #1740, #5870 ) ) ;
#1197 = ORIENTED_EDGE ( 'NONE', *, *, #7009, .T. ) ;
#1198 = EDGE_CURVE ( 'NONE', #401, #6246, #3031, .T. ) ;
#1199 = LINE ( 'NONE', #5013, #5559 ) ;
#1200 = DIRECTION ( 'NONE',  ( 1.000000000000000000, 4.047688110612546206E-15, 0.000000000000000000 ) ) ;
#1201 = DIRECTION ( 'NONE',  ( -3.994991256252005511E-15, 1.000000000000000000, 3.010503119717032181E-15 ) ) ;
#1202 = CARTESIAN_POINT ( 'NONE',  ( 10.76090396332725696, -2.444142737284217048, 65.86809556316535463 ) ) ;
#1203 = VECTOR ( 'NONE', #3523, 1000.000000000000000 ) ;
#1204 = ORIENTED_EDGE ( 'NONE', *, *, #3865, .T. ) ;
#1205 = DIRECTION ( 'NONE',  ( -0.5000000000000006661, 5.986464323413352489E-16, -0.8660254037844383745 ) ) ;
#1206 = EDGE_CURVE ( 'NONE', #3179, #5839, #2420, .T. ) ;
#1207 = PLANE ( 'NONE',  #6493 ) ;
#1208 = PLANE ( 'NONE',  #1167 ) ;
#1209 = AXIS2_PLACEMENT_3D ( 'NONE', #4949, #5579, #1109 ) ;
#1210 = ORIENTED_EDGE ( 'NONE', *, *, #705, .F. ) ;
#1211 = EDGE_LOOP ( 'NONE', ( #5408, #1391, #5733, #5500 ) ) ;
#1212 = VERTEX_POINT ( 'NONE', #4158 ) ;
#1213 = CARTESIAN_POINT ( 'NONE',  ( -66.13909603667235615, -12.44414273728427744, -17.34640191259001440 ) ) ;
#1214 = AXIS2_PLACEMENT_3D ( 'NONE', #792, #6495, #6899 ) ;
#1215 = CYLINDRICAL_SURFACE ( 'NONE', #2646, 3.000000000000002665 ) ;
#1216 = CARTESIAN_POINT ( 'NONE',  ( -11.47083681049021742, -5.444142737284197509, 29.52628265379340888 ) ) ;
#1217 = CARTESIAN_POINT ( 'NONE',  ( -22.20303506838664731, -12.44414273728426679, 38.45678482067917514 ) ) ;
#1218 = DIRECTION ( 'NONE',  ( 3.999776700323684900E-15, -1.000000000000000000, -3.000529512353633521E-15 ) ) ;
#1219 = APPLICATION_PROTOCOL_DEFINITION ( 'international standard', 'config_control_design', 1994, #4865 ) ;
#1220 = EDGE_CURVE ( 'NONE', #3681, #3215, #6408, .T. ) ;
#1221 = ORIENTED_EDGE ( 'NONE', *, *, #2279, .F. ) ;
#1222 = ORIENTED_EDGE ( 'NONE', *, *, #845, .T. ) ;
#1223 = ORIENTED_EDGE ( 'NONE', *, *, #7128, .F. ) ;
#1224 = CARTESIAN_POINT ( 'NONE',  ( 10.76090396332725874, -2.444142737283915512, -34.67490275400487576 ) ) ;
#1225 = DIRECTION ( 'NONE',  ( 4.001428817919833979E-15, -1.000000000000000000, -2.999626010543229460E-15 ) ) ;
#1226 = CARTESIAN_POINT ( 'NONE',  ( -73.36041638023198175, -9.444142737284625611, 92.45484772999621725 ) ) ;
#1227 = CARTESIAN_POINT ( 'NONE',  ( 7.660903963327398536, -37.44414273728394704, -29.30554525054145643 ) ) ;
#1228 = DIRECTION ( 'NONE',  ( -1.000000000000000000, -4.130293990420973630E-15, 0.000000000000000000 ) ) ;
#1229 = CARTESIAN_POINT ( 'NONE',  ( -62.43909603667241015, 0.9558572627156448620, 14.20616807355594524 ) ) ;
#1230 = EDGE_CURVE ( 'NONE', #1061, #862, #281, .T. ) ;
#1231 = VERTEX_POINT ( 'NONE', #2698 ) ;
#1232 = EDGE_CURVE ( 'NONE', #2955, #4033, #4337, .T. ) ;
#1233 = VERTEX_POINT ( 'NONE', #2626 ) ;
#1234 = VECTOR ( 'NONE', #6305, 1000.000000000000227 ) ;
#1235 = EDGE_LOOP ( 'NONE', ( #5440, #367, #3115, #4669 ) ) ;
#1236 = CIRCLE ( 'NONE', #6848, 1.399999999999998579 ) ;
#1237 = LINE ( 'NONE', #4007, #1703 ) ;
#1238 = ORIENTED_EDGE ( 'NONE', *, *, #2486, .F. ) ;
#1239 = CARTESIAN_POINT ( 'NONE',  ( -42.69800014626160589, -12.44414273728448528, 86.26561341454680587 ) ) ;
#1240 = DIRECTION ( 'NONE',  ( 0.5000000000000008882, 4.598423132665025079E-15, -0.8660254037844381525 ) ) ;
#1241 = CARTESIAN_POINT ( 'NONE',  ( -11.55762521870766513, -9.444142737284151323, 13.52651803764360494 ) ) ;
#1242 = VECTOR ( 'NONE', #3288, 1000.000000000000114 ) ;
#1243 = VECTOR ( 'NONE', #387, 1000.000000000000000 ) ;
#1244 = EDGE_CURVE ( 'NONE', #2799, #4692, #2302, .T. ) ;
#1245 = EDGE_CURVE ( 'NONE', #515, #6125, #2668, .T. ) ;
#1246 = CARTESIAN_POINT ( 'NONE',  ( 10.76090396332739907, -37.44414273728392573, -31.09533108502929366 ) ) ;
#1247 = CIRCLE ( 'NONE', #2529, 42.00000000000002132 ) ;
#1248 = DIRECTION ( 'NONE',  ( -3.999776700323684900E-15, 1.000000000000000000, 3.000529512353633521E-15 ) ) ;
#1249 = CARTESIAN_POINT ( 'NONE',  ( -38.53909603667241157, 0.9558572627156868284, 32.07616807355594091 ) ) ;
#1250 = VECTOR ( 'NONE', #2467, 1000.000000000000000 ) ;
#1251 = ORIENTED_EDGE ( 'NONE', *, *, #5640, .T. ) ;
#1252 = EDGE_CURVE ( 'NONE', #7021, #1094, #4304, .T. ) ;
#1253 = ORIENTED_EDGE ( 'NONE', *, *, #6029, .F. ) ;
#1254 = CIRCLE ( 'NONE', #5702, 2.100000000000000533 ) ;
#1255 = ORIENTED_EDGE ( 'NONE', *, *, #6999, .F. ) ;
#1256 = PLANE ( 'NONE',  #893 ) ;
#1257 = LINE ( 'NONE', #6818, #3547 ) ;
#1258 = AXIS2_PLACEMENT_3D ( 'NONE', #5528, #216, #4088 ) ;
#1259 = CARTESIAN_POINT ( 'NONE',  ( -5.512905560482068701, -2.444142737284281885, 65.68637939282272953 ) ) ;
#1260 = DIRECTION ( 'NONE',  ( 1.000000000000000000, 4.003208021484939327E-15, 8.416931311147227836E-16 ) ) ;
#1261 = AXIS2_PLACEMENT_3D ( 'NONE', #1963, #5256, #343 ) ;
#1262 = ORIENTED_EDGE ( 'NONE', *, *, #4066, .T. ) ;
#1263 = ORIENTED_EDGE ( 'NONE', *, *, #7165, .F. ) ;
#1264 = VERTEX_POINT ( 'NONE', #3133 ) ;
#1265 = CARTESIAN_POINT ( 'NONE',  ( -43.46854809146695686, -37.44414273728410336, -45.49156569908918613 ) ) ;
#1266 = DIRECTION ( 'NONE',  ( 1.000000000000000000, 4.130293990420969686E-15, 0.000000000000000000 ) ) ;
#1267 = CARTESIAN_POINT ( 'NONE',  ( -37.63909603667241299, 0.9558572627156903811, 32.07616807355594091 ) ) ;
#1268 = LINE ( 'NONE', #1890, #6530 ) ;
#1269 = LINE ( 'NONE', #723, #4621 ) ;
#1270 = ORIENTED_EDGE ( 'NONE', *, *, #1281, .T. ) ;
#1271 = EDGE_LOOP ( 'NONE', ( #3626, #3323, #52, #3448 ) ) ;
#1272 = ORIENTED_EDGE ( 'NONE', *, *, #7043, .F. ) ;
#1273 = LINE ( 'NONE', #1864, #337 ) ;
#1274 = ORIENTED_EDGE ( 'NONE', *, *, #1419, .F. ) ;
#1275 = EDGE_CURVE ( 'NONE', #3873, #151, #354, .T. ) ;
#1276 = CARTESIAN_POINT ( 'NONE',  ( -1.602362769591111791, -7.444142737284113132, 14.46683629550344996 ) ) ;
#1277 = DIRECTION ( 'NONE',  ( 1.000000000000000000, 3.999776700323684900E-15, 1.163017341016453237E-29 ) ) ;
#1278 = LINE ( 'NONE', #1385, #2879 ) ;
#1279 = PLANE ( 'NONE',  #1725 ) ;
#1280 = DIRECTION ( 'NONE',  ( -0.8660254037844392627, -4.964172988122225296E-15, 0.4999999999999990008 ) ) ;
#1281 = EDGE_CURVE ( 'NONE', #4018, #2587, #1558, .T. ) ;
#1282 = FACE_OUTER_BOUND ( 'NONE', #5318, .T. ) ;
#1283 = EDGE_CURVE ( 'NONE', #3770, #5604, #6441, .T. ) ;
#1284 = ORIENTED_EDGE ( 'NONE', *, *, #7173, .T. ) ;
#1285 = EDGE_LOOP ( 'NONE', ( #2862, #738, #4469, #1800 ) ) ;
#1286 = EDGE_CURVE ( 'NONE', #1992, #3912, #3632, .T. ) ;
#1287 = ORIENTED_EDGE ( 'NONE', *, *, #977, .T. ) ;
#1288 = DIRECTION ( 'NONE',  ( -1.000000000000000000, -3.999776700323686478E-15, 1.374038396813300754E-15 ) ) ;
#1289 = DIRECTION ( 'NONE',  ( 1.000000000000000000, 4.027036640660449210E-15, 0.000000000000000000 ) ) ;
#1290 = CARTESIAN_POINT ( 'NONE',  ( 4.560903963327258559, -2.444142737284277889, 77.82723890111670073 ) ) ;
#1291 = DIRECTION ( 'NONE',  ( -3.999776700323684900E-15, 1.000000000000000000, 3.000529512353633521E-15 ) ) ;
#1292 = ADVANCED_FACE ( 'NONE', ( #3746 ), #868, .F. ) ;
#1293 = EDGE_CURVE ( 'NONE', #1264, #499, #3198, .T. ) ;
#1294 = VERTEX_POINT ( 'NONE', #3778 ) ;
#1295 = ORIENTED_EDGE ( 'NONE', *, *, #5146, .T. ) ;
#1296 = ORIENTED_EDGE ( 'NONE', *, *, #7182, .F. ) ;
#1297 = DIRECTION ( 'NONE',  ( 0.000000000000000000, -2.907705674975143840E-15, 1.000000000000000000 ) ) ;
#1298 = FACE_BOUND ( 'NONE', #2760, .T. ) ;
#1299 = EDGE_CURVE ( 'NONE', #2555, #4295, #6035, .T. ) ;
#1300 = LINE ( 'NONE', #1816, #5999 ) ;
#1301 = CYLINDRICAL_SURFACE ( 'NONE', #680, 2.500000000000009326 ) ;
#1302 = DIRECTION ( 'NONE',  ( -1.000000000000000000, -3.992240328275394166E-15, 0.000000000000000000 ) ) ;
#1303 = ORIENTED_EDGE ( 'NONE', *, *, #1636, .T. ) ;
#1304 = ORIENTED_EDGE ( 'NONE', *, *, #4103, .F. ) ;
#1305 = VERTEX_POINT ( 'NONE', #2009 ) ;
#1306 = CARTESIAN_POINT ( 'NONE',  ( -69.83909603667240162, 0.9558572627156245449, 11.07616807355594624 ) ) ;
#1307 = ORIENTED_EDGE ( 'NONE', *, *, #2842, .T. ) ;
#1308 = FACE_OUTER_BOUND ( 'NONE', #2859, .T. ) ;
#1309 = DIRECTION ( 'NONE',  ( -3.999776700323684900E-15, 1.000000000000000000, 3.000529512353633521E-15 ) ) ;
#1310 = CARTESIAN_POINT ( 'NONE',  ( -12.52083681049020392, -9.444142737284201061, 29.52628265379340178 ) ) ;
#1311 = EDGE_CURVE ( 'NONE', #7177, #346, #4979, .T. ) ;
#1312 = DIRECTION ( 'NONE',  ( 0.8660254037844392627, 1.963643475768597297E-15, 0.4999999999999990008 ) ) ;
#1313 = LINE ( 'NONE', #1388, #2168 ) ;
#1314 = FACE_OUTER_BOUND ( 'NONE', #2919, .T. ) ;
#1315 = EDGE_CURVE ( 'NONE', #151, #5542, #6551, .T. ) ;
#1316 = ADVANCED_FACE ( 'NONE', ( #5335 ), #320, .T. ) ;
#1317 = ORIENTED_EDGE ( 'NONE', *, *, #7228, .F. ) ;
#1318 = EDGE_CURVE ( 'NONE', #1155, #4563, #4227, .T. ) ;
#1319 = VERTEX_POINT ( 'NONE', #5443 ) ;
#1320 = DIRECTION ( 'NONE',  ( 1.000000000000000000, 4.130293990420968108E-15, 0.000000000000000000 ) ) ;
#1321 = DIRECTION ( 'NONE',  ( -0.8660254037844382635, -4.967330528082542718E-15, 0.5000000000000005551 ) ) ;
#1322 = DIRECTION ( 'NONE',  ( -3.999776700323684900E-15, 1.000000000000000000, 3.000529512353633521E-15 ) ) ;
#1323 = CARTESIAN_POINT ( 'NONE',  ( -59.13909603667241299, 0.9558572627156726176, 9.376168073555946947 ) ) ;
#1324 = EDGE_CURVE ( 'NONE', #4425, #5501, #3712, .T. ) ;
#1325 = ORIENTED_EDGE ( 'NONE', *, *, #35, .F. ) ;
#1326 = AXIS2_PLACEMENT_3D ( 'NONE', #7153, #6650, #1594 ) ;
#1327 = EDGE_CURVE ( 'NONE', #2610, #131, #5923, .T. ) ;
#1328 = VERTEX_POINT ( 'NONE', #4853 ) ;
#1329 = ORIENTED_EDGE ( 'NONE', *, *, #5229, .T. ) ;
#1330 = LINE ( 'NONE', #1919, #2437 ) ;
#1331 = FACE_BOUND ( 'NONE', #1528, .T. ) ;
#1332 = CARTESIAN_POINT ( 'NONE',  ( -44.23909603667255652, -2.444142737284512812, 91.02219027785494632 ) ) ;
#1333 = CARTESIAN_POINT ( 'NONE',  ( -46.13909603667241299, 0.9558572627157246870, 9.376168073555946947 ) ) ;
#1334 = CARTESIAN_POINT ( 'NONE',  ( 38.46886995729814629, -12.44414273728411047, 66.63003727580071711 ) ) ;
#1335 = EDGE_LOOP ( 'NONE', ( #85, #4525, #7183, #5643, #1765, #4650, #5153, #2070, #5531, #1085, #1670, #4837, #2573, #418, #2350, #5102 ) ) ;
#1336 = EDGE_CURVE ( 'NONE', #1319, #5456, #7088, .T. ) ;
#1337 = VERTEX_POINT ( 'NONE', #1083 ) ;
#1338 = ORIENTED_EDGE ( 'NONE', *, *, #4495, .T. ) ;
#1339 = DIRECTION ( 'NONE',  ( 1.000000000000000000, 3.989863994746653162E-15, 0.000000000000000000 ) ) ;
#1340 = ORIENTED_EDGE ( 'NONE', *, *, #5756, .F. ) ;
#1341 = CARTESIAN_POINT ( 'NONE',  ( -21.73909603667274837, -2.444142737284214384, 21.57616807355592670 ) ) ;
#1342 = DIRECTION ( 'NONE',  ( -3.999776700323684900E-15, 1.000000000000000000, 3.000529512353633521E-15 ) ) ;
#1343 = LINE ( 'NONE', #176, #2996 ) ;
#1344 = AXIS2_PLACEMENT_3D ( 'NONE', #6661, #5079, #696 ) ;
#1345 = AXIS2_PLACEMENT_3D ( 'NONE', #2243, #80, #3397 ) ;
#1346 = AXIS2_PLACEMENT_3D ( 'NONE', #3359, #5603, #5557 ) ;
#1347 = CARTESIAN_POINT ( 'NONE',  ( -63.03909603667239026, -2.444142737284246358, -22.71575941605351190 ) ) ;
#1348 = AXIS2_PLACEMENT_3D ( 'NONE', #6277, #3403, #2903 ) ;
#1349 = FACE_OUTER_BOUND ( 'NONE', #6351, .T. ) ;
#1350 = VECTOR ( 'NONE', #2885, 1000.000000000000000 ) ;
#1351 = DIRECTION ( 'NONE',  ( -1.000000000000000000, -4.130293990420970474E-15, 0.000000000000000000 ) ) ;
#1352 = VECTOR ( 'NONE', #2456, 1000.000000000000000 ) ;
#1353 = AXIS2_PLACEMENT_3D ( 'NONE', #6900, #2978, #202 ) ;
#1354 = ORIENTED_EDGE ( 'NONE', *, *, #6624, .T. ) ;
#1355 = AXIS2_PLACEMENT_3D ( 'NONE', #2497, #5759, #4687 ) ;
#1356 = ORIENTED_EDGE ( 'NONE', *, *, #4414, .T. ) ;
#1357 = FACE_OUTER_BOUND ( 'NONE', #6065, .T. ) ;
#1358 = VECTOR ( 'NONE', #1563, 1000.000000000000000 ) ;
#1359 = CARTESIAN_POINT ( 'NONE',  ( -66.13909603667237036, -12.44414273728460252, 91.57616807355584854 ) ) ;
#1360 = DIRECTION ( 'NONE',  ( -4.000000000000001100E-15, 1.000000000000000000, 3.000000000000000233E-15 ) ) ;
#1361 = CARTESIAN_POINT ( 'NONE',  ( -3.763059594886533530E-15, 0.9558572627159380719, 2.879833092683784015E-15 ) ) ;
#1362 = EDGE_CURVE ( 'NONE', #4228, #2367, #496, .T. ) ;
#1363 = APPROVAL_DATE_TIME ( #1110, #701 ) ;
#1364 = AXIS2_PLACEMENT_3D ( 'NONE', #2362, #6207, #1108 ) ;
#1365 = VECTOR ( 'NONE', #4258, 1000.000000000000000 ) ;
#1366 = ORIENTED_EDGE ( 'NONE', *, *, #6245, .F. ) ;
#1367 = ORIENTED_EDGE ( 'NONE', *, *, #83, .T. ) ;
#1368 = CIRCLE ( 'NONE', #1602, 2.499999999999974243 ) ;
#1369 = ORIENTED_EDGE ( 'NONE', *, *, #6740, .F. ) ;
#1370 = CARTESIAN_POINT ( 'NONE',  ( 10.76090396332725518, -2.444142737284170419, 50.32938055623830564 ) ) ;
#1371 = PLANE ( 'NONE',  #6283 ) ;
#1372 = DIRECTION ( 'NONE',  ( 0.8660254037844407060, 0.000000000000000000, -0.4999999999999963363 ) ) ;
#1373 = CYLINDRICAL_SURFACE ( 'NONE', #3361, 0.8999999999999980238 ) ;
#1374 = CIRCLE ( 'NONE', #2204, 3.000000000000002665 ) ;
#1375 = EDGE_CURVE ( 'NONE', #4940, #2033, #2809, .T. ) ;
#1376 = AXIS2_PLACEMENT_3D ( 'NONE', #2579, #4249, #1438 ) ;
#1377 = ORIENTED_EDGE ( 'NONE', *, *, #1275, .F. ) ;
#1378 = ORIENTED_EDGE ( 'NONE', *, *, #2617, .F. ) ;
#1379 = VECTOR ( 'NONE', #4471, 1000.000000000000114 ) ;
#1380 = VERTEX_POINT ( 'NONE', #2728 ) ;
#1381 = LINE ( 'NONE', #3053, #4662 ) ;
#1382 = ORIENTED_EDGE ( 'NONE', *, *, #4138, .T. ) ;
#1383 = CARTESIAN_POINT ( 'NONE',  ( -45.96854809146707055, -2.444142737284512368, 88.64390184620089030 ) ) ;
#1384 = FACE_OUTER_BOUND ( 'NONE', #902, .T. ) ;
#1385 = CARTESIAN_POINT ( 'NONE',  ( 6.485504178569589051, -9.444142737284103362, 21.42876338647385737 ) ) ;
#1386 = ADVANCED_FACE ( 'NONE', ( #1633, #2303, #3819, #3304, #5549, #3890, #2769, #533, #1194, #6767, #5009, #2231, #3347, #6140, #7233, #1598, #3385, #6073, #4444, #5041, #7192, #1051, #3269, #2191, #3852, #4522, #5514, #6685, #1667, #5595, #574 ), #31, .F. ) ;
#1387 = ADVANCED_FACE ( 'NONE', ( #4477 ), #7157, .F. ) ;
#1388 = CARTESIAN_POINT ( 'NONE',  ( -40.65303506838652225, -12.44414273728443732, 70.41312222032485124 ) ) ;
#1389 = CYLINDRICAL_SURFACE ( 'NONE', #4555, 2.499999999999974243 ) ;
#1390 = DIRECTION ( 'NONE',  ( 0.8660254037844392627, 4.964172988122225296E-15, -0.4999999999999990563 ) ) ;
#1391 = ORIENTED_EDGE ( 'NONE', *, *, #4644, .T. ) ;
#1392 = VECTOR ( 'NONE', #2922, 1000.000000000000114 ) ;
#1393 = ORIENTED_EDGE ( 'NONE', *, *, #4194, .F. ) ;
#1394 = FACE_OUTER_BOUND ( 'NONE', #2935, .T. ) ;
#1395 = LINE ( 'NONE', #5897, #3214 ) ;
#1396 = LINE ( 'NONE', #5169, #2193 ) ;
#1397 = LINE ( 'NONE', #6895, #6940 ) ;
#1398 = EDGE_LOOP ( 'NONE', ( #1329, #1651, #6596, #3339 ) ) ;
#1399 = EDGE_LOOP ( 'NONE', ( #4075, #3447, #6634, #1005 ) ) ;
#1400 = ADVANCED_FACE ( 'NONE', ( #3933 ), #1708, .T. ) ;
#1401 = EDGE_LOOP ( 'NONE', ( #2071, #302, #267, #1129, #2357 ) ) ;
#1402 = ORIENTED_EDGE ( 'NONE', *, *, #4941, .F. ) ;
#1403 = CARTESIAN_POINT ( 'NONE',  ( -46.13909603667239878, -2.444142737284275224, 9.376168073555936289 ) ) ;
#1404 = FACE_OUTER_BOUND ( 'NONE', #5474, .T. ) ;
#1405 = FACE_OUTER_BOUND ( 'NONE', #3993, .T. ) ;
#1406 = DIRECTION ( 'NONE',  ( 0.000000000000000000, -2.907705674975143840E-15, 1.000000000000000000 ) ) ;
#1407 = ORIENTED_EDGE ( 'NONE', *, *, #6372, .T. ) ;
#1408 = EDGE_CURVE ( 'NONE', #6141, #3856, #641, .T. ) ;
#1409 = ADVANCED_FACE ( 'NONE', ( #2149 ), #1163, .F. ) ;
#1410 = ORIENTED_EDGE ( 'NONE', *, *, #4990, .T. ) ;
#1411 = EDGE_CURVE ( 'NONE', #5065, #3460, #779, .T. ) ;
#1412 = ORIENTED_EDGE ( 'NONE', *, *, #6103, .T. ) ;
#1413 = FACE_OUTER_BOUND ( 'NONE', #1861, .T. ) ;
#1414 = ORIENTED_EDGE ( 'NONE', *, *, #6090, .F. ) ;
#1415 = CARTESIAN_POINT ( 'NONE',  ( -13.65762521870768254, -5.444142737284158429, 13.52651803764361738 ) ) ;
#1416 = LINE ( 'NONE', #248, #2519 ) ;
#1417 = DIRECTION ( 'NONE',  ( -0.8660254037844387076, -1.963643475768592958E-15, -0.4999999999999997224 ) ) ;
#1418 = ORIENTED_EDGE ( 'NONE', *, *, #584, .T. ) ;
#1419 = EDGE_CURVE ( 'NONE', #4783, #746, #2344, .T. ) ;
#1420 = DIRECTION ( 'NONE',  ( 3.999776700323677800E-15, -1.000000000000000000, 0.000000000000000000 ) ) ;
#1421 = LINE ( 'NONE', #4340, #3799 ) ;
#1422 = DIRECTION ( 'NONE',  ( -3.999776700323684900E-15, 1.000000000000000000, 3.000529512353633521E-15 ) ) ;
#1423 = CARTESIAN_POINT ( 'NONE',  ( -5.595986369447098596, -12.44414273728405540, -9.692532710345394875 ) ) ;
#1424 = ORIENTED_EDGE ( 'NONE', *, *, #7128, .T. ) ;
#1425 = EDGE_CURVE ( 'NONE', #4500, #2150, #4560, .T. ) ;
#1426 = ORIENTED_EDGE ( 'NONE', *, *, #6600, .F. ) ;
#1427 = DIRECTION ( 'NONE',  ( 1.000000000000000000, 4.100255488672448973E-15, 0.000000000000000000 ) ) ;
#1428 = DIRECTION ( 'NONE',  ( -3.999776700323684900E-15, 1.000000000000000000, 3.000529512353633521E-15 ) ) ;
#1429 = DIRECTION ( 'NONE',  ( -0.8660254037844404840, 0.000000000000000000, -0.4999999999999968914 ) ) ;
#1430 = CARTESIAN_POINT ( 'NONE',  ( -12.52083681049021813, -5.444142737284201061, 29.52628265379341244 ) ) ;
#1431 = ORIENTED_EDGE ( 'NONE', *, *, #920, .T. ) ;
#1432 = VERTEX_POINT ( 'NONE', #5706 ) ;
#1433 = ORIENTED_EDGE ( 'NONE', *, *, #4343, .T. ) ;
#1434 = LINE ( 'NONE', #3017, #1440 ) ;
#1435 = EDGE_CURVE ( 'NONE', #1787, #5962, #107, .T. ) ;
#1436 = CARTESIAN_POINT ( 'NONE',  ( -56.14909603667242521, 0.9558572627156114443, 33.77616807355594375 ) ) ;
#1437 = CARTESIAN_POINT ( 'NONE',  ( 10.76090396332730847, -12.44414273728401987, -2.833372241562549451E-14 ) ) ;
#1438 = DIRECTION ( 'NONE',  ( 3.999776700323684900E-15, -1.000000000000000000, 0.000000000000000000 ) ) ;
#1439 = ADVANCED_FACE ( 'NONE', ( #948 ), #3202, .F. ) ;
#1440 = VECTOR ( 'NONE', #5253, 1000.000000000000000 ) ;
#1441 = ORIENTED_EDGE ( 'NONE', *, *, #2133, .T. ) ;
#1442 = ORIENTED_EDGE ( 'NONE', *, *, #4312, .F. ) ;
#1443 = ORIENTED_EDGE ( 'NONE', *, *, #1901, .F. ) ;
#1444 = DIRECTION ( 'NONE',  ( -3.999776700323684900E-15, 1.000000000000000000, 3.000529512353633521E-15 ) ) ;
#1445 = VECTOR ( 'NONE', #3265, 1000.000000000000000 ) ;
#1446 = CARTESIAN_POINT ( 'NONE',  ( -66.13909603667238457, -2.444142737284239253, -29.30554525054135340 ) ) ;
#1447 = VERTEX_POINT ( 'NONE', #2561 ) ;
#1448 = FACE_OUTER_BOUND ( 'NONE', #2307, .T. ) ;
#1449 = DIRECTION ( 'NONE',  ( -1.000000000000000000, -3.979659739005619245E-15, 0.000000000000000000 ) ) ;
#1450 = CARTESIAN_POINT ( 'NONE',  ( -63.03909603667236183, -12.44414273728431475, -2.833372241562638750E-14 ) ) ;
#1451 = EDGE_CURVE ( 'NONE', #1776, #4502, #3094, .T. ) ;
#1452 = ADVANCED_FACE ( 'NONE', ( #5488 ), #1455, .F. ) ;
#1453 = VERTEX_POINT ( 'NONE', #2595 ) ;
#1454 = CARTESIAN_POINT ( 'NONE',  ( -69.23909603667235046, -12.44414273728433962, -2.833372241562646008E-14 ) ) ;
#1455 = PLANE ( 'NONE',  #2179 ) ;
#1456 = DIRECTION ( 'NONE',  ( -0.8660254037844391517, -1.938470449983432777E-15, -0.4999999999999990008 ) ) ;
#1457 = CARTESIAN_POINT ( 'NONE',  ( -35.73909603667240020, -2.444142737284233480, 9.376168073555932736 ) ) ;
#1458 = AXIS2_PLACEMENT_3D ( 'NONE', #3832, #7065, #5942 ) ;
#1459 = EDGE_CURVE ( 'NONE', #4186, #4693, #4790, .T. ) ;
#1460 = ORIENTED_EDGE ( 'NONE', *, *, #2638, .T. ) ;
#1461 = ORIENTED_EDGE ( 'NONE', *, *, #3624, .F. ) ;
#1462 = VECTOR ( 'NONE', #3818, 1000.000000000000000 ) ;
#1463 = DIRECTION ( 'NONE',  ( 0.5000000000000000000, -5.986464323413380099E-16, 0.8660254037844387076 ) ) ;
#1464 = VECTOR ( 'NONE', #1604, 1000.000000000000000 ) ;
#1465 = CARTESIAN_POINT ( 'NONE',  ( -52.50992937000589933, -2.444142737284487499, 71.64621882886166304 ) ) ;
#1466 = CARTESIAN_POINT ( 'NONE',  ( 7.535504178569583544, -7.444142737284097144, 21.42876338647386447 ) ) ;
#1467 = DIRECTION ( 'NONE',  ( 3.999776700323684900E-15, -1.000000000000000000, -3.000529512353633521E-15 ) ) ;
#1468 = VECTOR ( 'NONE', #1565, 1000.000000000000000 ) ;
#1469 = EDGE_CURVE ( 'NONE', #1687, #3704, #2426, .T. ) ;
#1470 = VECTOR ( 'NONE', #4476, 1000.000000000000000 ) ;
#1471 = ORIENTED_EDGE ( 'NONE', *, *, #757, .T. ) ;
#1472 = EDGE_LOOP ( 'NONE', ( #7061, #4298, #2292, #5913, #2539, #5115 ) ) ;
#1473 = VECTOR ( 'NONE', #4122, 1000.000000000000000 ) ;
#1474 = ORIENTED_EDGE ( 'NONE', *, *, #2932, .T. ) ;
#1475 = DIRECTION ( 'NONE',  ( 1.000000000000000000, 4.004733053112189725E-15, 3.172065784643318770E-16 ) ) ;
#1476 = AXIS2_PLACEMENT_3D ( 'NONE', #7115, #2687, #6094 ) ;
#1477 = LINE ( 'NONE', #2653, #3100 ) ;
#1478 = CARTESIAN_POINT ( 'NONE',  ( 4.518263276207996171, -9.444142737283870659, -58.42383192644406620 ) ) ;
#1479 = FACE_OUTER_BOUND ( 'NONE', #597, .T. ) ;
#1480 = AXIS2_PLACEMENT_3D ( 'NONE', #6958, #1913, #782 ) ;
#1481 = ORIENTED_EDGE ( 'NONE', *, *, #4220, .F. ) ;
#1482 = ORIENTED_EDGE ( 'NONE', *, *, #1106, .F. ) ;
#1483 = AXIS2_PLACEMENT_3D ( 'NONE', #493, #2725, #4557 ) ;
#1484 = ORIENTED_EDGE ( 'NONE', *, *, #2844, .F. ) ;
#1485 = DIRECTION ( 'NONE',  ( -3.999776700323684900E-15, 1.000000000000000000, 3.000529512353633521E-15 ) ) ;
#1486 = AXIS2_PLACEMENT_3D ( 'NONE', #5196, #1485, #222 ) ;
#1487 = CARTESIAN_POINT ( 'NONE',  ( -71.73909603667232204, -12.44414273728417619, -58.42383192644409462 ) ) ;
#1488 = EDGE_LOOP ( 'NONE', ( #6552, #2060, #2051, #6536 ) ) ;
#1490 = FACE_OUTER_BOUND ( 'NONE', #6644, .T. ) ;
#1489 = AXIS2_PLACEMENT_3D ( 'NONE', #5480, #1015, #6549 ) ;
#1491 = FACE_OUTER_BOUND ( 'NONE', #5599, .T. ) ;
#1492 = DIRECTION ( 'NONE',  ( -3.999776700323684900E-15, 1.000000000000000000, 3.000529512353633521E-15 ) ) ;
#1493 = CIRCLE ( 'NONE', #210, 1.399999999999998579 ) ;
#1494 = ORIENTED_EDGE ( 'NONE', *, *, #514, .F. ) ;
#1495 = AXIS2_PLACEMENT_3D ( 'NONE', #6498, #5365, #205 ) ;
#1496 = ADVANCED_FACE ( 'NONE', ( #4821 ), #4307, .F. ) ;
#1497 = CYLINDRICAL_SURFACE ( 'NONE', #5210, 1.050000000000000488 ) ;
#1498 = DIRECTION ( 'NONE',  ( -0.8660254037844387076, 0.000000000000000000, -0.4999999999999997224 ) ) ;
#1499 = CARTESIAN_POINT ( 'NONE',  ( -43.48909603667235757, -6.444142737284245470, 2.876168073555626759 ) ) ;
#1500 = CYLINDRICAL_SURFACE ( 'NONE', #406, 2.100000000000000533 ) ;
#1501 = ORIENTED_EDGE ( 'NONE', *, *, #1585, .F. ) ;
#1502 = EDGE_CURVE ( 'NONE', #2335, #5057, #1421, .T. ) ;
#1503 = CARTESIAN_POINT ( 'NONE',  ( -7.843262703339208386, -12.44414273728398967, -34.21949319120744093 ) ) ;
#1504 = EDGE_CURVE ( 'NONE', #4480, #1070, #4748, .T. ) ;
#1505 = CARTESIAN_POINT ( 'NONE',  ( 12.76090396332726051, -2.444142737283870215, -47.18119123932478942 ) ) ;
#1506 = DIRECTION ( 'NONE',  ( -0.000000000000000000, -3.028860078099107970E-15, 1.000000000000000000 ) ) ;
#1507 = CARTESIAN_POINT ( 'NONE',  ( -66.13909603667224246, -37.44414273728450837, 60.49873805970172924 ) ) ;
#1508 = ORIENTED_EDGE ( 'NONE', *, *, #5073, .F. ) ;
#1509 = CIRCLE ( 'NONE', #4780, 2.500000000000002220 ) ;
#1510 = VERTEX_POINT ( 'NONE', #5968 ) ;
#1511 = ORIENTED_EDGE ( 'NONE', *, *, #619, .T. ) ;
#1512 = ADVANCED_FACE ( 'NONE', ( #2013 ), #5450, .F. ) ;
#1513 = DIRECTION ( 'NONE',  ( -0.8660254037844387076, 0.000000000000000000, 0.4999999999999997224 ) ) ;
#1514 = EDGE_CURVE ( 'NONE', #6951, #1518, #1530, .T. ) ;
#1515 = CARTESIAN_POINT ( 'NONE',  ( -69.23909603667237889, -12.44414273728433962, -2.833372241562646008E-14 ) ) ;
#1516 = CARTESIAN_POINT ( 'NONE',  ( -19.10303506838661391, -12.44414273728423836, 33.08742731721574160 ) ) ;
#1517 = DIRECTION ( 'NONE',  ( -3.999776700323684900E-15, 1.000000000000000000, 3.000529512353633521E-15 ) ) ;
#1518 = VERTEX_POINT ( 'NONE', #917 ) ;
#1519 = VERTEX_POINT ( 'NONE', #5378 ) ;
#1520 = ORIENTED_EDGE ( 'NONE', *, *, #4343, .F. ) ;
#1521 = EDGE_CURVE ( 'NONE', #3125, #6453, #2521, .T. ) ;
#1522 = DIRECTION ( 'NONE',  ( 1.000000000000000000, 4.027036640660449210E-15, 0.000000000000000000 ) ) ;
#1523 = DIRECTION ( 'NONE',  ( 3.999776700323684900E-15, -1.000000000000000000, -3.000529512353633521E-15 ) ) ;
#1524 = ORIENTED_EDGE ( 'NONE', *, *, #752, .T. ) ;
#1525 = CARTESIAN_POINT ( 'NONE',  ( -24.28149603746925678, -12.44414273728428810, 42.05678482067926893 ) ) ;
#1526 = DIRECTION ( 'NONE',  ( -3.999776700323684900E-15, 1.000000000000000000, 3.000529512353633521E-15 ) ) ;
#1527 = CARTESIAN_POINT ( 'NONE',  ( -19.05290830761242304, -12.44414273728404119, -33.00060522073589198 ) ) ;
#1528 = EDGE_LOOP ( 'NONE', ( #329, #5515, #4691, #5879, #7044 ) ) ;
#1529 = DIRECTION ( 'NONE',  ( 4.000000000000001889E-15, -1.000000000000000000, -3.000000000000000628E-15 ) ) ;
#1530 = LINE ( 'NONE', #5410, #1358 ) ;
#1531 = CARTESIAN_POINT ( 'NONE',  ( -63.03909603667236183, -12.44414273728422771, -31.09533108502920840 ) ) ;
#1532 = PLANE ( 'NONE',  #4031 ) ;
#1533 = ADVANCED_FACE ( 'NONE', ( #3136 ), #6989, .F. ) ;
#1534 = ORIENTED_EDGE ( 'NONE', *, *, #4667, .F. ) ;
#1535 = PLANE ( 'NONE',  #5934 ) ;
#1536 = CARTESIAN_POINT ( 'NONE',  ( -37.63909603667241299, 0.9558572627156903811, 32.07616807355594091 ) ) ;
#1537 = LINE ( 'NONE', #1466, #3220 ) ;
#1538 = CARTESIAN_POINT ( 'NONE',  ( -32.42099603897735705, -5.444142737284287215, 31.71566209117936097 ) ) ;
#1539 = ADVANCED_FACE ( 'NONE', ( #4198 ), #6519, .F. ) ;
#1540 = VERTEX_POINT ( 'NONE', #6001 ) ;
#1541 = EDGE_CURVE ( 'NONE', #287, #4470, #2087, .T. ) ;
#1542 = ORIENTED_EDGE ( 'NONE', *, *, #4941, .T. ) ;
#1543 = VERTEX_POINT ( 'NONE', #438 ) ;
#1544 = EDGE_CURVE ( 'NONE', #131, #5709, #1024, .T. ) ;
#1545 = PLANE ( 'NONE',  #2153 ) ;
#1546 = DIRECTION ( 'NONE',  ( 3.999776700323684900E-15, -1.000000000000000000, -3.000529512353633521E-15 ) ) ;
#1547 = DIRECTION ( 'NONE',  ( -3.999776700323684900E-15, 1.000000000000000000, 3.000529512353633521E-15 ) ) ;
#1548 = FACE_OUTER_BOUND ( 'NONE', #1398, .T. ) ;
#1549 = EDGE_CURVE ( 'NONE', #6468, #6141, #501, .T. ) ;
#1550 = ORIENTED_EDGE ( 'NONE', *, *, #2400, .F. ) ;
#1551 = ORIENTED_EDGE ( 'NONE', *, *, #5432, .F. ) ;
#1552 = ORIENTED_EDGE ( 'NONE', *, *, #381, .F. ) ;
#1553 = DIRECTION ( 'NONE',  ( 0.8660254037844407060, 4.964172988122222141E-15, -0.4999999999999963363 ) ) ;
#1554 = DIRECTION ( 'NONE',  ( 4.000000000000001889E-15, -1.000000000000000000, -2.999999999999999839E-15 ) ) ;
#1555 = CARTESIAN_POINT ( 'NONE',  ( 4.560903963327255894, -2.444142737284206390, 53.90895222521398722 ) ) ;
#1556 = CARTESIAN_POINT ( 'NONE',  ( -69.23909603667240731, -2.444142737284598077, 86.20681057009237236 ) ) ;
#1557 = LINE ( 'NONE', #386, #2409 ) ;
#1558 = LINE ( 'NONE', #2115, #890 ) ;
#1559 = ADVANCED_FACE ( 'NONE', ( #3858 ), #6111, .F. ) ;
#1560 = VERTEX_POINT ( 'NONE', #1605 ) ;
#1561 = VECTOR ( 'NONE', #483, 1000.000000000000000 ) ;
#1562 = DIRECTION ( 'NONE',  ( -3.999776700323684900E-15, 1.000000000000000000, 3.000529512353633521E-15 ) ) ;
#1563 = DIRECTION ( 'NONE',  ( -3.999776700323684900E-15, 1.000000000000000000, 3.000529512353633521E-15 ) ) ;
#1564 = DIRECTION ( 'NONE',  ( 0.8660254037844379305, 2.059624853107390201E-15, 0.5000000000000012212 ) ) ;
#1565 = DIRECTION ( 'NONE',  ( -3.999776700323684900E-15, 1.000000000000000000, 3.000529512353633521E-15 ) ) ;
#1566 = VERTEX_POINT ( 'NONE', #1756 ) ;
#1567 = CYLINDRICAL_SURFACE ( 'NONE', #4996, 2.750000000000002665 ) ;
#1568 = VECTOR ( 'NONE', #4578, 1000.000000000000000 ) ;
#1569 = CARTESIAN_POINT ( 'NONE',  ( -69.23909603667237889, -2.444142737284526579, 62.28852389418966595 ) ) ;
#1570 = CARTESIAN_POINT ( 'NONE',  ( -46.13909603667241299, 0.9558572627157108093, 13.87616807355595050 ) ) ;
#1571 = PLANE ( 'NONE',  #786 ) ;
#1572 = ORIENTED_EDGE ( 'NONE', *, *, #5305, .T. ) ;
#1573 = VECTOR ( 'NONE', #6147, 1000.000000000000114 ) ;
#1574 = ORIENTED_EDGE ( 'NONE', *, *, #3156, .T. ) ;
#1575 = ORIENTED_EDGE ( 'NONE', *, *, #4901, .F. ) ;
#1576 = AXIS2_PLACEMENT_3D ( 'NONE', #5345, #326, #2675 ) ;
#1577 = CARTESIAN_POINT ( 'NONE',  ( -32.55995700655194725, -12.44414273728436449, 56.39549982760621560 ) ) ;
#1578 = ADVANCED_FACE ( 'NONE', ( #3941 ), #5078, .F. ) ;
#1579 = CIRCLE ( 'NONE', #886, 0.8999999999999980238 ) ;
#1580 = CARTESIAN_POINT ( 'NONE',  ( -59.13909603667240589, 0.9558572627156574075, 14.42616807355594588 ) ) ;
#1581 = DIRECTION ( 'NONE',  ( 0.000000000000000000, 3.028860078099107970E-15, -1.000000000000000000 ) ) ;
#1582 = DIRECTION ( 'NONE',  ( -0.000000000000000000, -3.028860078099125325E-15, 1.000000000000000000 ) ) ;
#1583 = AXIS2_PLACEMENT_3D ( 'NONE', #3889, #573, #606 ) ;
#1584 = VECTOR ( 'NONE', #6337, 1000.000000000000000 ) ;
#1585 = EDGE_CURVE ( 'NONE', #3419, #5902, #2701, .T. ) ;
#1586 = ORIENTED_EDGE ( 'NONE', *, *, #4534, .T. ) ;
#1587 = EDGE_LOOP ( 'NONE', ( #110, #5154, #2553, #4724, #6803, #3760 ) ) ;
#1588 = AXIS2_PLACEMENT_3D ( 'NONE', #6325, #5218, #3077 ) ;
#1589 = VECTOR ( 'NONE', #6050, 1000.000000000000000 ) ;
#1590 = ORIENTED_EDGE ( 'NONE', *, *, #3238, .F. ) ;
#1591 = CARTESIAN_POINT ( 'NONE',  ( -12.60762521870767472, -7.444142737284153100, 13.52651803764361027 ) ) ;
#1592 = VECTOR ( 'NONE', #3898, 1000.000000000000114 ) ;
#1593 = EDGE_CURVE ( 'NONE', #2407, #6084, #1170, .T. ) ;
#1594 = DIRECTION ( 'NONE',  ( 0.8660254037844387076, 0.000000000000000000, 0.4999999999999997224 ) ) ;
#1595 = PLANE ( 'NONE',  #669 ) ;
#1596 = LINE ( 'NONE', #1049, #673 ) ;
#1597 = CARTESIAN_POINT ( 'NONE',  ( -37.63909603667242010, 0.9558572627157533308, 11.07616807355594624 ) ) ;
#1598 = FACE_BOUND ( 'NONE', #2451, .T. ) ;
#1599 = EDGE_LOOP ( 'NONE', ( #1165, #2565, #1407, #1307 ) ) ;
#1600 = CIRCLE ( 'NONE', #3690, 1.050000000000000488 ) ;
#1601 = ORIENTED_EDGE ( 'NONE', *, *, #5524, .T. ) ;
#1602 = AXIS2_PLACEMENT_3D ( 'NONE', #166, #1747, #1705 ) ;
#1603 = ADVANCED_FACE ( 'NONE', ( #3826, #4373 ), #6691, .T. ) ;
#1604 = DIRECTION ( 'NONE',  ( 3.999776700323682533E-15, -1.000000000000000000, -2.999626010543229460E-15 ) ) ;
#1605 = CARTESIAN_POINT ( 'NONE',  ( -36.73909603667240020, -2.444142737284305866, 32.07616807355594091 ) ) ;
#1606 = EDGE_CURVE ( 'NONE', #1432, #4478, #1640, .T. ) ;
#1607 = PLANE ( 'NONE',  #4613 ) ;
#1608 = CARTESIAN_POINT ( 'NONE',  ( -64.23909603667233625, -9.444142737284145994, -58.42383192644409462 ) ) ;
#1609 = VECTOR ( 'NONE', #1645, 1000.000000000000000 ) ;
#1610 = VECTOR ( 'NONE', #5505, 1000.000000000000000 ) ;
#1611 = ORIENTED_EDGE ( 'NONE', *, *, #6702, .F. ) ;
#1612 = PLANE ( 'NONE',  #2321 ) ;
#1613 = DIRECTION ( 'NONE',  ( 0.8660254037844415942, 1.938470449983439482E-15, 0.4999999999999949485 ) ) ;
#1614 = LINE ( 'NONE', #2244, #5463 ) ;
#1615 = DIRECTION ( 'NONE',  ( -0.8660254037844383745, -1.963643475768589803E-15, -0.5000000000000004441 ) ) ;
#1616 = ORIENTED_EDGE ( 'NONE', *, *, #1006, .F. ) ;
#1617 = ORIENTED_EDGE ( 'NONE', *, *, #2330, .T. ) ;
#1618 = ORIENTED_EDGE ( 'NONE', *, *, #3025, .T. ) ;
#1619 = CARTESIAN_POINT ( 'NONE',  ( -21.73909603667271995, -12.44414273728421527, 21.57616807355590538 ) ) ;
#1620 = DIRECTION ( 'NONE',  ( -1.000000000000000000, -4.163336342344321249E-15, 0.000000000000000000 ) ) ;
#1621 = CARTESIAN_POINT ( 'NONE',  ( -7.239096036672425960, -37.44414273728433784, 79.79772765417841640 ) ) ;
#1622 = DIRECTION ( 'NONE',  ( 1.000000000000000000, 4.130293990420969686E-15, 0.000000000000000000 ) ) ;
#1623 = VECTOR ( 'NONE', #5293, 1000.000000000000000 ) ;
#1624 = EDGE_CURVE ( 'NONE', #7224, #3871, #1673, .T. ) ;
#1625 = ORIENTED_EDGE ( 'NONE', *, *, #5640, .F. ) ;
#1626 = VERTEX_POINT ( 'NONE', #4968 ) ;
#1627 = ORIENTED_EDGE ( 'NONE', *, *, #94, .T. ) ;
#1628 = PLANE ( 'NONE',  #2670 ) ;
#1629 = CARTESIAN_POINT ( 'NONE',  ( -14.49594535174106014, -2.444142737284395572, 91.70310133143742348 ) ) ;
#1630 = CARTESIAN_POINT ( 'NONE',  ( -1.602362769591111791, -7.444142737284113132, 14.46683629550344996 ) ) ;
#1631 = FACE_OUTER_BOUND ( 'NONE', #1103, .T. ) ;
#1632 = CARTESIAN_POINT ( 'NONE',  ( 14.88222430688694331, -12.44414273728385467, -49.30251158288446334 ) ) ;
#1633 = FACE_BOUND ( 'NONE', #3044, .T. ) ;
#1634 = ADVANCED_FACE ( 'NONE', ( #1131 ), #5047, .T. ) ;
#1635 = ORIENTED_EDGE ( 'NONE', *, *, #5825, .F. ) ;
#1636 = EDGE_CURVE ( 'NONE', #2150, #6453, #39, .T. ) ;
#1637 = EDGE_LOOP ( 'NONE', ( #4344, #2713, #5765, #4911 ) ) ;
#1638 = EDGE_LOOP ( 'NONE', ( #4527, #5308, #5685, #1076 ) ) ;
#1639 = LINE ( 'NONE', #70, #2410 ) ;
#1640 = LINE ( 'NONE', #6226, #1592 ) ;
#1641 = FACE_OUTER_BOUND ( 'NONE', #4632, .T. ) ;
#1642 = PLANE ( 'NONE',  #2635 ) ;
#1643 = ADVANCED_FACE ( 'NONE', ( #3391 ), #542, .F. ) ;
#1644 = EDGE_LOOP ( 'NONE', ( #1840, #1418, #3617, #2811 ) ) ;
#1645 = DIRECTION ( 'NONE',  ( -0.8660254037844378194, -4.964172988122226874E-15, 0.5000000000000015543 ) ) ;
#1646 = DIRECTION ( 'NONE',  ( -0.000000000000000000, -2.989450650348381855E-15, 1.000000000000000000 ) ) ;
#1647 = DIRECTION ( 'NONE',  ( -3.999776700323684900E-15, 1.000000000000000000, 3.000529512353633521E-15 ) ) ;
#1648 = LINE ( 'NONE', #449, #2752 ) ;
#1649 = ORIENTED_EDGE ( 'NONE', *, *, #1315, .F. ) ;
#1650 = ADVANCED_FACE ( 'NONE', ( #4 ), #5601, .F. ) ;
#1651 = ORIENTED_EDGE ( 'NONE', *, *, #5682, .T. ) ;
#1652 = ORIENTED_EDGE ( 'NONE', *, *, #5173, .T. ) ;
#1653 = CARTESIAN_POINT ( 'NONE',  ( -69.23909603667223678, -37.44414273728423836, -34.67490275400497524 ) ) ;
#1654 = CARTESIAN_POINT ( 'NONE',  ( -62.99645534955308790, -2.444142737284148659, -55.42383192644407330 ) ) ;
#1655 = DIRECTION ( 'NONE',  ( -3.999776700323684900E-15, 1.000000000000000000, 3.000529512353633521E-15 ) ) ;
#1656 = DIRECTION ( 'NONE',  ( -4.000000000000001100E-15, 1.000000000000000000, 2.999999999999999839E-15 ) ) ;
#1657 = COORDINATED_UNIVERSAL_TIME_OFFSET ( 8, 0, .AHEAD. ) ;
#1658 = EDGE_LOOP ( 'NONE', ( #5711, #6792, #4155, #4921 ) ) ;
#1659 = ORIENTED_EDGE ( 'NONE', *, *, #3337, .F. ) ;
#1660 = EDGE_LOOP ( 'NONE', ( #4177, #6873, #1382, #5937 ) ) ;
#1661 = DIRECTION ( 'NONE',  ( -3.999776700323684900E-15, 1.000000000000000000, 3.000529512353633521E-15 ) ) ;
#1662 = DIRECTION ( 'NONE',  ( -0.8660254037844380415, -4.964172988122227663E-15, 0.5000000000000012212 ) ) ;
#1663 = CARTESIAN_POINT ( 'NONE',  ( -42.69800014626160589, -12.44414273728411047, -43.11327726743503064 ) ) ;
#1664 = EDGE_CURVE ( 'NONE', #1714, #1801, #6625, .T. ) ;
#1665 = DIRECTION ( 'NONE',  ( 0.8660254037844385966, 0.000000000000000000, -0.4999999999999999445 ) ) ;
#1666 = CARTESIAN_POINT ( 'NONE',  ( -69.23909603667236468, -12.44414273728449594, 53.90895222521396590 ) ) ;
#1667 = FACE_BOUND ( 'NONE', #4311, .T. ) ;
#1668 = ORIENTED_EDGE ( 'NONE', *, *, #2745, .T. ) ;
#1669 = ORIENTED_EDGE ( 'NONE', *, *, #7034, .F. ) ;
#1670 = ORIENTED_EDGE ( 'NONE', *, *, #221, .T. ) ;
#1671 = AXIS2_PLACEMENT_3D ( 'NONE', #7038, #2613, #1372 ) ;
#1672 = LINE ( 'NONE', #6079, #880 ) ;
#1673 = LINE ( 'NONE', #5555, #5695 ) ;
#1674 = EDGE_CURVE ( 'NONE', #2559, #4033, #6164, .T. ) ;
#1675 = CARTESIAN_POINT ( 'NONE',  ( -35.73909603667242152, 0.9558572627157524426, 13.87616807355594872 ) ) ;
#1676 = DIRECTION ( 'NONE',  ( -1.000000000000000000, -3.999776700323684900E-15, -1.211476396892138794E-29 ) ) ;
#1677 = EDGE_CURVE ( 'NONE', #3596, #6636, #1716, .T. ) ;
#1678 = AXIS2_PLACEMENT_3D ( 'NONE', #3161, #3628, #6508 ) ;
#1679 = AXIS2_PLACEMENT_3D ( 'NONE', #6059, #3762, #1513 ) ;
#1680 = ORIENTED_EDGE ( 'NONE', *, *, #612, .T. ) ;
#1681 = DIRECTION ( 'NONE',  ( -1.000000000000000000, -4.047688110612546206E-15, 0.000000000000000000 ) ) ;
#1682 = DIRECTION ( 'NONE',  ( 4.001428817919833979E-15, -1.000000000000000000, -2.999626010543229460E-15 ) ) ;
#1683 = VECTOR ( 'NONE', #2461, 1000.000000000000000 ) ;
#1684 = CARTESIAN_POINT ( 'NONE',  ( -1.602362769591111791, -7.444142737284113132, 14.46683629550344996 ) ) ;
#1685 = EDGE_CURVE ( 'NONE', #2411, #3846, #2155, .T. ) ;
#1686 = ORIENTED_EDGE ( 'NONE', *, *, #2927, .F. ) ;
#1687 = VERTEX_POINT ( 'NONE', #879 ) ;
#1688 = VERTEX_POINT ( 'NONE', #397 ) ;
#1689 = DIRECTION ( 'NONE',  ( -3.999776700323684900E-15, 1.000000000000000000, 3.000529512353633521E-15 ) ) ;
#1690 = CARTESIAN_POINT ( 'NONE',  ( -51.00995700655202825, -12.44414273728452969, 88.35183722725183486 ) ) ;
#1691 = CARTESIAN_POINT ( 'NONE',  ( -5.512905560481887512, -37.44414273728401810, -22.53404324571107153 ) ) ;
#1692 = EDGE_CURVE ( 'NONE', #6993, #3181, #7204, .T. ) ;
#1693 = DIRECTION ( 'NONE',  ( -3.999776700323684900E-15, 1.000000000000000000, 3.000529512353633521E-15 ) ) ;
#1694 = DATE_TIME_ROLE ( 'creation_date' ) ;
#1695 = AXIS2_PLACEMENT_3D ( 'NONE', #3602, #4055, #3056 ) ;
#1696 = AXIS2_PLACEMENT_3D ( 'NONE', #6812, #6741, #3949 ) ;
#1697 = ORIENTED_EDGE ( 'NONE', *, *, #5900, .T. ) ;
#1698 = VERTEX_POINT ( 'NONE', #4313 ) ;
#1699 = ORIENTED_EDGE ( 'NONE', *, *, #139, .F. ) ;
#1700 = LINE ( 'NONE', #1188, #446 ) ;
#1701 = CIRCLE ( 'NONE', #4269, 2.099999999999999645 ) ;
#1702 = CARTESIAN_POINT ( 'NONE',  ( 10.76090396332725518, -2.444142737283987010, -10.75661607810215337 ) ) ;
#1703 = VECTOR ( 'NONE', #5230, 1000.000000000000114 ) ;
#1704 = CARTESIAN_POINT ( 'NONE',  ( 10.76090396332739552, -37.44414273728418152, 53.90895222521388774 ) ) ;
#1705 = DIRECTION ( 'NONE',  ( 1.000000000000000000, 3.989863994746697338E-15, 0.000000000000000000 ) ) ;
#1706 = LINE ( 'NONE', #6187, #296 ) ;
#1707 = VECTOR ( 'NONE', #3456, 1000.000000000000000 ) ;
#1708 = PLANE ( 'NONE',  #6158 ) ;
#1709 = UNCERTAINTY_MEASURE_WITH_UNIT (LENGTH_MEASURE( 1.000000000000000082E-05 ), #95, 'distance_accuracy_value', 'NONE');
#1710 = VECTOR ( 'NONE', #1662, 999.9999999999998863 ) ;
#1711 = AXIS2_PLACEMENT_3D ( 'NONE', #2969, #4100, #4070 ) ;
#1712 = EDGE_LOOP ( 'NONE', ( #2165, #979, #789, #2388 ) ) ;
#1713 = VERTEX_POINT ( 'NONE', #3644 ) ;
#1714 = VERTEX_POINT ( 'NONE', #3753 ) ;
#1715 = DIRECTION ( 'NONE',  ( 3.999776700323684900E-15, -1.000000000000000000, -3.000529512353633521E-15 ) ) ;
#1716 = LINE ( 'NONE', #2850, #7093 ) ;
#1717 = VECTOR ( 'NONE', #5138, 1000.000000000000000 ) ;
#1718 = CARTESIAN_POINT ( 'NONE',  ( -63.03909603667239026, -2.444142737284548339, 77.82723890111670073 ) ) ;
#1719 = CARTESIAN_POINT ( 'NONE',  ( 10.76090396332742216, -37.44414273728388309, -46.63404609195632133 ) ) ;
#1720 = ADVANCED_FACE ( 'NONE', ( #3725 ), #4238, .F. ) ;
#1721 = CIRCLE ( 'NONE', #5821, 1.049999999999998934 ) ;
#1722 = ORIENTED_EDGE ( 'NONE', *, *, #6267, .F. ) ;
#1723 = CARTESIAN_POINT ( 'NONE',  ( 7.660903963327395871, -37.44414273728417442, 48.53959472175036893 ) ) ;
#1724 = DIRECTION ( 'NONE',  ( -0.8660254037844382635, 0.000000000000000000, -0.5000000000000005551 ) ) ;
#1725 = AXIS2_PLACEMENT_3D ( 'NONE', #2002, #5238, #6843 ) ;
#1726 = CARTESIAN_POINT ( 'NONE',  ( -15.23909603667233625, -12.44414273728418863, 21.57616807355568511 ) ) ;
#1727 = EDGE_CURVE ( 'NONE', #7216, #3846, #6486, .T. ) ;
#1728 = VECTOR ( 'NONE', #3042, 1000.000000000000000 ) ;
#1729 = ORIENTED_EDGE ( 'NONE', *, *, #241, .F. ) ;
#1730 = ADVANCED_FACE ( 'NONE', ( #2601 ), #4827, .F. ) ;
#1731 = CIRCLE ( 'NONE', #4533, 1.399999999999998579 ) ;
#1732 = ORIENTED_EDGE ( 'NONE', *, *, #3853, .T. ) ;
#1733 = EDGE_CURVE ( 'NONE', #3579, #2799, #5460, .T. ) ;
#1734 = ORIENTED_EDGE ( 'NONE', *, *, #1425, .T. ) ;
#1735 = DIRECTION ( 'NONE',  ( -0.8660254037844378194, 0.000000000000000000, 0.5000000000000015543 ) ) ;
#1736 = CARTESIAN_POINT ( 'NONE',  ( -65.11777569311274760, -2.444142737284150435, -57.54515227000371880 ) ) ;
#1737 = CARTESIAN_POINT ( 'NONE',  ( 4.518263276208009493, -12.44414273728433962, 98.57616807355589117 ) ) ;
#1738 = CARTESIAN_POINT ( 'NONE',  ( -46.13909603667242010, 0.9558572627156735058, 26.36616807355594361 ) ) ;
#1739 = APPROVAL_DATE_TIME ( #6282, #3724 ) ;
#1740 = ORIENTED_EDGE ( 'NONE', *, *, #1052, .T. ) ;
#1741 = EDGE_CURVE ( 'NONE', #4983, #2555, #475, .T. ) ;
#1742 = ORIENTED_EDGE ( 'NONE', *, *, #4901, .T. ) ;
#1743 = ORIENTED_EDGE ( 'NONE', *, *, #2279, .T. ) ;
#1744 = CARTESIAN_POINT ( 'NONE',  ( -15.23909603667233625, -9.444142737284188627, 21.57616807355568511 ) ) ;
#1745 = CARTESIAN_POINT ( 'NONE',  ( -54.75100079857712387, -37.44414273728424547, -11.87848995773996919 ) ) ;
#1746 = LINE ( 'NONE', #5108, #6122 ) ;
#1747 = DIRECTION ( 'NONE',  ( -3.999776700323684900E-15, 1.000000000000000000, 3.000529512353633521E-15 ) ) ;
#1748 = DIRECTION ( 'NONE',  ( 3.999776700323684900E-15, -1.000000000000000000, -3.000529512353633521E-15 ) ) ;
#1749 = DIRECTION ( 'NONE',  ( -1.000000000000000000, -3.999776700323684900E-15, -1.211476396892138794E-29 ) ) ;
#1750 = ORIENTED_EDGE ( 'NONE', *, *, #22, .F. ) ;
#1751 = EDGE_CURVE ( 'NONE', #5670, #235, #924, .T. ) ;
#1752 = ORIENTED_EDGE ( 'NONE', *, *, #2447, .T. ) ;
#1753 = CIRCLE ( 'NONE', #4665, 2.100000000000000089 ) ;
#1754 = EDGE_LOOP ( 'NONE', ( #4319, #1075, #4854, #1274 ) ) ;
#1755 = CARTESIAN_POINT ( 'NONE',  ( -63.03909603667236183, -12.44414273728424902, -22.71575941605353322 ) ) ;
#1756 = CARTESIAN_POINT ( 'NONE',  ( -48.98909603667236468, -6.444142737284268563, 2.876168073555617877 ) ) ;
#1757 = CYLINDRICAL_SURFACE ( 'NONE', #1344, 1.050000000000000488 ) ;
#1758 = CARTESIAN_POINT ( 'NONE',  ( -55.49504841762478691, -37.44414273728444442, 53.25132301808050528 ) ) ;
#1759 = ORIENTED_EDGE ( 'NONE', *, *, #6229, .F. ) ;
#1760 = DIRECTION ( 'NONE',  ( -0.8660254037844382635, 0.000000000000000000, 0.5000000000000005551 ) ) ;
#1761 = CARTESIAN_POINT ( 'NONE',  ( -21.73909603667271995, -12.44414273728421527, 21.57616807355590538 ) ) ;
#1762 = CARTESIAN_POINT ( 'NONE',  ( -14.23909603667253343, -12.44414273728440534, 94.18987201434102019 ) ) ;
#1763 = EDGE_CURVE ( 'NONE', #5709, #2266, #7103, .T. ) ;
#1764 = EDGE_LOOP ( 'NONE', ( #1742, #6942, #6247, #5609 ) ) ;
#1765 = ORIENTED_EDGE ( 'NONE', *, *, #3823, .T. ) ;
#1766 = ORIENTED_EDGE ( 'NONE', *, *, #6308, .T. ) ;
#1767 = CARTESIAN_POINT ( 'NONE',  ( -43.92909603667242635, 0.9558572627156717294, 29.97616807355594304 ) ) ;
#1768 = DIRECTION ( 'NONE',  ( -3.999776700323684900E-15, 1.000000000000000000, 3.000529512353633521E-15 ) ) ;
#1769 = LINE ( 'NONE', #3988, #3689 ) ;
#1770 = CARTESIAN_POINT ( 'NONE',  ( -46.13909603667239878, -2.444142737284290323, 14.42616807355593522 ) ) ;
#1771 = DIRECTION ( 'NONE',  ( -1.000000000000000000, -4.163336342344379625E-15, 0.000000000000000000 ) ) ;
#1772 = ADVANCED_FACE ( 'NONE', ( #5939 ), #6527, .F. ) ;
#1773 = APPROVAL_ROLE ( '' ) ;
#1774 = ADVANCED_FACE ( 'NONE', ( #7135 ), #1535, .F. ) ;
#1775 = ORIENTED_EDGE ( 'NONE', *, *, #4250, .F. ) ;
#1776 = VERTEX_POINT ( 'NONE', #2125 ) ;
#1777 = ORIENTED_EDGE ( 'NONE', *, *, #4995, .F. ) ;
#1778 = DIRECTION ( 'NONE',  ( 4.001428817919833979E-15, -1.000000000000000000, -2.999626010543229460E-15 ) ) ;
#1779 = LINE ( 'NONE', #3965, #419 ) ;
#1780 = CARTESIAN_POINT ( 'NONE',  ( -71.73909603667220836, -35.51465784503079703, 5.376168073555787963 ) ) ;
#1781 = CARTESIAN_POINT ( 'NONE',  ( -21.96752540036434809, -12.44414273728403764, -38.04887010999101449 ) ) ;
#1782 = FACE_OUTER_BOUND ( 'NONE', #3256, .T. ) ;
#1783 = DIRECTION ( 'NONE',  ( -3.999776700323684900E-15, 1.000000000000000000, 3.000529512353633521E-15 ) ) ;
#1784 = ADVANCED_FACE ( 'NONE', ( #3208 ), #445, .F. ) ;
#1785 = ORIENTED_EDGE ( 'NONE', *, *, #2994, .F. ) ;
#1786 = ORIENTED_EDGE ( 'NONE', *, *, #2540, .T. ) ;
#1787 = VERTEX_POINT ( 'NONE', #7167 ) ;
#1788 = LINE ( 'NONE', #3566, #702 ) ;
#1789 = ORIENTED_EDGE ( 'NONE', *, *, #6017, .T. ) ;
#1790 = CARTESIAN_POINT ( 'NONE',  ( -41.93909603667241015, 0.9558572627156903811, 26.36616807355594361 ) ) ;
#1791 = CARTESIAN_POINT ( 'NONE',  ( 7.660903963327284849, -12.44414273728398257, -17.34640191259001440 ) ) ;
#1792 = DIRECTION ( 'NONE',  ( -3.999776700323682533E-15, 1.000000000000000000, 2.999626010543229460E-15 ) ) ;
#1793 = ADVANCED_FACE ( 'NONE', ( #6588 ), #1567, .F. ) ;
#1794 = AXIS2_PLACEMENT_3D ( 'NONE', #1267, #3492, #5768 ) ;
#1795 = DIRECTION ( 'NONE',  ( 1.000000000000000000, 3.999776700323688055E-15, -1.826024711554520996E-15 ) ) ;
#1796 = DIRECTION ( 'NONE',  ( 4.001428817919833979E-15, -1.000000000000000000, -2.999626010543229460E-15 ) ) ;
#1797 = DIRECTION ( 'NONE',  ( -3.994991256252005511E-15, 1.000000000000000000, 3.010503119717032181E-15 ) ) ;
#1798 = AXIS2_PLACEMENT_3D ( 'NONE', #519, #1547, #5504 ) ;
#1799 = VECTOR ( 'NONE', #3129, 1000.000000000000000 ) ;
#1800 = ORIENTED_EDGE ( 'NONE', *, *, #5524, .F. ) ;
#1801 = VERTEX_POINT ( 'NONE', #3790 ) ;
#1802 = AXIS2_PLACEMENT_3D ( 'NONE', #5098, #843, #596 ) ;
#1803 = VERTEX_POINT ( 'NONE', #1030 ) ;
#1804 = DIRECTION ( 'NONE',  ( -3.999776700323684900E-15, 1.000000000000000000, 3.000529512353633521E-15 ) ) ;
#1805 = AXIS2_PLACEMENT_3D ( 'NONE', #5170, #6858, #156 ) ;
#1806 = CARTESIAN_POINT ( 'NONE',  ( -69.23909603667223678, -37.44414273728428810, -19.13618774707793335 ) ) ;
#1807 = DIRECTION ( 'NONE',  ( 5.811468931245585869E-16, 3.014699508083647762E-15, -1.000000000000000000 ) ) ;
#1808 = PLANE ( 'NONE',  #6481 ) ;
#1809 = COORDINATED_UNIVERSAL_TIME_OFFSET ( 8, 0, .AHEAD. ) ;
#1810 = ORIENTED_EDGE ( 'NONE', *, *, #1220, .T. ) ;
#1811 = EDGE_CURVE ( 'NONE', #2129, #4330, #5826, .T. ) ;
#1812 = ORIENTED_EDGE ( 'NONE', *, *, #4683, .T. ) ;
#1813 = ORIENTED_EDGE ( 'NONE', *, *, #598, .F. ) ;
#1814 = LINE ( 'NONE', #5700, #1031 ) ;
#1815 = DIRECTION ( 'NONE',  ( -3.999776700323684900E-15, 1.000000000000000000, 3.000529512353633521E-15 ) ) ;
#1816 = CARTESIAN_POINT ( 'NONE',  ( -63.03909603667239026, -2.444142737284185962, -43.05447442298054739 ) ) ;
#1817 = CARTESIAN_POINT ( 'NONE',  ( -14.75279466680955309, -2.444142737283983902, -46.06399450142200180 ) ) ;
#1818 = FACE_OUTER_BOUND ( 'NONE', #6804, .T. ) ;
#1819 = VECTOR ( 'NONE', #5302, 1000.000000000000000 ) ;
#1820 = ORIENTED_EDGE ( 'NONE', *, *, #3196, .F. ) ;
#1821 = EDGE_CURVE ( 'NONE', #4566, #4502, #6055, .T. ) ;
#1822 = VERTEX_POINT ( 'NONE', #7028 ) ;
#1823 = CIRCLE ( 'NONE', #4492, 72.99999999999995737 ) ;
#1824 = EDGE_CURVE ( 'NONE', #6246, #1294, #3831, .T. ) ;
#1825 = ORIENTED_EDGE ( 'NONE', *, *, #875, .F. ) ;
#1826 = LINE ( 'NONE', #5713, #2564 ) ;
#1827 = ORIENTED_EDGE ( 'NONE', *, *, #6737, .T. ) ;
#1828 = CYLINDRICAL_SURFACE ( 'NONE', #2537, 2.100000000000000533 ) ;
#1829 = CARTESIAN_POINT ( 'NONE',  ( -45.96854809146705634, -12.44414273728411047, -45.49156569908909375 ) ) ;
#1830 = DIRECTION ( 'NONE',  ( 1.000000000000000000, 4.130293990420969686E-15, 0.000000000000000000 ) ) ;
#1831 = VECTOR ( 'NONE', #5482, 1000.000000000000000 ) ;
#1832 = EDGE_CURVE ( 'NONE', #5571, #2623, #2208, .T. ) ;
#1833 = ADVANCED_FACE ( 'NONE', ( #9 ), #3315, .F. ) ;
#1834 = AXIS2_PLACEMENT_3D ( 'NONE', #1039, #3153, #1620 ) ;
#1835 = DIRECTION ( 'NONE',  ( 3.999776700323684900E-15, -1.000000000000000000, -3.000529512353633521E-15 ) ) ;
#1836 = AXIS2_PLACEMENT_3D ( 'NONE', #2568, #3144, #3249 ) ;
#1837 = CARTESIAN_POINT ( 'NONE',  ( -14.62083681049020889, -7.444142737284209943, 29.52628265379340888 ) ) ;
#1838 = DIRECTION ( 'NONE',  ( -0.8660254037844381525, 0.000000000000000000, 0.5000000000000007772 ) ) ;
#1839 = VECTOR ( 'NONE', #3041, 1000.000000000000000 ) ;
#1840 = ORIENTED_EDGE ( 'NONE', *, *, #3225, .T. ) ;
#1841 = EDGE_LOOP ( 'NONE', ( #5841, #4179, #6559, #273 ) ) ;
#1842 = AXIS2_PLACEMENT_3D ( 'NONE', #6609, #4366, #4441 ) ;
#1843 = EDGE_CURVE ( 'NONE', #7042, #5366, #2774, .T. ) ;
#1844 = EDGE_LOOP ( 'NONE', ( #4699, #511, #3510, #421 ) ) ;
#1845 = DIRECTION ( 'NONE',  ( -3.999776700323684900E-15, 1.000000000000000000, 3.000529512353633521E-15 ) ) ;
#1846 = VECTOR ( 'NONE', #2276, 1000.000000000000000 ) ;
#1847 = CARTESIAN_POINT ( 'NONE',  ( -70.73909603667239310, -2.444142737284378697, 11.07616807355594091 ) ) ;
#1848 = CIRCLE ( 'NONE', #6871, 2.499999999999974243 ) ;
#1849 = LINE ( 'NONE', #1987, #5928 ) ;
#1850 = DIRECTION ( 'NONE',  ( 0.000000000000000000, 1.000000000000000000, 2.999626010543229460E-15 ) ) ;
#1851 = VECTOR ( 'NONE', #5843, 1000.000000000000000 ) ;
#1852 = VERTEX_POINT ( 'NONE', #3363 ) ;
#1853 = ORIENTED_EDGE ( 'NONE', *, *, #1318, .T. ) ;
#1854 = ORIENTED_EDGE ( 'NONE', *, *, #3063, .T. ) ;
#1855 = CARTESIAN_POINT ( 'NONE',  ( -47.63909603667237036, -2.444142737284374256, 40.27616807355593664 ) ) ;
#1856 = CARTESIAN_POINT ( 'NONE',  ( 15.76090396332724097, -2.444142737284270783, 90.33352738643662860 ) ) ;
#1857 = LINE ( 'NONE', #1226, #3757 ) ;
#1858 = CARTESIAN_POINT ( 'NONE',  ( 5.435504178569583011, -7.444142737284106026, 21.42876338647386447 ) ) ;
#1859 = DIRECTION ( 'NONE',  ( -3.999776700323684900E-15, 1.000000000000000000, 3.000529512353633521E-15 ) ) ;
#1860 = ADVANCED_FACE ( 'NONE', ( #3396 ), #660, .F. ) ;
#1861 = EDGE_LOOP ( 'NONE', ( #5117, #6315, #4574, #3619 ) ) ;
#1862 = VERTEX_POINT ( 'NONE', #4536 ) ;
#1863 = ORIENTED_EDGE ( 'NONE', *, *, #4573, .F. ) ;
#1864 = CARTESIAN_POINT ( 'NONE',  ( 8.179003961022649705, -5.444142737284125566, 31.71566209117936097 ) ) ;
#1865 = EDGE_LOOP ( 'NONE', ( #5075, #5851, #4211, #853 ) ) ;
#1866 = DIRECTION ( 'NONE',  ( 1.000000000000000000, 4.130293990420969686E-15, 0.000000000000000000 ) ) ;
#1867 = PLANE ( 'NONE',  #5677 ) ;
#1868 = CARTESIAN_POINT ( 'NONE',  ( -47.63909603667235615, -6.444142737284374256, 40.27616807355593664 ) ) ;
#1869 = EDGE_CURVE ( 'NONE', #7085, #481, #6117, .T. ) ;
#1870 = ADVANCED_FACE ( 'NONE', ( #4456 ), #1612, .F. ) ;
#1871 = CYLINDRICAL_SURFACE ( 'NONE', #4526, 1.050000000000000488 ) ;
#1872 = PLANE ( 'NONE',  #2634 ) ;
#1873 = CARTESIAN_POINT ( 'NONE',  ( -69.23909603667223678, -37.44414273728456521, 74.24766723214091257 ) ) ;
#1874 = EDGE_CURVE ( 'NONE', #1337, #5814, #4421, .T. ) ;
#1875 = ORIENTED_EDGE ( 'NONE', *, *, #3635, .F. ) ;
#1876 = ORIENTED_EDGE ( 'NONE', *, *, #3058, .T. ) ;
#1877 = VECTOR ( 'NONE', #4126, 1000.000000000000000 ) ;
#1878 = VERTEX_POINT ( 'NONE', #6665 ) ;
#1879 = LINE ( 'NONE', #848, #656 ) ;
#1880 = FACE_OUTER_BOUND ( 'NONE', #2005, .T. ) ;
#1881 = FACE_OUTER_BOUND ( 'NONE', #8, .T. ) ;
#1882 = DIRECTION ( 'NONE',  ( 4.000000000000000311E-15, -1.000000000000000000, -2.999999999999999839E-15 ) ) ;
#1883 = ADVANCED_FACE ( 'NONE', ( #2893 ), #5605, .F. ) ;
#1884 = VERTEX_POINT ( 'NONE', #1096 ) ;
#1885 = ORIENTED_EDGE ( 'NONE', *, *, #5073, .T. ) ;
#1886 = VERTEX_POINT ( 'NONE', #506 ) ;
#1887 = FACE_OUTER_BOUND ( 'NONE', #2618, .T. ) ;
#1888 = DIRECTION ( 'NONE',  ( 1.000000000000000000, 4.024389016307606452E-15, -0.000000000000000000 ) ) ;
#1889 = CARTESIAN_POINT ( 'NONE',  ( -41.93909603667241015, 0.9558572627156808332, 29.57616807355594446 ) ) ;
#1890 = CARTESIAN_POINT ( 'NONE',  ( -56.14909603667241100, -2.444142737284376921, 29.97616807355593238 ) ) ;
#1891 = CYLINDRICAL_SURFACE ( 'NONE', #3333, 2.499999999999988454 ) ;
#1892 = ORIENTED_EDGE ( 'NONE', *, *, #7173, .F. ) ;
#1893 = ORIENTED_EDGE ( 'NONE', *, *, #2413, .T. ) ;
#1894 = ORIENTED_EDGE ( 'NONE', *, *, #1006, .T. ) ;
#1895 = CARTESIAN_POINT ( 'NONE',  ( 15.76090396332725874, -2.444142737283857780, -47.18119123932478942 ) ) ;
#1896 = EDGE_LOOP ( 'NONE', ( #4982, #4758, #4083, #298 ) ) ;
#1897 = CARTESIAN_POINT ( 'NONE',  ( 15.76090396332726762, -9.444142737284305866, 101.5761680735558912 ) ) ;
#1898 = CARTESIAN_POINT ( 'NONE',  ( -48.78076270333923503, -2.444142737284178857, -26.31692395325829281 ) ) ;
#1899 = FACE_OUTER_BOUND ( 'NONE', #5231, .T. ) ;
#1900 = EDGE_CURVE ( 'NONE', #805, #6276, #6199, .T. ) ;
#1901 = EDGE_CURVE ( 'NONE', #3125, #6092, #2820, .T. ) ;
#1902 = DIRECTION ( 'NONE',  ( -3.999776700323684900E-15, 1.000000000000000000, 0.000000000000000000 ) ) ;
#1903 = LINE ( 'NONE', #5198, #4678 ) ;
#1904 = LINE ( 'NONE', #676, #1683 ) ;
#1905 = EDGE_CURVE ( 'NONE', #4563, #2235, #6231, .T. ) ;
#1906 = AXIS2_PLACEMENT_3D ( 'NONE', #1780, #204, #796 ) ;
#1907 = VERTEX_POINT ( 'NONE', #3280 ) ;
#1908 = ORIENTED_EDGE ( 'NONE', *, *, #5082, .T. ) ;
#1909 = PLANE ( 'NONE',  #5217 ) ;
#1910 = ADVANCED_FACE ( 'NONE', ( #620 ), #5639, .T. ) ;
#1911 = DIRECTION ( 'NONE',  ( -0.000000000000000000, 3.028860078099107970E-15, -1.000000000000000000 ) ) ;
#1912 = ADVANCED_FACE ( 'NONE', ( #44 ), #6739, .F. ) ;
#1913 = DIRECTION ( 'NONE',  ( 3.336006684570902910E-16, -2.999626010543227882E-15, 1.000000000000000000 ) ) ;
#1914 = CARTESIAN_POINT ( 'NONE',  ( -37.63909603667240589, -2.444142737284246358, 11.07616807355593735 ) ) ;
#1915 = ORIENTED_EDGE ( 'NONE', *, *, #2263, .T. ) ;
#1916 = EDGE_LOOP ( 'NONE', ( #4117, #5283, #6814, #6097 ) ) ;
#1917 = ORIENTED_EDGE ( 'NONE', *, *, #2592, .F. ) ;
#1918 = EDGE_CURVE ( 'NONE', #2143, #6492, #1374, .T. ) ;
#1919 = CARTESIAN_POINT ( 'NONE',  ( 4.560903963327398891, -37.44414273728426679, 74.24766723214091257 ) ) ;
#1920 = FACE_BOUND ( 'NONE', #809, .T. ) ;
#1921 = PLANE ( 'NONE',  #4349 ) ;
#1922 = DIRECTION ( 'NONE',  ( -3.999776700323684900E-15, 1.000000000000000000, 3.000529512353633521E-15 ) ) ;
#1923 = DIRECTION ( 'NONE',  ( -3.994991256252005511E-15, 1.000000000000000000, 3.010503119717032181E-15 ) ) ;
#1924 = VERTEX_POINT ( 'NONE', #3864 ) ;
#1925 = ORIENTED_EDGE ( 'NONE', *, *, #1677, .F. ) ;
#1926 = ORIENTED_EDGE ( 'NONE', *, *, #920, .F. ) ;
#1927 = DIRECTION ( 'NONE',  ( -1.000000000000000000, -3.975407965780191339E-15, 0.000000000000000000 ) ) ;
#1928 = EDGE_LOOP ( 'NONE', ( #4388, #4576, #993, #861 ) ) ;
#1929 = CARTESIAN_POINT ( 'NONE',  ( -56.14909603667242521, 0.9558572627156114443, 33.77616807355594375 ) ) ;
#1930 = CARTESIAN_POINT ( 'NONE',  ( -63.03909603667234762, -12.44414273728431475, -2.833372241562638750E-14 ) ) ;
#1931 = CARTESIAN_POINT ( 'NONE',  ( -37.63909603667242010, 0.9558572627157533308, 11.07616807355594624 ) ) ;
#1932 = VECTOR ( 'NONE', #3358, 1000.000000000000000 ) ;
#1933 = CIRCLE ( 'NONE', #4021, 59.99999999999995737 ) ;
#1934 = VECTOR ( 'NONE', #6632, 999.9999999999998863 ) ;
#1935 = VECTOR ( 'NONE', #2046, 1000.000000000000000 ) ;
#1936 = FACE_OUTER_BOUND ( 'NONE', #2001, .T. ) ;
#1937 = AXIS2_PLACEMENT_3D ( 'NONE', #4409, #5594, #64 ) ;
#1938 = LINE ( 'NONE', #1873, #5257 ) ;
#1939 = VECTOR ( 'NONE', #3093, 999.9999999999998863 ) ;
#1940 = CARTESIAN_POINT ( 'NONE',  ( 10.76090396332729604, -12.44414273728395059, -22.71575941605354032 ) ) ;
#1941 = VECTOR ( 'NONE', #2781, 1000.000000000000000 ) ;
#1942 = ADVANCED_FACE ( 'NONE', ( #4061 ), #1871, .F. ) ;
#1943 = VECTOR ( 'NONE', #4439, 1000.000000000000000 ) ;
#1944 = ORIENTED_EDGE ( 'NONE', *, *, #795, .F. ) ;
#1945 = ORIENTED_EDGE ( 'NONE', *, *, #2738, .T. ) ;
#1946 = DIRECTION ( 'NONE',  ( 0.5000000000000006661, 4.598423132665024290E-15, -0.8660254037844382635 ) ) ;
#1947 = AXIS2_PLACEMENT_3D ( 'NONE', #1089, #4483, #3975 ) ;
#1948 = CARTESIAN_POINT ( 'NONE',  ( 10.76090396332728183, -2.444142737284278333, 86.20681057009237236 ) ) ;
#1949 = LINE ( 'NONE', #4135, #5577 ) ;
#1950 = CARTESIAN_POINT ( 'NONE',  ( -63.03909603667239026, -2.444142737284501710, 62.28852389418966595 ) ) ;
#1951 = AXIS2_PLACEMENT_3D ( 'NONE', #2924, #6667, #7210 ) ;
#1952 = ADVANCED_FACE ( 'NONE', ( #2034 ), #2585, .F. ) ;
#1953 = CIRCLE ( 'NONE', #4639, 1.050000000000000488 ) ;
#1954 = EDGE_LOOP ( 'NONE', ( #5698, #4843, #1144, #3954 ) ) ;
#1955 = EDGE_CURVE ( 'NONE', #1020, #2281, #2353, .T. ) ;
#1956 = ORIENTED_EDGE ( 'NONE', *, *, #1900, .T. ) ;
#1957 = ORIENTED_EDGE ( 'NONE', *, *, #5271, .T. ) ;
#1958 = AXIS2_PLACEMENT_3D ( 'NONE', #6071, #5547, #7086 ) ;
#1959 = VERTEX_POINT ( 'NONE', #147 ) ;
#1960 = CARTESIAN_POINT ( 'NONE',  ( -7.239096036672412637, -37.44414273728398257, -36.64539150706681170 ) ) ;
#1961 = CARTESIAN_POINT ( 'NONE',  ( -66.13909603667225667, -37.44414273728460785, 91.57616807355577748 ) ) ;
#1962 = CARTESIAN_POINT ( 'NONE',  ( -69.23909603667223678, -37.44414273728424547, -31.09533108502929366 ) ) ;
#1963 = CARTESIAN_POINT ( 'NONE',  ( -71.73909603667240731, 0.9558572627155607071, 29.77616807355594730 ) ) ;
#1964 = CIRCLE ( 'NONE', #206, 2.499999999999988454 ) ;
#1965 = VECTOR ( 'NONE', #2877, 1000.000000000000000 ) ;
#1966 = ADVANCED_FACE ( 'NONE', ( #6309 ), #1279, .F. ) ;
#1967 = ORIENTED_EDGE ( 'NONE', *, *, #3624, .T. ) ;
#1968 = ORIENTED_EDGE ( 'NONE', *, *, #5848, .F. ) ;
#1969 = VECTOR ( 'NONE', #6181, 1000.000000000000000 ) ;
#1970 = ORIENTED_EDGE ( 'NONE', *, *, #1375, .F. ) ;
#1971 = CARTESIAN_POINT ( 'NONE',  ( -35.73909603667240020, -2.444142737284306754, 33.77616807355593664 ) ) ;
#1972 = ORIENTED_EDGE ( 'NONE', *, *, #5498, .F. ) ;
#1973 = DIRECTION ( 'NONE',  ( -1.000000000000000000, -4.000000000000001100E-15, -1.301042606982725622E-16 ) ) ;
#1974 = CARTESIAN_POINT ( 'NONE',  ( -1.526422912400816623, -7.444142737284154876, 28.46663033463454795 ) ) ;
#1975 = DIRECTION ( 'NONE',  ( 0.8660254037844382635, 4.964172988122226085E-15, -0.5000000000000006661 ) ) ;
#1976 = EDGE_CURVE ( 'NONE', #1626, #6993, #2196, .T. ) ;
#1977 = LINE ( 'NONE', #3574, #3558 ) ;
#1978 = CARTESIAN_POINT ( 'NONE',  ( 15.76090396332728893, -9.444142737283856448, -48.42383192644410173 ) ) ;
#1979 = FACE_OUTER_BOUND ( 'NONE', #5788, .T. ) ;
#1980 = CARTESIAN_POINT ( 'NONE',  ( -69.23909603667239310, -2.444142737284490607, 50.32938055623830564 ) ) ;
#1981 = VECTOR ( 'NONE', #5162, 1000.000000000000000 ) ;
#1982 = ORIENTED_EDGE ( 'NONE', *, *, #4803, .F. ) ;
#1983 = ORIENTED_EDGE ( 'NONE', *, *, #2598, .T. ) ;
#1984 = CARTESIAN_POINT ( 'NONE',  ( 7.660903963327411859, -37.44414273728430942, 91.57616807355577748 ) ) ;
#1985 = CARTESIAN_POINT ( 'NONE',  ( -66.13909603667238457, -2.444142737284289435, -12.54640191258999593 ) ) ;
#1986 = ADVANCED_FACE ( 'NONE', ( #905 ), #3505, .F. ) ;
#1987 = CARTESIAN_POINT ( 'NONE',  ( 10.76090396332742216, -37.44414273728389020, -43.05447442298066107 ) ) ;
#1988 = PLANE ( 'NONE',  #5000 ) ;
#1989 = ORIENTED_EDGE ( 'NONE', *, *, #1918, .F. ) ;
#1990 = VERTEX_POINT ( 'NONE', #6506 ) ;
#1991 = ORIENTED_EDGE ( 'NONE', *, *, #5624, .F. ) ;
#1992 = VERTEX_POINT ( 'NONE', #700 ) ;
#1993 = PLANE ( 'NONE',  #1214 ) ;
#1994 = EDGE_CURVE ( 'NONE', #3846, #3810, #732, .T. ) ;
#1995 = DIRECTION ( 'NONE',  ( 3.999776700323684900E-15, -1.000000000000000000, -3.000529512353633521E-15 ) ) ;
#1996 = PRODUCT_DEFINITION ( '未知', '', #192, #6189 ) ;
#1997 = CARTESIAN_POINT ( 'NONE',  ( -5.512905560482026956, -2.444142737284018985, -22.53404324571096851 ) ) ;
#1998 = CARTESIAN_POINT ( 'NONE',  ( -52.50992937000587091, -12.44414273728448883, 71.64621882886166304 ) ) ;
#1999 = ORIENTED_EDGE ( 'NONE', *, *, #5136, .F. ) ;
#2000 = ORIENTED_EDGE ( 'NONE', *, *, #211, .T. ) ;
#2001 = EDGE_LOOP ( 'NONE', ( #5295, #4541, #3051, #6587 ) ) ;
#2002 = CARTESIAN_POINT ( 'NONE',  ( -63.03909603667224815, -37.44414273728417442, -46.63404609195632844 ) ) ;
#2003 = EDGE_CURVE ( 'NONE', #401, #2367, #4570, .T. ) ;
#2004 = CYLINDRICAL_SURFACE ( 'NONE', #1678, 2.499999999999974243 ) ;
#2005 = EDGE_LOOP ( 'NONE', ( #396, #2450, #215, #525 ) ) ;
#2006 = CARTESIAN_POINT ( 'NONE',  ( -51.23909603667241441, -37.44414273728424547, -8.319483784197904797 ) ) ;
#2007 = EDGE_CURVE ( 'NONE', #6447, #246, #349, .T. ) ;
#2008 = DIRECTION ( 'NONE',  ( -0.8660254037844384856, 0.000000000000000000, 0.5000000000000003331 ) ) ;
#2009 = CARTESIAN_POINT ( 'NONE',  ( -7.239096036672537871, -12.44414273728433606, 79.79772765417850167 ) ) ;
#2010 = EDGE_LOOP ( 'NONE', ( #4235, #6582, #577, #4553 ) ) ;
#2011 = EDGE_CURVE ( 'NONE', #5517, #1044, #5784, .T. ) ;
#2012 = CARTESIAN_POINT ( 'NONE',  ( -21.73909603667233625, -12.44414273728421527, 21.57616807355568511 ) ) ;
#2013 = FACE_OUTER_BOUND ( 'NONE', #5638, .T. ) ;
#2014 = CARTESIAN_POINT ( 'NONE',  ( -64.23909603667233625, -12.44414273728414599, -58.42383192644409462 ) ) ;
#2015 = CARTESIAN_POINT ( 'NONE',  ( -2.652362769591104286, -9.444142737284115796, 14.46683629550344463 ) ) ;
#2016 = ORIENTED_EDGE ( 'NONE', *, *, #4454, .F. ) ;
#2017 = VERTEX_POINT ( 'NONE', #7045 ) ;
#2018 = CARTESIAN_POINT ( 'NONE',  ( 4.560903963327283428, -12.44414273728404474, -2.833372241562556709E-14 ) ) ;
#2019 = CYLINDRICAL_SURFACE ( 'NONE', #6284, 0.8999999999999980238 ) ;
#2020 = DIRECTION ( 'NONE',  ( -1.000000000000000000, -3.854941057726246577E-15, -5.782411586589369866E-15 ) ) ;
#2021 = DIRECTION ( 'NONE',  ( -1.000000000000000000, -2.775557561562888984E-15, 0.000000000000000000 ) ) ;
#2022 = VERTEX_POINT ( 'NONE', #2928 ) ;
#2023 = ORIENTED_EDGE ( 'NONE', *, *, #4980, .T. ) ;
#2024 = EDGE_LOOP ( 'NONE', ( #736, #140, #4084, #1699 ) ) ;
#2025 = CARTESIAN_POINT ( 'NONE',  ( -66.13909603667235615, -12.44414273728449949, 55.69873805970181024 ) ) ;
#2026 = LINE ( 'NONE', #6752, #546 ) ;
#2027 = PLANE ( 'NONE',  #1671 ) ;
#2028 = LINE ( 'NONE', #7008, #4887 ) ;
#2029 = AXIS2_PLACEMENT_3D ( 'NONE', #5950, #5536, #7178 ) ;
#2030 = EDGE_CURVE ( 'NONE', #5265, #2773, #6811, .T. ) ;
#2031 = ORIENTED_EDGE ( 'NONE', *, *, #7009, .F. ) ;
#2032 = ORIENTED_EDGE ( 'NONE', *, *, #610, .T. ) ;
#2033 = VERTEX_POINT ( 'NONE', #5160 ) ;
#2034 = FACE_OUTER_BOUND ( 'NONE', #6919, .T. ) ;
#2035 = CYLINDRICAL_SURFACE ( 'NONE', #4355, 2.500000000000002220 ) ;
#2036 = CARTESIAN_POINT ( 'NONE',  ( -82.90763205511407818, -2.444142737284642930, 82.90763205511419187 ) ) ;
#2037 = PLANE ( 'NONE',  #6297 ) ;
#2038 = CARTESIAN_POINT ( 'NONE',  ( 4.560903963327283428, -12.44414273728404474, -2.833372241562556709E-14 ) ) ;
#2039 = CARTESIAN_POINT ( 'NONE',  ( -69.23909603667223678, -37.44414273728424547, -31.09533108502929366 ) ) ;
#2040 = ORIENTED_EDGE ( 'NONE', *, *, #2669, .T. ) ;
#2041 = EDGE_CURVE ( 'NONE', #5670, #515, #4641, .T. ) ;
#2042 = CARTESIAN_POINT ( 'NONE',  ( 6.639583619767602585, -2.444142737283863553, -57.54515227000370459 ) ) ;
#2043 = DIRECTION ( 'NONE',  ( 3.999776700323684900E-15, -1.000000000000000000, -3.000529512353633521E-15 ) ) ;
#2044 = EDGE_CURVE ( 'NONE', #6314, #6926, #3707, .T. ) ;
#2045 = CARTESIAN_POINT ( 'NONE',  ( -45.96854809146694265, -37.44414273728411047, -45.49156569908918613 ) ) ;
#2046 = DIRECTION ( 'NONE',  ( 1.000000000000000000, 4.003208021484942483E-15, -1.668003342285392537E-16 ) ) ;
#2047 = VECTOR ( 'NONE', #5040, 1000.000000000000000 ) ;
#2048 = AXIS2_PLACEMENT_3D ( 'NONE', #6443, #3536, #6341 ) ;
#2049 = EDGE_CURVE ( 'NONE', #3082, #2739, #96, .T. ) ;
#2050 = ADVANCED_FACE ( 'NONE', ( #769 ), #2998, .F. ) ;
#2051 = ORIENTED_EDGE ( 'NONE', *, *, #6258, .F. ) ;
#2052 = ORIENTED_EDGE ( 'NONE', *, *, #6354, .F. ) ;
#2053 = CIRCLE ( 'NONE', #2522, 72.99999999999995737 ) ;
#2054 = CARTESIAN_POINT ( 'NONE',  ( 7.660903963327394983, -37.44414273728399678, -12.54640191259010074 ) ) ;
#2055 = FACE_BOUND ( 'NONE', #4799, .T. ) ;
#2056 = DIRECTION ( 'NONE',  ( 4.001428817919833979E-15, -1.000000000000000000, -2.999626010543229460E-15 ) ) ;
#2057 = LINE ( 'NONE', #3211, #7109 ) ;
#2058 = AXIS2_PLACEMENT_3D ( 'NONE', #3784, #5891, #472 ) ;
#2059 = VECTOR ( 'NONE', #3621, 1000.000000000000000 ) ;
#2060 = ORIENTED_EDGE ( 'NONE', *, *, #1315, .T. ) ;
#2061 = EDGE_CURVE ( 'NONE', #132, #1447, #7013, .T. ) ;
#2062 = ORIENTED_EDGE ( 'NONE', *, *, #6932, .F. ) ;
#2063 = AXIS2_PLACEMENT_3D ( 'NONE', #6722, #1749, #5662 ) ;
#2064 = EDGE_LOOP ( 'NONE', ( #6775, #3567, #6313, #4097, #1433 ) ) ;
#2065 = LINE ( 'NONE', #4289, #4832 ) ;
#2066 = LINE ( 'NONE', #5984, #2762 ) ;
#2067 = DIRECTION ( 'NONE',  ( -0.8660254037844392627, -1.963643475768597691E-15, -0.4999999999999990563 ) ) ;
#2068 = CARTESIAN_POINT ( 'NONE',  ( -66.13909603667239878, -2.444142737284203282, -41.26468858849271015 ) ) ;
#2069 = VECTOR ( 'NONE', #5944, 1000.000000000000114 ) ;
#2070 = ORIENTED_EDGE ( 'NONE', *, *, #6074, .T. ) ;
#2071 = ORIENTED_EDGE ( 'NONE', *, *, #5486, .F. ) ;
#2072 = ORIENTED_EDGE ( 'NONE', *, *, #914, .T. ) ;
#2073 = DIRECTION ( 'NONE',  ( 4.003208021484941694E-15, -1.000000000000000000, -2.999626010543229460E-15 ) ) ;
#2074 = AXIS2_PLACEMENT_3D ( 'NONE', #2054, #2678, #4345 ) ;
#2075 = DIRECTION ( 'NONE',  ( -1.668003342285512345E-16, 2.999626010543229066E-15, -1.000000000000000000 ) ) ;
#2076 = VERTEX_POINT ( 'NONE', #3191 ) ;
#2077 = EDGE_CURVE ( 'NONE', #6198, #7012, #1964, .T. ) ;
#2079 = AXIS2_PLACEMENT_3D ( 'NONE', #6808, #13, #6119 ) ;
#2078 = CARTESIAN_POINT ( 'NONE',  ( 15.76090396332726229, -2.444142737283858224, -47.18119123932478232 ) ) ;
#2080 = LINE ( 'NONE', #975, #3444 ) ;
#2081 = DIRECTION ( 'NONE',  ( 4.001428817919833979E-15, -1.000000000000000000, -2.999626010543229460E-15 ) ) ;
#2082 = VECTOR ( 'NONE', #2468, 1000.000000000000000 ) ;
#2083 = AXIS2_PLACEMENT_3D ( 'NONE', #2836, #5067, #60 ) ;
#2084 = VERTEX_POINT ( 'NONE', #3230 ) ;
#2085 = AXIS2_PLACEMENT_3D ( 'NONE', #4831, #6668, #6591 ) ;
#2086 = LINE ( 'NONE', #7022, #3445 ) ;
#2087 = LINE ( 'NONE', #7096, #195 ) ;
#2088 = EDGE_CURVE ( 'NONE', #6936, #5979, #380, .T. ) ;
#2089 = FACE_BOUND ( 'NONE', #361, .T. ) ;
#2090 = FACE_OUTER_BOUND ( 'NONE', #2921, .T. ) ;
#2091 = EDGE_CURVE ( 'NONE', #235, #6125, #4285, .T. ) ;
#2092 = EDGE_CURVE ( 'NONE', #3286, #4186, #5436, .T. ) ;
#2093 = ORIENTED_EDGE ( 'NONE', *, *, #4405, .F. ) ;
#2094 = CARTESIAN_POINT ( 'NONE',  ( 4.560903963327395338, -37.44414273728402520, -7.177044409126573932 ) ) ;
#2095 = LINE ( 'NONE', #7105, #4747 ) ;
#2096 = DIRECTION ( 'NONE',  ( -3.999776700323684900E-15, 1.000000000000000000, 3.000529512353633521E-15 ) ) ;
#2097 = CARTESIAN_POINT ( 'NONE',  ( -12.60762521870767472, -7.444142737284153100, 13.52651803764361027 ) ) ;
#2098 = EDGE_CURVE ( 'NONE', #2381, #2711, #679, .T. ) ;
#2099 = ORIENTED_EDGE ( 'NONE', *, *, #3823, .F. ) ;
#2100 = VERTEX_POINT ( 'NONE', #4299 ) ;
#2101 = ORIENTED_EDGE ( 'NONE', *, *, #2203, .F. ) ;
#2102 = CARTESIAN_POINT ( 'NONE',  ( -32.42099603897735705, -5.444142737284225930, 11.11566209117935955 ) ) ;
#2103 = DIRECTION ( 'NONE',  ( 1.000000000000000000, 3.784851220313030003E-15, 0.000000000000000000 ) ) ;
#2104 = EDGE_CURVE ( 'NONE', #2022, #2441, #3813, .T. ) ;
#2105 = PLANE ( 'NONE',  #971 ) ;
#2106 = FACE_OUTER_BOUND ( 'NONE', #3004, .T. ) ;
#2107 = ORIENTED_EDGE ( 'NONE', *, *, #5, .T. ) ;
#2108 = ORIENTED_EDGE ( 'NONE', *, *, #5723, .F. ) ;
#2109 = ORIENTED_EDGE ( 'NONE', *, *, #6296, .T. ) ;
#2110 = CARTESIAN_POINT ( 'NONE',  ( -21.73909603667274837, -2.444142737284214384, 21.57616807355592670 ) ) ;
#2111 = DIRECTION ( 'NONE',  ( 1.000000000000000000, 4.130293990420968108E-15, 0.000000000000000000 ) ) ;
#2112 = ORIENTED_EDGE ( 'NONE', *, *, #6428, .T. ) ;
#2113 = CARTESIAN_POINT ( 'NONE',  ( -63.03909603667239026, -2.444142737284512368, 65.86809556316535463 ) ) ;
#2114 = DIRECTION ( 'NONE',  ( -3.999776700323684900E-15, 1.000000000000000000, 3.000529512353633521E-15 ) ) ;
#2115 = CARTESIAN_POINT ( 'NONE',  ( 7.660903963327394983, -37.44414273728399678, -12.54640191259010074 ) ) ;
#2116 = ORIENTED_EDGE ( 'NONE', *, *, #2011, .F. ) ;
#2117 = ADVANCED_FACE ( 'NONE', ( #6546 ), #1012, .F. ) ;
#2118 = CARTESIAN_POINT ( 'NONE',  ( -3.626422912400817378, -7.444142737284163758, 28.46663033463454084 ) ) ;
#2119 = DIRECTION ( 'NONE',  ( -3.999776700323684900E-15, 1.000000000000000000, 3.000529512353633521E-15 ) ) ;
#2120 = PLANE ( 'NONE',  #4971 ) ;
#2121 = CARTESIAN_POINT ( 'NONE',  ( -69.23909603667236468, -12.44414273728431120, -10.75661607810217646 ) ) ;
#2122 = EDGE_CURVE ( 'NONE', #826, #6783, #1493, .T. ) ;
#2123 = EDGE_CURVE ( 'NONE', #2327, #4219, #2900, .T. ) ;
#2124 = ORIENTED_EDGE ( 'NONE', *, *, #2123, .T. ) ;
#2125 = CARTESIAN_POINT ( 'NONE',  ( -8.447429370005872684, -12.44414273728432185, 74.94593102245993066 ) ) ;
#2126 = CARTESIAN_POINT ( 'NONE',  ( 10.76090396332739907, -37.44414273728424547, 74.24766723214091257 ) ) ;
#2127 = LINE ( 'NONE', #954, #5104 ) ;
#2128 = LINE ( 'NONE', #3835, #5560 ) ;
#2129 = VERTEX_POINT ( 'NONE', #2723 ) ;
#2130 = ORIENTED_EDGE ( 'NONE', *, *, #2375, .F. ) ;
#2131 = EDGE_CURVE ( 'NONE', #3822, #1698, #7152, .T. ) ;
#2132 = ORIENTED_EDGE ( 'NONE', *, *, #4674, .F. ) ;
#2133 = EDGE_CURVE ( 'NONE', #1822, #931, #7214, .T. ) ;
#2134 = CARTESIAN_POINT ( 'NONE',  ( -62.99645534955308790, -2.444142737284139333, -58.42383192644407330 ) ) ;
#2135 = CARTESIAN_POINT ( 'NONE',  ( 4.560903963327274546, -2.444142737283904410, -46.63404609195622896 ) ) ;
#2136 = DIRECTION ( 'NONE',  ( -0.8660254037844391517, -4.967330528082545085E-15, 0.4999999999999989453 ) ) ;
#2137 = DIRECTION ( 'NONE',  ( 1.000000000000000000, 4.130293990420969686E-15, 0.000000000000000000 ) ) ;
#2138 = VECTOR ( 'NONE', #5322, 1000.000000000000000 ) ;
#2139 = ORIENTED_EDGE ( 'NONE', *, *, #2747, .T. ) ;
#2140 = ADVANCED_FACE ( 'NONE', ( #6606 ), #1628, .F. ) ;
#2141 = ADVANCED_FACE ( 'NONE', ( #7186, #2185 ), #3264, .T. ) ;
#2142 = ORIENTED_EDGE ( 'NONE', *, *, #2592, .T. ) ;
#2143 = VERTEX_POINT ( 'NONE', #3847 ) ;
#2144 = DIRECTION ( 'NONE',  ( 4.000000000000000311E-15, -1.000000000000000000, -2.999999999999999839E-15 ) ) ;
#2145 = CARTESIAN_POINT ( 'NONE',  ( 10.76090396332728361, -12.44414273728399323, -7.177044409126490443 ) ) ;
#2146 = DIRECTION ( 'NONE',  ( -3.999776700323684900E-15, 1.000000000000000000, 3.000529512353633521E-15 ) ) ;
#2147 = DIRECTION ( 'NONE',  ( 0.8660254037844385966, 4.964172988122224507E-15, -0.4999999999999999445 ) ) ;
#2148 = CARTESIAN_POINT ( 'NONE',  ( -34.40290830761230723, -12.44414273728401987, -59.58758511691805637 ) ) ;
#2149 = FACE_OUTER_BOUND ( 'NONE', #1764, .T. ) ;
#2150 = VERTEX_POINT ( 'NONE', #6100 ) ;
#2151 = VECTOR ( 'NONE', #254, 1000.000000000000114 ) ;
#2152 = VECTOR ( 'NONE', #3815, 1000.000000000000000 ) ;
#2153 = AXIS2_PLACEMENT_3D ( 'NONE', #2686, #2753, #998 ) ;
#2154 = CARTESIAN_POINT ( 'NONE',  ( 12.76090396332727117, -9.444142737284284550, 90.33352738643660018 ) ) ;
#2155 = LINE ( 'NONE', #5520, #3106 ) ;
#2156 = DIRECTION ( 'NONE',  ( 3.999776700323682533E-15, -1.000000000000000000, -2.999626010543229460E-15 ) ) ;
#2157 = CARTESIAN_POINT ( 'NONE',  ( -69.23909603667236468, -12.44414273728459897, 86.20681057009232973 ) ) ;
#2158 = VERTEX_POINT ( 'NONE', #1078 ) ;
#2159 = DIRECTION ( 'NONE',  ( -1.000000000000000000, -4.130293990420968108E-15, 0.000000000000000000 ) ) ;
#2160 = CARTESIAN_POINT ( 'NONE',  ( -69.23909603667239310, -2.444142737284501710, 53.90895222521398722 ) ) ;
#2161 = CARTESIAN_POINT ( 'NONE',  ( 7.660903963327257316, -2.444142737283979905, -17.34640191258999309 ) ) ;
#2162 = CARTESIAN_POINT ( 'NONE',  ( 10.76090396332729426, -12.44414273728398967, -10.75661607810218534 ) ) ;
#2163 = AXIS2_PLACEMENT_3D ( 'NONE', #4820, #3636, #323 ) ;
#2164 = EDGE_CURVE ( 'NONE', #1094, #6888, #5544, .T. ) ;
#2165 = ORIENTED_EDGE ( 'NONE', *, *, #6925, .F. ) ;
#2166 = VECTOR ( 'NONE', #2780, 1000.000000000000000 ) ;
#2167 = ORIENTED_EDGE ( 'NONE', *, *, #7019, .F. ) ;
#2168 = VECTOR ( 'NONE', #3507, 1000.000000000000114 ) ;
#2169 = ORIENTED_EDGE ( 'NONE', *, *, #7151, .F. ) ;
#2170 = VECTOR ( 'NONE', #7058, 1000.000000000000114 ) ;
#2171 = CARTESIAN_POINT ( 'NONE',  ( -63.03909603667224815, -37.44414273728425968, -19.13618774707793335 ) ) ;
#2172 = DIRECTION ( 'NONE',  ( -1.000000000000000000, -3.999776700323684900E-15, -1.163017341016453237E-29 ) ) ;
#2173 = CARTESIAN_POINT ( 'NONE',  ( -12.60762521870767472, -7.444142737284153100, 13.52651803764361027 ) ) ;
#2174 = EDGE_CURVE ( 'NONE', #6616, #1044, #7227, .T. ) ;
#2175 = DIRECTION ( 'NONE',  ( -1.000000000000000000, -4.956352788505168198E-15, 0.000000000000000000 ) ) ;
#2176 = CIRCLE ( 'NONE', #5683, 3.000000000000000000 ) ;
#2177 = VECTOR ( 'NONE', #1428, 1000.000000000000000 ) ;
#2178 = EDGE_CURVE ( 'NONE', #2076, #5670, #102, .T. ) ;
#2179 = AXIS2_PLACEMENT_3D ( 'NONE', #5930, #324, #4231 ) ;
#2180 = EDGE_LOOP ( 'NONE', ( #1572, #5492, #824, #3839, #6852, #1262 ) ) ;
#2181 = ORIENTED_EDGE ( 'NONE', *, *, #3641, .T. ) ;
#2182 = VECTOR ( 'NONE', #1815, 1000.000000000000000 ) ;
#2183 = VECTOR ( 'NONE', #6561, 1000.000000000000114 ) ;
#2184 = ORIENTED_EDGE ( 'NONE', *, *, #2174, .T. ) ;
#2185 = FACE_OUTER_BOUND ( 'NONE', #7003, .T. ) ;
#2186 = AXIS2_PLACEMENT_3D ( 'NONE', #5634, #6080, #3310 ) ;
#2187 = LINE ( 'NONE', #675, #5892 ) ;
#2188 = LINE ( 'NONE', #3849, #4640 ) ;
#2189 = DIRECTION ( 'NONE',  ( -0.8660254037844392627, -4.964172988122225296E-15, 0.4999999999999990008 ) ) ;
#2190 = DIRECTION ( 'NONE',  ( -1.000000000000000000, -4.005170378358218236E-15, 0.000000000000000000 ) ) ;
#2191 = FACE_BOUND ( 'NONE', #7184, .T. ) ;
#2192 = EDGE_CURVE ( 'NONE', #5839, #3179, #6762, .T. ) ;
#2193 = VECTOR ( 'NONE', #2393, 1000.000000000000000 ) ;
#2194 = ORIENTED_EDGE ( 'NONE', *, *, #7182, .T. ) ;
#2195 = ORIENTED_EDGE ( 'NONE', *, *, #2486, .T. ) ;
#2196 = CIRCLE ( 'NONE', #5116, 54.99999999999996447 ) ;
#2197 = ORIENTED_EDGE ( 'NONE', *, *, #2263, .F. ) ;
#2198 = VECTOR ( 'NONE', #5746, 1000.000000000000114 ) ;
#2199 = LINE ( 'NONE', #4415, #3324 ) ;
#2200 = CARTESIAN_POINT ( 'NONE',  ( -66.13909603667238457, -2.444142737284472844, 48.53959472175046841 ) ) ;
#2201 = DIRECTION ( 'NONE',  ( 0.8660254037844421493, 4.964172988122221352E-15, -0.4999999999999939493 ) ) ;
#2202 = LINE ( 'NONE', #3828, #1941 ) ;
#2203 = EDGE_CURVE ( 'NONE', #4649, #1264, #1700, .T. ) ;
#2204 = AXIS2_PLACEMENT_3D ( 'NONE', #1062, #5564, #6629 ) ;
#2205 = CIRCLE ( 'NONE', #915, 42.00000000000002132 ) ;
#2206 = ORIENTED_EDGE ( 'NONE', *, *, #3699, .F. ) ;
#2207 = VECTOR ( 'NONE', #6563, 1000.000000000000000 ) ;
#2208 = LINE ( 'NONE', #548, #6524 ) ;
#2209 = LINE ( 'NONE', #4422, #6726 ) ;
#2210 = DIRECTION ( 'NONE',  ( -0.5000000000000015543, -4.598423132665026657E-15, 0.8660254037844378194 ) ) ;
#2211 = DIRECTION ( 'NONE',  ( 1.000000000000000000, 4.130293990420967319E-15, 0.000000000000000000 ) ) ;
#2212 = ORIENTED_EDGE ( 'NONE', *, *, #4093, .T. ) ;
#2213 = ORIENTED_EDGE ( 'NONE', *, *, #2214, .F. ) ;
#2214 = EDGE_CURVE ( 'NONE', #2648, #6363, #1731, .T. ) ;
#2215 = ORIENTED_EDGE ( 'NONE', *, *, #4573, .T. ) ;
#2216 = CYLINDRICAL_SURFACE ( 'NONE', #5914, 2.500000000000003109 ) ;
#2217 = CARTESIAN_POINT ( 'NONE',  ( -3.626422912400809384, -12.44414273728416376, 28.46663033463454084 ) ) ;
#2218 = PLANE ( 'NONE',  #2312 ) ;
#2219 = CARTESIAN_POINT ( 'NONE',  ( 4.560903963327286981, -12.44414273728427034, 77.82723890111667231 ) ) ;
#2220 = DIRECTION ( 'NONE',  ( -3.999776700323684900E-15, 1.000000000000000000, 3.000529512353633521E-15 ) ) ;
#2221 = ORIENTED_EDGE ( 'NONE', *, *, #6686, .F. ) ;
#2222 = EDGE_CURVE ( 'NONE', #4411, #6259, #3412, .T. ) ;
#2223 = VERTEX_POINT ( 'NONE', #5147 ) ;
#2224 = EDGE_CURVE ( 'NONE', #108, #5066, #6324, .T. ) ;
#2225 = ORIENTED_EDGE ( 'NONE', *, *, #5652, .F. ) ;
#2226 = DIRECTION ( 'NONE',  ( -3.999776700323684900E-15, 1.000000000000000000, 3.000529512353633521E-15 ) ) ;
#2227 = CARTESIAN_POINT ( 'NONE',  ( -69.23909603667233625, -12.44414273728424547, -31.09533108502921550 ) ) ;
#2228 = DIRECTION ( 'NONE',  ( -0.8660254037844383745, 0.000000000000000000, 0.5000000000000004441 ) ) ;
#2229 = FACE_OUTER_BOUND ( 'NONE', #558, .T. ) ;
#2230 = LINE ( 'NONE', #1162, #2047 ) ;
#2231 = FACE_BOUND ( 'NONE', #6398, .T. ) ;
#2232 = ORIENTED_EDGE ( 'NONE', *, *, #3674, .F. ) ;
#2233 = ORIENTED_EDGE ( 'NONE', *, *, #2088, .F. ) ;
#2234 = ADVANCED_FACE ( 'NONE', ( #2296 ), #5621, .F. ) ;
#2235 = VERTEX_POINT ( 'NONE', #101 ) ;
#2236 = CARTESIAN_POINT ( 'NONE',  ( 4.560903963327285204, -12.44414273728422238, 62.28852389418964464 ) ) ;
#2237 = DIRECTION ( 'NONE',  ( 1.000000000000000000, 3.999776700323684900E-15, 1.211476396892138794E-29 ) ) ;
#2238 = DIRECTION ( 'NONE',  ( 0.000000000000000000, 3.028860078099107970E-15, -1.000000000000000000 ) ) ;
#2239 = DIRECTION ( 'NONE',  ( 3.999776700323684900E-15, -1.000000000000000000, 0.000000000000000000 ) ) ;
#2240 = ORIENTED_EDGE ( 'NONE', *, *, #4592, .F. ) ;
#2241 = EDGE_CURVE ( 'NONE', #5260, #2801, #685, .T. ) ;
#2242 = DIRECTION ( 'NONE',  ( -3.999776700323684900E-15, 1.000000000000000000, 3.000529512353633521E-15 ) ) ;
#2243 = CARTESIAN_POINT ( 'NONE',  ( 4.560903963327413102, -37.44414273728430231, 86.20681057009225867 ) ) ;
#2244 = CARTESIAN_POINT ( 'NONE',  ( -7.239096036672392209, -37.44414273728403941, -17.84146757344862877 ) ) ;
#2245 = DIRECTION ( 'NONE',  ( -3.999776700323684900E-15, 1.000000000000000000, 3.000529512353633521E-15 ) ) ;
#2246 = ORIENTED_EDGE ( 'NONE', *, *, #5360, .F. ) ;
#2247 = VERTEX_POINT ( 'NONE', #5588 ) ;
#2248 = ORIENTED_EDGE ( 'NONE', *, *, #2591, .T. ) ;
#2249 = DIRECTION ( 'NONE',  ( 1.000000000000000000, 4.001428817919833979E-15, 0.000000000000000000 ) ) ;
#2250 = CARTESIAN_POINT ( 'NONE',  ( -63.03909603667236183, -12.44414273728431475, -2.833372241562638750E-14 ) ) ;
#2251 = LINE ( 'NONE', #1691, #2427 ) ;
#2252 = PLANE ( 'NONE',  #5775 ) ;
#2253 = PERSON_AND_ORGANIZATION ( #3875, #2665 ) ;
#2254 = ORIENTED_EDGE ( 'NONE', *, *, #3767, .F. ) ;
#2255 = EDGE_LOOP ( 'NONE', ( #242, #547 ) ) ;
#2256 = ORIENTED_EDGE ( 'NONE', *, *, #6312, .F. ) ;
#2257 = CARTESIAN_POINT ( 'NONE',  ( -69.23909603667236468, -12.44414273728448173, 50.32938055623828433 ) ) ;
#2258 = DIRECTION ( 'NONE',  ( -3.999776700323684900E-15, 1.000000000000000000, 3.000529512353633521E-15 ) ) ;
#2259 = CARTESIAN_POINT ( 'NONE',  ( 7.660903963327284849, -12.44414273728395415, -24.50554525054137756 ) ) ;
#2260 = LINE ( 'NONE', #5039, #2892 ) ;
#2261 = CARTESIAN_POINT ( 'NONE',  ( 7.660903963327413635, -37.44414273728391152, -41.26468858849280963 ) ) ;
#2262 = DIRECTION ( 'NONE',  ( -3.999776700323684900E-15, 1.000000000000000000, 3.000529512353633521E-15 ) ) ;
#2263 = EDGE_CURVE ( 'NONE', #5023, #936, #1158, .T. ) ;
#2264 = EDGE_LOOP ( 'NONE', ( #3914, #3261, #1550, #1 ) ) ;
#2265 = EDGE_LOOP ( 'NONE', ( #5947, #6066, #5506, #5290 ) ) ;
#2266 = VERTEX_POINT ( 'NONE', #6795 ) ;
#2267 = VECTOR ( 'NONE', #3373, 1000.000000000000000 ) ;
#2268 = FACE_OUTER_BOUND ( 'NONE', #1637, .T. ) ;
#2269 = CARTESIAN_POINT ( 'NONE',  ( -1.526422912400808629, -12.44414273728415488, 28.46663033463454084 ) ) ;
#2270 = PLANE ( 'NONE',  #2291 ) ;
#2271 = LINE ( 'NONE', #1719, #4266 ) ;
#2272 = EDGE_CURVE ( 'NONE', #3349, #2559, #1814, .T. ) ;
#2273 = EDGE_CURVE ( 'NONE', #6824, #151, #5736, .T. ) ;
#2274 = VECTOR ( 'NONE', #713, 1000.000000000000114 ) ;
#2275 = VERTEX_POINT ( 'NONE', #4034 ) ;
#2276 = DIRECTION ( 'NONE',  ( -3.999776700323684900E-15, 1.000000000000000000, 3.000529512353633521E-15 ) ) ;
#2277 = DIRECTION ( 'NONE',  ( -1.000000000000000000, -4.047688110612548572E-15, 0.000000000000000000 ) ) ;
#2278 = FACE_BOUND ( 'NONE', #3408, .T. ) ;
#2279 = EDGE_CURVE ( 'NONE', #6344, #2359, #133, .T. ) ;
#2280 = EDGE_CURVE ( 'NONE', #6703, #3845, #5241, .T. ) ;
#2281 = VERTEX_POINT ( 'NONE', #3490 ) ;
#2282 = ORIENTED_EDGE ( 'NONE', *, *, #1811, .F. ) ;
#2283 = VERTEX_POINT ( 'NONE', #4516 ) ;
#2284 = CARTESIAN_POINT ( 'NONE',  ( 5.435504178569583900, -7.444142737284106026, 21.42876338647386447 ) ) ;
#2285 = CARTESIAN_POINT ( 'NONE',  ( 4.560903963327256783, -2.444142737283976352, -22.71575941605351190 ) ) ;
#2286 = CARTESIAN_POINT ( 'NONE',  ( -27.38149603746919780, -12.44414273728431475, 47.42614232414288722 ) ) ;
#2287 = CARTESIAN_POINT ( 'NONE',  ( -66.13909603667224246, -37.44414273728449416, 55.69873805970172498 ) ) ;
#2288 = APPROVAL_DATE_TIME ( #4612, #2973 ) ;
#2289 = VECTOR ( 'NONE', #1025, 1000.000000000000000 ) ;
#2290 = ADVANCED_FACE ( 'NONE', ( #3964 ), #6717, .F. ) ;
#2291 = AXIS2_PLACEMENT_3D ( 'NONE', #3425, #1240, #2817 ) ;
#2292 = ORIENTED_EDGE ( 'NONE', *, *, #3470, .T. ) ;
#2293 = AXIS2_PLACEMENT_3D ( 'NONE', #2737, #1676, #2239 ) ;
#2294 = VERTEX_POINT ( 'NONE', #2257 ) ;
#2295 = ORIENTED_EDGE ( 'NONE', *, *, #1087, .F. ) ;
#2296 = FACE_OUTER_BOUND ( 'NONE', #1712, .T. ) ;
#2297 = AXIS2_PLACEMENT_3D ( 'NONE', #6346, #3542, #3580 ) ;
#2298 = CARTESIAN_POINT ( 'NONE',  ( -9.023561648889112163, -12.44414273728414599, 15.62926724110597476 ) ) ;
#2299 = CARTESIAN_POINT ( 'NONE',  ( -59.13909603667240589, 0.9558572627156574075, 14.42616807355594588 ) ) ;
#2300 = CARTESIAN_POINT ( 'NONE',  ( -74.23909603667233625, -12.44414273728462383, 91.57616807355586275 ) ) ;
#2301 = DIRECTION ( 'NONE',  ( -3.999776700323684900E-15, 1.000000000000000000, 3.000529512353633521E-15 ) ) ;
#2302 = CIRCLE ( 'NONE', #3794, 47.00000000000002842 ) ;
#2303 = FACE_BOUND ( 'NONE', #2763, .T. ) ;
#2304 = CIRCLE ( 'NONE', #1008, 1.050000000000000266 ) ;
#2305 = VECTOR ( 'NONE', #230, 1000.000000000000000 ) ;
#2306 = ORIENTED_EDGE ( 'NONE', *, *, #2366, .T. ) ;
#2307 = EDGE_LOOP ( 'NONE', ( #2731, #2965, #4354, #3013 ) ) ;
#2308 = EDGE_LOOP ( 'NONE', ( #592, #160, #759, #6301 ) ) ;
#2310 = DIRECTION ( 'NONE',  ( 1.000000000000000000, 4.003208021484940116E-15, 0.000000000000000000 ) ) ;
#2309 = CC_DESIGN_APPROVAL ( #3724, ( #192 ) ) ;
#2311 = DIRECTION ( 'NONE',  ( -0.8660254037844395958, -4.967330528082539563E-15, 0.4999999999999983347 ) ) ;
#2312 = AXIS2_PLACEMENT_3D ( 'NONE', #4023, #3330, #6674 ) ;
#2313 = LINE ( 'NONE', #1133, #7069 ) ;
#2314 = CARTESIAN_POINT ( 'NONE',  ( 4.560903963327274546, -2.444142737284313860, 89.78638223906807525 ) ) ;
#2315 = VECTOR ( 'NONE', #6438, 999.9999999999998863 ) ;
#2316 = VERTEX_POINT ( 'NONE', #2399 ) ;
#2317 = EDGE_CURVE ( 'NONE', #2711, #2381, #6414, .T. ) ;
#2318 = DIRECTION ( 'NONE',  ( -0.8660254037844391517, 0.000000000000000000, -0.4999999999999990008 ) ) ;
#2319 = EDGE_CURVE ( 'NONE', #1453, #4187, #2339, .T. ) ;
#2320 = LINE ( 'NONE', #1176, #6956 ) ;
#2321 = AXIS2_PLACEMENT_3D ( 'NONE', #3904, #6155, #1138 ) ;
#2322 = FACE_BOUND ( 'NONE', #5042, .T. ) ;
#2323 = CIRCLE ( 'NONE', #559, 2.499999999999998668 ) ;
#2324 = AXIS2_PLACEMENT_3D ( 'NONE', #5281, #4689, #294 ) ;
#2325 = ORIENTED_EDGE ( 'NONE', *, *, #4129, .T. ) ;
#2326 = AXIS2_PLACEMENT_3D ( 'NONE', #6427, #2442, #7004 ) ;
#2327 = VERTEX_POINT ( 'NONE', #1855 ) ;
#2328 = EDGE_LOOP ( 'NONE', ( #1827, #635, #2052, #4778 ) ) ;
#2329 = DIRECTION ( 'NONE',  ( 0.000000000000000000, 3.028860078099107970E-15, -1.000000000000000000 ) ) ;
#2330 = EDGE_CURVE ( 'NONE', #6794, #5820, #6248, .T. ) ;
#2331 = LINE ( 'NONE', #561, #289 ) ;
#2332 = CARTESIAN_POINT ( 'NONE',  ( -10.42083681049020250, -12.44414273728419218, 29.52628265379340178 ) ) ;
#2333 = CARTESIAN_POINT ( 'NONE',  ( -43.46854809146706344, -12.44414273728450304, 88.64390184620087609 ) ) ;
#2334 = PERSON_AND_ORGANIZATION ( #3875, #2665 ) ;
#2335 = VERTEX_POINT ( 'NONE', #2914 ) ;
#2336 = ORIENTED_EDGE ( 'NONE', *, *, #5128, .F. ) ;
#2337 = ORIENTED_EDGE ( 'NONE', *, *, #710, .F. ) ;
#2338 = EDGE_CURVE ( 'NONE', #2719, #1319, #2370, .T. ) ;
#2339 = LINE ( 'NONE', #3994, #5003 ) ;
#2340 = CARTESIAN_POINT ( 'NONE',  ( 7.660903963327272415, -2.444142737283886646, -48.42383192644406620 ) ) ;
#2341 = DIRECTION ( 'NONE',  ( -3.994991256252005511E-15, 1.000000000000000000, 3.010503119717032181E-15 ) ) ;
#2342 = CARTESIAN_POINT ( 'NONE',  ( -35.73909603667240731, -2.444142737284294320, 29.57616807355593380 ) ) ;
#2343 = LINE ( 'NONE', #495, #3789 ) ;
#2344 = LINE ( 'NONE', #6254, #4858 ) ;
#2345 = EDGE_LOOP ( 'NONE', ( #4539, #1766, #4468, #3436, #4353, #5619 ) ) ;
#2346 = VECTOR ( 'NONE', #4051, 1000.000000000000000 ) ;
#2347 = ORIENTED_EDGE ( 'NONE', *, *, #1751, .F. ) ;
#2348 = ORIENTED_EDGE ( 'NONE', *, *, #5850, .F. ) ;
#2349 = CARTESIAN_POINT ( 'NONE',  ( -71.73909603667236468, -2.444142737284388467, 14.20616807355593814 ) ) ;
#2350 = ORIENTED_EDGE ( 'NONE', *, *, #6836, .T. ) ;
#2351 = CARTESIAN_POINT ( 'NONE',  ( -43.92909603667241214, -2.444142737284339617, 33.77616807355593664 ) ) ;
#2352 = CARTESIAN_POINT ( 'NONE',  ( -65.11777569311267655, -2.444142737284625611, 100.6974884171155509 ) ) ;
#2353 = LINE ( 'NONE', #6464, #5346 ) ;
#2354 = DIRECTION ( 'NONE',  ( -1.133159367757362572E-31, -3.000529512353633521E-15, 1.000000000000000000 ) ) ;
#2355 = FACE_BOUND ( 'NONE', #4684, .T. ) ;
#2356 = ADVANCED_FACE ( 'NONE', ( #1887 ), #2505, .F. ) ;
#2357 = ORIENTED_EDGE ( 'NONE', *, *, #1821, .F. ) ;
#2358 = ORIENTED_EDGE ( 'NONE', *, *, #6950, .F. ) ;
#2359 = VERTEX_POINT ( 'NONE', #6930 ) ;
#2360 = LINE ( 'NONE', #5646, #5328 ) ;
#2361 = DIRECTION ( 'NONE',  ( -3.999776700323684900E-15, 1.000000000000000000, 3.000529512353633521E-15 ) ) ;
#2362 = CARTESIAN_POINT ( 'NONE',  ( -43.46854809146706344, -12.44414273728450304, 88.64390184620087609 ) ) ;
#2363 = FACE_OUTER_BOUND ( 'NONE', #2377, .T. ) ;
#2364 = SECURITY_CLASSIFICATION_LEVEL ( 'unclassified' ) ;
#2365 = ADVANCED_FACE ( 'NONE', ( #856 ), #3521, .T. ) ;
#2366 = EDGE_CURVE ( 'NONE', #4478, #936, #1330, .T. ) ;
#2367 = VERTEX_POINT ( 'NONE', #4727 ) ;
#2368 = ORIENTED_EDGE ( 'NONE', *, *, #3905, .F. ) ;
#2369 = ORIENTED_EDGE ( 'NONE', *, *, #6950, .T. ) ;
#2370 = LINE ( 'NONE', #719, #3239 ) ;
#2371 = CARTESIAN_POINT ( 'NONE',  ( -63.03909603667224815, -37.44414273728422415, -31.09533108502929366 ) ) ;
#2372 = DIRECTION ( 'NONE',  ( -4.000000000000001100E-15, 1.000000000000000000, 2.999999999999999839E-15 ) ) ;
#2373 = DIRECTION ( 'NONE',  ( 1.000000000000000000, 3.975407965780191339E-15, 0.000000000000000000 ) ) ;
#2374 = CARTESIAN_POINT ( 'NONE',  ( -21.73909603667260981, -37.44414273728421705, 21.57616807355582011 ) ) ;
#2375 = EDGE_CURVE ( 'NONE', #4693, #3681, #7036, .T. ) ;
#2376 = EDGE_CURVE ( 'NONE', #348, #4794, #3652, .T. ) ;
#2377 = EDGE_LOOP ( 'NONE', ( #2494, #3206, #4321, #6535 ) ) ;
#2378 = ORIENTED_EDGE ( 'NONE', *, *, #1832, .F. ) ;
#2379 = ORIENTED_EDGE ( 'NONE', *, *, #3865, .F. ) ;
#2380 = DIRECTION ( 'NONE',  ( -1.000000000000000000, -3.992617524073606159E-15, -0.000000000000000000 ) ) ;
#2381 = VERTEX_POINT ( 'NONE', #3589 ) ;
#2382 = CYLINDRICAL_SURFACE ( 'NONE', #2079, 3.000000000000000000 ) ;
#2383 = CARTESIAN_POINT ( 'NONE',  ( 10.76090396332739729, -37.44414273728420994, 62.28852389418955937 ) ) ;
#2384 = CARTESIAN_POINT ( 'NONE',  ( -62.43909603667241015, 0.9558572627156448620, 14.20616807355594524 ) ) ;
#2385 = CARTESIAN_POINT ( 'NONE',  ( -12.60762521870766584, -9.444142737284154876, 13.52651803764360494 ) ) ;
#2386 = DIRECTION ( 'NONE',  ( -1.000000000000000000, -4.047688110612551728E-15, 0.000000000000000000 ) ) ;
#2387 = DIRECTION ( 'NONE',  ( -1.000000000000000000, -3.994991256252005511E-15, 0.000000000000000000 ) ) ;
#2388 = ORIENTED_EDGE ( 'NONE', *, *, #2909, .F. ) ;
#2389 = EDGE_LOOP ( 'NONE', ( #6864, #3565, #6404, #2941 ) ) ;
#2390 = ORIENTED_EDGE ( 'NONE', *, *, #5951, .T. ) ;
#2391 = LINE ( 'NONE', #4608, #2881 ) ;
#2392 = CARTESIAN_POINT ( 'NONE',  ( -43.92909603667242635, 0.9558572627156717294, 29.97616807355594304 ) ) ;
#2393 = DIRECTION ( 'NONE',  ( -0.000000000000000000, -2.907705674975143840E-15, 1.000000000000000000 ) ) ;
#2394 = LINE ( 'NONE', #4611, #1445 ) ;
#2395 =( NAMED_UNIT ( * ) SI_UNIT ( $, .STERADIAN. ) SOLID_ANGLE_UNIT ( ) );
#2396 = ORIENTED_EDGE ( 'NONE', *, *, #1469, .T. ) ;
#2397 = ORIENTED_EDGE ( 'NONE', *, *, #3714, .T. ) ;
#2398 = ORIENTED_EDGE ( 'NONE', *, *, #4943, .F. ) ;
#2399 = CARTESIAN_POINT ( 'NONE',  ( 10.76090396332725696, -2.444142737284217493, 65.86809556316535463 ) ) ;
#2400 = EDGE_CURVE ( 'NONE', #3181, #5065, #6387, .T. ) ;
#2401 = FACE_BOUND ( 'NONE', #169, .T. ) ;
#2402 = EDGE_CURVE ( 'NONE', #3871, #4008, #5766, .T. ) ;
#2403 = LINE ( 'NONE', #135, #6467 ) ;
#2404 = DIRECTION ( 'NONE',  ( -3.999776700323684900E-15, 1.000000000000000000, 3.000529512353633521E-15 ) ) ;
#2405 = CYLINDRICAL_SURFACE ( 'NONE', #535, 1.049999999999998934 ) ;
#2406 = VECTOR ( 'NONE', #2857, 999.9999999999998863 ) ;
#2407 = VERTEX_POINT ( 'NONE', #201 ) ;
#2408 = EDGE_LOOP ( 'NONE', ( #4400, #2990, #6670, #3369, #5329 ) ) ;
#2409 = VECTOR ( 'NONE', #4896, 1000.000000000000000 ) ;
#2410 = VECTOR ( 'NONE', #5554, 1000.000000000000000 ) ;
#2411 = VERTEX_POINT ( 'NONE', #236 ) ;
#2412 = VECTOR ( 'NONE', #4903, 1000.000000000000000 ) ;
#2413 = EDGE_CURVE ( 'NONE', #1294, #2411, #827, .T. ) ;
#2414 = CARTESIAN_POINT ( 'NONE',  ( -66.13909603667225667, -37.44414273728457943, 84.41702473560442854 ) ) ;
#2415 = ORIENTED_EDGE ( 'NONE', *, *, #2805, .T. ) ;
#2416 = CARTESIAN_POINT ( 'NONE',  ( -69.23909603667226520, -37.44414273728420284, -46.63404609195632133 ) ) ;
#2417 = CYLINDRICAL_SURFACE ( 'NONE', #1695, 6.499999999999999112 ) ;
#2418 = PLANE ( 'NONE',  #3455 ) ;
#2419 = AXIS2_PLACEMENT_3D ( 'NONE', #3985, #1804, #2793 ) ;
#2420 = CIRCLE ( 'NONE', #76, 0.8999999999999980238 ) ;
#2421 = VECTOR ( 'NONE', #4325, 1000.000000000000000 ) ;
#2422 = CARTESIAN_POINT ( 'NONE',  ( 7.660903963327395871, -37.44414273728423836, 67.65788139765307108 ) ) ;
#2423 = EDGE_CURVE ( 'NONE', #3349, #2955, #2782, .T. ) ;
#2424 = FACE_OUTER_BOUND ( 'NONE', #5056, .T. ) ;
#2425 = CARTESIAN_POINT ( 'NONE',  ( -8.447429370005911764, -2.444142737284321409, 74.94593102245997329 ) ) ;
#2426 = CIRCLE ( 'NONE', #3684, 42.00000000000000000 ) ;
#2427 = VECTOR ( 'NONE', #3918, 1000.000000000000000 ) ;
#2428 = ORIENTED_EDGE ( 'NONE', *, *, #678, .F. ) ;
#2429 = ORIENTED_EDGE ( 'NONE', *, *, #6860, .T. ) ;
#2430 = ORIENTED_EDGE ( 'NONE', *, *, #937, .F. ) ;
#2431 = LINE ( 'NONE', #4760, #4035 ) ;
#2432 = VECTOR ( 'NONE', #3474, 1000.000000000000114 ) ;
#2433 = LINE ( 'NONE', #4654, #4381 ) ;
#2434 = AXIS2_PLACEMENT_3D ( 'NONE', #6610, #7124, #7231 ) ;
#2435 = CARTESIAN_POINT ( 'NONE',  ( -14.75279466680952645, -12.44414273728448528, -46.06399450142202312 ) ) ;
#2436 = DIRECTION ( 'NONE',  ( -3.999776700323684900E-15, 1.000000000000000000, 3.000529512353633521E-15 ) ) ;
#2437 = VECTOR ( 'NONE', #4141, 1000.000000000000000 ) ;
#2438 = VECTOR ( 'NONE', #1161, 1000.000000000000000 ) ;
#2439 = ORIENTED_EDGE ( 'NONE', *, *, #2860, .T. ) ;
#2440 = ORIENTED_EDGE ( 'NONE', *, *, #610, .F. ) ;
#2441 = VERTEX_POINT ( 'NONE', #750 ) ;
#2442 = DIRECTION ( 'NONE',  ( -4.000000000000001100E-15, 1.000000000000000000, 2.999999999999999839E-15 ) ) ;
#2443 = DIRECTION ( 'NONE',  ( 0.8660254037844421493, 0.000000000000000000, -0.4999999999999939493 ) ) ;
#2444 = DIRECTION ( 'NONE',  ( -3.994991256252005511E-15, 1.000000000000000000, 3.010503119717032181E-15 ) ) ;
#2445 = FACE_OUTER_BOUND ( 'NONE', #6953, .T. ) ;
#2446 = FACE_OUTER_BOUND ( 'NONE', #4284, .T. ) ;
#2447 = EDGE_CURVE ( 'NONE', #5276, #1231, #340, .T. ) ;
#2448 = VERTEX_POINT ( 'NONE', #2025 ) ;
#2449 = ADVANCED_FACE ( 'NONE', ( #5286 ), #5319, .F. ) ;
#2450 = ORIENTED_EDGE ( 'NONE', *, *, #1275, .T. ) ;
#2451 = EDGE_LOOP ( 'NONE', ( #2023, #1668, #1967, #2606, #2390, #4455 ) ) ;
#2452 = DIRECTION ( 'NONE',  ( 3.999776700323682533E-15, -1.000000000000000000, -2.999626010543229460E-15 ) ) ;
#2453 = EDGE_LOOP ( 'NONE', ( #69, #6047, #450, #1732, #4107 ) ) ;
#2454 = FACE_OUTER_BOUND ( 'NONE', #5415, .T. ) ;
#2455 = DIRECTION ( 'NONE',  ( 3.999776700323684900E-15, -1.000000000000000000, -3.000529512353633521E-15 ) ) ;
#2456 = DIRECTION ( 'NONE',  ( 1.000000000000000000, 4.003208021484942483E-15, -1.668003342285392537E-16 ) ) ;
#2457 = EDGE_CURVE ( 'NONE', #6214, #6965, #2544, .T. ) ;
#2458 = CARTESIAN_POINT ( 'NONE',  ( -62.99645534955305948, -12.44414273728414955, -55.42383192644409462 ) ) ;
#2459 = PLANE ( 'NONE',  #5903 ) ;
#2460 = DIRECTION ( 'NONE',  ( 0.8660254037844391517, 0.000000000000000000, -0.4999999999999990008 ) ) ;
#2461 = DIRECTION ( 'NONE',  ( 0.000000000000000000, -3.028860078099107970E-15, 1.000000000000000000 ) ) ;
#2462 = ADVANCED_FACE ( 'NONE', ( #304 ), #1993, .F. ) ;
#2463 = EDGE_LOOP ( 'NONE', ( #6089, #311, #5435, #2902 ) ) ;
#2464 = ORIENTED_EDGE ( 'NONE', *, *, #3785, .F. ) ;
#2465 = LINE ( 'NONE', #778, #2874 ) ;
#2466 = CARTESIAN_POINT ( 'NONE',  ( -35.73909603667240731, -2.444142737284294320, 29.57616807355593380 ) ) ;
#2467 = DIRECTION ( 'NONE',  ( 1.000000000000000000, 4.010382229408749433E-15, -1.865294060190115964E-16 ) ) ;
#2468 = DIRECTION ( 'NONE',  ( -3.999776700323684900E-15, 1.000000000000000000, 3.000529512353633521E-15 ) ) ;
#2469 = EDGE_LOOP ( 'NONE', ( #1287, #6736, #6850, #2101 ) ) ;
#2470 = ORIENTED_EDGE ( 'NONE', *, *, #744, .F. ) ;
#2471 = ORIENTED_EDGE ( 'NONE', *, *, #1435, .T. ) ;
#2472 = CARTESIAN_POINT ( 'NONE',  ( -69.23909603667237889, -2.444142737284245914, -31.09533108502919063 ) ) ;
#2473 = LINE ( 'NONE', #7005, #543 ) ;
#2474 = DIRECTION ( 'NONE',  ( -1.000000000000000000, -4.130293990420973630E-15, 0.000000000000000000 ) ) ;
#2475 = DIRECTION ( 'NONE',  ( 3.999776700323682533E-15, -1.000000000000000000, -2.999626010543229460E-15 ) ) ;
#2476 = DIRECTION ( 'NONE',  ( -3.999776700323684900E-15, 1.000000000000000000, 3.000529512353633521E-15 ) ) ;
#2477 = ORIENTED_EDGE ( 'NONE', *, *, #5348, .T. ) ;
#2478 = ORIENTED_EDGE ( 'NONE', *, *, #3765, .T. ) ;
#2479 = ORIENTED_EDGE ( 'NONE', *, *, #336, .F. ) ;
#2480 = CYLINDRICAL_SURFACE ( 'NONE', #3254, 2.500000000000002220 ) ;
#2481 = VERTEX_POINT ( 'NONE', #6355 ) ;
#2482 = ADVANCED_FACE ( 'NONE', ( #4213 ), #3118, .F. ) ;
#2483 = DIRECTION ( 'NONE',  ( 1.000000000000000000, 3.994991256252005511E-15, 0.000000000000000000 ) ) ;
#2484 = DIRECTION ( 'NONE',  ( -3.999776700323684900E-15, 1.000000000000000000, 3.000529512353633521E-15 ) ) ;
#2485 = DIRECTION ( 'NONE',  ( -3.999776700323684900E-15, 1.000000000000000000, 3.000529512353633521E-15 ) ) ;
#2486 = EDGE_CURVE ( 'NONE', #499, #301, #1434, .T. ) ;
#2487 = ADVANCED_FACE ( 'NONE', ( #2575 ), #4882, .F. ) ;
#2488 = DIRECTION ( 'NONE',  ( -1.000000000000000000, -3.999776700323677800E-15, -1.541976423090505297E-15 ) ) ;
#2489 = EDGE_CURVE ( 'NONE', #6993, #1907, #3289, .T. ) ;
#2490 = CARTESIAN_POINT ( 'NONE',  ( -69.23909603667225099, -37.44414273728430942, -10.75661607810225995 ) ) ;
#2491 = LINE ( 'NONE', #6371, #5782 ) ;
#2492 = ADVANCED_FACE ( 'NONE', ( #4987 ), #4323, .F. ) ;
#2493 = VECTOR ( 'NONE', #3121, 1000.000000000000000 ) ;
#2494 = ORIENTED_EDGE ( 'NONE', *, *, #5051, .T. ) ;
#2495 = ORIENTED_EDGE ( 'NONE', *, *, #575, .T. ) ;
#2496 = CARTESIAN_POINT ( 'NONE',  ( -66.13909603667238457, -2.444142737284494160, 55.69873805970183156 ) ) ;
#2497 = CARTESIAN_POINT ( 'NONE',  ( 5.435504178569591005, -12.44414273728410691, 21.42876338647385737 ) ) ;
#2498 = LINE ( 'NONE', #190, #1839 ) ;
#2499 = CARTESIAN_POINT ( 'NONE',  ( -7.843262703339095587, -37.44414273728399678, -34.21949319120752619 ) ) ;
#2500 = EDGE_CURVE ( 'NONE', #3015, #2531, #7114, .T. ) ;
#2501 = ORIENTED_EDGE ( 'NONE', *, *, #2049, .F. ) ;
#2502 = ORIENTED_EDGE ( 'NONE', *, *, #1087, .T. ) ;
#2503 = ORIENTED_EDGE ( 'NONE', *, *, #7151, .T. ) ;
#2504 = EDGE_LOOP ( 'NONE', ( #3883, #5804, #3713, #3946 ) ) ;
#2505 = CYLINDRICAL_SURFACE ( 'NONE', #2326, 1.399999999999998579 ) ;
#2506 = CARTESIAN_POINT ( 'NONE',  ( -13.57083681049021884, -5.444142737284205502, 29.52628265379341244 ) ) ;
#2507 = ADVANCED_FACE ( 'NONE', ( #5983, #960 ), #1545, .T. ) ;
#2508 = CARTESIAN_POINT ( 'NONE',  ( -55.49504841762492902, -2.444142737284444422, 53.25132301808059765 ) ) ;
#2509 = CARTESIAN_POINT ( 'NONE',  ( 4.560903963327286981, -12.44414273728404474, -2.833372241562556709E-14 ) ) ;
#2510 = ORIENTED_EDGE ( 'NONE', *, *, #5163, .T. ) ;
#2511 = ORIENTED_EDGE ( 'NONE', *, *, #3559, .T. ) ;
#2512 = EDGE_LOOP ( 'NONE', ( #6352, #2031, #3400, #7047 ) ) ;
#2513 = DIRECTION ( 'NONE',  ( -0.000000000000000000, 3.028860078099113886E-15, -1.000000000000000000 ) ) ;
#2514 = ORIENTED_EDGE ( 'NONE', *, *, #3830, .F. ) ;
#2515 = LINE ( 'NONE', #5822, #6053 ) ;
#2516 = CARTESIAN_POINT ( 'NONE',  ( -63.03909603667224815, -37.44414273728455100, 77.82723890111658704 ) ) ;
#2517 = DIRECTION ( 'NONE',  ( -4.000000000000001100E-15, 1.000000000000000000, 2.999999999999999839E-15 ) ) ;
#2518 = VECTOR ( 'NONE', #7097, 1000.000000000000000 ) ;
#2519 = VECTOR ( 'NONE', #3631, 1000.000000000000000 ) ;
#2520 = CARTESIAN_POINT ( 'NONE',  ( -41.93909603667241015, 0.9558572627156903811, 26.36616807355594361 ) ) ;
#2521 = LINE ( 'NONE', #4751, #5817 ) ;
#2522 = AXIS2_PLACEMENT_3D ( 'NONE', #5740, #5222, #1302 ) ;
#2523 = CARTESIAN_POINT ( 'NONE',  ( -41.93909603667241015, 0.9558572627156808332, 29.57616807355594446 ) ) ;
#2524 = LINE ( 'NONE', #4200, #2730 ) ;
#2525 = CIRCLE ( 'NONE', #6038, 47.00000000000002842 ) ;
#2526 = EDGE_CURVE ( 'NONE', #2801, #5571, #4915, .T. ) ;
#2527 = AXIS2_PLACEMENT_3D ( 'NONE', #2804, #1225, #1266 ) ;
#2528 = EDGE_LOOP ( 'NONE', ( #1524, #3368, #1126, #7078 ) ) ;
#2529 = AXIS2_PLACEMENT_3D ( 'NONE', #7168, #4382, #7137 ) ;
#2530 = EDGE_CURVE ( 'NONE', #4412, #6543, #4946, .T. ) ;
#2531 = VERTEX_POINT ( 'NONE', #517 ) ;
#2532 = LINE ( 'NONE', #5167, #7080 ) ;
#2533 = AXIS2_PLACEMENT_3D ( 'NONE', #2778, #7199, #1200 ) ;
#2534 = DIRECTION ( 'NONE',  ( 5.811468931245585869E-16, 3.014699508083647762E-15, -1.000000000000000000 ) ) ;
#2535 = LINE ( 'NONE', #399, #2069 ) ;
#2536 = DIRECTION ( 'NONE',  ( -3.999776700323684900E-15, 1.000000000000000000, 3.000529512353633521E-15 ) ) ;
#2537 = AXIS2_PLACEMENT_3D ( 'NONE', #1276, #5157, #5716 ) ;
#2538 = ORIENTED_EDGE ( 'NONE', *, *, #4702, .T. ) ;
#2539 = ORIENTED_EDGE ( 'NONE', *, *, #3322, .T. ) ;
#2540 = EDGE_CURVE ( 'NONE', #2739, #5291, #370, .T. ) ;
#2541 = ORIENTED_EDGE ( 'NONE', *, *, #6191, .F. ) ;
#2542 = VECTOR ( 'NONE', #5373, 1000.000000000000000 ) ;
#2543 = ORIENTED_EDGE ( 'NONE', *, *, #7172, .T. ) ;
#2544 = LINE ( 'NONE', #4246, #6475 ) ;
#2545 = FACE_BOUND ( 'NONE', #6424, .T. ) ;
#2546 = FACE_OUTER_BOUND ( 'NONE', #1195, .T. ) ;
#2547 = DIRECTION ( 'NONE',  ( -0.000000000000000000, 2.967290156276116340E-15, -1.000000000000000000 ) ) ;
#2548 = VECTOR ( 'NONE', #3948, 1000.000000000000000 ) ;
#2549 = VECTOR ( 'NONE', #3967, 1000.000000000000000 ) ;
#2550 = ORIENTED_EDGE ( 'NONE', *, *, #390, .T. ) ;
#2551 = EDGE_CURVE ( 'NONE', #5291, #6418, #5502, .T. ) ;
#2552 = EDGE_LOOP ( 'NONE', ( #5213, #1367, #4212, #5597 ) ) ;
#2553 = ORIENTED_EDGE ( 'NONE', *, *, #5958, .T. ) ;
#2554 = CARTESIAN_POINT ( 'NONE',  ( 14.88222430688693265, -9.444142737283856448, -49.30251158288445623 ) ) ;
#2555 = VERTEX_POINT ( 'NONE', #4391 ) ;
#2556 = DIRECTION ( 'NONE',  ( 3.999776700323684900E-15, -1.000000000000000000, -3.000529512353633521E-15 ) ) ;
#2557 = CARTESIAN_POINT ( 'NONE',  ( -21.73909603667260981, -37.44414273728421705, 21.57616807355582011 ) ) ;
#2558 = CARTESIAN_POINT ( 'NONE',  ( 9.776025172854147370E-15, -2.444142737284062505, -7.333722415625623435E-15 ) ) ;
#2559 = VERTEX_POINT ( 'NONE', #2217 ) ;
#2560 = CARTESIAN_POINT ( 'NONE',  ( -71.23909603667236468, -2.444142737284618505, 90.33352738643660018 ) ) ;
#2561 = CARTESIAN_POINT ( 'NONE',  ( 4.560903963327285204, -12.44414273728396481, -22.71575941605353322 ) ) ;
#2562 = DIRECTION ( 'NONE',  ( -1.000000000000000000, -4.005634208164631092E-15, 3.532527805625501454E-15 ) ) ;
#2563 = CARTESIAN_POINT ( 'NONE',  ( -69.23909603667235046, -12.44414273728453324, 65.86809556316532621 ) ) ;
#2564 = VECTOR ( 'NONE', #172, 1000.000000000000000 ) ;
#2565 = ORIENTED_EDGE ( 'NONE', *, *, #4210, .F. ) ;
#2566 = ORIENTED_EDGE ( 'NONE', *, *, #2994, .T. ) ;
#2567 = DIRECTION ( 'NONE',  ( -3.994991256252005511E-15, 1.000000000000000000, 3.010503119717032181E-15 ) ) ;
#2568 = CARTESIAN_POINT ( 'NONE',  ( -52.99504841762491480, -2.444142737284434208, 53.25132301808061186 ) ) ;
#2569 = CARTESIAN_POINT ( 'NONE',  ( 6.639583619767665645, -12.44414273728433784, 100.6974884171155082 ) ) ;
#2570 = DIRECTION ( 'NONE',  ( -0.8660254037844404840, -4.967330528082544296E-15, 0.4999999999999968359 ) ) ;
#2571 = EDGE_CURVE ( 'NONE', #6076, #5276, #6093, .T. ) ;
#2572 = ORIENTED_EDGE ( 'NONE', *, *, #6307, .F. ) ;
#2573 = ORIENTED_EDGE ( 'NONE', *, *, #2457, .T. ) ;
#2574 = ORIENTED_EDGE ( 'NONE', *, *, #2044, .T. ) ;
#2575 = FACE_OUTER_BOUND ( 'NONE', #198, .T. ) ;
#2576 = DIRECTION ( 'NONE',  ( -1.133159367757362572E-31, -3.000529512353633521E-15, 1.000000000000000000 ) ) ;
#2577 = DIRECTION ( 'NONE',  ( 1.000000000000000000, 3.784851220313030003E-15, 0.000000000000000000 ) ) ;
#2578 = ADVANCED_FACE ( 'NONE', ( #4356 ), #3697, .F. ) ;
#2579 = CARTESIAN_POINT ( 'NONE',  ( -69.23909603667223678, -37.44414273728456521, 74.24766723214091257 ) ) ;
#2580 = EDGE_CURVE ( 'NONE', #498, #7021, #3801, .T. ) ;
#2581 = ORIENTED_EDGE ( 'NONE', *, *, #5951, .F. ) ;
#2582 = EDGE_LOOP ( 'NONE', ( #1295, #3075, #2543, #3158, #2988 ) ) ;
#2583 = EDGE_CURVE ( 'NONE', #4913, #1543, #454, .T. ) ;
#2584 = ORIENTED_EDGE ( 'NONE', *, *, #3147, .T. ) ;
#2585 = PLANE ( 'NONE',  #441 ) ;
#2586 = CARTESIAN_POINT ( 'NONE',  ( 5.435504178569591005, -12.44414273728410691, 21.42876338647385737 ) ) ;
#2587 = VERTEX_POINT ( 'NONE', #3152 ) ;
#2588 = FACE_OUTER_BOUND ( 'NONE', #1844, .T. ) ;
#2589 = DIRECTION ( 'NONE',  ( 3.999776700323682533E-15, -1.000000000000000000, -2.999626010543229460E-15 ) ) ;
#2590 = DIRECTION ( 'NONE',  ( -1.000000000000000000, -3.999776700323684900E-15, -1.163017341016453237E-29 ) ) ;
#2591 = EDGE_CURVE ( 'NONE', #3788, #4535, #6640, .T. ) ;
#2592 = EDGE_CURVE ( 'NONE', #1852, #2281, #1071, .T. ) ;
#2593 = VERTEX_POINT ( 'NONE', #7072 ) ;
#2594 = DIRECTION ( 'NONE',  ( 2.423088062479275687E-16, -3.000529512353632732E-15, 1.000000000000000000 ) ) ;
#2595 = CARTESIAN_POINT ( 'NONE',  ( -71.73909603667235046, -2.444142737284373812, 9.376168073555936289 ) ) ;
#2596 = LINE ( 'NONE', #4822, #5428 ) ;
#2597 = FACE_OUTER_BOUND ( 'NONE', #4481, .T. ) ;
#2598 = EDGE_CURVE ( 'NONE', #109, #6314, #2065, .T. ) ;
#2599 = ORIENTED_EDGE ( 'NONE', *, *, #2, .T. ) ;
#2600 = ORIENTED_EDGE ( 'NONE', *, *, #485, .F. ) ;
#2601 = FACE_OUTER_BOUND ( 'NONE', #3446, .T. ) ;
#2602 = LINE ( 'NONE', #2126, #5694 ) ;
#2603 = LINE ( 'NONE', #6562, #666 ) ;
#2604 = CARTESIAN_POINT ( 'NONE',  ( 4.518263276207981960, -2.444142737284350275, 101.5761680735559054 ) ) ;
#2605 = AXIS2_PLACEMENT_3D ( 'NONE', #4291, #3622, #6973 ) ;
#2606 = ORIENTED_EDGE ( 'NONE', *, *, #5754, .T. ) ;
#2607 = ORIENTED_EDGE ( 'NONE', *, *, #3023, .T. ) ;
#2608 = CIRCLE ( 'NONE', #4001, 1.049999999999998934 ) ;
#2609 = EDGE_CURVE ( 'NONE', #4770, #6697, #5426, .T. ) ;
#2610 = VERTEX_POINT ( 'NONE', #2904 ) ;
#2611 = DIRECTION ( 'NONE',  ( -3.999776700323684900E-15, 1.000000000000000000, 3.000529512353633521E-15 ) ) ;
#2612 = CARTESIAN_POINT ( 'NONE',  ( 4.560903963327397115, -37.44414273728397546, -22.71575941605361848 ) ) ;
#2613 = DIRECTION ( 'NONE',  ( 0.4999999999999963918, -5.986464323413585203E-16, 0.8660254037844408170 ) ) ;
#2614 = CARTESIAN_POINT ( 'NONE',  ( -50.00992937000587091, -12.44414273728447817, 71.64621882886164883 ) ) ;
#2615 = VECTOR ( 'NONE', #2717, 1000.000000000000000 ) ;
#2616 = ORIENTED_EDGE ( 'NONE', *, *, #1685, .F. ) ;
#2617 = EDGE_CURVE ( 'NONE', #1698, #3871, #1257, .T. ) ;
#2618 = EDGE_LOOP ( 'NONE', ( #6257, #4888, #2213, #6976 ) ) ;
#2619 = EDGE_CURVE ( 'NONE', #3387, #3054, #711, .T. ) ;
#2620 = VERTEX_POINT ( 'NONE', #1151 ) ;
#2621 = DIRECTION ( 'NONE',  ( 1.000000000000000000, 3.999776700323684900E-15, 0.000000000000000000 ) ) ;
#2622 = CARTESIAN_POINT ( 'NONE',  ( 7.660903963327283073, -12.44414273728420106, 55.69873805970181024 ) ) ;
#2623 = VERTEX_POINT ( 'NONE', #6279 ) ;
#2624 = PLANE ( 'NONE',  #3355 ) ;
#2625 = DIRECTION ( 'NONE',  ( 0.8660254037844392627, 0.000000000000000000, 0.4999999999999990008 ) ) ;
#2626 = CARTESIAN_POINT ( 'NONE',  ( -66.13909603667235615, -12.44414273728450659, 60.49873805970180740 ) ) ;
#2627 = VERTEX_POINT ( 'NONE', #3438 ) ;
#2628 = ADVANCED_FACE ( 'NONE', ( #5688 ), #672, .F. ) ;
#2629 = CARTESIAN_POINT ( 'NONE',  ( -69.23909603667237889, -12.44414273728420461, -43.05447442298057581 ) ) ;
#2630 = DIRECTION ( 'NONE',  ( -0.8660254037844383745, 0.000000000000000000, -0.5000000000000004441 ) ) ;
#2631 = CARTESIAN_POINT ( 'NONE',  ( -69.23909603667226520, -37.44414273728420994, -43.05447442298066107 ) ) ;
#2632 = CARTESIAN_POINT ( 'NONE',  ( -56.18841797563413110, -12.44414273728457943, 97.32119473071554694 ) ) ;
#2633 = VECTOR ( 'NONE', #7156, 1000.000000000000000 ) ;
#2634 = AXIS2_PLACEMENT_3D ( 'NONE', #252, #2488, #1420 ) ;
#2635 = AXIS2_PLACEMENT_3D ( 'NONE', #2818, #3393, #5049 ) ;
#2636 = VERTEX_POINT ( 'NONE', #1736 ) ;
#2637 = VECTOR ( 'NONE', #5096, 1000.000000000000000 ) ;
#2638 = EDGE_CURVE ( 'NONE', #3983, #5476, #5647, .T. ) ;
#2639 = VECTOR ( 'NONE', #2476, 1000.000000000000000 ) ;
#2640 = DIRECTION ( 'NONE',  ( -3.999776700323684900E-15, 1.000000000000000000, 3.000529512353633521E-15 ) ) ;
#2641 = AXIS2_PLACEMENT_3D ( 'NONE', #6806, #277, #3529 ) ;
#2642 = DIRECTION ( 'NONE',  ( 3.999776700323682533E-15, -1.000000000000000000, -2.999626010543229460E-15 ) ) ;
#2643 = CARTESIAN_POINT ( 'NONE',  ( -14.23909603667255652, -2.444142737283967914, -51.03753586722918101 ) ) ;
#2644 = DIRECTION ( 'NONE',  ( -3.999776700323684900E-15, 1.000000000000000000, 3.000529512353633521E-15 ) ) ;
#2645 = VECTOR ( 'NONE', #654, 1000.000000000000000 ) ;
#2646 = AXIS2_PLACEMENT_3D ( 'NONE', #3329, #2794, #5137 ) ;
#2647 = VECTOR ( 'NONE', #5178, 1000.000000000000000 ) ;
#2648 = VERTEX_POINT ( 'NONE', #1107 ) ;
#2649 = EDGE_LOOP ( 'NONE', ( #4630, #1893, #2479, #2256 ) ) ;
#2650 = ORIENTED_EDGE ( 'NONE', *, *, #744, .T. ) ;
#2651 = DIRECTION ( 'NONE',  ( -3.999776700323684900E-15, 1.000000000000000000, 3.000529512353633521E-15 ) ) ;
#2652 = VECTOR ( 'NONE', #155, 1000.000000000000000 ) ;
#2653 = CARTESIAN_POINT ( 'NONE',  ( -66.13909603667239878, -2.444142737284181965, -48.42383192644406620 ) ) ;
#2654 = FACE_OUTER_BOUND ( 'NONE', #3972, .T. ) ;
#2655 = DIRECTION ( 'NONE',  ( -1.000000000000000000, -4.163336342344336238E-15, 0.000000000000000000 ) ) ;
#2656 = AXIS2_PLACEMENT_3D ( 'NONE', #2097, #3251, #2211 ) ;
#2657 = CIRCLE ( 'NONE', #1489, 2.499999999999988454 ) ;
#2658 = ORIENTED_EDGE ( 'NONE', *, *, #5723, .T. ) ;
#2659 = ORIENTED_EDGE ( 'NONE', *, *, #6320, .T. ) ;
#2660 = ORIENTED_EDGE ( 'NONE', *, *, #2133, .F. ) ;
#2661 = DIRECTION ( 'NONE',  ( 0.8660254037844392627, 0.000000000000000000, 0.4999999999999990008 ) ) ;
#2662 = AXIS2_PLACEMENT_3D ( 'NONE', #1174, #2242, #79 ) ;
#2663 = PLANE ( 'NONE',  #4005 ) ;
#2664 = ORIENTED_EDGE ( 'NONE', *, *, #5754, .F. ) ;
#2666 = CYLINDRICAL_SURFACE ( 'NONE', #6982, 2.100000000000000089 ) ;
#2665 = ORGANIZATION ( '未指定', '未指定', '' ) ;
#2667 = DIRECTION ( 'NONE',  ( -3.999776700323684900E-15, 1.000000000000000000, 3.000529512353633521E-15 ) ) ;
#2668 = LINE ( 'NONE', #3088, #6278 ) ;
#2669 = EDGE_CURVE ( 'NONE', #6689, #862, #6023, .T. ) ;
#2670 = AXIS2_PLACEMENT_3D ( 'NONE', #5991, #1046, #3741 ) ;
#2671 = VERTEX_POINT ( 'NONE', #2285 ) ;
#2672 = DIRECTION ( 'NONE',  ( -4.000000000000001100E-15, 1.000000000000000000, 2.999999999999999839E-15 ) ) ;
#2673 = CARTESIAN_POINT ( 'NONE',  ( 4.560903963327258559, -2.444142737283951039, -31.09533108502919063 ) ) ;
#2674 = LINE ( 'NONE', #918, #3692 ) ;
#2675 = DIRECTION ( 'NONE',  ( -1.000000000000000000, -3.999776700323684900E-15, 0.000000000000000000 ) ) ;
#2676 = ADVANCED_FACE ( 'NONE', ( #5059 ), #5612, .F. ) ;
#2677 = ORIENTED_EDGE ( 'NONE', *, *, #1541, .F. ) ;
#2678 = DIRECTION ( 'NONE',  ( -0.5000000000000006661, 5.986464323413352489E-16, -0.8660254037844383745 ) ) ;
#2679 = CYLINDRICAL_SURFACE ( 'NONE', #3796, 67.99999999999997158 ) ;
#2680 = DIRECTION ( 'NONE',  ( 3.999776700323684900E-15, -1.000000000000000000, -3.000529512353633521E-15 ) ) ;
#2681 = LINE ( 'NONE', #2604, #3947 ) ;
#2682 = EDGE_CURVE ( 'NONE', #5291, #2636, #6269, .T. ) ;
#2683 = ORIENTED_EDGE ( 'NONE', *, *, #872, .F. ) ;
#2684 = ORIENTED_EDGE ( 'NONE', *, *, #3640, .T. ) ;
#2685 = VERTEX_POINT ( 'NONE', #3371 ) ;
#2686 = CARTESIAN_POINT ( 'NONE',  ( -46.23909603667235757, -6.444142737284257016, 2.876168073555626759 ) ) ;
#2687 = DIRECTION ( 'NONE',  ( 3.999776700323684900E-15, -1.000000000000000000, -3.000529512353633521E-15 ) ) ;
#2688 = CARTESIAN_POINT ( 'NONE',  ( -28.23909603667233270, -12.44414273728424014, 21.57616807355568511 ) ) ;
#2689 = CARTESIAN_POINT ( 'NONE',  ( -52.99504841762488638, -12.44414273728424192, -10.09898687096879399 ) ) ;
#2690 = ORIENTED_EDGE ( 'NONE', *, *, #4128, .F. ) ;
#2691 = ORIENTED_EDGE ( 'NONE', *, *, #4006, .T. ) ;
#2692 = EDGE_LOOP ( 'NONE', ( #2132, #3563, #2953, #4462 ) ) ;
#2693 = DIRECTION ( 'NONE',  ( -0.4999999999999990008, -4.598423132665020346E-15, 0.8660254037844392627 ) ) ;
#2694 = CARTESIAN_POINT ( 'NONE',  ( 10.76090396332725518, -2.444142737284170419, 50.32938055623830564 ) ) ;
#2695 = CARTESIAN_POINT ( 'NONE',  ( -35.73909603667241441, 0.9558572627156930457, 33.77616807355594375 ) ) ;
#2696 = DIRECTION ( 'NONE',  ( 0.000000000000000000, -3.028860078099107970E-15, 1.000000000000000000 ) ) ;
#2697 = DIRECTION ( 'NONE',  ( 0.8660254037844387076, 4.964172988122225296E-15, -0.4999999999999997224 ) ) ;
#2698 = CARTESIAN_POINT ( 'NONE',  ( 7.660903963327275967, -2.444142737283908406, -41.26468858849271015 ) ) ;
#2699 = ORIENTED_EDGE ( 'NONE', *, *, #470, .F. ) ;
#2700 = DIRECTION ( 'NONE',  ( -1.133159367757362572E-31, -3.000529512353633521E-15, 1.000000000000000000 ) ) ;
#2701 = LINE ( 'NONE', #4530, #82 ) ;
#2702 = CARTESIAN_POINT ( 'NONE',  ( -21.73909603667271995, -12.44414273728421527, 21.57616807355590538 ) ) ;
#2703 = CARTESIAN_POINT ( 'NONE',  ( -69.23909603667226520, -37.44414273728461495, 89.78638223906794735 ) ) ;
#2704 = ORIENTED_EDGE ( 'NONE', *, *, #4417, .F. ) ;
#2705 = EDGE_CURVE ( 'NONE', #467, #6198, #5168, .T. ) ;
#2706 = DIRECTION ( 'NONE',  ( -0.4999999999999990008, -4.598423132665020346E-15, 0.8660254037844392627 ) ) ;
#2707 = EDGE_CURVE ( 'NONE', #1453, #3518, #154, .T. ) ;
#2708 = LINE ( 'NONE', #3209, #661 ) ;
#2709 = CARTESIAN_POINT ( 'NONE',  ( 10.76090396332725696, -2.444142737283951483, -22.71575941605351190 ) ) ;
#2710 = CARTESIAN_POINT ( 'NONE',  ( -63.03909603667239026, -2.444142737284210387, -34.67490275400487576 ) ) ;
#2711 = VERTEX_POINT ( 'NONE', #6708 ) ;
#2712 = ORIENTED_EDGE ( 'NONE', *, *, #6613, .F. ) ;
#2713 = ORIENTED_EDGE ( 'NONE', *, *, #4904, .T. ) ;
#2714 = ADVANCED_FACE ( 'NONE', ( #1182 ), #1215, .T. ) ;
#2715 = DIRECTION ( 'NONE',  ( 0.8660254037844384856, 1.963643475768590592E-15, 0.5000000000000003331 ) ) ;
#2716 = CARTESIAN_POINT ( 'NONE',  ( -69.23909603667223678, -37.44414273728452969, 62.28852389418955937 ) ) ;
#2717 = DIRECTION ( 'NONE',  ( -3.999776700323684900E-15, 1.000000000000000000, 3.000529512353633521E-15 ) ) ;
#2718 = DIRECTION ( 'NONE',  ( -1.865294060190236265E-16, 2.999626010543228277E-15, -1.000000000000000000 ) ) ;
#2719 = VERTEX_POINT ( 'NONE', #4464 ) ;
#2720 = ORIENTED_EDGE ( 'NONE', *, *, #655, .T. ) ;
#2721 = ORIENTED_EDGE ( 'NONE', *, *, #1097, .T. ) ;
#2722 = EDGE_CURVE ( 'NONE', #1801, #1714, #1579, .T. ) ;
#2723 = CARTESIAN_POINT ( 'NONE',  ( -2.652362769591120273, -5.444142737284116684, 14.46683629550345707 ) ) ;
#2724 = DIRECTION ( 'NONE',  ( 0.8660254037844382635, 1.938470449983430804E-15, 0.5000000000000005551 ) ) ;
#2725 = DIRECTION ( 'NONE',  ( -3.999776700323684900E-15, 1.000000000000000000, 3.000529512353633521E-15 ) ) ;
#2726 = CARTESIAN_POINT ( 'NONE',  ( -66.13909603667224246, -37.44414273728425258, -24.50554525054145927 ) ) ;
#2727 = DIRECTION ( 'NONE',  ( -3.999776700323684900E-15, 1.000000000000000000, 3.000529512353633521E-15 ) ) ;
#2728 = CARTESIAN_POINT ( 'NONE',  ( -45.96854809146704213, -12.44414273728451370, 88.64390184620089030 ) ) ;
#2729 = ORIENTED_EDGE ( 'NONE', *, *, #2832, .T. ) ;
#2730 = VECTOR ( 'NONE', #93, 1000.000000000000000 ) ;
#2731 = ORIENTED_EDGE ( 'NONE', *, *, #336, .T. ) ;
#2732 = AXIS2_PLACEMENT_3D ( 'NONE', #4365, #5004, #1047 ) ;
#2733 = ORIENTED_EDGE ( 'NONE', *, *, #4812, .T. ) ;
#2734 = CARTESIAN_POINT ( 'NONE',  ( 4.560903963327395338, -37.44414273728401810, -10.75661607810225995 ) ) ;
#2735 = DIRECTION ( 'NONE',  ( 1.000000000000000000, 3.999776700323684900E-15, 1.211476396892138794E-29 ) ) ;
#2736 = LINE ( 'NONE', #2045, #5192 ) ;
#2737 = CARTESIAN_POINT ( 'NONE',  ( 4.560903963327397115, -37.44414273728397546, -22.71575941605361848 ) ) ;
#2738 = EDGE_CURVE ( 'NONE', #6951, #4783, #6206, .T. ) ;
#2739 = VERTEX_POINT ( 'NONE', #3876 ) ;
#2740 = DIRECTION ( 'NONE',  ( -0.8660254037844388186, -4.967330528082534041E-15, 0.4999999999999997780 ) ) ;
#2741 = CARTESIAN_POINT ( 'NONE',  ( -14.23909603667241974, -37.44414273728440889, 94.18987201434093492 ) ) ;
#2742 = CARTESIAN_POINT ( 'NONE',  ( -3.702362769591112546, -7.444142737284122013, 14.46683629550344108 ) ) ;
#2743 = LINE ( 'NONE', #3728, #2207 ) ;
#2744 = AXIS2_PLACEMENT_3D ( 'NONE', #6988, #4197, #1902 ) ;
#2745 = EDGE_CURVE ( 'NONE', #4725, #2223, #6127, .T. ) ;
#2746 = EDGE_LOOP ( 'NONE', ( #968, #2464, #3308, #1875 ) ) ;
#2747 = EDGE_CURVE ( 'NONE', #2266, #6794, #4545, .T. ) ;
#2748 = CIRCLE ( 'NONE', #6025, 59.99999999999997158 ) ;
#2749 = ORIENTED_EDGE ( 'NONE', *, *, #1727, .T. ) ;
#2750 = ORIENTED_EDGE ( 'NONE', *, *, #1135, .F. ) ;
#2751 = CARTESIAN_POINT ( 'NONE',  ( -43.92909603667242635, 0.9558572627156717294, 29.97616807355594304 ) ) ;
#2752 = VECTOR ( 'NONE', #1615, 1000.000000000000114 ) ;
#2753 = DIRECTION ( 'NONE',  ( 3.999776700323684900E-15, -1.000000000000000000, -3.000529512353633521E-15 ) ) ;
#2754 = DIRECTION ( 'NONE',  ( 0.8660254037844383745, 4.964172988122225296E-15, -0.5000000000000004441 ) ) ;
#2755 = LINE ( 'NONE', #6599, #3300 ) ;
#2756 = CARTESIAN_POINT ( 'NONE',  ( 10.76090396332739729, -37.44414273728395415, -22.71575941605361848 ) ) ;
#2757 = CIRCLE ( 'NONE', #5091, 1.049999999999998934 ) ;
#2758 = VECTOR ( 'NONE', #6841, 1000.000000000000000 ) ;
#2759 = EDGE_CURVE ( 'NONE', #6076, #1886, #2331, .T. ) ;
#2760 = EDGE_LOOP ( 'NONE', ( #1970, #3973, #5629, #6769, #1168, #3101 ) ) ;
#2761 = ORIENTED_EDGE ( 'NONE', *, *, #6266, .T. ) ;
#2762 = VECTOR ( 'NONE', #961, 1000.000000000000000 ) ;
#2763 = EDGE_LOOP ( 'NONE', ( #17, #1084 ) ) ;
#2764 = DIRECTION ( 'NONE',  ( -3.999776700323684900E-15, 1.000000000000000000, 3.000529512353633521E-15 ) ) ;
#2765 = FACE_OUTER_BOUND ( 'NONE', #6362, .T. ) ;
#2766 = DIRECTION ( 'NONE',  ( 0.5000000000000004441, -5.986464323413358405E-16, 0.8660254037844383745 ) ) ;
#2767 = FACE_OUTER_BOUND ( 'NONE', #6862, .T. ) ;
#2768 = DIRECTION ( 'NONE',  ( 0.8660254037844380415, 0.000000000000000000, -0.5000000000000011102 ) ) ;
#2769 = FACE_BOUND ( 'NONE', #2453, .T. ) ;
#2770 = VECTOR ( 'NONE', #518, 1000.000000000000114 ) ;
#2771 = EDGE_CURVE ( 'NONE', #4219, #2327, #1003, .T. ) ;
#2772 = ORIENTED_EDGE ( 'NONE', *, *, #3785, .T. ) ;
#2773 = VERTEX_POINT ( 'NONE', #1847 ) ;
#2774 = CIRCLE ( 'NONE', #3353, 3.000000000000002665 ) ;
#2775 = VERTEX_POINT ( 'NONE', #6420 ) ;
#2776 = CIRCLE ( 'NONE', #1958, 54.99999999999995026 ) ;
#2777 = CARTESIAN_POINT ( 'NONE',  ( -51.23909603667252100, -12.44414273728438047, 51.47181993130960365 ) ) ;
#2778 = CARTESIAN_POINT ( 'NONE',  ( -71.23909603667232204, -9.444142737284195732, -47.18119123932480363 ) ) ;
#2779 = VECTOR ( 'NONE', #2536, 1000.000000000000000 ) ;
#2780 = DIRECTION ( 'NONE',  ( -3.999776700323684900E-15, 1.000000000000000000, 3.000529512353633521E-15 ) ) ;
#2781 = DIRECTION ( 'NONE',  ( -1.000000000000000000, -3.999776700323684900E-15, -0.000000000000000000 ) ) ;
#2782 = CIRCLE ( 'NONE', #3702, 2.100000000000000533 ) ;
#2783 = AXIS2_PLACEMENT_3D ( 'NONE', #6571, #7075, #1622 ) ;
#2784 = ORIENTED_EDGE ( 'NONE', *, *, #2638, .F. ) ;
#2785 = AXIS2_PLACEMENT_3D ( 'NONE', #191, #2436, #3545 ) ;
#2786 = DIRECTION ( 'NONE',  ( -3.999776700323684900E-15, 1.000000000000000000, 3.000529512353633521E-15 ) ) ;
#2787 = DIRECTION ( 'NONE',  ( -4.000000000000001100E-15, 1.000000000000000000, 2.999999999999999839E-15 ) ) ;
#2788 = CARTESIAN_POINT ( 'NONE',  ( -62.43909603667239594, -2.444142737284401790, 29.77616807355593664 ) ) ;
#2789 = CYLINDRICAL_SURFACE ( 'NONE', #4912, 2.100000000000000533 ) ;
#2790 = ORIENTED_EDGE ( 'NONE', *, *, #3470, .F. ) ;
#2791 = ORIENTED_EDGE ( 'NONE', *, *, #1286, .F. ) ;
#2792 = ORIENTED_EDGE ( 'NONE', *, *, #5987, .F. ) ;
#2793 = DIRECTION ( 'NONE',  ( 1.000000000000000000, 3.997092009229895906E-15, 0.000000000000000000 ) ) ;
#2794 = DIRECTION ( 'NONE',  ( -4.000000000000000311E-15, 1.000000000000000000, 3.000000000000000233E-15 ) ) ;
#2795 = EDGE_CURVE ( 'NONE', #6926, #2671, #2433, .T. ) ;
#2796 = LINE ( 'NONE', #6894, #6863 ) ;
#2797 = CARTESIAN_POINT ( 'NONE',  ( -71.73909603667236468, -2.444142737284435096, 29.77616807355593664 ) ) ;
#2798 = VECTOR ( 'NONE', #6879, 1000.000000000000000 ) ;
#2799 = VERTEX_POINT ( 'NONE', #3068 ) ;
#2800 = ORIENTED_EDGE ( 'NONE', *, *, #4087, .T. ) ;
#2801 = VERTEX_POINT ( 'NONE', #292 ) ;
#2802 = DIRECTION ( 'NONE',  ( -0.8660254037844381525, -1.963643475768587831E-15, -0.5000000000000008882 ) ) ;
#2803 = EDGE_CURVE ( 'NONE', #99, #7085, #6893, .T. ) ;
#2804 = CARTESIAN_POINT ( 'NONE',  ( -12.52083681049020925, -7.444142737284201949, 29.52628265379340888 ) ) ;
#2805 = EDGE_CURVE ( 'NONE', #5366, #6965, #3040, .T. ) ;
#2806 = DIRECTION ( 'NONE',  ( 3.999776700323684900E-15, -1.000000000000000000, 0.000000000000000000 ) ) ;
#2807 = CARTESIAN_POINT ( 'NONE',  ( 7.660903963327256427, -2.444142737283958589, -24.50554525054135624 ) ) ;
#2808 = DIRECTION ( 'NONE',  ( 1.000000000000000000, 4.130293990420969686E-15, 0.000000000000000000 ) ) ;
#2809 = LINE ( 'NONE', #4963, #658 ) ;
#2810 = VERTEX_POINT ( 'NONE', #1359 ) ;
#2811 = ORIENTED_EDGE ( 'NONE', *, *, #1060, .F. ) ;
#2812 = EDGE_LOOP ( 'NONE', ( #4550, #489, #3271, #1820 ) ) ;
#2813 = ADVANCED_FACE ( 'NONE', ( #1880 ), #5865, .F. ) ;
#2814 = FACE_OUTER_BOUND ( 'NONE', #1235, .T. ) ;
#2815 = DIRECTION ( 'NONE',  ( -3.999776700323682533E-15, 1.000000000000000000, 2.999626010543229460E-15 ) ) ;
#2816 = EDGE_CURVE ( 'NONE', #3983, #1787, #259, .T. ) ;
#2817 = DIRECTION ( 'NONE',  ( -0.8660254037844381525, 0.000000000000000000, -0.5000000000000008882 ) ) ;
#2818 = CARTESIAN_POINT ( 'NONE',  ( 4.560903963327413990, -37.44414273728431652, 89.78638223906796156 ) ) ;
#2819 = ORIENTED_EDGE ( 'NONE', *, *, #1411, .F. ) ;
#2820 = LINE ( 'NONE', #5052, #3937 ) ;
#2821 = EDGE_CURVE ( 'NONE', #3812, #7102, #3645, .T. ) ;
#2822 = DIRECTION ( 'NONE',  ( -3.999776700323684900E-15, 1.000000000000000000, 3.000529512353633521E-15 ) ) ;
#2823 = CARTESIAN_POINT ( 'NONE',  ( 7.660903963327257316, -2.444142737283979905, -17.34640191258999309 ) ) ;
#2824 = VERTEX_POINT ( 'NONE', #3108 ) ;
#2825 = ORIENTED_EDGE ( 'NONE', *, *, #430, .T. ) ;
#2826 = ORIENTED_EDGE ( 'NONE', *, *, #3970, .T. ) ;
#2827 = CARTESIAN_POINT ( 'NONE',  ( 7.660903963327255539, -2.444142737284015876, -5.387258574638634556 ) ) ;
#2828 = CARTESIAN_POINT ( 'NONE',  ( -69.23909603667226520, -37.44414273728461495, 89.78638223906794735 ) ) ;
#2829 = FACE_OUTER_BOUND ( 'NONE', #5956, .T. ) ;
#2830 = CARTESIAN_POINT ( 'NONE',  ( 7.660903963327254651, -2.444142737283994560, -12.54640191258999593 ) ) ;
#2831 = PERSON_AND_ORGANIZATION ( #3875, #2665 ) ;
#2832 = EDGE_CURVE ( 'NONE', #3179, #5803, #6348, .T. ) ;
#2833 = ORIENTED_EDGE ( 'NONE', *, *, #5622, .T. ) ;
#2834 = ORIENTED_EDGE ( 'NONE', *, *, #4917, .T. ) ;
#2835 = EDGE_LOOP ( 'NONE', ( #2130, #1944, #1825, #2920 ) ) ;
#2836 = CARTESIAN_POINT ( 'NONE',  ( -52.99504841762491480, -2.444142737284244138, -10.09898687096877268 ) ) ;
#2837 = CARTESIAN_POINT ( 'NONE',  ( -46.23909603667235757, -6.444142737284257016, 2.876168073555626759 ) ) ;
#2838 = LINE ( 'NONE', #463, #903 ) ;
#2839 = CARTESIAN_POINT ( 'NONE',  ( 3.335504178569583367, -7.444142737284114908, 21.42876338647385737 ) ) ;
#2840 = CARTESIAN_POINT ( 'NONE',  ( 4.518263276207967749, -2.444142737283877764, -55.42383192644405199 ) ) ;
#2841 = CARTESIAN_POINT ( 'NONE',  ( -66.13909603667238457, -2.444142737284217937, -36.46468858849271300 ) ) ;
#2842 = EDGE_CURVE ( 'NONE', #4361, #4670, #4511, .T. ) ;
#2843 = ORIENTED_EDGE ( 'NONE', *, *, #4310, .T. ) ;
#2844 = EDGE_CURVE ( 'NONE', #5431, #2824, #4719, .T. ) ;
#2845 = VERTEX_POINT ( 'NONE', #2466 ) ;
#2846 = ORIENTED_EDGE ( 'NONE', *, *, #5972, .T. ) ;
#2847 = AXIS2_PLACEMENT_3D ( 'NONE', #5371, #1523, #1013 ) ;
#2848 = EDGE_CURVE ( 'NONE', #2593, #2100, #5354, .T. ) ;
#2849 = DIRECTION ( 'NONE',  ( 0.8660254037844392627, 4.964172988122225296E-15, -0.4999999999999990563 ) ) ;
#2850 = CARTESIAN_POINT ( 'NONE',  ( 4.560903963327397115, -37.44414273728423126, 62.28852389418955937 ) ) ;
#2851 = DIRECTION ( 'NONE',  ( -1.000000000000000000, -4.130293990420968108E-15, 0.000000000000000000 ) ) ;
#2852 = CARTESIAN_POINT ( 'NONE',  ( -1.602362769591103797, -9.444142737284112243, 14.46683629550344463 ) ) ;
#2853 = AXIS2_PLACEMENT_3D ( 'NONE', #1361, #4765, #4241 ) ;
#2854 = EDGE_CURVE ( 'NONE', #482, #6092, #3007, .T. ) ;
#2855 = ORIENTED_EDGE ( 'NONE', *, *, #5100, .F. ) ;
#2856 = DIRECTION ( 'NONE',  ( 3.999776700323684900E-15, -1.000000000000000000, 0.000000000000000000 ) ) ;
#2857 = DIRECTION ( 'NONE',  ( 0.8660254037844379305, 1.938470449983435143E-15, 0.5000000000000014433 ) ) ;
#2858 = FACE_OUTER_BOUND ( 'NONE', #1399, .T. ) ;
#2859 = EDGE_LOOP ( 'NONE', ( #4965, #5667, #758, #3923 ) ) ;
#2860 = EDGE_CURVE ( 'NONE', #2845, #3489, #5247, .T. ) ;
#2861 = VERTEX_POINT ( 'NONE', #6921 ) ;
#2862 = ORIENTED_EDGE ( 'NONE', *, *, #7175, .F. ) ;
#2863 = CARTESIAN_POINT ( 'NONE',  ( -66.13909603667239878, -2.444142737284602074, 91.57616807355587696 ) ) ;
#2864 = DIRECTION ( 'NONE',  ( -1.000000000000000000, -4.047688110612546206E-15, 0.000000000000000000 ) ) ;
#2865 = DIRECTION ( 'NONE',  ( 0.8660254037844382635, 0.000000000000000000, -0.5000000000000006661 ) ) ;
#2866 = DIRECTION ( 'NONE',  ( -2.423088062479292450E-16, -3.000529512353634310E-15, 1.000000000000000000 ) ) ;
#2867 = VECTOR ( 'NONE', #2697, 1000.000000000000114 ) ;
#2868 = VECTOR ( 'NONE', #814, 1000.000000000000227 ) ;
#2869 = ORIENTED_EDGE ( 'NONE', *, *, #1843, .T. ) ;
#2870 = ORIENTED_EDGE ( 'NONE', *, *, #6380, .T. ) ;
#2871 = AXIS2_PLACEMENT_3D ( 'NONE', #1654, #3986, #2864 ) ;
#2872 = ORIENTED_EDGE ( 'NONE', *, *, #1095, .F. ) ;
#2873 = DIRECTION ( 'NONE',  ( 0.000000000000000000, 3.010503119717032181E-15, -1.000000000000000000 ) ) ;
#2874 = VECTOR ( 'NONE', #1845, 1000.000000000000000 ) ;
#2875 = LINE ( 'NONE', #2371, #2647 ) ;
#2876 = FACE_OUTER_BOUND ( 'NONE', #6244, .T. ) ;
#2877 = DIRECTION ( 'NONE',  ( 8.416931311147104576E-16, 3.084016238224993795E-15, -1.000000000000000000 ) ) ;
#2878 = DIRECTION ( 'NONE',  ( -3.999776700323684900E-15, 1.000000000000000000, 3.000529512353633521E-15 ) ) ;
#2879 = VECTOR ( 'NONE', #2517, 1000.000000000000000 ) ;
#2880 = CARTESIAN_POINT ( 'NONE',  ( -43.92909603667241925, -2.444142737284328071, 29.97616807355593238 ) ) ;
#2881 = VECTOR ( 'NONE', #6854, 1000.000000000000000 ) ;
#2882 = ORIENTED_EDGE ( 'NONE', *, *, #1976, .F. ) ;
#2883 = EDGE_LOOP ( 'NONE', ( #7040, #836 ) ) ;
#2884 = ORIENTED_EDGE ( 'NONE', *, *, #3059, .T. ) ;
#2885 = DIRECTION ( 'NONE',  ( -3.999776700323684900E-15, 1.000000000000000000, 3.000529512353633521E-15 ) ) ;
#2886 = ORIENTED_EDGE ( 'NONE', *, *, #5434, .F. ) ;
#2887 = EDGE_CURVE ( 'NONE', #644, #2335, #1395, .T. ) ;
#2888 = VECTOR ( 'NONE', #1183, 1000.000000000000000 ) ;
#2889 = LINE ( 'NONE', #1090, #1573 ) ;
#2890 = LINE ( 'NONE', #1059, #414 ) ;
#2891 = EDGE_CURVE ( 'NONE', #3761, #7092, #4171, .T. ) ;
#2892 = VECTOR ( 'NONE', #6252, 1000.000000000000000 ) ;
#2893 = FACE_OUTER_BOUND ( 'NONE', #5466, .T. ) ;
#2894 = DIRECTION ( 'NONE',  ( 0.5000000000000006661, 4.598423132665024290E-15, -0.8660254037844383745 ) ) ;
#2895 = VECTOR ( 'NONE', #179, 1000.000000000000114 ) ;
#2896 = PLANE ( 'NONE',  #5801 ) ;
#2897 = ADVANCED_FACE ( 'NONE', ( #3613 ), #4762, .F. ) ;
#2898 = CIRCLE ( 'NONE', #6058, 2.499999999999988454 ) ;
#2899 = EDGE_LOOP ( 'NONE', ( #5645, #6759, #3297, #2415 ) ) ;
#2900 = CIRCLE ( 'NONE', #556, 1.399999999999998579 ) ;
#2901 = VERTEX_POINT ( 'NONE', #6450 ) ;
#2902 = ORIENTED_EDGE ( 'NONE', *, *, #4776, .F. ) ;
#2903 = DIRECTION ( 'NONE',  ( 1.000000000000000000, 4.130293990420968108E-15, 0.000000000000000000 ) ) ;
#2904 = CARTESIAN_POINT ( 'NONE',  ( 4.560903963327258559, -2.444142737283940381, -34.67490275400487576 ) ) ;
#2905 = LINE ( 'NONE', #5648, #1717 ) ;
#2906 = CARTESIAN_POINT ( 'NONE',  ( -47.63909603667231352, -16.44414273728426323, 2.876168073555596560 ) ) ;
#2907 = EDGE_CURVE ( 'NONE', #5501, #7235, #6377, .T. ) ;
#2908 = CARTESIAN_POINT ( 'NONE',  ( 10.76090396332728183, -2.444142737283890643, -43.05447442298055449 ) ) ;
#2909 = EDGE_CURVE ( 'NONE', #120, #6669, #881, .T. ) ;
#2910 = PERSON_AND_ORGANIZATION ( #3875, #2665 ) ;
#2911 = ORIENTED_EDGE ( 'NONE', *, *, #197, .T. ) ;
#2912 = ORIENTED_EDGE ( 'NONE', *, *, #4702, .F. ) ;
#2913 = EDGE_LOOP ( 'NONE', ( #497, #4046, #5655, #1461 ) ) ;
#2914 = CARTESIAN_POINT ( 'NONE',  ( -46.13909603667241299, 0.9558572627157094770, 14.42616807355594588 ) ) ;
#2915 = DIRECTION ( 'NONE',  ( 0.8660254037844385966, 1.963643475768591775E-15, 0.4999999999999999445 ) ) ;
#2916 = CARTESIAN_POINT ( 'NONE',  ( 4.560903963327413102, -37.44414273728430231, 86.20681057009225867 ) ) ;
#2917 = FACE_OUTER_BOUND ( 'NONE', #37, .T. ) ;
#2918 = CARTESIAN_POINT ( 'NONE',  ( -69.23909603667237889, -2.444142737284281885, -19.13618774707783032 ) ) ;
#2919 = EDGE_LOOP ( 'NONE', ( #3247, #129, #939, #2206 ) ) ;
#2920 = ORIENTED_EDGE ( 'NONE', *, *, #1220, .F. ) ;
#2921 = EDGE_LOOP ( 'NONE', ( #6099, #3422, #5741, #228 ) ) ;
#2922 = DIRECTION ( 'NONE',  ( -0.8660254037844384856, -4.964172988122225296E-15, 0.5000000000000003331 ) ) ;
#2923 = VERTEX_POINT ( 'NONE', #3174 ) ;
#2924 = CARTESIAN_POINT ( 'NONE',  ( 7.660903963327413635, -37.44414273728428810, 84.41702473560442854 ) ) ;
#2925 = CARTESIAN_POINT ( 'NONE',  ( -21.73909603667235046, -5.444142737284214384, 21.57616807355569577 ) ) ;
#2926 = CARTESIAN_POINT ( 'NONE',  ( -11.55762521870767401, -7.444142737284148659, 13.52651803764361382 ) ) ;
#2927 = EDGE_CURVE ( 'NONE', #4459, #6888, #5527, .T. ) ;
#2928 = CARTESIAN_POINT ( 'NONE',  ( -71.73909603667239310, 0.9558572627155466073, 33.77616807355594375 ) ) ;
#2929 = CYLINDRICAL_SURFACE ( 'NONE', #5679, 59.99999999999997158 ) ;
#2930 = LINE ( 'NONE', #6233, #7203 ) ;
#2931 = VERTEX_POINT ( 'NONE', #2160 ) ;
#2932 = EDGE_CURVE ( 'NONE', #4809, #6353, #5417, .T. ) ;
#2933 = ORIENTED_EDGE ( 'NONE', *, *, #767, .T. ) ;
#2934 = ADVANCED_FACE ( 'NONE', ( #398 ), #2019, .F. ) ;
#2935 = EDGE_LOOP ( 'NONE', ( #34, #6928, #200, #1086 ) ) ;
#2936 = PLANE ( 'NONE',  #3458 ) ;
#2937 = DIRECTION ( 'NONE',  ( 3.999776700323684900E-15, -1.000000000000000000, 0.000000000000000000 ) ) ;
#2938 = DIRECTION ( 'NONE',  ( -3.999776700323684900E-15, 1.000000000000000000, 3.000529512353633521E-15 ) ) ;
#2939 = LINE ( 'NONE', #1217, #2274 ) ;
#2940 = DIRECTION ( 'NONE',  ( 0.000000000000000000, 0.000000000000000000, 1.000000000000000000 ) ) ;
#2941 = ORIENTED_EDGE ( 'NONE', *, *, #5146, .F. ) ;
#2942 = EDGE_CURVE ( 'NONE', #6447, #1319, #3726, .T. ) ;
#2943 = ORIENTED_EDGE ( 'NONE', *, *, #4131, .F. ) ;
#2944 = ORIENTED_EDGE ( 'NONE', *, *, #3779, .F. ) ;
#2945 = CARTESIAN_POINT ( 'NONE',  ( 8.179003961022649705, -5.444142737284125566, 31.71566209117936097 ) ) ;
#2946 = DIRECTION ( 'NONE',  ( 3.712746219811193165E-31, -3.000529512353633521E-15, 1.000000000000000000 ) ) ;
#2947 = LINE ( 'NONE', #4589, #5182 ) ;
#2948 = FACE_OUTER_BOUND ( 'NONE', #5251, .T. ) ;
#2949 = CARTESIAN_POINT ( 'NONE',  ( 5.435504178569590117, -9.444142737284106914, 21.42876338647385737 ) ) ;
#2950 = ORIENTED_EDGE ( 'NONE', *, *, #2402, .T. ) ;
#2951 = EDGE_CURVE ( 'NONE', #6816, #5499, #4387, .T. ) ;
#2952 = EDGE_LOOP ( 'NONE', ( #3190, #6687 ) ) ;
#2953 = ORIENTED_EDGE ( 'NONE', *, *, #2705, .T. ) ;
#2954 = LINE ( 'NONE', #1895, #3837 ) ;
#2955 = VERTEX_POINT ( 'NONE', #5494 ) ;
#2956 = LINE ( 'NONE', #6087, #909 ) ;
#2957 = CARTESIAN_POINT ( 'NONE',  ( 7.660903963327411859, -37.44414273728430942, 91.57616807355577748 ) ) ;
#2958 = CARTESIAN_POINT ( 'NONE',  ( -66.13909603667225667, -37.44414273728460785, 91.57616807355577748 ) ) ;
#2959 = CIRCLE ( 'NONE', #3418, 2.499999999999995115 ) ;
#2960 = DIRECTION ( 'NONE',  ( 0.8660254037844385966, 4.967330528082556129E-15, -0.4999999999999999445 ) ) ;
#2961 = CARTESIAN_POINT ( 'NONE',  ( -59.13909603667241299, 0.9558572627156726176, 9.376168073555946947 ) ) ;
#2962 = PLANE ( 'NONE',  #820 ) ;
#2963 = ADVANCED_FACE ( 'NONE', ( #3754 ), #2679, .T. ) ;
#2964 = ORIENTED_EDGE ( 'NONE', *, *, #4581, .T. ) ;
#2965 = ORIENTED_EDGE ( 'NONE', *, *, #1685, .T. ) ;
#2966 = EDGE_LOOP ( 'NONE', ( #4017, #5842, #141, #2040 ) ) ;
#2967 = DIRECTION ( 'NONE',  ( 4.001428817919833979E-15, -1.000000000000000000, -2.999626010543229460E-15 ) ) ;
#2968 = AXIS2_PLACEMENT_3D ( 'NONE', #528, #4440, #3516 ) ;
#2969 = CARTESIAN_POINT ( 'NONE',  ( -66.13909603667224246, -37.44414273728431652, -5.387258574638739361 ) ) ;
#2970 = CARTESIAN_POINT ( 'NONE',  ( -14.20202261797165910, -12.44414273728419396, 24.59862474456942039 ) ) ;
#2971 = LINE ( 'NONE', #1950, #7060 ) ;
#2972 = EDGE_CURVE ( 'NONE', #3704, #403, #894, .T. ) ;
#2973 = APPROVAL ( #714, '未指定' ) ;
#2974 = ORIENTED_EDGE ( 'NONE', *, *, #963, .T. ) ;
#2975 = ORIENTED_EDGE ( 'NONE', *, *, #5938, .F. ) ;
#2976 = ORIENTED_EDGE ( 'NONE', *, *, #345, .F. ) ;
#2977 = CARTESIAN_POINT ( 'NONE',  ( -1.526422912400816623, -7.444142737284154876, 28.46663033463454795 ) ) ;
#2978 = DIRECTION ( 'NONE',  ( -3.999776700323684900E-15, 1.000000000000000000, 3.000529512353633521E-15 ) ) ;
#2979 = LINE ( 'NONE', #1889, #4824 ) ;
#2980 = DIRECTION ( 'NONE',  ( 1.000000000000000000, 3.975407965780191339E-15, 0.000000000000000000 ) ) ;
#2981 = AXIS2_PLACEMENT_3D ( 'NONE', #2261, #5513, #2768 ) ;
#2982 = LINE ( 'NONE', #3525, #5209 ) ;
#2983 = VECTOR ( 'NONE', #283, 1000.000000000000000 ) ;
#2984 = EDGE_CURVE ( 'NONE', #6770, #2407, #2095, .T. ) ;
#2985 = ORIENTED_EDGE ( 'NONE', *, *, #2887, .F. ) ;
#2986 = ORIENTED_EDGE ( 'NONE', *, *, #1549, .F. ) ;
#2987 = AXIS2_PLACEMENT_3D ( 'NONE', #1056, #1715, #4565 ) ;
#2988 = ORIENTED_EDGE ( 'NONE', *, *, #6925, .T. ) ;
#2989 = LINE ( 'NONE', #214, #698 ) ;
#2990 = ORIENTED_EDGE ( 'NONE', *, *, #2178, .T. ) ;
#2991 = DIRECTION ( 'NONE',  ( 4.001428817919833979E-15, -1.000000000000000000, -2.999626010543229460E-15 ) ) ;
#2992 = CARTESIAN_POINT ( 'NONE',  ( 7.660903963327255539, -2.444142737284177525, 48.53959472175046841 ) ) ;
#2993 = LINE ( 'NONE', #6912, #1584 ) ;
#2994 = EDGE_CURVE ( 'NONE', #4362, #4835, #2708, .T. ) ;
#2995 = CIRCLE ( 'NONE', #4386, 2.750000000000002665 ) ;
#2996 = VECTOR ( 'NONE', #2485, 1000.000000000000000 ) ;
#2997 = CIRCLE ( 'NONE', #3802, 54.99999999999996447 ) ;
#2998 = PLANE ( 'NONE',  #4170 ) ;
#2999 = CARTESIAN_POINT ( 'NONE',  ( -10.50762521870766619, -12.44414273728414422, 13.52651803764360494 ) ) ;
#3000 = DIRECTION ( 'NONE',  ( -3.999776700323684900E-15, 1.000000000000000000, 3.000529512353633521E-15 ) ) ;
#3001 = VECTOR ( 'NONE', #3143, 1000.000000000000000 ) ;
#3002 = CIRCLE ( 'NONE', #4282, 3.000000000000002665 ) ;
#3003 = VERTEX_POINT ( 'NONE', #4239 ) ;
#3004 = EDGE_LOOP ( 'NONE', ( #4189, #2659, #3936, #2882 ) ) ;
#3005 = PLANE ( 'NONE',  #6859 ) ;
#3006 = AXIS2_PLACEMENT_3D ( 'NONE', #3248, #2567, #2159 ) ;
#3007 = LINE ( 'NONE', #5836, #2305 ) ;
#3008 = AXIS2_PLACEMENT_3D ( 'NONE', #6293, #688, #3453 ) ;
#3009 = CARTESIAN_POINT ( 'NONE',  ( -69.23909603667235046, -12.44414273728424192, -34.67490275400489708 ) ) ;
#3010 = PLANE ( 'NONE',  #5586 ) ;
#3011 = AXIS2_PLACEMENT_3D ( 'NONE', #5106, #163, #4554 ) ;
#3012 = VECTOR ( 'NONE', #3155, 1000.000000000000000 ) ;
#3013 = ORIENTED_EDGE ( 'NONE', *, *, #767, .F. ) ;
#3014 = EDGE_CURVE ( 'NONE', #3656, #717, #4937, .T. ) ;
#3015 = VERTEX_POINT ( 'NONE', #4796 ) ;
#3016 = ORIENTED_EDGE ( 'NONE', *, *, #1067, .T. ) ;
#3017 = CARTESIAN_POINT ( 'NONE',  ( 4.560903963327413990, -37.44414273728390441, -46.63404609195632844 ) ) ;
#3018 = CARTESIAN_POINT ( 'NONE',  ( -69.23909603667239310, -2.444142737284501710, 53.90895222521398722 ) ) ;
#3019 = CARTESIAN_POINT ( 'NONE',  ( -69.23909603667225099, -37.44414273728449416, 50.32938055623819906 ) ) ;
#3020 = CARTESIAN_POINT ( 'NONE',  ( -14.49594535174103171, -12.44414273728397546, -48.55076518432561272 ) ) ;
#3021 = DIRECTION ( 'NONE',  ( -3.999776700323684900E-15, 1.000000000000000000, 3.000529512353633521E-15 ) ) ;
#3022 = VERTEX_POINT ( 'NONE', #953 ) ;
#3023 = EDGE_CURVE ( 'NONE', #3845, #7177, #1247, .T. ) ;
#3024 = ORIENTED_EDGE ( 'NONE', *, *, #5582, .T. ) ;
#3025 = EDGE_CURVE ( 'NONE', #1077, #1884, #2602, .T. ) ;
#3026 = ORIENTED_EDGE ( 'NONE', *, *, #3721, .T. ) ;
#3027 = DIRECTION ( 'NONE',  ( 1.133159367757362572E-31, 3.000529512353633521E-15, -1.000000000000000000 ) ) ;
#3028 = ORIENTED_EDGE ( 'NONE', *, *, #1843, .F. ) ;
#3029 = CARTESIAN_POINT ( 'NONE',  ( -66.13909603667225667, -2.444142737284580313, 84.41702473560445696 ) ) ;
#3030 = PLANE ( 'NONE',  #3907 ) ;
#3031 = LINE ( 'NONE', #5268, #5095 ) ;
#3032 = EDGE_CURVE ( 'NONE', #4470, #1540, #7029, .T. ) ;
#3033 = CARTESIAN_POINT ( 'NONE',  ( -46.13909603667241299, -2.444142737284288991, 13.87616807355593984 ) ) ;
#3034 = CARTESIAN_POINT ( 'NONE',  ( -44.83909603667235899, -6.444142737284363598, 40.27616807355593664 ) ) ;
#3035 = CARTESIAN_POINT ( 'NONE',  ( 7.660903963327272415, -2.444142737283886646, -48.42383192644406620 ) ) ;
#3036 = VERTEX_POINT ( 'NONE', #1465 ) ;
#3037 = ADVANCED_FACE ( 'NONE', ( #2055, #4315 ), #3685, .T. ) ;
#3038 = ORIENTED_EDGE ( 'NONE', *, *, #4059, .F. ) ;
#3039 = CARTESIAN_POINT ( 'NONE',  ( 10.76090396332739729, -37.44414273728421705, 65.86809556316524095 ) ) ;
#3040 = LINE ( 'NONE', #5793, #4862 ) ;
#3041 = DIRECTION ( 'NONE',  ( -3.999776700323684900E-15, 1.000000000000000000, 3.000529512353633521E-15 ) ) ;
#3042 = DIRECTION ( 'NONE',  ( -3.999776700323684900E-15, 1.000000000000000000, 3.000529512353633521E-15 ) ) ;
#3043 = ORIENTED_EDGE ( 'NONE', *, *, #1763, .F. ) ;
#3044 = EDGE_LOOP ( 'NONE', ( #2975, #923 ) ) ;
#3045 = ORIENTED_EDGE ( 'NONE', *, *, #6191, .T. ) ;
#3046 = DIRECTION ( 'NONE',  ( 1.000000000000000000, 4.130293990420968108E-15, 0.000000000000000000 ) ) ;
#3047 = FACE_OUTER_BOUND ( 'NONE', #4003, .T. ) ;
#3048 = CARTESIAN_POINT ( 'NONE',  ( -46.23909603667235757, -6.444142737284368039, 40.27616807355593664 ) ) ;
#3049 = DIRECTION ( 'NONE',  ( 1.000000000000000000, 3.999776700323684900E-15, 1.211476396892138794E-29 ) ) ;
#3050 = ORIENTED_EDGE ( 'NONE', *, *, #1502, .F. ) ;
#3051 = ORIENTED_EDGE ( 'NONE', *, *, #282, .T. ) ;
#3052 = VERTEX_POINT ( 'NONE', #1569 ) ;
#3053 = CARTESIAN_POINT ( 'NONE',  ( -71.73909603667239310, -2.444142737284377365, 9.376168073555936289 ) ) ;
#3054 = VERTEX_POINT ( 'NONE', #3791 ) ;
#3055 = LINE ( 'NONE', #5921, #5347 ) ;
#3056 = DIRECTION ( 'NONE',  ( -1.000000000000000000, -4.003208021484940116E-15, 0.000000000000000000 ) ) ;
#3057 = LINE ( 'NONE', #4600, #1473 ) ;
#3058 = EDGE_CURVE ( 'NONE', #567, #5024, #1063, .T. ) ;
#3059 = EDGE_CURVE ( 'NONE', #2448, #6616, #3281, .T. ) ;
#3060 = LINE ( 'NONE', #4125, #1819 ) ;
#3061 = CARTESIAN_POINT ( 'NONE',  ( -21.73909603667271995, -12.44414273728421527, 21.57616807355590538 ) ) ;
#3062 = CARTESIAN_POINT ( 'NONE',  ( -21.73909603667274837, -2.444142737284214384, 21.57616807355592670 ) ) ;
#3063 = EDGE_CURVE ( 'NONE', #2294, #5214, #3432, .T. ) ;
#3064 = VECTOR ( 'NONE', #4840, 1000.000000000000000 ) ;
#3065 = ORIENTED_EDGE ( 'NONE', *, *, #5848, .T. ) ;
#3066 = EDGE_LOOP ( 'NONE', ( #3824, #5868, #7071, #1542 ) ) ;
#3067 = LINE ( 'NONE', #4069, #6154 ) ;
#3068 = CARTESIAN_POINT ( 'NONE',  ( -5.512905560481999423, -12.44414273728440179, -22.53404324571098982 ) ) ;
#3069 = DIRECTION ( 'NONE',  ( -3.999776700323684900E-15, 1.000000000000000000, 3.000529512353633521E-15 ) ) ;
#3070 = DIRECTION ( 'NONE',  ( 1.133159367757362572E-31, 3.000529512353633521E-15, -1.000000000000000000 ) ) ;
#3071 = ADVANCED_FACE ( 'NONE', ( #5565 ), #5053, .F. ) ;
#3072 = ORIENTED_EDGE ( 'NONE', *, *, #3504, .F. ) ;
#3073 = EDGE_LOOP ( 'NONE', ( #5315, #4876 ) ) ;
#3074 = ORIENTED_EDGE ( 'NONE', *, *, #4474, .T. ) ;
#3075 = ORIENTED_EDGE ( 'NONE', *, *, #6967, .T. ) ;
#3076 = DIRECTION ( 'NONE',  ( -1.000000000000000000, -4.037174635000572752E-15, 0.000000000000000000 ) ) ;
#3077 = DIRECTION ( 'NONE',  ( -1.000000000000000000, -4.047688110612546206E-15, 0.000000000000000000 ) ) ;
#3078 = CARTESIAN_POINT ( 'NONE',  ( -66.13909603667224246, -37.44414273728427389, -17.34640191259009967 ) ) ;
#3079 = CARTESIAN_POINT ( 'NONE',  ( -65.11777569311267655, -2.444142737284625166, 100.6974884171155509 ) ) ;
#3080 = EDGE_LOOP ( 'NONE', ( #3103, #1729, #6202, #7015, #4617, #3772 ) ) ;
#3081 = ORIENTED_EDGE ( 'NONE', *, *, #5987, .T. ) ;
#3082 = VERTEX_POINT ( 'NONE', #662 ) ;
#3083 = VECTOR ( 'NONE', #5240, 1000.000000000000000 ) ;
#3084 = DIRECTION ( 'NONE',  ( 0.8660254037844380415, 4.967330528082527730E-15, -0.5000000000000011102 ) ) ;
#3085 = LINE ( 'NONE', #3709, #433 ) ;
#3086 = CARTESIAN_POINT ( 'NONE',  ( -14.49594535174103171, -12.44414273728439468, 91.70310133143739506 ) ) ;
#3087 = DIRECTION ( 'NONE',  ( -0.8660254037844378194, -4.964172988122226874E-15, 0.5000000000000015543 ) ) ;
#3088 = CARTESIAN_POINT ( 'NONE',  ( -5.512905560481932810, -37.44414273728428100, 65.68637939282263005 ) ) ;
#3089 = AXIS2_PLACEMENT_3D ( 'NONE', #4531, #3392, #40 ) ;
#3090 = ORIENTED_EDGE ( 'NONE', *, *, #168, .T. ) ;
#3091 = AXIS2_PLACEMENT_3D ( 'NONE', #3781, #5449, #6040 ) ;
#3092 = EDGE_CURVE ( 'NONE', #3015, #6484, #6842, .T. ) ;
#3093 = DIRECTION ( 'NONE',  ( 0.8660254037844380415, 1.963643475768585859E-15, 0.5000000000000012212 ) ) ;
#3094 = LINE ( 'NONE', #6477, #4385 ) ;
#3095 = AXIS2_PLACEMENT_3D ( 'NONE', #2284, #6748, #2249 ) ;
#3096 = DIRECTION ( 'NONE',  ( -3.999776700323684900E-15, 1.000000000000000000, 3.000529512353633521E-15 ) ) ;
#3097 = FACE_OUTER_BOUND ( 'NONE', #6968, .T. ) ;
#3098 = VECTOR ( 'NONE', #2081, 1000.000000000000000 ) ;
#3099 = ADVANCED_FACE ( 'NONE', ( #4457 ), #587, .F. ) ;
#3100 = VECTOR ( 'NONE', #4948, 1000.000000000000114 ) ;
#3101 = ORIENTED_EDGE ( 'NONE', *, *, #4787, .F. ) ;
#3102 = VECTOR ( 'NONE', #4279, 1000.000000000000000 ) ;
#3103 = ORIENTED_EDGE ( 'NONE', *, *, #3641, .F. ) ;
#3104 = EDGE_CURVE ( 'NONE', #6783, #6363, #2320, .T. ) ;
#3105 = DIRECTION ( 'NONE',  ( -1.000000000000000000, -4.163336342344336238E-15, 0.000000000000000000 ) ) ;
#3106 = VECTOR ( 'NONE', #3274, 1000.000000000000114 ) ;
#3107 = ADVANCED_FACE ( 'NONE', ( #5020 ), #12, .F. ) ;
#3108 = CARTESIAN_POINT ( 'NONE',  ( 4.560903963327286981, -12.44414273728394349, -31.09533108502920840 ) ) ;
#3109 = PLANE ( 'NONE',  #785 ) ;
#3110 = LINE ( 'NONE', #232, #3584 ) ;
#3111 = AXIS2_PLACEMENT_3D ( 'NONE', #1737, #6128, #3957 ) ;
#3112 = EDGE_CURVE ( 'NONE', #1518, #4940, #621, .T. ) ;
#3113 = EDGE_LOOP ( 'NONE', ( #5131, #3379, #3295, #2933, #7070, #5516 ) ) ;
#3114 = ORIENTED_EDGE ( 'NONE', *, *, #6075, .T. ) ;
#3115 = ORIENTED_EDGE ( 'NONE', *, *, #7165, .T. ) ;
#3116 = VECTOR ( 'NONE', #837, 1000.000000000000000 ) ;
#3117 = EDGE_CURVE ( 'NONE', #6484, #4082, #45, .T. ) ;
#3118 = PLANE ( 'NONE',  #6707 ) ;
#3119 = EDGE_CURVE ( 'NONE', #3984, #1212, #4976, .T. ) ;
#3120 = LINE ( 'NONE', #3018, #3571 ) ;
#3121 = DIRECTION ( 'NONE',  ( -3.999776700323684900E-15, 1.000000000000000000, 3.000529512353633521E-15 ) ) ;
#3122 = DIRECTION ( 'NONE',  ( -4.000000000000001100E-15, 1.000000000000000000, 3.000000000000000628E-15 ) ) ;
#3123 = VECTOR ( 'NONE', #6970, 1000.000000000000000 ) ;
#3124 = ORIENTED_EDGE ( 'NONE', *, *, #705, .T. ) ;
#3125 = VERTEX_POINT ( 'NONE', #6232 ) ;
#3126 = ORIENTED_EDGE ( 'NONE', *, *, #4331, .F. ) ;
#3127 = ADVANCED_FACE ( 'NONE', ( #117 ), #1207, .F. ) ;
#3128 = CARTESIAN_POINT ( 'NONE',  ( -66.13909603667224246, -37.44414273728421705, -36.46468858849281958 ) ) ;
#3129 = DIRECTION ( 'NONE',  ( 4.001428817919833979E-15, -1.000000000000000000, -2.999626010543229460E-15 ) ) ;
#3130 = LINE ( 'NONE', #5372, #2315 ) ;
#3131 = CARTESIAN_POINT ( 'NONE',  ( 4.560903963327395338, -37.44414273728419573, 50.32938055623819906 ) ) ;
#3132 = FACE_OUTER_BOUND ( 'NONE', #3808, .T. ) ;
#3133 = CARTESIAN_POINT ( 'NONE',  ( 7.660903963327299948, -12.44414273728388132, -48.42383192644408751 ) ) ;
#3134 = ORIENTED_EDGE ( 'NONE', *, *, #3862, .T. ) ;
#3135 = LINE ( 'NONE', #5377, #3669 ) ;
#3136 = FACE_OUTER_BOUND ( 'NONE', #4426, .T. ) ;
#3137 = CARTESIAN_POINT ( 'NONE',  ( 15.76090396332726762, -12.44414273728430409, 101.5761680735558912 ) ) ;
#3138 = CARTESIAN_POINT ( 'NONE',  ( -47.63909603667235615, -6.444142737284263234, 2.876168073555632532 ) ) ;
#3139 = CIRCLE ( 'NONE', #4078, 0.8999999999999980238 ) ;
#3140 = EDGE_CURVE ( 'NONE', #87, #1305, #1933, .T. ) ;
#3141 = EDGE_LOOP ( 'NONE', ( #6343, #6433, #6655, #618 ) ) ;
#3142 = ORIENTED_EDGE ( 'NONE', *, *, #479, .F. ) ;
#3143 = DIRECTION ( 'NONE',  ( -3.999776700323684900E-15, 1.000000000000000000, 3.000529512353633521E-15 ) ) ;
#3144 = DIRECTION ( 'NONE',  ( -3.999776700323684900E-15, 1.000000000000000000, 3.000529512353633521E-15 ) ) ;
#3145 = PLANE ( 'NONE',  #4054 ) ;
#3146 = CARTESIAN_POINT ( 'NONE',  ( 4.518263276207995283, -12.44414273728387776, -55.42383192644407330 ) ) ;
#3147 = EDGE_CURVE ( 'NONE', #931, #6123, #3980, .T. ) ;
#3148 = ORIENTED_EDGE ( 'NONE', *, *, #4507, .T. ) ;
#3149 = ADVANCED_FACE ( 'NONE', ( #4015 ), #6270, .T. ) ;
#3150 = EDGE_LOOP ( 'NONE', ( #4515, #335 ) ) ;
#3151 = ORIENTED_EDGE ( 'NONE', *, *, #5348, .F. ) ;
#3152 = CARTESIAN_POINT ( 'NONE',  ( 7.660903963327254651, -2.444142737283994560, -12.54640191258999593 ) ) ;
#3153 = DIRECTION ( 'NONE',  ( -3.999776700323684900E-15, 1.000000000000000000, 3.000529512353633521E-15 ) ) ;
#3154 = CARTESIAN_POINT ( 'NONE',  ( 20.01886995729842056, -12.44414273728408560, 34.67369987615525417 ) ) ;
#3155 = DIRECTION ( 'NONE',  ( -1.374038396813312784E-15, 3.005708993029121617E-15, -1.000000000000000000 ) ) ;
#3156 = EDGE_CURVE ( 'NONE', #4351, #6594, #507, .T. ) ;
#3157 = ORIENTED_EDGE ( 'NONE', *, *, #1067, .F. ) ;
#3158 = ORIENTED_EDGE ( 'NONE', *, *, #984, .T. ) ;
#3159 = EDGE_LOOP ( 'NONE', ( #681, #2950, #5200, #2712 ) ) ;
#3160 = CARTESIAN_POINT ( 'NONE',  ( -21.73909603667271995, -12.44414273728421527, 21.57616807355590538 ) ) ;
#3161 = CARTESIAN_POINT ( 'NONE',  ( -43.46854809146695686, -37.44414273728450127, 88.64390184620079083 ) ) ;
#3162 = DIRECTION ( 'NONE',  ( -0.8660254037844379305, -4.967330528082551396E-15, 0.5000000000000014433 ) ) ;
#3163 = DIRECTION ( 'NONE',  ( -0.8660254037844392627, 0.000000000000000000, 0.4999999999999990008 ) ) ;
#3164 = DIRECTION ( 'NONE',  ( -0.4999999999999990008, -4.598423132665020346E-15, 0.8660254037844392627 ) ) ;
#3165 = DIRECTION ( 'NONE',  ( 1.133159367756914157E-31, 3.000529512353633521E-15, -1.000000000000000000 ) ) ;
#3166 = EDGE_CURVE ( 'NONE', #5571, #4287, #2209, .T. ) ;
#3167 = ORIENTED_EDGE ( 'NONE', *, *, #1869, .F. ) ;
#3168 = CARTESIAN_POINT ( 'NONE',  ( -51.23909603667251389, -2.444142737284175748, -30.67084141024142241 ) ) ;
#3169 = DIRECTION ( 'NONE',  ( 3.999776700323682533E-15, -1.000000000000000000, -2.999626010543229460E-15 ) ) ;
#3170 = DIRECTION ( 'NONE',  ( 0.8660254037844387076, 0.000000000000000000, -0.4999999999999997224 ) ) ;
#3171 = CARTESIAN_POINT ( 'NONE',  ( -3.845100679806458643, -12.44414273728409626, 6.659909737642452754 ) ) ;
#3172 = ORIENTED_EDGE ( 'NONE', *, *, #50, .T. ) ;
#3173 = DIRECTION ( 'NONE',  ( 0.8660254037844391517, 4.967330528082546663E-15, -0.4999999999999990008 ) ) ;
#3174 = CARTESIAN_POINT ( 'NONE',  ( 10.76090396332730847, -12.44414273728428455, 86.20681057009234394 ) ) ;
#3175 = ADVANCED_FACE ( 'NONE', ( #3866 ), #3364, .T. ) ;
#3176 = CARTESIAN_POINT ( 'NONE',  ( -63.03909603667233341, -12.44414273728446751, 50.32938055623827722 ) ) ;
#3177 = FACE_OUTER_BOUND ( 'NONE', #834, .T. ) ;
#3178 = EDGE_LOOP ( 'NONE', ( #2282, #66 ) ) ;
#3179 = VERTEX_POINT ( 'NONE', #4491 ) ;
#3180 = AXIS2_PLACEMENT_3D ( 'NONE', #2173, #4395, #4431 ) ;
#3181 = VERTEX_POINT ( 'NONE', #148 ) ;
#3182 = DIRECTION ( 'NONE',  ( 0.000000000000000000, 2.907705674975143840E-15, -1.000000000000000000 ) ) ;
#3183 = EDGE_CURVE ( 'NONE', #6574, #6636, #5828, .T. ) ;
#3184 = CARTESIAN_POINT ( 'NONE',  ( -43.92909603667241925, -2.444142737284328071, 29.97616807355593238 ) ) ;
#3185 = CC_DESIGN_DATE_AND_TIME_ASSIGNMENT ( #5141, #5580, ( #6396 ) ) ;
#3186 = DIRECTION ( 'NONE',  ( -1.000000000000000000, -4.047688110612546206E-15, 0.000000000000000000 ) ) ;
#3187 = CYLINDRICAL_SURFACE ( 'NONE', #4763, 1.399999999999998579 ) ;
#3188 = VERTEX_POINT ( 'NONE', #6369 ) ;
#3189 = ORIENTED_EDGE ( 'NONE', *, *, #1164, .T. ) ;
#3190 = ORIENTED_EDGE ( 'NONE', *, *, #4104, .F. ) ;
#3191 = CARTESIAN_POINT ( 'NONE',  ( -55.49504841762490059, -12.44414273728444442, 53.25132301808059765 ) ) ;
#3192 = EDGE_CURVE ( 'NONE', #5214, #2448, #1313, .T. ) ;
#3193 = FACE_OUTER_BOUND ( 'NONE', #272, .T. ) ;
#3194 = CARTESIAN_POINT ( 'NONE',  ( -71.73909603667240731, 0.9558572627156223245, 9.376168073555946947 ) ) ;
#3195 = DIRECTION ( 'NONE',  ( -0.8660254037844392627, -1.963643475768597691E-15, -0.4999999999999990563 ) ) ;
#3196 = EDGE_CURVE ( 'NONE', #2620, #1233, #5272, .T. ) ;
#3197 = LINE ( 'NONE', #7049, #1462 ) ;
#3198 = LINE ( 'NONE', #1527, #3335 ) ;
#3199 = EDGE_LOOP ( 'NONE', ( #1926, #6715 ) ) ;
#3200 = EDGE_CURVE ( 'NONE', #1822, #6861, #770, .T. ) ;
#3201 = CARTESIAN_POINT ( 'NONE',  ( -0.4764229124008089733, -9.444142737284151323, 28.46663033463454084 ) ) ;
#3202 = PLANE ( 'NONE',  #5687 ) ;
#3203 = LINE ( 'NONE', #3717, #5236 ) ;
#3204 = DIRECTION ( 'NONE',  ( 0.7071067811865485719, 7.071067811865556191E-16, 0.7071067811865464625 ) ) ;
#3205 = AXIS2_PLACEMENT_3D ( 'NONE', #218, #2455, #5747 ) ;
#3206 = ORIENTED_EDGE ( 'NONE', *, *, #5825, .T. ) ;
#3207 = AXIS2_PLACEMENT_3D ( 'NONE', #5791, #2967, #819 ) ;
#3208 = FACE_OUTER_BOUND ( 'NONE', #5143, .T. ) ;
#3209 = CARTESIAN_POINT ( 'NONE',  ( 14.88222430688688291, -2.444142737284281441, 92.45484772999625989 ) ) ;
#3210 = CARTESIAN_POINT ( 'NONE',  ( -44.23909603667253521, -12.44414273728451370, 91.02219027785491789 ) ) ;
#3211 = CARTESIAN_POINT ( 'NONE',  ( -48.78076270333910003, -37.44414273728446574, 69.46926010036999344 ) ) ;
#3212 = AXIS2_PLACEMENT_3D ( 'NONE', #2852, #1091, #616 ) ;
#3213 = AXIS2_PLACEMENT_3D ( 'NONE', #3491, #103, #5701 ) ;
#3214 = VECTOR ( 'NONE', #2534, 1000.000000000000000 ) ;
#3215 = VERTEX_POINT ( 'NONE', #3033 ) ;
#3216 = ORIENTED_EDGE ( 'NONE', *, *, #865, .F. ) ;
#3217 = AXIS2_PLACEMENT_3D ( 'NONE', #6660, #2735, #6146 ) ;
#3218 = VERTEX_POINT ( 'NONE', #4062 ) ;
#3219 = DIRECTION ( 'NONE',  ( 0.8660254037844383745, 1.963643475768589803E-15, 0.5000000000000004441 ) ) ;
#3220 = VECTOR ( 'NONE', #2056, 1000.000000000000000 ) ;
#3221 = CARTESIAN_POINT ( 'NONE',  ( -56.14909603667241100, -2.444142737284388467, 33.77616807355593664 ) ) ;
#3222 = LINE ( 'NONE', #6710, #4123 ) ;
#3223 = CARTESIAN_POINT ( 'NONE',  ( -46.23909603667231494, -16.44414273728436626, 40.27616807355590822 ) ) ;
#3224 = VECTOR ( 'NONE', #7064, 1000.000000000000000 ) ;
#3225 = EDGE_CURVE ( 'NONE', #6454, #3498, #3060, .T. ) ;
#3226 = CIRCLE ( 'NONE', #1142, 2.500000000000009326 ) ;
#3227 = ORIENTED_EDGE ( 'NONE', *, *, #5893, .F. ) ;
#3228 = VERTEX_POINT ( 'NONE', #2999 ) ;
#3229 = VERTEX_POINT ( 'NONE', #6913 ) ;
#3230 = CARTESIAN_POINT ( 'NONE',  ( -46.13909603667241299, 0.9558572627157108093, 13.87616807355595050 ) ) ;
#3231 = AXIS2_PLACEMENT_3D ( 'NONE', #6449, #5896, #4795 ) ;
#3232 = LINE ( 'NONE', #2554, #5142 ) ;
#3233 = DIRECTION ( 'NONE',  ( 3.999776700323682533E-15, -1.000000000000000000, -2.999626010543229460E-15 ) ) ;
#3235 = LINE ( 'NONE', #5994, #6751 ) ;
#3234 = CIRCLE ( 'NONE', #97, 2.500000000000002220 ) ;
#3236 = CARTESIAN_POINT ( 'NONE',  ( 15.76090396332728893, -12.44414273728385645, -48.42383192644410173 ) ) ;
#3237 = DIRECTION ( 'NONE',  ( -3.999776700323684900E-15, 1.000000000000000000, 3.000529512353633521E-15 ) ) ;
#3238 = EDGE_CURVE ( 'NONE', #1543, #416, #6310, .T. ) ;
#3239 = VECTOR ( 'NONE', #1297, 1000.000000000000000 ) ;
#3240 = ORIENTED_EDGE ( 'NONE', *, *, #3014, .F. ) ;
#3241 = ADVANCED_FACE ( 'NONE', ( #5720 ), #1872, .F. ) ;
#3242 = DIRECTION ( 'NONE',  ( -1.000000000000000000, -3.304235192336773934E-15, 0.000000000000000000 ) ) ;
#3243 = DIRECTION ( 'NONE',  ( -1.000000000000000000, -4.336808689942043768E-15, -0.000000000000000000 ) ) ;
#3244 = FACE_OUTER_BOUND ( 'NONE', #4002, .T. ) ;
#3245 = DIRECTION ( 'NONE',  ( 3.999776700323684900E-15, -1.000000000000000000, -3.000529512353633521E-15 ) ) ;
#3246 = EDGE_CURVE ( 'NONE', #4929, #77, #703, .T. ) ;
#3247 = ORIENTED_EDGE ( 'NONE', *, *, #3560, .T. ) ;
#3248 = CARTESIAN_POINT ( 'NONE',  ( -1.602362769591119784, -5.444142737284112243, 14.46683629550345707 ) ) ;
#3249 = DIRECTION ( 'NONE',  ( 1.000000000000000000, 3.989863994746641329E-15, 0.000000000000000000 ) ) ;
#3250 = PLANE ( 'NONE',  #4749 ) ;
#3251 = DIRECTION ( 'NONE',  ( 4.001428817919833979E-15, -1.000000000000000000, -2.999626010543229460E-15 ) ) ;
#3252 = ORIENTED_EDGE ( 'NONE', *, *, #6347, .F. ) ;
#3253 = ADVANCED_FACE ( 'NONE', ( #4710 ), #2459, .F. ) ;
#3254 = AXIS2_PLACEMENT_3D ( 'NONE', #3499, #5744, #4703 ) ;
#3255 = EDGE_LOOP ( 'NONE', ( #2478, #6908, #4966, #991 ) ) ;
#3256 = EDGE_LOOP ( 'NONE', ( #1752, #4800, #4032, #2912 ) ) ;
#3257 = DIRECTION ( 'NONE',  ( -3.999776700323684900E-15, 1.000000000000000000, 3.000529512353633521E-15 ) ) ;
#3258 = DIRECTION ( 'NONE',  ( -3.999776700323684900E-15, 1.000000000000000000, 3.000529512353633521E-15 ) ) ;
#3259 = LINE ( 'NONE', #486, #2615 ) ;
#3260 = DIRECTION ( 'NONE',  ( -3.999776700323684900E-15, 1.000000000000000000, 3.000529512353633521E-15 ) ) ;
#3261 = ORIENTED_EDGE ( 'NONE', *, *, #5010, .T. ) ;
#3262 = ORIENTED_EDGE ( 'NONE', *, *, #678, .T. ) ;
#3263 = ORIENTED_EDGE ( 'NONE', *, *, #1733, .F. ) ;
#3264 = PLANE ( 'NONE',  #4886 ) ;
#3265 = DIRECTION ( 'NONE',  ( -3.999776700323684900E-15, 1.000000000000000000, 3.000529512353633521E-15 ) ) ;
#3266 = DIRECTION ( 'NONE',  ( 1.000000000000000000, 4.130293990420968108E-15, 0.000000000000000000 ) ) ;
#3267 = CARTESIAN_POINT ( 'NONE',  ( -65.11777569311264813, -12.44414273728461673, 100.6974884171155367 ) ) ;
#3268 = CARTESIAN_POINT ( 'NONE',  ( -12.52083681049020925, -7.444142737284201949, 29.52628265379340888 ) ) ;
#3269 = FACE_BOUND ( 'NONE', #986, .T. ) ;
#3270 = ORIENTED_EDGE ( 'NONE', *, *, #3401, .F. ) ;
#3271 = ORIENTED_EDGE ( 'NONE', *, *, #157, .F. ) ;
#3272 = ORIENTED_EDGE ( 'NONE', *, *, #5025, .F. ) ;
#3273 = DIRECTION ( 'NONE',  ( -3.999776700323684900E-15, 1.000000000000000000, 3.000529512353633521E-15 ) ) ;
#3274 = DIRECTION ( 'NONE',  ( 0.8660254037844385966, 1.938470449983436721E-15, 0.4999999999999999445 ) ) ;
#3275 = EDGE_CURVE ( 'NONE', #2671, #4716, #1977, .T. ) ;
#3276 = CARTESIAN_POINT ( 'NONE',  ( 4.560903963327273658, -2.444142737284302758, 86.20681057009237236 ) ) ;
#3277 = DIRECTION ( 'NONE',  ( -3.999776700323684900E-15, 1.000000000000000000, 3.000529512353633521E-15 ) ) ;
#3278 = CC_DESIGN_PERSON_AND_ORGANIZATION_ASSIGNMENT ( #3442, #3407, ( #192 ) ) ;
#3279 = ORIENTED_EDGE ( 'NONE', *, *, #3196, .T. ) ;
#3280 = CARTESIAN_POINT ( 'NONE',  ( -8.447429370005902882, -2.444142737284001221, -31.79359487534814832 ) ) ;
#3281 = LINE ( 'NONE', #5384, #3909 ) ;
#3282 = LINE ( 'NONE', #5021, #2198 ) ;
#3283 = CARTESIAN_POINT ( 'NONE',  ( -74.23909603667232204, -9.444142737284208167, -47.18119123932480363 ) ) ;
#3284 = ADVANCED_FACE ( 'NONE', ( #4162 ), #6947, .F. ) ;
#3285 = ORIENTED_EDGE ( 'NONE', *, *, #2907, .F. ) ;
#3286 = VERTEX_POINT ( 'NONE', #3606 ) ;
#3287 = ORIENTED_EDGE ( 'NONE', *, *, #5172, .F. ) ;
#3288 = DIRECTION ( 'NONE',  ( 0.8660254037844385966, 4.964172988122224507E-15, -0.4999999999999999445 ) ) ;
#3289 = LINE ( 'NONE', #1038, #389 ) ;
#3290 = DIRECTION ( 'NONE',  ( -1.000000000000000000, -3.998792718520067699E-15, 0.000000000000000000 ) ) ;
#3291 = ADVANCED_FACE ( 'NONE', ( #1936 ), #5858, .F. ) ;
#3292 = DIRECTION ( 'NONE',  ( -3.999776700323684900E-15, 1.000000000000000000, 3.000529512353633521E-15 ) ) ;
#3293 = CARTESIAN_POINT ( 'NONE',  ( -59.13909603667239878, -2.444142737284327183, 9.376168073555936289 ) ) ;
#3294 = AXIS2_PLACEMENT_3D ( 'NONE', #5809, #2444, #6217 ) ;
#3295 = ORIENTED_EDGE ( 'NONE', *, *, #6312, .T. ) ;
#3296 = ORIENTED_EDGE ( 'NONE', *, *, #5862, .T. ) ;
#3297 = ORIENTED_EDGE ( 'NONE', *, *, #1018, .T. ) ;
#3298 = DIRECTION ( 'NONE',  ( 4.001428817919833979E-15, -1.000000000000000000, -2.999626010543229460E-15 ) ) ;
#3299 = DIRECTION ( 'NONE',  ( -1.000000000000000000, -3.989863994746636596E-15, 0.000000000000000000 ) ) ;
#3300 = VECTOR ( 'NONE', #1693, 1000.000000000000000 ) ;
#3301 = CARTESIAN_POINT ( 'NONE',  ( -45.96854809146692844, -37.44414273728450837, 88.64390184620079083 ) ) ;
#3302 = DIRECTION ( 'NONE',  ( 3.999776700323684900E-15, -1.000000000000000000, -3.000529512353633521E-15 ) ) ;
#3303 = CARTESIAN_POINT ( 'NONE',  ( -21.73909603667271995, -12.44414273728421527, 21.57616807355590538 ) ) ;
#3304 = FACE_BOUND ( 'NONE', #6176, .T. ) ;
#3305 = VECTOR ( 'NONE', #932, 1000.000000000000000 ) ;
#3306 = ORIENTED_EDGE ( 'NONE', *, *, #1029, .F. ) ;
#3307 = ORIENTED_EDGE ( 'NONE', *, *, #6083, .F. ) ;
#3308 = ORIENTED_EDGE ( 'NONE', *, *, #2951, .F. ) ;
#3309 = CARTESIAN_POINT ( 'NONE',  ( 10.76090396332729604, -12.44414273728420817, 62.28852389418963753 ) ) ;
#3310 = DIRECTION ( 'NONE',  ( 1.000000000000000000, 4.001428817919833979E-15, 0.000000000000000000 ) ) ;
#3311 = CARTESIAN_POINT ( 'NONE',  ( 10.76090396332739907, -37.44414273728391862, -34.67490275400497524 ) ) ;
#3312 = CARTESIAN_POINT ( 'NONE',  ( -12.52083681049020214, -12.44414273728420106, 29.52628265379340178 ) ) ;
#3313 = ADVANCED_FACE ( 'NONE', ( #5785 ), #2929, .F. ) ;
#3314 = ORIENTED_EDGE ( 'NONE', *, *, #756, .F. ) ;
#3315 = PLANE ( 'NONE',  #6755 ) ;
#3316 = CARTESIAN_POINT ( 'NONE',  ( -69.23909603667237889, -2.444142737284573208, 77.82723890111670073 ) ) ;
#3317 = AXIS2_PLACEMENT_3D ( 'NONE', #2925, #5883, #6911 ) ;
#3318 = FACE_OUTER_BOUND ( 'NONE', #4209, .T. ) ;
#3319 = FACE_OUTER_BOUND ( 'NONE', #1865, .T. ) ;
#3320 = VECTOR ( 'NONE', #6413, 1000.000000000000000 ) ;
#3321 = ORIENTED_EDGE ( 'NONE', *, *, #7110, .T. ) ;
#3322 = EDGE_CURVE ( 'NONE', #161, #3596, #5751, .T. ) ;
#3323 = ORIENTED_EDGE ( 'NONE', *, *, #2816, .F. ) ;
#3324 = VECTOR ( 'NONE', #1088, 1000.000000000000114 ) ;
#3325 = EDGE_CURVE ( 'NONE', #5057, #4139, #733, .T. ) ;
#3326 = ORIENTED_EDGE ( 'NONE', *, *, #3394, .F. ) ;
#3327 = CARTESIAN_POINT ( 'NONE',  ( -69.23909603667226520, -37.44414273728460074, 86.20681057009225867 ) ) ;
#3328 = VECTOR ( 'NONE', #4970, 1000.000000000000000 ) ;
#3329 = CARTESIAN_POINT ( 'NONE',  ( -62.99645534955305948, -9.444142737284149547, -55.42383192644409462 ) ) ;
#3330 = DIRECTION ( 'NONE',  ( 0.5000000000000000000, 4.598423132665023501E-15, -0.8660254037844387076 ) ) ;
#3331 = FACE_BOUND ( 'NONE', #3073, .T. ) ;
#3332 =( NAMED_UNIT ( * ) PLANE_ANGLE_UNIT ( ) SI_UNIT ( $, .RADIAN. ) );
#3333 = AXIS2_PLACEMENT_3D ( 'NONE', #4114, #3021, #5258 ) ;
#3334 = ADVANCED_FACE ( 'NONE', ( #2424 ), #4646, .T. ) ;
#3335 = VECTOR ( 'NONE', #7018, 1000.000000000000114 ) ;
#3336 = VERTEX_POINT ( 'NONE', #2629 ) ;
#3337 = EDGE_CURVE ( 'NONE', #3218, #1510, #5487, .T. ) ;
#3338 = EDGE_CURVE ( 'NONE', #2235, #6951, #4339, .T. ) ;
#3339 = ORIENTED_EDGE ( 'NONE', *, *, #2580, .F. ) ;
#3340 = VECTOR ( 'NONE', #6796, 1000.000000000000114 ) ;
#3341 = ORIENTED_EDGE ( 'NONE', *, *, #2007, .F. ) ;
#3342 = DIRECTION ( 'NONE',  ( -1.000000000000000000, -3.989863994746674461E-15, 0.000000000000000000 ) ) ;
#3343 = PLANE ( 'NONE',  #3680 ) ;
#3344 = LINE ( 'NONE', #3301, #3471 ) ;
#3345 = CARTESIAN_POINT ( 'NONE',  ( -73.36041638023201017, -2.444142737284207723, -49.30251158288442781 ) ) ;
#3346 = DIRECTION ( 'NONE',  ( -4.000000000000001100E-15, 1.000000000000000000, 2.999999999999999839E-15 ) ) ;
#3347 = FACE_BOUND ( 'NONE', #929, .T. ) ;
#3348 = AXIS2_PLACEMENT_3D ( 'NONE', #4764, #6349, #3614 ) ;
#3349 = VERTEX_POINT ( 'NONE', #2118 ) ;
#3350 = VECTOR ( 'NONE', #4850, 1000.000000000000000 ) ;
#3351 = EDGE_CURVE ( 'NONE', #2359, #2407, #3672, .T. ) ;
#3352 = ORIENTED_EDGE ( 'NONE', *, *, #4417, .T. ) ;
#3353 = AXIS2_PLACEMENT_3D ( 'NONE', #5019, #3979, #1681 ) ;
#3354 = ORIENTED_EDGE ( 'NONE', *, *, #1311, .T. ) ;
#3355 = AXIS2_PLACEMENT_3D ( 'NONE', #4851, #4442, #1665 ) ;
#3356 = CARTESIAN_POINT ( 'NONE',  ( -12.60762521870767472, -7.444142737284153100, 13.52651803764361027 ) ) ;
#3357 = DIRECTION ( 'NONE',  ( -1.000000000000000000, -3.975407965780191339E-15, 0.000000000000000000 ) ) ;
#3358 = DIRECTION ( 'NONE',  ( 3.999776700323682533E-15, -1.000000000000000000, -2.999626010543229460E-15 ) ) ;
#3359 = CARTESIAN_POINT ( 'NONE',  ( -46.23909603667235757, -6.444142737284257016, 2.876168073555626759 ) ) ;
#3360 = VECTOR ( 'NONE', #7121, 1000.000000000000000 ) ;
#3361 = AXIS2_PLACEMENT_3D ( 'NONE', #5908, #3594, #2980 ) ;
#3362 = ORIENTED_EDGE ( 'NONE', *, *, #1245, .F. ) ;
#3363 = CARTESIAN_POINT ( 'NONE',  ( -69.23909603667237889, -12.44414273728419040, -46.63404609195624317 ) ) ;
#3364 = CYLINDRICAL_SURFACE ( 'NONE', #5316, 3.000000000000000888 ) ;
#3365 = DIRECTION ( 'NONE',  ( -1.000000000000000000, -4.163336342344344915E-15, 0.000000000000000000 ) ) ;
#3366 = EDGE_CURVE ( 'NONE', #77, #7120, #647, .T. ) ;
#3367 = ORIENTED_EDGE ( 'NONE', *, *, #6121, .F. ) ;
#3368 = ORIENTED_EDGE ( 'NONE', *, *, #2376, .F. ) ;
#3369 = ORIENTED_EDGE ( 'NONE', *, *, #6553, .T. ) ;
#3370 = FACE_OUTER_BOUND ( 'NONE', #4137, .T. ) ;
#3371 = CARTESIAN_POINT ( 'NONE',  ( -51.23909603667255652, -2.444142737284488831, 73.82317755735323317 ) ) ;
#3372 = DIRECTION ( 'NONE',  ( 0.8660254037844400399, 1.963643475768604791E-15, 0.4999999999999976130 ) ) ;
#3373 = DIRECTION ( 'NONE',  ( -4.000000000000001100E-15, 1.000000000000000000, 2.999999999999999839E-15 ) ) ;
#3374 = ADVANCED_FACE ( 'NONE', ( #5929 ), #437, .F. ) ;
#3375 = PERSON_AND_ORGANIZATION_ROLE ( 'creator' ) ;
#3376 = VECTOR ( 'NONE', #4782, 1000.000000000000114 ) ;
#3377 = ORIENTED_EDGE ( 'NONE', *, *, #2571, .T. ) ;
#3378 = EDGE_LOOP ( 'NONE', ( #5773, #2986, #599, #7027 ) ) ;
#3379 = ORIENTED_EDGE ( 'NONE', *, *, #1198, .T. ) ;
#3380 = CARTESIAN_POINT ( 'NONE',  ( 4.560903963327258559, -2.444142737284267231, 74.24766723214101205 ) ) ;
#3381 = LINE ( 'NONE', #1702, #5099 ) ;
#3382 = FACE_OUTER_BOUND ( 'NONE', #7127, .T. ) ;
#3383 = LINE ( 'NONE', #2342, #7106 ) ;
#3384 = CARTESIAN_POINT ( 'NONE',  ( 7.660903963327274191, -2.444142737284284994, 84.41702473560454223 ) ) ;
#3385 = FACE_BOUND ( 'NONE', #3113, .T. ) ;
#3386 = ADVANCED_FACE ( 'NONE', ( #5888 ), #391, .F. ) ;
#3387 = VERTEX_POINT ( 'NONE', #4306 ) ;
#3388 = EDGE_LOOP ( 'NONE', ( #3090, #869, #4208, #777 ) ) ;
#3389 = ORIENTED_EDGE ( 'NONE', *, *, #1763, .T. ) ;
#3390 = LINE ( 'NONE', #5120, #1464 ) ;
#3391 = FACE_OUTER_BOUND ( 'NONE', #6929, .T. ) ;
#3392 = DIRECTION ( 'NONE',  ( 4.001428817919833979E-15, -1.000000000000000000, -2.999626010543229460E-15 ) ) ;
#3393 = DIRECTION ( 'NONE',  ( -1.000000000000000000, -3.999776700323685689E-15, 2.423088062479155878E-16 ) ) ;
#3394 = EDGE_CURVE ( 'NONE', #854, #6022, #2086, .T. ) ;
#3395 = ORIENTED_EDGE ( 'NONE', *, *, #795, .T. ) ;
#3396 = FACE_OUTER_BOUND ( 'NONE', #5532, .T. ) ;
#3397 = DIRECTION ( 'NONE',  ( -0.8660254037844400399, 0.000000000000000000, 0.4999999999999975575 ) ) ;
#3398 = CARTESIAN_POINT ( 'NONE',  ( -1.602362769591103797, -12.44414273728411402, 14.46683629550344463 ) ) ;
#3399 = EDGE_LOOP ( 'NONE', ( #889, #209, #4668, #1424, #1586 ) ) ;
#3400 = ORIENTED_EDGE ( 'NONE', *, *, #6860, .F. ) ;
#3401 = EDGE_CURVE ( 'NONE', #2022, #6646, #1023, .T. ) ;
#3402 = EDGE_LOOP ( 'NONE', ( #2440, #6727, #4922, #368, #4889 ) ) ;
#3403 = DIRECTION ( 'NONE',  ( 4.001428817919833979E-15, -1.000000000000000000, -2.999626010543229460E-15 ) ) ;
#3404 = CARTESIAN_POINT ( 'NONE',  ( 10.76090396332725874, -2.444142737283926614, -31.09533108502919063 ) ) ;
#3405 = DIRECTION ( 'NONE',  ( 3.999776700323684900E-15, -1.000000000000000000, -3.000529512353633521E-15 ) ) ;
#3406 = DIRECTION ( 'NONE',  ( 0.000000000000000000, -3.028860078099107970E-15, 1.000000000000000000 ) ) ;
#3407 = PERSON_AND_ORGANIZATION_ROLE ( 'design_supplier' ) ;
#3408 = EDGE_LOOP ( 'NONE', ( #6678, #1173 ) ) ;
#3409 = EDGE_CURVE ( 'NONE', #3336, #3812, #3715, .T. ) ;
#3410 = VERTEX_POINT ( 'NONE', #4859 ) ;
#3411 = ORIENTED_EDGE ( 'NONE', *, *, #485, .T. ) ;
#3412 = LINE ( 'NONE', #1744, #3585 ) ;
#3413 = DIRECTION ( 'NONE',  ( 1.000000000000000000, 4.100255488672448973E-15, 0.000000000000000000 ) ) ;
#3414 = DIRECTION ( 'NONE',  ( -3.999776700323684900E-15, 1.000000000000000000, 3.000529512353633521E-15 ) ) ;
#3415 = CARTESIAN_POINT ( 'NONE',  ( -14.23909603667241619, -37.44414273728396836, -51.03753586722928048 ) ) ;
#3416 = LINE ( 'NONE', #5661, #4974 ) ;
#3417 = DIRECTION ( 'NONE',  ( -1.000000000000000000, -3.999776700323684900E-15, 0.000000000000000000 ) ) ;
#3418 = AXIS2_PLACEMENT_3D ( 'NONE', #4814, #4623, #6867 ) ;
#3419 = VERTEX_POINT ( 'NONE', #3748 ) ;
#3420 = ORIENTED_EDGE ( 'NONE', *, *, #1286, .T. ) ;
#3421 = ADVANCED_FACE ( 'NONE', ( #6000 ), #916, .F. ) ;
#3422 = ORIENTED_EDGE ( 'NONE', *, *, #2272, .T. ) ;
#3423 = DIRECTION ( 'NONE',  ( 0.000000000000000000, 3.010503119717032181E-15, -1.000000000000000000 ) ) ;
#3424 = DIRECTION ( 'NONE',  ( -0.000000000000000000, -3.008190998803711661E-15, 1.000000000000000000 ) ) ;
#3425 = CARTESIAN_POINT ( 'NONE',  ( 10.76090396332742216, -37.44414273728388309, -46.63404609195632133 ) ) ;
#3426 = CARTESIAN_POINT ( 'NONE',  ( -10.42083681049021138, -7.444142737284193068, 29.52628265379340888 ) ) ;
#3427 = AXIS2_PLACEMENT_3D ( 'NONE', #2333, #1184, #1771 ) ;
#3428 = VECTOR ( 'NONE', #2611, 1000.000000000000000 ) ;
#3429 = ADVANCED_FACE ( 'NONE', ( #6518 ), #7095, .F. ) ;
#3430 = EDGE_CURVE ( 'NONE', #185, #287, #3135, .T. ) ;
#3431 = DIRECTION ( 'NONE',  ( -1.000000000000000000, -3.999776700323684900E-15, -1.211476396892138794E-29 ) ) ;
#3432 = LINE ( 'NONE', #5676, #6028 ) ;
#3433 = CARTESIAN_POINT ( 'NONE',  ( -21.73909603667260981, -37.44414273728421705, 21.57616807355582011 ) ) ;
#3434 = VERTEX_POINT ( 'NONE', #2042 ) ;
#3435 = EDGE_LOOP ( 'NONE', ( #5742, #2396, #3157, #5735 ) ) ;
#3436 = ORIENTED_EDGE ( 'NONE', *, *, #5980, .T. ) ;
#3437 = DIRECTION ( 'NONE',  ( -0.8660254037844378194, -1.963643475768583886E-15, -0.5000000000000015543 ) ) ;
#3438 = CARTESIAN_POINT ( 'NONE',  ( -38.53909603667240447, -2.444142737284249911, 11.07616807355594091 ) ) ;
#3439 = FACE_OUTER_BOUND ( 'NONE', #1841, .T. ) ;
#3440 = CARTESIAN_POINT ( 'NONE',  ( -51.23909603667237889, -37.44414273728417442, -30.67084141024152544 ) ) ;
#3441 = CARTESIAN_POINT ( 'NONE',  ( -46.23909603667234336, -12.44414273728425613, 2.876168073555617433 ) ) ;
#3442 = PERSON_AND_ORGANIZATION ( #3875, #2665 ) ;
#3443 = AXIS2_PLACEMENT_3D ( 'NONE', #6556, #6622, #3170 ) ;
#3444 = VECTOR ( 'NONE', #910, 1000.000000000000000 ) ;
#3445 = VECTOR ( 'NONE', #2672, 1000.000000000000000 ) ;
#3446 = EDGE_LOOP ( 'NONE', ( #6567, #6109, #5190, #6853 ) ) ;
#3447 = ORIENTED_EDGE ( 'NONE', *, *, #2241, .T. ) ;
#3448 = ORIENTED_EDGE ( 'NONE', *, *, #4128, .T. ) ;
#3449 = DIRECTION ( 'NONE',  ( -0.8660254037844382635, -1.938470449983431199E-15, -0.5000000000000006661 ) ) ;
#3450 = AXIS2_PLACEMENT_3D ( 'NONE', #3303, #1748, #2190 ) ;
#3451 = CARTESIAN_POINT ( 'NONE',  ( -54.75100079857723046, -12.44414273728444442, 55.03082610485168402 ) ) ;
#3452 = CARTESIAN_POINT ( 'NONE',  ( 7.660903963327284849, -12.44414273728420817, 60.49873805970180740 ) ) ;
#3453 = DIRECTION ( 'NONE',  ( -1.000000000000000000, -4.163336342344333082E-15, 0.000000000000000000 ) ) ;
#3454 = CARTESIAN_POINT ( 'NONE',  ( -62.99645534955304527, -2.444142737284619393, 101.5761680735559196 ) ) ;
#3455 = AXIS2_PLACEMENT_3D ( 'NONE', #4090, #4676, #3469 ) ;
#3456 = DIRECTION ( 'NONE',  ( 3.999776700323682533E-15, -1.000000000000000000, -2.999626010543229460E-15 ) ) ;
#3457 = ADVANCED_FACE ( 'NONE', ( #4267 ), #1497, .F. ) ;
#3458 = AXIS2_PLACEMENT_3D ( 'NONE', #3039, #258, #288 ) ;
#3459 = VECTOR ( 'NONE', #6007, 1000.000000000000000 ) ;
#3460 = VERTEX_POINT ( 'NONE', #3168 ) ;
#3461 = ORIENTED_EDGE ( 'NONE', *, *, #2174, .F. ) ;
#3462 = AXIS2_PLACEMENT_3D ( 'NONE', #2269, #614, #1057 ) ;
#3463 = EDGE_LOOP ( 'NONE', ( #5696, #2378, #299, #6877 ) ) ;
#3464 = LINE ( 'NONE', #4633, #6545 ) ;
#3465 = ORIENTED_EDGE ( 'NONE', *, *, #6566, .F. ) ;
#3467 = CIRCLE ( 'NONE', #3111, 3.000000000000000000 ) ;
#3466 = DIRECTION ( 'NONE',  ( -3.999776700323684900E-15, 1.000000000000000000, 3.000529512353633521E-15 ) ) ;
#3468 = CARTESIAN_POINT ( 'NONE',  ( 10.76090396332728716, -12.44414273728401987, -2.833372241562549451E-14 ) ) ;
#3469 = DIRECTION ( 'NONE',  ( -3.999776700323684900E-15, 1.000000000000000000, 0.000000000000000000 ) ) ;
#3470 = EDGE_CURVE ( 'NONE', #5066, #3511, #7129, .T. ) ;
#3471 = VECTOR ( 'NONE', #2146, 1000.000000000000000 ) ;
#3472 = EDGE_CURVE ( 'NONE', #4411, #567, #412, .T. ) ;
#3473 = AXIS2_PLACEMENT_3D ( 'NONE', #2726, #4926, #4961 ) ;
#3474 = DIRECTION ( 'NONE',  ( -0.8660254037844382635, -4.964172988122225296E-15, 0.5000000000000005551 ) ) ;
#3475 = DIRECTION ( 'NONE',  ( -1.000000000000000000, -3.965082230804131403E-15, 0.000000000000000000 ) ) ;
#3476 = FACE_BOUND ( 'NONE', #3178, .T. ) ;
#3477 = CIRCLE ( 'NONE', #6411, 2.099999999999999645 ) ;
#3478 = EDGE_CURVE ( 'NONE', #108, #5902, #1639, .T. ) ;
#3479 = EDGE_LOOP ( 'NONE', ( #405, #4185, #928, #2791 ) ) ;
#3480 = ORIENTED_EDGE ( 'NONE', *, *, #4540, .F. ) ;
#3481 = ORIENTED_EDGE ( 'NONE', *, *, #7134, .F. ) ;
#3482 = CARTESIAN_POINT ( 'NONE',  ( -63.03909603667236183, -12.44414273728457587, 86.20681057009234394 ) ) ;
#3483 = CARTESIAN_POINT ( 'NONE',  ( -14.49594535174091980, -37.44414273728397546, -48.55076518432569799 ) ) ;
#3484 = CARTESIAN_POINT ( 'NONE',  ( 4.518263276207981960, -2.444142737284349831, 101.5761680735559196 ) ) ;
#3485 = DIRECTION ( 'NONE',  ( -3.999776700323684900E-15, 1.000000000000000000, 3.000529512353633521E-15 ) ) ;
#3486 = EDGE_CURVE ( 'NONE', #1924, #2084, #1130, .T. ) ;
#3487 = VERTEX_POINT ( 'NONE', #5077 ) ;
#3488 = VERTEX_POINT ( 'NONE', #6690 ) ;
#3489 = VERTEX_POINT ( 'NONE', #6225 ) ;
#3490 = CARTESIAN_POINT ( 'NONE',  ( -69.23909603667240731, -2.444142737284199729, -46.63404609195622186 ) ) ;
#3491 = CARTESIAN_POINT ( 'NONE',  ( -12.60762521870767472, -7.444142737284153100, 13.52651803764361027 ) ) ;
#3492 = DIRECTION ( 'NONE',  ( 3.999776700323682533E-15, -1.000000000000000000, -2.999626010543229460E-15 ) ) ;
#3493 = LINE ( 'NONE', #5739, #4523 ) ;
#3494 = DIRECTION ( 'NONE',  ( -0.8660254037844400399, -4.964172988122223718E-15, 0.4999999999999975575 ) ) ;
#3495 = ORIENTED_EDGE ( 'NONE', *, *, #5118, .T. ) ;
#3496 = ORIENTED_EDGE ( 'NONE', *, *, #2338, .F. ) ;
#3497 = AXIS2_PLACEMENT_3D ( 'NONE', #3398, #6272, #6120 ) ;
#3498 = VERTEX_POINT ( 'NONE', #6771 ) ;
#3499 = CARTESIAN_POINT ( 'NONE',  ( -50.00992937000575722, -37.44414273728447995, 71.64621882886156357 ) ) ;
#3500 = ORIENTED_EDGE ( 'NONE', *, *, #735, .F. ) ;
#3501 = PLANE ( 'NONE',  #4398 ) ;
#3502 = FACE_OUTER_BOUND ( 'NONE', #3066, .T. ) ;
#3503 = LINE ( 'NONE', #2958, #7196 ) ;
#3504 = EDGE_CURVE ( 'NONE', #5861, #2775, #6728, .T. ) ;
#3505 = PLANE ( 'NONE',  #6294 ) ;
#3506 = EDGE_CURVE ( 'NONE', #3022, #5090, #4738, .T. ) ;
#3507 = DIRECTION ( 'NONE',  ( 0.8660254037844387076, 1.963643475768592958E-15, 0.4999999999999997224 ) ) ;
#3508 = DIRECTION ( 'NONE',  ( -1.652117596168388150E-15, 2.994463143055203436E-15, -1.000000000000000000 ) ) ;
#3509 = EDGE_LOOP ( 'NONE', ( #5446, #846, #1204, #51 ) ) ;
#3510 = ORIENTED_EDGE ( 'NONE', *, *, #2241, .F. ) ;
#3511 = VERTEX_POINT ( 'NONE', #3309 ) ;
#3512 = DIRECTION ( 'NONE',  ( 0.8660254037844395958, 4.964172988122224507E-15, -0.4999999999999983347 ) ) ;
#3513 = EDGE_CURVE ( 'NONE', #2275, #6703, #613, .T. ) ;
#3514 = DIRECTION ( 'NONE',  ( -0.8660254037844388186, -1.938470449983428043E-15, -0.4999999999999997780 ) ) ;
#3515 = DIRECTION ( 'NONE',  ( -3.999776700323684900E-15, 1.000000000000000000, 3.000529512353633521E-15 ) ) ;
#3516 = DIRECTION ( 'NONE',  ( -4.000000000000001100E-15, 1.000000000000000000, 0.000000000000000000 ) ) ;
#3517 = ORIENTED_EDGE ( 'NONE', *, *, #2591, .F. ) ;
#3518 = VERTEX_POINT ( 'NONE', #2349 ) ;
#3519 = ORIENTED_EDGE ( 'NONE', *, *, #1097, .F. ) ;
#3520 = EDGE_CURVE ( 'NONE', #2335, #3921, #3390, .T. ) ;
#3521 = CYLINDRICAL_SURFACE ( 'NONE', #1146, 54.99999999999995026 ) ;
#3522 = FACE_BOUND ( 'NONE', #3616, .T. ) ;
#3523 = DIRECTION ( 'NONE',  ( -4.000000000000001100E-15, 1.000000000000000000, 2.999999999999999839E-15 ) ) ;
#3524 = DIRECTION ( 'NONE',  ( 0.4999999999999990563, -5.986464323413433347E-16, 0.8660254037844392627 ) ) ;
#3525 = CARTESIAN_POINT ( 'NONE',  ( -66.13909603667224246, -37.44414273728429521, -12.54640191259010074 ) ) ;
#3526 = VERTEX_POINT ( 'NONE', #5519 ) ;
#3527 = VERTEX_POINT ( 'NONE', #2777 ) ;
#3528 = EDGE_LOOP ( 'NONE', ( #2704, #112, #5176, #4735, #524, #25 ) ) ;
#3529 = DIRECTION ( 'NONE',  ( -1.000000000000000000, -3.992240328275394166E-15, 0.000000000000000000 ) ) ;
#3530 = ORIENTED_EDGE ( 'NONE', *, *, #6258, .T. ) ;
#3531 = CARTESIAN_POINT ( 'NONE',  ( -69.23909603667223678, -37.44414273728457232, 77.82723890111658704 ) ) ;
#3532 = LINE ( 'NONE', #1930, #992 ) ;
#3533 = LINE ( 'NONE', #4745, #1352 ) ;
#3534 = CIRCLE ( 'NONE', #2847, 0.8999999999999980238 ) ;
#3535 = DIRECTION ( 'NONE',  ( -0.8660254037844379305, -4.967330528082529308E-15, 0.5000000000000012212 ) ) ;
#3536 = DIRECTION ( 'NONE',  ( -4.000000000000001100E-15, 1.000000000000000000, 2.999999999999999839E-15 ) ) ;
#3537 = DIRECTION ( 'NONE',  ( 4.001428817919833979E-15, -1.000000000000000000, -2.999626010543229460E-15 ) ) ;
#3538 = VECTOR ( 'NONE', #4024, 1000.000000000000000 ) ;
#3539 = EDGE_CURVE ( 'NONE', #3798, #3410, #1199, .T. ) ;
#3540 = VERTEX_POINT ( 'NONE', #3 ) ;
#3541 = ORIENTED_EDGE ( 'NONE', *, *, #6151, .F. ) ;
#3542 = DIRECTION ( 'NONE',  ( -4.000000000000001100E-15, 1.000000000000000000, 2.999999999999999839E-15 ) ) ;
#3543 = DIRECTION ( 'NONE',  ( 4.000000000000000311E-15, -1.000000000000000000, -2.999999999999999839E-15 ) ) ;
#3544 = PLANE ( 'NONE',  #1480 ) ;
#3545 = DIRECTION ( 'NONE',  ( -1.000000000000000000, -3.965082230804128248E-15, 0.000000000000000000 ) ) ;
#3546 = ADVANCED_FACE ( 'NONE', ( #6659 ), #3897, .F. ) ;
#3547 = VECTOR ( 'NONE', #6673, 1000.000000000000114 ) ;
#3548 = EDGE_CURVE ( 'NONE', #3487, #3873, #5046, .T. ) ;
#3549 = ORIENTED_EDGE ( 'NONE', *, *, #3916, .T. ) ;
#3550 = ORIENTED_EDGE ( 'NONE', *, *, #3678, .F. ) ;
#3551 = VERTEX_POINT ( 'NONE', #1755 ) ;
#3552 = DIRECTION ( 'NONE',  ( -0.5000000000000012212, -4.598423132665026657E-15, 0.8660254037844380415 ) ) ;
#3553 = CARTESIAN_POINT ( 'NONE',  ( 7.660903963327255539, -2.444142737284177525, 48.53959472175046841 ) ) ;
#3554 = FACE_OUTER_BOUND ( 'NONE', #2308, .T. ) ;
#3555 = CARTESIAN_POINT ( 'NONE',  ( 4.560903963327255894, -2.444142737284195288, 50.32938055623830564 ) ) ;
#3556 = VECTOR ( 'NONE', #3087, 1000.000000000000000 ) ;
#3557 = PLANE ( 'NONE',  #4499 ) ;
#3558 = VECTOR ( 'NONE', #841, 1000.000000000000000 ) ;
#3559 = EDGE_CURVE ( 'NONE', #6234, #6833, #5669, .T. ) ;
#3560 = EDGE_CURVE ( 'NONE', #5979, #3761, #1672, .T. ) ;
#3561 = ORIENTED_EDGE ( 'NONE', *, *, #2317, .F. ) ;
#3562 = AXIS2_PLACEMENT_3D ( 'NONE', #1914, #1467, #6998 ) ;
#3563 = ORIENTED_EDGE ( 'NONE', *, *, #984, .F. ) ;
#3564 = VECTOR ( 'NONE', #6126, 1000.000000000000000 ) ;
#3565 = ORIENTED_EDGE ( 'NONE', *, *, #5893, .T. ) ;
#3566 = CARTESIAN_POINT ( 'NONE',  ( -63.03909603667237604, -2.444142737284476397, 53.90895222521398722 ) ) ;
#3567 = ORIENTED_EDGE ( 'NONE', *, *, #1692, .T. ) ;
#3568 = LINE ( 'NONE', #4743, #2542 ) ;
#3569 = LINE ( 'NONE', #5823, #878 ) ;
#3570 = FACE_OUTER_BOUND ( 'NONE', #684, .T. ) ;
#3571 = VECTOR ( 'NONE', #4077, 1000.000000000000114 ) ;
#3572 = EDGE_CURVE ( 'NONE', #1519, #2719, #500, .T. ) ;
#3573 = VECTOR ( 'NONE', #2938, 1000.000000000000000 ) ;
#3574 = CARTESIAN_POINT ( 'NONE',  ( 4.560903963327256783, -2.444142737283976352, -22.71575941605351190 ) ) ;
#3575 = CARTESIAN_POINT ( 'NONE',  ( 7.660903963327411859, -37.44414273728388309, -48.42383192644417278 ) ) ;
#3576 = DIRECTION ( 'NONE',  ( -3.999776700323684900E-15, 1.000000000000000000, 3.000529512353633521E-15 ) ) ;
#3577 = AXIS2_PLACEMENT_3D ( 'NONE', #5333, #6983, #5297 ) ;
#3578 = ORIENTED_EDGE ( 'NONE', *, *, #1293, .F. ) ;
#3579 = VERTEX_POINT ( 'NONE', #7198 ) ;
#3580 = DIRECTION ( 'NONE',  ( -1.000000000000000000, -3.304235192336775117E-15, 0.000000000000000000 ) ) ;
#3581 = DIRECTION ( 'NONE',  ( -1.133159367757362572E-31, -3.000529512353633521E-15, 1.000000000000000000 ) ) ;
#3582 = CARTESIAN_POINT ( 'NONE',  ( -63.03909603667223394, -37.44414273728429521, -7.177044409126573932 ) ) ;
#3583 = CARTESIAN_POINT ( 'NONE',  ( -63.03909603667223394, -37.44414273728428810, -10.75661607810225995 ) ) ;
#3584 = VECTOR ( 'NONE', #3070, 1000.000000000000000 ) ;
#3585 = VECTOR ( 'NONE', #636, 1000.000000000000000 ) ;
#3586 = ORIENTED_EDGE ( 'NONE', *, *, #6872, .F. ) ;
#3587 = ORIENTED_EDGE ( 'NONE', *, *, #2203, .T. ) ;
#3588 = ORIENTED_EDGE ( 'NONE', *, *, #598, .T. ) ;
#3589 = CARTESIAN_POINT ( 'NONE',  ( -14.70762521870767259, -7.444142737284161981, 13.52651803764360139 ) ) ;
#3590 = EDGE_CURVE ( 'NONE', #5262, #1990, #5633, .T. ) ;
#3591 = DIRECTION ( 'NONE',  ( 1.000000000000000000, 4.100255488672448973E-15, 0.000000000000000000 ) ) ;
#3592 = EDGE_CURVE ( 'NONE', #717, #132, #2199, .T. ) ;
#3593 = FACE_OUTER_BOUND ( 'NONE', #5368, .T. ) ;
#3594 = DIRECTION ( 'NONE',  ( 3.999776700323682533E-15, -1.000000000000000000, -2.999626010543229460E-15 ) ) ;
#3595 = ORIENTED_EDGE ( 'NONE', *, *, #3478, .T. ) ;
#3596 = VERTEX_POINT ( 'NONE', #2236 ) ;
#3597 = ORIENTED_EDGE ( 'NONE', *, *, #3478, .F. ) ;
#3598 = ADVANCED_FACE ( 'NONE', ( #2814 ), #6145, .F. ) ;
#3599 = DIRECTION ( 'NONE',  ( -3.999776700323684900E-15, 1.000000000000000000, 3.000529512353633521E-15 ) ) ;
#3600 = ORIENTED_EDGE ( 'NONE', *, *, #5082, .F. ) ;
#3601 = DIRECTION ( 'NONE',  ( -3.999776700323684900E-15, 1.000000000000000000, 3.000529512353633521E-15 ) ) ;
#3602 = CARTESIAN_POINT ( 'NONE',  ( -21.73909603667233625, -9.444142737284215272, 21.57616807355568511 ) ) ;
#3603 = CARTESIAN_POINT ( 'NONE',  ( -46.13909603667239878, -2.444142737284288991, 13.87616807355593984 ) ) ;
#3604 = VECTOR ( 'NONE', #3508, 1000.000000000000000 ) ;
#3605 = ADVANCED_FACE ( 'NONE', ( #2268 ), #6194, .F. ) ;
#3606 = CARTESIAN_POINT ( 'NONE',  ( -35.73909603667242152, 0.9558572627157524426, 13.87616807355594872 ) ) ;
#3607 = DIRECTION ( 'NONE',  ( -3.999776700323684900E-15, 1.000000000000000000, 3.000529512353633521E-15 ) ) ;
#3608 = LINE ( 'NONE', #5860, #4012 ) ;
#3609 = EDGE_LOOP ( 'NONE', ( #5045, #6399, #942, #4449 ) ) ;
#3610 = AXIS2_PLACEMENT_3D ( 'NONE', #5022, #4016, #5087 ) ;
#3611 = ORIENTED_EDGE ( 'NONE', *, *, #6162, .F. ) ;
#3612 = CARTESIAN_POINT ( 'NONE',  ( -1.602362769591111791, -7.444142737284113132, 14.46683629550344996 ) ) ;
#3613 = FACE_OUTER_BOUND ( 'NONE', #6124, .T. ) ;
#3614 = DIRECTION ( 'NONE',  ( -1.000000000000000000, -2.775557561562879913E-15, 0.000000000000000000 ) ) ;
#3615 = CARTESIAN_POINT ( 'NONE',  ( -7.239096036672435730, -37.44414273728427389, 60.99380372056018729 ) ) ;
#3616 = EDGE_LOOP ( 'NONE', ( #1999, #1972, #6014, #5011, #378, #5165, #233, #4935, #3287, #1007, #6677, #474, #1054, #2358, #3971, #4068, #6462, #4605 ) ) ;
#3617 = ORIENTED_EDGE ( 'NONE', *, *, #6266, .F. ) ;
#3618 = ORIENTED_EDGE ( 'NONE', *, *, #3366, .T. ) ;
#3619 = ORIENTED_EDGE ( 'NONE', *, *, #6889, .T. ) ;
#3620 = DIRECTION ( 'NONE',  ( 4.001428817919833979E-15, -1.000000000000000000, -2.999626010543229460E-15 ) ) ;
#3621 = DIRECTION ( 'NONE',  ( -3.999776700323684900E-15, 1.000000000000000000, 3.000529512353633521E-15 ) ) ;
#3622 = DIRECTION ( 'NONE',  ( -1.000000000000000000, -3.999776700323682533E-15, -1.186849803017302798E-29 ) ) ;
#3623 = LINE ( 'NONE', #4664, #322 ) ;
#3624 = EDGE_CURVE ( 'NONE', #2223, #5894, #1237, .T. ) ;
#3625 = ORIENTED_EDGE ( 'NONE', *, *, #5885, .T. ) ;
#3626 = ORIENTED_EDGE ( 'NONE', *, *, #6952, .T. ) ;
#3627 = ORIENTED_EDGE ( 'NONE', *, *, #710, .T. ) ;
#3628 = DIRECTION ( 'NONE',  ( -3.999776700323684900E-15, 1.000000000000000000, 3.000529512353633521E-15 ) ) ;
#3629 = CARTESIAN_POINT ( 'NONE',  ( -63.03909603667234762, -12.44414273728431475, -2.833372241562635595E-14 ) ) ;
#3630 = DIRECTION ( 'NONE',  ( -0.4999999999999990008, 5.986464323413437291E-16, -0.8660254037844392627 ) ) ;
#3631 = DIRECTION ( 'NONE',  ( 4.003208021484941694E-15, -1.000000000000000000, -2.999626010543229066E-15 ) ) ;
#3632 = LINE ( 'NONE', #4192, #6735 ) ;
#3633 = EDGE_CURVE ( 'NONE', #5789, #6745, #3464, .T. ) ;
#3634 = ORIENTED_EDGE ( 'NONE', *, *, #2932, .F. ) ;
#3635 = EDGE_CURVE ( 'NONE', #3003, #6816, #2954, .T. ) ;
#3636 = DIRECTION ( 'NONE',  ( 1.198708916597885937E-29, -3.000529512353633521E-15, 1.000000000000000000 ) ) ;
#3637 = CARTESIAN_POINT ( 'NONE',  ( -52.99504841762477980, -37.44414273728424547, -10.09898687096887748 ) ) ;
#3638 = CARTESIAN_POINT ( 'NONE',  ( 7.660903963327396760, -37.44414273728398257, -17.34640191259009967 ) ) ;
#3639 = DIRECTION ( 'NONE',  ( 0.000000000000000000, 3.028860078099125325E-15, -1.000000000000000000 ) ) ;
#3640 = EDGE_CURVE ( 'NONE', #1044, #2359, #1788, .T. ) ;
#3641 = EDGE_CURVE ( 'NONE', #5584, #4595, #6260, .T. ) ;
#3642 = ORIENTED_EDGE ( 'NONE', *, *, #92, .T. ) ;
#3643 = ORIENTED_EDGE ( 'NONE', *, *, #6712, .T. ) ;
#3644 = CARTESIAN_POINT ( 'NONE',  ( 10.76090396332728183, -2.444142737283890643, -43.05447442298055449 ) ) ;
#3645 = LINE ( 'NONE', #6957, #6963 ) ;
#3646 = CIRCLE ( 'NONE', #1798, 2.500000000000009326 ) ;
#3647 = CARTESIAN_POINT ( 'NONE',  ( -63.03909603667223394, -37.44414273728447995, 53.90895222521388774 ) ) ;
#3648 = DIRECTION ( 'NONE',  ( -3.999776700323684900E-15, 1.000000000000000000, 0.000000000000000000 ) ) ;
#3649 = ORIENTED_EDGE ( 'NONE', *, *, #3905, .T. ) ;
#3650 = ORIENTED_EDGE ( 'NONE', *, *, #965, .F. ) ;
#3651 = ORIENTED_EDGE ( 'NONE', *, *, #6737, .F. ) ;
#3652 = LINE ( 'NONE', #5215, #3123 ) ;
#3653 = FACE_BOUND ( 'NONE', #4276, .T. ) ;
#3654 = DIRECTION ( 'NONE',  ( 0.8660254037844385966, 0.000000000000000000, 0.4999999999999999445 ) ) ;
#3655 = FACE_OUTER_BOUND ( 'NONE', #7133, .T. ) ;
#3656 = VERTEX_POINT ( 'NONE', #4154 ) ;
#3657 = ORIENTED_EDGE ( 'NONE', *, *, #807, .T. ) ;
#3658 = EDGE_LOOP ( 'NONE', ( #901, #3938, #6274, #5608 ) ) ;
#3659 = CARTESIAN_POINT ( 'NONE',  ( -63.03909603667239026, -2.444142737284221489, -31.09533108502919063 ) ) ;
#3660 = VECTOR ( 'NONE', #4828, 1000.000000000000000 ) ;
#3661 = LINE ( 'NONE', #6437, #1799 ) ;
#3662 = ORIENTED_EDGE ( 'NONE', *, *, #255, .T. ) ;
#3663 = EDGE_CURVE ( 'NONE', #4139, #4187, #2989, .T. ) ;
#3664 = LINE ( 'NONE', #2006, #3116 ) ;
#3665 = LINE ( 'NONE', #5922, #5324 ) ;
#3666 = DIRECTION ( 'NONE',  ( -1.000000000000000000, -3.989863994746650006E-15, 0.000000000000000000 ) ) ;
#3667 = VECTOR ( 'NONE', #4452, 1000.000000000000000 ) ;
#3668 = ORIENTED_EDGE ( 'NONE', *, *, #5526, .F. ) ;
#3669 = VECTOR ( 'NONE', #2594, 1000.000000000000000 ) ;
#3670 = CIRCLE ( 'NONE', #6501, 0.8999999999999980238 ) ;
#3671 = EDGE_CURVE ( 'NONE', #2923, #7092, #1826, .T. ) ;
#3672 = LINE ( 'NONE', #6583, #5438 ) ;
#3673 = CARTESIAN_POINT ( 'NONE',  ( -66.13909603667225667, -37.44414273728418152, -48.42383192644417278 ) ) ;
#3674 = EDGE_CURVE ( 'NONE', #1801, #1560, #4671, .T. ) ;
#3675 = VECTOR ( 'NONE', #516, 1000.000000000000000 ) ;
#3676 = DIRECTION ( 'NONE',  ( -3.999776700323684900E-15, 1.000000000000000000, 3.000529512353633521E-15 ) ) ;
#3677 = DIRECTION ( 'NONE',  ( 1.000000000000000000, 4.130293990420968108E-15, 0.000000000000000000 ) ) ;
#3678 = EDGE_CURVE ( 'NONE', #5604, #5431, #4118, .T. ) ;
#3679 = AXIS2_PLACEMENT_3D ( 'NONE', #2558, #1492, #4786 ) ;
#3680 = AXIS2_PLACEMENT_3D ( 'NONE', #4517, #5068, #5590 ) ;
#3681 = VERTEX_POINT ( 'NONE', #5155 ) ;
#3682 = ORIENTED_EDGE ( 'NONE', *, *, #1029, .T. ) ;
#3683 = DIRECTION ( 'NONE',  ( -1.000000000000000000, -4.163336342344330716E-15, 0.000000000000000000 ) ) ;
#3684 = AXIS2_PLACEMENT_3D ( 'NONE', #3782, #7023, #358 ) ;
#3685 = PLANE ( 'NONE',  #1458 ) ;
#3686 = DIRECTION ( 'NONE',  ( 0.7071067811865470176, 4.949747468305832930E-15, -0.7071067811865480168 ) ) ;
#3687 = DIRECTION ( 'NONE',  ( -3.999776700323684900E-15, 1.000000000000000000, 0.000000000000000000 ) ) ;
#3688 = EDGE_CURVE ( 'NONE', #4412, #5981, #5189, .T. ) ;
#3689 = VECTOR ( 'NONE', #6240, 1000.000000000000000 ) ;
#3690 = AXIS2_PLACEMENT_3D ( 'NONE', #1014, #529, #6651 ) ;
#3691 = EDGE_LOOP ( 'NONE', ( #4628, #3642 ) ) ;
#3692 = VECTOR ( 'NONE', #7162, 1000.000000000000000 ) ;
#3693 = VECTOR ( 'NONE', #4254, 1000.000000000000000 ) ;
#3694 = ORIENTED_EDGE ( 'NONE', *, *, #2061, .F. ) ;
#3695 = ORIENTED_EDGE ( 'NONE', *, *, #4273, .F. ) ;
#3696 = VECTOR ( 'NONE', #2189, 1000.000000000000000 ) ;
#3697 = PLANE ( 'NONE',  #6592 ) ;
#3698 = LINE ( 'NONE', #2612, #6621 ) ;
#3699 = EDGE_CURVE ( 'NONE', #5979, #2923, #727, .T. ) ;
#3700 = CARTESIAN_POINT ( 'NONE',  ( -44.23909603667249257, -12.44414273728409626, -47.86985413074319240 ) ) ;
#3701 = PLANE ( 'NONE',  #4648 ) ;
#3702 = AXIS2_PLACEMENT_3D ( 'NONE', #2977, #3620, #3046 ) ;
#3703 = AXIS2_PLACEMENT_3D ( 'NONE', #1041, #3260, #6676 ) ;
#3704 = VERTEX_POINT ( 'NONE', #6837 ) ;
#3705 = ORIENTED_EDGE ( 'NONE', *, *, #1010, .T. ) ;
#3706 = ORIENTED_EDGE ( 'NONE', *, *, #6332, .T. ) ;
#3707 = LINE ( 'NONE', #4222, #2895 ) ;
#3708 = DIRECTION ( 'NONE',  ( 1.000000000000000000, 4.004733053112189725E-15, 3.172065784643318770E-16 ) ) ;
#3709 = CARTESIAN_POINT ( 'NONE',  ( -69.23909603667237889, -2.444142737284235700, -34.67490275400487576 ) ) ;
#3710 = CARTESIAN_POINT ( 'NONE',  ( -66.13909603667224246, -37.44414273728423836, -29.30554525054145643 ) ) ;
#3711 = CARTESIAN_POINT ( 'NONE',  ( -7.239096036672535206, -12.44414273728427389, 60.99380372056026545 ) ) ;
#3712 = LINE ( 'NONE', #1450, #4153 ) ;
#3713 = ORIENTED_EDGE ( 'NONE', *, *, #3721, .F. ) ;
#3714 = EDGE_CURVE ( 'NONE', #2158, #3036, #1509, .T. ) ;
#3715 = LINE ( 'NONE', #870, #1939 ) ;
#3716 = CARTESIAN_POINT ( 'NONE',  ( -35.73909603667241441, 0.9558572627157663204, 9.376168073555943394 ) ) ;
#3717 = CARTESIAN_POINT ( 'NONE',  ( 7.660903963327257316, -2.444142737284213496, 60.49873805970182872 ) ) ;
#3718 = LINE ( 'NONE', #2015, #6034 ) ;
#3719 = VECTOR ( 'NONE', #3027, 1000.000000000000000 ) ;
#3720 = VECTOR ( 'NONE', #81, 1000.000000000000227 ) ;
#3721 = EDGE_CURVE ( 'NONE', #6152, #6618, #6302, .T. ) ;
#3722 = EDGE_CURVE ( 'NONE', #2636, #6768, #5819, .T. ) ;
#3723 = ORIENTED_EDGE ( 'NONE', *, *, #3401, .T. ) ;
#3724 = APPROVAL ( #677, '未指定' ) ;
#3725 = FACE_OUTER_BOUND ( 'NONE', #1916, .T. ) ;
#3726 = LINE ( 'NONE', #6086, #3459 ) ;
#3727 = FACE_OUTER_BOUND ( 'NONE', #608, .T. ) ;
#3728 = CARTESIAN_POINT ( 'NONE',  ( 3.335504178569583367, -7.444142737284114908, 21.42876338647386447 ) ) ;
#3729 = ORIENTED_EDGE ( 'NONE', *, *, #2738, .F. ) ;
#3730 = ORIENTED_EDGE ( 'NONE', *, *, #5270, .T. ) ;
#3731 = EDGE_CURVE ( 'NONE', #5260, #5861, #1273, .T. ) ;
#3732 = VERTEX_POINT ( 'NONE', #4085 ) ;
#3733 = CARTESIAN_POINT ( 'NONE',  ( 0.4976372304088890197, -7.444142737284104250, 14.46683629550344996 ) ) ;
#3734 = DIRECTION ( 'NONE',  ( -4.000000000000001100E-15, 1.000000000000000000, 2.999999999999999839E-15 ) ) ;
#3735 = CARTESIAN_POINT ( 'NONE',  ( -35.73909603667242152, 0.9558572627157055912, 29.57616807355594446 ) ) ;
#3736 = DIRECTION ( 'NONE',  ( 0.000000000000000000, 1.000000000000000000, 2.999626010543228277E-15 ) ) ;
#3737 = VERTEX_POINT ( 'NONE', #6333 ) ;
#3738 = ADVANCED_FACE ( 'NONE', ( #245 ), #2480, .F. ) ;
#3739 = ORIENTED_EDGE ( 'NONE', *, *, #3560, .F. ) ;
#3740 = ORIENTED_EDGE ( 'NONE', *, *, #514, .T. ) ;
#3741 = DIRECTION ( 'NONE',  ( -3.999776700323684900E-15, 1.000000000000000000, 0.000000000000000000 ) ) ;
#3742 = CARTESIAN_POINT ( 'NONE',  ( 10.76090396332725518, -2.444142737284181521, 53.90895222521398722 ) ) ;
#3743 = CARTESIAN_POINT ( 'NONE',  ( -35.73909603667241441, 0.9558572627156930457, 33.77616807355594375 ) ) ;
#3744 = DIRECTION ( 'NONE',  ( -3.999776700323684900E-15, 1.000000000000000000, 3.000529512353633521E-15 ) ) ;
#3745 = CARTESIAN_POINT ( 'NONE',  ( -7.239096036672552970, -2.444142737283983458, -36.64539150706670512 ) ) ;
#3746 = FACE_OUTER_BOUND ( 'NONE', #2649, .T. ) ;
#3747 = ORIENTED_EDGE ( 'NONE', *, *, #5163, .F. ) ;
#3748 = CARTESIAN_POINT ( 'NONE',  ( 4.560903963327256783, -2.444142737284242362, 65.86809556316535463 ) ) ;
#3749 = DIRECTION ( 'NONE',  ( -3.999776700323684900E-15, 1.000000000000000000, 3.000529512353633521E-15 ) ) ;
#3750 = LINE ( 'NONE', #3137, #417 ) ;
#3751 = LINE ( 'NONE', #3171, #4147 ) ;
#3752 = ORIENTED_EDGE ( 'NONE', *, *, #4496, .F. ) ;
#3753 = CARTESIAN_POINT ( 'NONE',  ( -38.53909603667241157, 0.9558572627156868284, 32.07616807355594091 ) ) ;
#3754 = FACE_OUTER_BOUND ( 'NONE', #2389, .T. ) ;
#3755 = LINE ( 'NONE', #5976, #1019 ) ;
#3756 = CARTESIAN_POINT ( 'NONE',  ( -46.13909603667241299, 0.9558572627157108093, 13.87616807355595050 ) ) ;
#3757 = VECTOR ( 'NONE', #687, 1000.000000000000000 ) ;
#3758 = EDGE_CURVE ( 'NONE', #5265, #1803, #3139, .T. ) ;
#3759 = ORIENTED_EDGE ( 'NONE', *, *, #4314, .F. ) ;
#3760 = ORIENTED_EDGE ( 'NONE', *, *, #2844, .T. ) ;
#3761 = VERTEX_POINT ( 'NONE', #6403 ) ;
#3762 = DIRECTION ( 'NONE',  ( -0.4999999999999997780, 5.986464323413391932E-16, -0.8660254037844388186 ) ) ;
#3763 = CARTESIAN_POINT ( 'NONE',  ( 10.76090396332728183, -2.444142737283879541, -46.63404609195622186 ) ) ;
#3764 = LINE ( 'NONE', #6172, #4944 ) ;
#3765 = EDGE_CURVE ( 'NONE', #5562, #1453, #1381, .T. ) ;
#3766 = CARTESIAN_POINT ( 'NONE',  ( 7.660903963327399424, -37.44414273728427389, 79.61702473560443138 ) ) ;
#3767 = EDGE_CURVE ( 'NONE', #3788, #2845, #906, .T. ) ;
#3768 = VECTOR ( 'NONE', #4547, 1000.000000000000114 ) ;
#3769 = CIRCLE ( 'NONE', #3562, 0.8999999999999980238 ) ;
#3770 = VERTEX_POINT ( 'NONE', #4188 ) ;
#3771 = EDGE_LOOP ( 'NONE', ( #4657, #1617, #6671, #5771 ) ) ;
#3772 = ORIENTED_EDGE ( 'NONE', *, *, #5876, .F. ) ;
#3773 = DIRECTION ( 'NONE',  ( 1.000000000000000000, 3.995400346265729035E-15, 0.000000000000000000 ) ) ;
#3774 = FACE_OUTER_BOUND ( 'NONE', #5966, .T. ) ;
#3775 = LINE ( 'NONE', #2695, #6291 ) ;
#3776 = PLANE ( 'NONE',  #4642 ) ;
#3777 = DIRECTION ( 'NONE',  ( 3.999776700323684900E-15, -1.000000000000000000, -3.000529512353633521E-15 ) ) ;
#3778 = CARTESIAN_POINT ( 'NONE',  ( -69.23909603667237889, -2.444142737284235700, -34.67490275400497524 ) ) ;
#3779 = EDGE_CURVE ( 'NONE', #1886, #1231, #4741, .T. ) ;
#3780 = ORIENTED_EDGE ( 'NONE', *, *, #5958, .F. ) ;
#3781 = CARTESIAN_POINT ( 'NONE',  ( -21.73909603667260981, -37.44414273728421705, 21.57616807355582011 ) ) ;
#3782 = CARTESIAN_POINT ( 'NONE',  ( -21.73909603667274837, -2.444142737284214384, 21.57616807355592670 ) ) ;
#3783 = FACE_OUTER_BOUND ( 'NONE', #5815, .T. ) ;
#3784 = CARTESIAN_POINT ( 'NONE',  ( -46.23909603667235757, -6.444142737284368039, 40.27616807355593664 ) ) ;
#3785 = EDGE_CURVE ( 'NONE', #5499, #5225, #3232, .T. ) ;
#3786 = AXIS2_PLACEMENT_3D ( 'NONE', #2154, #1529, #468 ) ;
#3787 = VECTOR ( 'NONE', #5061, 1000.000000000000114 ) ;
#3788 = VERTEX_POINT ( 'NONE', #4300 ) ;
#3789 = VECTOR ( 'NONE', #1050, 1000.000000000000000 ) ;
#3790 = CARTESIAN_POINT ( 'NONE',  ( -36.73909603667241441, 0.9558572627156939339, 32.07616807355594091 ) ) ;
#3791 = CARTESIAN_POINT ( 'NONE',  ( -69.23909603667240731, -2.444142737284609179, 89.78638223906806104 ) ) ;
#3792 = DIRECTION ( 'NONE',  ( 1.000000000000000000, 3.999776700323684900E-15, 1.163017341016453237E-29 ) ) ;
#3793 = DIRECTION ( 'NONE',  ( 4.001428817919833979E-15, -1.000000000000000000, -2.999626010543229460E-15 ) ) ;
#3794 = AXIS2_PLACEMENT_3D ( 'NONE', #5375, #6581, #4261 ) ;
#3795 = VECTOR ( 'NONE', #2915, 1000.000000000000114 ) ;
#3796 = AXIS2_PLACEMENT_3D ( 'NONE', #6630, #988, #476 ) ;
#3797 = ORIENTED_EDGE ( 'NONE', *, *, #3246, .T. ) ;
#3798 = VERTEX_POINT ( 'NONE', #6980 ) ;
#3799 = VECTOR ( 'NONE', #3243, 1000.000000000000000 ) ;
#3800 = ORIENTED_EDGE ( 'NONE', *, *, #4917, .F. ) ;
#3801 = LINE ( 'NONE', #1577, #7053 ) ;
#3802 = AXIS2_PLACEMENT_3D ( 'NONE', #4797, #2680, #4873 ) ;
#3803 = LINE ( 'NONE', #1072, #306 ) ;
#3804 = CARTESIAN_POINT ( 'NONE',  ( -63.03909603667239026, -2.444142737284537681, 74.24766723214101205 ) ) ;
#3805 = CARTESIAN_POINT ( 'NONE',  ( 7.660903963327255539, -2.444142737284015876, -5.387258574638634556 ) ) ;
#3806 = AXIS2_PLACEMENT_3D ( 'NONE', #3194, #424, #4473 ) ;
#3807 = VECTOR ( 'NONE', #3195, 999.9999999999998863 ) ;
#3808 = EDGE_LOOP ( 'NONE', ( #1908, #6299, #356, #4202 ) ) ;
#3809 = ADVANCED_FACE ( 'NONE', ( #3193 ), #2035, .F. ) ;
#3810 = VERTEX_POINT ( 'NONE', #6547 ) ;
#3811 = ADVANCED_FACE ( 'NONE', ( #1413 ), #2004, .F. ) ;
#3812 = VERTEX_POINT ( 'NONE', #350 ) ;
#3813 = LINE ( 'NONE', #6026, #5710 ) ;
#3814 = AXIS2_PLACEMENT_3D ( 'NONE', #2110, #4332, #3773 ) ;
#3815 = DIRECTION ( 'NONE',  ( 1.000000000000000000, 4.024389016307606452E-15, -0.000000000000000000 ) ) ;
#3816 = CYLINDRICAL_SURFACE ( 'NONE', #1483, 2.500000000000009326 ) ;
#3817 = CARTESIAN_POINT ( 'NONE',  ( 7.660903963327411859, -37.44414273728388309, -48.42383192644417278 ) ) ;
#3818 = DIRECTION ( 'NONE',  ( -3.999776700323684900E-15, 1.000000000000000000, 3.000529512353633521E-15 ) ) ;
#3819 = FACE_BOUND ( 'NONE', #667, .T. ) ;
#3820 = CIRCLE ( 'NONE', #6400, 3.000000000000000000 ) ;
#3821 = VECTOR ( 'NONE', #2226, 1000.000000000000000 ) ;
#3822 = VERTEX_POINT ( 'NONE', #2622 ) ;
#3823 = EDGE_CURVE ( 'NONE', #2739, #5778, #315, .T. ) ;
#3824 = ORIENTED_EDGE ( 'NONE', *, *, #2272, .F. ) ;
#3825 = CARTESIAN_POINT ( 'NONE',  ( -14.75279466680941276, -37.44414273728398257, -46.06399450142210839 ) ) ;
#3826 = FACE_BOUND ( 'NONE', #5001, .T. ) ;
#3827 = CARTESIAN_POINT ( 'NONE',  ( 3.335504178569590916, -12.44414273728411580, 21.42876338647385737 ) ) ;
#3828 = CARTESIAN_POINT ( 'NONE',  ( -71.73909603667236468, -2.444142737284654476, 101.5761680735559196 ) ) ;
#3829 = ORIENTED_EDGE ( 'NONE', *, *, #72, .T. ) ;
#3830 = EDGE_CURVE ( 'NONE', #4425, #1328, #5478, .T. ) ;
#3831 = LINE ( 'NONE', #6698, #1846 ) ;
#3832 = CARTESIAN_POINT ( 'NONE',  ( -1.602362769591111791, -7.444142737284113132, 14.46683629550344996 ) ) ;
#3834 = CIRCLE ( 'NONE', #3610, 6.499999999999999112 ) ;
#3833 = DIRECTION ( 'NONE',  ( -0.5000000000000012212, 5.986464323413306143E-16, -0.8660254037844380415 ) ) ;
#3835 = CARTESIAN_POINT ( 'NONE',  ( -38.53909603667241868, 0.9558572627157496671, 11.07616807355594624 ) ) ;
#3836 = ORIENTED_EDGE ( 'NONE', *, *, #1502, .T. ) ;
#3837 = VECTOR ( 'NONE', #5777, 1000.000000000000000 ) ;
#3838 = ORIENTED_EDGE ( 'NONE', *, *, #4392, .T. ) ;
#3839 = ORIENTED_EDGE ( 'NONE', *, *, #2088, .T. ) ;
#3840 = CARTESIAN_POINT ( 'NONE',  ( -41.93909603667241015, 0.9558572627156808332, 29.57616807355594446 ) ) ;
#3841 = CARTESIAN_POINT ( 'NONE',  ( -21.73909603667274837, -2.444142737284214384, 21.57616807355592670 ) ) ;
#3842 = CYLINDRICAL_SURFACE ( 'NONE', #3180, 2.099999999999997868 ) ;
#3843 = DIRECTION ( 'NONE',  ( -1.000000000000000000, -4.037174635000571963E-15, 0.000000000000000000 ) ) ;
#3844 = ORIENTED_EDGE ( 'NONE', *, *, #6695, .T. ) ;
#3845 = VERTEX_POINT ( 'NONE', #5439 ) ;
#3846 = VERTEX_POINT ( 'NONE', #1446 ) ;
#3847 = CARTESIAN_POINT ( 'NONE',  ( -74.23909603667232204, -12.44414273728420817, -47.18119123932480363 ) ) ;
#3848 = FACE_OUTER_BOUND ( 'NONE', #171, .T. ) ;
#3849 = CARTESIAN_POINT ( 'NONE',  ( 10.76090396332725696, -2.444142737284206834, 62.28852389418966595 ) ) ;
#3850 = DIRECTION ( 'NONE',  ( -0.7071067811865486830, -7.071067811865568024E-16, -0.7071067811865463515 ) ) ;
#3851 = CARTESIAN_POINT ( 'NONE',  ( -66.13909603667224246, -37.44414273728456521, 79.61702473560443138 ) ) ;
#3852 = FACE_BOUND ( 'NONE', #6334, .T. ) ;
#3853 = EDGE_CURVE ( 'NONE', #4692, #2275, #974, .T. ) ;
#3854 = ORIENTED_EDGE ( 'NONE', *, *, #978, .T. ) ;
#3855 = ORIENTED_EDGE ( 'NONE', *, *, #7007, .F. ) ;
#3856 = VERTEX_POINT ( 'NONE', #382 ) ;
#3857 = DIRECTION ( 'NONE',  ( -3.999776700323684900E-15, 1.000000000000000000, 3.000529512353633521E-15 ) ) ;
#3858 = FACE_OUTER_BOUND ( 'NONE', #2265, .T. ) ;
#3859 = CARTESIAN_POINT ( 'NONE',  ( -69.23909603667226520, -37.44414273728420994, -43.05447442298066107 ) ) ;
#3860 = DIRECTION ( 'NONE',  ( -3.999776700323682533E-15, 1.000000000000000000, 2.999626010543229460E-15 ) ) ;
#3861 = EDGE_CURVE ( 'NONE', #6067, #1560, #3534, .T. ) ;
#3862 = EDGE_CURVE ( 'NONE', #2711, #3228, #3661, .T. ) ;
#3863 = ORIENTED_EDGE ( 'NONE', *, *, #6177, .T. ) ;
#3864 = CARTESIAN_POINT ( 'NONE',  ( -46.13909603667241299, 0.9558572627157246870, 9.376168073555946947 ) ) ;
#3865 = EDGE_CURVE ( 'NONE', #4670, #4361, #5300, .T. ) ;
#3866 = FACE_OUTER_BOUND ( 'NONE', #2746, .T. ) ;
#3867 = DIRECTION ( 'NONE',  ( -1.000000000000000000, -4.047688110612550150E-15, 0.000000000000000000 ) ) ;
#3868 = DIRECTION ( 'NONE',  ( -3.999776700323684900E-15, 1.000000000000000000, 3.000529512353633521E-15 ) ) ;
#3869 = EDGE_CURVE ( 'NONE', #1231, #1713, #941, .T. ) ;
#3870 = ADVANCED_FACE ( 'NONE', ( #4333 ), #2663, .F. ) ;
#3871 = VERTEX_POINT ( 'NONE', #3742 ) ;
#3872 = EDGE_LOOP ( 'NONE', ( #7176, #3882, #2584, #4736 ) ) ;
#3873 = VERTEX_POINT ( 'NONE', #5992 ) ;
#3874 = CARTESIAN_POINT ( 'NONE',  ( 9.426438351110784097, -12.44414273728397546, -16.32707015853967292 ) ) ;
#3875 = PERSON ( '未指定', '未指定', '未指定', ('未指定'), ('未指定'), ('未指定') ) ;
#3876 = CARTESIAN_POINT ( 'NONE',  ( -62.99645534955305948, -12.44414273728414244, -58.42383192644409462 ) ) ;
#3877 = DIRECTION ( 'NONE',  ( 3.999776700323684900E-15, -1.000000000000000000, 0.000000000000000000 ) ) ;
#3878 = CARTESIAN_POINT ( 'NONE',  ( -52.99504841762477980, -37.44414273728443732, 53.25132301808050528 ) ) ;
#3879 = PERSON_AND_ORGANIZATION ( #3875, #2665 ) ;
#3880 = EDGE_CURVE ( 'NONE', #2955, #3349, #4836, .T. ) ;
#3881 = CIRCLE ( 'NONE', #3294, 1.050000000000000488 ) ;
#3882 = ORIENTED_EDGE ( 'NONE', *, *, #5183, .F. ) ;
#3883 = ORIENTED_EDGE ( 'NONE', *, *, #2907, .T. ) ;
#3884 = ORIENTED_EDGE ( 'NONE', *, *, #4310, .F. ) ;
#3885 = DIRECTION ( 'NONE',  ( -1.000000000000000000, -4.163336342344321249E-15, 0.000000000000000000 ) ) ;
#3886 = DIRECTION ( 'NONE',  ( 3.999776700323684900E-15, -1.000000000000000000, -3.000529512353633521E-15 ) ) ;
#3887 = DIRECTION ( 'NONE',  ( -0.5000000000000004441, 5.986464323413358405E-16, -0.8660254037844383745 ) ) ;
#3888 = LINE ( 'NONE', #1556, #5935 ) ;
#3889 = CARTESIAN_POINT ( 'NONE',  ( -32.42099603897735705, -5.444142737284225930, 11.11566209117935955 ) ) ;
#3890 = FACE_BOUND ( 'NONE', #4096, .T. ) ;
#3891 = VECTOR ( 'NONE', #6537, 1000.000000000000000 ) ;
#3892 = VERTEX_POINT ( 'NONE', #6577 ) ;
#3893 = AXIS2_PLACEMENT_3D ( 'NONE', #3441, #1218, #4508 ) ;
#3894 = ORIENTED_EDGE ( 'NONE', *, *, #1362, .F. ) ;
#3895 = VERTEX_POINT ( 'NONE', #1971 ) ;
#3896 = ADVANCED_FACE ( 'NONE', ( #3774 ), #6030, .F. ) ;
#3897 = CYLINDRICAL_SURFACE ( 'NONE', #7077, 1.050000000000000266 ) ;
#3898 = DIRECTION ( 'NONE',  ( -0.8660254037844383745, -4.964172988122225296E-15, 0.5000000000000004441 ) ) ;
#3899 = CARTESIAN_POINT ( 'NONE',  ( -66.13909603667235615, -12.44414273728456877, 79.61702473560451665 ) ) ;
#3900 = DIRECTION ( 'NONE',  ( 4.000000000000000311E-15, -1.000000000000000000, -2.999999999999999839E-15 ) ) ;
#3901 = VECTOR ( 'NONE', #2361, 1000.000000000000000 ) ;
#3902 = ORIENTED_EDGE ( 'NONE', *, *, #5927, .T. ) ;
#3903 = EDGE_CURVE ( 'NONE', #5542, #99, #1079, .T. ) ;
#3904 = CARTESIAN_POINT ( 'NONE',  ( -41.93909603667241015, 0.9558572627156808332, 29.57616807355594446 ) ) ;
#3905 = EDGE_CURVE ( 'NONE', #403, #235, #5660, .T. ) ;
#3906 = CARTESIAN_POINT ( 'NONE',  ( 7.660903963327395871, -37.44414273728401810, -5.387258574638739361 ) ) ;
#3907 = AXIS2_PLACEMENT_3D ( 'NONE', #2516, #6440, #4121 ) ;
#3908 = CARTESIAN_POINT ( 'NONE',  ( 10.76090396332742216, -37.44414273728389020, -43.05447442298066107 ) ) ;
#3909 = VECTOR ( 'NONE', #549, 1000.000000000000114 ) ;
#3910 = EDGE_LOOP ( 'NONE', ( #452, #1053, #6638, #4363 ) ) ;
#3911 = AXIS2_PLACEMENT_3D ( 'NONE', #1767, #5575, #5094 ) ;
#3912 = VERTEX_POINT ( 'NONE', #5139 ) ;
#3913 = VECTOR ( 'NONE', #650, 1000.000000000000000 ) ;
#3914 = ORIENTED_EDGE ( 'NONE', *, *, #2489, .T. ) ;
#3915 = LINE ( 'NONE', #5611, #6851 ) ;
#3916 = EDGE_CURVE ( 'NONE', #826, #2648, #492, .T. ) ;
#3917 = DIRECTION ( 'NONE',  ( 0.8660254037844378194, 1.963643475768583886E-15, 0.5000000000000015543 ) ) ;
#3918 = DIRECTION ( 'NONE',  ( -3.999776700323684900E-15, 1.000000000000000000, 3.000529512353633521E-15 ) ) ;
#3919 = DIRECTION ( 'NONE',  ( -1.000000000000000000, -2.775557561562881096E-15, 0.000000000000000000 ) ) ;
#3920 = AXIS2_PLACEMENT_3D ( 'NONE', #5628, #607, #4928 ) ;
#3921 = VERTEX_POINT ( 'NONE', #1770 ) ;
#3922 = LOCAL_TIME ( 16, 23, 32.00000000000000000, #5062 ) ;
#3923 = ORIENTED_EDGE ( 'NONE', *, *, #6510, .F. ) ;
#3924 = AXIS2_PLACEMENT_3D ( 'NONE', #365, #448, #2020 ) ;
#3925 = EDGE_LOOP ( 'NONE', ( #5523, #5684, #1551, #5757 ) ) ;
#3926 = EDGE_CURVE ( 'NONE', #904, #3487, #2187, .T. ) ;
#3927 = DIRECTION ( 'NONE',  ( -3.999776700323684900E-15, 1.000000000000000000, 3.000529512353633521E-15 ) ) ;
#3928 = CYLINDRICAL_SURFACE ( 'NONE', #774, 2.100000000000000089 ) ;
#3929 = AXIS2_PLACEMENT_3D ( 'NONE', #4277, #6006, #5416 ) ;
#3930 = CARTESIAN_POINT ( 'NONE',  ( -69.23909603667225099, -37.44414273728432363, -7.177044409126573932 ) ) ;
#3931 = LINE ( 'NONE', #4475, #1965 ) ;
#3932 = PLANE ( 'NONE',  #1583 ) ;
#3933 = FACE_OUTER_BOUND ( 'NONE', #6435, .T. ) ;
#3934 = VECTOR ( 'NONE', #866, 1000.000000000000000 ) ;
#3935 = ORIENTED_EDGE ( 'NONE', *, *, #3633, .F. ) ;
#3936 = ORIENTED_EDGE ( 'NONE', *, *, #2489, .F. ) ;
#3937 = VECTOR ( 'NONE', #5525, 1000.000000000000000 ) ;
#3938 = ORIENTED_EDGE ( 'NONE', *, *, #6539, .F. ) ;
#3939 = AXIS2_PLACEMENT_3D ( 'NONE', #3131, #3630, #3163 ) ;
#3940 = CARTESIAN_POINT ( 'NONE',  ( -1.602362769591103797, -9.444142737284112243, 14.46683629550344463 ) ) ;
#3941 = FACE_OUTER_BOUND ( 'NONE', #7119, .T. ) ;
#3942 = AXIS2_PLACEMENT_3D ( 'NONE', #6379, #1882, #4206 ) ;
#3943 = LINE ( 'NONE', #4568, #768 ) ;
#3944 = DIRECTION ( 'NONE',  ( -3.999776700323684900E-15, 1.000000000000000000, 3.000529512353633521E-15 ) ) ;
#3945 = AXIS2_PLACEMENT_3D ( 'NONE', #5626, #572, #2373 ) ;
#3946 = ORIENTED_EDGE ( 'NONE', *, *, #6308, .F. ) ;
#3947 = VECTOR ( 'NONE', #5977, 1000.000000000000000 ) ;
#3948 = DIRECTION ( 'NONE',  ( -4.000000000000001100E-15, 1.000000000000000000, 2.999999999999999839E-15 ) ) ;
#3949 = DIRECTION ( 'NONE',  ( 1.000000000000000000, 4.130293990420968108E-15, 0.000000000000000000 ) ) ;
#3950 = DIRECTION ( 'NONE',  ( -1.000000000000000000, -3.989863994746664206E-15, 0.000000000000000000 ) ) ;
#3951 = ADVANCED_FACE ( 'NONE', ( #2363 ), #6821, .F. ) ;
#3952 = ORIENTED_EDGE ( 'NONE', *, *, #813, .F. ) ;
#3953 = ORIENTED_EDGE ( 'NONE', *, *, #4551, .T. ) ;
#3954 = ORIENTED_EDGE ( 'NONE', *, *, #6129, .F. ) ;
#3955 = CARTESIAN_POINT ( 'NONE',  ( -66.13909603667239878, -2.444142737284602074, 91.57616807355587696 ) ) ;
#3956 = DIRECTION ( 'NONE',  ( -3.999776700323682533E-15, 1.000000000000000000, 2.999626010543229460E-15 ) ) ;
#3957 = DIRECTION ( 'NONE',  ( -1.000000000000000000, -4.047688110612550150E-15, -9.251858538542970644E-15 ) ) ;
#3958 = LINE ( 'NONE', #1980, #6939 ) ;
#3959 = CARTESIAN_POINT ( 'NONE',  ( 0.000000000000000000, 0.000000000000000000, 0.000000000000000000 ) ) ;
#3960 = EDGE_CURVE ( 'NONE', #6594, #5981, #5783, .T. ) ;
#3961 = EDGE_LOOP ( 'NONE', ( #1743, #143, #4297, #1863 ) ) ;
#3962 = VERTEX_POINT ( 'NONE', #5545 ) ;
#3963 = ORIENTED_EDGE ( 'NONE', *, *, #3520, .F. ) ;
#3964 = FACE_OUTER_BOUND ( 'NONE', #4524, .T. ) ;
#3965 = CARTESIAN_POINT ( 'NONE',  ( -63.03909603667224815, -37.44414273728455100, 77.82723890111658704 ) ) ;
#3966 = DIRECTION ( 'NONE',  ( 3.999776700323682533E-15, -1.000000000000000000, -2.999626010543229460E-15 ) ) ;
#3967 = DIRECTION ( 'NONE',  ( -3.999776700323684900E-15, 1.000000000000000000, 3.000529512353633521E-15 ) ) ;
#3968 = LINE ( 'NONE', #6072, #1470 ) ;
#3969 = CARTESIAN_POINT ( 'NONE',  ( -46.13909603667240589, -2.444142737284326294, 26.36616807355593295 ) ) ;
#3970 = EDGE_CURVE ( 'NONE', #348, #24, #3989, .T. ) ;
#3971 = ORIENTED_EDGE ( 'NONE', *, *, #5796, .F. ) ;
#3972 = EDGE_LOOP ( 'NONE', ( #488, #6015, #1777, #5422 ) ) ;
#3973 = ORIENTED_EDGE ( 'NONE', *, *, #3112, .F. ) ;
#3974 = CARTESIAN_POINT ( 'NONE',  ( -69.23909603667225099, -37.44414273728432363, -7.177044409126573932 ) ) ;
#3975 = DIRECTION ( 'NONE',  ( -0.8660254037844378194, 0.000000000000000000, 0.5000000000000015543 ) ) ;
#3976 = LINE ( 'NONE', #3859, #5909 ) ;
#3977 = DIRECTION ( 'NONE',  ( -1.000000000000000000, -3.995400346265729035E-15, 0.000000000000000000 ) ) ;
#3978 = ORIENTED_EDGE ( 'NONE', *, *, #5526, .T. ) ;
#3979 = DIRECTION ( 'NONE',  ( -3.999776700323684900E-15, 1.000000000000000000, 3.000529512353633521E-15 ) ) ;
#3980 = LINE ( 'NONE', #1139, #4256 ) ;
#3981 = DIRECTION ( 'NONE',  ( 1.000000000000000000, 4.130293990420968108E-15, 0.000000000000000000 ) ) ;
#3982 = ORIENTED_EDGE ( 'NONE', *, *, #22, .T. ) ;
#3983 = VERTEX_POINT ( 'NONE', #5730 ) ;
#3984 = VERTEX_POINT ( 'NONE', #2145 ) ;
#3985 = CARTESIAN_POINT ( 'NONE',  ( -21.73909603667274837, -2.444142737284214384, 21.57616807355592670 ) ) ;
#3986 = DIRECTION ( 'NONE',  ( -3.999776700323684900E-15, 1.000000000000000000, 3.000529512353633521E-15 ) ) ;
#3987 = EDGE_CURVE ( 'NONE', #3218, #5901, #5419, .T. ) ;
#3988 = CARTESIAN_POINT ( 'NONE',  ( -74.23909603667235046, -2.444142737284174860, -58.42383192644407330 ) ) ;
#3989 = LINE ( 'NONE', #6241, #2152 ) ;
#3990 = LINE ( 'NONE', #3035, #6713 ) ;
#3991 = VERTEX_POINT ( 'NONE', #2227 ) ;
#3992 = EDGE_LOOP ( 'NONE', ( #2430, #3296, #725, #4905 ) ) ;
#3993 = EDGE_LOOP ( 'NONE', ( #2369, #2254, #5585, #801 ) ) ;
#3994 = CARTESIAN_POINT ( 'NONE',  ( -71.73909603667240731, 0.9558572627156223245, 9.376168073555946947 ) ) ;
#3995 = FACE_OUTER_BOUND ( 'NONE', #3509, .T. ) ;
#3996 = EDGE_CURVE ( 'NONE', #4295, #1698, #6281, .T. ) ;
#3997 = CYLINDRICAL_SURFACE ( 'NONE', #4704, 1.050000000000000044 ) ;
#3998 = DIRECTION ( 'NONE',  ( -0.7071067811865480168, -7.065744626952158057E-16, -0.7071067811865470176 ) ) ;
#3999 = DIRECTION ( 'NONE',  ( 1.133159367757362572E-31, 3.000529512353633521E-15, -1.000000000000000000 ) ) ;
#4000 = DIRECTION ( 'NONE',  ( -1.000000000000000000, -3.997092009229895117E-15, 0.000000000000000000 ) ) ;
#4001 = AXIS2_PLACEMENT_3D ( 'NONE', #5658, #2341, #2474 ) ;
#4002 = EDGE_LOOP ( 'NONE', ( #2142, #3321, #726, #2581 ) ) ;
#4003 = EDGE_LOOP ( 'NONE', ( #7081, #4106, #3541, #3618, #5507, #2869, #4998, #6142, #6805, #3854, #762, #1157, #3978, #5012, #624, #4019 ) ) ;
#4004 = EDGE_LOOP ( 'NONE', ( #5871, #6286, #6285, #2240 ) ) ;
#4005 = AXIS2_PLACEMENT_3D ( 'NONE', #7084, #2075, #5331 ) ;
#4006 = EDGE_CURVE ( 'NONE', #2555, #3822, #2939, .T. ) ;
#4007 = CARTESIAN_POINT ( 'NONE',  ( 4.433360289276198962, -12.44414273728401987, -7.678805269284599611 ) ) ;
#4008 = VERTEX_POINT ( 'NONE', #2694 ) ;
#4009 = CARTESIAN_POINT ( 'NONE',  ( -66.13909603667224246, -37.44414273728447284, 48.53959472175036893 ) ) ;
#4010 = LINE ( 'NONE', #73, #181 ) ;
#4011 = DIRECTION ( 'NONE',  ( -1.000000000000000000, -3.975407965780191339E-15, 0.000000000000000000 ) ) ;
#4012 = VECTOR ( 'NONE', #6992, 1000.000000000000000 ) ;
#4013 = CARTESIAN_POINT ( 'NONE',  ( -70.73909603667240731, 0.9558572627156208812, 11.07616807355594624 ) ) ;
#4014 = EDGE_CURVE ( 'NONE', #6543, #2901, #2394, .T. ) ;
#4015 = FACE_OUTER_BOUND ( 'NONE', #3435, .T. ) ;
#4016 = DIRECTION ( 'NONE',  ( -3.994991256252005511E-15, 1.000000000000000000, 3.010503119717032181E-15 ) ) ;
#4017 = ORIENTED_EDGE ( 'NONE', *, *, #1230, .F. ) ;
#4018 = VERTEX_POINT ( 'NONE', #5510 ) ;
#4019 = ORIENTED_EDGE ( 'NONE', *, *, #2682, .T. ) ;
#4020 = LINE ( 'NONE', #3874, #3564 ) ;
#4021 = AXIS2_PLACEMENT_3D ( 'NONE', #1761, #6156, #1098 ) ;
#4022 = DIRECTION ( 'NONE',  ( -3.994991256252005511E-15, 1.000000000000000000, 3.010503119717032181E-15 ) ) ;
#4023 = CARTESIAN_POINT ( 'NONE',  ( -63.03909603667224815, -37.44414273728450127, 62.28852389418955937 ) ) ;
#4024 = DIRECTION ( 'NONE',  ( -4.000000000000001100E-15, 1.000000000000000000, 2.999999999999999839E-15 ) ) ;
#4025 = CALENDAR_DATE ( 2026, 9, 5 ) ;
#4026 = VECTOR ( 'NONE', #4505, 1000.000000000000000 ) ;
#4027 = VECTOR ( 'NONE', #1342, 1000.000000000000000 ) ;
#4028 = VECTOR ( 'NONE', #3857, 1000.000000000000000 ) ;
#4029 = ADVANCED_FACE ( 'NONE', ( #3848 ), #1808, .F. ) ;
#4030 = ORIENTED_EDGE ( 'NONE', *, *, #241, .T. ) ;
#4031 = AXIS2_PLACEMENT_3D ( 'NONE', #1608, #3204, #874 ) ;
#4032 = ORIENTED_EDGE ( 'NONE', *, *, #6211, .F. ) ;
#4033 = VERTEX_POINT ( 'NONE', #6319 ) ;
#4034 = CARTESIAN_POINT ( 'NONE',  ( -55.49504841762490059, -12.44414273728425258, -10.09898687096878689 ) ) ;
#4035 = VECTOR ( 'NONE', #6419, 1000.000000000000000 ) ;
#4036 = DIRECTION ( 'NONE',  ( 1.000000000000000000, 3.989863994746653162E-15, 0.000000000000000000 ) ) ;
#4037 = CARTESIAN_POINT ( 'NONE',  ( 7.660903963327283961, -12.44414273728401987, -5.387258574638654984 ) ) ;
#4038 = DIRECTION ( 'NONE',  ( -1.000000000000000000, -4.163336342344355959E-15, 0.000000000000000000 ) ) ;
#4039 = DIRECTION ( 'NONE',  ( -4.000000000000001100E-15, 1.000000000000000000, 2.999999999999999839E-15 ) ) ;
#4040 = AXIS2_PLACEMENT_3D ( 'NONE', #1310, #731, #5235 ) ;
#4041 = EDGE_CURVE ( 'NONE', #3732, #3460, #5761, .T. ) ;
#4042 = VECTOR ( 'NONE', #2946, 1000.000000000000000 ) ;
#4043 = AXIS2_PLACEMENT_3D ( 'NONE', #1505, #364, #6529 ) ;
#4044 = ORIENTED_EDGE ( 'NONE', *, *, #6159, .F. ) ;
#4045 = ADVANCED_FACE ( 'NONE', ( #5690 ), #127, .F. ) ;
#4046 = ORIENTED_EDGE ( 'NONE', *, *, #5876, .T. ) ;
#4047 = AXIS2_PLACEMENT_3D ( 'NONE', #3433, #6201, #5607 ) ;
#4048 = AXIS2_PLACEMENT_3D ( 'NONE', #1503, #2640, #3105 ) ;
#4049 = ORIENTED_EDGE ( 'NONE', *, *, #2003, .T. ) ;
#4050 = ADVANCED_FACE ( 'NONE', ( #2765, #4580, #4924 ), #6788, .F. ) ;
#4051 = DIRECTION ( 'NONE',  ( -3.999776700323684900E-15, 1.000000000000000000, 3.000529512353633521E-15 ) ) ;
#4052 = ORIENTED_EDGE ( 'NONE', *, *, #5772, .F. ) ;
#4054 = AXIS2_PLACEMENT_3D ( 'NONE', #4240, #7138, #5495 ) ;
#4053 = CARTESIAN_POINT ( 'NONE',  ( -12.52083681049020925, -7.444142737284201949, 29.52628265379340888 ) ) ;
#4055 = DIRECTION ( 'NONE',  ( -4.000000000000001100E-15, 1.000000000000000000, 2.999999999999999839E-15 ) ) ;
#4056 = LINE ( 'NONE', #697, #4740 ) ;
#4057 = AXIS2_PLACEMENT_3D ( 'NONE', #5970, #439, #4232 ) ;
#4058 = AXIS2_PLACEMENT_3D ( 'NONE', #5127, #7207, #4490 ) ;
#4059 = EDGE_CURVE ( 'NONE', #379, #459, #2971, .T. ) ;
#4060 = CIRCLE ( 'NONE', #318, 2.099999999999999645 ) ;
#4061 = FACE_OUTER_BOUND ( 'NONE', #6190, .T. ) ;
#4062 = CARTESIAN_POINT ( 'NONE',  ( -0.4764229124008170224, -7.444142737284150435, 28.46663033463454795 ) ) ;
#4063 = VECTOR ( 'NONE', #5036, 1000.000000000000000 ) ;
#4064 = LINE ( 'NONE', #6311, #3604 ) ;
#4065 = ORIENTED_EDGE ( 'NONE', *, *, #6083, .T. ) ;
#4066 = EDGE_CURVE ( 'NONE', #2923, #5093, #1397, .T. ) ;
#4067 = ORIENTED_EDGE ( 'NONE', *, *, #3246, .F. ) ;
#4068 = ORIENTED_EDGE ( 'NONE', *, *, #752, .F. ) ;
#4069 = CARTESIAN_POINT ( 'NONE',  ( -18.86752540036424364, -12.44414273728404119, -32.67951260652743173 ) ) ;
#4070 = DIRECTION ( 'NONE',  ( 0.8660254037844395958, 0.000000000000000000, 0.4999999999999983347 ) ) ;
#4071 = CARTESIAN_POINT ( 'NONE',  ( -62.43909603667239594, -2.444142737284354716, 14.20616807355593636 ) ) ;
#4072 = DIRECTION ( 'NONE',  ( -1.207166196986077659E-29, 2.999626010543229460E-15, -1.000000000000000000 ) ) ;
#4073 = EDGE_LOOP ( 'NONE', ( #913, #6204, #3362, #5530 ) ) ;
#4074 = ORIENTED_EDGE ( 'NONE', *, *, #2854, .T. ) ;
#4075 = ORIENTED_EDGE ( 'NONE', *, *, #6558, .T. ) ;
#4076 = CARTESIAN_POINT ( 'NONE',  ( 31.21194801913286199, -12.44414273728409981, 54.06067977233715283 ) ) ;
#4077 = DIRECTION ( 'NONE',  ( 0.8660254037844388186, 2.059624853107392173E-15, 0.4999999999999997780 ) ) ;
#4078 = AXIS2_PLACEMENT_3D ( 'NONE', #1306, #6941, #1927 ) ;
#4079 = LINE ( 'NONE', #6326, #1203 ) ;
#4080 = PLANE ( 'NONE',  #5827 ) ;
#4081 = FACE_OUTER_BOUND ( 'NONE', #2692, .T. ) ;
#4082 = VERTEX_POINT ( 'NONE', #7031 ) ;
#4083 = ORIENTED_EDGE ( 'NONE', *, *, #371, .F. ) ;
#4084 = ORIENTED_EDGE ( 'NONE', *, *, #2609, .F. ) ;
#4085 = CARTESIAN_POINT ( 'NONE',  ( -51.23909603667247836, -12.44414273728417264, -30.67084141024145083 ) ) ;
#4086 = ORIENTED_EDGE ( 'NONE', *, *, #282, .F. ) ;
#4087 = EDGE_CURVE ( 'NONE', #5803, #2627, #3769, .T. ) ;
#4088 = DIRECTION ( 'NONE',  ( -1.000000000000000000, -4.163336342344344915E-15, 0.000000000000000000 ) ) ;
#4089 = LINE ( 'NONE', #2992, #1234 ) ;
#4090 = CARTESIAN_POINT ( 'NONE',  ( -63.03909603667224815, -37.44414273728424547, -22.71575941605361848 ) ) ;
#4091 = CARTESIAN_POINT ( 'NONE',  ( -43.92909603667242635, 0.9558572627156600721, 33.77616807355594375 ) ) ;
#4092 = DIRECTION ( 'NONE',  ( -1.000000000000000000, -3.999776700323682533E-15, -1.188840684546447718E-29 ) ) ;
#4093 = EDGE_CURVE ( 'NONE', #5066, #2316, #4136, .T. ) ;
#4094 = CARTESIAN_POINT ( 'NONE',  ( 4.560903963327286981, -12.44414273728425613, 74.24766723214098363 ) ) ;
#4095 = ADVANCED_FACE ( 'NONE', ( #5795 ), #3010, .F. ) ;
#4096 = EDGE_LOOP ( 'NONE', ( #2691, #1011, #4584, #5332, #966, #1127 ) ) ;
#4097 = ORIENTED_EDGE ( 'NONE', *, *, #6539, .T. ) ;
#4098 = ORIENTED_EDGE ( 'NONE', *, *, #6874, .F. ) ;
#4099 = DIRECTION ( 'NONE',  ( 4.001428817919833979E-15, -1.000000000000000000, -2.999626010543229460E-15 ) ) ;
#4100 = DIRECTION ( 'NONE',  ( -0.4999999999999983347, -4.598423132665018768E-15, 0.8660254037844395958 ) ) ;
#4101 = LINE ( 'NONE', #2970, #5341 ) ;
#4102 = DIRECTION ( 'NONE',  ( -0.8660254037844405950, -1.963643475768609524E-15, -0.4999999999999966138 ) ) ;
#4103 = EDGE_CURVE ( 'NONE', #5043, #1687, #5249, .T. ) ;
#4104 = EDGE_CURVE ( 'NONE', #567, #4411, #4401, .T. ) ;
#4105 = ORIENTED_EDGE ( 'NONE', *, *, #7041, .F. ) ;
#4106 = ORIENTED_EDGE ( 'NONE', *, *, #6267, .T. ) ;
#4107 = ORIENTED_EDGE ( 'NONE', *, *, #7100, .T. ) ;
#4108 = DIRECTION ( 'NONE',  ( -1.000000000000000000, -2.775557561562888984E-15, 0.000000000000000000 ) ) ;
#4109 = FACE_BOUND ( 'NONE', #728, .T. ) ;
#4110 = ADVANCED_FACE ( 'NONE', ( #5899 ), #1988, .F. ) ;
#4111 = DIRECTION ( 'NONE',  ( -1.000000000000000000, -3.304235192336775117E-15, 0.000000000000000000 ) ) ;
#4112 = APPLICATION_CONTEXT ( 'configuration controlled 3d designs of mechanical parts and assemblies' ) ;
#4113 = CARTESIAN_POINT ( 'NONE',  ( -62.99645534955301684, -12.44414273728462028, 101.5761680735558912 ) ) ;
#4114 = CARTESIAN_POINT ( 'NONE',  ( -43.46854809146695686, -37.44414273728410336, -45.49156569908918613 ) ) ;
#4115 = ORIENTED_EDGE ( 'NONE', *, *, #6478, .F. ) ;
#4116 = ORIENTED_EDGE ( 'NONE', *, *, #3830, .T. ) ;
#4117 = ORIENTED_EDGE ( 'NONE', *, *, #3572, .T. ) ;
#4118 = LINE ( 'NONE', #5852, #1392 ) ;
#4119 = ORIENTED_EDGE ( 'NONE', *, *, #3032, .F. ) ;
#4120 = DIRECTION ( 'NONE',  ( -0.5000000000000000000, -4.598423132665023501E-15, 0.8660254037844387076 ) ) ;
#4121 = DIRECTION ( 'NONE',  ( -3.999776700323684900E-15, 1.000000000000000000, 0.000000000000000000 ) ) ;
#4122 = DIRECTION ( 'NONE',  ( -3.999776700323684900E-15, 1.000000000000000000, 3.000529512353633521E-15 ) ) ;
#4123 = VECTOR ( 'NONE', #5615, 1000.000000000000000 ) ;
#4124 = ADVANCED_FACE ( 'NONE', ( #5867 ), #5838, .F. ) ;
#4125 = CARTESIAN_POINT ( 'NONE',  ( -69.23909603667223678, -37.44414273728427389, -22.71575941605361848 ) ) ;
#4126 = DIRECTION ( 'NONE',  ( -3.999776700323684900E-15, 1.000000000000000000, 3.000529512353633521E-15 ) ) ;
#4127 = DIRECTION ( 'NONE',  ( -1.000000000000000000, -4.003208021484940116E-15, 0.000000000000000000 ) ) ;
#4128 = EDGE_CURVE ( 'NONE', #6646, #5878, #851, .T. ) ;
#4129 = EDGE_CURVE ( 'NONE', #3984, #4237, #3110, .T. ) ;
#4130 = ORIENTED_EDGE ( 'NONE', *, *, #865, .T. ) ;
#4131 = EDGE_CURVE ( 'NONE', #2223, #4595, #783, .T. ) ;
#4132 = EDGE_LOOP ( 'NONE', ( #4844, #1113 ) ) ;
#4133 = DIRECTION ( 'NONE',  ( 3.999776700323686478E-15, -1.000000000000000000, 0.000000000000000000 ) ) ;
#4134 = DIRECTION ( 'NONE',  ( 0.000000000000000000, -1.000000000000000000, -3.000000000000001416E-15 ) ) ;
#4135 = CARTESIAN_POINT ( 'NONE',  ( -62.43909603667241015, 0.9558572627155980106, 29.77616807355594730 ) ) ;
#4136 = LINE ( 'NONE', #6959, #1728 ) ;
#4137 = EDGE_LOOP ( 'NONE', ( #2471, #5699, #2784, #264 ) ) ;
#4138 = EDGE_CURVE ( 'NONE', #6022, #5814, #1953, .T. ) ;
#4139 = VERTEX_POINT ( 'NONE', #1323 ) ;
#4140 = ORIENTED_EDGE ( 'NONE', *, *, #6836, .F. ) ;
#4141 = DIRECTION ( 'NONE',  ( -3.999776700323684900E-15, 1.000000000000000000, 3.000529512353633521E-15 ) ) ;
#4142 = FACE_OUTER_BOUND ( 'NONE', #6021, .T. ) ;
#4143 = DIRECTION ( 'NONE',  ( -0.5000000000000000000, -4.598423132665023501E-15, 0.8660254037844387076 ) ) ;
#4144 = LINE ( 'NONE', #1333, #442 ) ;
#4145 = PLANE ( 'NONE',  #5563 ) ;
#4146 = VECTOR ( 'NONE', #4750, 1000.000000000000114 ) ;
#4147 = VECTOR ( 'NONE', #5971, 1000.000000000000114 ) ;
#4148 = ORIENTED_EDGE ( 'NONE', *, *, #5360, .T. ) ;
#4149 = ADVANCED_FACE ( 'NONE', ( #4656 ), #261, .F. ) ;
#4150 = ORIENTED_EDGE ( 'NONE', *, *, #72, .F. ) ;
#4151 = CIRCLE ( 'NONE', #3207, 1.050000000000000266 ) ;
#4152 = EDGE_LOOP ( 'NONE', ( #1442, #6037, #2729, #2800 ) ) ;
#4153 = VECTOR ( 'NONE', #3165, 1000.000000000000000 ) ;
#4154 = CARTESIAN_POINT ( 'NONE',  ( 10.76090396332728538, -12.44414273728395770, -19.13618774707785164 ) ) ;
#4155 = ORIENTED_EDGE ( 'NONE', *, *, #813, .T. ) ;
#4156 = DIRECTION ( 'NONE',  ( 1.000000000000000000, 4.100255488672448973E-15, 0.000000000000000000 ) ) ;
#4157 = CARTESIAN_POINT ( 'NONE',  ( -66.13909603667238457, -2.444142737284566103, 79.61702473560454507 ) ) ;
#4158 = CARTESIAN_POINT ( 'NONE',  ( 10.76090396332725518, -2.444142737283998112, -7.177044409126469127 ) ) ;
#4159 = AXIS2_PLACEMENT_3D ( 'NONE', #6763, #134, #5148 ) ;
#4160 = VECTOR ( 'NONE', #1911, 1000.000000000000000 ) ;
#4161 = VECTOR ( 'NONE', #1360, 1000.000000000000000 ) ;
#4162 = FACE_OUTER_BOUND ( 'NONE', #57, .T. ) ;
#4163 = DIRECTION ( 'NONE',  ( -1.000000000000000000, -2.775557561562920144E-15, 0.000000000000000000 ) ) ;
#4164 = LINE ( 'NONE', #1423, #7169 ) ;
#4165 = VECTOR ( 'NONE', #3173, 1000.000000000000227 ) ;
#4166 = CIRCLE ( 'NONE', #1022, 2.500000000000012434 ) ;
#4167 = ORIENTED_EDGE ( 'NONE', *, *, #512, .T. ) ;
#4168 = VERTEX_POINT ( 'NONE', #6489 ) ;
#4169 = CARTESIAN_POINT ( 'NONE',  ( 10.76090396332739907, -37.44414273728391862, -34.67490275400497524 ) ) ;
#4170 = AXIS2_PLACEMENT_3D ( 'NONE', #1246, #4781, #6268 ) ;
#4171 = LINE ( 'NONE', #1948, #4160 ) ;
#4172 = VECTOR ( 'NONE', #1406, 1000.000000000000000 ) ;
#4173 = CARTESIAN_POINT ( 'NONE',  ( -71.23909603667235046, -2.444142737284206834, -47.18119123932478232 ) ) ;
#4174 = DIRECTION ( 'NONE',  ( -0.8660254037844385966, -2.059624853107401639E-15, -0.4999999999999999445 ) ) ;
#4175 = EDGE_CURVE ( 'NONE', #6618, #6276, #333, .T. ) ;
#4176 = EDGE_LOOP ( 'NONE', ( #3024, #2510, #6490, #6595 ) ) ;
#4177 = ORIENTED_EDGE ( 'NONE', *, *, #4218, .T. ) ;
#4178 = ORIENTED_EDGE ( 'NONE', *, *, #5721, .T. ) ;
#4179 = ORIENTED_EDGE ( 'NONE', *, *, #2927, .T. ) ;
#4180 = DIRECTION ( 'NONE',  ( -0.000000000000000000, -2.907705674975143840E-15, 1.000000000000000000 ) ) ;
#4181 = CARTESIAN_POINT ( 'NONE',  ( 7.660903963327399424, -37.44414273728427389, 79.61702473560443138 ) ) ;
#4182 = FACE_OUTER_BOUND ( 'NONE', #6781, .T. ) ;
#4183 = CARTESIAN_POINT ( 'NONE',  ( -45.96854809146708476, -2.444142737284110023, -45.49156569908909375 ) ) ;
#4184 = ADVANCED_FACE ( 'NONE', ( #4798 ), #5208, .T. ) ;
#4185 = ORIENTED_EDGE ( 'NONE', *, *, #2803, .T. ) ;
#4186 = VERTEX_POINT ( 'NONE', #5945 ) ;
#4187 = VERTEX_POINT ( 'NONE', #4348 ) ;
#4188 = CARTESIAN_POINT ( 'NONE',  ( 10.76090396332729782, -12.44414273728391684, -34.67490275400490418 ) ) ;
#4189 = ORIENTED_EDGE ( 'NONE', *, *, #479, .T. ) ;
#4190 = CARTESIAN_POINT ( 'NONE',  ( 8.179003961022649705, -5.444142737284125566, 31.71566209117936097 ) ) ;
#4191 = CARTESIAN_POINT ( 'NONE',  ( -69.23909603667237889, -2.444142737284562106, 74.24766723214101205 ) ) ;
#4192 = CARTESIAN_POINT ( 'NONE',  ( -11.10202261797175005, -12.44414273728416553, 19.22926724110596197 ) ) ;
#4193 = EDGE_CURVE ( 'NONE', #6904, #4670, #2743, .T. ) ;
#4194 = EDGE_CURVE ( 'NONE', #7010, #3036, #7139, .T. ) ;
#4195 = CIRCLE ( 'NONE', #3497, 2.100000000000000533 ) ;
#4196 = MANIFOLD_SOLID_BREP ( '切除-拉伸25', #4994 ) ;
#4197 = DIRECTION ( 'NONE',  ( 1.000000000000000000, 3.999776700323684900E-15, 1.211476396892138794E-29 ) ) ;
#4198 = FACE_OUTER_BOUND ( 'NONE', #4788, .T. ) ;
#4199 = DIRECTION ( 'NONE',  ( -0.8660254037844382635, -2.059624853107395328E-15, -0.5000000000000005551 ) ) ;
#4200 = CARTESIAN_POINT ( 'NONE',  ( -43.92909603667241214, -2.444142737284339617, 33.77616807355593664 ) ) ;
#4201 = ORIENTED_EDGE ( 'NONE', *, *, #3996, .F. ) ;
#4202 = ORIENTED_EDGE ( 'NONE', *, *, #6209, .F. ) ;
#4203 = DIRECTION ( 'NONE',  ( 0.000000000000000000, 3.028860078099096531E-15, -1.000000000000000000 ) ) ;
#4204 = CARTESIAN_POINT ( 'NONE',  ( -41.93909603667239594, -2.444142737284318745, 29.57616807355593380 ) ) ;
#4205 = DIRECTION ( 'NONE',  ( -3.999776700323684900E-15, 1.000000000000000000, 3.000529512353633521E-15 ) ) ;
#4206 = DIRECTION ( 'NONE',  ( 1.000000000000000000, 4.003208021484940116E-15, 0.000000000000000000 ) ) ;
#4207 = SHAPE_DEFINITION_REPRESENTATION ( #1112, #6168 ) ;
#4208 = ORIENTED_EDGE ( 'NONE', *, *, #5051, .F. ) ;
#4209 = EDGE_LOOP ( 'NONE', ( #4607, #959, #6938, #3729 ) ) ;
#4210 = EDGE_CURVE ( 'NONE', #1148, #6904, #194, .T. ) ;
#4211 = ORIENTED_EDGE ( 'NONE', *, *, #2500, .T. ) ;
#4212 = ORIENTED_EDGE ( 'NONE', *, *, #1299, .F. ) ;
#4213 = FACE_OUTER_BOUND ( 'NONE', #1211, .T. ) ;
#4214 = DIRECTION ( 'NONE',  ( 0.000000000000000000, 1.000000000000000000, 2.999626010543229460E-15 ) ) ;
#4215 = LINE ( 'NONE', #858, #2138 ) ;
#4216 = DIRECTION ( 'NONE',  ( -0.8660254037844405950, -1.938470449983430804E-15, -0.4999999999999966138 ) ) ;
#4217 = ORIENTED_EDGE ( 'NONE', *, *, #3903, .F. ) ;
#4218 = EDGE_CURVE ( 'NONE', #1337, #854, #4296, .T. ) ;
#4219 = VERTEX_POINT ( 'NONE', #7171 ) ;
#4220 = EDGE_CURVE ( 'NONE', #4252, #2158, #2057, .T. ) ;
#4221 = ORIENTED_EDGE ( 'NONE', *, *, #3758, .T. ) ;
#4222 = CARTESIAN_POINT ( 'NONE',  ( 10.76090396332725696, -2.444142737283951483, -22.71575941605351190 ) ) ;
#4223 = DIRECTION ( 'NONE',  ( -3.999776700323684900E-15, 1.000000000000000000, 3.000529512353633521E-15 ) ) ;
#4224 = ORIENTED_EDGE ( 'NONE', *, *, #652, .T. ) ;
#4225 = PLANE ( 'NONE',  #3577 ) ;
#4226 = DIRECTION ( 'NONE',  ( -0.000000000000000000, -2.989450650348381855E-15, 1.000000000000000000 ) ) ;
#4227 = LINE ( 'NONE', #5405, #6384 ) ;
#4228 = VERTEX_POINT ( 'NONE', #2710 ) ;
#4229 = EDGE_CURVE ( 'NONE', #6214, #6223, #2681, .T. ) ;
#4230 = CARTESIAN_POINT ( 'NONE',  ( -12.52083681049020392, -9.444142737284201061, 29.52628265379340178 ) ) ;
#4231 = DIRECTION ( 'NONE',  ( 0.8660254037844393737, 0.000000000000000000, 0.4999999999999985567 ) ) ;
#4232 = DIRECTION ( 'NONE',  ( 3.999776700323684900E-15, -1.000000000000000000, 0.000000000000000000 ) ) ;
#4233 = LINE ( 'NONE', #6480, #5911 ) ;
#4234 = VECTOR ( 'NONE', #238, 1000.000000000000000 ) ;
#4235 = ORIENTED_EDGE ( 'NONE', *, *, #4955, .T. ) ;
#4236 = ADVANCED_FACE ( 'NONE', ( #4281 ), #4874, .F. ) ;
#4237 = VERTEX_POINT ( 'NONE', #2162 ) ;
#4238 = PLANE ( 'NONE',  #3929 ) ;
#4239 = CARTESIAN_POINT ( 'NONE',  ( 15.76090396332728893, -12.44414273728386000, -47.18119123932481074 ) ) ;
#4240 = CARTESIAN_POINT ( 'NONE',  ( -66.13909603667224246, -37.44414273728456521, 79.61702473560443138 ) ) ;
#4241 = DIRECTION ( 'NONE',  ( 1.000000000000000000, 4.024389016307606452E-15, 0.000000000000000000 ) ) ;
#4242 = AXIS2_PLACEMENT_3D ( 'NONE', #1619, #4947, #7144 ) ;
#4243 = VERTEX_POINT ( 'NONE', #7211 ) ;
#4244 = ORIENTED_EDGE ( 'NONE', *, *, #7007, .T. ) ;
#4245 = ORIENTED_EDGE ( 'NONE', *, *, #4360, .T. ) ;
#4246 = CARTESIAN_POINT ( 'NONE',  ( -71.73909603667233625, -12.44414273728465581, 101.5761680735558912 ) ) ;
#4247 = LINE ( 'NONE', #5427, #659 ) ;
#4248 = DIRECTION ( 'NONE',  ( -1.000000000000000000, -4.027036640660435800E-15, -0.000000000000000000 ) ) ;
#4249 = DIRECTION ( 'NONE',  ( -1.000000000000000000, -3.999776700323684900E-15, -1.211476396892138794E-29 ) ) ;
#4250 = EDGE_CURVE ( 'NONE', #5778, #6144, #3820, .T. ) ;
#4251 = ORIENTED_EDGE ( 'NONE', *, *, #1955, .T. ) ;
#4252 = VERTEX_POINT ( 'NONE', #7067 ) ;
#4253 = ORIENTED_EDGE ( 'NONE', *, *, #642, .T. ) ;
#4254 = DIRECTION ( 'NONE',  ( 3.999776700323682533E-15, -1.000000000000000000, -2.999626010543229460E-15 ) ) ;
#4255 = CIRCLE ( 'NONE', #5202, 2.500000000000009326 ) ;
#4256 = VECTOR ( 'NONE', #1796, 1000.000000000000000 ) ;
#4257 = DIRECTION ( 'NONE',  ( 1.000000000000000000, 4.130293990420968897E-15, 0.000000000000000000 ) ) ;
#4258 = DIRECTION ( 'NONE',  ( 0.7071067811865480168, 7.065744626952158057E-16, 0.7071067811865470176 ) ) ;
#4259 = DIRECTION ( 'NONE',  ( 1.000000000000000000, 3.999776700323684900E-15, 1.204134023449594962E-29 ) ) ;
#4260 = CARTESIAN_POINT ( 'NONE',  ( -32.42099603897737126, -2.444142737284287215, 31.71566209117936808 ) ) ;
#4261 = DIRECTION ( 'NONE',  ( -1.000000000000000000, -3.986173093733937491E-15, 0.000000000000000000 ) ) ;
#4262 = ADVANCED_FACE ( 'NONE', ( #3177 ), #1571, .F. ) ;
#4263 = ADVANCED_FACE ( 'NONE', ( #6532 ), #7108, .F. ) ;
#4264 = VECTOR ( 'NONE', #5071, 1000.000000000000000 ) ;
#4265 = ORIENTED_EDGE ( 'NONE', *, *, #3275, .T. ) ;
#4266 = VECTOR ( 'NONE', #3944, 1000.000000000000000 ) ;
#4267 = FACE_OUTER_BOUND ( 'NONE', #5199, .T. ) ;
#4268 = DIRECTION ( 'NONE',  ( -0.7071067811865463515, -4.949747468305832930E-15, 0.7071067811865486830 ) ) ;
#4269 = AXIS2_PLACEMENT_3D ( 'NONE', #3268, #7191, #2808 ) ;
#4270 = DIRECTION ( 'NONE',  ( -1.301042606982605567E-16, -3.000529512353633916E-15, 1.000000000000000000 ) ) ;
#4271 = CARTESIAN_POINT ( 'NONE',  ( -37.63909603667240589, -2.444142737284246358, 11.07616807355593735 ) ) ;
#4272 = CIRCLE ( 'NONE', #6966, 41.99999999999999289 ) ;
#4273 = EDGE_CURVE ( 'NONE', #1061, #3962, #431, .T. ) ;
#4274 = VECTOR ( 'NONE', #6828, 1000.000000000000114 ) ;
#4275 = ORIENTED_EDGE ( 'NONE', *, *, #3926, .F. ) ;
#4276 = EDGE_LOOP ( 'NONE', ( #6823, #1501, #5484, #5587, #1147, #4150 ) ) ;
#4277 = CARTESIAN_POINT ( 'NONE',  ( 4.560903963327395338, -37.44414273728401810, -10.75661607810225995 ) ) ;
#4278 = AXIS2_PLACEMENT_3D ( 'NONE', #6729, #581, #5014 ) ;
#4279 = DIRECTION ( 'NONE',  ( -3.999776700323684900E-15, 1.000000000000000000, 3.000529512353633521E-15 ) ) ;
#4280 = CARTESIAN_POINT ( 'NONE',  ( -44.83909603667237320, -2.444142737284250799, 2.876168073555632532 ) ) ;
#4281 = FACE_OUTER_BOUND ( 'NONE', #3658, .T. ) ;
#4282 = AXIS2_PLACEMENT_3D ( 'NONE', #4173, #3069, #6997 ) ;
#4283 = EDGE_CURVE ( 'NONE', #246, #3984, #955, .T. ) ;
#4284 = EDGE_LOOP ( 'NONE', ( #2195, #3081, #186, #2428 ) ) ;
#4285 = CIRCLE ( 'NONE', #3814, 47.00000000000002842 ) ;
#4286 = EDGE_LOOP ( 'NONE', ( #566, #692, #3651, #4767 ) ) ;
#4287 = VERTEX_POINT ( 'NONE', #1538 ) ;
#4288 = VECTOR ( 'NONE', #6327, 1000.000000000000000 ) ;
#4289 = CARTESIAN_POINT ( 'NONE',  ( 10.76090396332725696, -2.444142737283962141, -19.13618774707783032 ) ) ;
#4290 = DIRECTION ( 'NONE',  ( -1.000000000000000000, -3.304235192336778667E-15, 0.000000000000000000 ) ) ;
#4291 = CARTESIAN_POINT ( 'NONE',  ( -56.14909603667242521, 0.9558572627156227686, 29.97616807355594304 ) ) ;
#4292 = DIRECTION ( 'NONE',  ( -1.000000000000000000, -4.163336342344333082E-15, 0.000000000000000000 ) ) ;
#4293 = VECTOR ( 'NONE', #2764, 1000.000000000000000 ) ;
#4294 = VECTOR ( 'NONE', #1517, 1000.000000000000000 ) ;
#4295 = VERTEX_POINT ( 'NONE', #5462 ) ;
#4296 = CIRCLE ( 'NONE', #2085, 1.050000000000000488 ) ;
#4297 = ORIENTED_EDGE ( 'NONE', *, *, #2984, .F. ) ;
#4298 = ORIENTED_EDGE ( 'NONE', *, *, #2224, .T. ) ;
#4299 = CARTESIAN_POINT ( 'NONE',  ( 4.385504178569576084, -5.444142737284109579, 21.42876338647386802 ) ) ;
#4300 = CARTESIAN_POINT ( 'NONE',  ( -35.73909603667242152, 0.9558572627157055912, 29.57616807355594446 ) ) ;
#4301 = ORIENTED_EDGE ( 'NONE', *, *, #914, .F. ) ;
#4302 = LINE ( 'NONE', #1525, #3807 ) ;
#4303 = CARTESIAN_POINT ( 'NONE',  ( -46.23909603667235757, -6.444142737284257016, 2.876168073555626759 ) ) ;
#4304 = LINE ( 'NONE', #5884, #6855 ) ;
#4305 = ORIENTED_EDGE ( 'NONE', *, *, #1593, .F. ) ;
#4306 = CARTESIAN_POINT ( 'NONE',  ( -69.23909603667237889, -12.44414273728460252, 89.78638223906803262 ) ) ;
#4307 = PLANE ( 'NONE',  #664 ) ;
#4308 = CARTESIAN_POINT ( 'NONE',  ( -37.55303506838639294, -12.44414273728440889, 65.04376471686133243 ) ) ;
#4309 = LINE ( 'NONE', #2632, #2170 ) ;
#4310 = EDGE_CURVE ( 'NONE', #4237, #4018, #1648, .T. ) ;
#4311 = EDGE_LOOP ( 'NONE', ( #4115, #123 ) ) ;
#4312 = EDGE_CURVE ( 'NONE', #5839, #2627, #2128, .T. ) ;
#4313 = CARTESIAN_POINT ( 'NONE',  ( 7.660903963327254651, -2.444142737284199285, 55.69873805970183156 ) ) ;
#4314 = EDGE_CURVE ( 'NONE', #2381, #3540, #6088, .T. ) ;
#4315 = FACE_OUTER_BOUND ( 'NONE', #3691, .T. ) ;
#4316 = CARTESIAN_POINT ( 'NONE',  ( -73.36041638023196754, -12.44414273728463272, 92.45484772999620304 ) ) ;
#4317 = DIRECTION ( 'NONE',  ( 1.000000000000000000, 3.999776700323682533E-15, 1.233512273905161951E-29 ) ) ;
#4318 = VECTOR ( 'NONE', #3607, 1000.000000000000000 ) ;
#4319 = ORIENTED_EDGE ( 'NONE', *, *, #5126, .T. ) ;
#4320 = ORIENTED_EDGE ( 'NONE', *, *, #139, .T. ) ;
#4321 = ORIENTED_EDGE ( 'NONE', *, *, #757, .F. ) ;
#4322 = EDGE_CURVE ( 'NONE', #1862, #2143, #1065, .T. ) ;
#4323 = PLANE ( 'NONE',  #2029 ) ;
#4324 = ADVANCED_FACE ( 'NONE', ( #400 ), #2896, .F. ) ;
#4325 = DIRECTION ( 'NONE',  ( -3.999776700323684900E-15, 1.000000000000000000, 3.000529512353633521E-15 ) ) ;
#4326 = CARTESIAN_POINT ( 'NONE',  ( -63.03909603667224815, -37.44414273728453679, 74.24766723214091257 ) ) ;
#4327 = CARTESIAN_POINT ( 'NONE',  ( -69.23909603667240731, -2.444142737284210387, -43.05447442298055449 ) ) ;
#4328 = ORIENTED_EDGE ( 'NONE', *, *, #3322, .F. ) ;
#4329 = VERTEX_POINT ( 'NONE', #118 ) ;
#4330 = VERTEX_POINT ( 'NONE', #6157 ) ;
#4331 = EDGE_CURVE ( 'NONE', #3460, #625, #6734, .T. ) ;
#4332 = DIRECTION ( 'NONE',  ( -3.999776700323684900E-15, 1.000000000000000000, 3.000529512353633521E-15 ) ) ;
#4333 = FACE_OUTER_BOUND ( 'NONE', #6705, .T. ) ;
#4334 = EDGE_LOOP ( 'NONE', ( #4893, #5467, #4140, #5211 ) ) ;
#4335 = LINE ( 'NONE', #3817, #6525 ) ;
#4336 = PLANE ( 'NONE',  #1111 ) ;
#4337 = LINE ( 'NONE', #976, #3098 ) ;
#4338 = ORIENTED_EDGE ( 'NONE', *, *, #1677, .T. ) ;
#4339 = LINE ( 'NONE', #1454, #4494 ) ;
#4340 = CARTESIAN_POINT ( 'NONE',  ( -47.13909603667240589, 0.9558572627157051471, 14.42616807355594588 ) ) ;
#4341 = DIRECTION ( 'NONE',  ( -1.301042606982605567E-16, -3.000529512353633916E-15, 1.000000000000000000 ) ) ;
#4342 = DIRECTION ( 'NONE',  ( -0.4999999999999968914, -4.598423132665015613E-15, 0.8660254037844404840 ) ) ;
#4343 = EDGE_CURVE ( 'NONE', #286, #1626, #4504, .T. ) ;
#4344 = ORIENTED_EDGE ( 'NONE', *, *, #6829, .T. ) ;
#4345 = DIRECTION ( 'NONE',  ( -0.8660254037844382635, 0.000000000000000000, 0.5000000000000005551 ) ) ;
#4346 = DIRECTION ( 'NONE',  ( -3.999776700323684900E-15, 1.000000000000000000, 3.000529512353633521E-15 ) ) ;
#4347 = CARTESIAN_POINT ( 'NONE',  ( 7.660903963327395871, -37.44414273728417442, 48.53959472175036893 ) ) ;
#4348 = CARTESIAN_POINT ( 'NONE',  ( -71.73909603667236468, 0.9558572627156218804, 9.376168073555946947 ) ) ;
#4349 = AXIS2_PLACEMENT_3D ( 'NONE', #3735, #829, #7006 ) ;
#4350 = ADVANCED_FACE ( 'NONE', ( #4538 ), #6847, .F. ) ;
#4351 = VERTEX_POINT ( 'NONE', #1762 ) ;
#4352 = EDGE_CURVE ( 'NONE', #1878, #5861, #2930, .T. ) ;
#4353 = ORIENTED_EDGE ( 'NONE', *, *, #872, .T. ) ;
#4354 = ORIENTED_EDGE ( 'NONE', *, *, #1727, .F. ) ;
#4355 = AXIS2_PLACEMENT_3D ( 'NONE', #863, #7014, #6466 ) ;
#4356 = FACE_OUTER_BOUND ( 'NONE', #6838, .T. ) ;
#4357 = DIRECTION ( 'NONE',  ( -2.423088062479290971E-16, -3.028860078099113886E-15, 1.000000000000000000 ) ) ;
#4358 = CARTESIAN_POINT ( 'NONE',  ( -12.52083681049021813, -5.444142737284201061, 29.52628265379341244 ) ) ;
#4359 = PLANE ( 'NONE',  #213 ) ;
#4360 = EDGE_CURVE ( 'NONE', #1714, #6067, #588, .T. ) ;
#4361 = VERTEX_POINT ( 'NONE', #6813 ) ;
#4362 = VERTEX_POINT ( 'NONE', #552 ) ;
#4363 = ORIENTED_EDGE ( 'NONE', *, *, #2530, .F. ) ;
#4364 = CARTESIAN_POINT ( 'NONE',  ( -12.52083681049020925, -7.444142737284201949, 29.52628265379340888 ) ) ;
#4365 = CARTESIAN_POINT ( 'NONE',  ( -1.526422912400816623, -7.444142737284154876, 28.46663033463454795 ) ) ;
#4366 = DIRECTION ( 'NONE',  ( 4.001428817919833979E-15, -1.000000000000000000, -2.999626010543229460E-15 ) ) ;
#4367 = LINE ( 'NONE', #530, #4875 ) ;
#4368 = PLANE ( 'NONE',  #646 ) ;
#4369 = DIRECTION ( 'NONE',  ( -3.999776700323684900E-15, 1.000000000000000000, 3.000529512353633521E-15 ) ) ;
#4370 = ADVANCED_FACE ( 'NONE', ( #2278, #4493, #2322, #3476, #4604, #2355, #2858 ), #6742, .T. ) ;
#4371 = ORIENTED_EDGE ( 'NONE', *, *, #3325, .T. ) ;
#4372 = DIRECTION ( 'NONE',  ( -1.000000000000000000, -4.047688110612546206E-15, 0.000000000000000000 ) ) ;
#4373 = FACE_OUTER_BOUND ( 'NONE', #5389, .T. ) ;
#4374 = PLANE ( 'NONE',  #3443 ) ;
#4375 = DIRECTION ( 'NONE',  ( 3.999776700323684900E-15, -1.000000000000000000, -3.000529512353633521E-15 ) ) ;
#4376 = AXIS2_PLACEMENT_3D ( 'NONE', #1974, #811, #4744 ) ;
#4377 = AXIS2_PLACEMENT_3D ( 'NONE', #5123, #6114, #6197 ) ;
#4378 = ORIENTED_EDGE ( 'NONE', *, *, #5796, .T. ) ;
#4379 = CIRCLE ( 'NONE', #1348, 2.100000000000000533 ) ;
#4380 = CARTESIAN_POINT ( 'NONE',  ( -13.57083681049020463, -9.444142737284204614, 29.52628265379340178 ) ) ;
#4381 = VECTOR ( 'NONE', #1321, 1000.000000000000114 ) ;
#4382 = DIRECTION ( 'NONE',  ( 3.999776700323684900E-15, -1.000000000000000000, -3.000529512353633521E-15 ) ) ;
#4383 = PLANE ( 'NONE',  #429 ) ;
#4384 = DIRECTION ( 'NONE',  ( -0.5000000000000000000, 5.986464323413380099E-16, -0.8660254037844387076 ) ) ;
#4385 = VECTOR ( 'NONE', #2119, 1000.000000000000000 ) ;
#4386 = AXIS2_PLACEMENT_3D ( 'NONE', #4883, #372, #2103 ) ;
#4387 = CIRCLE ( 'NONE', #4043, 3.000000000000000888 ) ;
#4388 = ORIENTED_EDGE ( 'NONE', *, *, #5432, .T. ) ;
#4389 = ORIENTED_EDGE ( 'NONE', *, *, #6566, .T. ) ;
#4390 = ORIENTED_EDGE ( 'NONE', *, *, #4175, .F. ) ;
#4391 = CARTESIAN_POINT ( 'NONE',  ( 4.560903963327283428, -12.44414273728420106, 53.90895222521396590 ) ) ;
#4392 = EDGE_CURVE ( 'NONE', #4535, #6468, #5678, .T. ) ;
#4393 = VECTOR ( 'NONE', #2754, 1000.000000000000114 ) ;
#4394 = DIRECTION ( 'NONE',  ( 3.999776700323684900E-15, -1.000000000000000000, 0.000000000000000000 ) ) ;
#4395 = DIRECTION ( 'NONE',  ( 4.001428817919833979E-15, -1.000000000000000000, -2.999626010543229460E-15 ) ) ;
#4396 = CARTESIAN_POINT ( 'NONE',  ( -21.73909603667260981, -37.44414273728421705, 21.57616807355582011 ) ) ;
#4397 = AXIS2_PLACEMENT_3D ( 'NONE', #3930, #1120, #2806 ) ;
#4398 = AXIS2_PLACEMENT_3D ( 'NONE', #4009, #5232, #5191 ) ;
#4399 = ORIENTED_EDGE ( 'NONE', *, *, #2571, .F. ) ;
#4400 = ORIENTED_EDGE ( 'NONE', *, *, #5949, .T. ) ;
#4401 = CIRCLE ( 'NONE', #3942, 6.499999999999999112 ) ;
#4402 = VERTEX_POINT ( 'NONE', #5642 ) ;
#4403 = CARTESIAN_POINT ( 'NONE',  ( -46.23909603667235757, -6.444142737284368039, 40.27616807355593664 ) ) ;
#4404 = ADVANCED_FACE ( 'NONE', ( #3319 ), #2789, .F. ) ;
#4405 = EDGE_CURVE ( 'NONE', #5024, #6259, #3834, .T. ) ;
#4406 = CARTESIAN_POINT ( 'NONE',  ( -71.73909603667220836, -35.51465784503079703, 5.376168073555787963 ) ) ;
#4407 = CARTESIAN_POINT ( 'NONE',  ( -74.23909603667236468, -2.444142737284620726, 90.33352738643660018 ) ) ;
#4408 = CARTESIAN_POINT ( 'NONE',  ( -66.13909603667235615, -12.44414273728446751, 48.53959472175044709 ) ) ;
#4409 = CARTESIAN_POINT ( 'NONE',  ( -46.23909603667235757, -6.444142737284257905, 2.876168073555626759 ) ) ;
#4410 = CARTESIAN_POINT ( 'NONE',  ( 3.777602517285414797E-14, -12.44414273728406251, -2.833372241562562388E-14 ) ) ;
#4411 = VERTEX_POINT ( 'NONE', #1726 ) ;
#4412 = VERTEX_POINT ( 'NONE', #1177 ) ;
#4413 = ORIENTED_EDGE ( 'NONE', *, *, #6256, .T. ) ;
#4414 = EDGE_CURVE ( 'NONE', #4082, #2531, #4195, .T. ) ;
#4415 = CARTESIAN_POINT ( 'NONE',  ( 12.52643835111081394, -12.44414273728394704, -21.69642766200317752 ) ) ;
#4416 = DIRECTION ( 'NONE',  ( 3.999776700323682533E-15, -1.000000000000000000, -2.999626010543229460E-15 ) ) ;
#4417 = EDGE_CURVE ( 'NONE', #6353, #109, #704, .T. ) ;
#4418 = CARTESIAN_POINT ( 'NONE',  ( 9.661948019133074439, -12.44414273728407672, 16.73498486922786199 ) ) ;
#4419 = CARTESIAN_POINT ( 'NONE',  ( -21.73909603667274837, -2.444142737284214384, 21.57616807355592670 ) ) ;
#4420 = ORIENTED_EDGE ( 'NONE', *, *, #7019, .T. ) ;
#4421 = LINE ( 'NONE', #4380, #2548 ) ;
#4422 = CARTESIAN_POINT ( 'NONE',  ( -32.42099603897735705, -5.444142737284287215, 31.71566209117936097 ) ) ;
#4423 = CARTESIAN_POINT ( 'NONE',  ( 4.560903963327283428, -12.44414273728401632, -7.177044409126490443 ) ) ;
#4424 = CARTESIAN_POINT ( 'NONE',  ( 5.435504178569583900, -7.444142737284106026, 21.42876338647386447 ) ) ;
#4425 = VERTEX_POINT ( 'NONE', #149 ) ;
#4426 = EDGE_LOOP ( 'NONE', ( #3272, #6603, #3668, #2772 ) ) ;
#4427 = ORIENTED_EDGE ( 'NONE', *, *, #4812, .F. ) ;
#4428 = CARTESIAN_POINT ( 'NONE',  ( -0.7451006798065282766, -12.44414273728406961, 1.290552234179048519 ) ) ;
#4429 = DIRECTION ( 'NONE',  ( 0.8660254037844387076, 0.000000000000000000, -0.4999999999999997224 ) ) ;
#4430 = LINE ( 'NONE', #6280, #2770 ) ;
#4431 = DIRECTION ( 'NONE',  ( 1.000000000000000000, 4.130293990420973630E-15, 0.000000000000000000 ) ) ;
#4432 = CARTESIAN_POINT ( 'NONE',  ( -73.36041638023201017, -2.444142737284633160, 92.45484772999623146 ) ) ;
#4433 = PRODUCT ( '夹爪底座下', '夹爪底座下', '', ( #158 ) ) ;
#4434 = ADVANCED_FACE ( 'NONE', ( #622 ), #1208, .F. ) ;
#4435 = ORIENTED_EDGE ( 'NONE', *, *, #3014, .T. ) ;
#4436 = VERTEX_POINT ( 'NONE', #6779 ) ;
#4437 = ORIENTED_EDGE ( 'NONE', *, *, #2061, .T. ) ;
#4438 = DIRECTION ( 'NONE',  ( 3.999776700323684900E-15, -1.000000000000000000, -3.000529512353633521E-15 ) ) ;
#4439 = DIRECTION ( 'NONE',  ( 3.999776700323682533E-15, -1.000000000000000000, -2.999626010543229460E-15 ) ) ;
#4440 = DIRECTION ( 'NONE',  ( 1.000000000000000000, 4.000000000000001100E-15, 8.673617379885236020E-17 ) ) ;
#4441 = DIRECTION ( 'NONE',  ( 1.000000000000000000, 4.130293990420969686E-15, 0.000000000000000000 ) ) ;
#4442 = DIRECTION ( 'NONE',  ( 0.5000000000000000000, -5.986464323413380099E-16, 0.8660254037844387076 ) ) ;
#4443 = DIRECTION ( 'NONE',  ( -1.000000000000000000, -3.989863994746641329E-15, 0.000000000000000000 ) ) ;
#4444 = FACE_BOUND ( 'NONE', #2064, .T. ) ;
#4445 = ADVANCED_FACE ( 'NONE', ( #1282 ), #4681, .F. ) ;
#4446 = ORIENTED_EDGE ( 'NONE', *, *, #2805, .F. ) ;
#4447 = ADVANCED_FACE ( 'NONE', ( #873 ), #6948, .F. ) ;
#4448 = ORIENTED_EDGE ( 'NONE', *, *, #2007, .T. ) ;
#4449 = ORIENTED_EDGE ( 'NONE', *, *, #2854, .F. ) ;
#4450 = DIRECTION ( 'NONE',  ( -1.000000000000000000, -3.304235192336774723E-15, 0.000000000000000000 ) ) ;
#4451 = CARTESIAN_POINT ( 'NONE',  ( -37.63909603667241299, 0.9558572627156903811, 32.07616807355594091 ) ) ;
#4452 = DIRECTION ( 'NONE',  ( -3.999776700323684900E-15, 1.000000000000000000, 3.000529512353633521E-15 ) ) ;
#4453 = DIRECTION ( 'NONE',  ( -1.000000000000000000, -4.027036640660449210E-15, 0.000000000000000000 ) ) ;
#4454 = EDGE_CURVE ( 'NONE', #2235, #4879, #1938, .T. ) ;
#4455 = ORIENTED_EDGE ( 'NONE', *, *, #3409, .T. ) ;
#4456 = FACE_OUTER_BOUND ( 'NONE', #5973, .T. ) ;
#4457 = FACE_OUTER_BOUND ( 'NONE', #5282, .T. ) ;
#4458 = CARTESIAN_POINT ( 'NONE',  ( 2.176365896545272423E-14, -5.444142737284062505, -1.635968787268829615E-14 ) ) ;
#4459 = VERTEX_POINT ( 'NONE', #734 ) ;
#4460 = ADVANCED_FACE ( 'NONE', ( #6915 ), #2962, .F. ) ;
#4461 = ORIENTED_EDGE ( 'NONE', *, *, #6380, .F. ) ;
#4462 = ORIENTED_EDGE ( 'NONE', *, *, #2077, .T. ) ;
#4463 = DIRECTION ( 'NONE',  ( 3.999776700323684900E-15, -1.000000000000000000, 0.000000000000000000 ) ) ;
#4464 = CARTESIAN_POINT ( 'NONE',  ( 4.560903963327255894, -2.444142737284012323, -10.75661607810215337 ) ) ;
#4465 = LINE ( 'NONE', #2286, #310 ) ;
#4466 = CARTESIAN_POINT ( 'NONE',  ( -44.83909603667231636, -16.44414273728435916, 40.27616807355590822 ) ) ;
#4467 = VECTOR ( 'NONE', #6130, 1000.000000000000000 ) ;
#4468 = ORIENTED_EDGE ( 'NONE', *, *, #470, .T. ) ;
#4469 = ORIENTED_EDGE ( 'NONE', *, *, #5666, .T. ) ;
#4470 = VERTEX_POINT ( 'NONE', #4752 ) ;
#4471 = DIRECTION ( 'NONE',  ( -0.8660254037844383745, -4.967330528082541141E-15, 0.5000000000000004441 ) ) ;
#4472 = LINE ( 'NONE', #1745, #2182 ) ;
#4473 = DIRECTION ( 'NONE',  ( 0.000000000000000000, -1.000000000000000000, -2.999626010543229460E-15 ) ) ;
#4474 = EDGE_CURVE ( 'NONE', #6904, #1148, #1753, .T. ) ;
#4475 = CARTESIAN_POINT ( 'NONE',  ( -71.73909603667236468, 0.9558572627156342039, 5.376168073555900762 ) ) ;
#4476 = DIRECTION ( 'NONE',  ( -1.000000000000000000, -3.975407965780184239E-15, -0.000000000000000000 ) ) ;
#4477 = FACE_OUTER_BOUND ( 'NONE', #3388, .T. ) ;
#4478 = VERTEX_POINT ( 'NONE', #4094 ) ;
#4479 = CIRCLE ( 'NONE', #4713, 1.049999999999998934 ) ;
#4480 = VERTEX_POINT ( 'NONE', #3034 ) ;
#4481 = EDGE_LOOP ( 'NONE', ( #6746, #328, #2750, #2683 ) ) ;
#4482 = CARTESIAN_POINT ( 'NONE',  ( -46.13909603667241299, 0.9558572627157108093, 13.87616807355595050 ) ) ;
#4483 = DIRECTION ( 'NONE',  ( -0.5000000000000015543, 5.986464323413299241E-16, -0.8660254037844378194 ) ) ;
#4484 = ADVANCED_FACE ( 'NONE', ( #1979 ), #1389, .F. ) ;
#4485 = LINE ( 'NONE', #3468, #7187 ) ;
#4486 = DIRECTION ( 'NONE',  ( 0.8660254037844400399, 4.967330528082550607E-15, -0.4999999999999975020 ) ) ;
#4487 = ADVANCED_FACE ( 'NONE', ( #1314 ), #5786, .F. ) ;
#4488 = EDGE_CURVE ( 'NONE', #6646, #3983, #1903, .T. ) ;
#4489 = ORIENTED_EDGE ( 'NONE', *, *, #1293, .T. ) ;
#4490 = DIRECTION ( 'NONE',  ( 1.000000000000000000, 4.047688110612550150E-15, 0.000000000000000000 ) ) ;
#4491 = CARTESIAN_POINT ( 'NONE',  ( -36.73909603667242152, 0.9558572627157568835, 11.07616807355594091 ) ) ;
#4492 = AXIS2_PLACEMENT_3D ( 'NONE', #5234, #2484, #4707 ) ;
#4493 = FACE_BOUND ( 'NONE', #2883, .T. ) ;
#4494 = VECTOR ( 'NONE', #2700, 1000.000000000000000 ) ;
#4495 = EDGE_CURVE ( 'NONE', #1884, #5023, #5344, .T. ) ;
#4496 = EDGE_CURVE ( 'NONE', #904, #481, #325, .T. ) ;
#4497 = CIRCLE ( 'NONE', #5088, 0.8999999999999980238 ) ;
#4498 = ORIENTED_EDGE ( 'NONE', *, *, #1459, .F. ) ;
#4499 = AXIS2_PLACEMENT_3D ( 'NONE', #4666, #755, #167 ) ;
#4500 = VERTEX_POINT ( 'NONE', #6415 ) ;
#4501 = VECTOR ( 'NONE', #4789, 1000.000000000000000 ) ;
#4502 = VERTEX_POINT ( 'NONE', #2425 ) ;
#4503 = DIRECTION ( 'NONE',  ( 0.8660254037844421493, 4.967330528082553762E-15, -0.4999999999999939493 ) ) ;
#4504 = CIRCLE ( 'NONE', #75, 2.499999999999995115 ) ;
#4505 = DIRECTION ( 'NONE',  ( -8.416931311147107535E-16, -3.000529512353637071E-15, 1.000000000000000000 ) ) ;
#4506 = CARTESIAN_POINT ( 'NONE',  ( 4.560903963327301192, -12.44414273728390974, -43.05447442298056870 ) ) ;
#4507 = EDGE_CURVE ( 'NONE', #3798, #5709, #5752, .T. ) ;
#4508 = DIRECTION ( 'NONE',  ( 1.000000000000000000, 3.784851220313030003E-15, 0.000000000000000000 ) ) ;
#4509 = DIRECTION ( 'NONE',  ( 1.000000000000000000, 0.000000000000000000, 0.000000000000000000 ) ) ;
#4510 = CIRCLE ( 'NONE', #6971, 2.750000000000002665 ) ;
#4511 = CIRCLE ( 'NONE', #1355, 2.100000000000000089 ) ;
#4512 = ORIENTED_EDGE ( 'NONE', *, *, #4943, .T. ) ;
#4513 = ORIENTED_EDGE ( 'NONE', *, *, #3140, .F. ) ;
#4514 = AXIS2_PLACEMENT_3D ( 'NONE', #2716, #2172, #4394 ) ;
#4515 = ORIENTED_EDGE ( 'NONE', *, *, #6077, .F. ) ;
#4516 = CARTESIAN_POINT ( 'NONE',  ( -66.13909603667238457, -2.444142737284544342, 72.45788139765318192 ) ) ;
#4517 = CARTESIAN_POINT ( 'NONE',  ( -71.73909603667233625, -9.444142737284654032, 101.5761680735558912 ) ) ;
#4518 = VECTOR ( 'NONE', #6070, 1000.000000000000000 ) ;
#4519 = DIRECTION ( 'NONE',  ( -0.000000000000000000, 2.907705674975143840E-15, -1.000000000000000000 ) ) ;
#4520 = CARTESIAN_POINT ( 'NONE',  ( -14.62083681049020001, -12.44414273728420994, 29.52628265379340178 ) ) ;
#4521 = LINE ( 'NONE', #640, #6143 ) ;
#4522 = FACE_BOUND ( 'NONE', #2255, .T. ) ;
#4523 = VECTOR ( 'NONE', #2404, 1000.000000000000000 ) ;
#4524 = EDGE_LOOP ( 'NONE', ( #4116, #6166, #3285, #490 ) ) ;
#4525 = ORIENTED_EDGE ( 'NONE', *, *, #1918, .T. ) ;
#4526 = AXIS2_PLACEMENT_3D ( 'NONE', #2385, #5370, #5719 ) ;
#4527 = ORIENTED_EDGE ( 'NONE', *, *, #4352, .T. ) ;
#4528 = LOCAL_TIME ( 16, 23, 32.00000000000000000, #5171 ) ;
#4529 = DIRECTION ( 'NONE',  ( -0.000000000000000000, -3.083952846180987322E-15, 1.000000000000000000 ) ) ;
#4530 = CARTESIAN_POINT ( 'NONE',  ( 7.660903963327256427, -2.444142737284234812, 67.65788139765317055 ) ) ;
#4531 = CARTESIAN_POINT ( 'NONE',  ( -12.60762521870767472, -7.444142737284153100, 13.52651803764361027 ) ) ;
#4532 = DIRECTION ( 'NONE',  ( -3.999776700323684900E-15, 1.000000000000000000, 3.000529512353633521E-15 ) ) ;
#4533 = AXIS2_PLACEMENT_3D ( 'NONE', #26, #5656, #6215 ) ;
#4534 = EDGE_CURVE ( 'NONE', #1776, #4252, #5969, .T. ) ;
#4535 = VERTEX_POINT ( 'NONE', #2523 ) ;
#4536 = CARTESIAN_POINT ( 'NONE',  ( -74.23909603667235046, -2.444142737284208611, -47.18119123932478232 ) ) ;
#4537 = DIRECTION ( 'NONE',  ( -3.999776700323684900E-15, 1.000000000000000000, 3.000529512353633521E-15 ) ) ;
#4538 = FACE_OUTER_BOUND ( 'NONE', #4801, .T. ) ;
#4539 = ORIENTED_EDGE ( 'NONE', *, *, #1324, .T. ) ;
#4540 = EDGE_CURVE ( 'NONE', #760, #4436, #6445, .T. ) ;
#4541 = ORIENTED_EDGE ( 'NONE', *, *, #1504, .T. ) ;
#4542 = ADVANCED_FACE ( 'NONE', ( #1349 ), #5890, .F. ) ;
#4543 = ORIENTED_EDGE ( 'NONE', *, *, #735, .T. ) ;
#4544 = FACE_OUTER_BOUND ( 'NONE', #6116, .T. ) ;
#4545 = LINE ( 'NONE', #3404, #4618 ) ;
#4546 = CARTESIAN_POINT ( 'NONE',  ( -41.93909603667239594, -2.444142737284309419, 26.36616807355593295 ) ) ;
#4547 = DIRECTION ( 'NONE',  ( -0.8660254037844382635, -1.963643475768589014E-15, -0.5000000000000005551 ) ) ;
#4548 = CALENDAR_DATE ( 2026, 9, 5 ) ;
#4549 = VECTOR ( 'NONE', #2452, 1000.000000000000000 ) ;
#4550 = ORIENTED_EDGE ( 'NONE', *, *, #5261, .T. ) ;
#4551 = EDGE_CURVE ( 'NONE', #24, #3788, #4064, .T. ) ;
#4552 = ORIENTED_EDGE ( 'NONE', *, *, #3486, .T. ) ;
#4553 = ORIENTED_EDGE ( 'NONE', *, *, #1832, .T. ) ;
#4554 = DIRECTION ( 'NONE',  ( -3.999776700323684900E-15, 1.000000000000000000, 0.000000000000000000 ) ) ;
#4555 = AXIS2_PLACEMENT_3D ( 'NONE', #5273, #3096, #4163 ) ;
#4556 = DIRECTION ( 'NONE',  ( -3.999776700323684900E-15, 1.000000000000000000, 3.000529512353633521E-15 ) ) ;
#4557 = DIRECTION ( 'NONE',  ( -1.000000000000000000, -2.775557561562881096E-15, 0.000000000000000000 ) ) ;
#4558 = DIRECTION ( 'NONE',  ( -1.652117596168388150E-15, 2.994463143055203436E-15, -1.000000000000000000 ) ) ;
#4559 = LINE ( 'NONE', #3851, #1125 ) ;
#4560 = LINE ( 'NONE', #1229, #1707 ) ;
#4561 = VERTEX_POINT ( 'NONE', #3276 ) ;
#4562 = ADVANCED_FACE ( 'NONE', ( #3783, #2089 ), #2120, .F. ) ;
#4563 = VERTEX_POINT ( 'NONE', #949 ) ;
#4564 = EDGE_LOOP ( 'NONE', ( #6261, #23 ) ) ;
#4565 = DIRECTION ( 'NONE',  ( 1.000000000000000000, 3.784851220313030003E-15, 0.000000000000000000 ) ) ;
#4566 = VERTEX_POINT ( 'NONE', #393 ) ;
#4567 = FACE_OUTER_BOUND ( 'NONE', #3925, .T. ) ;
#4568 = CARTESIAN_POINT ( 'NONE',  ( -63.03909603667239026, -2.444142737284573652, 86.20681057009237236 ) ) ;
#4569 = DIRECTION ( 'NONE',  ( -1.000000000000000000, -3.975407965780191339E-15, 0.000000000000000000 ) ) ;
#4570 = LINE ( 'NONE', #3128, #550 ) ;
#4571 = DIRECTION ( 'NONE',  ( 0.4999999999999990563, -5.986464323413433347E-16, 0.8660254037844392627 ) ) ;
#4572 = DIRECTION ( 'NONE',  ( 4.001428817919833979E-15, -1.000000000000000000, -2.999626010543229460E-15 ) ) ;
#4573 = EDGE_CURVE ( 'NONE', #6344, #6770, #4902, .T. ) ;
#4574 = ORIENTED_EDGE ( 'NONE', *, *, #4014, .T. ) ;
#4575 = ORIENTED_EDGE ( 'NONE', *, *, #3779, .T. ) ;
#4576 = ORIENTED_EDGE ( 'NONE', *, *, #6090, .T. ) ;
#4577 = PLANE ( 'NONE',  #3095 ) ;
#4578 = DIRECTION ( 'NONE',  ( 1.000000000000000000, 4.010305908047857417E-15, -0.000000000000000000 ) ) ;
#4579 = CARTESIAN_POINT ( 'NONE',  ( -46.23909603667235757, -6.444142737284368927, 40.27616807355593664 ) ) ;
#4580 = FACE_BOUND ( 'NONE', #3199, .T. ) ;
#4581 = EDGE_CURVE ( 'NONE', #746, #1155, #7057, .T. ) ;
#4582 = APPROVAL_STATUS ( 'not_yet_approved' ) ;
#4583 = CC_DESIGN_PERSON_AND_ORGANIZATION_ASSIGNMENT ( #2334, #6131, ( #192 ) ) ;
#4584 = ORIENTED_EDGE ( 'NONE', *, *, #6613, .T. ) ;
#4585 = ORIENTED_EDGE ( 'NONE', *, *, #3688, .F. ) ;
#4586 = ORIENTED_EDGE ( 'NONE', *, *, #1811, .T. ) ;
#4587 = CARTESIAN_POINT ( 'NONE',  ( -66.13909603667224246, -37.44414273728431652, -5.387258574638739361 ) ) ;
#4588 = CARTESIAN_POINT ( 'NONE',  ( -66.13909603667238457, -2.444142737284508815, 60.49873805970182872 ) ) ;
#4589 = CARTESIAN_POINT ( 'NONE',  ( 10.76090396332728183, -2.444142737284288991, 89.78638223906806104 ) ) ;
#4590 = CYLINDRICAL_SURFACE ( 'NONE', #3945, 0.8999999999999980238 ) ;
#4591 = LINE ( 'NONE', #1334, #411 ) ;
#4592 = EDGE_CURVE ( 'NONE', #3181, #3732, #2748, .T. ) ;
#4593 = ORIENTED_EDGE ( 'NONE', *, *, #2887, .T. ) ;
#4594 = VERTEX_POINT ( 'NONE', #1499 ) ;
#4595 = VERTEX_POINT ( 'NONE', #5931 ) ;
#4596 = CARTESIAN_POINT ( 'NONE',  ( -63.03909603667239026, -2.444142737284174860, -46.63404609195622896 ) ) ;
#4597 = ORIENTED_EDGE ( 'NONE', *, *, #4175, .T. ) ;
#4598 = DIRECTION ( 'NONE',  ( 1.000000000000000000, 4.130293990420969686E-15, 0.000000000000000000 ) ) ;
#4599 = DIRECTION ( 'NONE',  ( -3.999776700323684900E-15, 1.000000000000000000, 0.000000000000000000 ) ) ;
#4600 = CARTESIAN_POINT ( 'NONE',  ( -51.23909603667241441, -37.44414273728443021, 51.47181993130951838 ) ) ;
#4601 = ADVANCED_FACE ( 'NONE', ( #471 ), #4374, .F. ) ;
#4602 = DIRECTION ( 'NONE',  ( 0.8660254037844400399, 0.000000000000000000, 0.4999999999999976130 ) ) ;
#4603 = CARTESIAN_POINT ( 'NONE',  ( 28.11194801913294228, -12.44414273728409626, 48.69132226887354875 ) ) ;
#4604 = FACE_BOUND ( 'NONE', #5475, .T. ) ;
#4605 = ORIENTED_EDGE ( 'NONE', *, *, #6952, .F. ) ;
#4606 = ORIENTED_EDGE ( 'NONE', *, *, #3635, .T. ) ;
#4607 = ORIENTED_EDGE ( 'NONE', *, *, #1514, .T. ) ;
#4608 = CARTESIAN_POINT ( 'NONE',  ( -65.11777569311270497, -9.444142737284151323, -57.54515227000373301 ) ) ;
#4609 = CARTESIAN_POINT ( 'NONE',  ( 4.385504178569591183, -9.444142737284110467, 21.42876338647385737 ) ) ;
#4610 = LINE ( 'NONE', #4655, #84 ) ;
#4611 = CARTESIAN_POINT ( 'NONE',  ( -42.69800014626149931, -37.44414273728449416, 86.26561341454672061 ) ) ;
#4612 = DATE_AND_TIME ( #128, #4528 ) ;
#4613 = AXIS2_PLACEMENT_3D ( 'NONE', #2631, #4932, #5521 ) ;
#4614 = VECTOR ( 'NONE', #4529, 1000.000000000000000 ) ;
#4615 = VERTEX_POINT ( 'NONE', #1531 ) ;
#4616 = ADVANCED_FACE ( 'NONE', ( #3244 ), #1607, .F. ) ;
#4617 = ORIENTED_EDGE ( 'NONE', *, *, #1955, .F. ) ;
#4618 = VECTOR ( 'NONE', #89, 1000.000000000000000 ) ;
#4619 = ORIENTED_EDGE ( 'NONE', *, *, #3486, .F. ) ;
#4620 = DIRECTION ( 'NONE',  ( -4.003208021484941694E-15, 1.000000000000000000, 2.999626010543229460E-15 ) ) ;
#4621 = VECTOR ( 'NONE', #5770, 1000.000000000000114 ) ;
#4622 = FACE_BOUND ( 'NONE', #6455, .T. ) ;
#4623 = DIRECTION ( 'NONE',  ( -3.999776700323684900E-15, 1.000000000000000000, 3.000529512353633521E-15 ) ) ;
#4624 = CARTESIAN_POINT ( 'NONE',  ( -52.99504841762477980, -37.44414273728443732, 53.25132301808050528 ) ) ;
#4625 = CARTESIAN_POINT ( 'NONE',  ( 12.76090396332727117, -12.44414273728428455, 90.33352738643660018 ) ) ;
#4626 = VECTOR ( 'NONE', #839, 1000.000000000000000 ) ;
#4627 = CIRCLE ( 'NONE', #1476, 0.8999999999999980238 ) ;
#4628 = ORIENTED_EDGE ( 'NONE', *, *, #3092, .T. ) ;
#4629 = EDGE_CURVE ( 'NONE', #3229, #6574, #3203, .T. ) ;
#4630 = ORIENTED_EDGE ( 'NONE', *, *, #1824, .T. ) ;
#4631 = ADVANCED_FACE ( 'NONE', ( #502 ), #5453, .F. ) ;
#4632 = EDGE_LOOP ( 'NONE', ( #6714, #5681 ) ) ;
#4633 = CARTESIAN_POINT ( 'NONE',  ( 15.76090396332726762, -9.444142737284272116, 90.33352738643660018 ) ) ;
#4634 = ORIENTED_EDGE ( 'NONE', *, *, #5261, .F. ) ;
#4636 = AXIS2_PLACEMENT_3D ( 'NONE', #5029, #1152, #3877 ) ;
#4635 = FACE_OUTER_BOUND ( 'NONE', #6897, .T. ) ;
#4637 = LINE ( 'NONE', #4260, #5086 ) ;
#4638 = DIRECTION ( 'NONE',  ( -1.000000000000000000, -4.006385170708341171E-15, 1.817329355785226630E-15 ) ) ;
#4639 = AXIS2_PLACEMENT_3D ( 'NONE', #1430, #823, #5357 ) ;
#4640 = VECTOR ( 'NONE', #4519, 1000.000000000000000 ) ;
#4641 = CIRCLE ( 'NONE', #1486, 47.00000000000002842 ) ;
#4642 = AXIS2_PLACEMENT_3D ( 'NONE', #973, #3850, #6683 ) ;
#4643 = EDGE_CURVE ( 'NONE', #5901, #4769, #2674, .T. ) ;
#4644 = EDGE_CURVE ( 'NONE', #1959, #7102, #4863, .T. ) ;
#4645 = DIRECTION ( 'NONE',  ( -3.999776700323688055E-15, 1.000000000000000000, 0.000000000000000000 ) ) ;
#4646 = CYLINDRICAL_SURFACE ( 'NONE', #3786, 3.000000000000000888 ) ;
#4647 = DIRECTION ( 'NONE',  ( 3.999776700323684900E-15, -1.000000000000000000, -3.000529512353633521E-15 ) ) ;
#4648 = AXIS2_PLACEMENT_3D ( 'NONE', #1001, #2718, #3736 ) ;
#4649 = VERTEX_POINT ( 'NONE', #7131 ) ;
#4650 = ORIENTED_EDGE ( 'NONE', *, *, #4250, .T. ) ;
#4651 = EDGE_CURVE ( 'NONE', #3003, #6745, #3750, .T. ) ;
#4652 = EDGE_LOOP ( 'NONE', ( #7079, #377, #3549, #4301 ) ) ;
#4653 = CARTESIAN_POINT ( 'NONE',  ( -32.42099603897735705, -5.444142737284225930, 11.11566209117935955 ) ) ;
#4654 = CARTESIAN_POINT ( 'NONE',  ( 7.660903963327256427, -2.444142737283958589, -24.50554525054135624 ) ) ;
#4655 = CARTESIAN_POINT ( 'NONE',  ( -69.23909603667223678, -37.44414273728428810, -19.13618774707793335 ) ) ;
#4656 = FACE_OUTER_BOUND ( 'NONE', #2264, .T. ) ;
#4657 = ORIENTED_EDGE ( 'NONE', *, *, #4726, .T. ) ;
#4658 = VERTEX_POINT ( 'NONE', #6585 ) ;
#4659 = ORIENTED_EDGE ( 'NONE', *, *, #6151, .T. ) ;
#4660 = DIRECTION ( 'NONE',  ( -3.999776700323684900E-15, 1.000000000000000000, 3.000529512353633521E-15 ) ) ;
#4661 = FACE_BOUND ( 'NONE', #4705, .T. ) ;
#4662 = VECTOR ( 'NONE', #970, 1000.000000000000000 ) ;
#4663 = CARTESIAN_POINT ( 'NONE',  ( 4.560903963327302080, -12.44414273728431120, 89.78638223906804683 ) ) ;
#4664 = CARTESIAN_POINT ( 'NONE',  ( 7.660903963327398536, -37.44414273728425258, 72.45788139765306823 ) ) ;
#4665 = AXIS2_PLACEMENT_3D ( 'NONE', #842, #3537, #6342 ) ;
#4666 = CARTESIAN_POINT ( 'NONE',  ( 4.560903963327413990, -37.44414273728390441, -46.63404609195632844 ) ) ;
#4667 = EDGE_CURVE ( 'NONE', #4139, #5562, #1058, .T. ) ;
#4668 = ORIENTED_EDGE ( 'NONE', *, *, #3140, .T. ) ;
#4669 = ORIENTED_EDGE ( 'NONE', *, *, #3862, .F. ) ;
#4670 = VERTEX_POINT ( 'NONE', #3827 ) ;
#4671 = LINE ( 'NONE', #693, #4549 ) ;
#4672 = ORIENTED_EDGE ( 'NONE', *, *, #1901, .T. ) ;
#4673 = CARTESIAN_POINT ( 'NONE',  ( -71.73909603667236468, 0.9558572627156342039, 5.376168073555900762 ) ) ;
#4674 = EDGE_CURVE ( 'NONE', #4845, #7012, #2736, .T. ) ;
#4675 = DIRECTION ( 'NONE',  ( 4.001428817919833979E-15, -1.000000000000000000, -2.999626010543229460E-15 ) ) ;
#4676 = DIRECTION ( 'NONE',  ( 1.000000000000000000, 3.999776700323684900E-15, 1.211476396892138794E-29 ) ) ;
#4677 = EDGE_CURVE ( 'NONE', #6492, #3082, #7024, .T. ) ;
#4678 = VECTOR ( 'NONE', #182, 1000.000000000000000 ) ;
#4679 = EDGE_CURVE ( 'NONE', #6816, #5789, #2596, .T. ) ;
#4680 = DIRECTION ( 'NONE',  ( -3.999776700323684900E-15, 1.000000000000000000, 3.000529512353633521E-15 ) ) ;
#4681 = PLANE ( 'NONE',  #344 ) ;
#4682 = CARTESIAN_POINT ( 'NONE',  ( 4.560903963327285204, -12.44414273728423481, 65.86809556316532621 ) ) ;
#4683 = EDGE_CURVE ( 'NONE', #1233, #196, #6521, .T. ) ;
#4684 = EDGE_LOOP ( 'NONE', ( #2093, #2398 ) ) ;
#4685 = EDGE_LOOP ( 'NONE', ( #627, #6463, #6461, #4224, #5916, #4420 ) ) ;
#4686 = DIRECTION ( 'NONE',  ( -0.8660254037844382635, 0.000000000000000000, -0.5000000000000006661 ) ) ;
#4687 = DIRECTION ( 'NONE',  ( 1.000000000000000000, 4.130293990420968897E-15, 0.000000000000000000 ) ) ;
#4688 = CARTESIAN_POINT ( 'NONE',  ( 4.518263276208009493, -12.44414273728435028, 101.5761680735558912 ) ) ;
#4689 = DIRECTION ( 'NONE',  ( -3.999776700323684900E-15, 1.000000000000000000, 3.000529512353633521E-15 ) ) ;
#4690 = EDGE_CURVE ( 'NONE', #287, #6936, #653, .T. ) ;
#4691 = ORIENTED_EDGE ( 'NONE', *, *, #2280, .F. ) ;
#4692 = VERTEX_POINT ( 'NONE', #6113 ) ;
#4693 = VERTEX_POINT ( 'NONE', #6263 ) ;
#4694 = DIRECTION ( 'NONE',  ( -3.999776700323684900E-15, 1.000000000000000000, 3.000529512353633521E-15 ) ) ;
#4695 = DIRECTION ( 'NONE',  ( 0.4999999999999939493, -5.986464323413725226E-16, 0.8660254037844421493 ) ) ;
#4696 = CARTESIAN_POINT ( 'NONE',  ( -43.92909603667242635, 0.9558572627156600721, 33.77616807355594375 ) ) ;
#4697 = PLANE ( 'NONE',  #806 ) ;
#4698 = DIRECTION ( 'NONE',  ( -0.8660254037844392627, 0.000000000000000000, 0.4999999999999990008 ) ) ;
#4699 = ORIENTED_EDGE ( 'NONE', *, *, #3504, .T. ) ;
#4700 = EDGE_LOOP ( 'NONE', ( #7112, #1511, #957, #6179 ) ) ;
#4701 = ORIENTED_EDGE ( 'NONE', *, *, #2619, .F. ) ;
#4702 = EDGE_CURVE ( 'NONE', #5276, #645, #2889, .T. ) ;
#4703 = DIRECTION ( 'NONE',  ( -1.000000000000000000, -2.775557561562888984E-15, 0.000000000000000000 ) ) ;
#4704 = AXIS2_PLACEMENT_3D ( 'NONE', #6251, #2372, #4111 ) ;
#4705 = EDGE_LOOP ( 'NONE', ( #938, #2072 ) ) ;
#4706 = DIRECTION ( 'NONE',  ( -3.999776700323684900E-15, 1.000000000000000000, 3.000529512353633521E-15 ) ) ;
#4707 = DIRECTION ( 'NONE',  ( -1.000000000000000000, -3.998181162097232081E-15, 0.000000000000000000 ) ) ;
#4708 = CARTESIAN_POINT ( 'NONE',  ( 7.535504178569583544, -7.444142737284097144, 21.42876338647386447 ) ) ;
#4709 = ADVANCED_FACE ( 'NONE', ( #5122 ), #1757, .F. ) ;
#4710 = FACE_OUTER_BOUND ( 'NONE', #3378, .T. ) ;
#4711 = CARTESIAN_POINT ( 'NONE',  ( -66.13909603667224246, -37.44414273728452969, 67.65788139765307108 ) ) ;
#4712 = DIRECTION ( 'NONE',  ( -4.000000000000001100E-15, 1.000000000000000000, 2.999999999999999839E-15 ) ) ;
#4713 = AXIS2_PLACEMENT_3D ( 'NONE', #5649, #5274, #6949 ) ;
#4714 = ADVANCED_FACE ( 'NONE', ( #6, #1641 ), #5048, .T. ) ;
#4715 = ORIENTED_EDGE ( 'NONE', *, *, #1900, .F. ) ;
#4716 = VERTEX_POINT ( 'NONE', #6773 ) ;
#4717 = CARTESIAN_POINT ( 'NONE',  ( -59.13909603667241299, 0.9558572627156726176, 9.376168073555946947 ) ) ;
#4718 = EDGE_CURVE ( 'NONE', #5946, #5762, #4010, .T. ) ;
#4719 = LINE ( 'NONE', #331, #5452 ) ;
#4720 = LINE ( 'NONE', #741, #1136 ) ;
#4721 = CARTESIAN_POINT ( 'NONE',  ( -66.13909603667239878, -2.444142737284580313, 84.41702473560454223 ) ) ;
#4722 = ORIENTED_EDGE ( 'NONE', *, *, #5518, .F. ) ;
#4723 = ORIENTED_EDGE ( 'NONE', *, *, #6553, .F. ) ;
#4724 = ORIENTED_EDGE ( 'NONE', *, *, #1283, .T. ) ;
#4725 = VERTEX_POINT ( 'NONE', #615 ) ;
#4726 = EDGE_CURVE ( 'NONE', #3770, #6794, #6196, .T. ) ;
#4727 = CARTESIAN_POINT ( 'NONE',  ( -66.13909603667238457, -2.444142737284217937, -36.46468858849271300 ) ) ;
#4728 = EDGE_CURVE ( 'NONE', #4330, #2129, #4972, .T. ) ;
#4729 = FACE_BOUND ( 'NONE', #3528, .T. ) ;
#4730 = LINE ( 'NONE', #4696, #5651 ) ;
#4731 = CARTESIAN_POINT ( 'NONE',  ( -8.447429370005876237, -12.44414273728443732, -31.79359487534816964 ) ) ;
#4732 = AXIS2_PLACEMENT_3D ( 'NONE', #730, #6336, #6882 ) ;
#4733 = AXIS2_PLACEMENT_3D ( 'NONE', #2560, #5409, #4372 ) ;
#4734 = CIRCLE ( 'NONE', #1346, 2.750000000000002665 ) ;
#4735 = ORIENTED_EDGE ( 'NONE', *, *, #2795, .F. ) ;
#4736 = ORIENTED_EDGE ( 'NONE', *, *, #6478, .T. ) ;
#4737 = CIRCLE ( 'NONE', #1937, 1.399999999999998579 ) ;
#4738 = CIRCLE ( 'NONE', #2987, 2.750000000000002665 ) ;
#4739 = ORIENTED_EDGE ( 'NONE', *, *, #6695, .F. ) ;
#4740 = VECTOR ( 'NONE', #5159, 1000.000000000000000 ) ;
#4741 = LINE ( 'NONE', #5919, #3376 ) ;
#4742 = ORIENTED_EDGE ( 'NONE', *, *, #3590, .F. ) ;
#4743 = CARTESIAN_POINT ( 'NONE',  ( 10.76090396332728361, -12.44414273728401987, -2.833372241562549451E-14 ) ) ;
#4744 = DIRECTION ( 'NONE',  ( 1.000000000000000000, 4.130293990420968108E-15, 0.000000000000000000 ) ) ;
#4745 = CARTESIAN_POINT ( 'NONE',  ( -35.73909603667242152, 0.9558572627157524426, 13.87616807355594872 ) ) ;
#4746 = VECTOR ( 'NONE', #4203, 1000.000000000000000 ) ;
#4747 = VECTOR ( 'NONE', #6487, 1000.000000000000000 ) ;
#4748 = CIRCLE ( 'NONE', #787, 1.399999999999998579 ) ;
#4749 = AXIS2_PLACEMENT_3D ( 'NONE', #477, #3686, #5356 ) ;
#4750 = DIRECTION ( 'NONE',  ( -0.8660254037844385966, -1.963643475768591775E-15, -0.4999999999999999445 ) ) ;
#4751 = CARTESIAN_POINT ( 'NONE',  ( -62.43909603667241015, 0.9558572627155980106, 29.77616807355594730 ) ) ;
#4752 = CARTESIAN_POINT ( 'NONE',  ( 4.560903963327277211, -2.444142737284313860, 89.78638223906807525 ) ) ;
#4753 = VECTOR ( 'NONE', #7189, 1000.000000000000114 ) ;
#4754 = CYLINDRICAL_SURFACE ( 'NONE', #626, 6.499999999999999112 ) ;
#4755 = VECTOR ( 'NONE', #5493, 1000.000000000000000 ) ;
#4756 = EDGE_CURVE ( 'NONE', #2810, #4425, #2313, .T. ) ;
#4757 = AXIS2_PLACEMENT_3D ( 'NONE', #1897, #1973, #6511 ) ;
#4758 = ORIENTED_EDGE ( 'NONE', *, *, #6409, .F. ) ;
#4759 = ORIENTED_EDGE ( 'NONE', *, *, #4980, .F. ) ;
#4760 = CARTESIAN_POINT ( 'NONE',  ( -71.73909603667235046, -2.444142737284361822, 5.376168073555886551 ) ) ;
#4761 = AXIS2_PLACEMENT_3D ( 'NONE', #1591, #3298, #4846 ) ;
#4762 = PLANE ( 'NONE',  #1009 ) ;
#4763 = AXIS2_PLACEMENT_3D ( 'NONE', #3223, #6643, #2175 ) ;
#4764 = CARTESIAN_POINT ( 'NONE',  ( -6.376000798577175388, -37.44414273728428100, 63.34009155669140512 ) ) ;
#4765 = DIRECTION ( 'NONE',  ( 4.024389016307606452E-15, -1.000000000000000000, -2.994463143055210142E-15 ) ) ;
#4766 = EDGE_CURVE ( 'NONE', #3336, #1959, #3976, .T. ) ;
#4767 = ORIENTED_EDGE ( 'NONE', *, *, #4683, .F. ) ;
#4768 = ADVANCED_FACE ( 'NONE', ( #6730 ), #2270, .F. ) ;
#4769 = VERTEX_POINT ( 'NONE', #5015 ) ;
#4770 = VERTEX_POINT ( 'NONE', #5671 ) ;
#4771 = EDGE_LOOP ( 'NONE', ( #4659, #6978, #2336, #3797 ) ) ;
#4772 = CARTESIAN_POINT ( 'NONE',  ( -66.13909603667225667, -37.44414273728420284, -41.26468858849280963 ) ) ;
#4773 = FACE_BOUND ( 'NONE', #4825, .T. ) ;
#4774 = DIRECTION ( 'NONE',  ( 3.999776700323684900E-15, -1.000000000000000000, -3.000529512353633521E-15 ) ) ;
#4775 = PLANE ( 'NONE',  #1261 ) ;
#4776 = EDGE_CURVE ( 'NONE', #1094, #1077, #4485, .T. ) ;
#4777 = ORIENTED_EDGE ( 'NONE', *, *, #6332, .F. ) ;
#4778 = ORIENTED_EDGE ( 'NONE', *, *, #5674, .F. ) ;
#4779 = EDGE_LOOP ( 'NONE', ( #150, #3354, #3307, #3263 ) ) ;
#4780 = AXIS2_PLACEMENT_3D ( 'NONE', #6364, #3599, #1339 ) ;
#4781 = DIRECTION ( 'NONE',  ( 1.000000000000000000, 3.999776700323684900E-15, 1.211476396892138794E-29 ) ) ;
#4782 = DIRECTION ( 'NONE',  ( 0.8660254037844383745, 1.938470449983430410E-15, 0.5000000000000004441 ) ) ;
#4783 = VERTEX_POINT ( 'NONE', #3899 ) ;
#4784 = DIRECTION ( 'NONE',  ( 1.000000000000000000, 3.998792718520070066E-15, 0.000000000000000000 ) ) ;
#4785 = FACE_OUTER_BOUND ( 'NONE', #1658, .T. ) ;
#4786 = DIRECTION ( 'NONE',  ( -1.000000000000000000, -3.999776700323684900E-15, 0.000000000000000000 ) ) ;
#4787 = EDGE_CURVE ( 'NONE', #2033, #2247, #113, .T. ) ;
#4788 = EDGE_LOOP ( 'NONE', ( #5982, #2574, #36, #6013 ) ) ;
#4789 = DIRECTION ( 'NONE',  ( -3.712746219811193165E-31, 3.000529512353633521E-15, -1.000000000000000000 ) ) ;
#4790 = LINE ( 'NONE', #3716, #899 ) ;
#4791 = DIRECTION ( 'NONE',  ( -0.8660254037844383745, 0.000000000000000000, -0.5000000000000004441 ) ) ;
#4792 = LINE ( 'NONE', #7098, #2412 ) ;
#4793 = ORIENTED_EDGE ( 'NONE', *, *, #1230, .T. ) ;
#4794 = VERTEX_POINT ( 'NONE', #2351 ) ;
#4795 = DIRECTION ( 'NONE',  ( -1.000000000000000000, -3.989863994746655528E-15, 0.000000000000000000 ) ) ;
#4796 = CARTESIAN_POINT ( 'NONE',  ( 0.4976372304088890197, -7.444142737284104250, 14.46683629550344996 ) ) ;
#4797 = CARTESIAN_POINT ( 'NONE',  ( -21.73909603667274837, -2.444142737284214384, 21.57616807355592670 ) ) ;
#4798 = FACE_OUTER_BOUND ( 'NONE', #43, .T. ) ;
#4799 = EDGE_LOOP ( 'NONE', ( #312, #4722 ) ) ;
#4800 = ORIENTED_EDGE ( 'NONE', *, *, #3869, .T. ) ;
#4801 = EDGE_LOOP ( 'NONE', ( #4065, #5144, #2108, #6918 ) ) ;
#4802 = DIRECTION ( 'NONE',  ( -3.999776700323684900E-15, 1.000000000000000000, 3.000529512353633521E-15 ) ) ;
#4803 = EDGE_CURVE ( 'NONE', #7235, #6618, #3943, .T. ) ;
#4804 = LINE ( 'NONE', #4839, #5924 ) ;
#4805 = EDGE_CURVE ( 'NONE', #5604, #5820, #6809, .T. ) ;
#4806 = DIRECTION ( 'NONE',  ( 1.000000000000000000, 4.100255488672448973E-15, 0.000000000000000000 ) ) ;
#4807 = CARTESIAN_POINT ( 'NONE',  ( -21.73909603667271995, -12.44414273728421527, 21.57616807355590538 ) ) ;
#4808 = ORIENTED_EDGE ( 'NONE', *, *, #2891, .F. ) ;
#4809 = VERTEX_POINT ( 'NONE', #1791 ) ;
#4810 = ORIENTED_EDGE ( 'NONE', *, *, #2747, .F. ) ;
#4811 = CARTESIAN_POINT ( 'NONE',  ( -66.13909603667238457, -2.444142737284494160, 55.69873805970183156 ) ) ;
#4812 = EDGE_CURVE ( 'NONE', #3286, #4168, #6692, .T. ) ;
#4813 = DIRECTION ( 'NONE',  ( 4.001428817919833979E-15, -1.000000000000000000, -2.999626010543229460E-15 ) ) ;
#4814 = CARTESIAN_POINT ( 'NONE',  ( -50.00992937000589222, -2.444142737284177080, -28.49388268174984162 ) ) ;
#4815 = LINE ( 'NONE', #6405, #3934 ) ;
#4816 = CARTESIAN_POINT ( 'NONE',  ( 10.76090396332728538, -12.44414273728421172, 65.86809556316532621 ) ) ;
#4817 = DIRECTION ( 'NONE',  ( -4.000000000000001100E-15, 1.000000000000000000, 2.999999999999999839E-15 ) ) ;
#4818 = ORIENTED_EDGE ( 'NONE', *, *, #6533, .F. ) ;
#4819 = ADVANCED_FACE ( 'NONE', ( #5602 ), #6840, .F. ) ;
#4820 = CARTESIAN_POINT ( 'NONE',  ( -32.42099603897735705, -5.444142737284287215, 31.71566209117936097 ) ) ;
#4821 = FACE_OUTER_BOUND ( 'NONE', #1896, .T. ) ;
#4822 = CARTESIAN_POINT ( 'NONE',  ( 15.76090396332724097, -2.444142737284304534, 101.5761680735559196 ) ) ;
#4823 = FACE_OUTER_BOUND ( 'NONE', #5175, .T. ) ;
#4824 = VECTOR ( 'NONE', #3966, 1000.000000000000000 ) ;
#4825 = EDGE_LOOP ( 'NONE', ( #7148, #2368, #5464, #5050, #5869 ) ) ;
#4826 = VERTEX_POINT ( 'NONE', #1898 ) ;
#4827 = PLANE ( 'NONE',  #435 ) ;
#4828 = DIRECTION ( 'NONE',  ( -4.000000000000001100E-15, 1.000000000000000000, 2.999999999999999839E-15 ) ) ;
#4829 = VECTOR ( 'NONE', #6095, 999.9999999999998863 ) ;
#4830 = LINE ( 'NONE', #4347, #7090 ) ;
#4831 = CARTESIAN_POINT ( 'NONE',  ( -12.52083681049021102, -7.444142737284201949, 29.52628265379340888 ) ) ;
#4832 = VECTOR ( 'NONE', #3182, 1000.000000000000000 ) ;
#4833 = ORIENTED_EDGE ( 'NONE', *, *, #3200, .T. ) ;
#4834 = AXIS2_PLACEMENT_3D ( 'NONE', #3062, #3576, #816 ) ;
#4835 = VERTEX_POINT ( 'NONE', #5267 ) ;
#4836 = CIRCLE ( 'NONE', #509, 2.100000000000000533 ) ;
#4837 = ORIENTED_EDGE ( 'NONE', *, *, #6029, .T. ) ;
#4838 = DIRECTION ( 'NONE',  ( -3.999776700323684900E-15, 1.000000000000000000, 3.000529512353633521E-15 ) ) ;
#4839 = CARTESIAN_POINT ( 'NONE',  ( -69.23909603667237889, -12.44414273728433962, -2.833372241562646008E-14 ) ) ;
#4840 = DIRECTION ( 'NONE',  ( 4.000000000000001100E-15, -1.000000000000000000, -3.000000000000000233E-15 ) ) ;
#4841 = CARTESIAN_POINT ( 'NONE',  ( -7.239096036672531653, -2.444142737284038525, -17.84146757344852574 ) ) ;
#4842 = ADVANCED_FACE ( 'NONE', ( #5780 ), #1867, .F. ) ;
#4843 = ORIENTED_EDGE ( 'NONE', *, *, #2617, .T. ) ;
#4844 = ORIENTED_EDGE ( 'NONE', *, *, #3880, .T. ) ;
#4845 = VERTEX_POINT ( 'NONE', #1829 ) ;
#4846 = DIRECTION ( 'NONE',  ( 1.000000000000000000, 4.130293990420973630E-15, 0.000000000000000000 ) ) ;
#4847 = CIRCLE ( 'NONE', #3317, 6.499999999999999112 ) ;
#4848 = VECTOR ( 'NONE', #1682, 1000.000000000000000 ) ;
#4849 = CARTESIAN_POINT ( 'NONE',  ( 7.660903963327274191, -2.444142737283908406, -41.26468858849271015 ) ) ;
#4850 = DIRECTION ( 'NONE',  ( -3.712746219811193165E-31, 3.000529512353633521E-15, -1.000000000000000000 ) ) ;
#4851 = CARTESIAN_POINT ( 'NONE',  ( -63.03909603667224815, -37.44414273728422415, -31.09533108502929366 ) ) ;
#4852 = LINE ( 'NONE', #867, #3556 ) ;
#4853 = CARTESIAN_POINT ( 'NONE',  ( -63.03909603667239026, -2.444142737284584310, 89.78638223906807525 ) ) ;
#4854 = ORIENTED_EDGE ( 'NONE', *, *, #5721, .F. ) ;
#4855 = AXIS2_PLACEMENT_3D ( 'NONE', #3356, #5600, #38 ) ;
#4856 = ADVANCED_FACE ( 'NONE', ( #1384 ), #3030, .F. ) ;
#4857 = VECTOR ( 'NONE', #5529, 1000.000000000000000 ) ;
#4858 = VECTOR ( 'NONE', #5112, 1000.000000000000000 ) ;
#4859 = CARTESIAN_POINT ( 'NONE',  ( 10.76090396332728716, -12.44414273728392040, -31.09533108502920840 ) ) ;
#4860 = DIRECTION ( 'NONE',  ( 1.000000000000000000, 3.717264591378875951E-15, 0.000000000000000000 ) ) ;
#4861 = AXIS2_PLACEMENT_3D ( 'NONE', #2837, #3886, #3413 ) ;
#4862 = VECTOR ( 'NONE', #3543, 1000.000000000000000 ) ;
#4863 = LINE ( 'NONE', #5411, #4878 ) ;
#4864 = DIRECTION ( 'NONE',  ( 0.8660254037844404840, 0.000000000000000000, 0.4999999999999968914 ) ) ;
#4865 = APPLICATION_CONTEXT ( 'configuration controlled 3d designs of mechanical parts and assemblies' ) ;
#4866 = CIRCLE ( 'NONE', #539, 2.099999999999999645 ) ;
#4867 = EDGE_CURVE ( 'NONE', #4008, #5849, #4089, .T. ) ;
#4868 = ADVANCED_FACE ( 'NONE', ( #3502 ), #6367, .F. ) ;
#4869 = CIRCLE ( 'NONE', #5813, 1.049999999999999600 ) ;
#4870 = ORIENTED_EDGE ( 'NONE', *, *, #5622, .F. ) ;
#4871 = DIRECTION ( 'NONE',  ( 0.8660254037844385966, 0.000000000000000000, -0.4999999999999999445 ) ) ;
#4872 = DIRECTION ( 'NONE',  ( 1.000000000000000000, 3.975407965780191339E-15, 0.000000000000000000 ) ) ;
#4873 = DIRECTION ( 'NONE',  ( -1.000000000000000000, -3.997749101455644099E-15, 0.000000000000000000 ) ) ;
#4874 = CYLINDRICAL_SURFACE ( 'NONE', #6048, 2.499999999999995115 ) ;
#4875 = VECTOR ( 'NONE', #3302, 1000.000000000000000 ) ;
#4876 = ORIENTED_EDGE ( 'NONE', *, *, #3987, .F. ) ;
#4877 = EDGE_CURVE ( 'NONE', #6936, #1540, #6944, .T. ) ;
#4878 = VECTOR ( 'NONE', #1564, 1000.000000000000114 ) ;
#4879 = VERTEX_POINT ( 'NONE', #4191 ) ;
#4880 = ORIENTED_EDGE ( 'NONE', *, *, #5756, .T. ) ;
#4881 =( GEOMETRIC_REPRESENTATION_CONTEXT ( 3 ) GLOBAL_UNCERTAINTY_ASSIGNED_CONTEXT ( ( #1709 ) ) GLOBAL_UNIT_ASSIGNED_CONTEXT ( ( #95, #3332, #2395 ) ) REPRESENTATION_CONTEXT ( 'NONE', 'WORKASPACE' ) );
#4882 = PLANE ( 'NONE',  #1679 ) ;
#4883 = CARTESIAN_POINT ( 'NONE',  ( -46.23909603667234336, -12.44414273728436804, 40.27616807355592954 ) ) ;
#4884 = DIRECTION ( 'NONE',  ( -3.994991256252005511E-15, 1.000000000000000000, 3.010503119717032181E-15 ) ) ;
#4885 = LINE ( 'NONE', #410, #1610 ) ;
#4886 = AXIS2_PLACEMENT_3D ( 'NONE', #4403, #6649, #2621 ) ;
#4887 = VECTOR ( 'NONE', #4216, 1000.000000000000114 ) ;
#4888 = ORIENTED_EDGE ( 'NONE', *, *, #3104, .T. ) ;
#4889 = ORIENTED_EDGE ( 'NONE', *, *, #3960, .F. ) ;
#4890 = ORIENTED_EDGE ( 'NONE', *, *, #3633, .T. ) ;
#4891 = CARTESIAN_POINT ( 'NONE',  ( 7.660903963327394983, -37.44414273728420284, 55.69873805970172498 ) ) ;
#4892 = CARTESIAN_POINT ( 'NONE',  ( -1.526422912400816623, -7.444142737284154876, 28.46663033463454795 ) ) ;
#4893 = ORIENTED_EDGE ( 'NONE', *, *, #11, .F. ) ;
#4894 = EDGE_CURVE ( 'NONE', #2481, #3518, #1416, .T. ) ;
#4895 = CARTESIAN_POINT ( 'NONE',  ( 5.435504178569583900, -7.444142737284106026, 21.42876338647386447 ) ) ;
#4896 = DIRECTION ( 'NONE',  ( -3.999776700323684900E-15, 1.000000000000000000, 3.000529512353633521E-15 ) ) ;
#4897 = DIRECTION ( 'NONE',  ( 0.8660254037844395958, 1.938470449983430016E-15, 0.4999999999999983347 ) ) ;
#4898 = ORIENTED_EDGE ( 'NONE', *, *, #1245, .T. ) ;
#4899 = DIRECTION ( 'NONE',  ( 1.000000000000000000, 3.975407965780191339E-15, 0.000000000000000000 ) ) ;
#4900 = DIRECTION ( 'NONE',  ( 0.8660254037844391517, 1.938470449983432382E-15, 0.4999999999999989453 ) ) ;
#4901 = EDGE_CURVE ( 'NONE', #3511, #3229, #3569, .T. ) ;
#4902 = LINE ( 'NONE', #4308, #2518 ) ;
#4903 = DIRECTION ( 'NONE',  ( -1.133159367757362572E-31, -3.000529512353633521E-15, 1.000000000000000000 ) ) ;
#4904 = EDGE_CURVE ( 'NONE', #6330, #6198, #1823, .T. ) ;
#4905 = ORIENTED_EDGE ( 'NONE', *, *, #6791, .F. ) ;
#4906 = CARTESIAN_POINT ( 'NONE',  ( -66.13909603667224246, -37.44414273728423836, -29.30554525054145643 ) ) ;
#4907 = CARTESIAN_POINT ( 'NONE',  ( 10.76090396332728538, -12.44414273728401987, -2.833372241562550082E-14 ) ) ;
#4908 = LINE ( 'NONE', #7030, #6397 ) ;
#4909 = DIRECTION ( 'NONE',  ( -0.8660254037844385966, 0.000000000000000000, 0.4999999999999999445 ) ) ;
#4910 = EDGE_CURVE ( 'NONE', #7195, #1992, #3532, .T. ) ;
#4911 = ORIENTED_EDGE ( 'NONE', *, *, #7172, .F. ) ;
#4912 = AXIS2_PLACEMENT_3D ( 'NONE', #1684, #4572, #3981 ) ;
#4913 = VERTEX_POINT ( 'NONE', #764 ) ;
#4914 = ORIENTED_EDGE ( 'NONE', *, *, #3192, .T. ) ;
#4915 = LINE ( 'NONE', #2102, #3305 ) ;
#4916 = CARTESIAN_POINT ( 'NONE',  ( -14.75279466680956197, -2.444142737284389355, 89.21633064853382677 ) ) ;
#4917 = EDGE_CURVE ( 'NONE', #2773, #4243, #402, .T. ) ;
#4918 = LINE ( 'NONE', #7146, #5063 ) ;
#4919 = CARTESIAN_POINT ( 'NONE',  ( -7.843262703339208386, -12.44414273728432541, 77.37182933831921616 ) ) ;
#4920 = ORIENTED_EDGE ( 'NONE', *, *, #978, .F. ) ;
#4921 = ORIENTED_EDGE ( 'NONE', *, *, #2832, .F. ) ;
#4922 = ORIENTED_EDGE ( 'NONE', *, *, #6889, .F. ) ;
#4923 = CARTESIAN_POINT ( 'NONE',  ( -46.23909603667237178, -2.444142737284368927, 40.27616807355594375 ) ) ;
#4924 = FACE_BOUND ( 'NONE', #557, .T. ) ;
#4925 = DIRECTION ( 'NONE',  ( -3.999776700323684900E-15, 1.000000000000000000, 3.000529512353633521E-15 ) ) ;
#4926 = DIRECTION ( 'NONE',  ( 0.5000000000000015543, 4.598423132665026657E-15, -0.8660254037844378194 ) ) ;
#4927 = CARTESIAN_POINT ( 'NONE',  ( 7.660903963327259092, -2.444142737284249467, 72.45788139765318192 ) ) ;
#4928 = DIRECTION ( 'NONE',  ( -0.8660254037844391517, 0.000000000000000000, -0.4999999999999990008 ) ) ;
#4929 = VERTEX_POINT ( 'NONE', #5193 ) ;
#4930 = CARTESIAN_POINT ( 'NONE',  ( -56.14909603667242521, 0.9558572627156114443, 33.77616807355594375 ) ) ;
#4931 = DIRECTION ( 'NONE',  ( -3.999776700323684900E-15, 1.000000000000000000, 3.000529512353633521E-15 ) ) ;
#4932 = DIRECTION ( 'NONE',  ( -1.000000000000000000, -3.999776700323684900E-15, -1.211476396892145801E-29 ) ) ;
#4933 = LINE ( 'NONE', #5380, #6960 ) ;
#4934 = ADVANCED_FACE ( 'NONE', ( #175 ), #2417, .F. ) ;
#4935 = ORIENTED_EDGE ( 'NONE', *, *, #7220, .F. ) ;
#4936 = DIRECTION ( 'NONE',  ( 0.4999999999999997780, 4.598423132665022713E-15, -0.8660254037844388186 ) ) ;
#4937 = LINE ( 'NONE', #4907, #1589 ) ;
#4938 = CARTESIAN_POINT ( 'NONE',  ( -1.526422912400824838, -5.444142737284154876, 28.46663033463455150 ) ) ;
#4939 = CARTESIAN_POINT ( 'NONE',  ( -50.00992937000575722, -37.44414273728417442, -28.49388268174994465 ) ) ;
#4940 = VERTEX_POINT ( 'NONE', #4157 ) ;
#4941 = EDGE_CURVE ( 'NONE', #4033, #2559, #6607, .T. ) ;
#4942 = ORIENTED_EDGE ( 'NONE', *, *, #6245, .T. ) ;
#4943 = EDGE_CURVE ( 'NONE', #6259, #5024, #4847, .T. ) ;
#4944 = VECTOR ( 'NONE', #1581, 1000.000000000000000 ) ;
#4945 = ORIENTED_EDGE ( 'NONE', *, *, #5632, .F. ) ;
#4946 = CIRCLE ( 'NONE', #4242, 67.99999999999994316 ) ;
#4947 = DIRECTION ( 'NONE',  ( 3.999776700323684900E-15, -1.000000000000000000, -3.000529512353633521E-15 ) ) ;
#4948 = DIRECTION ( 'NONE',  ( -0.8660254037844388186, -1.938470449983428043E-15, -0.4999999999999997780 ) ) ;
#4949 = CARTESIAN_POINT ( 'NONE',  ( -66.13909603667224246, -37.44414273728421705, -36.46468858849281958 ) ) ;
#4950 = DIRECTION ( 'NONE',  ( -1.000000000000000000, -4.163336342344321249E-15, 0.000000000000000000 ) ) ;
#4951 = CIRCLE ( 'NONE', #1802, 2.500000000000000444 ) ;
#4952 = VECTOR ( 'NONE', #7229, 1000.000000000000000 ) ;
#4953 = EDGE_LOOP ( 'NONE', ( #5244, #6548, #6132, #609 ) ) ;
#4954 = ADVANCED_FACE ( 'NONE', ( #838 ), #5158, .F. ) ;
#4955 = EDGE_CURVE ( 'NONE', #2623, #1878, #4637, .T. ) ;
#4956 = ORIENTED_EDGE ( 'NONE', *, *, #6874, .T. ) ;
#4957 = ORIENTED_EDGE ( 'NONE', *, *, #3987, .T. ) ;
#4958 = CARTESIAN_POINT ( 'NONE',  ( 4.560903963327397115, -37.44414273728398967, -19.13618774707793335 ) ) ;
#4959 = CARTESIAN_POINT ( 'NONE',  ( -63.03909603667237604, -2.444142737284282330, -10.75661607810215337 ) ) ;
#4960 = DIRECTION ( 'NONE',  ( 0.000000000000000000, -1.000000000000000000, -2.999626010543229460E-15 ) ) ;
#4961 = DIRECTION ( 'NONE',  ( -0.8660254037844378194, 0.000000000000000000, -0.5000000000000015543 ) ) ;
#4962 = DIRECTION ( 'NONE',  ( 1.000000000000000000, 4.005775826501929775E-15, -0.000000000000000000 ) ) ;
#4963 = CARTESIAN_POINT ( 'NONE',  ( -66.13909603667238457, -2.444142737284566103, 79.61702473560454507 ) ) ;
#4964 = ORIENTED_EDGE ( 'NONE', *, *, #2402, .F. ) ;
#4965 = ORIENTED_EDGE ( 'NONE', *, *, #2984, .T. ) ;
#4966 = ORIENTED_EDGE ( 'NONE', *, *, #3663, .F. ) ;
#4967 = DIRECTION ( 'NONE',  ( -3.999776700323684900E-15, 1.000000000000000000, 3.000529512353633521E-15 ) ) ;
#4968 = CARTESIAN_POINT ( 'NONE',  ( -48.78076270333920661, -12.44414273728418685, -26.31692395325831413 ) ) ;
#4969 = DIRECTION ( 'NONE',  ( -0.8660254037844404840, -1.938470449983431593E-15, -0.4999999999999968359 ) ) ;
#4970 = DIRECTION ( 'NONE',  ( -3.999776700323684900E-15, 1.000000000000000000, 3.000529512353633521E-15 ) ) ;
#4971 = AXIS2_PLACEMENT_3D ( 'NONE', #982, #6044, #6479 ) ;
#4972 = CIRCLE ( 'NONE', #67, 1.050000000000000266 ) ;
#4973 = ORIENTED_EDGE ( 'NONE', *, *, #1521, .T. ) ;
#4974 = VECTOR ( 'NONE', #5111, 1000.000000000000000 ) ;
#4975 = DIRECTION ( 'NONE',  ( -3.999776700323684900E-15, 1.000000000000000000, 3.000529512353633521E-15 ) ) ;
#4976 = LINE ( 'NONE', #5085, #5325 ) ;
#4977 = CYLINDRICAL_SURFACE ( 'NONE', #790, 2.099999999999999645 ) ;
#4978 = DIRECTION ( 'NONE',  ( 1.000000000000000000, 4.130293990420968897E-15, 0.000000000000000000 ) ) ;
#4979 = CIRCLE ( 'NONE', #5568, 2.500000000000003997 ) ;
#4980 = EDGE_CURVE ( 'NONE', #3812, #4725, #5481, .T. ) ;
#4981 = CIRCLE ( 'NONE', #1834, 2.500000000000009326 ) ;
#4982 = ORIENTED_EDGE ( 'NONE', *, *, #1408, .T. ) ;
#4983 = VERTEX_POINT ( 'NONE', #465 ) ;
#4984 = VECTOR ( 'NONE', #3424, 1000.000000000000000 ) ;
#4985 = ORIENTED_EDGE ( 'NONE', *, *, #6347, .T. ) ;
#4986 = CARTESIAN_POINT ( 'NONE',  ( 10.76090396332725518, -2.444142737283998112, -7.177044409126469127 ) ) ;
#4987 = FACE_OUTER_BOUND ( 'NONE', #6979, .T. ) ;
#4988 = CIRCLE ( 'NONE', #1364, 2.499999999999974243 ) ;
#4989 = DIRECTION ( 'NONE',  ( 3.999776700323684900E-15, -1.000000000000000000, -3.000529512353633521E-15 ) ) ;
#4990 = EDGE_CURVE ( 'NONE', #3810, #4228, #2080, .T. ) ;
#4991 = CARTESIAN_POINT ( 'NONE',  ( 4.560903963327302080, -12.44414273728389553, -46.63404609195624317 ) ) ;
#4992 = ADVANCED_FACE ( 'NONE', ( #6512 ), #6550, .F. ) ;
#4993 = CARTESIAN_POINT ( 'NONE',  ( 6.485504178569581946, -7.444142737284101585, 21.42876338647386447 ) ) ;
#4994 = CLOSED_SHELL ( 'NONE', ( #1793, #443, #159, #3374, #2234, #6924, #3738, #4484, #291, #7062, #5034, #6491, #844, #5732, #6472, #3598, #7143, #2356, #665, #1942, #995, #5239, #251, #1066, #3457, #5497, #5941, #3546, #4709, #4934, #4819, #3291, #4045, #1386, #5857, #5715, #2897, #6645, #564, #4714, #4404, #3037, #6827, #5406, #4868, #537, #5635, #1603, #4562, #3241, #6221, #4262, #3870, #6917, #1400, #4050, #373, #1870, #3253, #1496, #3107, #33, #5596, #32, #7091, #2492, #7020, #5797, #355, #5448, #1986, #4029, #3421, #2934, #896, #1316, #220, #3896, #885, #1533, #6780, #6436, #1634, #2714, #1910, #3175, #3334, #6474, #1190, #5184, #6801, #5296, #4542, #4768, #4324, #5125, #4124, #3811, #5081, #1860, #5275, #3809, #2365, #2449, #3429, #504, #3149, #6165, #2628, #2963, #5321, #3605, #4149, #7193, #4236, #3313, #5664, #6749, #1116, #1730, #334, #2676, #5444, #473, #1650, #6802, #6694, #1292, #1966, #4601, #2482, #4616, #6465, #1439, #6382, #2290, #5812, #831, #5407, #1643, #2487, #1774, #4110, #6637, #2813, #122, #3127, #1772, #1720, #1784, #4445, #1559, #4447, #2117, #930, #1833, #1539, #2140, #6914, #5017, #1883, #5044, #5535, #2050, #5613, #1952, #6039, #5301, #1409, #4954, #6042, #7136, #6961, #115, #3099, #4095, #956, #3071, #6460, #4487, #327, #5569, #5413, #4184, #1512, #4350, #42, #2462, #4631, #6573, #1912, #6977, #2578, #3951, #1387, #6523, #4842, #6430, #4434, #1452, #5997, #4263, #6112, #3284, #6395, #6520, #7054, #1578, #591, #4856, #781, #2141, #4992, #2507, #3386, #4460, #5216, #6657, #4370 ) ) ;
#4995 = EDGE_CURVE ( 'NONE', #4563, #2283, #3665, .T. ) ;
#4996 = AXIS2_PLACEMENT_3D ( 'NONE', #5352, #330, #1427 ) ;
#4997 = CIRCLE ( 'NONE', #1258, 2.499999999999995115 ) ;
#4998 = ORIENTED_EDGE ( 'NONE', *, *, #1018, .F. ) ;
#4999 = EDGE_LOOP ( 'NONE', ( #1601, #5397, #1494, #4513 ) ) ;
#5000 = AXIS2_PLACEMENT_3D ( 'NONE', #3583, #883, #3687 ) ;
#5001 = EDGE_LOOP ( 'NONE', ( #5800, #749 ) ) ;
#5002 = CARTESIAN_POINT ( 'NONE',  ( -63.03909603667223394, -37.44414273728447995, 53.90895222521388774 ) ) ;
#5003 = VECTOR ( 'NONE', #4620, 1000.000000000000000 ) ;
#5004 = DIRECTION ( 'NONE',  ( 4.001428817919833979E-15, -1.000000000000000000, -2.999626010543229460E-15 ) ) ;
#5005 = CARTESIAN_POINT ( 'NONE',  ( 10.76090396332725696, -2.444142737283962585, -19.13618774707783032 ) ) ;
#5007 = PLANE ( 'NONE',  #2434 ) ;
#5006 = VECTOR ( 'NONE', #3122, 1000.000000000000000 ) ;
#5008 = LINE ( 'NONE', #6799, #6614 ) ;
#5009 = FACE_BOUND ( 'NONE', #1587, .T. ) ;
#5010 = EDGE_CURVE ( 'NONE', #1907, #5065, #6846, .T. ) ;
#5011 = ORIENTED_EDGE ( 'NONE', *, *, #1636, .F. ) ;
#5012 = ORIENTED_EDGE ( 'NONE', *, *, #5219, .T. ) ;
#5013 = CARTESIAN_POINT ( 'NONE',  ( -10.77444733852974323, -12.44414273728405185, -18.66189021380892754 ) ) ;
#5014 = DIRECTION ( 'NONE',  ( -0.8660254037844404840, 0.000000000000000000, 0.4999999999999968914 ) ) ;
#5015 = CARTESIAN_POINT ( 'NONE',  ( -2.576422912400824217, -5.444142737284159317, 28.46663033463455150 ) ) ;
#5016 = FACE_OUTER_BOUND ( 'NONE', #4176, .T. ) ;
#5017 = ADVANCED_FACE ( 'NONE', ( #3132 ), #4368, .F. ) ;
#5018 = ORIENTED_EDGE ( 'NONE', *, *, #6482, .F. ) ;
#5019 = CARTESIAN_POINT ( 'NONE',  ( -62.99645534955304527, -2.444142737284610956, 98.57616807355591959 ) ) ;
#5020 = FACE_OUTER_BOUND ( 'NONE', #6898, .T. ) ;
#5021 = CARTESIAN_POINT ( 'NONE',  ( 7.660903963327259980, -2.444142737283922617, -36.46468858849271300 ) ) ;
#5022 = CARTESIAN_POINT ( 'NONE',  ( -21.73909603667235046, -5.444142737284214384, 21.57616807355569577 ) ) ;
#5023 = VERTEX_POINT ( 'NONE', #4927 ) ;
#5024 = VERTEX_POINT ( 'NONE', #353 ) ;
#5025 = EDGE_CURVE ( 'NONE', #6144, #5225, #6470, .T. ) ;
#5026 = ORIENTED_EDGE ( 'NONE', *, *, #1010, .F. ) ;
#5027 = CARTESIAN_POINT ( 'NONE',  ( 4.560903963327286981, -12.44414273728392928, -34.67490275400489708 ) ) ;
#5028 = DIRECTION ( 'NONE',  ( -3.999776700323684900E-15, 1.000000000000000000, 3.000529512353633521E-15 ) ) ;
#5029 = CARTESIAN_POINT ( 'NONE',  ( 4.560903963327397115, -37.44414273728424547, 65.86809556316524095 ) ) ;
#5030 = LINE ( 'NONE', #1621, #4467 ) ;
#5031 = ORIENTED_EDGE ( 'NONE', *, *, #807, .F. ) ;
#5032 = EDGE_CURVE ( 'NONE', #1519, #6447, #426, .T. ) ;
#5033 = EDGE_LOOP ( 'NONE', ( #3167, #6834, #4217, #1649, #1377, #4461 ) ) ;
#5034 = ADVANCED_FACE ( 'NONE', ( #4785 ), #5374, .F. ) ;
#5035 = EDGE_LOOP ( 'NONE', ( #6385, #4244, #5833, #5853 ) ) ;
#5036 = DIRECTION ( 'NONE',  ( 0.8660254037844400399, 4.964172988122223718E-15, -0.4999999999999975575 ) ) ;
#5037 = LINE ( 'NONE', #61, #4042 ) ;
#5038 = CARTESIAN_POINT ( 'NONE',  ( 4.560903963327258559, -2.444142737283951039, -31.09533108502919063 ) ) ;
#5039 = CARTESIAN_POINT ( 'NONE',  ( -46.13909603667241299, 0.9558572627157246870, 9.376168073555946947 ) ) ;
#5040 = DIRECTION ( 'NONE',  ( -3.999776700323684900E-15, 1.000000000000000000, 3.000529512353633521E-15 ) ) ;
#5041 = FACE_BOUND ( 'NONE', #2582, .T. ) ;
#5042 = EDGE_LOOP ( 'NONE', ( #818, #2246 ) ) ;
#5043 = VERTEX_POINT ( 'NONE', #3711 ) ;
#5044 = ADVANCED_FACE ( 'NONE', ( #1491 ), #4336, .F. ) ;
#5045 = ORIENTED_EDGE ( 'NONE', *, *, #5498, .T. ) ;
#5046 = LINE ( 'NONE', #3974, #4028 ) ;
#5047 = CYLINDRICAL_SURFACE ( 'NONE', #2533, 3.000000000000002665 ) ;
#5048 = PLANE ( 'NONE',  #3089 ) ;
#5049 = DIRECTION ( 'NONE',  ( 3.999776700323685689E-15, -1.000000000000000000, 0.000000000000000000 ) ) ;
#5050 = ORIENTED_EDGE ( 'NONE', *, *, #1469, .F. ) ;
#5051 = EDGE_CURVE ( 'NONE', #5214, #2931, #3197, .T. ) ;
#5052 = CARTESIAN_POINT ( 'NONE',  ( -71.73909603667240731, 0.9558572627155607071, 29.77616807355594730 ) ) ;
#5053 = PLANE ( 'NONE',  #1345 ) ;
#5054 = CARTESIAN_POINT ( 'NONE',  ( -41.93909603667241015, 0.9558572627156903811, 26.36616807355594361 ) ) ;
#5055 = ORIENTED_EDGE ( 'NONE', *, *, #3513, .T. ) ;
#5056 = EDGE_LOOP ( 'NONE', ( #4920, #1785, #6434, #3935 ) ) ;
#5057 = VERTEX_POINT ( 'NONE', #1016 ) ;
#5058 = LINE ( 'NONE', #4428, #6149 ) ;
#5059 = FACE_OUTER_BOUND ( 'NONE', #1644, .T. ) ;
#5060 = CARTESIAN_POINT ( 'NONE',  ( -71.73909603667237889, 0.9558572627155590418, 29.77616807355594730 ) ) ;
#5061 = DIRECTION ( 'NONE',  ( -0.8660254037844382635, -4.967330528082542718E-15, 0.5000000000000005551 ) ) ;
#5062 = COORDINATED_UNIVERSAL_TIME_OFFSET ( 8, 0, .AHEAD. ) ;
#5063 = VECTOR ( 'NONE', #2136, 1000.000000000000227 ) ;
#5064 = ORIENTED_EDGE ( 'NONE', *, *, #5652, .T. ) ;
#5065 = VERTEX_POINT ( 'NONE', #3745 ) ;
#5066 = VERTEX_POINT ( 'NONE', #4816 ) ;
#5067 = DIRECTION ( 'NONE',  ( -3.999776700323684900E-15, 1.000000000000000000, 3.000529512353633521E-15 ) ) ;
#5068 = DIRECTION ( 'NONE',  ( -1.199933010097105440E-29, 2.999999999999999839E-15, -1.000000000000000000 ) ) ;
#5069 = FACE_OUTER_BOUND ( 'NONE', #7002, .T. ) ;
#5070 = DIRECTION ( 'NONE',  ( 0.8660254037844391517, 0.000000000000000000, -0.4999999999999990008 ) ) ;
#5071 = DIRECTION ( 'NONE',  ( 8.673617379884035472E-17, 2.997819006922419760E-15, -1.000000000000000000 ) ) ;
#5072 = CARTESIAN_POINT ( 'NONE',  ( 9.776025172854147370E-15, -2.444142737284062505, -7.333722415625623435E-15 ) ) ;
#5073 = EDGE_CURVE ( 'NONE', #803, #6454, #4852, .T. ) ;
#5074 = ORIENTED_EDGE ( 'NONE', *, *, #3853, .F. ) ;
#5075 = ORIENTED_EDGE ( 'NONE', *, *, #3117, .F. ) ;
#5076 = VERTEX_POINT ( 'NONE', #5964 ) ;
#5077 = CARTESIAN_POINT ( 'NONE',  ( -69.23909603667235046, -12.44414273728431830, -7.177044409126499325 ) ) ;
#5078 = PLANE ( 'NONE',  #1947 ) ;
#5079 = DIRECTION ( 'NONE',  ( -4.000000000000001100E-15, 1.000000000000000000, 2.999999999999999839E-15 ) ) ;
#5080 = CARTESIAN_POINT ( 'NONE',  ( -66.13909603667238457, -2.444142737284253464, -24.50554525054135624 ) ) ;
#5081 = ADVANCED_FACE ( 'NONE', ( #5404 ), #5442, .T. ) ;
#5082 = EDGE_CURVE ( 'NONE', #2824, #131, #1557, .T. ) ;
#5083 = EDGE_LOOP ( 'NONE', ( #3420, #6235, #6679, #4413, #5743, #7113 ) ) ;
#5084 = DIRECTION ( 'NONE',  ( 0.4999999999999990563, 4.598423132665021135E-15, -0.8660254037844392627 ) ) ;
#5085 = CARTESIAN_POINT ( 'NONE',  ( 10.76090396332739552, -37.44414273728400389, -7.177044409126573932 ) ) ;
#5086 = VECTOR ( 'NONE', #4226, 1000.000000000000000 ) ;
#5087 = DIRECTION ( 'NONE',  ( -1.000000000000000000, -4.003208021484940116E-15, 0.000000000000000000 ) ) ;
#5088 = AXIS2_PLACEMENT_3D ( 'NONE', #4271, #5490, #5412 ) ;
#5089 = EDGE_CURVE ( 'NONE', #3526, #6703, #4255, .T. ) ;
#5090 = VERTEX_POINT ( 'NONE', #1082 ) ;
#5091 = AXIS2_PLACEMENT_3D ( 'NONE', #6253, #1923, #1228 ) ;
#5092 = ORIENTED_EDGE ( 'NONE', *, *, #4867, .F. ) ;
#5093 = VERTEX_POINT ( 'NONE', #7232 ) ;
#5094 = DIRECTION ( 'NONE',  ( 0.000000000000000000, 1.000000000000000000, 2.999626010543229460E-15 ) ) ;
#5095 = VECTOR ( 'NONE', #6945, 1000.000000000000000 ) ;
#5096 = DIRECTION ( 'NONE',  ( -3.999776700323684900E-15, 1.000000000000000000, 3.000529512353633521E-15 ) ) ;
#5097 = CARTESIAN_POINT ( 'NONE',  ( -46.13909603667239878, -2.444142737284290323, 14.42616807355593522 ) ) ;
#5098 = CARTESIAN_POINT ( 'NONE',  ( -14.49594535174106014, -2.444142737283975020, -48.55076518432559141 ) ) ;
#5099 = VECTOR ( 'NONE', #6216, 1000.000000000000114 ) ;
#5100 = EDGE_CURVE ( 'NONE', #5402, #1990, #2230, .T. ) ;
#5101 = VECTOR ( 'NONE', #4416, 1000.000000000000000 ) ;
#5102 = ORIENTED_EDGE ( 'NONE', *, *, #5850, .T. ) ;
#5103 = ORIENTED_EDGE ( 'NONE', *, *, #3663, .T. ) ;
#5104 = VECTOR ( 'NONE', #332, 1000.000000000000000 ) ;
#5105 = ORIENTED_EDGE ( 'NONE', *, *, #5270, .F. ) ;
#5106 = CARTESIAN_POINT ( 'NONE',  ( -63.03909603667224815, -37.44414273728458653, 89.78638223906796156 ) ) ;
#5107 = LINE ( 'NONE', #6290, #1710 ) ;
#5108 = CARTESIAN_POINT ( 'NONE',  ( 10.76090396332725874, -2.444142737284242362, 74.24766723214101205 ) ) ;
#5109 = CARTESIAN_POINT ( 'NONE',  ( 10.76090396332739729, -37.44414273728396125, -19.13618774707793335 ) ) ;
#5110 = AXIS2_PLACEMENT_3D ( 'NONE', #5974, #5458, #3683 ) ;
#5111 = DIRECTION ( 'NONE',  ( -3.999776700323684900E-15, 1.000000000000000000, 3.000529512353633521E-15 ) ) ;
#5112 = DIRECTION ( 'NONE',  ( 0.8660254037844378194, 4.964172988122226874E-15, -0.5000000000000015543 ) ) ;
#5113 = AXIS2_PLACEMENT_3D ( 'NONE', #5882, #7048, #4156 ) ;
#5114 = ORIENTED_EDGE ( 'NONE', *, *, #3970, .F. ) ;
#5115 = ORIENTED_EDGE ( 'NONE', *, *, #793, .T. ) ;
#5116 = AXIS2_PLACEMENT_3D ( 'NONE', #3160, #1835, #5750 ) ;
#5117 = ORIENTED_EDGE ( 'NONE', *, *, #94, .F. ) ;
#5118 = EDGE_CURVE ( 'NONE', #6969, #4228, #4521, .T. ) ;
#5119 = AXIS2_PLACEMENT_3D ( 'NONE', #3959, #2940, #4509 ) ;
#5120 = CARTESIAN_POINT ( 'NONE',  ( -46.13909603667241299, 0.9558572627157094770, 14.42616807355594588 ) ) ;
#5121 = ORIENTED_EDGE ( 'NONE', *, *, #718, .T. ) ;
#5122 = FACE_OUTER_BOUND ( 'NONE', #2966, .T. ) ;
#5123 = CARTESIAN_POINT ( 'NONE',  ( 12.76090396332724275, -2.444142737284281885, 90.33352738643662860 ) ) ;
#5124 = AXIS2_PLACEMENT_3D ( 'NONE', #6680, #1661, #3885 ) ;
#5125 = ADVANCED_FACE ( 'NONE', ( #1782 ), #6139, .F. ) ;
#5126 = EDGE_CURVE ( 'NONE', #4783, #4940, #4559, .T. ) ;
#5127 = CARTESIAN_POINT ( 'NONE',  ( 4.518263276207995283, -9.444142737283879541, -55.42383192644407330 ) ) ;
#5128 = EDGE_CURVE ( 'NONE', #4929, #2143, #6105, .T. ) ;
#5129 = DIRECTION ( 'NONE',  ( 3.999776700323680956E-15, -1.000000000000000000, 0.000000000000000000 ) ) ;
#5130 = CARTESIAN_POINT ( 'NONE',  ( -50.00992937000587091, -12.44414273728417619, -28.49388268174986294 ) ) ;
#5131 = ORIENTED_EDGE ( 'NONE', *, *, #5434, .T. ) ;
#5132 = VERTEX_POINT ( 'NONE', #3384 ) ;
#5133 = ORIENTED_EDGE ( 'NONE', *, *, #1674, .F. ) ;
#5134 = DIRECTION ( 'NONE',  ( 0.8660254037844391517, 2.059624853107396906E-15, 0.4999999999999989453 ) ) ;
#5135 = AXIS2_PLACEMENT_3D ( 'NONE', #4458, #1797, #2387 ) ;
#5136 = EDGE_CURVE ( 'NONE', #2441, #5878, #5008, .T. ) ;
#5137 = DIRECTION ( 'NONE',  ( -1.000000000000000000, -4.047688110612546206E-15, 0.000000000000000000 ) ) ;
#5138 = DIRECTION ( 'NONE',  ( -0.8660254037844400399, -4.967330528082550607E-15, 0.4999999999999975020 ) ) ;
#5139 = CARTESIAN_POINT ( 'NONE',  ( -66.13909603667235615, -12.44414273728428455, -12.54640191259001725 ) ) ;
#5140 = LINE ( 'NONE', #5831, #2151 ) ;
#5141 = DATE_AND_TIME ( #4548, #5473 ) ;
#5142 = VECTOR ( 'NONE', #1554, 1000.000000000000000 ) ;
#5143 = EDGE_LOOP ( 'NONE', ( #1270, #833, #6880, #2572 ) ) ;
#5144 = ORIENTED_EDGE ( 'NONE', *, *, #1021, .T. ) ;
#5145 = ORIENTED_EDGE ( 'NONE', *, *, #6884, .F. ) ;
#5146 = EDGE_CURVE ( 'NONE', #120, #6234, #6962, .T. ) ;
#5147 = CARTESIAN_POINT ( 'NONE',  ( -63.03909603667236183, -12.44414273728417619, -46.63404609195624317 ) ) ;
#5148 = DIRECTION ( 'NONE',  ( -0.8660254037844378194, 0.000000000000000000, 0.5000000000000015543 ) ) ;
#5149 = DIRECTION ( 'NONE',  ( -3.999776700323684900E-15, 1.000000000000000000, 3.000529512353633521E-15 ) ) ;
#5150 = DIRECTION ( 'NONE',  ( -3.999776700323684900E-15, 1.000000000000000000, 3.000529512353633521E-15 ) ) ;
#5151 = DIRECTION ( 'NONE',  ( -1.000000000000000000, -4.047688110612552516E-15, 0.000000000000000000 ) ) ;
#5152 = ORIENTED_EDGE ( 'NONE', *, *, #5674, .T. ) ;
#5153 = ORIENTED_EDGE ( 'NONE', *, *, #5025, .T. ) ;
#5154 = ORIENTED_EDGE ( 'NONE', *, *, #3539, .T. ) ;
#5155 = CARTESIAN_POINT ( 'NONE',  ( -46.13909603667239878, -2.444142737284275224, 9.376168073555936289 ) ) ;
#5156 = EDGE_LOOP ( 'NONE', ( #49, #4221, #2502, #4985 ) ) ;
#5157 = DIRECTION ( 'NONE',  ( 4.001428817919833979E-15, -1.000000000000000000, -2.999626010543229460E-15 ) ) ;
#5158 = PLANE ( 'NONE',  #6725 ) ;
#5159 = DIRECTION ( 'NONE',  ( -1.133159367757362572E-31, -3.000529512353633521E-15, 1.000000000000000000 ) ) ;
#5160 = CARTESIAN_POINT ( 'NONE',  ( -63.03909603667239026, -2.444142737284547895, 77.82723890111670073 ) ) ;
#5161 = CARTESIAN_POINT ( 'NONE',  ( -21.73909603667260981, -37.44414273728421705, 21.57616807355582011 ) ) ;
#5162 = DIRECTION ( 'NONE',  ( -0.000000000000000000, 2.972267637966491031E-15, -1.000000000000000000 ) ) ;
#5163 = EDGE_CURVE ( 'NONE', #6005, #4330, #30, .T. ) ;
#5164 = EDGE_LOOP ( 'NONE', ( #1043, #2225, #432, #2720 ) ) ;
#5165 = ORIENTED_EDGE ( 'NONE', *, *, #2707, .F. ) ;
#5166 = ORIENTED_EDGE ( 'NONE', *, *, #5118, .F. ) ;
#5167 = CARTESIAN_POINT ( 'NONE',  ( 4.560903963327397115, -37.44414273728398967, -19.13618774707793335 ) ) ;
#5168 = LINE ( 'NONE', #54, #2637 ) ;
#5169 = CARTESIAN_POINT ( 'NONE',  ( 4.560903963327258559, -2.444142737284277889, 77.82723890111670073 ) ) ;
#5170 = CARTESIAN_POINT ( 'NONE',  ( -52.99504841762491480, -2.444142737284434208, 53.25132301808061186 ) ) ;
#5171 = COORDINATED_UNIVERSAL_TIME_OFFSET ( 8, 0, .AHEAD. ) ;
#5172 = EDGE_CURVE ( 'NONE', #3921, #4658, #3968, .T. ) ;
#5173 = EDGE_CURVE ( 'NONE', #286, #625, #2343, .T. ) ;
#5174 = ORIENTED_EDGE ( 'NONE', *, *, #4894, .T. ) ;
#5175 = EDGE_LOOP ( 'NONE', ( #5031, #1968, #4130, #513 ) ) ;
#5176 = ORIENTED_EDGE ( 'NONE', *, *, #3275, .F. ) ;
#5177 = DIRECTION ( 'NONE',  ( -1.000000000000000000, -3.975407965780191339E-15, 0.000000000000000000 ) ) ;
#5178 = DIRECTION ( 'NONE',  ( -3.999776700323684900E-15, 1.000000000000000000, 3.000529512353633521E-15 ) ) ;
#5179 = DIRECTION ( 'NONE',  ( 0.8660254037844407060, 4.967330528082540352E-15, -0.4999999999999963918 ) ) ;
#5180 = DIRECTION ( 'NONE',  ( 1.000000000000000000, 4.130293990420968897E-15, 0.000000000000000000 ) ) ;
#5181 = DIRECTION ( 'NONE',  ( -1.000000000000000000, -3.304235192336778667E-15, 0.000000000000000000 ) ) ;
#5182 = VECTOR ( 'NONE', #5179, 1000.000000000000114 ) ;
#5183 = EDGE_CURVE ( 'NONE', #931, #1822, #1701, .T. ) ;
#5184 = ADVANCED_FACE ( 'NONE', ( #5627 ), #5548, .T. ) ;
#5185 = ORIENTED_EDGE ( 'NONE', *, *, #5980, .F. ) ;
#5186 = EDGE_LOOP ( 'NONE', ( #1187, #2379 ) ) ;
#5187 = ORIENTED_EDGE ( 'NONE', *, *, #2848, .F. ) ;
#5188 = AXIS2_PLACEMENT_3D ( 'NONE', #3048, #4774, #4806 ) ;
#5189 = LINE ( 'NONE', #6907, #2346 ) ;
#5190 = ORIENTED_EDGE ( 'NONE', *, *, #2583, .F. ) ;
#5191 = DIRECTION ( 'NONE',  ( -0.8660254037844395958, 0.000000000000000000, 0.4999999999999983347 ) ) ;
#5192 = VECTOR ( 'NONE', #6081, 1000.000000000000000 ) ;
#5193 = CARTESIAN_POINT ( 'NONE',  ( -74.23909603667233625, -12.44414273728462028, 90.33352738643657176 ) ) ;
#5194 = FACE_OUTER_BOUND ( 'NONE', #1660, .T. ) ;
#5195 = EDGE_CURVE ( 'NONE', #4237, #2017, #1706, .T. ) ;
#5196 = CARTESIAN_POINT ( 'NONE',  ( -21.73909603667271995, -12.44414273728421527, 21.57616807355590538 ) ) ;
#5197 = DIRECTION ( 'NONE',  ( -1.374038396813312784E-15, 3.005708993029121617E-15, -1.000000000000000000 ) ) ;
#5198 = CARTESIAN_POINT ( 'NONE',  ( -56.14909603667242521, 0.9558572627156227686, 29.97616807355594304 ) ) ;
#5199 = EDGE_LOOP ( 'NONE', ( #3326, #3172, #1035, #7194 ) ) ;
#5200 = ORIENTED_EDGE ( 'NONE', *, *, #6075, .F. ) ;
#5201 = ORIENTED_EDGE ( 'NONE', *, *, #4904, .F. ) ;
#5202 = AXIS2_PLACEMENT_3D ( 'NONE', #7125, #2114, #4443 ) ;
#5203 = FACE_OUTER_BOUND ( 'NONE', #3771, .T. ) ;
#5204 = VECTOR ( 'NONE', #5197, 1000.000000000000000 ) ;
#5205 = DIRECTION ( 'NONE',  ( -1.000000000000000000, -3.987066053656377633E-15, -0.000000000000000000 ) ) ;
#5206 = EDGE_CURVE ( 'NONE', #6783, #826, #4737, .T. ) ;
#5207 = DIRECTION ( 'NONE',  ( -0.000000000000000000, -3.008190998803711661E-15, 1.000000000000000000 ) ) ;
#5208 = CYLINDRICAL_SURFACE ( 'NONE', #2785, 42.00000000000002132 ) ;
#5209 = VECTOR ( 'NONE', #1859, 1000.000000000000000 ) ;
#5210 = AXIS2_PLACEMENT_3D ( 'NONE', #4230, #947, #3242 ) ;
#5211 = ORIENTED_EDGE ( 'NONE', *, *, #922, .T. ) ;
#5212 = VECTOR ( 'NONE', #5672, 1000.000000000000000 ) ;
#5213 = ORIENTED_EDGE ( 'NONE', *, *, #6884, .T. ) ;
#5214 = VERTEX_POINT ( 'NONE', #1666 ) ;
#5215 = CARTESIAN_POINT ( 'NONE',  ( -43.92909603667242635, 0.9558572627156600721, 33.77616807355594375 ) ) ;
#5216 = ADVANCED_FACE ( 'NONE', ( #6219 ), #3932, .F. ) ;
#5217 = AXIS2_PLACEMENT_3D ( 'NONE', #4717, #1288, #4133 ) ;
#5218 = DIRECTION ( 'NONE',  ( 3.999776700323684900E-15, -1.000000000000000000, -3.000529512353633521E-15 ) ) ;
#5219 = EDGE_CURVE ( 'NONE', #3434, #6418, #2176, .T. ) ;
#5220 = LINE ( 'NONE', #3019, #5932 ) ;
#5221 = DIRECTION ( 'NONE',  ( -1.000000000000000000, -4.006385170708338015E-15, 0.000000000000000000 ) ) ;
#5222 = DIRECTION ( 'NONE',  ( -3.999776700323684900E-15, 1.000000000000000000, 3.000529512353633521E-15 ) ) ;
#5223 = AXIS2_PLACEMENT_3D ( 'NONE', #2039, #2590, #6513 ) ;
#5224 = CIRCLE ( 'NONE', #4861, 2.750000000000002665 ) ;
#5225 = VERTEX_POINT ( 'NONE', #1632 ) ;
#5226 = ORIENTED_EDGE ( 'NONE', *, *, #937, .T. ) ;
#5227 = AXIS2_PLACEMENT_3D ( 'NONE', #4451, #2815, #3357 ) ;
#5228 = ORIENTED_EDGE ( 'NONE', *, *, #451, .T. ) ;
#5229 = EDGE_CURVE ( 'NONE', #498, #6163, #3416, .T. ) ;
#5230 = DIRECTION ( 'NONE',  ( -0.8660254037844387076, -1.963643475768592958E-15, -0.4999999999999997224 ) ) ;
#5231 = EDGE_LOOP ( 'NONE', ( #2348, #6134, #538, #4067 ) ) ;
#5233 = VECTOR ( 'NONE', #5311, 1000.000000000000114 ) ;
#5232 = DIRECTION ( 'NONE',  ( -0.4999999999999983347, 5.986464323413474762E-16, -0.8660254037844395958 ) ) ;
#5234 = CARTESIAN_POINT ( 'NONE',  ( -21.73909603667274837, -2.444142737284214384, 21.57616807355592670 ) ) ;
#5235 = DIRECTION ( 'NONE',  ( -1.000000000000000000, -3.304235192336773934E-15, 0.000000000000000000 ) ) ;
#5236 = VECTOR ( 'NONE', #1456, 1000.000000000000227 ) ;
#5237 = VECTOR ( 'NONE', #3998, 1000.000000000000000 ) ;
#5238 = DIRECTION ( 'NONE',  ( 1.000000000000000000, 3.999776700323684900E-15, 1.211476396892141036E-29 ) ) ;
#5239 = ADVANCED_FACE ( 'NONE', ( #106 ), #2405, .F. ) ;
#5240 = DIRECTION ( 'NONE',  ( -4.000000000000001100E-15, 1.000000000000000000, 2.999999999999998261E-15 ) ) ;
#5241 = CIRCLE ( 'NONE', #2083, 2.500000000000009326 ) ;
#5242 = DIRECTION ( 'NONE',  ( 1.000000000000000000, 3.999776700323684900E-15, 1.211476396892138794E-29 ) ) ;
#5243 = AXIS2_PLACEMENT_3D ( 'NONE', #2689, #2220, #4950 ) ;
#5244 = ORIENTED_EDGE ( 'NONE', *, *, #1299, .T. ) ;
#5245 = ORIENTED_EDGE ( 'NONE', *, *, #3119, .F. ) ;
#5246 = DIRECTION ( 'NONE',  ( -0.4999999999999948930, -4.598423132665009302E-15, 0.8660254037844415942 ) ) ;
#5247 = LINE ( 'NONE', #4204, #6389 ) ;
#5248 = LINE ( 'NONE', #5794, #199 ) ;
#5249 = LINE ( 'NONE', #3615, #2082 ) ;
#5250 = ORIENTED_EDGE ( 'NONE', *, *, #5731, .F. ) ;
#5251 = EDGE_LOOP ( 'NONE', ( #3148, #3389, #3306, #5714 ) ) ;
#5252 = ORIENTED_EDGE ( 'NONE', *, *, #2222, .F. ) ;
#5253 = DIRECTION ( 'NONE',  ( -3.999776700323684900E-15, 1.000000000000000000, 3.000529512353633521E-15 ) ) ;
#5254 = FACE_BOUND ( 'NONE', #5598, .T. ) ;
#5255 = DIRECTION ( 'NONE',  ( -0.7071067811865464625, -4.949963993366449462E-15, 0.7071067811865486830 ) ) ;
#5256 = DIRECTION ( 'NONE',  ( 1.202964684755482929E-29, -2.999626010543229460E-15, 1.000000000000000000 ) ) ;
#5257 = VECTOR ( 'NONE', #3000, 1000.000000000000000 ) ;
#5258 = DIRECTION ( 'NONE',  ( -1.000000000000000000, -2.775557561562904367E-15, 0.000000000000000000 ) ) ;
#5259 = EDGE_CURVE ( 'NONE', #3912, #7085, #2982, .T. ) ;
#5260 = VERTEX_POINT ( 'NONE', #689 ) ;
#5261 = EDGE_CURVE ( 'NONE', #2620, #379, #137, .T. ) ;
#5262 = VERTEX_POINT ( 'NONE', #2918 ) ;
#5263 = ORIENTED_EDGE ( 'NONE', *, *, #3548, .F. ) ;
#5264 = DIRECTION ( 'NONE',  ( 4.000000000000001100E-15, -1.000000000000000000, -3.000000000000000628E-15 ) ) ;
#5265 = VERTEX_POINT ( 'NONE', #6832 ) ;
#5266 = CARTESIAN_POINT ( 'NONE',  ( -43.46854809146709187, -2.444142737284502598, 88.64390184620090452 ) ) ;
#5267 = CARTESIAN_POINT ( 'NONE',  ( 14.88222430688688291, -2.444142737284280553, 92.45484772999625989 ) ) ;
#5268 = CARTESIAN_POINT ( 'NONE',  ( -32.32444733852980789, -12.44414273728402343, -55.98758511691806206 ) ) ;
#5269 = AXIS2_PLACEMENT_3D ( 'NONE', #3575, #5830, #1838 ) ;
#5270 = EDGE_CURVE ( 'NONE', #4329, #4436, #1269, .T. ) ;
#5271 = EDGE_CURVE ( 'NONE', #6383, #4351, #2053, .T. ) ;
#5272 = LINE ( 'NONE', #6886, #4146 ) ;
#5273 = CARTESIAN_POINT ( 'NONE',  ( -43.46854809146695686, -37.44414273728450127, 88.64390184620079083 ) ) ;
#5274 = DIRECTION ( 'NONE',  ( 4.001428817919833979E-15, -1.000000000000000000, -2.999626010543229460E-15 ) ) ;
#5275 = ADVANCED_FACE ( 'NONE', ( #5811 ), #5705, .F. ) ;
#5276 = VERTEX_POINT ( 'NONE', #207 ) ;
#5277 = ORIENTED_EDGE ( 'NONE', *, *, #1451, .F. ) ;
#5278 = CARTESIAN_POINT ( 'NONE',  ( -63.03909603667237604, -2.444142737284293432, -7.177044409126469127 ) ) ;
#5279 = CARTESIAN_POINT ( 'NONE',  ( -56.14909603667242521, 0.9558572627156227686, 29.97616807355594304 ) ) ;
#5280 = LINE ( 'NONE', #4071, #1250 ) ;
#5281 = CARTESIAN_POINT ( 'NONE',  ( -21.73909603667260981, -37.44414273728421705, 21.57616807355582011 ) ) ;
#5282 = EDGE_LOOP ( 'NONE', ( #1618, #1338, #4105, #6937 ) ) ;
#5283 = ORIENTED_EDGE ( 'NONE', *, *, #2338, .T. ) ;
#5284 = ORIENTED_EDGE ( 'NONE', *, *, #5749, .T. ) ;
#5285 = ORIENTED_EDGE ( 'NONE', *, *, #303, .F. ) ;
#5286 = FACE_OUTER_BOUND ( 'NONE', #5863, .T. ) ;
#5287 = PLANE ( 'NONE',  #1353 ) ;
#5288 = CARTESIAN_POINT ( 'NONE',  ( -46.23909603667234336, -12.44414273728436804, 40.27616807355592954 ) ) ;
#5289 = CARTESIAN_POINT ( 'NONE',  ( -63.03909603667236183, -12.44414273728431475, -2.833372241562638750E-14 ) ) ;
#5290 = ORIENTED_EDGE ( 'NONE', *, *, #4129, .F. ) ;
#5291 = VERTEX_POINT ( 'NONE', #6393 ) ;
#5292 = ORIENTED_EDGE ( 'NONE', *, *, #371, .T. ) ;
#5293 = DIRECTION ( 'NONE',  ( -3.999776700323684900E-15, 1.000000000000000000, 3.000529512353633521E-15 ) ) ;
#5294 = AXIS2_PLACEMENT_3D ( 'NONE', #5288, #6431, #2577 ) ;
#5295 = ORIENTED_EDGE ( 'NONE', *, *, #575, .F. ) ;
#5296 = ADVANCED_FACE ( 'NONE', ( #2446 ), #3557, .F. ) ;
#5297 = DIRECTION ( 'NONE',  ( 0.8660254037844395958, 0.000000000000000000, -0.4999999999999983347 ) ) ;
#5298 = CARTESIAN_POINT ( 'NONE',  ( -63.03909603667223394, -37.44414273728446574, 50.32938055623819906 ) ) ;
#5299 = CYLINDRICAL_SURFACE ( 'NONE', #4040, 1.050000000000000488 ) ;
#5300 = CIRCLE ( 'NONE', #48, 2.100000000000000089 ) ;
#5301 = ADVANCED_FACE ( 'NONE', ( #1818 ), #4145, .F. ) ;
#5302 = DIRECTION ( 'NONE',  ( -3.999776700323684900E-15, 1.000000000000000000, 3.000529512353633521E-15 ) ) ;
#5303 = CARTESIAN_POINT ( 'NONE',  ( -32.42099603897735705, -5.444142737284287215, 31.71566209117936097 ) ) ;
#5304 = DIRECTION ( 'NONE',  ( -3.994991256252005511E-15, 1.000000000000000000, 3.010503119717032181E-15 ) ) ;
#5305 = EDGE_CURVE ( 'NONE', #5093, #185, #4591, .T. ) ;
#5306 = AXIS2_PLACEMENT_3D ( 'NONE', #1629, #3485, #3299 ) ;
#5307 = ORIENTED_EDGE ( 'NONE', *, *, #2972, .T. ) ;
#5308 = ORIENTED_EDGE ( 'NONE', *, *, #3731, .F. ) ;
#5309 = CARTESIAN_POINT ( 'NONE',  ( -63.03909603667239026, -2.444142737284185962, -43.05447442298054739 ) ) ;
#5310 = DIRECTION ( 'NONE',  ( -3.172065784643198961E-16, -3.000000000000001416E-15, 1.000000000000000000 ) ) ;
#5311 = DIRECTION ( 'NONE',  ( -0.8660254037844382635, -4.964172988122225296E-15, 0.5000000000000005551 ) ) ;
#5312 = DIRECTION ( 'NONE',  ( -3.999776700323684900E-15, 1.000000000000000000, 3.000529512353633521E-15 ) ) ;
#5313 = EDGE_CURVE ( 'NONE', #6745, #4362, #1002, .T. ) ;
#5314 = ORIENTED_EDGE ( 'NONE', *, *, #6785, .F. ) ;
#5315 = ORIENTED_EDGE ( 'NONE', *, *, #119, .F. ) ;
#5316 = AXIS2_PLACEMENT_3D ( 'NONE', #6118, #5606, #2277 ) ;
#5317 = EDGE_LOOP ( 'NONE', ( #5252, #444, #1876, #5708 ) ) ;
#5318 = EDGE_LOOP ( 'NONE', ( #5620, #5753, #1166, #3884 ) ) ;
#5319 = CYLINDRICAL_SURFACE ( 'NONE', #6012, 2.500000000000002220 ) ;
#5320 = FACE_BOUND ( 'NONE', #3080, .T. ) ;
#5321 = ADVANCED_FACE ( 'NONE', ( #4081 ), #1891, .F. ) ;
#5322 = DIRECTION ( 'NONE',  ( 0.7071067811865464625, 4.949963993366449462E-15, -0.7071067811865486830 ) ) ;
#5323 = FACE_OUTER_BOUND ( 'NONE', #3159, .T. ) ;
#5324 = VECTOR ( 'NONE', #7017, 1000.000000000000000 ) ;
#5325 = VECTOR ( 'NONE', #4537, 1000.000000000000000 ) ;
#5326 = EDGE_LOOP ( 'NONE', ( #2501, #1991, #98, #7150 ) ) ;
#5327 = ORIENTED_EDGE ( 'NONE', *, *, #6115, .F. ) ;
#5328 = VECTOR ( 'NONE', #5134, 1000.000000000000227 ) ;
#5329 = ORIENTED_EDGE ( 'NONE', *, *, #1154, .T. ) ;
#5330 = VECTOR ( 'NONE', #7126, 1000.000000000000000 ) ;
#5331 = DIRECTION ( 'NONE',  ( 0.000000000000000000, 1.000000000000000000, 2.999626010543229066E-15 ) ) ;
#5332 = ORIENTED_EDGE ( 'NONE', *, *, #345, .T. ) ;
#5333 = CARTESIAN_POINT ( 'NONE',  ( -63.03909603667223394, -37.44414273728429521, -7.177044409126573932 ) ) ;
#5334 = DIRECTION ( 'NONE',  ( 1.000000000000000000, 4.100255488672448973E-15, 0.000000000000000000 ) ) ;
#5335 = FACE_OUTER_BOUND ( 'NONE', #6578, .T. ) ;
#5336 = CIRCLE ( 'NONE', #6388, 2.500000000000002220 ) ;
#5337 = VECTOR ( 'NONE', #1613, 1000.000000000000000 ) ;
#5338 = ORIENTED_EDGE ( 'NONE', *, *, #381, .T. ) ;
#5339 = AXIS2_PLACEMENT_3D ( 'NONE', #1978, #4268, #871 ) ;
#5340 = APPROVAL_PERSON_ORGANIZATION ( #2253, #701, #6822 ) ;
#5341 = VECTOR ( 'NONE', #231, 1000.000000000000000 ) ;
#5342 = CARTESIAN_POINT ( 'NONE',  ( 10.76090396332728538, -12.44414273728401987, -2.833372241562550082E-14 ) ) ;
#5343 = CARTESIAN_POINT ( 'NONE',  ( 10.76090396332739729, -37.44414273728395415, -22.71575941605361848 ) ) ;
#5344 = LINE ( 'NONE', #253, #10 ) ;
#5345 = CARTESIAN_POINT ( 'NONE',  ( 9.776025172854147370E-15, -2.444142737284062505, -7.333722415625623435E-15 ) ) ;
#5346 = VECTOR ( 'NONE', #3535, 1000.000000000000114 ) ;
#5347 = VECTOR ( 'NONE', #2483, 1000.000000000000000 ) ;
#5348 = EDGE_CURVE ( 'NONE', #4913, #3551, #240, .T. ) ;
#5349 = ORIENTED_EDGE ( 'NONE', *, *, #5885, .F. ) ;
#5350 = CC_DESIGN_PERSON_AND_ORGANIZATION_ASSIGNMENT ( #2831, #6790, ( #4433 ) ) ;
#5351 = ORIENTED_EDGE ( 'NONE', *, *, #1135, .T. ) ;
#5352 = CARTESIAN_POINT ( 'NONE',  ( -46.23909603667235757, -6.444142737284257016, 2.876168073555626759 ) ) ;
#5353 = AXIS2_PLACEMENT_3D ( 'NONE', #2094, #2706, #6560 ) ;
#5354 = LINE ( 'NONE', #4609, #6615 ) ;
#5355 = VECTOR ( 'NONE', #5875, 1000.000000000000000 ) ;
#5356 = DIRECTION ( 'NONE',  ( -4.000000000000001100E-15, 1.000000000000000000, 2.999999999999999839E-15 ) ) ;
#5357 = DIRECTION ( 'NONE',  ( -1.000000000000000000, -4.130293990420967319E-15, 0.000000000000000000 ) ) ;
#5358 = EDGE_LOOP ( 'NONE', ( #5026, #1414, #1272, #4808, #6321, #4119 ) ) ;
#5359 = EDGE_LOOP ( 'NONE', ( #1520, #1652, #2000, #3142 ) ) ;
#5360 = EDGE_CURVE ( 'NONE', #4402, #2100, #2757, .T. ) ;
#5361 = EDGE_LOOP ( 'NONE', ( #5654, #3074 ) ) ;
#5362 = CARTESIAN_POINT ( 'NONE',  ( -21.73909603667260981, -37.44414273728421705, 21.57616807355582011 ) ) ;
#5363 = PLANE ( 'NONE',  #6514 ) ;
#5364 = CARTESIAN_POINT ( 'NONE',  ( -43.92909603667242635, 0.9558572627156600721, 33.77616807355594375 ) ) ;
#5365 = DIRECTION ( 'NONE',  ( -1.000000000000000000, -3.999776700323684900E-15, -1.163017341016453237E-29 ) ) ;
#5366 = VERTEX_POINT ( 'NONE', #3454 ) ;
#5367 = EDGE_CURVE ( 'NONE', #2531, #4082, #4379, .T. ) ;
#5368 = EDGE_LOOP ( 'NONE', ( #2761, #708, #2855, #1625 ) ) ;
#5369 = VERTEX_POINT ( 'NONE', #3955 ) ;
#5370 = DIRECTION ( 'NONE',  ( -4.000000000000001100E-15, 1.000000000000000000, 2.999999999999999839E-15 ) ) ;
#5371 = CARTESIAN_POINT ( 'NONE',  ( -37.63909603667239878, -2.444142737284309419, 32.07616807355593380 ) ) ;
#5372 = CARTESIAN_POINT ( 'NONE',  ( -69.23909603667237889, -2.444142737284271227, -22.71575941605351190 ) ) ;
#5373 = DIRECTION ( 'NONE',  ( 1.133159367757362572E-31, 3.000529512353633521E-15, -1.000000000000000000 ) ) ;
#5374 = CYLINDRICAL_SURFACE ( 'NONE', #5558, 0.8999999999999980238 ) ;
#5375 = CARTESIAN_POINT ( 'NONE',  ( -21.73909603667271995, -12.44414273728421527, 21.57616807355590538 ) ) ;
#5376 = ORIENTED_EDGE ( 'NONE', *, *, #2669, .F. ) ;
#5377 = CARTESIAN_POINT ( 'NONE',  ( 4.560903963327280763, -12.44414273728404474, -2.943886961039083199E-14 ) ) ;
#5378 = CARTESIAN_POINT ( 'NONE',  ( 4.560903963327283428, -12.44414273728400389, -10.75661607810217646 ) ) ;
#5379 = DIRECTION ( 'NONE',  ( 0.7071067811865465735, 4.949963993366449462E-15, -0.7071067811865485719 ) ) ;
#5380 = CARTESIAN_POINT ( 'NONE',  ( -66.13909603667238457, -2.444142737284544342, 72.45788139765318192 ) ) ;
#5381 = ORIENTED_EDGE ( 'NONE', *, *, #6354, .T. ) ;
#5382 = ORIENTED_EDGE ( 'NONE', *, *, #1544, .F. ) ;
#5383 = CARTESIAN_POINT ( 'NONE',  ( -63.03909603667224815, -37.44414273728425968, -19.13618774707793335 ) ) ;
#5384 = CARTESIAN_POINT ( 'NONE',  ( 7.583487050050428557, -12.44414273728407316, 13.13498486922788366 ) ) ;
#5385 = LINE ( 'NONE', #7066, #6160 ) ;
#5386 = DIRECTION ( 'NONE',  ( 3.999776700323682533E-15, -1.000000000000000000, -2.999626010543229460E-15 ) ) ;
#5387 = EDGE_CURVE ( 'NONE', #161, #6574, #6167, .T. ) ;
#5388 = ORIENTED_EDGE ( 'NONE', *, *, #6967, .F. ) ;
#5389 = EDGE_LOOP ( 'NONE', ( #555, #1441 ) ) ;
#5390 = ORIENTED_EDGE ( 'NONE', *, *, #1905, .F. ) ;
#5391 = CARTESIAN_POINT ( 'NONE',  ( -69.23909603667226520, -37.44414273728420284, -46.63404609195632133 ) ) ;
#5392 = CARTESIAN_POINT ( 'NONE',  ( 5.435504178569590117, -9.444142737284106914, 21.42876338647385737 ) ) ;
#5393 = CARTESIAN_POINT ( 'NONE',  ( -63.03909603667239026, -2.444142737284246358, -22.71575941605351190 ) ) ;
#5394 = EDGE_CURVE ( 'NONE', #4716, #6353, #2360, .T. ) ;
#5395 = CARTESIAN_POINT ( 'NONE',  ( -63.03909603667239026, -2.444142737284573652, 86.20681057009237236 ) ) ;
#5396 = EDGE_CURVE ( 'NONE', #5402, #4913, #18, .T. ) ;
#5397 = ORIENTED_EDGE ( 'NONE', *, *, #5486, .T. ) ;
#5398 = ORIENTED_EDGE ( 'NONE', *, *, #6647, .F. ) ;
#5399 = ORIENTED_EDGE ( 'NONE', *, *, #6664, .T. ) ;
#5400 = CARTESIAN_POINT ( 'NONE',  ( 4.247977382028136795, -12.44414273728402343, -7.357712655076141139 ) ) ;
#5401 = CARTESIAN_POINT ( 'NONE',  ( -52.99504841762488638, -12.44414273728424192, -10.09898687096879399 ) ) ;
#5402 = VERTEX_POINT ( 'NONE', #1213 ) ;
#5403 = LINE ( 'NONE', #4673, #7101 ) ;
#5404 = FACE_OUTER_BOUND ( 'NONE', #3910, .T. ) ;
#5405 = CARTESIAN_POINT ( 'NONE',  ( -47.90995700655201261, -12.44414273728450304, 82.98247972378830184 ) ) ;
#5406 = ADVANCED_FACE ( 'NONE', ( #1181, #6672 ), #4577, .T. ) ;
#5407 = ADVANCED_FACE ( 'NONE', ( #628 ), #6205, .F. ) ;
#5408 = ORIENTED_EDGE ( 'NONE', *, *, #4766, .T. ) ;
#5409 = DIRECTION ( 'NONE',  ( -3.999776700323684900E-15, 1.000000000000000000, 3.000529512353633521E-15 ) ) ;
#5410 = CARTESIAN_POINT ( 'NONE',  ( -69.23909603667223678, -37.44414273728457232, 77.82723890111658704 ) ) ;
#5411 = CARTESIAN_POINT ( 'NONE',  ( -66.13909603667239878, -2.444142737284203282, -41.26468858849271015 ) ) ;
#5412 = DIRECTION ( 'NONE',  ( -1.000000000000000000, -3.854941057726246577E-15, 0.000000000000000000 ) ) ;
#5413 = ADVANCED_FACE ( 'NONE', ( #124 ), #2216, .F. ) ;
#5414 = AXIS2_PLACEMENT_3D ( 'NONE', #4358, #4884, #6019 ) ;
#5415 = EDGE_LOOP ( 'NONE', ( #1253, #2221, #5551, #6373 ) ) ;
#5416 = DIRECTION ( 'NONE',  ( 3.999776700323684900E-15, -1.000000000000000000, 0.000000000000000000 ) ) ;
#5417 = LINE ( 'NONE', #447, #3102 ) ;
#5418 = CARTESIAN_POINT ( 'NONE',  ( -63.03909603667224815, -37.44414273728457943, 86.20681057009225867 ) ) ;
#5419 = CIRCLE ( 'NONE', #2732, 1.049999999999999822 ) ;
#5420 = CARTESIAN_POINT ( 'NONE',  ( -14.70762521870767259, -7.444142737284161981, 13.52651803764361027 ) ) ;
#5421 = VECTOR ( 'NONE', #6016, 1000.000000000000000 ) ;
#5422 = ORIENTED_EDGE ( 'NONE', *, *, #1318, .F. ) ;
#5423 = ORIENTED_EDGE ( 'NONE', *, *, #2771, .T. ) ;
#5424 = EDGE_CURVE ( 'NONE', #5369, #1328, #6706, .T. ) ;
#5425 = ORIENTED_EDGE ( 'NONE', *, *, #4488, .T. ) ;
#5426 = LINE ( 'NONE', #407, #985 ) ;
#5427 = CARTESIAN_POINT ( 'NONE',  ( -48.98909603667236468, -6.444142737284268563, 2.876168073555627203 ) ) ;
#5428 = VECTOR ( 'NONE', #4270, 1000.000000000000000 ) ;
#5429 = PLANE ( 'NONE',  #617 ) ;
#5430 = DIRECTION ( 'NONE',  ( 0.8660254037844391517, 4.967330528082546663E-15, -0.4999999999999990008 ) ) ;
#5431 = VERTEX_POINT ( 'NONE', #5027 ) ;
#5432 = EDGE_CURVE ( 'NONE', #5093, #5132, #3915, .T. ) ;
#5433 = ORIENTED_EDGE ( 'NONE', *, *, #5271, .F. ) ;
#5434 = EDGE_CURVE ( 'NONE', #6969, #401, #5058, .T. ) ;
#5435 = ORIENTED_EDGE ( 'NONE', *, *, #3025, .F. ) ;
#5436 = LINE ( 'NONE', #422, #1140 ) ;
#5437 = VECTOR ( 'NONE', #2238, 1000.000000000000000 ) ;
#5438 = VECTOR ( 'NONE', #357, 1000.000000000000000 ) ;
#5439 = CARTESIAN_POINT ( 'NONE',  ( -51.23909603667254942, -2.444142737284242806, -8.319483784197799991 ) ) ;
#5440 = ORIENTED_EDGE ( 'NONE', *, *, #2098, .F. ) ;
#5441 = CARTESIAN_POINT ( 'NONE',  ( -66.13909603667235615, -12.44414273728431120, -5.387258574638654984 ) ) ;
#5442 = CYLINDRICAL_SURFACE ( 'NONE', #6499, 67.99999999999994316 ) ;
#5443 = CARTESIAN_POINT ( 'NONE',  ( 4.560903963327255894, -2.444142737284022537, -7.177044409126469127 ) ) ;
#5444 = ADVANCED_FACE ( 'NONE', ( #4544 ), #5686, .F. ) ;
#5445 = AXIS2_PLACEMENT_3D ( 'NONE', #6721, #1193, #531 ) ;
#5446 = ORIENTED_EDGE ( 'NONE', *, *, #4474, .F. ) ;
#5447 = AXIS2_PLACEMENT_3D ( 'NONE', #6368, #5824, #812 ) ;
#5448 = ADVANCED_FACE ( 'NONE', ( #3370 ), #593, .F. ) ;
#5449 = DIRECTION ( 'NONE',  ( -3.999776700323684900E-15, 1.000000000000000000, 3.000529512353633521E-15 ) ) ;
#5450 = CYLINDRICAL_SURFACE ( 'NONE', #5926, 2.500000000000009326 ) ;
#5451 = AXIS2_PLACEMENT_3D ( 'NONE', #3841, #1546, #3290 ) ;
#5452 = VECTOR ( 'NONE', #3581, 1000.000000000000000 ) ;
#5453 = PLANE ( 'NONE',  #4057 ) ;
#5454 = CYLINDRICAL_SURFACE ( 'NONE', #2058, 2.750000000000002665 ) ;
#5455 = VECTOR ( 'NONE', #1807, 1000.000000000000000 ) ;
#5456 = VERTEX_POINT ( 'NONE', #2827 ) ;
#5457 = EDGE_CURVE ( 'NONE', #3489, #6141, #53, .T. ) ;
#5458 = DIRECTION ( 'NONE',  ( -3.999776700323684900E-15, 1.000000000000000000, 3.000529512353633521E-15 ) ) ;
#5459 = DIRECTION ( 'NONE',  ( -4.000000000000001889E-15, 1.000000000000000000, 3.000000000000000628E-15 ) ) ;
#5460 = CIRCLE ( 'NONE', #5110, 2.500000000000003997 ) ;
#5461 = FACE_OUTER_BOUND ( 'NONE', #1754, .T. ) ;
#5462 = CARTESIAN_POINT ( 'NONE',  ( 4.560903963327255894, -2.444142737284206390, 53.90895222521398722 ) ) ;
#5463 = VECTOR ( 'NONE', #1647, 1000.000000000000000 ) ;
#5464 = ORIENTED_EDGE ( 'NONE', *, *, #2972, .F. ) ;
#5465 = VECTOR ( 'NONE', #2740, 1000.000000000000114 ) ;
#5466 = EDGE_LOOP ( 'NONE', ( #3863, #1137, #3600, #1484 ) ) ;
#5467 = ORIENTED_EDGE ( 'NONE', *, *, #262, .T. ) ;
#5468 = CC_DESIGN_APPROVAL ( #2973, ( #1996 ) ) ;
#5469 = CARTESIAN_POINT ( 'NONE',  ( -66.13909603667224246, -37.44414273728449416, 55.69873805970172498 ) ) ;
#5470 = CARTESIAN_POINT ( 'NONE',  ( 4.560903963327285204, -12.44414273728397902, -19.13618774707785164 ) ) ;
#5471 = DIRECTION ( 'NONE',  ( 0.5000000000000015543, 4.598423132665026657E-15, -0.8660254037844378194 ) ) ;
#5472 = DIRECTION ( 'NONE',  ( 4.001428817919833979E-15, -1.000000000000000000, -2.999626010543229460E-15 ) ) ;
#5473 = LOCAL_TIME ( 16, 23, 32.00000000000000000, #632 ) ;
#5474 = EDGE_LOOP ( 'NONE', ( #3270, #6322, #5989, #2690 ) ) ;
#5475 = EDGE_LOOP ( 'NONE', ( #5376, #6658 ) ) ;
#5476 = VERTEX_POINT ( 'NONE', #2751 ) ;
#5477 = CARTESIAN_POINT ( 'NONE',  ( 41.56886995729806245, -12.44414273728411402, 71.99939477926434961 ) ) ;
#5478 = LINE ( 'NONE', #423, #385 ) ;
#5479 = LINE ( 'NONE', #1555, #4518 ) ;
#5480 = CARTESIAN_POINT ( 'NONE',  ( -43.46854809146709187, -2.444142737284099809, -45.49156569908907954 ) ) ;
#5481 = LINE ( 'NONE', #2148, #2867 ) ;
#5482 = DIRECTION ( 'NONE',  ( 0.8660254037844395958, 4.967330528082539563E-15, -0.4999999999999983347 ) ) ;
#5483 = EDGE_CURVE ( 'NONE', #1212, #2017, #560, .T. ) ;
#5484 = ORIENTED_EDGE ( 'NONE', *, *, #250, .F. ) ;
#5485 = VECTOR ( 'NONE', #6700, 1000.000000000000000 ) ;
#5486 = EDGE_CURVE ( 'NONE', #2685, #4566, #6732, .T. ) ;
#5487 = LINE ( 'NONE', #3201, #404 ) ;
#5488 = FACE_OUTER_BOUND ( 'NONE', #266, .T. ) ;
#5489 = DIRECTION ( 'NONE',  ( -1.000000000000000000, -3.989863994746657895E-15, 0.000000000000000000 ) ) ;
#5490 = DIRECTION ( 'NONE',  ( 3.999776700323684900E-15, -1.000000000000000000, -3.000529512353633521E-15 ) ) ;
#5491 = EDGE_CURVE ( 'NONE', #5904, #4809, #4020, .T. ) ;
#5492 = ORIENTED_EDGE ( 'NONE', *, *, #3430, .T. ) ;
#5493 = DIRECTION ( 'NONE',  ( -1.133159367757362572E-31, -3.000529512353633521E-15, 1.000000000000000000 ) ) ;
#5494 = CARTESIAN_POINT ( 'NONE',  ( 0.5735770875991840212, -7.444142737284145994, 28.46663033463454795 ) ) ;
#5495 = DIRECTION ( 'NONE',  ( 0.8660254037844378194, 0.000000000000000000, -0.5000000000000015543 ) ) ;
#5496 = DIRECTION ( 'NONE',  ( -1.000000000000000000, -2.775557561562896873E-15, 0.000000000000000000 ) ) ;
#5497 = ADVANCED_FACE ( 'NONE', ( #6892 ), #229, .F. ) ;
#5498 = EDGE_CURVE ( 'NONE', #482, #2441, #2431, .T. ) ;
#5499 = VERTEX_POINT ( 'NONE', #6955 ) ;
#5500 = ORIENTED_EDGE ( 'NONE', *, *, #3409, .F. ) ;
#5501 = VERTEX_POINT ( 'NONE', #3482 ) ;
#5502 = LINE ( 'NONE', #7219, #1093 ) ;
#5503 = FACE_OUTER_BOUND ( 'NONE', #2328, .T. ) ;
#5504 = DIRECTION ( 'NONE',  ( 1.000000000000000000, 3.989863994746641329E-15, 0.000000000000000000 ) ) ;
#5505 = DIRECTION ( 'NONE',  ( -3.999776700323684900E-15, 1.000000000000000000, 3.000529512353633521E-15 ) ) ;
#5506 = ORIENTED_EDGE ( 'NONE', *, *, #5195, .F. ) ;
#5507 = ORIENTED_EDGE ( 'NONE', *, *, #11, .T. ) ;
#5508 = EDGE_LOOP ( 'NONE', ( #1402, #5133 ) ) ;
#5509 = DIRECTION ( 'NONE',  ( 4.001428817919833979E-15, -1.000000000000000000, -2.999626010543229460E-15 ) ) ;
#5510 = CARTESIAN_POINT ( 'NONE',  ( 7.660903963327283073, -12.44414273728399323, -12.54640191259001725 ) ) ;
#5511 = PLANE ( 'NONE',  #6401 ) ;
#5512 = FACE_OUTER_BOUND ( 'NONE', #6572, .T. ) ;
#5513 = DIRECTION ( 'NONE',  ( 0.5000000000000011102, -5.986464323413318962E-16, 0.8660254037844380415 ) ) ;
#5514 = FACE_BOUND ( 'NONE', #5186, .T. ) ;
#5515 = ORIENTED_EDGE ( 'NONE', *, *, #3023, .F. ) ;
#5516 = ORIENTED_EDGE ( 'NONE', *, *, #6999, .T. ) ;
#5517 = VERTEX_POINT ( 'NONE', #2496 ) ;
#5518 = EDGE_CURVE ( 'NONE', #6005, #1688, #4151, .T. ) ;
#5519 = CARTESIAN_POINT ( 'NONE',  ( -54.75100079857725888, -2.444142737284245914, -11.87848995773986438 ) ) ;
#5520 = CARTESIAN_POINT ( 'NONE',  ( -66.13909603667238457, -2.444142737284239253, -29.30554525054135340 ) ) ;
#5521 = DIRECTION ( 'NONE',  ( 3.999776700323684900E-15, -1.000000000000000000, 0.000000000000000000 ) ) ;
#5522 = CARTESIAN_POINT ( 'NONE',  ( -46.23909603667237178, -2.444142737284256572, 2.876168073555638749 ) ) ;
#5523 = ORIENTED_EDGE ( 'NONE', *, *, #3671, .T. ) ;
#5524 = EDGE_CURVE ( 'NONE', #87, #2685, #2465, .T. ) ;
#5525 = DIRECTION ( 'NONE',  ( -1.000000000000000000, -4.010382229408749433E-15, -0.000000000000000000 ) ) ;
#5526 = EDGE_CURVE ( 'NONE', #5499, #3434, #1879, .T. ) ;
#5527 = LINE ( 'NONE', #1032, #2183 ) ;
#5528 = CARTESIAN_POINT ( 'NONE',  ( -50.00992937000587091, -12.44414273728417619, -28.49388268174986294 ) ) ;
#5529 = DIRECTION ( 'NONE',  ( 4.000000000000001100E-15, -1.000000000000000000, -3.000000000000000628E-15 ) ) ;
#5530 = ORIENTED_EDGE ( 'NONE', *, *, #2041, .F. ) ;
#5531 = ORIENTED_EDGE ( 'NONE', *, *, #4651, .T. ) ;
#5532 = EDGE_LOOP ( 'NONE', ( #1574, #6374, #4585, #278 ) ) ;
#5533 = DIRECTION ( 'NONE',  ( -3.999776700323684900E-15, 1.000000000000000000, 3.000529512353633521E-15 ) ) ;
#5534 = VECTOR ( 'NONE', #3708, 1000.000000000000000 ) ;
#5535 = ADVANCED_FACE ( 'NONE', ( #5203 ), #3005, .F. ) ;
#5536 = DIRECTION ( 'NONE',  ( 1.000000000000000000, 3.999776700323682533E-15, 1.203209226713851121E-29 ) ) ;
#5537 = CARTESIAN_POINT ( 'NONE',  ( 26.03348705005035413, -12.44414273728409270, 45.09132226887348338 ) ) ;
#5538 = CARTESIAN_POINT ( 'NONE',  ( -69.23909603667239310, -2.444142737284307643, -10.75661607810225995 ) ) ;
#5539 = CARTESIAN_POINT ( 'NONE',  ( 10.76090396332728361, -12.44414273728417264, 53.90895222521396590 ) ) ;
#5540 = ORIENTED_EDGE ( 'NONE', *, *, #6338, .F. ) ;
#5541 = ORIENTED_EDGE ( 'NONE', *, *, #6602, .T. ) ;
#5542 = VERTEX_POINT ( 'NONE', #5278 ) ;
#5543 = EDGE_CURVE ( 'NONE', #1328, #7235, #6995, .T. ) ;
#5544 = LINE ( 'NONE', #526, #4293 ) ;
#5545 = CARTESIAN_POINT ( 'NONE',  ( -13.65762521870767543, -7.444142737284157541, 13.52651803764361382 ) ) ;
#5546 = CARTESIAN_POINT ( 'NONE',  ( 7.660903963327284849, -12.44414273728423481, 67.65788139765315634 ) ) ;
#5547 = DIRECTION ( 'NONE',  ( 3.999776700323684900E-15, -1.000000000000000000, -3.000529512353633521E-15 ) ) ;
#5548 = CYLINDRICAL_SURFACE ( 'NONE', #5445, 3.000000000000002665 ) ;
#5549 = FACE_BOUND ( 'NONE', #6192, .T. ) ;
#5550 = ORIENTED_EDGE ( 'NONE', *, *, #612, .F. ) ;
#5551 = ORIENTED_EDGE ( 'NONE', *, *, #6483, .F. ) ;
#5552 = AXIS2_PLACEMENT_3D ( 'NONE', #5641, #6699, #5129 ) ;
#5553 = EDGE_LOOP ( 'NONE', ( #1474, #3352, #2062, #3500 ) ) ;
#5554 = DIRECTION ( 'NONE',  ( -3.999776700323684900E-15, 1.000000000000000000, 3.000529512353633521E-15 ) ) ;
#5555 = CARTESIAN_POINT ( 'NONE',  ( 10.76090396332739552, -37.44414273728418152, 53.90895222521388774 ) ) ;
#5556 = CARTESIAN_POINT ( 'NONE',  ( -1.602362769591119784, -5.444142737284112243, 14.46683629550345707 ) ) ;
#5557 = DIRECTION ( 'NONE',  ( 1.000000000000000000, 4.100255488672448973E-15, 0.000000000000000000 ) ) ;
#5558 = AXIS2_PLACEMENT_3D ( 'NONE', #1597, #2589, #6580 ) ;
#5559 = VECTOR ( 'NONE', #2849, 999.9999999999998863 ) ;
#5560 = VECTOR ( 'NONE', #5386, 1000.000000000000000 ) ;
#5561 = AXIS2_PLACEMENT_3D ( 'NONE', #2703, #4342, #4864 ) ;
#5562 = VERTEX_POINT ( 'NONE', #5864 ) ;
#5563 = AXIS2_PLACEMENT_3D ( 'NONE', #6903, #6328, #4698 ) ;
#5564 = DIRECTION ( 'NONE',  ( 3.999776700323684900E-15, -1.000000000000000000, -3.000529512353633521E-15 ) ) ;
#5565 = FACE_OUTER_BOUND ( 'NONE', #1928, .T. ) ;
#5566 = DIRECTION ( 'NONE',  ( 0.8660254037844378194, 0.000000000000000000, 0.5000000000000015543 ) ) ;
#5567 = DIRECTION ( 'NONE',  ( 0.8660254037844393737, 0.000000000000000000, -0.4999999999999985567 ) ) ;
#5568 = AXIS2_PLACEMENT_3D ( 'NONE', #466, #3237, #3666 ) ;
#5569 = ADVANCED_FACE ( 'NONE', ( #1394 ), #1256, .F. ) ;
#5570 = CIRCLE ( 'NONE', #5451, 67.99999999999997158 ) ;
#5571 = VERTEX_POINT ( 'NONE', #4653 ) ;
#5572 = EDGE_CURVE ( 'NONE', #6824, #7195, #3067, .T. ) ;
#5573 = ORIENTED_EDGE ( 'NONE', *, *, #6932, .T. ) ;
#5574 = EDGE_LOOP ( 'NONE', ( #3530, #15, #3611, #7215 ) ) ;
#5575 = DIRECTION ( 'NONE',  ( -1.202941791201553652E-29, 2.999626010543229460E-15, -1.000000000000000000 ) ) ;
#5576 = DIRECTION ( 'NONE',  ( 1.133159367757586780E-31, 3.000529512353633521E-15, -1.000000000000000000 ) ) ;
#5577 = VECTOR ( 'NONE', #5207, 1000.000000000000000 ) ;
#5578 = CARTESIAN_POINT ( 'NONE',  ( 12.76090396332728893, -12.44414273728387066, -47.18119123932481074 ) ) ;
#5579 = DIRECTION ( 'NONE',  ( 0.5000000000000015543, 4.598423132665026657E-15, -0.8660254037844378194 ) ) ;
#5580 = DATE_TIME_ROLE ( 'classification_date' ) ;
#5581 = AXIS2_PLACEMENT_3D ( 'NONE', #2458, #5960, #6339 ) ;
#5582 = EDGE_CURVE ( 'NONE', #1688, #6005, #2304, .T. ) ;
#5583 = VECTOR ( 'NONE', #2147, 1000.000000000000114 ) ;
#5584 = VERTEX_POINT ( 'NONE', #5309 ) ;
#5585 = ORIENTED_EDGE ( 'NONE', *, *, #4551, .F. ) ;
#5586 = AXIS2_PLACEMENT_3D ( 'NONE', #6422, #6923, #3648 ) ;
#5587 = ORIENTED_EDGE ( 'NONE', *, *, #3183, .F. ) ;
#5588 = CARTESIAN_POINT ( 'NONE',  ( -63.03909603667239026, -2.444142737284537681, 74.24766723214101205 ) ) ;
#5589 = AXIS2_PLACEMENT_3D ( 'NONE', #6135, #1117, #5177 ) ;
#5590 = DIRECTION ( 'NONE',  ( 0.000000000000000000, 1.000000000000000000, 2.999999999999999839E-15 ) ) ;
#5591 = FACE_OUTER_BOUND ( 'NONE', #1954, .T. ) ;
#5593 = CARTESIAN_POINT ( 'NONE',  ( 22.93348705005029586, -12.44414273728408915, 39.72196476541002141 ) ) ;
#5592 = CIRCLE ( 'NONE', #5243, 2.500000000000009326 ) ;
#5594 = DIRECTION ( 'NONE',  ( 3.999776700323684900E-15, -1.000000000000000000, -3.000529512353633521E-15 ) ) ;
#5595 = FACE_OUTER_BOUND ( 'NONE', #1335, .T. ) ;
#5596 = ADVANCED_FACE ( 'NONE', ( #6920 ), #1909, .F. ) ;
#5597 = ORIENTED_EDGE ( 'NONE', *, *, #1741, .F. ) ;
#5598 = EDGE_LOOP ( 'NONE', ( #3043, #5382, #589, #4818, #5734, #4810 ) ) ;
#5599 = EDGE_LOOP ( 'NONE', ( #1104, #5920, #6835, #3550 ) ) ;
#5600 = DIRECTION ( 'NONE',  ( 4.001428817919833979E-15, -1.000000000000000000, -2.999626010543229460E-15 ) ) ;
#5601 = PLANE ( 'NONE',  #6743 ) ;
#5602 = FACE_OUTER_BOUND ( 'NONE', #4652, .T. ) ;
#5603 = DIRECTION ( 'NONE',  ( 3.999776700323684900E-15, -1.000000000000000000, -3.000529512353633521E-15 ) ) ;
#5604 = VERTEX_POINT ( 'NONE', #6376 ) ;
#5605 = PLANE ( 'NONE',  #6174 ) ;
#5606 = DIRECTION ( 'NONE',  ( -4.000000000000001100E-15, 1.000000000000000000, 2.999999999999999050E-15 ) ) ;
#5607 = DIRECTION ( 'NONE',  ( -1.000000000000000000, -3.986173093733937491E-15, 0.000000000000000000 ) ) ;
#5608 = ORIENTED_EDGE ( 'NONE', *, *, #4331, .T. ) ;
#5609 = ORIENTED_EDGE ( 'NONE', *, *, #6819, .F. ) ;
#5610 = ORIENTED_EDGE ( 'NONE', *, *, #1869, .T. ) ;
#5611 = CARTESIAN_POINT ( 'NONE',  ( 7.660903963327413635, -37.44414273728428810, 84.41702473560442854 ) ) ;
#5612 = PLANE ( 'NONE',  #643 ) ;
#5613 = ADVANCED_FACE ( 'NONE', ( #1357 ), #2936, .F. ) ;
#5614 = FACE_OUTER_BOUND ( 'NONE', #2812, .T. ) ;
#5615 = DIRECTION ( 'NONE',  ( -0.000000000000000000, -3.028860078099107970E-15, 1.000000000000000000 ) ) ;
#5616 = APPROVAL_ROLE ( '' ) ;
#5617 = AXIS2_PLACEMENT_3D ( 'NONE', #3061, #4647, #2562 ) ;
#5618 = ORIENTED_EDGE ( 'NONE', *, *, #4283, .F. ) ;
#5619 = ORIENTED_EDGE ( 'NONE', *, *, #4756, .T. ) ;
#5620 = ORIENTED_EDGE ( 'NONE', *, *, #5195, .T. ) ;
#5621 = CYLINDRICAL_SURFACE ( 'NONE', #912, 2.499999999999988454 ) ;
#5622 = EDGE_CURVE ( 'NONE', #5904, #4716, #2532, .T. ) ;
#5623 = LINE ( 'NONE', #5657, #3340 ) ;
#5624 = EDGE_CURVE ( 'NONE', #2636, #3082, #2391, .T. ) ;
#5625 = CARTESIAN_POINT ( 'NONE',  ( -51.23909603667252810, -12.44414273728448883, 73.82317755735320475 ) ) ;
#5626 = CARTESIAN_POINT ( 'NONE',  ( -37.63909603667242010, 0.9558572627157533308, 11.07616807355594624 ) ) ;
#5627 = FACE_OUTER_BOUND ( 'NONE', #6825, .T. ) ;
#5628 = CARTESIAN_POINT ( 'NONE',  ( 7.660903963327396760, -37.44414273728421705, 60.49873805970172924 ) ) ;
#5629 = ORIENTED_EDGE ( 'NONE', *, *, #657, .F. ) ;
#5630 = EDGE_LOOP ( 'NONE', ( #7158, #6663, #1356, #244 ) ) ;
#5631 = ORIENTED_EDGE ( 'NONE', *, *, #2447, .F. ) ;
#5632 = EDGE_CURVE ( 'NONE', #3054, #5369, #6316, .T. ) ;
#5633 = LINE ( 'NONE', #580, #6500 ) ;
#5634 = CARTESIAN_POINT ( 'NONE',  ( -12.52083681049020925, -7.444142737284201949, 29.52628265379340888 ) ) ;
#5635 = ADVANCED_FACE ( 'NONE', ( #187 ), #6183, .F. ) ;
#5636 = DIRECTION ( 'NONE',  ( -0.8660254037844381525, -1.938470449983424888E-15, -0.5000000000000008882 ) ) ;
#5637 = CYLINDRICAL_SURFACE ( 'NONE', #3212, 1.050000000000000266 ) ;
#5638 = EDGE_LOOP ( 'NONE', ( #6057, #5074, #2658, #226 ) ) ;
#5639 = CYLINDRICAL_SURFACE ( 'NONE', #4058, 3.000000000000000000 ) ;
#5640 = EDGE_CURVE ( 'NONE', #5076, #5402, #1119, .T. ) ;
#5641 = CARTESIAN_POINT ( 'NONE',  ( -46.13909603667241299, 0.9558572627157094770, 14.42616807355594588 ) ) ;
#5642 = CARTESIAN_POINT ( 'NONE',  ( 6.485504178569573952, -5.444142737284100697, 21.42876338647386447 ) ) ;
#5643 = ORIENTED_EDGE ( 'NONE', *, *, #2049, .T. ) ;
#5644 = ORIENTED_EDGE ( 'NONE', *, *, #4495, .F. ) ;
#5645 = ORIENTED_EDGE ( 'NONE', *, *, #2457, .F. ) ;
#5646 = CARTESIAN_POINT ( 'NONE',  ( 4.560903963327256783, -2.444142737283987010, -19.13618774707783032 ) ) ;
#5647 = LINE ( 'NONE', #2392, #1568 ) ;
#5648 = CARTESIAN_POINT ( 'NONE',  ( 4.560903963327273658, -2.444142737284302758, 86.20681057009237236 ) ) ;
#5649 = CARTESIAN_POINT ( 'NONE',  ( 5.435504178569583011, -7.444142737284106026, 21.42876338647386447 ) ) ;
#5650 = PERSON_AND_ORGANIZATION_ROLE ( 'classification_officer' ) ;
#5651 = VECTOR ( 'NONE', #6497, 1000.000000000000000 ) ;
#5652 = EDGE_CURVE ( 'NONE', #4594, #1566, #5224, .T. ) ;
#5653 = EDGE_LOOP ( 'NONE', ( #1340, #3695 ) ) ;
#5654 = ORIENTED_EDGE ( 'NONE', *, *, #4210, .T. ) ;
#5655 = ORIENTED_EDGE ( 'NONE', *, *, #5787, .F. ) ;
#5656 = DIRECTION ( 'NONE',  ( 4.000000000000000311E-15, -1.000000000000000000, -2.999999999999999839E-15 ) ) ;
#5657 = CARTESIAN_POINT ( 'NONE',  ( 7.660903963327259980, -2.444142737284270783, 79.61702473560454507 ) ) ;
#5658 = CARTESIAN_POINT ( 'NONE',  ( 5.435504178569575018, -5.444142737284105138, 21.42876338647386802 ) ) ;
#5659 = DIRECTION ( 'NONE',  ( 4.001428817919833979E-15, -1.000000000000000000, -2.999626010543229460E-15 ) ) ;
#5660 = CIRCLE ( 'NONE', #1805, 2.500000000000009326 ) ;
#5661 = CARTESIAN_POINT ( 'NONE',  ( 4.560903963327398891, -37.44414273728428100, 77.82723890111658704 ) ) ;
#5662 = DIRECTION ( 'NONE',  ( 3.999776700323684900E-15, -1.000000000000000000, 0.000000000000000000 ) ) ;
#5663 = VECTOR ( 'NONE', #3219, 1000.000000000000114 ) ;
#5664 = ADVANCED_FACE ( 'NONE', ( #570 ), #6718, .F. ) ;
#5665 = EDGE_LOOP ( 'NONE', ( #4389, #2181, #2943, #6505 ) ) ;
#5666 = EDGE_CURVE ( 'NONE', #3036, #2685, #5336, .T. ) ;
#5667 = ORIENTED_EDGE ( 'NONE', *, *, #1593, .T. ) ;
#5668 = ORIENTED_EDGE ( 'NONE', *, *, #177, .T. ) ;
#5669 = LINE ( 'NONE', #3825, #3913 ) ;
#5670 = VERTEX_POINT ( 'NONE', #3451 ) ;
#5671 = CARTESIAN_POINT ( 'NONE',  ( -63.03909603667236183, -12.44414273728450659, 65.86809556316532621 ) ) ;
#5672 = DIRECTION ( 'NONE',  ( -3.999776700323684900E-15, 1.000000000000000000, 3.000529512353633521E-15 ) ) ;
#5673 = AXIS2_PLACEMENT_3D ( 'NONE', #3483, #1768, #6169 ) ;
#5674 = EDGE_CURVE ( 'NONE', #196, #788, #5037, .T. ) ;
#5675 = CARTESIAN_POINT ( 'NONE',  ( 14.84040898821568000, -12.44414273728407849, 25.70434237269119393 ) ) ;
#5676 = CARTESIAN_POINT ( 'NONE',  ( -69.23909603667236468, -12.44414273728433962, -2.833372241562646008E-14 ) ) ;
#5677 = AXIS2_PLACEMENT_3D ( 'NONE', #5298, #6984, #280 ) ;
#5678 = LINE ( 'NONE', #5054, #1981 ) ;
#5679 = AXIS2_PLACEMENT_3D ( 'NONE', #5161, #4680, #2386 ) ;
#5680 = VECTOR ( 'NONE', #4486, 1000.000000000000000 ) ;
#5681 = ORIENTED_EDGE ( 'NONE', *, *, #2098, .T. ) ;
#5682 = EDGE_CURVE ( 'NONE', #6163, #4459, #5623, .T. ) ;
#5683 = AXIS2_PLACEMENT_3D ( 'NONE', #2840, #2301, #6766 ) ;
#5684 = ORIENTED_EDGE ( 'NONE', *, *, #7043, .T. ) ;
#5685 = ORIENTED_EDGE ( 'NONE', *, *, #6558, .F. ) ;
#5686 = PLANE ( 'NONE',  #6036 ) ;
#5687 = AXIS2_PLACEMENT_3D ( 'NONE', #3673, #7130, #1498 ) ;
#5688 = FACE_OUTER_BOUND ( 'NONE', #6222, .T. ) ;
#5689 = LINE ( 'NONE', #20, #2888 ) ;
#5690 = FACE_OUTER_BOUND ( 'NONE', #4771, .T. ) ;
#5691 = CARTESIAN_POINT ( 'NONE',  ( -1.526422912400824838, -5.444142737284154876, 28.46663033463455150 ) ) ;
#5692 = APPLICATION_PROTOCOL_DEFINITION ( 'international standard', 'config_control_design', 1994, #4112 ) ;
#5693 = CIRCLE ( 'NONE', #1588, 3.000000000000002665 ) ;
#5694 = VECTOR ( 'NONE', #4346, 1000.000000000000000 ) ;
#5695 = VECTOR ( 'NONE', #7161, 1000.000000000000000 ) ;
#5696 = ORIENTED_EDGE ( 'NONE', *, *, #743, .T. ) ;
#5697 = CC_DESIGN_SECURITY_CLASSIFICATION ( #6396, ( #192 ) ) ;
#5698 = ORIENTED_EDGE ( 'NONE', *, *, #2131, .T. ) ;
#5699 = ORIENTED_EDGE ( 'NONE', *, *, #5763, .F. ) ;
#5700 = CARTESIAN_POINT ( 'NONE',  ( -3.626422912400817378, -7.444142737284163758, 28.46663033463454795 ) ) ;
#5701 = DIRECTION ( 'NONE',  ( 1.000000000000000000, 4.130293990420967319E-15, 0.000000000000000000 ) ) ;
#5702 = AXIS2_PLACEMENT_3D ( 'NONE', #1630, #6102, #3266 ) ;
#5703 = PLANE ( 'NONE',  #1906 ) ;
#5704 = LINE ( 'NONE', #2300, #5237 ) ;
#5705 = CYLINDRICAL_SURFACE ( 'NONE', #6504, 59.99999999999995737 ) ;
#5706 = CARTESIAN_POINT ( 'NONE',  ( 7.660903963327286625, -12.44414273728424192, 72.45788139765315350 ) ) ;
#5707 = CIRCLE ( 'NONE', #554, 3.000000000000000000 ) ;
#5708 = ORIENTED_EDGE ( 'NONE', *, *, #4405, .T. ) ;
#5709 = VERTEX_POINT ( 'NONE', #1159 ) ;
#5710 = VECTOR ( 'NONE', #2073, 1000.000000000000000 ) ;
#5711 = ORIENTED_EDGE ( 'NONE', *, *, #1206, .T. ) ;
#5712 = VECTOR ( 'NONE', #7223, 1000.000000000000000 ) ;
#5713 = CARTESIAN_POINT ( 'NONE',  ( 10.76090396332742216, -37.44414273728428100, 86.20681057009225867 ) ) ;
#5714 = ORIENTED_EDGE ( 'NONE', *, *, #3539, .F. ) ;
#5715 = ADVANCED_FACE ( 'NONE', ( #27 ), #3343, .F. ) ;
#5716 = DIRECTION ( 'NONE',  ( 1.000000000000000000, 4.130293990420968108E-15, 0.000000000000000000 ) ) ;
#5717 = DIRECTION ( 'NONE',  ( 1.133159367757362572E-31, 3.000529512353633521E-15, -1.000000000000000000 ) ) ;
#5718 = LINE ( 'NONE', #146, #6617 ) ;
#5719 = DIRECTION ( 'NONE',  ( -1.000000000000000000, -3.304235192336773934E-15, 0.000000000000000000 ) ) ;
#5720 = FACE_OUTER_BOUND ( 'NONE', #6604, .T. ) ;
#5721 = EDGE_CURVE ( 'NONE', #746, #2033, #1779, .T. ) ;
#5722 = DIRECTION ( 'NONE',  ( 1.000000000000000000, 3.994991256252005511E-15, 0.000000000000000000 ) ) ;
#5723 = EDGE_CURVE ( 'NONE', #4692, #3526, #4472, .T. ) ;
#5724 = ORIENTED_EDGE ( 'NONE', *, *, #4352, .F. ) ;
#5725 = ORIENTED_EDGE ( 'NONE', *, *, #1905, .T. ) ;
#5726 = ORIENTED_EDGE ( 'NONE', *, *, #2178, .F. ) ;
#5727 = DIRECTION ( 'NONE',  ( -0.7071067811865486830, -7.065744626952199473E-16, -0.7071067811865464625 ) ) ;
#5728 = DIRECTION ( 'NONE',  ( -1.000000000000000000, -3.999776700323684900E-15, -1.211476396892138794E-29 ) ) ;
#5729 = LINE ( 'NONE', #6922, #4161 ) ;
#5730 = CARTESIAN_POINT ( 'NONE',  ( -56.14909603667242521, 0.9558572627156227686, 29.97616807355594304 ) ) ;
#5731 = EDGE_CURVE ( 'NONE', #2017, #2587, #3381, .T. ) ;
#5732 = ADVANCED_FACE ( 'NONE', ( #3995 ), #3928, .F. ) ;
#5733 = ORIENTED_EDGE ( 'NONE', *, *, #2821, .F. ) ;
#5734 = ORIENTED_EDGE ( 'NONE', *, *, #2330, .F. ) ;
#5735 = ORIENTED_EDGE ( 'NONE', *, *, #1154, .F. ) ;
#5736 = LINE ( 'NONE', #4587, #1969 ) ;
#5737 = CARTESIAN_POINT ( 'NONE',  ( -43.92909603667242635, 0.9558572627156717294, 29.97616807355594304 ) ) ;
#5738 = CARTESIAN_POINT ( 'NONE',  ( -54.75100079857725888, -2.444142737284447087, 55.03082610485169823 ) ) ;
#5739 = CARTESIAN_POINT ( 'NONE',  ( 4.560903963327395338, -37.44414273728419573, 50.32938055623819906 ) ) ;
#5740 = CARTESIAN_POINT ( 'NONE',  ( -21.73909603667271995, -12.44414273728421527, 21.57616807355590538 ) ) ;
#5741 = ORIENTED_EDGE ( 'NONE', *, *, #1674, .T. ) ;
#5742 = ORIENTED_EDGE ( 'NONE', *, *, #4103, .T. ) ;
#5743 = ORIENTED_EDGE ( 'NONE', *, *, #5572, .T. ) ;
#5744 = DIRECTION ( 'NONE',  ( -3.999776700323684900E-15, 1.000000000000000000, 3.000529512353633521E-15 ) ) ;
#5745 = ORIENTED_EDGE ( 'NONE', *, *, #5387, .T. ) ;
#5746 = DIRECTION ( 'NONE',  ( -0.8660254037844384856, -4.967330528082540352E-15, 0.5000000000000003331 ) ) ;
#5747 = DIRECTION ( 'NONE',  ( -1.000000000000000000, -3.854941057726246577E-15, 0.000000000000000000 ) ) ;
#5748 = DIRECTION ( 'NONE',  ( 3.999776700323682533E-15, -1.000000000000000000, -2.999626010543229460E-15 ) ) ;
#5749 = EDGE_CURVE ( 'NONE', #4615, #3810, #2875, .T. ) ;
#5750 = DIRECTION ( 'NONE',  ( -1.000000000000000000, -4.005634208164629514E-15, 0.000000000000000000 ) ) ;
#5751 = LINE ( 'NONE', #4603, #994 ) ;
#5752 = LINE ( 'NONE', #6370, #4318 ) ;
#5753 = ORIENTED_EDGE ( 'NONE', *, *, #5731, .T. ) ;
#5754 = EDGE_CURVE ( 'NONE', #5894, #1852, #5107, .T. ) ;
#5755 = ORIENTED_EDGE ( 'NONE', *, *, #3430, .F. ) ;
#5756 = EDGE_CURVE ( 'NONE', #3962, #1061, #78, .T. ) ;
#5757 = ORIENTED_EDGE ( 'NONE', *, *, #4066, .F. ) ;
#5758 = CARTESIAN_POINT ( 'NONE',  ( -69.23909603667240731, -2.444142737284609179, 89.78638223906806104 ) ) ;
#5759 = DIRECTION ( 'NONE',  ( 4.001428817919833979E-15, -1.000000000000000000, -2.999626010543229460E-15 ) ) ;
#5760 = LINE ( 'NONE', #293, #2652 ) ;
#5761 = LINE ( 'NONE', #3440, #1100 ) ;
#5762 = VERTEX_POINT ( 'NONE', #2340 ) ;
#5763 = EDGE_CURVE ( 'NONE', #5476, #5962, #6249, .T. ) ;
#5764 = ORIENTED_EDGE ( 'NONE', *, *, #565, .F. ) ;
#5765 = ORIENTED_EDGE ( 'NONE', *, *, #2705, .F. ) ;
#5766 = LINE ( 'NONE', #1370, #1851 ) ;
#5767 = FACE_BOUND ( 'NONE', #5033, .T. ) ;
#5768 = DIRECTION ( 'NONE',  ( 1.000000000000000000, 3.975407965780191339E-15, 0.000000000000000000 ) ) ;
#5769 = CARTESIAN_POINT ( 'NONE',  ( 10.76090396332739552, -37.44414273728417442, 50.32938055623819906 ) ) ;
#5770 = DIRECTION ( 'NONE',  ( 0.8660254037844394848, 1.938470449983438693E-15, 0.4999999999999985567 ) ) ;
#5771 = ORIENTED_EDGE ( 'NONE', *, *, #1283, .F. ) ;
#5772 = EDGE_CURVE ( 'NONE', #459, #3052, #686, .T. ) ;
#5773 = ORIENTED_EDGE ( 'NONE', *, *, #5457, .T. ) ;
#5774 = ORIENTED_EDGE ( 'NONE', *, *, #2551, .T. ) ;
#5775 = AXIS2_PLACEMENT_3D ( 'NONE', #1000, #6061, #1040 ) ;
#5776 = AXIS2_PLACEMENT_3D ( 'NONE', #5401, #5880, #5961 ) ;
#5777 = DIRECTION ( 'NONE',  ( -4.000000000000001100E-15, 1.000000000000000000, 2.999999999999999050E-15 ) ) ;
#5778 = VERTEX_POINT ( 'NONE', #6136 ) ;
#5779 = DIRECTION ( 'NONE',  ( -1.000000000000000000, -4.163336342344321249E-15, 0.000000000000000000 ) ) ;
#5780 = FACE_OUTER_BOUND ( 'NONE', #3961, .T. ) ;
#5781 = DIRECTION ( 'NONE',  ( 3.999776700323684900E-15, -1.000000000000000000, -3.000529512353633521E-15 ) ) ;
#5782 = VECTOR ( 'NONE', #2866, 1000.000000000000000 ) ;
#5783 = CIRCLE ( 'NONE', #5306, 2.500000000000012434 ) ;
#5784 = LINE ( 'NONE', #4811, #6869 ) ;
#5785 = FACE_OUTER_BOUND ( 'NONE', #4004, .T. ) ;
#5786 = PLANE ( 'NONE',  #6778 ) ;
#5787 = EDGE_CURVE ( 'NONE', #5894, #1020, #720, .T. ) ;
#5788 = EDGE_LOOP ( 'NONE', ( #1210, #1627, #1354, #2541 ) ) ;
#5789 = VERTEX_POINT ( 'NONE', #1856 ) ;
#5790 = AXIS2_PLACEMENT_3D ( 'NONE', #4303, #3777, #5334 ) ;
#5791 = CARTESIAN_POINT ( 'NONE',  ( -1.602362769591111791, -7.444142737284113132, 14.46683629550344996 ) ) ;
#5792 = VECTOR ( 'NONE', #2822, 1000.000000000000000 ) ;
#5793 = CARTESIAN_POINT ( 'NONE',  ( -62.99645534955301684, -9.444142737284620281, 101.5761680735558912 ) ) ;
#5794 = CARTESIAN_POINT ( 'NONE',  ( 14.60489932019343051, -12.44414273728392928, -25.29642766200320736 ) ) ;
#5795 = FACE_OUTER_BOUND ( 'NONE', #2463, .T. ) ;
#5796 = EDGE_CURVE ( 'NONE', #4794, #3895, #2473, .T. ) ;
#5797 = ADVANCED_FACE ( 'NONE', ( #1404 ), #1371, .F. ) ;
#5798 = VECTOR ( 'NONE', #2329, 1000.000000000000000 ) ;
#5799 = VECTOR ( 'NONE', #4967, 1000.000000000000000 ) ;
#5800 = ORIENTED_EDGE ( 'NONE', *, *, #4218, .F. ) ;
#5801 = AXIS2_PLACEMENT_3D ( 'NONE', #3908, #46, #14 ) ;
#5802 = VECTOR ( 'NONE', #6800, 1000.000000000000000 ) ;
#5803 = VERTEX_POINT ( 'NONE', #6931 ) ;
#5804 = ORIENTED_EDGE ( 'NONE', *, *, #4803, .T. ) ;
#5805 = DIRECTION ( 'NONE',  ( 0.8660254037844380415, 0.000000000000000000, 0.5000000000000012212 ) ) ;
#5806 = VECTOR ( 'NONE', #237, 1000.000000000000000 ) ;
#5807 = VECTOR ( 'NONE', #849, 1000.000000000000000 ) ;
#5808 = CARTESIAN_POINT ( 'NONE',  ( -46.23909603667235757, -6.444142737284368039, 40.27616807355593664 ) ) ;
#5809 = CARTESIAN_POINT ( 'NONE',  ( -12.60762521870768182, -5.444142737284153988, 13.52651803764361738 ) ) ;
#5810 = DIRECTION ( 'NONE',  ( -3.999776700323684900E-15, 1.000000000000000000, 0.000000000000000000 ) ) ;
#5811 = FACE_OUTER_BOUND ( 'NONE', #4999, .T. ) ;
#5812 = ADVANCED_FACE ( 'NONE', ( #4142 ), #5363, .F. ) ;
#5813 = AXIS2_PLACEMENT_3D ( 'NONE', #4938, #7170, #926 ) ;
#5814 = VERTEX_POINT ( 'NONE', #2506 ) ;
#5815 = EDGE_LOOP ( 'NONE', ( #6575, #2429, #4552, #6426 ) ) ;
#5816 = AXIS2_PLACEMENT_3D ( 'NONE', #1507, #4384, #4909 ) ;
#5817 = VECTOR ( 'NONE', #6041, 1000.000000000000000 ) ;
#5818 = ORIENTED_EDGE ( 'NONE', *, *, #1164, .F. ) ;
#5819 = LINE ( 'NONE', #835, #2798 ) ;
#5820 = VERTEX_POINT ( 'NONE', #6457 ) ;
#5822 = CARTESIAN_POINT ( 'NONE',  ( -63.03909603667224815, -37.44414273728418863, -43.05447442298065397 ) ) ;
#5821 = AXIS2_PLACEMENT_3D ( 'NONE', #1858, #5659, #722 ) ;
#5823 = CARTESIAN_POINT ( 'NONE',  ( 10.76090396332739729, -37.44414273728420994, 62.28852389418955937 ) ) ;
#5824 = DIRECTION ( 'NONE',  ( -4.000000000000001100E-15, 1.000000000000000000, 2.999999999999998261E-15 ) ) ;
#5825 = EDGE_CURVE ( 'NONE', #2931, #5517, #3120, .T. ) ;
#5826 = CIRCLE ( 'NONE', #3006, 1.050000000000000266 ) ;
#5827 = AXIS2_PLACEMENT_3D ( 'NONE', #1227, #3524, #5070 ) ;
#5828 = LINE ( 'NONE', #180, #2868 ) ;
#5829 = VECTOR ( 'NONE', #3449, 1000.000000000000114 ) ;
#5830 = DIRECTION ( 'NONE',  ( -0.5000000000000008882, 5.986464323413338684E-16, -0.8660254037844382635 ) ) ;
#5831 = CARTESIAN_POINT ( 'NONE',  ( -45.83149603746905143, -12.44414273728448528, 79.38247972378839279 ) ) ;
#5832 = AXIS2_PLACEMENT_3D ( 'NONE', #4424, #3793, #4978 ) ;
#5833 = ORIENTED_EDGE ( 'NONE', *, *, #3722, .F. ) ;
#5834 = ORIENTED_EDGE ( 'NONE', *, *, #5787, .T. ) ;
#5835 = DIRECTION ( 'NONE',  ( 0.8660254037844415942, 0.000000000000000000, 0.4999999999999948930 ) ) ;
#5836 = CARTESIAN_POINT ( 'NONE',  ( -71.73909603667240731, 0.9558572627155607071, 29.77616807355594730 ) ) ;
#5837 = CYLINDRICAL_SURFACE ( 'NONE', #3348, 2.500000000000010214 ) ;
#5838 = CYLINDRICAL_SURFACE ( 'NONE', #2324, 72.99999999999995737 ) ;
#5839 = VERTEX_POINT ( 'NONE', #6356 ) ;
#5840 = EDGE_CURVE ( 'NONE', #7021, #4459, #857, .T. ) ;
#5841 = ORIENTED_EDGE ( 'NONE', *, *, #5840, .T. ) ;
#5842 = ORIENTED_EDGE ( 'NONE', *, *, #4273, .T. ) ;
#5843 = DIRECTION ( 'NONE',  ( -0.000000000000000000, 3.028860078099107970E-15, -1.000000000000000000 ) ) ;
#5844 = FACE_BOUND ( 'NONE', #1115, .T. ) ;
#5845 = PLANE ( 'NONE',  #2605 ) ;
#5846 = DIRECTION ( 'NONE',  ( 3.999776700323684900E-15, -1.000000000000000000, -3.000529512353633521E-15 ) ) ;
#5847 = ORIENTED_EDGE ( 'NONE', *, *, #4534, .F. ) ;
#5848 = EDGE_CURVE ( 'NONE', #6448, #6565, #4510, .T. ) ;
#5849 = VERTEX_POINT ( 'NONE', #3553 ) ;
#5850 = EDGE_CURVE ( 'NONE', #6361, #4929, #5693, .T. ) ;
#5851 = ORIENTED_EDGE ( 'NONE', *, *, #3092, .F. ) ;
#5852 = CARTESIAN_POINT ( 'NONE',  ( -13.87444733852975531, -12.44414273728404474, -24.03124771727240372 ) ) ;
#5853 = ORIENTED_EDGE ( 'NONE', *, *, #5624, .T. ) ;
#5854 = DIRECTION ( 'NONE',  ( -3.999776700323684900E-15, 1.000000000000000000, 0.000000000000000000 ) ) ;
#5855 = DIRECTION ( 'NONE',  ( 1.000000000000000000, 4.130293990420968108E-15, 0.000000000000000000 ) ) ;
#5856 = CYLINDRICAL_SURFACE ( 'NONE', #5447, 3.000000000000002665 ) ;
#5857 = ADVANCED_FACE ( 'NONE', ( #5906, #6390, #4661, #1298, #1920, #5844, #4109, #1331, #794, #6429, #3653, #5254, #4729, #6972, #5767, #5873, #5320, #307, #2545, #2401, #4622, #4773, #828, #895, #6866, #3522, #3047, #751 ), #5287, .T. ) ;
#5858 = CYLINDRICAL_SURFACE ( 'NONE', #2048, 1.399999999999998579 ) ;
#5859 = CARTESIAN_POINT ( 'NONE',  ( 10.76090396332739552, -37.44414273728398967, -10.75661607810225995 ) ) ;
#5860 = CARTESIAN_POINT ( 'NONE',  ( -32.42099603897737126, -2.444142737284225486, 11.11566209117936843 ) ) ;
#5861 = VERTEX_POINT ( 'NONE', #6569 ) ;
#5862 = EDGE_CURVE ( 'NONE', #1566, #3022, #4247, .T. ) ;
#5863 = EDGE_LOOP ( 'NONE', ( #3740, #590, #5277, #1223 ) ) ;
#5864 = CARTESIAN_POINT ( 'NONE',  ( -59.13909603667239878, -2.444142737284327183, 9.376168073555936289 ) ) ;
#5865 = PLANE ( 'NONE',  #1711 ) ;
#5866 = LINE ( 'NONE', #850, #5233 ) ;
#5867 = FACE_OUTER_BOUND ( 'NONE', #362, .T. ) ;
#5868 = ORIENTED_EDGE ( 'NONE', *, *, #3880, .F. ) ;
#5869 = ORIENTED_EDGE ( 'NONE', *, *, #512, .F. ) ;
#5870 = ORIENTED_EDGE ( 'NONE', *, *, #3147, .F. ) ;
#5871 = ORIENTED_EDGE ( 'NONE', *, *, #2400, .T. ) ;
#5872 = CARTESIAN_POINT ( 'NONE',  ( 7.660903963327413635, -37.44414273728391152, -41.26468858849280963 ) ) ;
#5873 = FACE_BOUND ( 'NONE', #6329, .T. ) ;
#5874 = LINE ( 'NONE', #5907, #6696 ) ;
#5875 = DIRECTION ( 'NONE',  ( 1.133159367757362572E-31, 3.000529512353633521E-15, -1.000000000000000000 ) ) ;
#5876 = EDGE_CURVE ( 'NONE', #4595, #1020, #1477, .T. ) ;
#5877 = EDGE_LOOP ( 'NONE', ( #3902, #4074, #1443, #4973 ) ) ;
#5878 = VERTEX_POINT ( 'NONE', #3221 ) ;
#5879 = ORIENTED_EDGE ( 'NONE', *, *, #5089, .F. ) ;
#5880 = DIRECTION ( 'NONE',  ( -3.999776700323684900E-15, 1.000000000000000000, 3.000529512353633521E-15 ) ) ;
#5881 = LINE ( 'NONE', #2036, #1365 ) ;
#5882 = CARTESIAN_POINT ( 'NONE',  ( -46.23909603667235757, -6.444142737284368039, 40.27616807355593664 ) ) ;
#5883 = DIRECTION ( 'NONE',  ( -3.994991256252005511E-15, 1.000000000000000000, 3.010503119717032181E-15 ) ) ;
#5884 = CARTESIAN_POINT ( 'NONE',  ( 36.39040898821566117, -12.44414273728410691, 63.03003727580047411 ) ) ;
#5885 = EDGE_CURVE ( 'NONE', #1447, #2671, #3698, .T. ) ;
#5886 = CC_DESIGN_DATE_AND_TIME_ASSIGNMENT ( #6711, #1694, ( #1996 ) ) ;
#5887 = EDGE_LOOP ( 'NONE', ( #1659, #4957, #715, #5121 ) ) ;
#5888 = FACE_OUTER_BOUND ( 'NONE', #1638, .T. ) ;
#5889 = DIRECTION ( 'NONE',  ( 1.207960385273567099E-29, -2.999626010543229460E-15, 1.000000000000000000 ) ) ;
#5890 = PLANE ( 'NONE',  #5269 ) ;
#5891 = DIRECTION ( 'NONE',  ( 3.999776700323684900E-15, -1.000000000000000000, -3.000529512353633521E-15 ) ) ;
#5892 = VECTOR ( 'NONE', #6069, 1000.000000000000000 ) ;
#5893 = EDGE_CURVE ( 'NONE', #6669, #6833, #5570, .T. ) ;
#5894 = VERTEX_POINT ( 'NONE', #5952 ) ;
#5895 = EDGE_LOOP ( 'NONE', ( #832, #1759, #1775, #1552 ) ) ;
#5896 = DIRECTION ( 'NONE',  ( -3.999776700323684900E-15, 1.000000000000000000, 3.000529512353633521E-15 ) ) ;
#5897 = CARTESIAN_POINT ( 'NONE',  ( -46.13909603667241299, 0.9558572627157094770, 14.42616807355594588 ) ) ;
#5898 = DIRECTION ( 'NONE',  ( -3.999776700323684900E-15, 1.000000000000000000, 3.000529512353633521E-15 ) ) ;
#5899 = FACE_OUTER_BOUND ( 'NONE', #5574, .T. ) ;
#5900 = EDGE_CURVE ( 'NONE', #5057, #4658, #341, .T. ) ;
#5901 = VERTEX_POINT ( 'NONE', #6598 ) ;
#5902 = VERTEX_POINT ( 'NONE', #408 ) ;
#5903 = AXIS2_PLACEMENT_3D ( 'NONE', #2520, #4092, #6845 ) ;
#5904 = VERTEX_POINT ( 'NONE', #5470 ) ;
#5905 = DIRECTION ( 'NONE',  ( -1.000000000000000000, -4.003208021484939327E-15, 3.336006684570783101E-16 ) ) ;
#5906 = FACE_BOUND ( 'NONE', #6515, .T. ) ;
#5907 = CARTESIAN_POINT ( 'NONE',  ( -46.13909603667242010, 0.9558572627156735058, 26.36616807355594361 ) ) ;
#5908 = CARTESIAN_POINT ( 'NONE',  ( -69.83909603667240162, 0.9558572627156245449, 11.07616807355594624 ) ) ;
#5909 = VECTOR ( 'NONE', #544, 1000.000000000000000 ) ;
#5910 = AXIS2_PLACEMENT_3D ( 'NONE', #6786, #19, #1289 ) ;
#5911 = VECTOR ( 'NONE', #4375, 1000.000000000000000 ) ;
#5912 = EDGE_LOOP ( 'NONE', ( #5573, #1983, #1317, #3240 ) ) ;
#5913 = ORIENTED_EDGE ( 'NONE', *, *, #6819, .T. ) ;
#5914 = AXIS2_PLACEMENT_3D ( 'NONE', #1150, #1689, #7218 ) ;
#5915 = VECTOR ( 'NONE', #5975, 1000.000000000000000 ) ;
#5916 = ORIENTED_EDGE ( 'NONE', *, *, #1606, .T. ) ;
#5917 = DIRECTION ( 'NONE',  ( -0.4999999999999976130, -4.598423132665017191E-15, 0.8660254037844400399 ) ) ;
#5918 = VECTOR ( 'NONE', #1124, 1000.000000000000227 ) ;
#5919 = CARTESIAN_POINT ( 'NONE',  ( 4.560903963327273658, -2.444142737283915068, -43.05447442298054739 ) ) ;
#5920 = ORIENTED_EDGE ( 'NONE', *, *, #6533, .T. ) ;
#5921 = CARTESIAN_POINT ( 'NONE',  ( -32.42099603897735705, -5.444142737284287215, 31.71566209117936097 ) ) ;
#5922 = CARTESIAN_POINT ( 'NONE',  ( -66.13909603667224246, -37.44414273728454390, 72.45788139765306823 ) ) ;
#5923 = LINE ( 'NONE', #427, #1243 ) ;
#5924 = VECTOR ( 'NONE', #933, 1000.000000000000000 ) ;
#5925 = ORIENTED_EDGE ( 'NONE', *, *, #4087, .F. ) ;
#5926 = AXIS2_PLACEMENT_3D ( 'NONE', #3637, #6555, #6584 ) ;
#5927 = EDGE_CURVE ( 'NONE', #6453, #482, #3803, .T. ) ;
#5928 = VECTOR ( 'NONE', #6857, 1000.000000000000000 ) ;
#5929 = FACE_OUTER_BOUND ( 'NONE', #5359, .T. ) ;
#5930 = CARTESIAN_POINT ( 'NONE',  ( -69.23909603667223678, -37.44414273728453679, 65.86809556316524095 ) ) ;
#5931 = CARTESIAN_POINT ( 'NONE',  ( -63.03909603667224815, -2.444142737284174860, -46.63404609195614370 ) ) ;
#5932 = VECTOR ( 'NONE', #3414, 1000.000000000000000 ) ;
#5933 = CARTESIAN_POINT ( 'NONE',  ( -11.47083681049021209, -7.444142737284197509, 29.52628265379340888 ) ) ;
#5934 = AXIS2_PLACEMENT_3D ( 'NONE', #6049, #4936, #987 ) ;
#5935 = VECTOR ( 'NONE', #2696, 1000.000000000000000 ) ;
#5936 = ORIENTED_EDGE ( 'NONE', *, *, #1095, .T. ) ;
#5937 = ORIENTED_EDGE ( 'NONE', *, *, #1874, .F. ) ;
#5938 = EDGE_CURVE ( 'NONE', #2861, #3488, #2995, .T. ) ;
#5939 = FACE_OUTER_BOUND ( 'NONE', #5957, .T. ) ;
#5940 = VECTOR ( 'NONE', #4180, 1000.000000000000000 ) ;
#5941 = ADVANCED_FACE ( 'NONE', ( #999 ), #6496, .F. ) ;
#5942 = DIRECTION ( 'NONE',  ( 1.000000000000000000, 4.001428817919833979E-15, 0.000000000000000000 ) ) ;
#5943 = AXIS2_PLACEMENT_3D ( 'NONE', #4919, #7147, #2655 ) ;
#5944 = DIRECTION ( 'NONE',  ( -0.8660254037844404840, -1.963643475768607947E-15, -0.4999999999999968914 ) ) ;
#5945 = CARTESIAN_POINT ( 'NONE',  ( -35.73909603667241441, 0.9558572627157663204, 9.376168073555943394 ) ) ;
#5946 = VERTEX_POINT ( 'NONE', #3763 ) ;
#5947 = ORIENTED_EDGE ( 'NONE', *, *, #3119, .T. ) ;
#5948 = ORIENTED_EDGE ( 'NONE', *, *, #3767, .T. ) ;
#5949 = EDGE_CURVE ( 'NONE', #3527, #2076, #4981, .T. ) ;
#5950 = CARTESIAN_POINT ( 'NONE',  ( -62.43909603667241015, 0.9558572627155980106, 29.77616807355594730 ) ) ;
#5951 = EDGE_CURVE ( 'NONE', #1852, #3336, #4804, .T. ) ;
#5952 = CARTESIAN_POINT ( 'NONE',  ( -66.13909603667235615, -12.44414273728417974, -48.42383192644409462 ) ) ;
#5953 = CARTESIAN_POINT ( 'NONE',  ( -66.13909603667238457, -2.444142737284508815, 60.49873805970182872 ) ) ;
#5954 = DIRECTION ( 'NONE',  ( -3.999776700323684900E-15, 1.000000000000000000, 3.000529512353633521E-15 ) ) ;
#5955 = ORIENTED_EDGE ( 'NONE', *, *, #5424, .F. ) ;
#5956 = EDGE_LOOP ( 'NONE', ( #4338, #1068, #1296, #6133 ) ) ;
#5957 = EDGE_LOOP ( 'NONE', ( #888, #847, #208, #3341 ) ) ;
#5958 = EDGE_CURVE ( 'NONE', #3410, #3770, #2066, .T. ) ;
#5959 = VECTOR ( 'NONE', #2513, 1000.000000000000000 ) ;
#5960 = DIRECTION ( 'NONE',  ( 3.999776700323684900E-15, -1.000000000000000000, -3.000529512353633521E-15 ) ) ;
#5961 = DIRECTION ( 'NONE',  ( -1.000000000000000000, -4.163336342344321249E-15, 0.000000000000000000 ) ) ;
#5962 = VERTEX_POINT ( 'NONE', #3184 ) ;
#5963 = CARTESIAN_POINT ( 'NONE',  ( -48.98909603667236468, -6.444142737284379585, 40.27616807355592954 ) ) ;
#5964 = CARTESIAN_POINT ( 'NONE',  ( -69.23909603667233625, -12.44414273728428100, -19.13618774707785519 ) ) ;
#5965 = CARTESIAN_POINT ( 'NONE',  ( 17.70489932019347279, -12.44414273728389908, -30.66578516546667998 ) ) ;
#5966 = EDGE_LOOP ( 'NONE', ( #748, #460, #458, #864 ) ) ;
#5967 = CARTESIAN_POINT ( 'NONE',  ( -69.83909603667240162, 0.9558572627156245449, 11.07616807355594624 ) ) ;
#5968 = CARTESIAN_POINT ( 'NONE',  ( -0.4764229124008250160, -5.444142737284150435, 28.46663033463454795 ) ) ;
#5969 = CIRCLE ( 'NONE', #5617, 54.99999999999995026 ) ;
#5970 = CARTESIAN_POINT ( 'NONE',  ( 4.560903963327395338, -37.44414273728420994, 53.90895222521388774 ) ) ;
#5971 = DIRECTION ( 'NONE',  ( 0.8660254037844385966, 1.963643475768591775E-15, 0.4999999999999999445 ) ) ;
#5972 = EDGE_CURVE ( 'NONE', #1560, #6067, #4627, .T. ) ;
#5973 = EDGE_LOOP ( 'NONE', ( #2439, #651, #3517, #5948 ) ) ;
#5974 = CARTESIAN_POINT ( 'NONE',  ( -6.376000798577287298, -12.44414273728402698, -20.18775540957970449 ) ) ;
#5975 = DIRECTION ( 'NONE',  ( -3.999776700323684900E-15, 1.000000000000000000, 3.000529512353633521E-15 ) ) ;
#5976 = CARTESIAN_POINT ( 'NONE',  ( -69.23909603667239310, -2.444142737284317857, -7.177044409126469127 ) ) ;
#5977 = DIRECTION ( 'NONE',  ( -4.000000000000001100E-15, 1.000000000000000000, 2.999999999999999839E-15 ) ) ;
#5978 = EDGE_CURVE ( 'NONE', #2801, #2775, #7073, .T. ) ;
#5979 = VERTEX_POINT ( 'NONE', #6018 ) ;
#5980 = EDGE_CURVE ( 'NONE', #805, #3387, #455, .T. ) ;
#5981 = VERTEX_POINT ( 'NONE', #4916 ) ;
#5982 = ORIENTED_EDGE ( 'NONE', *, *, #7228, .T. ) ;
#5983 = FACE_BOUND ( 'NONE', #4564, .T. ) ;
#5984 = CARTESIAN_POINT ( 'NONE',  ( 10.76090396332728716, -12.44414273728401987, -2.833372241562549451E-14 ) ) ;
#5985 = DIRECTION ( 'NONE',  ( 1.133159367758063222E-31, 3.000529512353633521E-15, -1.000000000000000000 ) ) ;
#5986 = CARTESIAN_POINT ( 'NONE',  ( 10.76090396332728183, -2.444142737284278333, 86.20681057009237236 ) ) ;
#5987 = EDGE_CURVE ( 'NONE', #301, #1886, #7145, .T. ) ;
#5988 = ORIENTED_EDGE ( 'NONE', *, *, #6428, .F. ) ;
#5989 = ORIENTED_EDGE ( 'NONE', *, *, #5136, .T. ) ;
#5990 = ORIENTED_EDGE ( 'NONE', *, *, #1419, .T. ) ;
#5991 = CARTESIAN_POINT ( 'NONE',  ( 10.76090396332739729, -37.44414273728396125, -19.13618774707793335 ) ) ;
#5992 = CARTESIAN_POINT ( 'NONE',  ( -69.23909603667239310, -2.444142737284317857, -7.177044409126469127 ) ) ;
#5993 = FACE_OUTER_BOUND ( 'NONE', #3255, .T. ) ;
#5994 = CARTESIAN_POINT ( 'NONE',  ( -66.13909603667238457, -2.444142737284253464, -24.50554525054135624 ) ) ;
#5995 = CARTESIAN_POINT ( 'NONE',  ( 4.560903963327398891, -37.44414273728395415, -31.09533108502929366 ) ) ;
#5996 = CARTESIAN_POINT ( 'NONE',  ( 4.560903963327395338, -37.44414273728420994, 53.90895222521388774 ) ) ;
#5997 = ADVANCED_FACE ( 'NONE', ( #5503 ), #484, .F. ) ;
#5998 = ORIENTED_EDGE ( 'NONE', *, *, #4104, .T. ) ;
#5999 = VECTOR ( 'NONE', #104, 1000.000000000000114 ) ;
#6000 = FACE_OUTER_BOUND ( 'NONE', #5156, .T. ) ;
#6001 = CARTESIAN_POINT ( 'NONE',  ( 7.660903963327272415, -2.444142737284306754, 91.57616807355587696 ) ) ;
#6002 = CARTESIAN_POINT ( 'NONE',  ( -59.13909603667241299, 0.9558572627156726176, 9.376168073555946947 ) ) ;
#6003 = PLANE ( 'NONE',  #1576 ) ;
#6004 = CIRCLE ( 'NONE', #4834, 72.99999999999995737 ) ;
#6005 = VERTEX_POINT ( 'NONE', #7037 ) ;
#6006 = DIRECTION ( 'NONE',  ( -1.000000000000000000, -3.999776700323684900E-15, -1.163017341016453237E-29 ) ) ;
#6007 = DIRECTION ( 'NONE',  ( -3.999776700323684900E-15, 1.000000000000000000, 3.000529512353633521E-15 ) ) ;
#6008 = CIRCLE ( 'NONE', #3893, 2.750000000000002665 ) ;
#6009 = FACE_OUTER_BOUND ( 'NONE', #2504, .T. ) ;
#6010 = VECTOR ( 'NONE', #2724, 1000.000000000000114 ) ;
#6011 = DIRECTION ( 'NONE',  ( -3.999776700323684900E-15, 1.000000000000000000, 3.000529512353633521E-15 ) ) ;
#6012 = AXIS2_PLACEMENT_3D ( 'NONE', #892, #4660, #4108 ) ;
#6013 = ORIENTED_EDGE ( 'NONE', *, *, #3592, .F. ) ;
#6014 = ORIENTED_EDGE ( 'NONE', *, *, #5927, .F. ) ;
#6015 = ORIENTED_EDGE ( 'NONE', *, *, #523, .T. ) ;
#6016 = DIRECTION ( 'NONE',  ( 4.001428817919833979E-15, -1.000000000000000000, -2.999626010543229460E-15 ) ) ;
#6017 = EDGE_CURVE ( 'NONE', #132, #6926, #2026, .T. ) ;
#6018 = CARTESIAN_POINT ( 'NONE',  ( 10.76090396332730847, -12.44414273728429876, 89.78638223906803262 ) ) ;
#6019 = DIRECTION ( 'NONE',  ( -1.000000000000000000, -4.130293990420967319E-15, 0.000000000000000000 ) ) ;
#6020 = DIRECTION ( 'NONE',  ( -0.5000000000000003331, -4.598423132665023501E-15, 0.8660254037844384856 ) ) ;
#6021 = EDGE_LOOP ( 'NONE', ( #5351, #6994, #2514, #7051 ) ) ;
#6022 = VERTEX_POINT ( 'NONE', #1216 ) ;
#6023 = CIRCLE ( 'NONE', #766, 1.050000000000000488 ) ;
#6024 = ORIENTED_EDGE ( 'NONE', *, *, #4360, .F. ) ;
#6025 = AXIS2_PLACEMENT_3D ( 'NONE', #2702, #3676, #5489 ) ;
#6026 = CARTESIAN_POINT ( 'NONE',  ( -71.73909603667237889, 0.9558572627155490498, 33.77616807355594375 ) ) ;
#6027 = AXIS2_PLACEMENT_3D ( 'NONE', #6407, #4675, #5855 ) ;
#6028 = VECTOR ( 'NONE', #2354, 1000.000000000000000 ) ;
#6029 = EDGE_CURVE ( 'NONE', #6423, #6214, #3467, .T. ) ;
#6030 = PLANE ( 'NONE',  #276 ) ;
#6031 = LINE ( 'NONE', #1048, #7208 ) ;
#6032 = CARTESIAN_POINT ( 'NONE',  ( -44.83909603667235899, -6.444142737284252576, 2.876168073555632532 ) ) ;
#6033 = DIRECTION ( 'NONE',  ( -0.5000000000000003331, 5.986464323413364322E-16, -0.8660254037844384856 ) ) ;
#6034 = VECTOR ( 'NONE', #983, 1000.000000000000000 ) ;
#6035 = LINE ( 'NONE', #5996, #5330 ) ;
#6036 = AXIS2_PLACEMENT_3D ( 'NONE', #1653, #6784, #1735 ) ;
#6037 = ORIENTED_EDGE ( 'NONE', *, *, #2192, .T. ) ;
#6038 = AXIS2_PLACEMENT_3D ( 'NONE', #4419, #4532, #3977 ) ;
#6039 = ADVANCED_FACE ( 'NONE', ( #2829 ), #6171, .F. ) ;
#6040 = DIRECTION ( 'NONE',  ( -1.000000000000000000, -3.986173093733937491E-15, 0.000000000000000000 ) ) ;
#6041 = DIRECTION ( 'NONE',  ( 3.999776700323682533E-15, -1.000000000000000000, -2.999626010543229460E-15 ) ) ;
#6042 = ADVANCED_FACE ( 'NONE', ( #3439 ), #595, .F. ) ;
#6043 = VECTOR ( 'NONE', #7179, 1000.000000000000000 ) ;
#6044 = DIRECTION ( 'NONE',  ( 4.003208021484941694E-15, -1.000000000000000000, -3.083952846180980223E-15 ) ) ;
#6045 = CARTESIAN_POINT ( 'NONE',  ( -66.13909603667235615, -12.44414273728424902, -24.50554525054137756 ) ) ;
#6046 = AXIS2_PLACEMENT_3D ( 'NONE', #2416, #3833, #551 ) ;
#6047 = ORIENTED_EDGE ( 'NONE', *, *, #1733, .T. ) ;
#6048 = AXIS2_PLACEMENT_3D ( 'NONE', #4939, #6011, #5496 ) ;
#6049 = CARTESIAN_POINT ( 'NONE',  ( -66.13909603667224246, -37.44414273728429521, -12.54640191259010074 ) ) ;
#6050 = DIRECTION ( 'NONE',  ( -3.712746219811193165E-31, 3.000529512353633521E-15, -1.000000000000000000 ) ) ;
#6051 = DIRECTION ( 'NONE',  ( -0.8660254037844378194, -1.963643475768583886E-15, -0.5000000000000015543 ) ) ;
#6052 = DIRECTION ( 'NONE',  ( -3.999776700323684900E-15, 1.000000000000000000, 3.000529512353633521E-15 ) ) ;
#6053 = VECTOR ( 'NONE', #7016, 1000.000000000000000 ) ;
#6054 = EDGE_LOOP ( 'NONE', ( #5284, #1410, #5166, #1255 ) ) ;
#6055 = CIRCLE ( 'NONE', #3231, 2.500000000000000444 ) ;
#6056 = ORIENTED_EDGE ( 'NONE', *, *, #5259, .T. ) ;
#6057 = ORIENTED_EDGE ( 'NONE', *, *, #3513, .F. ) ;
#6058 = AXIS2_PLACEMENT_3D ( 'NONE', #6868, #5150, #4038 ) ;
#6059 = CARTESIAN_POINT ( 'NONE',  ( -69.23909603667225099, -37.44414273728430942, -10.75661607810225995 ) ) ;
#6060 = DIRECTION ( 'NONE',  ( 3.999776700323684900E-15, -1.000000000000000000, -3.000529512353633521E-15 ) ) ;
#6061 = DIRECTION ( 'NONE',  ( 4.001428817919833979E-15, -1.000000000000000000, -2.999626010543229460E-15 ) ) ;
#6062 = DIRECTION ( 'NONE',  ( 0.8660254037844384856, 0.000000000000000000, 0.5000000000000003331 ) ) ;
#6063 = VECTOR ( 'NONE', #5905, 1000.000000000000000 ) ;
#6064 = EDGE_CURVE ( 'NONE', #6543, #1380, #4988, .T. ) ;
#6065 = EDGE_LOOP ( 'NONE', ( #3595, #2974, #6896, #6417 ) ) ;
#6066 = ORIENTED_EDGE ( 'NONE', *, *, #5483, .T. ) ;
#6067 = VERTEX_POINT ( 'NONE', #7221 ) ;
#6068 = DIRECTION ( 'NONE',  ( 1.000000000000000000, 4.130293990420969686E-15, 0.000000000000000000 ) ) ;
#6069 = DIRECTION ( 'NONE',  ( -1.133159367757362572E-31, -3.000529512353633521E-15, 1.000000000000000000 ) ) ;
#6070 = DIRECTION ( 'NONE',  ( -0.000000000000000000, -3.028860078099107970E-15, 1.000000000000000000 ) ) ;
#6071 = CARTESIAN_POINT ( 'NONE',  ( -21.73909603667274837, -2.444142737284214384, 21.57616807355592670 ) ) ;
#6072 = CARTESIAN_POINT ( 'NONE',  ( -59.13909603667239168, -2.444142737284342282, 14.42616807355593522 ) ) ;
#6073 = FACE_BOUND ( 'NONE', #7111, .T. ) ;
#6074 = EDGE_CURVE ( 'NONE', #5225, #3003, #6744, .T. ) ;
#6075 = EDGE_CURVE ( 'NONE', #568, #4008, #5689, .T. ) ;
#6076 = VERTEX_POINT ( 'NONE', #4506 ) ;
#6077 = EDGE_CURVE ( 'NONE', #1070, #4480, #6627, .T. ) ;
#6078 = ORIENTED_EDGE ( 'NONE', *, *, #1585, .T. ) ;
#6079 = CARTESIAN_POINT ( 'NONE',  ( 10.76090396332742216, -37.44414273728428810, 89.78638223906794735 ) ) ;
#6080 = DIRECTION ( 'NONE',  ( 4.001428817919833979E-15, -1.000000000000000000, -2.999626010543229460E-15 ) ) ;
#6081 = DIRECTION ( 'NONE',  ( -3.999776700323684900E-15, 1.000000000000000000, 3.000529512353633521E-15 ) ) ;
#6082 = CARTESIAN_POINT ( 'NONE',  ( -66.13909603667239878, -2.444142737284181965, -48.42383192644406620 ) ) ;
#6083 = EDGE_CURVE ( 'NONE', #2799, #346, #2251, .T. ) ;
#6084 = VERTEX_POINT ( 'NONE', #674 ) ;
#6085 = CARTESIAN_POINT ( 'NONE',  ( 4.560903963327398891, -37.44414273728393994, -34.67490275400497524 ) ) ;
#6086 = CARTESIAN_POINT ( 'NONE',  ( 4.560903963327395338, -37.44414273728402520, -7.177044409126573932 ) ) ;
#6087 = CARTESIAN_POINT ( 'NONE',  ( 4.483487050050484868, -12.44414273728406961, 7.765627365764485646 ) ) ;
#6088 = LINE ( 'NONE', #5420, #6150 ) ;
#6089 = ORIENTED_EDGE ( 'NONE', *, *, #2164, .T. ) ;
#6090 = EDGE_CURVE ( 'NONE', #5132, #4561, #2905, .T. ) ;
#6091 = ORIENTED_EDGE ( 'NONE', *, *, #2123, .F. ) ;
#6092 = VERTEX_POINT ( 'NONE', #5060 ) ;
#6093 = LINE ( 'NONE', #6568, #5663 ) ;
#6094 = DIRECTION ( 'NONE',  ( -1.000000000000000000, -3.854941057726246577E-15, -7.709882115452493155E-15 ) ) ;
#6095 = DIRECTION ( 'NONE',  ( -0.8660254037844379305, -1.938470449983435143E-15, -0.5000000000000014433 ) ) ;
#6096 = LINE ( 'NONE', #3293, #3012 ) ;
#6097 = ORIENTED_EDGE ( 'NONE', *, *, #5032, .F. ) ;
#6098 = EDGE_LOOP ( 'NONE', ( #3759, #3561, #3134, #1156 ) ) ;
#6099 = ORIENTED_EDGE ( 'NONE', *, *, #2423, .F. ) ;
#6100 = CARTESIAN_POINT ( 'NONE',  ( -62.43909603667239594, -2.444142737284354716, 14.20616807355593636 ) ) ;
#6101 = DIRECTION ( 'NONE',  ( -4.003208021484939327E-15, 1.000000000000000000, 0.000000000000000000 ) ) ;
#6102 = DIRECTION ( 'NONE',  ( 4.001428817919833979E-15, -1.000000000000000000, -2.999626010543229460E-15 ) ) ;
#6103 = EDGE_CURVE ( 'NONE', #3856, #3921, #630, .T. ) ;
#6104 = CARTESIAN_POINT ( 'NONE',  ( 15.76090396332726762, -12.44414273728427389, 90.33352738643660018 ) ) ;
#6105 = LINE ( 'NONE', #6653, #4264 ) ;
#6106 = DIRECTION ( 'NONE',  ( 0.8660254037844379305, 4.967330528082551396E-15, -0.5000000000000014433 ) ) ;
#6107 = ORIENTED_EDGE ( 'NONE', *, *, #3225, .F. ) ;
#6108 = ORIENTED_EDGE ( 'NONE', *, *, #5491, .T. ) ;
#6109 = ORIENTED_EDGE ( 'NONE', *, *, #35, .T. ) ;
#6110 = DIRECTION ( 'NONE',  ( 0.8660254037844385966, 1.938470449983436721E-15, 0.4999999999999999445 ) ) ;
#6111 = PLANE ( 'NONE',  #3217 ) ;
#6112 = ADVANCED_FACE ( 'NONE', ( #5614 ), #2218, .F. ) ;
#6113 = CARTESIAN_POINT ( 'NONE',  ( -54.75100079857721624, -12.44414273728424547, -11.87848995773989458 ) ) ;
#6114 = DIRECTION ( 'NONE',  ( -3.999776700323684900E-15, 1.000000000000000000, 3.000529512353633521E-15 ) ) ;
#6115 = EDGE_CURVE ( 'NONE', #4436, #6697, #4430, .T. ) ;
#6116 = EDGE_LOOP ( 'NONE', ( #4049, #3982, #321, #6964 ) ) ;
#6117 = LINE ( 'NONE', #116, #5465 ) ;
#6118 = CARTESIAN_POINT ( 'NONE',  ( 12.76090396332728893, -9.444142737283872435, -47.18119123932481074 ) ) ;
#6119 = DIRECTION ( 'NONE',  ( -1.000000000000000000, -4.047688110612550150E-15, 0.000000000000000000 ) ) ;
#6120 = DIRECTION ( 'NONE',  ( 1.000000000000000000, 4.130293990420968108E-15, 0.000000000000000000 ) ) ;
#6121 = EDGE_CURVE ( 'NONE', #668, #108, #4465, .T. ) ;
#6122 = VECTOR ( 'NONE', #753, 1000.000000000000000 ) ;
#6123 = VERTEX_POINT ( 'NONE', #2332 ) ;
#6124 = EDGE_LOOP ( 'NONE', ( #2099, #1786, #5774, #5338 ) ) ;
#6125 = VERTEX_POINT ( 'NONE', #1259 ) ;
#6126 = DIRECTION ( 'NONE',  ( 0.8660254037844392627, 1.963643475768597297E-15, 0.4999999999999990008 ) ) ;
#6127 = LINE ( 'NONE', #2250, #534 ) ;
#6128 = DIRECTION ( 'NONE',  ( 3.999776700323684900E-15, -1.000000000000000000, -3.000529512353633521E-15 ) ) ;
#6129 = EDGE_CURVE ( 'NONE', #3822, #7224, #91, .T. ) ;
#6130 = DIRECTION ( 'NONE',  ( -3.999776700323684900E-15, 1.000000000000000000, 3.000529512353633521E-15 ) ) ;
#6131 = PERSON_AND_ORGANIZATION_ROLE ( 'creator' ) ;
#6132 = ORIENTED_EDGE ( 'NONE', *, *, #2131, .F. ) ;
#6133 = ORIENTED_EDGE ( 'NONE', *, *, #793, .F. ) ;
#6134 = ORIENTED_EDGE ( 'NONE', *, *, #262, .F. ) ;
#6135 = CARTESIAN_POINT ( 'NONE',  ( -37.63909603667242010, 0.9558572627157533308, 11.07616807355594624 ) ) ;
#6136 = CARTESIAN_POINT ( 'NONE',  ( 4.518263276207995283, -12.44414273728387066, -58.42383192644407330 ) ) ;
#6137 = FACE_OUTER_BOUND ( 'NONE', #347, .T. ) ;
#6138 = CARTESIAN_POINT ( 'NONE',  ( 10.76090396332725874, -2.444142737283915512, -34.67490275400487576 ) ) ;
#6139 = PLANE ( 'NONE',  #2981 ) ;
#6140 = FACE_BOUND ( 'NONE', #5083, .T. ) ;
#6141 = VERTEX_POINT ( 'NONE', #4546 ) ;
#6142 = ORIENTED_EDGE ( 'NONE', *, *, #6483, .T. ) ;
#6143 = VECTOR ( 'NONE', #2727, 1000.000000000000000 ) ;
#6144 = VERTEX_POINT ( 'NONE', #6787 ) ;
#6145 = CYLINDRICAL_SURFACE ( 'NONE', #4855, 2.099999999999997868 ) ;
#6146 = DIRECTION ( 'NONE',  ( -3.999776700323684900E-15, 1.000000000000000000, 0.000000000000000000 ) ) ;
#6147 = DIRECTION ( 'NONE',  ( 0.8660254037844380415, 4.964172988122226085E-15, -0.5000000000000011102 ) ) ;
#6148 = CARTESIAN_POINT ( 'NONE',  ( -69.83909603667240162, 0.9558572627156245449, 11.07616807355594624 ) ) ;
#6149 = VECTOR ( 'NONE', #3437, 1000.000000000000000 ) ;
#6150 = VECTOR ( 'NONE', #927, 1000.000000000000000 ) ;
#6151 = EDGE_CURVE ( 'NONE', #77, #1862, #1769, .T. ) ;
#6152 = VERTEX_POINT ( 'NONE', #562 ) ;
#6153 = VECTOR ( 'NONE', #2156, 1000.000000000000000 ) ;
#6154 = VECTOR ( 'NONE', #3512, 1000.000000000000000 ) ;
#6155 = DIRECTION ( 'NONE',  ( 1.195970704030161756E-29, -2.999626010543229460E-15, 1.000000000000000000 ) ) ;
#6156 = DIRECTION ( 'NONE',  ( -3.999776700323684900E-15, 1.000000000000000000, 3.000529512353633521E-15 ) ) ;
#6157 = CARTESIAN_POINT ( 'NONE',  ( -0.5523627695911194069, -5.444142737284107803, 14.46683629550345351 ) ) ;
#6158 = AXIS2_PLACEMENT_3D ( 'NONE', #5072, #4369, #6188 ) ;
#6159 = EDGE_CURVE ( 'NONE', #3551, #416, #2796, .T. ) ;
#6160 = VECTOR ( 'NONE', #7107, 1000.000000000000000 ) ;
#6161 = ORIENTED_EDGE ( 'NONE', *, *, #1664, .T. ) ;
#6162 = EDGE_CURVE ( 'NONE', #1992, #99, #4720, .T. ) ;
#6163 = VERTEX_POINT ( 'NONE', #1290 ) ;
#6164 = CIRCLE ( 'NONE', #3462, 2.100000000000000533 ) ;
#6165 = ADVANCED_FACE ( 'NONE', ( #1881 ), #5837, .F. ) ;
#6166 = ORIENTED_EDGE ( 'NONE', *, *, #5543, .T. ) ;
#6167 = LINE ( 'NONE', #6237, #184 ) ;
#6168 = ADVANCED_BREP_SHAPE_REPRESENTATION ( '夹爪底座下', ( #4196, #5119 ), #4881 ) ;
#6169 = DIRECTION ( 'NONE',  ( -1.000000000000000000, -2.775557561562890957E-15, 0.000000000000000000 ) ) ;
#6170 = AXIS2_PLACEMENT_3D ( 'NONE', #126, #6709, #2865 ) ;
#6171 = PLANE ( 'NONE',  #4636 ) ;
#6172 = CARTESIAN_POINT ( 'NONE',  ( -63.03909603667239026, -2.444142737284512368, 65.86809556316535463 ) ) ;
#6173 = PERSON_AND_ORGANIZATION ( #3875, #2665 ) ;
#6174 = AXIS2_PLACEMENT_3D ( 'NONE', #6085, #3431, #2856 ) ;
#6175 = VECTOR ( 'NONE', #605, 1000.000000000000114 ) ;
#6176 = EDGE_LOOP ( 'NONE', ( #4253, #4320, #3189, #3279, #1812, #5152 ) ) ;
#6177 = EDGE_CURVE ( 'NONE', #5431, #2610, #5760, .T. ) ;
#6178 = EDGE_CURVE ( 'NONE', #3518, #2150, #5280, .T. ) ;
#6179 = ORIENTED_EDGE ( 'NONE', *, *, #430, .F. ) ;
#6180 = EDGE_LOOP ( 'NONE', ( #7234, #3662, #3739, #2233 ) ) ;
#6181 = DIRECTION ( 'NONE',  ( -3.999776700323684900E-15, 1.000000000000000000, 3.000529512353633521E-15 ) ) ;
#6182 = AXIS2_PLACEMENT_3D ( 'NONE', #4958, #2693, #2661 ) ;
#6183 = CYLINDRICAL_SURFACE ( 'NONE', #2527, 2.099999999999999645 ) ;
#6184 = DIRECTION ( 'NONE',  ( 0.8660254037844393737, 4.964172988122223718E-15, -0.4999999999999985567 ) ) ;
#6186 = CARTESIAN_POINT ( 'NONE',  ( 7.660903963327312383, -12.44414273728430409, 91.57616807355583433 ) ) ;
#6185 = CIRCLE ( 'NONE', #5943, 2.500000000000000444 ) ;
#6187 = CARTESIAN_POINT ( 'NONE',  ( 10.76090396332739552, -37.44414273728398967, -10.75661607810225995 ) ) ;
#6188 = DIRECTION ( 'NONE',  ( -1.000000000000000000, -3.999776700323684900E-15, 0.000000000000000000 ) ) ;
#6189 = DESIGN_CONTEXT ( 'detailed design', #4865, 'design' ) ;
#6190 = EDGE_LOOP ( 'NONE', ( #4880, #4793, #876, #5764 ) ) ;
#6191 = EDGE_CURVE ( 'NONE', #6383, #234, #2498, .T. ) ;
#6192 = EDGE_LOOP ( 'NONE', ( #4914, #2884, #2107, #2215, #536, #1854 ) ) ;
#6193 = ORIENTED_EDGE ( 'NONE', *, *, #4867, .T. ) ;
#6194 = CYLINDRICAL_SURFACE ( 'NONE', #2641, 72.99999999999995737 ) ;
#6195 = CARTESIAN_POINT ( 'NONE',  ( -41.93909603667241015, 0.9558572627156903811, 26.36616807355594361 ) ) ;
#6196 = LINE ( 'NONE', #3311, #2166 ) ;
#6197 = DIRECTION ( 'NONE',  ( -1.000000000000000000, -4.047688110612548572E-15, 0.000000000000000000 ) ) ;
#6198 = VERTEX_POINT ( 'NONE', #6318 ) ;
#6199 = LINE ( 'NONE', #586, #7099 ) ;
#6200 = CARTESIAN_POINT ( 'NONE',  ( 7.660903963327398536, -37.44414273728425258, 72.45788139765306823 ) ) ;
#6201 = DIRECTION ( 'NONE',  ( -3.999776700323684900E-15, 1.000000000000000000, 3.000529512353633521E-15 ) ) ;
#6202 = ORIENTED_EDGE ( 'NONE', *, *, #4644, .F. ) ;
#6203 = ORIENTED_EDGE ( 'NONE', *, *, #2376, .T. ) ;
#6204 = ORIENTED_EDGE ( 'NONE', *, *, #2091, .T. ) ;
#6205 = PLANE ( 'NONE',  #7076 ) ;
#6206 = LINE ( 'NONE', #1690, #6849 ) ;
#6207 = DIRECTION ( 'NONE',  ( -3.999776700323684900E-15, 1.000000000000000000, 3.000529512353633521E-15 ) ) ;
#6208 = CARTESIAN_POINT ( 'NONE',  ( -21.73909603667233625, -9.444142737284215272, 21.57616807355568511 ) ) ;
#6209 = EDGE_CURVE ( 'NONE', #2824, #3798, #5248, .T. ) ;
#6210 = CALENDAR_DATE ( 2026, 9, 5 ) ;
#6211 = EDGE_CURVE ( 'NONE', #645, #1713, #1849, .T. ) ;
#6212 = ORIENTED_EDGE ( 'NONE', *, *, #7100, .F. ) ;
#6213 = ORIENTED_EDGE ( 'NONE', *, *, #5491, .F. ) ;
#6214 = VERTEX_POINT ( 'NONE', #4688 ) ;
#6215 = DIRECTION ( 'NONE',  ( -1.000000000000000000, -4.027036640660449210E-15, 0.000000000000000000 ) ) ;
#6216 = DIRECTION ( 'NONE',  ( -0.8660254037844383745, -2.059624853107394934E-15, -0.5000000000000004441 ) ) ;
#6217 = DIRECTION ( 'NONE',  ( -1.000000000000000000, -4.130293990420967319E-15, 0.000000000000000000 ) ) ;
#6218 = DIRECTION ( 'NONE',  ( 4.001428817919833979E-15, -1.000000000000000000, -2.999626010543229460E-15 ) ) ;
#6219 = FACE_OUTER_BOUND ( 'NONE', #3463, .T. ) ;
#6220 = DIRECTION ( 'NONE',  ( -0.8660254037844379305, -2.059624853107399667E-15, -0.5000000000000014433 ) ) ;
#6221 = ADVANCED_FACE ( 'NONE', ( #6451 ), #3544, .F. ) ;
#6222 = EDGE_LOOP ( 'NONE', ( #2511, #2650, #6704, #5388 ) ) ;
#6223 = VERTEX_POINT ( 'NONE', #3484 ) ;
#6224 = ORIENTED_EDGE ( 'NONE', *, *, #6320, .F. ) ;
#6225 = CARTESIAN_POINT ( 'NONE',  ( -41.93909603667239594, -2.444142737284318745, 29.57616807355593380 ) ) ;
#6226 = CARTESIAN_POINT ( 'NONE',  ( 33.29040898821564554, -12.44414273728410336, 57.66067977233697661 ) ) ;
#6227 = DIRECTION ( 'NONE',  ( 0.8660254037844415942, 1.963643475768619385E-15, 0.4999999999999948930 ) ) ;
#6228 = DIRECTION ( 'NONE',  ( -1.000000000000000000, -4.163336342344355959E-15, 0.000000000000000000 ) ) ;
#6229 = EDGE_CURVE ( 'NONE', #6144, #3434, #5729, .T. ) ;
#6230 = VERTEX_POINT ( 'NONE', #712 ) ;
#6231 = LINE ( 'NONE', #5675, #1609 ) ;
#6232 = CARTESIAN_POINT ( 'NONE',  ( -62.43909603667241015, 0.9558572627155980106, 29.77616807355594730 ) ) ;
#6233 = CARTESIAN_POINT ( 'NONE',  ( -32.42099603897737126, -2.444142737284287215, 31.71566209117936808 ) ) ;
#6234 = VERTEX_POINT ( 'NONE', #2435 ) ;
#6235 = ORIENTED_EDGE ( 'NONE', *, *, #6844, .T. ) ;
#6236 = ORIENTED_EDGE ( 'NONE', *, *, #1664, .F. ) ;
#6237 = CARTESIAN_POINT ( 'NONE',  ( 7.660903963327396760, -37.44414273728421705, 60.49873805970172924 ) ) ;
#6238 = DIRECTION ( 'NONE',  ( -1.000000000000000000, -3.975407965780191339E-15, 0.000000000000000000 ) ) ;
#6239 = VECTOR ( 'NONE', #5985, 1000.000000000000000 ) ;
#6240 = DIRECTION ( 'NONE',  ( 8.673617379884035472E-17, 2.997819006922419760E-15, -1.000000000000000000 ) ) ;
#6241 = CARTESIAN_POINT ( 'NONE',  ( -35.73909603667241441, 0.9558572627156930457, 33.77616807355594375 ) ) ;
#6242 = LINE ( 'NONE', #2908, #7059 ) ;
#6243 = PERSON_AND_ORGANIZATION ( #3875, #2665 ) ;
#6244 = EDGE_LOOP ( 'NONE', ( #173, #4245, #737, #2232 ) ) ;
#6245 = EDGE_CURVE ( 'NONE', #4500, #3125, #1949, .T. ) ;
#6246 = VERTEX_POINT ( 'NONE', #3009 ) ;
#6247 = ORIENTED_EDGE ( 'NONE', *, *, #5387, .F. ) ;
#6248 = LINE ( 'NONE', #1224, #5829 ) ;
#6249 = LINE ( 'NONE', #5737, #1943 ) ;
#6250 = AXIS2_PLACEMENT_3D ( 'NONE', #5691, #5304, #1351 ) ;
#6251 = CARTESIAN_POINT ( 'NONE',  ( -1.526422912400808629, -9.444142737284154876, 28.46663033463454084 ) ) ;
#6252 = DIRECTION ( 'NONE',  ( -1.000000000000000000, -4.003208021484939327E-15, 3.336006684570783101E-16 ) ) ;
#6253 = CARTESIAN_POINT ( 'NONE',  ( 5.435504178569575018, -5.444142737284105138, 21.42876338647386802 ) ) ;
#6254 = CARTESIAN_POINT ( 'NONE',  ( 17.94040898821568675, -12.44414273728408205, 31.07369987615470919 ) ) ;
#6255 = ORIENTED_EDGE ( 'NONE', *, *, #2092, .F. ) ;
#6256 = EDGE_CURVE ( 'NONE', #3487, #6824, #4101, .T. ) ;
#6257 = ORIENTED_EDGE ( 'NONE', *, *, #2122, .T. ) ;
#6258 = EDGE_CURVE ( 'NONE', #7195, #5542, #6378, .T. ) ;
#6259 = VERTEX_POINT ( 'NONE', #822 ) ;
#6260 = LINE ( 'NONE', #4596, #5959 ) ;
#6261 = ORIENTED_EDGE ( 'NONE', *, *, #2122, .F. ) ;
#6262 = DIRECTION ( 'NONE',  ( -3.999776700323684900E-15, 1.000000000000000000, 3.000529512353633521E-15 ) ) ;
#6263 = CARTESIAN_POINT ( 'NONE',  ( -35.73909603667240020, -2.444142737284233480, 9.376168073555932736 ) ) ;
#6264 = LINE ( 'NONE', #2384, #2758 ) ;
#6265 = VECTOR ( 'NONE', #7160, 1000.000000000000000 ) ;
#6266 = EDGE_CURVE ( 'NONE', #5076, #5262, #4610, .T. ) ;
#6267 = EDGE_CURVE ( 'NONE', #6768, #1862, #3002, .T. ) ;
#6268 = DIRECTION ( 'NONE',  ( -3.999776700323684900E-15, 1.000000000000000000, 0.000000000000000000 ) ) ;
#6269 = CIRCLE ( 'NONE', #2871, 3.000000000000002665 ) ;
#6270 = CYLINDRICAL_SURFACE ( 'NONE', #178, 41.99999999999999289 ) ;
#6271 = VECTOR ( 'NONE', #1171, 1000.000000000000114 ) ;
#6272 = DIRECTION ( 'NONE',  ( 4.001428817919833979E-15, -1.000000000000000000, -2.999626010543229460E-15 ) ) ;
#6273 = AXIS2_PLACEMENT_3D ( 'NONE', #2012, #6476, #2310 ) ;
#6274 = ORIENTED_EDGE ( 'NONE', *, *, #4041, .T. ) ;
#6275 = EDGE_LOOP ( 'NONE', ( #5998, #7026, #4512, #6758 ) ) ;
#6276 = VERTEX_POINT ( 'NONE', #6421 ) ;
#6277 = CARTESIAN_POINT ( 'NONE',  ( -1.602362769591103797, -12.44414273728411402, 14.46683629550344463 ) ) ;
#6278 = VECTOR ( 'NONE', #911, 1000.000000000000000 ) ;
#6279 = CARTESIAN_POINT ( 'NONE',  ( -32.42099603897737126, -2.444142737284225486, 11.11566209117936843 ) ) ;
#6280 = CARTESIAN_POINT ( 'NONE',  ( -66.13909603667238457, -2.444142737284530131, 67.65788139765317055 ) ) ;
#6281 = LINE ( 'NONE', #6608, #6010 ) ;
#6282 = DATE_AND_TIME ( #6754, #3922 ) ;
#6283 = AXIS2_PLACEMENT_3D ( 'NONE', #1436, #269, #4214 ) ;
#6284 = AXIS2_PLACEMENT_3D ( 'NONE', #1536, #2642, #4872 ) ;
#6285 = ORIENTED_EDGE ( 'NONE', *, *, #4041, .F. ) ;
#6286 = ORIENTED_EDGE ( 'NONE', *, *, #1411, .T. ) ;
#6287 = CIRCLE ( 'NONE', #3924, 0.8999999999999980238 ) ;
#6288 = EDGE_LOOP ( 'NONE', ( #6024, #6161, #256, #2846 ) ) ;
#6289 = CARTESIAN_POINT ( 'NONE',  ( -12.60762521870767472, -7.444142737284153100, 13.52651803764361027 ) ) ;
#6290 = CARTESIAN_POINT ( 'NONE',  ( -37.50290830761243654, -12.44414273728401632, -64.95694262038155387 ) ) ;
#6291 = VECTOR ( 'NONE', #3233, 1000.000000000000000 ) ;
#6292 = CYLINDRICAL_SURFACE ( 'NONE', #1794, 0.8999999999999980238 ) ;
#6293 = CARTESIAN_POINT ( 'NONE',  ( -50.00992937000587091, -12.44414273728447817, 71.64621882886164883 ) ) ;
#6294 = AXIS2_PLACEMENT_3D ( 'NONE', #4091, #1795, #4645 ) ;
#6295 = DIRECTION ( 'NONE',  ( 3.999776700323684900E-15, -1.000000000000000000, -3.000529512353633521E-15 ) ) ;
#6296 = EDGE_CURVE ( 'NONE', #936, #6163, #1396, .T. ) ;
#6297 = AXIS2_PLACEMENT_3D ( 'NONE', #4190, #4259, #5854 ) ;
#6298 = ORIENTED_EDGE ( 'NONE', *, *, #2030, .T. ) ;
#6299 = ORIENTED_EDGE ( 'NONE', *, *, #1544, .T. ) ;
#6300 = AXIS2_PLACEMENT_3D ( 'NONE', #6289, #1778, #6761 ) ;
#6301 = ORIENTED_EDGE ( 'NONE', *, *, #4643, .F. ) ;
#6302 = LINE ( 'NONE', #2414, #1623 ) ;
#6303 = ORIENTED_EDGE ( 'NONE', *, *, #6307, .T. ) ;
#6304 = DIRECTION ( 'NONE',  ( -0.8660254037844395958, -4.964172988122224507E-15, 0.4999999999999983347 ) ) ;
#6305 = DIRECTION ( 'NONE',  ( -0.8660254037844391517, -1.938470449983432777E-15, -0.4999999999999990008 ) ) ;
#6306 = CARTESIAN_POINT ( 'NONE',  ( 10.76090396332728716, -12.44414273728424547, 77.82723890111667231 ) ) ;
#6307 = EDGE_CURVE ( 'NONE', #4018, #1519, #5866, .T. ) ;
#6308 = EDGE_CURVE ( 'NONE', #5501, #6152, #2535, .T. ) ;
#6309 = FACE_OUTER_BOUND ( 'NONE', #5665, .T. ) ;
#6310 = LINE ( 'NONE', #1347, #2983 ) ;
#6311 = CARTESIAN_POINT ( 'NONE',  ( -35.73909603667242152, 0.9558572627157055912, 29.57616807355594446 ) ) ;
#6312 = EDGE_CURVE ( 'NONE', #6246, #3991, #5385, .T. ) ;
#6313 = ORIENTED_EDGE ( 'NONE', *, *, #4592, .T. ) ;
#6314 = VERTEX_POINT ( 'NONE', #2709 ) ;
#6315 = ORIENTED_EDGE ( 'NONE', *, *, #6064, .F. ) ;
#6316 = LINE ( 'NONE', #5758, #6738 ) ;
#6317 = DIRECTION ( 'NONE',  ( 3.999776700323682533E-15, -1.000000000000000000, -2.999626010543229460E-15 ) ) ;
#6318 = CARTESIAN_POINT ( 'NONE',  ( -44.23909603667253521, -2.444142737284095812, -47.86985413074316398 ) ) ;
#6319 = CARTESIAN_POINT ( 'NONE',  ( 0.5735770875991920148, -12.44414273728414777, 28.46663033463454084 ) ) ;
#6320 = EDGE_CURVE ( 'NONE', #4826, #1907, #2997, .T. ) ;
#6321 = ORIENTED_EDGE ( 'NONE', *, *, #255, .F. ) ;
#6322 = ORIENTED_EDGE ( 'NONE', *, *, #2104, .T. ) ;
#6323 = ORIENTED_EDGE ( 'NONE', *, *, #1994, .F. ) ;
#6324 = LINE ( 'NONE', #4076, #4063 ) ;
#6325 = CARTESIAN_POINT ( 'NONE',  ( -71.23909603667233625, -12.44414273728462028, 90.33352738643657176 ) ) ;
#6326 = CARTESIAN_POINT ( 'NONE',  ( -47.63909603667231352, -16.44414273728437337, 40.27616807355590822 ) ) ;
#6327 = DIRECTION ( 'NONE',  ( -3.999776700323684900E-15, 1.000000000000000000, 3.000529512353633521E-15 ) ) ;
#6328 = DIRECTION ( 'NONE',  ( -0.4999999999999990008, 5.986464323413437291E-16, -0.8660254037844392627 ) ) ;
#6329 = EDGE_LOOP ( 'NONE', ( #1982, #6905, #5955, #4945, #4739, #4390 ) ) ;
#6330 = VERTEX_POINT ( 'NONE', #2643 ) ;
#6331 = ORIENTED_EDGE ( 'NONE', *, *, #922, .F. ) ;
#6332 = EDGE_CURVE ( 'NONE', #6230, #5849, #4830, .T. ) ;
#6333 = CARTESIAN_POINT ( 'NONE',  ( 6.639583619767623901, -2.444142737284337841, 100.6974884171155651 ) ) ;
#6334 = EDGE_LOOP ( 'NONE', ( #3481, #1263 ) ) ;
#6335 = CARTESIAN_POINT ( 'NONE',  ( -6.376000798577287298, -12.44414273728427744, 63.34009155669148328 ) ) ;
#6336 = DIRECTION ( 'NONE',  ( -4.000000000000001100E-15, 1.000000000000000000, 2.999999999999999839E-15 ) ) ;
#6337 = DIRECTION ( 'NONE',  ( 1.133159367757362572E-31, 3.000529512353633521E-15, -1.000000000000000000 ) ) ;
#6338 = EDGE_CURVE ( 'NONE', #3551, #803, #4908, .T. ) ;
#6339 = DIRECTION ( 'NONE',  ( -1.000000000000000000, -4.047688110612546206E-15, 4.625929269271481378E-15 ) ) ;
#6340 = CC_DESIGN_PERSON_AND_ORGANIZATION_ASSIGNMENT ( #6173, #3375, ( #1996 ) ) ;
#6341 = DIRECTION ( 'NONE',  ( -1.000000000000000000, -4.956352788505168198E-15, 0.000000000000000000 ) ) ;
#6342 = DIRECTION ( 'NONE',  ( 1.000000000000000000, 4.130293990420968897E-15, 0.000000000000000000 ) ) ;
#6343 = ORIENTED_EDGE ( 'NONE', *, *, #4454, .T. ) ;
#6344 = VERTEX_POINT ( 'NONE', #3176 ) ;
#6345 = ORIENTED_EDGE ( 'NONE', *, *, #4995, .T. ) ;
#6346 = CARTESIAN_POINT ( 'NONE',  ( -1.526422912400808629, -9.444142737284154876, 28.46663033463454084 ) ) ;
#6347 = EDGE_CURVE ( 'NONE', #4243, #2773, #6287, .T. ) ;
#6348 = LINE ( 'NONE', #780, #420 ) ;
#6349 = DIRECTION ( 'NONE',  ( -3.999776700323684900E-15, 1.000000000000000000, 3.000529512353633521E-15 ) ) ;
#6350 = CARTESIAN_POINT ( 'NONE',  ( -56.14909603667242521, 0.9558572627156114443, 33.77616807355594375 ) ) ;
#6351 = EDGE_LOOP ( 'NONE', ( #6723, #1680, #1238, #3578 ) ) ;
#6352 = ORIENTED_EDGE ( 'NONE', *, *, #2375, .T. ) ;
#6353 = VERTEX_POINT ( 'NONE', #2161 ) ;
#6354 = EDGE_CURVE ( 'NONE', #788, #4329, #2603, .T. ) ;
#6355 = CARTESIAN_POINT ( 'NONE',  ( -71.73909603667237889, 0.9558572627156070034, 14.20616807355594702 ) ) ;
#6356 = CARTESIAN_POINT ( 'NONE',  ( -38.53909603667241868, 0.9558572627157496671, 11.07616807355594091 ) ) ;
#6357 = FACE_OUTER_BOUND ( 'NONE', #3609, .T. ) ;
#6358 = LINE ( 'NONE', #5289, #5355 ) ;
#6359 = DIRECTION ( 'NONE',  ( -3.999776700323684900E-15, 1.000000000000000000, 3.000529512353633521E-15 ) ) ;
#6360 = CIRCLE ( 'NONE', #5414, 1.050000000000000488 ) ;
#6361 = VERTEX_POINT ( 'NONE', #4316 ) ;
#6362 = EDGE_LOOP ( 'NONE', ( #5103, #1426, #5936, #4942, #4672, #1036, #3723, #5425, #1460, #5228, #2826, #3953, #2248, #3838, #5292, #4593, #3836, #4371 ) ) ;
#6363 = VERTEX_POINT ( 'NONE', #4280 ) ;
#6364 = CARTESIAN_POINT ( 'NONE',  ( -50.00992937000589222, -2.444142737284477729, 71.64621882886167725 ) ) ;
#6365 = ORIENTED_EDGE ( 'NONE', *, *, #7220, .T. ) ;
#6366 = DIRECTION ( 'NONE',  ( 1.000000000000000000, 3.989863994746697338E-15, 0.000000000000000000 ) ) ;
#6367 = CYLINDRICAL_SURFACE ( 'NONE', #4376, 2.100000000000000533 ) ;
#6368 = CARTESIAN_POINT ( 'NONE',  ( -71.23909603667233625, -9.444142737284609623, 90.33352738643657176 ) ) ;
#6369 = CARTESIAN_POINT ( 'NONE',  ( -51.23909603667252100, -12.44414273728425258, -8.319483784197821308 ) ) ;
#6370 = CARTESIAN_POINT ( 'NONE',  ( 7.660903963327398536, -37.44414273728394704, -29.30554525054145643 ) ) ;
#6371 = CARTESIAN_POINT ( 'NONE',  ( 4.560903963327291422, -12.44414273728404474, -2.722857522086029271E-14 ) ) ;
#6372 = EDGE_CURVE ( 'NONE', #1148, #4361, #1537, .T. ) ;
#6373 = ORIENTED_EDGE ( 'NONE', *, *, #4229, .F. ) ;
#6374 = ORIENTED_EDGE ( 'NONE', *, *, #3960, .T. ) ;
#6375 = VECTOR ( 'NONE', #6227, 1000.000000000000114 ) ;
#6376 = CARTESIAN_POINT ( 'NONE',  ( 7.660903963327287514, -12.44414273728391684, -36.46468858849273431 ) ) ;
#6377 = LINE ( 'NONE', #6996, #2177 ) ;
#6378 = LINE ( 'NONE', #3582, #3573 ) ;
#6379 = CARTESIAN_POINT ( 'NONE',  ( -21.73909603667233625, -12.44414273728421527, 21.57616807355568511 ) ) ;
#6380 = EDGE_CURVE ( 'NONE', #481, #3873, #3755, .T. ) ;
#6381 = VECTOR ( 'NONE', #3999, 1000.000000000000000 ) ;
#6382 = ADVANCED_FACE ( 'NONE', ( #6009 ), #4383, .F. ) ;
#6383 = VERTEX_POINT ( 'NONE', #3210 ) ;
#6384 = VECTOR ( 'NONE', #6471, 1000.000000000000000 ) ;
#6385 = ORIENTED_EDGE ( 'NONE', *, *, #4677, .F. ) ;
#6386 = ORIENTED_EDGE ( 'NONE', *, *, #415, .F. ) ;
#6387 = LINE ( 'NONE', #1960, #6990 ) ;
#6388 = AXIS2_PLACEMENT_3D ( 'NONE', #164, #4556, #4036 ) ;
#6389 = VECTOR ( 'NONE', #5205, 1000.000000000000000 ) ;
#6390 = FACE_BOUND ( 'NONE', #633, .T. ) ;
#6391 = DIRECTION ( 'NONE',  ( -0.8660254037844404840, -4.964172988122222930E-15, 0.4999999999999968914 ) ) ;
#6392 = FACE_OUTER_BOUND ( 'NONE', #3141, .T. ) ;
#6393 = CARTESIAN_POINT ( 'NONE',  ( -62.99645534955308790, -2.444142737284139777, -58.42383192644407330 ) ) ;
#6394 = VECTOR ( 'NONE', #4900, 1000.000000000000227 ) ;
#6395 = ADVANCED_FACE ( 'NONE', ( #5461 ), #3145, .F. ) ;
#6396 = SECURITY_CLASSIFICATION ( '', '', #2364 ) ;
#6397 = VECTOR ( 'NONE', #6051, 1000.000000000000000 ) ;
#6398 = EDGE_LOOP ( 'NONE', ( #6108, #4543, #4435, #7011, #4437, #521 ) ) ;
#6399 = ORIENTED_EDGE ( 'NONE', *, *, #2104, .F. ) ;
#6400 = AXIS2_PLACEMENT_3D ( 'NONE', #3146, #990, #510 ) ;
#6401 = AXIS2_PLACEMENT_3D ( 'NONE', #7230, #3887, #2228 ) ;
#6402 = ORIENTED_EDGE ( 'NONE', *, *, #1425, .F. ) ;
#6403 = CARTESIAN_POINT ( 'NONE',  ( 10.76090396332728183, -2.444142737284288991, 89.78638223906806104 ) ) ;
#6404 = ORIENTED_EDGE ( 'NONE', *, *, #3559, .F. ) ;
#6406 = AXIS2_PLACEMENT_3D ( 'NONE', #3531, #2210, #5566 ) ;
#6405 = CARTESIAN_POINT ( 'NONE',  ( 6.639583619767653211, -9.444142737284337841, 100.6974884171155225 ) ) ;
#6407 = CARTESIAN_POINT ( 'NONE',  ( -1.526422912400808629, -12.44414273728415488, 28.46663033463454084 ) ) ;
#6408 = LINE ( 'NONE', #3603, #4626 ) ;
#6409 = EDGE_CURVE ( 'NONE', #644, #3856, #2127, .T. ) ;
#6410 = VECTOR ( 'NONE', #2960, 1000.000000000000114 ) ;
#6411 = AXIS2_PLACEMENT_3D ( 'NONE', #964, #5472, #2137 ) ;
#6412 = VECTOR ( 'NONE', #2570, 1000.000000000000114 ) ;
#6413 = DIRECTION ( 'NONE',  ( 4.001428817919833979E-15, -1.000000000000000000, -2.999626010543229460E-15 ) ) ;
#6414 = CIRCLE ( 'NONE', #6300, 2.099999999999997868 ) ;
#6415 = CARTESIAN_POINT ( 'NONE',  ( -62.43909603667241015, 0.9558572627156448620, 14.20616807355594524 ) ) ;
#6416 = CARTESIAN_POINT ( 'NONE',  ( -29.45995700655194938, -12.44414273728433251, 51.02614232414267548 ) ) ;
#6417 = ORIENTED_EDGE ( 'NONE', *, *, #2224, .F. ) ;
#6418 = VERTEX_POINT ( 'NONE', #882 ) ;
#6419 = DIRECTION ( 'NONE',  ( -8.416931311147107535E-16, -3.000529512353637071E-15, 1.000000000000000000 ) ) ;
#6420 = CARTESIAN_POINT ( 'NONE',  ( 8.179003961022637270, -2.444142737284062949, 11.11566209117936843 ) ) ;
#6421 = CARTESIAN_POINT ( 'NONE',  ( -69.23909603667240731, -2.444142737284598077, 86.20681057009237236 ) ) ;
#6422 = CARTESIAN_POINT ( 'NONE',  ( 10.76090396332739907, -37.44414273728424547, 74.24766723214091257 ) ) ;
#6423 = VERTEX_POINT ( 'NONE', #2569 ) ;
#6424 = EDGE_LOOP ( 'NONE', ( #817, #1369, #1590, #1325, #4742, #7174 ) ) ;
#6425 = ORIENTED_EDGE ( 'NONE', *, *, #5900, .F. ) ;
#6426 = ORIENTED_EDGE ( 'NONE', *, *, #1106, .T. ) ;
#6427 = CARTESIAN_POINT ( 'NONE',  ( -46.23909603667231494, -16.44414273728425613, 2.876168073555596560 ) ) ;
#6428 = EDGE_CURVE ( 'NONE', #2084, #3215, #6590, .T. ) ;
#6429 = FACE_BOUND ( 'NONE', #59, .T. ) ;
#6430 = ADVANCED_FACE ( 'NONE', ( #3727 ), #3109, .F. ) ;
#6431 = DIRECTION ( 'NONE',  ( 3.999776700323684900E-15, -1.000000000000000000, -3.000529512353633521E-15 ) ) ;
#6432 = LINE ( 'NONE', #6934, #4172 ) ;
#6433 = ORIENTED_EDGE ( 'NONE', *, *, #657, .T. ) ;
#6434 = ORIENTED_EDGE ( 'NONE', *, *, #5313, .F. ) ;
#6435 = EDGE_LOOP ( 'NONE', ( #5925, #3952 ) ) ;
#6436 = ADVANCED_FACE ( 'NONE', ( #6488 ), #3250, .F. ) ;
#6437 = CARTESIAN_POINT ( 'NONE',  ( -10.50762521870767685, -7.444142737284144218, 13.52651803764361027 ) ) ;
#6438 = DIRECTION ( 'NONE',  ( -0.8660254037844379305, -4.967330528082551396E-15, 0.5000000000000014433 ) ) ;
#6439 = CARTESIAN_POINT ( 'NONE',  ( -42.69800014626163431, -2.444142737284103806, -43.11327726743500932 ) ) ;
#6440 = DIRECTION ( 'NONE',  ( 1.000000000000000000, 3.999776700323684900E-15, 1.211476396892138794E-29 ) ) ;
#6441 = LINE ( 'NONE', #5965, #6507 ) ;
#6442 = EDGE_CURVE ( 'NONE', #1510, #4769, #4869, .T. ) ;
#6443 = CARTESIAN_POINT ( 'NONE',  ( -46.23909603667231494, -16.44414273728436626, 40.27616807355590822 ) ) ;
#6444 = CARTESIAN_POINT ( 'NONE',  ( -46.13909603667242010, 0.9558572627156735058, 26.36616807355594361 ) ) ;
#6445 = LINE ( 'NONE', #4711, #1175 ) ;
#6446 = LINE ( 'NONE', #2830, #3787 ) ;
#6447 = VERTEX_POINT ( 'NONE', #4423 ) ;
#6448 = VERTEX_POINT ( 'NONE', #174 ) ;
#6449 = CARTESIAN_POINT ( 'NONE',  ( -7.843262703339235919, -2.444142737284326294, 77.37182933831924458 ) ) ;
#6450 = CARTESIAN_POINT ( 'NONE',  ( -42.69800014626163431, -2.444142737284492384, 86.26561341454683429 ) ) ;
#6451 = FACE_OUTER_BOUND ( 'NONE', #2512, .T. ) ;
#6452 = DIRECTION ( 'NONE',  ( 3.999776700323682533E-15, -1.000000000000000000, -2.999626010543229460E-15 ) ) ;
#6453 = VERTEX_POINT ( 'NONE', #2788 ) ;
#6454 = VERTEX_POINT ( 'NONE', #144 ) ;
#6455 = EDGE_LOOP ( 'NONE', ( #2470, #3227, #1611, #706, #5201 ) ) ;
#6456 = DIRECTION ( 'NONE',  ( -3.999776700323684900E-15, 1.000000000000000000, 3.000529512353633521E-15 ) ) ;
#6457 = CARTESIAN_POINT ( 'NONE',  ( 7.660903963327259980, -2.444142737283922617, -36.46468858849271300 ) ) ;
#6458 = LINE ( 'NONE', #1437, #6239 ) ;
#6459 = PLANE ( 'NONE',  #1376 ) ;
#6460 = ADVANCED_FACE ( 'NONE', ( #4567 ), #729, .F. ) ;
#6461 = ORIENTED_EDGE ( 'NONE', *, *, #4776, .T. ) ;
#6462 = ORIENTED_EDGE ( 'NONE', *, *, #1435, .F. ) ;
#6463 = ORIENTED_EDGE ( 'NONE', *, *, #1252, .T. ) ;
#6464 = CARTESIAN_POINT ( 'NONE',  ( -69.23909603667240731, -2.444142737284199729, -46.63404609195622186 ) ) ;
#6465 = ADVANCED_FACE ( 'NONE', ( #4635 ), #695, .F. ) ;
#6466 = DIRECTION ( 'NONE',  ( -1.000000000000000000, -2.775557561562888984E-15, 0.000000000000000000 ) ) ;
#6467 = VECTOR ( 'NONE', #5255, 1000.000000000000000 ) ;
#6468 = VERTEX_POINT ( 'NONE', #1790 ) ;
#6469 = CARTESIAN_POINT ( 'NONE',  ( 7.660903963327257316, -2.444142737284213496, 60.49873805970182872 ) ) ;
#6470 = LINE ( 'NONE', #3236, #2633 ) ;
#6471 = DIRECTION ( 'NONE',  ( -0.8660254037844378194, -1.963643475768583886E-15, -0.5000000000000015543 ) ) ;
#6472 = ADVANCED_FACE ( 'NONE', ( #508 ), #1828, .F. ) ;
#6473 = ORIENTED_EDGE ( 'NONE', *, *, #1451, .T. ) ;
#6474 = ADVANCED_FACE ( 'NONE', ( #2454 ), #2382, .T. ) ;
#6475 = VECTOR ( 'NONE', #268, 1000.000000000000000 ) ;
#6476 = DIRECTION ( 'NONE',  ( 4.000000000000000311E-15, -1.000000000000000000, -2.999999999999999839E-15 ) ) ;
#6477 = CARTESIAN_POINT ( 'NONE',  ( -8.447429370005771432, -37.44414273728432363, 74.94593102245985961 ) ) ;
#6478 = EDGE_CURVE ( 'NONE', #6123, #6861, #4060, .T. ) ;
#6479 = DIRECTION ( 'NONE',  ( 1.000000000000000000, 4.003208021484941694E-15, 0.000000000000000000 ) ) ;
#6480 = CARTESIAN_POINT ( 'NONE',  ( -43.48909603667235757, -6.444142737284356492, 40.27616807355593664 ) ) ;
#6481 = AXIS2_PLACEMENT_3D ( 'NONE', #7188, #4072, #1850 ) ;
#6482 = EDGE_CURVE ( 'NONE', #3579, #7177, #1614, .T. ) ;
#6483 = EDGE_CURVE ( 'NONE', #6223, #3737, #5707, .T. ) ;
#6484 = VERTEX_POINT ( 'NONE', #2742 ) ;
#6485 = ORIENTED_EDGE ( 'NONE', *, *, #83, .F. ) ;
#6486 = LINE ( 'NONE', #4906, #3001 ) ;
#6487 = DIRECTION ( 'NONE',  ( -3.999776700323684900E-15, 1.000000000000000000, 3.000529512353633521E-15 ) ) ;
#6488 = FACE_OUTER_BOUND ( 'NONE', #4334, .T. ) ;
#6489 = CARTESIAN_POINT ( 'NONE',  ( -35.73909603667240731, -2.444142737284247247, 13.87616807355593807 ) ) ;
#6490 = ORIENTED_EDGE ( 'NONE', *, *, #4728, .T. ) ;
#6491 = ADVANCED_FACE ( 'NONE', ( #6881 ), #4977, .F. ) ;
#6492 = VERTEX_POINT ( 'NONE', #1099 ) ;
#6493 = AXIS2_PLACEMENT_3D ( 'NONE', #3906, #4571, #6777 ) ;
#6494 = EDGE_LOOP ( 'NONE', ( #4098, #2337 ) ) ;
#6495 = DIRECTION ( 'NONE',  ( -0.5000000000000006661, -4.598423132665024290E-15, 0.8660254037844383745 ) ) ;
#6496 = CYLINDRICAL_SURFACE ( 'NONE', #7200, 1.049999999999998934 ) ;
#6497 = DIRECTION ( 'NONE',  ( 1.826024711554533223E-15, -3.081416700748274888E-15, 1.000000000000000000 ) ) ;
#6498 = CARTESIAN_POINT ( 'NONE',  ( 4.560903963327398891, -37.44414273728428100, 77.82723890111658704 ) ) ;
#6499 = AXIS2_PLACEMENT_3D ( 'NONE', #2557, #2667, #1449 ) ;
#6500 = VECTOR ( 'NONE', #6110, 1000.000000000000114 ) ;
#6501 = AXIS2_PLACEMENT_3D ( 'NONE', #6148, #3860, #4569 ) ;
#6502 = ORIENTED_EDGE ( 'NONE', *, *, #3861, .F. ) ;
#6503 = ORIENTED_EDGE ( 'NONE', *, *, #130, .F. ) ;
#6504 = AXIS2_PLACEMENT_3D ( 'NONE', #2374, #6359, #5151 ) ;
#6505 = ORIENTED_EDGE ( 'NONE', *, *, #2745, .F. ) ;
#6506 = CARTESIAN_POINT ( 'NONE',  ( -66.13909603667238457, -2.444142737284275224, -17.34640191258999309 ) ) ;
#6507 = VECTOR ( 'NONE', #7050, 1000.000000000000114 ) ;
#6508 = DIRECTION ( 'NONE',  ( -1.000000000000000000, -2.775557561562920144E-15, 0.000000000000000000 ) ) ;
#6509 = ORIENTED_EDGE ( 'NONE', *, *, #6409, .T. ) ;
#6510 = EDGE_CURVE ( 'NONE', #6770, #2294, #2956, .T. ) ;
#6511 = DIRECTION ( 'NONE',  ( 4.000000000000001100E-15, -1.000000000000000000, 0.000000000000000000 ) ) ;
#6512 = FACE_OUTER_BOUND ( 'NONE', #5164, .T. ) ;
#6513 = DIRECTION ( 'NONE',  ( 3.999776700323684900E-15, -1.000000000000000000, 0.000000000000000000 ) ) ;
#6514 = AXIS2_PLACEMENT_3D ( 'NONE', #1961, #4695, #2443 ) ;
#6515 = EDGE_LOOP ( 'NONE', ( #5724, #855, #338, #3072 ) ) ;
#6516 = AXIS2_PLACEMENT_3D ( 'NONE', #5343, #392, #2630 ) ;
#6517 = AXIS2_PLACEMENT_3D ( 'NONE', #5578, #4989, #55 ) ;
#6518 = FACE_OUTER_BOUND ( 'NONE', #4073, .T. ) ;
#6519 = PLANE ( 'NONE',  #6516 ) ;
#6520 = ADVANCED_FACE ( 'NONE', ( #3318 ), #1064, .F. ) ;
#6521 = LINE ( 'NONE', #4418, #6271 ) ;
#6522 = CARTESIAN_POINT ( 'NONE',  ( -1.526422912400816623, -7.444142737284154876, 28.46663033463454795 ) ) ;
#6523 = ADVANCED_FACE ( 'NONE', ( #1308 ), #3501, .F. ) ;
#6524 = VECTOR ( 'NONE', #2786, 1000.000000000000000 ) ;
#6525 = VECTOR ( 'NONE', #6652, 1000.000000000000000 ) ;
#6526 = ORIENTED_EDGE ( 'NONE', *, *, #699, .F. ) ;
#6527 = PLANE ( 'NONE',  #5353 ) ;
#6528 = VECTOR ( 'NONE', #4802, 1000.000000000000000 ) ;
#6529 = DIRECTION ( 'NONE',  ( -1.000000000000000000, -4.047688110612548572E-15, 0.000000000000000000 ) ) ;
#6530 = VECTOR ( 'NONE', #2547, 1000.000000000000000 ) ;
#6531 = DIRECTION ( 'NONE',  ( 3.999776700323682533E-15, -1.000000000000000000, -2.999626010543229460E-15 ) ) ;
#6532 = FACE_OUTER_BOUND ( 'NONE', #4286, .T. ) ;
#6533 = EDGE_CURVE ( 'NONE', #5820, #2610, #3282, .T. ) ;
#6534 = EDGE_LOOP ( 'NONE', ( #3747, #86, #1222, #4586 ) ) ;
#6535 = ORIENTED_EDGE ( 'NONE', *, *, #3192, .F. ) ;
#6536 = ORIENTED_EDGE ( 'NONE', *, *, #5572, .F. ) ;
#6537 = DIRECTION ( 'NONE',  ( -1.000000000000000000, -3.987066053656377633E-15, -0.000000000000000000 ) ) ;
#6538 = CARTESIAN_POINT ( 'NONE',  ( 8.179003961022649705, -5.444142737284062505, 11.11566209117935955 ) ) ;
#6539 = EDGE_CURVE ( 'NONE', #3732, #286, #4997, .T. ) ;
#6540 = LINE ( 'NONE', #1478, #3064 ) ;
#6541 = CARTESIAN_POINT ( 'NONE',  ( 4.560903963327397115, -37.44414273728424547, 65.86809556316524095 ) ) ;
#6542 = EDGE_LOOP ( 'NONE', ( #3519, #3627, #1055, #2911 ) ) ;
#6543 = VERTEX_POINT ( 'NONE', #1239 ) ;
#6544 = EDGE_LOOP ( 'NONE', ( #1284, #2599, #6107, #1508 ) ) ;
#6545 = VECTOR ( 'NONE', #5264, 1000.000000000000000 ) ;
#6546 = FACE_OUTER_BOUND ( 'NONE', #314, .T. ) ;
#6547 = CARTESIAN_POINT ( 'NONE',  ( -63.03909603667239026, -2.444142737284221489, -31.09533108502919063 ) ) ;
#6548 = ORIENTED_EDGE ( 'NONE', *, *, #3996, .T. ) ;
#6549 = DIRECTION ( 'NONE',  ( -1.000000000000000000, -3.989863994746674461E-15, 0.000000000000000000 ) ) ;
#6550 = CYLINDRICAL_SURFACE ( 'NONE', #5790, 2.750000000000002665 ) ;
#6551 = LINE ( 'NONE', #1017, #1831 ) ;
#6552 = ORIENTED_EDGE ( 'NONE', *, *, #2273, .T. ) ;
#6553 = EDGE_CURVE ( 'NONE', #515, #5043, #3226, .T. ) ;
#6554 = DIRECTION ( 'NONE',  ( 3.999776700323682533E-15, -1.000000000000000000, -2.999626010543229460E-15 ) ) ;
#6555 = DIRECTION ( 'NONE',  ( -3.999776700323684900E-15, 1.000000000000000000, 3.000529512353633521E-15 ) ) ;
#6556 = CARTESIAN_POINT ( 'NONE',  ( -63.03909603667224815, -37.44414273728418863, -43.05447442298065397 ) ) ;
#6557 = FACE_OUTER_BOUND ( 'NONE', #5035, .T. ) ;
#6558 = EDGE_CURVE ( 'NONE', #4287, #5260, #3055, .T. ) ;
#6559 = ORIENTED_EDGE ( 'NONE', *, *, #2164, .F. ) ;
#6560 = DIRECTION ( 'NONE',  ( 0.8660254037844392627, 0.000000000000000000, 0.4999999999999990008 ) ) ;
#6561 = DIRECTION ( 'NONE',  ( 0.8660254037844382635, 4.967330528082543507E-15, -0.5000000000000006661 ) ) ;
#6562 = CARTESIAN_POINT ( 'NONE',  ( -69.23909603667223678, -37.44414273728453679, 65.86809556316524095 ) ) ;
#6563 = DIRECTION ( 'NONE',  ( 4.001428817919833979E-15, -1.000000000000000000, -2.999626010543229460E-15 ) ) ;
#6564 = ORIENTED_EDGE ( 'NONE', *, *, #1362, .T. ) ;
#6565 = VERTEX_POINT ( 'NONE', #5963 ) ;
#6566 = EDGE_CURVE ( 'NONE', #4725, #5584, #2515, .T. ) ;
#6567 = ORIENTED_EDGE ( 'NONE', *, *, #5100, .T. ) ;
#6568 = CARTESIAN_POINT ( 'NONE',  ( 19.78336028927612489, -12.44414273728388132, -34.26578516546669562 ) ) ;
#6569 = CARTESIAN_POINT ( 'NONE',  ( 8.179003961022637270, -2.444142737284125122, 31.71566209117936808 ) ) ;
#6570 = CYLINDRICAL_SURFACE ( 'NONE', #745, 2.500000000000009326 ) ;
#6571 = CARTESIAN_POINT ( 'NONE',  ( -12.60762521870766584, -12.44414273728415132, 13.52651803764360494 ) ) ;
#6572 = EDGE_LOOP ( 'NONE', ( #7035, #6656, #1892, #5540 ) ) ;
#6573 = ADVANCED_FACE ( 'NONE', ( #943 ), #352, .F. ) ;
#6574 = VERTEX_POINT ( 'NONE', #6469 ) ;
#6575 = ORIENTED_EDGE ( 'NONE', *, *, #2092, .T. ) ;
#6576 = DIRECTION ( 'NONE',  ( 1.541976423090493267E-15, 3.083952846180986533E-15, -1.000000000000000000 ) ) ;
#6577 = CARTESIAN_POINT ( 'NONE',  ( -14.23909603667252988, -12.44414273728450659, -51.03753586722920232 ) ) ;
#6578 = EDGE_LOOP ( 'NONE', ( #3252, #3800 ) ) ;
#6579 = DIRECTION ( 'NONE',  ( -0.8660254037844379305, -1.938470449983435143E-15, -0.5000000000000014433 ) ) ;
#6580 = DIRECTION ( 'NONE',  ( 1.000000000000000000, 3.975407965780191339E-15, 0.000000000000000000 ) ) ;
#6581 = DIRECTION ( 'NONE',  ( -3.999776700323684900E-15, 1.000000000000000000, 3.000529512353633521E-15 ) ) ;
#6582 = ORIENTED_EDGE ( 'NONE', *, *, #553, .F. ) ;
#6583 = CARTESIAN_POINT ( 'NONE',  ( -63.03909603667237604, -2.444142737284465738, 50.32938055623830564 ) ) ;
#6584 = DIRECTION ( 'NONE',  ( -1.000000000000000000, -2.775557561562881096E-15, 0.000000000000000000 ) ) ;
#6585 = CARTESIAN_POINT ( 'NONE',  ( -59.13909603667239168, -2.444142737284342282, 14.42616807355593522 ) ) ;
#6586 = CARTESIAN_POINT ( 'NONE',  ( -66.13909603667235615, -12.44414273728453324, 67.65788139765315634 ) ) ;
#6587 = ORIENTED_EDGE ( 'NONE', *, *, #2771, .F. ) ;
#6588 = FACE_OUTER_BOUND ( 'NONE', #3992, .T. ) ;
#6589 = CARTESIAN_POINT ( 'NONE',  ( 7.660903963327272415, -2.444142737284306754, 91.57616807355587696 ) ) ;
#6590 = LINE ( 'NONE', #1570, #900 ) ;
#6591 = DIRECTION ( 'NONE',  ( 1.000000000000000000, 4.130293990420967319E-15, 0.000000000000000000 ) ) ;
#6592 = AXIS2_PLACEMENT_3D ( 'NONE', #5469, #6597, #4429 ) ;
#6593 = EDGE_CURVE ( 'NONE', #5981, #2901, #7094, .T. ) ;
#6594 = VERTEX_POINT ( 'NONE', #279 ) ;
#6595 = ORIENTED_EDGE ( 'NONE', *, *, #845, .F. ) ;
#6596 = ORIENTED_EDGE ( 'NONE', *, *, #5840, .F. ) ;
#6597 = DIRECTION ( 'NONE',  ( 0.4999999999999997780, -5.986464323413391932E-16, 0.8660254037844388186 ) ) ;
#6598 = CARTESIAN_POINT ( 'NONE',  ( -2.576422912400816223, -7.444142737284159317, 28.46663033463454795 ) ) ;
#6599 = CARTESIAN_POINT ( 'NONE',  ( -48.78076270333909292, -37.44414273728418152, -26.31692395325839939 ) ) ;
#6600 = EDGE_CURVE ( 'NONE', #2481, #4187, #5403, .T. ) ;
#6601 = FACE_OUTER_BOUND ( 'NONE', #6815, .T. ) ;
#6602 = EDGE_CURVE ( 'NONE', #4351, #4412, #4166, .T. ) ;
#6603 = ORIENTED_EDGE ( 'NONE', *, *, #6229, .T. ) ;
#6604 = EDGE_LOOP ( 'NONE', ( #3395, #4498, #6255, #2733 ) ) ;
#6605 = ORIENTED_EDGE ( 'NONE', *, *, #1521, .F. ) ;
#6606 = FACE_OUTER_BOUND ( 'NONE', #5912, .T. ) ;
#6607 = CIRCLE ( 'NONE', #6027, 2.100000000000000533 ) ;
#6608 = CARTESIAN_POINT ( 'NONE',  ( 7.660903963327254651, -2.444142737284199285, 55.69873805970183156 ) ) ;
#6609 = CARTESIAN_POINT ( 'NONE',  ( -1.526422912400816623, -7.444142737284154876, 28.46663033463454795 ) ) ;
#6610 = CARTESIAN_POINT ( 'NONE',  ( 4.560903963327413102, -37.44414273728391862, -43.05447442298065397 ) ) ;
#6611 = DIRECTION ( 'NONE',  ( 3.712746219811193165E-31, -3.000529512353633521E-15, 1.000000000000000000 ) ) ;
#6612 = CARTESIAN_POINT ( 'NONE',  ( -21.73909603667274837, -2.444142737284214384, 21.57616807355592670 ) ) ;
#6613 = EDGE_CURVE ( 'NONE', #7224, #568, #3568, .T. ) ;
#6614 = VECTOR ( 'NONE', #4962, 1000.000000000000000 ) ;
#6615 = VECTOR ( 'NONE', #740, 1000.000000000000000 ) ;
#6616 = VERTEX_POINT ( 'NONE', #810 ) ;
#6617 = VECTOR ( 'NONE', #5748, 1000.000000000000000 ) ;
#6618 = VERTEX_POINT ( 'NONE', #3029 ) ;
#6619 = DIRECTION ( 'NONE',  ( -1.000000000000000000, -2.775557561562896873E-15, 0.000000000000000000 ) ) ;
#6620 = CARTESIAN_POINT ( 'NONE',  ( -63.03909603667224815, -37.44414273728420994, -34.67490275400497524 ) ) ;
#6621 = VECTOR ( 'NONE', #3258, 1000.000000000000000 ) ;
#6622 = DIRECTION ( 'NONE',  ( 0.4999999999999997780, -5.986464323413391932E-16, 0.8660254037844388186 ) ) ;
#6623 = CARTESIAN_POINT ( 'NONE',  ( -35.73909603667240731, -2.444142737284247247, 13.87616807355593807 ) ) ;
#6624 = EDGE_CURVE ( 'NONE', #6688, #234, #1848, .T. ) ;
#6625 = CIRCLE ( 'NONE', #5227, 0.8999999999999980238 ) ;
#6626 = APPROVAL_PERSON_ORGANIZATION ( #3879, #3724, #5616 ) ;
#6627 = CIRCLE ( 'NONE', #7205, 1.399999999999998579 ) ;
#6628 = EDGE_LOOP ( 'NONE', ( #3682, #2139, #162, #3780 ) ) ;
#6629 = DIRECTION ( 'NONE',  ( -1.000000000000000000, -4.047688110612546206E-15, 0.000000000000000000 ) ) ;
#6630 = CARTESIAN_POINT ( 'NONE',  ( -21.73909603667260981, -37.44414273728421705, 21.57616807355582011 ) ) ;
#6631 = CARTESIAN_POINT ( 'NONE',  ( -12.52083681049020214, -12.44414273728420106, 29.52628265379340178 ) ) ;
#6632 = DIRECTION ( 'NONE',  ( 0.8660254037844392627, 4.964172988122225296E-15, -0.4999999999999990563 ) ) ;
#6633 = CIRCLE ( 'NONE', #5113, 2.750000000000002665 ) ;
#6634 = ORIENTED_EDGE ( 'NONE', *, *, #2526, .T. ) ;
#6635 = VECTOR ( 'NONE', #1312, 1000.000000000000000 ) ;
#6636 = VERTEX_POINT ( 'NONE', #384 ) ;
#6637 = ADVANCED_FACE ( 'NONE', ( #6943 ), #4225, .F. ) ;
#6638 = ORIENTED_EDGE ( 'NONE', *, *, #4014, .F. ) ;
#6639 = VECTOR ( 'NONE', #1582, 1000.000000000000000 ) ;
#6640 = LINE ( 'NONE', #3840, #3891 ) ;
#6641 = DIRECTION ( 'NONE',  ( -1.000000000000000000, -4.010382229408749433E-15, -0.000000000000000000 ) ) ;
#6642 = CARTESIAN_POINT ( 'NONE',  ( -13.65762521870766655, -9.444142737284158429, 13.52651803764360494 ) ) ;
#6643 = DIRECTION ( 'NONE',  ( -4.000000000000001100E-15, 1.000000000000000000, 2.999999999999999839E-15 ) ) ;
#6644 = EDGE_LOOP ( 'NONE', ( #6782, #4606, #6724, #4890 ) ) ;
#6645 = ADVANCED_FACE ( 'NONE', ( #1490 ), #317, .F. ) ;
#6646 = VERTEX_POINT ( 'NONE', #1929 ) ;
#6647 = EDGE_CURVE ( 'NONE', #6565, #6448, #6633, .T. ) ;
#6648 = ORIENTED_EDGE ( 'NONE', *, *, #1143, .T. ) ;
#6649 = DIRECTION ( 'NONE',  ( 3.999776700323684900E-15, -1.000000000000000000, -3.000529512353633521E-15 ) ) ;
#6650 = DIRECTION ( 'NONE',  ( -0.4999999999999997780, -4.598423132665022713E-15, 0.8660254037844388186 ) ) ;
#6651 = DIRECTION ( 'NONE',  ( 1.000000000000000000, 4.130293990420967319E-15, 0.000000000000000000 ) ) ;
#6652 = DIRECTION ( 'NONE',  ( -3.999776700323684900E-15, 1.000000000000000000, 3.000529512353633521E-15 ) ) ;
#6653 = CARTESIAN_POINT ( 'NONE',  ( -74.23909603667232204, -12.44414273728417619, -58.42383192644409462 ) ) ;
#6654 = CARTESIAN_POINT ( 'NONE',  ( 4.560903963327255894, -2.444142737284022537, -7.177044409126469127 ) ) ;
#6655 = ORIENTED_EDGE ( 'NONE', *, *, #1514, .F. ) ;
#6656 = ORIENTED_EDGE ( 'NONE', *, *, #6740, .T. ) ;
#6657 = ADVANCED_FACE ( 'NONE', ( #2588 ), #2037, .F. ) ;
#6658 = ORIENTED_EDGE ( 'NONE', *, *, #227, .F. ) ;
#6659 = FACE_OUTER_BOUND ( 'NONE', #6534, .T. ) ;
#6660 = CARTESIAN_POINT ( 'NONE',  ( 10.76090396332739552, -37.44414273728400389, -7.177044409126573932 ) ) ;
#6661 = CARTESIAN_POINT ( 'NONE',  ( -12.60762521870766584, -9.444142737284154876, 13.52651803764360494 ) ) ;
#6662 = CARTESIAN_POINT ( 'NONE',  ( -63.03909603667237604, -2.444142737284476397, 53.90895222521398722 ) ) ;
#6663 = ORIENTED_EDGE ( 'NONE', *, *, #3117, .T. ) ;
#6664 = EDGE_CURVE ( 'NONE', #3188, #3845, #3664, .T. ) ;
#6665 = CARTESIAN_POINT ( 'NONE',  ( -32.42099603897737126, -2.444142737284287215, 31.71566209117936808 ) ) ;
#6666 = CARTESIAN_POINT ( 'NONE',  ( -3.702362769591112546, -7.444142737284122013, 14.46683629550344996 ) ) ;
#6667 = DIRECTION ( 'NONE',  ( 0.4999999999999966138, 4.598423132665015613E-15, -0.8660254037844405950 ) ) ;
#6668 = DIRECTION ( 'NONE',  ( 4.001428817919833979E-15, -1.000000000000000000, -2.999626010543229460E-15 ) ) ;
#6669 = VERTEX_POINT ( 'NONE', #6439 ) ;
#6670 = ORIENTED_EDGE ( 'NONE', *, *, #2041, .T. ) ;
#6671 = ORIENTED_EDGE ( 'NONE', *, *, #4805, .F. ) ;
#6672 = FACE_OUTER_BOUND ( 'NONE', #5361, .T. ) ;
#6673 = DIRECTION ( 'NONE',  ( 0.8660254037844383745, 4.967330528082541141E-15, -0.5000000000000004441 ) ) ;
#6674 = DIRECTION ( 'NONE',  ( -0.8660254037844385966, 0.000000000000000000, -0.4999999999999999445 ) ) ;
#6675 = LINE ( 'NONE', #4466, #47 ) ;
#6676 = DIRECTION ( 'NONE',  ( -1.000000000000000000, -3.992240328275394166E-15, 0.000000000000000000 ) ) ;
#6677 = ORIENTED_EDGE ( 'NONE', *, *, #1408, .F. ) ;
#6678 = ORIENTED_EDGE ( 'NONE', *, *, #522, .F. ) ;
#6679 = ORIENTED_EDGE ( 'NONE', *, *, #3926, .T. ) ;
#6680 = CARTESIAN_POINT ( 'NONE',  ( -52.99504841762488638, -12.44414273728443376, 53.25132301808059054 ) ) ;
#6681 = CARTESIAN_POINT ( 'NONE',  ( -66.13909603667225667, -37.44414273728418152, -48.42383192644417278 ) ) ;
#6682 = CARTESIAN_POINT ( 'NONE',  ( -63.03909603667237604, -2.444142737284282330, -10.75661607810215337 ) ) ;
#6683 = DIRECTION ( 'NONE',  ( -4.000000000000001100E-15, 1.000000000000000000, 2.999999999999999839E-15 ) ) ;
#6684 = DIRECTION ( 'NONE',  ( -3.999776700323684900E-15, 1.000000000000000000, 3.000529512353633521E-15 ) ) ;
#6685 = FACE_BOUND ( 'NONE', #5508, .T. ) ;
#6686 = EDGE_CURVE ( 'NONE', #3737, #6423, #4815, .T. ) ;
#6687 = ORIENTED_EDGE ( 'NONE', *, *, #3472, .F. ) ;
#6688 = VERTEX_POINT ( 'NONE', #1383 ) ;
#6689 = VERTEX_POINT ( 'NONE', #1415 ) ;
#6690 = CARTESIAN_POINT ( 'NONE',  ( -48.98909603667235046, -12.44414273728437692, 40.27616807355592954 ) ) ;
#6691 = PLANE ( 'NONE',  #2186 ) ;
#6692 = LINE ( 'NONE', #1675, #1932 ) ;
#6693 = LINE ( 'NONE', #2352, #649 ) ;
#6694 = ADVANCED_FACE ( 'NONE', ( #1448 ), #908, .F. ) ;
#6695 = EDGE_CURVE ( 'NONE', #6276, #3054, #3888, .T. ) ;
#6696 = VECTOR ( 'NONE', #4248, 1000.000000000000000 ) ;
#6697 = VERTEX_POINT ( 'NONE', #2113 ) ;
#6698 = CARTESIAN_POINT ( 'NONE',  ( -69.23909603667223678, -37.44414273728423836, -34.67490275400497524 ) ) ;
#6699 = DIRECTION ( 'NONE',  ( -1.000000000000000000, -3.999776700323680956E-15, -5.811468931245706170E-16 ) ) ;
#6700 = DIRECTION ( 'NONE',  ( 3.999776700323682533E-15, -1.000000000000000000, -2.999626010543229460E-15 ) ) ;
#6701 = EDGE_CURVE ( 'NONE', #1264, #5762, #4335, .T. ) ;
#6702 = EDGE_CURVE ( 'NONE', #7012, #6669, #2657, .T. ) ;
#6703 = VERTEX_POINT ( 'NONE', #464 ) ;
#6704 = ORIENTED_EDGE ( 'NONE', *, *, #6829, .F. ) ;
#6705 = EDGE_LOOP ( 'NONE', ( #138, #4427, #1482, #2112 ) ) ;
#6706 = LINE ( 'NONE', #2863, #1118 ) ;
#6707 = AXIS2_PLACEMENT_3D ( 'NONE', #4772, #3552, #5805 ) ;
#6708 = CARTESIAN_POINT ( 'NONE',  ( -10.50762521870767685, -7.444142737284144218, 13.52651803764361027 ) ) ;
#6709 = DIRECTION ( 'NONE',  ( 0.5000000000000006661, -5.986464323413343614E-16, 0.8660254037844382635 ) ) ;
#6710 = CARTESIAN_POINT ( 'NONE',  ( -69.23909603667237889, -2.444142737284281885, -19.13618774707783032 ) ) ;
#6711 = DATE_AND_TIME ( #6210, #7217 ) ;
#6712 = EDGE_CURVE ( 'NONE', #4502, #2158, #2776, .T. ) ;
#6713 = VECTOR ( 'NONE', #6916, 1000.000000000000114 ) ;
#6714 = ORIENTED_EDGE ( 'NONE', *, *, #2317, .T. ) ;
#6715 = ORIENTED_EDGE ( 'NONE', *, *, #3758, .F. ) ;
#6716 = ORIENTED_EDGE ( 'NONE', *, *, #434, .F. ) ;
#6717 = PLANE ( 'NONE',  #3011 ) ;
#6718 = PLANE ( 'NONE',  #4159 ) ;
#6719 = LINE ( 'NONE', #28, #4753 ) ;
#6720 = DIRECTION ( 'NONE',  ( -3.999776700323684900E-15, 1.000000000000000000, 3.000529512353633521E-15 ) ) ;
#6721 = CARTESIAN_POINT ( 'NONE',  ( -62.99645534955301684, -9.444142737284611400, 98.57616807355589117 ) ) ;
#6722 = CARTESIAN_POINT ( 'NONE',  ( -69.23909603667225099, -37.44414273728449416, 50.32938055623819906 ) ) ;
#6723 = ORIENTED_EDGE ( 'NONE', *, *, #6701, .T. ) ;
#6724 = ORIENTED_EDGE ( 'NONE', *, *, #4679, .T. ) ;
#6725 = AXIS2_PLACEMENT_3D ( 'NONE', #2383, #1277, #4599 ) ;
#6726 = VECTOR ( 'NONE', #1646, 1000.000000000000000 ) ;
#6727 = ORIENTED_EDGE ( 'NONE', *, *, #6624, .F. ) ;
#6728 = LINE ( 'NONE', #541, #297 ) ;
#6729 = CARTESIAN_POINT ( 'NONE',  ( -66.13909603667225667, -37.44414273728457943, 84.41702473560442854 ) ) ;
#6730 = FACE_OUTER_BOUND ( 'NONE', #2469, .T. ) ;
#6731 = PLANE ( 'NONE',  #2293 ) ;
#6732 = CIRCLE ( 'NONE', #2419, 59.99999999999995737 ) ;
#6733 = AXIS2_PLACEMENT_3D ( 'NONE', #5967, #6554, #4899 ) ;
#6734 = CIRCLE ( 'NONE', #413, 2.499999999999995115 ) ;
#6735 = VECTOR ( 'NONE', #1417, 1000.000000000000114 ) ;
#6736 = ORIENTED_EDGE ( 'NONE', *, *, #4718, .T. ) ;
#6737 = EDGE_CURVE ( 'NONE', #196, #3052, #1596, .T. ) ;
#6738 = VECTOR ( 'NONE', #739, 1000.000000000000114 ) ;
#6739 = PLANE ( 'NONE',  #798 ) ;
#6740 = EDGE_CURVE ( 'NONE', #416, #951, #3235, .T. ) ;
#6741 = DIRECTION ( 'NONE',  ( 4.001428817919833979E-15, -1.000000000000000000, -2.999626010543229460E-15 ) ) ;
#6742 = PLANE ( 'NONE',  #5135 ) ;
#6743 = AXIS2_PLACEMENT_3D ( 'NONE', #6620, #2237, #469 ) ;
#6744 = CIRCLE ( 'NONE', #6517, 3.000000000000000888 ) ;
#6745 = VERTEX_POINT ( 'NONE', #6104 ) ;
#6746 = ORIENTED_EDGE ( 'NONE', *, *, #2619, .T. ) ;
#6747 = VERTEX_POINT ( 'NONE', #3267 ) ;
#6748 = DIRECTION ( 'NONE',  ( 4.001428817919833979E-15, -1.000000000000000000, -2.999626010543229460E-15 ) ) ;
#6749 = ADVANCED_FACE ( 'NONE', ( #5512 ), #494, .F. ) ;
#6750 = CARTESIAN_POINT ( 'NONE',  ( -37.63909603667241299, 0.9558572627156903811, 32.07616807355594091 ) ) ;
#6751 = VECTOR ( 'NONE', #6579, 999.9999999999998863 ) ;
#6752 = CARTESIAN_POINT ( 'NONE',  ( 7.660903963327395871, -37.44414273728396125, -24.50554525054145927 ) ) ;
#6753 = FACE_OUTER_BOUND ( 'NONE', #6275, .T. ) ;
#6754 = CALENDAR_DATE ( 2026, 9, 5 ) ;
#6755 = AXIS2_PLACEMENT_3D ( 'NONE', #6776, #1205, #1760 ) ;
#6756 = APPROVAL_PERSON_ORGANIZATION ( #6243, #2973, #1773 ) ;
#6757 = ORIENTED_EDGE ( 'NONE', *, *, #5749, .F. ) ;
#6758 = ORIENTED_EDGE ( 'NONE', *, *, #3058, .F. ) ;
#6759 = ORIENTED_EDGE ( 'NONE', *, *, #4229, .T. ) ;
#6760 = EDGE_CURVE ( 'NONE', #6230, #4983, #7190, .T. ) ;
#6761 = DIRECTION ( 'NONE',  ( 1.000000000000000000, 4.130293990420973630E-15, 0.000000000000000000 ) ) ;
#6762 = CIRCLE ( 'NONE', #5589, 0.8999999999999980238 ) ;
#6763 = CARTESIAN_POINT ( 'NONE',  ( -69.23909603667223678, -37.44414273728427389, -22.71575941605361848 ) ) ;
#6764 = CARTESIAN_POINT ( 'NONE',  ( 4.560903963327301192, -12.44414273728429521, 86.20681057009234394 ) ) ;
#6765 = FACE_OUTER_BOUND ( 'NONE', #4152, .T. ) ;
#6766 = DIRECTION ( 'NONE',  ( -1.000000000000000000, -4.047688110612550150E-15, 0.000000000000000000 ) ) ;
#6767 = FACE_BOUND ( 'NONE', #1472, .T. ) ;
#6768 = VERTEX_POINT ( 'NONE', #3345 ) ;
#6769 = ORIENTED_EDGE ( 'NONE', *, *, #840, .F. ) ;
#6770 = VERTEX_POINT ( 'NONE', #4408 ) ;
#6771 = CARTESIAN_POINT ( 'NONE',  ( -69.23909603667237889, -2.444142737284271671, -22.71575941605361848 ) ) ;
#6772 = CARTESIAN_POINT ( 'NONE',  ( -62.43909603667239594, -2.444142737284401790, 29.77616807355593664 ) ) ;
#6773 = CARTESIAN_POINT ( 'NONE',  ( 4.560903963327256783, -2.444142737283987010, -19.13618774707783032 ) ) ;
#6774 = LINE ( 'NONE', #1758, #5212 ) ;
#6775 = ORIENTED_EDGE ( 'NONE', *, *, #1976, .T. ) ;
#6776 = CARTESIAN_POINT ( 'NONE',  ( 7.660903963327395871, -37.44414273728396125, -24.50554525054145927 ) ) ;
#6777 = DIRECTION ( 'NONE',  ( 0.8660254037844391517, 0.000000000000000000, -0.4999999999999990008 ) ) ;
#6778 = AXIS2_PLACEMENT_3D ( 'NONE', #772, #5242, #224 ) ;
#6779 = CARTESIAN_POINT ( 'NONE',  ( -66.13909603667238457, -2.444142737284530131, 67.65788139765317055 ) ) ;
#6780 = ADVANCED_FACE ( 'NONE', ( #1631 ), #3776, .F. ) ;
#6781 = EDGE_LOOP ( 'NONE', ( #3495, #6564, #6807, #2886 ) ) ;
#6782 = ORIENTED_EDGE ( 'NONE', *, *, #4651, .F. ) ;
#6783 = VERTEX_POINT ( 'NONE', #6032 ) ;
#6784 = DIRECTION ( 'NONE',  ( -0.5000000000000015543, 5.986464323413299241E-16, -0.8660254037844378194 ) ) ;
#6785 = EDGE_CURVE ( 'NONE', #7216, #4615, #1081, .T. ) ;
#6786 = CARTESIAN_POINT ( 'NONE',  ( -46.23909603667237178, -2.444142737284368927, 40.27616807355594375 ) ) ;
#6787 = CARTESIAN_POINT ( 'NONE',  ( 6.639583619767639000, -12.44414273728386355, -57.54515227000372590 ) ) ;
#6788 = PLANE ( 'NONE',  #2853 ) ;
#6789 = CARTESIAN_POINT ( 'NONE',  ( -52.50992937000589222, -2.444142737284187294, -28.49388268174985583 ) ) ;
#6790 = PERSON_AND_ORGANIZATION_ROLE ( 'design_owner' ) ;
#6791 = EDGE_CURVE ( 'NONE', #4594, #5090, #4367, .T. ) ;
#6792 = ORIENTED_EDGE ( 'NONE', *, *, #4312, .T. ) ;
#6793 = ORIENTED_EDGE ( 'NONE', *, *, #221, .F. ) ;
#6794 = VERTEX_POINT ( 'NONE', #6138 ) ;
#6795 = CARTESIAN_POINT ( 'NONE',  ( 10.76090396332725874, -2.444142737283926614, -31.09533108502919063 ) ) ;
#6796 = DIRECTION ( 'NONE',  ( 0.8660254037844384856, 1.938470449983430016E-15, 0.5000000000000003331 ) ) ;
#6797 = LINE ( 'NONE', #2916, #6927 ) ;
#6798 = LINE ( 'NONE', #3415, #4288 ) ;
#6799 = CARTESIAN_POINT ( 'NONE',  ( -56.14909603667241100, -2.444142737284388467, 33.77616807355593664 ) ) ;
#6800 = DIRECTION ( 'NONE',  ( 1.000000000000000000, 4.010305908047857417E-15, -0.000000000000000000 ) ) ;
#6801 = ADVANCED_FACE ( 'NONE', ( #2767 ), #5007, .F. ) ;
#6802 = ADVANCED_FACE ( 'NONE', ( #2229 ), #2624, .F. ) ;
#6803 = ORIENTED_EDGE ( 'NONE', *, *, #3678, .T. ) ;
#6804 = EDGE_LOOP ( 'NONE', ( #5745, #7063, #1925, #4328 ) ) ;
#6805 = ORIENTED_EDGE ( 'NONE', *, *, #415, .T. ) ;
#6806 = CARTESIAN_POINT ( 'NONE',  ( -21.73909603667260981, -37.44414273728421705, 21.57616807355582011 ) ) ;
#6807 = ORIENTED_EDGE ( 'NONE', *, *, #2003, .F. ) ;
#6808 = CARTESIAN_POINT ( 'NONE',  ( 4.518263276208009493, -9.444142737284339617, 98.57616807355589117 ) ) ;
#6809 = LINE ( 'NONE', #7201, #3667 ) ;
#6810 = DIRECTION ( 'NONE',  ( -4.000000000000000311E-15, 1.000000000000000000, 2.999999999999999839E-15 ) ) ;
#6811 = LINE ( 'NONE', #4013, #3693 ) ;
#6812 = CARTESIAN_POINT ( 'NONE',  ( -1.602362769591111791, -7.444142737284113132, 14.46683629550344996 ) ) ;
#6813 = CARTESIAN_POINT ( 'NONE',  ( 7.535504178569591538, -12.44414273728409803, 21.42876338647385737 ) ) ;
#6814 = ORIENTED_EDGE ( 'NONE', *, *, #2942, .F. ) ;
#6815 = EDGE_LOOP ( 'NONE', ( #7142, #2495, #6091, #4086 ) ) ;
#6816 = VERTEX_POINT ( 'NONE', #2078 ) ;
#6817 = DIRECTION ( 'NONE',  ( -1.000000000000000000, -3.999776700323684900E-15, -1.211476396892138794E-29 ) ) ;
#6818 = CARTESIAN_POINT ( 'NONE',  ( 10.76090396332725518, -2.444142737284181521, 53.90895222521398722 ) ) ;
#6819 = EDGE_CURVE ( 'NONE', #3511, #161, #4302, .T. ) ;
#6820 = DIRECTION ( 'NONE',  ( 1.000000000000000000, 3.717264591378875951E-15, 0.000000000000000000 ) ) ;
#6821 = PLANE ( 'NONE',  #1326 ) ;
#6822 = APPROVAL_ROLE ( '' ) ;
#6823 = ORIENTED_EDGE ( 'NONE', *, *, #963, .F. ) ;
#6824 = VERTEX_POINT ( 'NONE', #5441 ) ;
#6825 = EDGE_LOOP ( 'NONE', ( #3028, #6331, #6716, #4446 ) ) ;
#6826 = DIRECTION ( 'NONE',  ( -1.000000000000000000, -2.775557561562904367E-15, 0.000000000000000000 ) ) ;
#6827 = ADVANCED_FACE ( 'NONE', ( #425 ), #2666, .F. ) ;
#6828 = DIRECTION ( 'NONE',  ( -0.8660254037844385966, -4.967330528082556129E-15, 0.4999999999999999445 ) ) ;
#6829 = EDGE_CURVE ( 'NONE', #3892, #6330, #6798, .T. ) ;
#6830 = CARTESIAN_POINT ( 'NONE',  ( -52.50992937000586380, -12.44414273728418685, -28.49388268174985583 ) ) ;
#6831 = CARTESIAN_POINT ( 'NONE',  ( -69.23909603667235046, -12.44414273728456877, 77.82723890111667231 ) ) ;
#6832 = CARTESIAN_POINT ( 'NONE',  ( -70.73909603667240731, 0.9558572627156208812, 11.07616807355594091 ) ) ;
#6833 = VERTEX_POINT ( 'NONE', #1817 ) ;
#6834 = ORIENTED_EDGE ( 'NONE', *, *, #2803, .F. ) ;
#6835 = ORIENTED_EDGE ( 'NONE', *, *, #6177, .F. ) ;
#6836 = EDGE_CURVE ( 'NONE', #6747, #6361, #5704, .T. ) ;
#6837 = CARTESIAN_POINT ( 'NONE',  ( -51.23909603667254942, -2.444142737284422218, 51.47181993130962496 ) ) ;
#6838 = EDGE_LOOP ( 'NONE', ( #1471, #958, #3461, #369 ) ) ;
#6839 = CARTESIAN_POINT ( 'NONE',  ( 4.518263276207981960, -2.444142737284340061, 98.57616807355591959 ) ) ;
#6840 = CYLINDRICAL_SURFACE ( 'NONE', #4732, 1.399999999999998579 ) ;
#6841 = DIRECTION ( 'NONE',  ( 1.000000000000000000, 4.010382229408749433E-15, -1.865294060190115964E-16 ) ) ;
#6842 = CIRCLE ( 'NONE', #1696, 2.100000000000000533 ) ;
#6843 = DIRECTION ( 'NONE',  ( -3.999776700323684900E-15, 1.000000000000000000, 0.000000000000000000 ) ) ;
#6844 = EDGE_CURVE ( 'NONE', #3912, #904, #136, .T. ) ;
#6845 = DIRECTION ( 'NONE',  ( 3.999776700323682533E-15, -1.000000000000000000, 0.000000000000000000 ) ) ;
#6846 = CIRCLE ( 'NONE', #6954, 2.500000000000001332 ) ;
#6847 = CYLINDRICAL_SURFACE ( 'NONE', #4047, 47.00000000000002842 ) ;
#6848 = AXIS2_PLACEMENT_3D ( 'NONE', #5522, #3900, #4453 ) ;
#6849 = VECTOR ( 'NONE', #3917, 1000.000000000000000 ) ;
#6850 = ORIENTED_EDGE ( 'NONE', *, *, #6701, .F. ) ;
#6851 = VECTOR ( 'NONE', #5533, 1000.000000000000000 ) ;
#6852 = ORIENTED_EDGE ( 'NONE', *, *, #3699, .T. ) ;
#6853 = ORIENTED_EDGE ( 'NONE', *, *, #5396, .F. ) ;
#6854 = DIRECTION ( 'NONE',  ( 4.000000000000000311E-15, -1.000000000000000000, -2.999999999999999839E-15 ) ) ;
#6855 = VECTOR ( 'NONE', #1975, 1000.000000000000114 ) ;
#6856 = CARTESIAN_POINT ( 'NONE',  ( -42.69800014626149931, -37.44414273728411047, -43.11327726743511590 ) ) ;
#6857 = DIRECTION ( 'NONE',  ( -3.999776700323684900E-15, 1.000000000000000000, 3.000529512353633521E-15 ) ) ;
#6858 = DIRECTION ( 'NONE',  ( -3.999776700323684900E-15, 1.000000000000000000, 3.000529512353633521E-15 ) ) ;
#6859 = AXIS2_PLACEMENT_3D ( 'NONE', #4169, #1946, #4686 ) ;
#6860 = EDGE_CURVE ( 'NONE', #4186, #1924, #2260, .T. ) ;
#6861 = VERTEX_POINT ( 'NONE', #4520 ) ;
#6862 = EDGE_LOOP ( 'NONE', ( #183, #4575, #5631, #4399 ) ) ;
#6863 = VECTOR ( 'NONE', #4205, 1000.000000000000000 ) ;
#6864 = ORIENTED_EDGE ( 'NONE', *, *, #2909, .T. ) ;
#6865 = CARTESIAN_POINT ( 'NONE',  ( -63.03909603667223394, -37.44414273728446574, 50.32938055623819906 ) ) ;
#6866 = FACE_BOUND ( 'NONE', #921, .T. ) ;
#6867 = DIRECTION ( 'NONE',  ( -1.000000000000000000, -3.989863994746664206E-15, 0.000000000000000000 ) ) ;
#6868 = CARTESIAN_POINT ( 'NONE',  ( -43.46854809146706344, -12.44414273728409981, -45.49156569908910086 ) ) ;
#6869 = VECTOR ( 'NONE', #6885, 1000.000000000000114 ) ;
#6870 = DIRECTION ( 'NONE',  ( -1.000000000000000000, -4.047688110612548572E-15, 4.625929269271484533E-15 ) ) ;
#6871 = AXIS2_PLACEMENT_3D ( 'NONE', #5266, #4706, #6366 ) ;
#6872 = EDGE_CURVE ( 'NONE', #4252, #7010, #436, .T. ) ;
#6873 = ORIENTED_EDGE ( 'NONE', *, *, #3394, .T. ) ;
#6874 = EDGE_CURVE ( 'NONE', #2593, #7166, #1721, .T. ) ;
#6875 = ORIENTED_EDGE ( 'NONE', *, *, #2366, .F. ) ;
#6876 = VECTOR ( 'NONE', #569, 1000.000000000000000 ) ;
#6877 = ORIENTED_EDGE ( 'NONE', *, *, #5978, .T. ) ;
#6878 = CIRCLE ( 'NONE', #3703, 72.99999999999995737 ) ;
#6879 = DIRECTION ( 'NONE',  ( -0.7071067811865465735, -4.949963993366449462E-15, 0.7071067811865485719 ) ) ;
#6880 = ORIENTED_EDGE ( 'NONE', *, *, #3572, .F. ) ;
#6881 = FACE_OUTER_BOUND ( 'NONE', #1196, .T. ) ;
#6882 = DIRECTION ( 'NONE',  ( -1.000000000000000000, -4.956352788505168198E-15, 0.000000000000000000 ) ) ;
#6883 = CARTESIAN_POINT ( 'NONE',  ( -63.03909603667234762, -12.44414273728453679, 74.24766723214096942 ) ) ;
#6884 = EDGE_CURVE ( 'NONE', #4983, #7032, #3493, .T. ) ;
#6885 = DIRECTION ( 'NONE',  ( 0.8660254037844388186, 4.967330528082534041E-15, -0.4999999999999997780 ) ) ;
#6886 = CARTESIAN_POINT ( 'NONE',  ( -42.73149603746919922, -12.44414273728445686, 74.01312222032484556 ) ) ;
#6887 = DIRECTION ( 'NONE',  ( 0.5000000000000004441, 4.598423132665023501E-15, -0.8660254037844383745 ) ) ;
#6888 = VERTEX_POINT ( 'NONE', #639 ) ;
#6889 = EDGE_CURVE ( 'NONE', #2901, #6688, #1368, .T. ) ;
#6890 = EDGE_LOOP ( 'NONE', ( #1616, #16, #3016, #5307 ) ) ;
#6891 = EDGE_LOOP ( 'NONE', ( #3114, #6193, #4777, #2976 ) ) ;
#6892 = FACE_OUTER_BOUND ( 'NONE', #5887, .T. ) ;
#6893 = LINE ( 'NONE', #1985, #776 ) ;
#6894 = CARTESIAN_POINT ( 'NONE',  ( -63.03909603667224815, -37.44414273728424547, -22.71575941605361848 ) ) ;
#6895 = CARTESIAN_POINT ( 'NONE',  ( -34.63841797563445368, -12.44414273728438047, 59.99549982760652966 ) ) ;
#6896 = ORIENTED_EDGE ( 'NONE', *, *, #4093, .F. ) ;
#6897 = EDGE_LOOP ( 'NONE', ( #5834, #4251, #1917, #2664 ) ) ;
#6898 = EDGE_LOOP ( 'NONE', ( #1412, #3963, #2985, #6509 ) ) ;
#6899 = DIRECTION ( 'NONE',  ( 0.8660254037844382635, 0.000000000000000000, 0.5000000000000005551 ) ) ;
#6900 = CARTESIAN_POINT ( 'NONE',  ( 9.776025172854147370E-15, -2.444142737284062505, -7.333722415625623435E-15 ) ) ;
#6901 = CARTESIAN_POINT ( 'NONE',  ( 4.560903963327274546, -2.444142737283904410, -46.63404609195622896 ) ) ;
#6902 = LINE ( 'NONE', #830, #5006 ) ;
#6903 = CARTESIAN_POINT ( 'NONE',  ( 4.560903963327397115, -37.44414273728423126, 62.28852389418955937 ) ) ;
#6904 = VERTEX_POINT ( 'NONE', #2839 ) ;
#6905 = ORIENTED_EDGE ( 'NONE', *, *, #5543, .F. ) ;
#6906 = ORIENTED_EDGE ( 'NONE', *, *, #6338, .T. ) ;
#6907 = CARTESIAN_POINT ( 'NONE',  ( -14.75279466680942164, -37.44414273728439468, 89.21633064853371309 ) ) ;
#6908 = ORIENTED_EDGE ( 'NONE', *, *, #2319, .T. ) ;
#6909 = EDGE_CURVE ( 'NONE', #2022, #6092, #3931, .T. ) ;
#6910 = DIRECTION ( 'NONE',  ( -1.000000000000000000, -4.163336342344316516E-15, 0.000000000000000000 ) ) ;
#6911 = DIRECTION ( 'NONE',  ( -1.000000000000000000, -4.003208021484940116E-15, 0.000000000000000000 ) ) ;
#6912 = CARTESIAN_POINT ( 'NONE',  ( -63.03909603667236183, -12.44414273728431475, -2.833372241562638750E-14 ) ) ;
#6913 = CARTESIAN_POINT ( 'NONE',  ( 10.76090396332725696, -2.444142737284206834, 62.28852389418966595 ) ) ;
#6914 = ADVANCED_FACE ( 'NONE', ( #2948 ), #4080, .F. ) ;
#6915 = FACE_OUTER_BOUND ( 'NONE', #2010, .T. ) ;
#6916 = DIRECTION ( 'NONE',  ( -0.8660254037844381525, -4.967330528082544296E-15, 0.5000000000000007772 ) ) ;
#6917 = ADVANCED_FACE ( 'NONE', ( #6765 ), #4590, .F. ) ;
#6918 = ORIENTED_EDGE ( 'NONE', *, *, #1244, .F. ) ;
#6919 = EDGE_LOOP ( 'NONE', ( #2194, #6078, #3597, #3367 ) ) ;
#6920 = FACE_OUTER_BOUND ( 'NONE', #7140, .T. ) ;
#6921 = CARTESIAN_POINT ( 'NONE',  ( -43.48909603667234336, -12.44414273728435738, 40.27616807355592954 ) ) ;
#6922 = CARTESIAN_POINT ( 'NONE',  ( 6.639583619767611467, -2.444142737283863109, -57.54515227000370459 ) ) ;
#6923 = DIRECTION ( 'NONE',  ( 1.000000000000000000, 3.999776700323684900E-15, 1.211476396892138794E-29 ) ) ;
#6924 = ADVANCED_FACE ( 'NONE', ( #2917 ), #1301, .F. ) ;
#6925 = EDGE_CURVE ( 'NONE', #4845, #120, #2898, .T. ) ;
#6926 = VERTEX_POINT ( 'NONE', #2807 ) ;
#6927 = VECTOR ( 'NONE', #5149, 1000.000000000000000 ) ;
#6928 = ORIENTED_EDGE ( 'NONE', *, *, #3032, .T. ) ;
#6929 = EDGE_LOOP ( 'NONE', ( #3026, #4597, #4715, #2699 ) ) ;
#6930 = CARTESIAN_POINT ( 'NONE',  ( -63.03909603667237604, -2.444142737284465738, 50.32938055623830564 ) ) ;
#6931 = CARTESIAN_POINT ( 'NONE',  ( -36.73909603667240731, -2.444142737284243250, 11.07616807355594091 ) ) ;
#6932 = EDGE_CURVE ( 'NONE', #3656, #109, #29, .T. ) ;
#6933 = LINE ( 'NONE', #1516, #265 ) ;
#6934 = CARTESIAN_POINT ( 'NONE',  ( -69.23909603667237889, -2.444142737284526579, 62.28852389418966595 ) ) ;
#6935 = CARTESIAN_POINT ( 'NONE',  ( -63.03909603667236183, -12.44414273728431475, -2.833372241562638750E-14 ) ) ;
#6936 = VERTEX_POINT ( 'NONE', #6186 ) ;
#6937 = ORIENTED_EDGE ( 'NONE', *, *, #652, .F. ) ;
#6938 = ORIENTED_EDGE ( 'NONE', *, *, #5126, .F. ) ;
#6939 = VECTOR ( 'NONE', #3406, 1000.000000000000000 ) ;
#6940 = VECTOR ( 'NONE', #4102, 1000.000000000000114 ) ;
#6941 = DIRECTION ( 'NONE',  ( -3.999776700323682533E-15, 1.000000000000000000, 2.999626010543229460E-15 ) ) ;
#6942 = ORIENTED_EDGE ( 'NONE', *, *, #4629, .T. ) ;
#6943 = FACE_OUTER_BOUND ( 'NONE', #1488, .T. ) ;
#6944 = LINE ( 'NONE', #2957, #4027 ) ;
#6945 = DIRECTION ( 'NONE',  ( -0.8660254037844378194, -4.964172988122226874E-15, 0.5000000000000015543 ) ) ;
#6946 = EDGE_CURVE ( 'NONE', #1447, #5904, #1192, .T. ) ;
#6947 = PLANE ( 'NONE',  #2744 ) ;
#6948 = PLANE ( 'NONE',  #578 ) ;
#6949 = DIRECTION ( 'NONE',  ( 1.000000000000000000, 4.130293990420973630E-15, 0.000000000000000000 ) ) ;
#6950 = EDGE_CURVE ( 'NONE', #3895, #2845, #3383, .T. ) ;
#6951 = VERTEX_POINT ( 'NONE', #6831 ) ;
#6952 = EDGE_CURVE ( 'NONE', #5878, #1787, #1268, .T. ) ;
#6953 = EDGE_LOOP ( 'NONE', ( #2872, #5174, #691, #6402 ) ) ;
#6954 = AXIS2_PLACEMENT_3D ( 'NONE', #944, #1526, #319 ) ;
#6955 = CARTESIAN_POINT ( 'NONE',  ( 14.88222430688690068, -2.444142737283855560, -49.30251158288443492 ) ) ;
#6956 = VECTOR ( 'NONE', #2787, 1000.000000000000000 ) ;
#6957 = CARTESIAN_POINT ( 'NONE',  ( -66.13909603667225667, -37.44414273728420284, -41.26468858849280963 ) ) ;
#6958 = CARTESIAN_POINT ( 'NONE',  ( -46.13909603667241299, 0.9558572627157246870, 9.376168073555946947 ) ) ;
#6959 = CARTESIAN_POINT ( 'NONE',  ( 10.76090396332739729, -37.44414273728421705, 65.86809556316524095 ) ) ;
#6960 = VECTOR ( 'NONE', #394, 999.9999999999998863 ) ;
#6961 = ADVANCED_FACE ( 'NONE', ( #1479 ), #859, .F. ) ;
#6962 = CIRCLE ( 'NONE', #3450, 67.99999999999997158 ) ;
#6963 = VECTOR ( 'NONE', #821, 1000.000000000000000 ) ;
#6964 = ORIENTED_EDGE ( 'NONE', *, *, #1198, .F. ) ;
#6965 = VERTEX_POINT ( 'NONE', #4113 ) ;
#6966 = AXIS2_PLACEMENT_3D ( 'NONE', #765, #5781, #4638 ) ;
#6967 = EDGE_CURVE ( 'NONE', #6234, #3892, #2323, .T. ) ;
#6968 = EDGE_LOOP ( 'NONE', ( #7213, #6502 ) ) ;
#6969 = VERTEX_POINT ( 'NONE', #271 ) ;
#6970 = DIRECTION ( 'NONE',  ( 3.999776700323682533E-15, -1.000000000000000000, -2.999626010543229460E-15 ) ) ;
#6971 = AXIS2_PLACEMENT_3D ( 'NONE', #5808, #1995, #3591 ) ;
#6972 = FACE_BOUND ( 'NONE', #634, .T. ) ;
#6973 = DIRECTION ( 'NONE',  ( 3.999776700323682533E-15, -1.000000000000000000, 0.000000000000000000 ) ) ;
#6974 = LINE ( 'NONE', #2509, #6987 ) ;
#6975 = VECTOR ( 'NONE', #2311, 1000.000000000000000 ) ;
#6976 = ORIENTED_EDGE ( 'NONE', *, *, #3916, .F. ) ;
#6977 = ADVANCED_FACE ( 'NONE', ( #5323 ), #4697, .F. ) ;
#6978 = ORIENTED_EDGE ( 'NONE', *, *, #4322, .T. ) ;
#6979 = EDGE_LOOP ( 'NONE', ( #1303, #6605, #1366, #1734 ) ) ;
#6980 = CARTESIAN_POINT ( 'NONE',  ( 7.660903963327286625, -12.44414273728394704, -29.30554525054137471 ) ) ;
#6981 = ORIENTED_EDGE ( 'NONE', *, *, #6664, .F. ) ;
#6983 = DIRECTION ( 'NONE',  ( 0.4999999999999983347, -5.986464323413474762E-16, 0.8660254037844395958 ) ) ;
#6982 = AXIS2_PLACEMENT_3D ( 'NONE', #4895, #6218, #5180 ) ;
#6984 = DIRECTION ( 'NONE',  ( 0.4999999999999983347, 4.598423132665018768E-15, -0.8660254037844395958 ) ) ;
#6985 = CARTESIAN_POINT ( 'NONE',  ( -66.13909603667238457, -2.444142737284311195, -5.387258574638634556 ) ) ;
#6986 = VECTOR ( 'NONE', #1553, 1000.000000000000227 ) ;
#6987 = VECTOR ( 'NONE', #797, 1000.000000000000000 ) ;
#6988 = CARTESIAN_POINT ( 'NONE',  ( -63.03909603667224815, -37.44414273728451548, 65.86809556316524095 ) ) ;
#6989 = PLANE ( 'NONE',  #5339 ) ;
#6990 = VECTOR ( 'NONE', #6456, 1000.000000000000000 ) ;
#6991 = DIRECTION ( 'NONE',  ( 3.999776700323684900E-15, -1.000000000000000000, 0.000000000000000000 ) ) ;
#6992 = DIRECTION ( 'NONE',  ( -1.000000000000000000, -4.005673051054817973E-15, -0.000000000000000000 ) ) ;
#6993 = VERTEX_POINT ( 'NONE', #4731 ) ;
#6994 = ORIENTED_EDGE ( 'NONE', *, *, #5424, .T. ) ;
#6995 = LINE ( 'NONE', #709, #4746 ) ;
#6996 = CARTESIAN_POINT ( 'NONE',  ( -63.03909603667224815, -37.44414273728457943, 86.20681057009225867 ) ) ;
#6997 = DIRECTION ( 'NONE',  ( -1.000000000000000000, -4.047688110612546206E-15, 0.000000000000000000 ) ) ;
#6998 = DIRECTION ( 'NONE',  ( -1.000000000000000000, -3.854941057726246577E-15, -5.782411586589369866E-15 ) ) ;
#6999 = EDGE_CURVE ( 'NONE', #4615, #6969, #6358, .T. ) ;
#7000 = ORIENTED_EDGE ( 'NONE', *, *, #4283, .T. ) ;
#7001 = EDGE_LOOP ( 'NONE', ( #3706, #3588, #5145, #579 ) ) ;
#7002 = EDGE_LOOP ( 'NONE', ( #383, #1915, #6875, #257 ) ) ;
#7003 = EDGE_LOOP ( 'NONE', ( #3065, #694 ) ) ;
#7004 = DIRECTION ( 'NONE',  ( -1.000000000000000000, -4.956352788505168198E-15, 0.000000000000000000 ) ) ;
#7005 = CARTESIAN_POINT ( 'NONE',  ( -35.73909603667240020, -2.444142737284306754, 33.77616807355593664 ) ) ;
#7006 = DIRECTION ( 'NONE',  ( 3.999776700323687266E-15, -1.000000000000000000, 0.000000000000000000 ) ) ;
#7007 = EDGE_CURVE ( 'NONE', #6492, #6768, #6902, .T. ) ;
#7008 = CARTESIAN_POINT ( 'NONE',  ( 7.660903963327274191, -2.444142737284284994, 84.41702473560454223 ) ) ;
#7009 = EDGE_CURVE ( 'NONE', #1924, #3681, #4144, .T. ) ;
#7010 = VERTEX_POINT ( 'NONE', #1998 ) ;
#7011 = ORIENTED_EDGE ( 'NONE', *, *, #3592, .T. ) ;
#7012 = VERTEX_POINT ( 'NONE', #4183 ) ;
#7013 = LINE ( 'NONE', #940, #2432 ) ;
#7014 = DIRECTION ( 'NONE',  ( -3.999776700323684900E-15, 1.000000000000000000, 3.000529512353633521E-15 ) ) ;
#7015 = ORIENTED_EDGE ( 'NONE', *, *, #7110, .F. ) ;
#7016 = DIRECTION ( 'NONE',  ( -3.999776700323684900E-15, 1.000000000000000000, 3.000529512353633521E-15 ) ) ;
#7017 = DIRECTION ( 'NONE',  ( -3.999776700323684900E-15, 1.000000000000000000, 3.000529512353633521E-15 ) ) ;
#7018 = DIRECTION ( 'NONE',  ( -0.8660254037844381525, -4.964172988122226085E-15, 0.5000000000000007772 ) ) ;
#7019 = EDGE_CURVE ( 'NONE', #4478, #498, #6974, .T. ) ;
#7020 = ADVANCED_FACE ( 'NONE', ( #309 ), #4775, .F. ) ;
#7021 = VERTEX_POINT ( 'NONE', #754 ) ;
#7022 = CARTESIAN_POINT ( 'NONE',  ( -11.47083681049020321, -9.444142737284197509, 29.52628265379340178 ) ) ;
#7023 = DIRECTION ( 'NONE',  ( 3.999776700323684900E-15, -1.000000000000000000, -3.000529512353633521E-15 ) ) ;
#7024 = LINE ( 'NONE', #2014, #623 ) ;
#7025 = DIRECTION ( 'NONE',  ( 4.001428817919833979E-15, -1.000000000000000000, -2.999626010543229460E-15 ) ) ;
#7026 = ORIENTED_EDGE ( 'NONE', *, *, #2222, .T. ) ;
#7027 = ORIENTED_EDGE ( 'NONE', *, *, #305, .T. ) ;
#7028 = CARTESIAN_POINT ( 'NONE',  ( -14.62083681049020889, -7.444142737284209943, 29.52628265379340178 ) ) ;
#7029 = LINE ( 'NONE', #6589, #5337 ) ;
#7030 = CARTESIAN_POINT ( 'NONE',  ( -5.923561648889190678, -12.44414273728411757, 10.25990973764255010 ) ) ;
#7031 = CARTESIAN_POINT ( 'NONE',  ( -3.702362769591104108, -12.44414273728412290, 14.46683629550344108 ) ) ;
#7032 = VERTEX_POINT ( 'NONE', #3555 ) ;
#7033 = ORIENTED_EDGE ( 'NONE', *, *, #3156, .F. ) ;
#7034 = EDGE_CURVE ( 'NONE', #3052, #4329, #6432, .T. ) ;
#7035 = ORIENTED_EDGE ( 'NONE', *, *, #6159, .T. ) ;
#7036 = LINE ( 'NONE', #1403, #6063 ) ;
#7037 = CARTESIAN_POINT ( 'NONE',  ( -0.5523627695911114133, -7.444142737284108691, 14.46683629550345351 ) ) ;
#7038 = CARTESIAN_POINT ( 'NONE',  ( 10.76090396332742216, -37.44414273728428810, 89.78638223906794735 ) ) ;
#7039 = DIRECTION ( 'NONE',  ( -3.999776700323684900E-15, 1.000000000000000000, 3.000529512353633521E-15 ) ) ;
#7040 = ORIENTED_EDGE ( 'NONE', *, *, #718, .F. ) ;
#7041 = EDGE_CURVE ( 'NONE', #1432, #5023, #3623, .T. ) ;
#7042 = VERTEX_POINT ( 'NONE', #3079 ) ;
#7043 = EDGE_CURVE ( 'NONE', #7092, #5132, #2028, .T. ) ;
#7044 = ORIENTED_EDGE ( 'NONE', *, *, #1021, .F. ) ;
#7045 = CARTESIAN_POINT ( 'NONE',  ( 10.76090396332725518, -2.444142737283987010, -10.75661607810215337 ) ) ;
#7046 = CARTESIAN_POINT ( 'NONE',  ( -35.73909603667242152, 0.9558572627157055912, 29.57616807355594446 ) ) ;
#7047 = ORIENTED_EDGE ( 'NONE', *, *, #1459, .T. ) ;
#7048 = DIRECTION ( 'NONE',  ( 3.999776700323684900E-15, -1.000000000000000000, -3.000529512353633521E-15 ) ) ;
#7049 = CARTESIAN_POINT ( 'NONE',  ( -69.23909603667225099, -37.44414273728450127, 53.90895222521388774 ) ) ;
#7050 = DIRECTION ( 'NONE',  ( -0.8660254037844382635, -1.963643475768589014E-15, -0.5000000000000006661 ) ) ;
#7051 = ORIENTED_EDGE ( 'NONE', *, *, #4756, .F. ) ;
#7052 = AXIS2_PLACEMENT_3D ( 'NONE', #962, #308, #3186 ) ;
#7053 = VECTOR ( 'NONE', #2715, 1000.000000000000114 ) ;
#7054 = ADVANCED_FACE ( 'NONE', ( #6392 ), #6459, .F. ) ;
#7055 = CARTESIAN_POINT ( 'NONE',  ( -50.00992937000575722, -37.44414273728417442, -28.49388268174994465 ) ) ;
#7056 = CARTESIAN_POINT ( 'NONE',  ( -46.23909603667235757, -6.444142737284368927, 40.27616807355593664 ) ) ;
#7057 = LINE ( 'NONE', #359, #2289 ) ;
#7058 = DIRECTION ( 'NONE',  ( 0.8660254037844404840, 1.963643475768607947E-15, 0.4999999999999968914 ) ) ;
#7059 = VECTOR ( 'NONE', #3639, 1000.000000000000000 ) ;
#7060 = VECTOR ( 'NONE', #4174, 1000.000000000000114 ) ;
#7061 = ORIENTED_EDGE ( 'NONE', *, *, #6121, .T. ) ;
#7062 = ADVANCED_FACE ( 'NONE', ( #3655 ), #1373, .F. ) ;
#7063 = ORIENTED_EDGE ( 'NONE', *, *, #3183, .T. ) ;
#7064 = DIRECTION ( 'NONE',  ( -3.999776700323684900E-15, 1.000000000000000000, 3.000529512353633521E-15 ) ) ;
#7065 = DIRECTION ( 'NONE',  ( 4.001428817919833979E-15, -1.000000000000000000, -2.999626010543229460E-15 ) ) ;
#7066 = CARTESIAN_POINT ( 'NONE',  ( -69.23909603667235046, -12.44414273728433962, -2.833372241562643168E-14 ) ) ;
#7067 = CARTESIAN_POINT ( 'NONE',  ( -48.78076270333921372, -12.44414273728443732, 69.46926010037007870 ) ) ;
#7068 = ORIENTED_EDGE ( 'NONE', *, *, #3640, .F. ) ;
#7069 = VECTOR ( 'NONE', #2201, 1000.000000000000000 ) ;
#7070 = ORIENTED_EDGE ( 'NONE', *, *, #6785, .T. ) ;
#7071 = ORIENTED_EDGE ( 'NONE', *, *, #1232, .T. ) ;
#7072 = CARTESIAN_POINT ( 'NONE',  ( 4.385504178569584077, -7.444142737284110467, 21.42876338647386447 ) ) ;
#7073 = LINE ( 'NONE', #6538, #2421 ) ;
#7074 = CARTESIAN_POINT ( 'NONE',  ( -66.13909603667235615, -12.44414273728421527, -36.46468858849273431 ) ) ;
#7075 = DIRECTION ( 'NONE',  ( 4.001428817919833979E-15, -1.000000000000000000, -2.999626010543229460E-15 ) ) ;
#7076 = AXIS2_PLACEMENT_3D ( 'NONE', #3327, #6817, #4463 ) ;
#7077 = AXIS2_PLACEMENT_3D ( 'NONE', #3940, #111, #4450 ) ;
#7078 = ORIENTED_EDGE ( 'NONE', *, *, #5763, .T. ) ;
#7079 = ORIENTED_EDGE ( 'NONE', *, *, #3104, .F. ) ;
#7080 = VECTOR ( 'NONE', #153, 1000.000000000000000 ) ;
#7081 = ORIENTED_EDGE ( 'NONE', *, *, #3722, .T. ) ;
#7082 = CARTESIAN_POINT ( 'NONE',  ( -43.46854809146709187, -2.444142737284099809, -45.49156569908907954 ) ) ;
#7083 = VECTOR ( 'NONE', #4897, 1000.000000000000000 ) ;
#7084 = CARTESIAN_POINT ( 'NONE',  ( -35.73909603667242152, 0.9558572627157524426, 13.87616807355594872 ) ) ;
#7085 = VERTEX_POINT ( 'NONE', #898 ) ;
#7086 = DIRECTION ( 'NONE',  ( 1.000000000000000000, 3.997749101455645677E-15, 0.000000000000000000 ) ) ;
#7087 = CARTESIAN_POINT ( 'NONE',  ( 7.660903963327399424, -37.44414273728392573, -36.46468858849281958 ) ) ;
#7088 = LINE ( 'NONE', #6654, #5918 ) ;
#7089 = EDGE_CURVE ( 'NONE', #3188, #3579, #2205, .T. ) ;
#7090 = VECTOR ( 'NONE', #2096, 1000.000000000000000 ) ;
#7091 = ADVANCED_FACE ( 'NONE', ( #2445 ), #3701, .F. ) ;
#7092 = VERTEX_POINT ( 'NONE', #5986 ) ;
#7093 = VECTOR ( 'NONE', #4931, 1000.000000000000000 ) ;
#7094 = CIRCLE ( 'NONE', #90, 67.99999999999994316 ) ;
#7095 = CYLINDRICAL_SURFACE ( 'NONE', #3091, 47.00000000000002842 ) ;
#7096 = CARTESIAN_POINT ( 'NONE',  ( 4.560903963327413990, -37.44414273728431652, 89.78638223906796156 ) ) ;
#7097 = DIRECTION ( 'NONE',  ( -0.8660254037844395958, -1.963643475768600453E-15, -0.4999999999999983347 ) ) ;
#7098 = CARTESIAN_POINT ( 'NONE',  ( 4.560903963327285204, -12.44414273728404474, -2.833372241562556709E-14 ) ) ;
#7099 = VECTOR ( 'NONE', #4975, 1000.000000000000000 ) ;
#7100 = EDGE_CURVE ( 'NONE', #2275, #3188, #5592, .T. ) ;
#7101 = VECTOR ( 'NONE', #247, 1000.000000000000000 ) ;
#7102 = VERTEX_POINT ( 'NONE', #2068 ) ;
#7103 = LINE ( 'NONE', #952, #4165 ) ;
#7104 = VECTOR ( 'NONE', #2873, 1000.000000000000000 ) ;
#7105 = CARTESIAN_POINT ( 'NONE',  ( -66.13909603667224246, -37.44414273728447284, 48.53959472175036893 ) ) ;
#7106 = VECTOR ( 'NONE', #4558, 1000.000000000000000 ) ;
#7107 = DIRECTION ( 'NONE',  ( 3.712746219811193165E-31, -3.000529512353633521E-15, 1.000000000000000000 ) ) ;
#7108 = PLANE ( 'NONE',  #5816 ) ;
#7109 = VECTOR ( 'NONE', #6052, 1000.000000000000000 ) ;
#7110 = EDGE_CURVE ( 'NONE', #2281, #1959, #375, .T. ) ;
#7111 = EDGE_LOOP ( 'NONE', ( #6906, #1885, #670, #1251, #7149, #2477 ) ) ;
#7112 = ORIENTED_EDGE ( 'NONE', *, *, #6211, .T. ) ;
#7113 = ORIENTED_EDGE ( 'NONE', *, *, #4910, .T. ) ;
#7114 = LINE ( 'NONE', #3733, #5421 ) ;
#7115 = CARTESIAN_POINT ( 'NONE',  ( -37.63909603667239878, -2.444142737284309419, 32.07616807355593380 ) ) ;
#7116 = CARTESIAN_POINT ( 'NONE',  ( 10.76090396332729426, -12.44414273728417264, 50.32938055623827722 ) ) ;
#7117 = DIRECTION ( 'NONE',  ( -3.999776700323684900E-15, 1.000000000000000000, 3.000529512353633521E-15 ) ) ;
#7118 = ORIENTED_EDGE ( 'NONE', *, *, #3338, .T. ) ;
#7119 = EDGE_LOOP ( 'NONE', ( #6345, #1178, #2016, #5390 ) ) ;
#7120 = VERTEX_POINT ( 'NONE', #4432 ) ;
#7121 = DIRECTION ( 'NONE',  ( -3.999776700323684900E-15, 1.000000000000000000, 3.000529512353633521E-15 ) ) ;
#7122 = DIRECTION ( 'NONE',  ( 4.001428817919833979E-15, -1.000000000000000000, -2.999626010543229460E-15 ) ) ;
#7123 = ORIENTED_EDGE ( 'NONE', *, *, #6296, .F. ) ;
#7124 = DIRECTION ( 'NONE',  ( -0.5000000000000004441, -4.598423132665023501E-15, 0.8660254037844383745 ) ) ;
#7125 = CARTESIAN_POINT ( 'NONE',  ( -52.99504841762491480, -2.444142737284244138, -10.09898687096877268 ) ) ;
#7126 = DIRECTION ( 'NONE',  ( -3.999776700323684900E-15, 1.000000000000000000, 3.000529512353633521E-15 ) ) ;
#7127 = EDGE_LOOP ( 'NONE', ( #877, #6425, #3050, #388 ) ) ;
#7128 = EDGE_CURVE ( 'NONE', #1305, #1776, #6185, .T. ) ;
#7129 = LINE ( 'NONE', #5342, #4501 ) ;
#7130 = DIRECTION ( 'NONE',  ( 0.4999999999999997780, 4.598423132665022713E-15, -0.8660254037844388186 ) ) ;
#7131 = CARTESIAN_POINT ( 'NONE',  ( 10.76090396332730847, -12.44414273728388487, -46.63404609195624317 ) ) ;
#7132 = LINE ( 'NONE', #6623, #1935 ) ;
#7133 = EDGE_LOOP ( 'NONE', ( #1431, #6298, #2834, #2295 ) ) ;
#7134 = EDGE_CURVE ( 'NONE', #3228, #3540, #3477, .T. ) ;
#7135 = FACE_OUTER_BOUND ( 'NONE', #3479, .T. ) ;
#7136 = ADVANCED_FACE ( 'NONE', ( #1548 ), #4359, .F. ) ;
#7137 = DIRECTION ( 'NONE',  ( -1.000000000000000000, -3.996059435732285968E-15, 0.000000000000000000 ) ) ;
#7138 = DIRECTION ( 'NONE',  ( 0.5000000000000015543, -5.986464323413299241E-16, 0.8660254037844378194 ) ) ;
#7139 = LINE ( 'NONE', #1034, #217 ) ;
#7140 = EDGE_LOOP ( 'NONE', ( #6365, #1534, #601, #1697 ) ) ;
#7141 = ORIENTED_EDGE ( 'NONE', *, *, #4322, .F. ) ;
#7142 = ORIENTED_EDGE ( 'NONE', *, *, #6077, .T. ) ;
#7143 = ADVANCED_FACE ( 'NONE', ( #6601 ), #3187, .F. ) ;
#7144 = DIRECTION ( 'NONE',  ( -1.000000000000000000, -4.005170378358219814E-15, -8.877702494704843174E-15 ) ) ;
#7145 = LINE ( 'NONE', #2135, #1132 ) ;
#7146 = CARTESIAN_POINT ( 'NONE',  ( 4.560903963327255894, -2.444142737284195288, 50.32938055623830564 ) ) ;
#7147 = DIRECTION ( 'NONE',  ( -3.999776700323684900E-15, 1.000000000000000000, 3.000529512353633521E-15 ) ) ;
#7148 = ORIENTED_EDGE ( 'NONE', *, *, #2091, .F. ) ;
#7149 = ORIENTED_EDGE ( 'NONE', *, *, #5396, .T. ) ;
#7150 = ORIENTED_EDGE ( 'NONE', *, *, #2540, .F. ) ;
#7151 = EDGE_CURVE ( 'NONE', #5456, #1212, #7181, .T. ) ;
#7152 = LINE ( 'NONE', #4891, #3360 ) ;
#7153 = CARTESIAN_POINT ( 'NONE',  ( -69.23909603667225099, -37.44414273728450127, 53.90895222521388774 ) ) ;
#7154 = FACE_OUTER_BOUND ( 'NONE', #716, .T. ) ;
#7155 = CARTESIAN_POINT ( 'NONE',  ( -29.22444733852966792, -12.44414273728402698, -50.61822761345452903 ) ) ;
#7156 = DIRECTION ( 'NONE',  ( 0.7071067811865486830, 7.065744626952199473E-16, 0.7071067811865464625 ) ) ;
#7157 = PLANE ( 'NONE',  #2063 ) ;
#7158 = ORIENTED_EDGE ( 'NONE', *, *, #92, .F. ) ;
#7159 = CIRCLE ( 'NONE', #7052, 3.000000000000002665 ) ;
#7160 = DIRECTION ( 'NONE',  ( 1.000000000000000000, 4.005775826501929775E-15, -0.000000000000000000 ) ) ;
#7161 = DIRECTION ( 'NONE',  ( -3.999776700323684900E-15, 1.000000000000000000, 3.000529512353633521E-15 ) ) ;
#7162 = DIRECTION ( 'NONE',  ( -4.000000000000001100E-15, 1.000000000000000000, 2.999999999999999839E-15 ) ) ;
#7163 = CARTESIAN_POINT ( 'NONE',  ( -11.55762521870768111, -5.444142737284149547, 13.52651803764361382 ) ) ;
#7164 = VECTOR ( 'NONE', #6391, 1000.000000000000114 ) ;
#7165 = EDGE_CURVE ( 'NONE', #3540, #3228, #1027, .T. ) ;
#7166 = VERTEX_POINT ( 'NONE', #4993 ) ;
#7167 = CARTESIAN_POINT ( 'NONE',  ( -56.14909603667241100, -2.444142737284376921, 29.97616807355593238 ) ) ;
#7168 = CARTESIAN_POINT ( 'NONE',  ( -21.73909603667274837, -2.444142737284214384, 21.57616807355592670 ) ) ;
#7169 = VECTOR ( 'NONE', #1390, 999.9999999999998863 ) ;
#7170 = DIRECTION ( 'NONE',  ( -3.994991256252005511E-15, 1.000000000000000000, 3.010503119717032181E-15 ) ) ;
#7171 = CARTESIAN_POINT ( 'NONE',  ( -44.83909603667237320, -2.444142737284363154, 40.27616807355593664 ) ) ;
#7172 = EDGE_CURVE ( 'NONE', #3892, #467, #6878, .T. ) ;
#7173 = EDGE_CURVE ( 'NONE', #803, #951, #4885, .T. ) ;
#7174 = ORIENTED_EDGE ( 'NONE', *, *, #584, .F. ) ;
#7175 = EDGE_CURVE ( 'NONE', #7010, #87, #3234, .T. ) ;
#7176 = ORIENTED_EDGE ( 'NONE', *, *, #3200, .F. ) ;
#7177 = VERTEX_POINT ( 'NONE', #4841 ) ;
#7178 = DIRECTION ( 'NONE',  ( -3.999776700323682533E-15, 1.000000000000000000, 0.000000000000000000 ) ) ;
#7179 = DIRECTION ( 'NONE',  ( 3.999776700323682533E-15, -1.000000000000000000, -2.999626010543229460E-15 ) ) ;
#7180 = FACE_OUTER_BOUND ( 'NONE', #6098, .T. ) ;
#7181 = LINE ( 'NONE', #3805, #1149 ) ;
#7182 = EDGE_CURVE ( 'NONE', #668, #3419, #457, .T. ) ;
#7183 = ORIENTED_EDGE ( 'NONE', *, *, #4677, .T. ) ;
#7184 = EDGE_LOOP ( 'NONE', ( #3262, #3377, #2538, #2825, #3587, #4489 ) ) ;
#7185 = ORIENTED_EDGE ( 'NONE', *, *, #2722, .F. ) ;
#7186 = FACE_BOUND ( 'NONE', #3150, .T. ) ;
#7187 = VECTOR ( 'NONE', #5717, 1000.000000000000000 ) ;
#7188 = CARTESIAN_POINT ( 'NONE',  ( -35.73909603667241441, 0.9558572627156930457, 33.77616807355594375 ) ) ;
#7189 = DIRECTION ( 'NONE',  ( 0.8660254037844385966, 4.967330528082556129E-15, -0.4999999999999999445 ) ) ;
#7190 = LINE ( 'NONE', #5593, #3696 ) ;
#7191 = DIRECTION ( 'NONE',  ( 4.001428817919833979E-15, -1.000000000000000000, -2.999626010543229460E-15 ) ) ;
#7192 = FACE_BOUND ( 'NONE', #2408, .T. ) ;
#7193 = ADVANCED_FACE ( 'NONE', ( #2106 ), #487, .T. ) ;
#7194 = ORIENTED_EDGE ( 'NONE', *, *, #522, .T. ) ;
#7195 = VERTEX_POINT ( 'NONE', #935 ) ;
#7196 = VECTOR ( 'NONE', #249, 1000.000000000000000 ) ;
#7197 = ORIENTED_EDGE ( 'NONE', *, *, #6064, .T. ) ;
#7198 = CARTESIAN_POINT ( 'NONE',  ( -7.239096036672504120, -12.44414273728438047, -17.84146757344854706 ) ) ;
#7199 = DIRECTION ( 'NONE',  ( 4.000000000000001100E-15, -1.000000000000000000, -3.000000000000000628E-15 ) ) ;
#7200 = AXIS2_PLACEMENT_3D ( 'NONE', #5392, #3734, #4290 ) ;
#7201 = CARTESIAN_POINT ( 'NONE',  ( 7.660903963327399424, -37.44414273728392573, -36.46468858849281958 ) ) ;
#7202 = CARTESIAN_POINT ( 'NONE',  ( -63.03909603667224815, -37.44414273728453679, 74.24766723214091257 ) ) ;
#7203 = VECTOR ( 'NONE', #5722, 1000.000000000000000 ) ;
#7204 = CIRCLE ( 'NONE', #4048, 2.500000000000000444 ) ;
#7205 = AXIS2_PLACEMENT_3D ( 'NONE', #4579, #3405, #6820 ) ;
#7206 = EDGE_LOOP ( 'NONE', ( #6648, #2503, #5245, #5618 ) ) ;
#7207 = DIRECTION ( 'NONE',  ( 4.000000000000001100E-15, -1.000000000000000000, -3.000000000000000233E-15 ) ) ;
#7208 = VECTOR ( 'NONE', #6184, 1000.000000000000114 ) ;
#7209 = CARTESIAN_POINT ( 'NONE',  ( -21.73909603667260981, -37.44414273728421705, 21.57616807355582011 ) ) ;
#7210 = DIRECTION ( 'NONE',  ( -0.8660254037844405950, 0.000000000000000000, -0.4999999999999966138 ) ) ;
#7211 = CARTESIAN_POINT ( 'NONE',  ( -68.93909603667239594, -2.444142737284372036, 11.07616807355594091 ) ) ;
#7212 = AXIS2_PLACEMENT_3D ( 'NONE', #3710, #4120, #1121 ) ;
#7213 = ORIENTED_EDGE ( 'NONE', *, *, #5972, .F. ) ;
#7214 = CIRCLE ( 'NONE', #804, 2.099999999999999645 ) ;
#7215 = ORIENTED_EDGE ( 'NONE', *, *, #4910, .F. ) ;
#7216 = VERTEX_POINT ( 'NONE', #1074 ) ;
#7217 = LOCAL_TIME ( 16, 23, 32.00000000000000000, #1657 ) ;
#7218 = DIRECTION ( 'NONE',  ( -1.000000000000000000, -2.775557561562887801E-15, 0.000000000000000000 ) ) ;
#7219 = CARTESIAN_POINT ( 'NONE',  ( -71.73909603667235046, -2.444142737284174860, -58.42383192644407330 ) ) ;
#7220 = EDGE_CURVE ( 'NONE', #4658, #5562, #6096, .T. ) ;
#7221 = CARTESIAN_POINT ( 'NONE',  ( -38.53909603667239736, -2.444142737284312972, 32.07616807355594091 ) ) ;
#7222 = LINE ( 'NONE', #3804, #4829 ) ;
#7223 = DIRECTION ( 'NONE',  ( -3.999776700323684900E-15, 1.000000000000000000, 3.000529512353633521E-15 ) ) ;
#7224 = VERTEX_POINT ( 'NONE', #5539 ) ;
#7225 = ORIENTED_EDGE ( 'NONE', *, *, #5682, .F. ) ;
#7226 = ORIENTED_EDGE ( 'NONE', *, *, #3238, .T. ) ;
#7227 = LINE ( 'NONE', #5002, #3821 ) ;
#7228 = EDGE_CURVE ( 'NONE', #717, #6314, #520, .T. ) ;
#7229 = DIRECTION ( 'NONE',  ( -0.000000000000000000, 3.028860078099107970E-15, -1.000000000000000000 ) ) ;
#7230 = CARTESIAN_POINT ( 'NONE',  ( 4.560903963327398891, -37.44414273728426679, 74.24766723214091257 ) ) ;
#7231 = DIRECTION ( 'NONE',  ( 0.8660254037844383745, 0.000000000000000000, 0.5000000000000004441 ) ) ;
#7232 = CARTESIAN_POINT ( 'NONE',  ( 7.660903963327301724, -12.44414273728428455, 84.41702473560451381 ) ) ;
#7233 = FACE_BOUND ( 'NONE', #2345, .T. ) ;
#7234 = ORIENTED_EDGE ( 'NONE', *, *, #4877, .T. ) ;
#7235 = VERTEX_POINT ( 'NONE', #5395 ) ;
ENDSEC;
END-ISO-10303-21;
