ISO-10303-21;
HEADER;
FILE_DESCRIPTION (( 'STEP AP203' ),
    '1' );
FILE_NAME ('star 102_底托.STEP',
    '2026-06-05T07:53:59',
    ( '' ),
    ( '' ),
    'SwSTEP 2.0',
    'SolidWorks 2021',
    '' );
FILE_SCHEMA (( 'CONFIG_CONTROL_DESIGN' ));
ENDSEC;

DATA;
#1 = CARTESIAN_POINT ( 'NONE',  ( 7.660903963327277744, -8.444142737284197509, 55.35232789818803667 ) ) ;
#2 = EDGE_CURVE ( 'NONE', #1618, #532, #1991, .T. ) ;
#3 = LINE ( 'NONE', #1838, #628 ) ;
#4 = DIRECTION ( 'NONE',  ( 0.7071067811865510144, 2.378418892643299644E-15, 0.7071067811865441310 ) ) ;
#5 = ORIENTED_EDGE ( 'NONE', *, *, #300, .T. ) ;
#6 = LINE ( 'NONE', #1016, #1107 ) ;
#7 = VECTOR ( 'NONE', #1305, 1000.000000000000114 ) ;
#8 = CARTESIAN_POINT ( 'NONE',  ( 83.87981741389359058, -0.4441427372837776222, 16.77746992424119199 ) ) ;
#9 = CARTESIAN_POINT ( 'NONE',  ( 47.85105503002599647, -2.444142737283909739, 13.95988075523966288 ) ) ;
#10 = DIRECTION ( 'NONE',  ( 1.000000000000000000, 4.001428817919833979E-15, 0.000000000000000000 ) ) ;
#11 = CARTESIAN_POINT ( 'NONE',  ( 72.82901587096222329, -2.444142737283777400, 2.037158478906806902 ) ) ;
#12 = CARTESIAN_POINT ( 'NONE',  ( 7.105386681459230580, -2.444142737284026978, -2.387258574638636777 ) ) ;
#13 = EDGE_CURVE ( 'NONE', #1260, #2354, #1803, .T. ) ;
#14 = FACE_OUTER_BOUND ( 'NONE', #1374, .T. ) ;
#15 = ORIENTED_EDGE ( 'NONE', *, *, #470, .T. ) ;
#16 = VERTEX_POINT ( 'NONE', #1380 ) ;
#17 = ADVANCED_BREP_SHAPE_REPRESENTATION ( 'star 102_底托', ( #2730, #2000 ), #775 ) ;
#18 = CARTESIAN_POINT ( 'NONE',  ( 4.860903963327277921, -8.444142737284204614, 53.73574714445708622 ) ) ;
#19 = DIRECTION ( 'NONE',  ( 0.8660254037844391517, 2.012028480451544727E-15, 0.4999999999999991118 ) ) ;
#20 = CARTESIAN_POINT ( 'NONE',  ( 80.96088777956205718, -0.4441427372838134824, 24.85609075402538437 ) ) ;
#21 = CC_DESIGN_APPROVAL ( #2304, ( #859 ) ) ;
#22 = CARTESIAN_POINT ( 'NONE',  ( 47.62172124074458424, -2.444142737283936384, 19.40141073094842383 ) ) ;
#23 = CARTESIAN_POINT ( 'NONE',  ( 74.30256865413718970, -0.4441427372838185339, 30.25705860167274608 ) ) ;
#24 = ORIENTED_EDGE ( 'NONE', *, *, #1632, .F. ) ;
#25 = ADVANCED_FACE ( 'NONE', ( #1622 ), #1612, .T. ) ;
#26 = CARTESIAN_POINT ( 'NONE',  ( 57.92641064853099664, -4.444142737280625255, 4.065675733223966581 ) ) ;
#27 = DIRECTION ( 'NONE',  ( 4.047688110612647969E-15, -1.000000000000000000, 0.000000000000000000 ) ) ;
#28 = DIRECTION ( 'NONE',  ( -3.999776700323684900E-15, 1.000000000000000000, 3.000529512353633521E-15 ) ) ;
#29 = ORIENTED_EDGE ( 'NONE', *, *, #224, .F. ) ;
#30 = DIRECTION ( 'NONE',  ( -3.999776700323684900E-15, 1.000000000000000000, 3.004204086082228257E-15 ) ) ;
#31 = CARTESIAN_POINT ( 'NONE',  ( 3.384131255998914014E-14, -8.444142737284066058, -2.521578144408819062E-14 ) ) ;
#32 = VECTOR ( 'NONE', #2542, 1000.000000000000000 ) ;
#33 = CARTESIAN_POINT ( 'NONE',  ( 83.24988752449299056, -0.4441427372837712939, 13.93648249163755004 ) ) ;
#34 = CARTESIAN_POINT ( 'NONE',  ( 56.58609814971065077, -2.444142737271493893, 31.53208033185090287 ) ) ;
#35 = CYLINDRICAL_SURFACE ( 'NONE', #496, 20.00000000000000355 ) ;
#36 = EDGE_LOOP ( 'NONE', ( #960, #1580, #2322, #282 ) ) ;
#37 = CARTESIAN_POINT ( 'NONE',  ( 53.13020063099716594, -2.444142737283671707, 7.939920658605057469 ) ) ;
#38 = FACE_OUTER_BOUND ( 'NONE', #1326, .T. ) ;
#39 = CARTESIAN_POINT ( 'NONE',  ( 72.03296529961704664, -4.444142737283786282, 3.894899197571005001 ) ) ;
#40 = EDGE_CURVE ( 'NONE', #87, #2069, #756, .T. ) ;
#41 = CARTESIAN_POINT ( 'NONE',  ( 75.76090396332726584, -2.444142737283752087, -2.387258574638619013 ) ) ;
#42 = VERTEX_POINT ( 'NONE', #564 ) ;
#43 = CARTESIAN_POINT ( 'NONE',  ( 1.560903963327254784, -2.444142737284268119, 70.65788139765294318 ) ) ;
#44 = CARTESIAN_POINT ( 'NONE',  ( 75.78008032563973018, -2.444142737283777400, 6.232087493600874772 ) ) ;
#45 = CARTESIAN_POINT ( 'NONE',  ( 83.80737518463774904, -0.4441427372837751797, 15.90491803485644873 ) ) ;
#46 = CARTESIAN_POINT ( 'NONE',  ( 60.85095924937780154, -2.444142737287682277, 33.96115108967507723 ) ) ;
#47 = VECTOR ( 'NONE', #765, 1000.000000000000000 ) ;
#48 = EDGE_CURVE ( 'NONE', #2080, #706, #148, .T. ) ;
#49 = CARTESIAN_POINT ( 'NONE',  ( 74.51881181505609675, -2.444142737283855560, 30.24699306840246393 ) ) ;
#50 = ORIENTED_EDGE ( 'NONE', *, *, #2107, .F. ) ;
#51 = CARTESIAN_POINT ( 'NONE',  ( 52.56166617932326091, -2.444142737283870659, 5.621256579189886970 ) ) ;
#52 = DIRECTION ( 'NONE',  ( -3.999776700323684900E-15, 1.000000000000000000, 0.000000000000000000 ) ) ;
#53 = CARTESIAN_POINT ( 'NONE',  ( 49.96229374998033279, -4.444142737283903521, 13.74311256569676232 ) ) ;
#54 = DIRECTION ( 'NONE',  ( 0.000000000000000000, -1.000000000000000000, -3.000529512353634310E-15 ) ) ;
#55 = B_SPLINE_CURVE_WITH_KNOTS ( 'NONE', 3,
 ( #2564, #851, #1473, #2124, #1083, #1097, #685, #863, #1923, #1884, #20, #835, #1512, #2309, #469, #430, #1525, #1898, #1267, #246, #2099, #8, #2536, #45, #646, #2323, #444, #2110, #33, #1308, #233, #1703, #659, #1497, #456, #1728, #1295, #494, #738, #2619 ),
 .UNSPECIFIED., .F., .F.,
 ( 4, 2, 2, 2, 2, 2, 2, 2, 2, 2, 2, 2, 2, 2, 2, 2, 2, 2, 2, 4 ),
 ( 0.000000000000000000, 0.001769627058201090610, 0.003539254116402181221, 0.004424067645502706252, 0.005308881174603229981, 0.007078508232804280043, 0.008848135291005330971, 0.01061776234920637843, 0.01238738940740742936, 0.01415701646560847855, 0.01504182999470899708, 0.01592664352380952081, 0.01681145705291003933, 0.01769627058201056133, 0.01858108411111107985, 0.01946589764021160185, 0.02123552469841263890, 0.02300515175661367942, 0.02477477881481471994, 0.02831403293121680098 ),
 .UNSPECIFIED. ) ;
#56 = ORIENTED_EDGE ( 'NONE', *, *, #2522, .F. ) ;
#57 = EDGE_CURVE ( 'NONE', #2497, #1653, #1505, .T. ) ;
#58 = PLANE ( 'NONE',  #455 ) ;
#59 = CARTESIAN_POINT ( 'NONE',  ( 95.76090396332728005, -2.444142737283816480, 45.53959472175024814 ) ) ;
#60 = VECTOR ( 'NONE', #432, 1000.000000000000227 ) ;
#61 = LINE ( 'NONE', #1350, #425 ) ;
#62 = CARTESIAN_POINT ( 'NONE',  ( 63.19001994776456144, -2.444142737284302314, 34.63643295289823953 ) ) ;
#63 = CARTESIAN_POINT ( 'NONE',  ( 74.61922769176399584, -0.4441427372839935050, 30.24063883318688895 ) ) ;
#64 = ORIENTED_EDGE ( 'NONE', *, *, #2645, .F. ) ;
#65 = CARTESIAN_POINT ( 'NONE',  ( 49.50081303348842710, -4.444142737287122280, 17.55540111508534551 ) ) ;
#66 = CIRCLE ( 'NONE', #156, 20.00000000000000355 ) ;
#67 = CARTESIAN_POINT ( 'NONE',  ( 4.860903963327270816, -8.444142737284019873, -7.350249489883379894 ) ) ;
#68 = CARTESIAN_POINT ( 'NONE',  ( 56.69469690639846249, -4.444142737283854672, 4.814062267138965900 ) ) ;
#69 = DIRECTION ( 'NONE',  ( -1.503136744591779914E-16, -3.000529512353634310E-15, 1.000000000000000000 ) ) ;
#70 = ORIENTED_EDGE ( 'NONE', *, *, #707, .T. ) ;
#71 = ORIENTED_EDGE ( 'NONE', *, *, #1319, .F. ) ;
#72 = CARTESIAN_POINT ( 'NONE',  ( 7.660903963327279520, -8.444142737284014544, -5.733668736152426781 ) ) ;
#73 = FACE_OUTER_BOUND ( 'NONE', #1138, .T. ) ;
#74 = EDGE_CURVE ( 'NONE', #163, #2354, #2622, .T. ) ;
#75 = AXIS2_PLACEMENT_3D ( 'NONE', #2465, #418, #578 ) ;
#76 = CARTESIAN_POINT ( 'NONE',  ( 30.76090396332728361, -9.444142737283852895, 55.53959472175025525 ) ) ;
#77 = CARTESIAN_POINT ( 'NONE',  ( 52.44729287903732029, -4.444142737282344768, 26.92612897133239613 ) ) ;
#78 = CARTESIAN_POINT ( 'NONE',  ( 74.36804616545235547, -0.4441427372838571142, 30.25427814493238188 ) ) ;
#79 = ORIENTED_EDGE ( 'NONE', *, *, #2160, .F. ) ;
#80 = VECTOR ( 'NONE', #823, 1000.000000000000227 ) ;
#81 = CARTESIAN_POINT ( 'NONE',  ( 57.21226188844637051, -4.444142737296575163, 4.480488715601070204 ) ) ;
#82 = CARTESIAN_POINT ( 'NONE',  ( 74.34559269406054227, -2.444142737283856004, 30.25524231185322677 ) ) ;
#83 = CARTESIAN_POINT ( 'NONE',  ( 50.94175987977243381, -4.444142737283939049, 24.22375296751311780 ) ) ;
#84 = PRODUCT_DEFINITION_SHAPE ( 'NONE', 'NONE',  #362 ) ;
#85 = PLANE ( 'NONE',  #1783 ) ;
#86 = EDGE_CURVE ( 'NONE', #389, #518, #6, .T. ) ;
#87 = VERTEX_POINT ( 'NONE', #1458 ) ;
#88 = FACE_OUTER_BOUND ( 'NONE', #401, .T. ) ;
#89 = CARTESIAN_POINT ( 'NONE',  ( 74.34559269406054227, -4.444142737283780953, 5.727013535648047160 ) ) ;
#90 = DIRECTION ( 'NONE',  ( -1.000000000000000000, -4.000858721002845270E-15, 4.886545002751566961E-16 ) ) ;
#91 = CARTESIAN_POINT ( 'NONE',  ( 53.41298574371953833, -4.444142737283933720, 28.29709823845420402 ) ) ;
#92 = CARTESIAN_POINT ( 'NONE',  ( 81.91751735768582421, -0.4441427372838056553, 23.56029351202116828 ) ) ;
#93 = DIRECTION ( 'NONE',  ( 0.8660254037844391517, 0.000000000000000000, 0.4999999999999991118 ) ) ;
#94 = CARTESIAN_POINT ( 'NONE',  ( 50.74018258690040994, -4.444142737283926614, 23.59784406893705011 ) ) ;
#95 = EDGE_CURVE ( 'NONE', #412, #827, #590, .T. ) ;
#96 = DIRECTION ( 'NONE',  ( -0.8660254037844397068, 0.000000000000000000, -0.4999999999999979461 ) ) ;
#97 = CARTESIAN_POINT ( 'NONE',  ( 53.30417483261319944, -4.444142737283882205, 7.655502494428501947 ) ) ;
#98 = CARTESIAN_POINT ( 'NONE',  ( 25.76090396332723031, 2.555857262716123124, -27.50554525054132782 ) ) ;
#99 = PERSON_AND_ORGANIZATION ( #2027, #296 ) ;
#100 = ORIENTED_EDGE ( 'NONE', *, *, #2362, .F. ) ;
#101 = EDGE_CURVE ( 'NONE', #583, #2484, #2115, .T. ) ;
#102 = VECTOR ( 'NONE', #543, 1000.000000000000000 ) ;
#103 = DIRECTION ( 'NONE',  ( -0.8660254037844382635, -2.012028480451550249E-15, -0.5000000000000004441 ) ) ;
#104 = CARTESIAN_POINT ( 'NONE',  ( 10.46090396332728112, -8.444142737284208167, 62.46172897494652432 ) ) ;
#105 = DIRECTION ( 'NONE',  ( -3.999776700323684900E-15, 1.000000000000000000, 3.000529512353633521E-15 ) ) ;
#106 = CARTESIAN_POINT ( 'NONE',  ( 74.22726455047732941, -2.444142737283861777, 30.44449683472027246 ) ) ;
#107 = CARTESIAN_POINT ( 'NONE',  ( 81.34729396503666976, -0.4441427372838104848, 24.36651337553506380 ) ) ;
#108 = EDGE_LOOP ( 'NONE', ( #2319, #1439, #714, #2303, #2704, #802 ) ) ;
#109 = CARTESIAN_POINT ( 'NONE',  ( 74.57305225325863773, -2.236854630707144409, 30.24563994809419043 ) ) ;
#110 = CARTESIAN_POINT ( 'NONE',  ( 70.96536713080416803, -2.444142737283889755, 35.86360182650174266 ) ) ;
#111 = DIRECTION ( 'NONE',  ( 3.999776700323684111E-15, -1.000000000000000000, -6.361844453431546948E-16 ) ) ;
#112 = EDGE_CURVE ( 'NONE', #2080, #2008, #2535, .T. ) ;
#113 = APPLICATION_PROTOCOL_DEFINITION ( 'international standard', 'config_control_design', 1994, #1234 ) ;
#114 = VECTOR ( 'NONE', #1105, 1000.000000000000114 ) ;
#115 = ORIENTED_EDGE ( 'NONE', *, *, #884, .T. ) ;
#116 = CARTESIAN_POINT ( 'NONE',  ( 95.76090396332728005, 3.837773596107623243E-13, 2.655626976336563281E-14 ) ) ;
#117 = CARTESIAN_POINT ( 'NONE',  ( 75.76090396332728005, -2.444142737283825362, 45.53959472175024104 ) ) ;
#118 = CARTESIAN_POINT ( 'NONE',  ( 70.07394948649556454, -2.444142737283899081, 36.22132009168930011 ) ) ;
#119 = CARTESIAN_POINT ( 'NONE',  ( 78.40973423726201474, -2.444142737283835132, 29.26687008760621822 ) ) ;
#120 = VERTEX_POINT ( 'NONE', #1883 ) ;
#121 = CARTESIAN_POINT ( 'NONE',  ( 75.68170919267394936, -0.7963398513659337707, 29.24255848991005280 ) ) ;
#122 = CARTESIAN_POINT ( 'NONE',  ( 76.96536690698835059, -2.444142737283844902, 29.81109733658345462 ) ) ;
#123 = CARTESIAN_POINT ( 'NONE',  ( 40.76090396332746479, -31.44414273728389375, -2.387258574638700726 ) ) ;
#124 = EDGE_CURVE ( 'NONE', #1565, #2499, #2308, .T. ) ;
#125 = CARTESIAN_POINT ( 'NONE',  ( 4.860903963327277921, -8.444142737284195732, 50.50258563699517111 ) ) ;
#126 = ORIENTED_EDGE ( 'NONE', *, *, #1137, .F. ) ;
#127 = AXIS2_PLACEMENT_3D ( 'NONE', #1747, #703, #1130 ) ;
#128 = CARTESIAN_POINT ( 'NONE',  ( 4.860903963327270816, -8.444142737284019873, -7.350249489883379894 ) ) ;
#129 = CARTESIAN_POINT ( 'NONE',  ( 79.63025280190697686, -2.444142737283772071, 8.126922618871526893 ) ) ;
#130 = CARTESIAN_POINT ( 'NONE',  ( 75.50451096107740057, -2.750642075322563329, 30.14334228561126139 ) ) ;
#131 = CARTESIAN_POINT ( 'NONE',  ( 69.40698830655792051, -4.444142737283891975, 34.33407435476113534 ) ) ;
#132 = CARTESIAN_POINT ( 'NONE',  ( 83.21117116996541085, -0.4441427372837928877, 20.90939079290600944 ) ) ;
#133 = CARTESIAN_POINT ( 'NONE',  ( 78.61551730480597655, -2.444142737283769407, 7.126934137128171365 ) ) ;
#134 = ADVANCED_FACE ( 'NONE', ( #549 ), #2391, .T. ) ;
#135 = DIRECTION ( 'NONE',  ( 3.999776700323684900E-15, -1.000000000000000000, -3.000529512353633521E-15 ) ) ;
#136 = CARTESIAN_POINT ( 'NONE',  ( 64.52642279966373451, -4.444142737283907074, 34.84635946206273616 ) ) ;
#137 = FACE_OUTER_BOUND ( 'NONE', #609, .T. ) ;
#138 = CARTESIAN_POINT ( 'NONE',  ( 75.82231312894084851, -2.444142737283770295, 4.374323224232716356 ) ) ;
#139 = FACE_OUTER_BOUND ( 'NONE', #1633, .T. ) ;
#140 = VECTOR ( 'NONE', #2375, 1000.000000000000114 ) ;
#141 = CLOSED_SHELL ( 'NONE', ( #1249, #2285, #2729, #464, #697, #2558, #2373, #1104, #1120, #1877, #1656, #25, #2340, #334, #2117, #1542, #1671, #799, #1684, #1845, #1836, #1476, #2450, #732, #1371, #1887, #1156, #2694, #182, #1459, #1920, #584, #2608, #1209, #2543, #1526, #1626, #1055, #1112, #2494, #899, #1149, #134, #1792, #2540, #1763, #744, #2229, #824, #199, #2573, #436, #1355, #2125, #1969, #1377, #918, #1199, #2004, #380, #1777, #213, #934 ) ) ;
#142 = ORIENTED_EDGE ( 'NONE', *, *, #1804, .F. ) ;
#143 = ORIENTED_EDGE ( 'NONE', *, *, #257, .F. ) ;
#144 = CARTESIAN_POINT ( 'NONE',  ( 76.92317627156457149, -2.444142737283390154, 8.267137435518801425 ) ) ;
#145 = EDGE_CURVE ( 'NONE', #1628, #1864, #1566, .T. ) ;
#146 = CARTESIAN_POINT ( 'NONE',  ( 70.46430698074173904, -2.444142737283878652, 33.88629514347252325 ) ) ;
#147 = CARTESIAN_POINT ( 'NONE',  ( 85.19605017545305259, -2.444142737283761857, 13.37978951021401031 ) ) ;
#148 = LINE ( 'NONE', #1408, #411 ) ;
#149 = CARTESIAN_POINT ( 'NONE',  ( 74.34559269406055648, -6.944142737283782729, 5.727013535648039166 ) ) ;
#150 = CARTESIAN_POINT ( 'NONE',  ( 76.48713465370146025, -2.444142737283852895, 30.58984131706407084 ) ) ;
#151 = CARTESIAN_POINT ( 'NONE',  ( 75.76090396332730847, -9.444142737283657496, 25.53959472175021617 ) ) ;
#152 = CC_DESIGN_PERSON_AND_ORGANIZATION_ASSIGNMENT ( #2257, #2079, ( #859 ) ) ;
#153 = CARTESIAN_POINT ( 'NONE',  ( 40.76090396332721610, -9.444142737283815592, 45.53959472175021261 ) ) ;
#154 = DIRECTION ( 'NONE',  ( 1.000000000000000000, 4.047688110612647969E-15, 2.827486423747385096E-16 ) ) ;
#155 = ORIENTED_EDGE ( 'NONE', *, *, #850, .F. ) ;
#156 = AXIS2_PLACEMENT_3D ( 'NONE', #2559, #465, #1302 ) ;
#157 = ORIENTED_EDGE ( 'NONE', *, *, #310, .T. ) ;
#158 = ORIENTED_EDGE ( 'NONE', *, *, #2297, .F. ) ;
#159 = APPROVAL_PERSON_ORGANIZATION ( #198, #2598, #2481 ) ;
#160 = EDGE_CURVE ( 'NONE', #1219, #1699, #752, .T. ) ;
#161 = CARTESIAN_POINT ( 'NONE',  ( 75.52791862048934490, -2.444142737283855560, 32.10084292142074958 ) ) ;
#162 = CARTESIAN_POINT ( 'NONE',  ( 84.08463936881507550, -2.444142737283617528, 11.50363245165896053 ) ) ;
#163 = VERTEX_POINT ( 'NONE', #2181 ) ;
#164 = DIRECTION ( 'NONE',  ( -2.895618396223835552E-16, -3.004204086082229440E-15, 1.000000000000000000 ) ) ;
#165 = DIRECTION ( 'NONE',  ( -3.999776700323684900E-15, 1.000000000000000000, 3.000529512353633521E-15 ) ) ;
#166 = CARTESIAN_POINT ( 'NONE',  ( 69.24855590623775470, -2.444142737283892863, 36.47863346330702683 ) ) ;
#167 = LINE ( 'NONE', #837, #2550 ) ;
#168 = CARTESIAN_POINT ( 'NONE',  ( 66.55794067528429991, -4.444142737280604827, 2.102667637719084937 ) ) ;
#169 = DIRECTION ( 'NONE',  ( 0.7071067811865441310, 4.952562309367906005E-15, -0.7071067811865510144 ) ) ;
#170 = APPROVAL_DATE_TIME ( #1665, #2598 ) ;
#171 = ORIENTED_EDGE ( 'NONE', *, *, #1508, .F. ) ;
#172 = VECTOR ( 'NONE', #1761, 1000.000000000000000 ) ;
#173 = CONICAL_SURFACE ( 'NONE', #1448, 27.16135841757684588, 0.7853981633974491672 ) ;
#174 = EDGE_CURVE ( 'NONE', #2474, #1686, #1767, .T. ) ;
#175 = ORIENTED_EDGE ( 'NONE', *, *, #1428, .F. ) ;
#176 = CARTESIAN_POINT ( 'NONE',  ( 10.46090396332725625, -2.444142737283999001, -7.350249489883358578 ) ) ;
#177 = CARTESIAN_POINT ( 'NONE',  ( 85.90612573647668171, -0.4441427372838959720, 17.03947186843090122 ) ) ;
#178 = ORIENTED_EDGE ( 'NONE', *, *, #2350, .T. ) ;
#179 = CARTESIAN_POINT ( 'NONE',  ( 75.60422576790374194, -0.4441427372838574472, 28.24825702675683203 ) ) ;
#180 = CARTESIAN_POINT ( 'NONE',  ( 47.95441397461515010, -2.444142737283925282, 13.51262272245671525 ) ) ;
#181 = CARTESIAN_POINT ( 'NONE',  ( 4.860903963327270816, -8.444142737284010991, -10.58341099734527901 ) ) ;
#182 = ADVANCED_FACE ( 'NONE', ( #2445 ), #722, .F. ) ;
#183 = CARTESIAN_POINT ( 'NONE',  ( 73.74821586387079719, -2.444142737269503485, 5.141214094328379502 ) ) ;
#184 = DIRECTION ( 'NONE',  ( 0.000000000000000000, -1.000000000000000000, -2.775557561562892534E-15 ) ) ;
#185 = VERTEX_POINT ( 'NONE', #104 ) ;
#186 = CARTESIAN_POINT ( 'NONE',  ( 4.860903963327277921, -8.444142737284195732, 50.50258563699517111 ) ) ;
#187 = VERTEX_POINT ( 'NONE', #560 ) ;
#188 = ORIENTED_EDGE ( 'NONE', *, *, #2459, .F. ) ;
#189 = DIRECTION ( 'NONE',  ( 5.524973891283812563E-16, 3.004204086082230624E-15, -1.000000000000000000 ) ) ;
#190 = CARTESIAN_POINT ( 'NONE',  ( 83.27201064496321692, -2.444142737283761413, 10.58886157003302486 ) ) ;
#191 = VERTEX_POINT ( 'NONE', #945 ) ;
#192 = DIRECTION ( 'NONE',  ( -1.000000000000000000, -3.998749190598932281E-15, 0.000000000000000000 ) ) ;
#193 = CARTESIAN_POINT ( 'NONE',  ( 76.13828837940661742, -2.444142737283848454, 30.06242038314427845 ) ) ;
#194 = CARTESIAN_POINT ( 'NONE',  ( 48.34635191972852652, -2.444142737283937272, 12.19498277980171608 ) ) ;
#195 = LINE ( 'NONE', #2254, #2271 ) ;
#196 = CARTESIAN_POINT ( 'NONE',  ( 59.92267852398672545, -2.444142737283828914, 1.013229641784472390 ) ) ;
#197 = DIRECTION ( 'NONE',  ( 3.999776700323685689E-15, -1.000000000000000000, -3.004204553385571066E-15 ) ) ;
#198 = PERSON_AND_ORGANIZATION ( #2027, #296 ) ;
#199 = ADVANCED_FACE ( 'NONE', ( #1782 ), #329, .F. ) ;
#200 = ORIENTED_EDGE ( 'NONE', *, *, #2671, .T. ) ;
#201 = LINE ( 'NONE', #2529, #2631 ) ;
#202 = ORIENTED_EDGE ( 'NONE', *, *, #124, .F. ) ;
#203 = AXIS2_PLACEMENT_3D ( 'NONE', #2613, #1999, #558 ) ;
#204 = CARTESIAN_POINT ( 'NONE',  ( 7.660903963327280408, -8.444142737283959477, -24.15913508902759688 ) ) ;
#205 = CARTESIAN_POINT ( 'NONE',  ( 81.18538231550125772, -2.444142737283763633, 8.877624816565241161 ) ) ;
#206 = CC_DESIGN_SECURITY_CLASSIFICATION ( #1696, ( #859 ) ) ;
#207 = EDGE_LOOP ( 'NONE', ( #256, #1541 ) ) ;
#208 = PLANE ( 'NONE',  #2371 ) ;
#209 = CARTESIAN_POINT ( 'NONE',  ( 60.97502542024062677, -2.444142737283821365, 0.6675547260969038055 ) ) ;
#210 = DIRECTION ( 'NONE',  ( 0.000000000000000000, -2.950975104662281324E-15, 1.000000000000000000 ) ) ;
#211 = CARTESIAN_POINT ( 'NONE',  ( 60.18968868291976548, -4.444142737277436694, 3.043026270611204342 ) ) ;
#212 = CARTESIAN_POINT ( 'NONE',  ( 68.26090396332695320, -2.444142737283843569, 18.03959472175019840 ) ) ;
#213 = ADVANCED_FACE ( 'NONE', ( #1180 ), #2113, .T. ) ;
#214 = DIRECTION ( 'NONE',  ( 2.762486945642026090E-16, 1.118168556559787808E-30, -1.000000000000000000 ) ) ;
#215 = ORIENTED_EDGE ( 'NONE', *, *, #2333, .F. ) ;
#216 = ORIENTED_EDGE ( 'NONE', *, *, #74, .F. ) ;
#217 = CARTESIAN_POINT ( 'NONE',  ( 75.29448477178695498, -4.444142737283843125, 28.71008514485651375 ) ) ;
#218 = CARTESIAN_POINT ( 'NONE',  ( 74.80875744565034324, -0.4441427372837785659, 5.884481282424842696 ) ) ;
#219 = VECTOR ( 'NONE', #210, 1000.000000000000000 ) ;
#220 = ORIENTED_EDGE ( 'NONE', *, *, #145, .F. ) ;
#221 = DIRECTION ( 'NONE',  ( 0.7071067811865510144, 7.039758162604147553E-16, 0.7071067811865441310 ) ) ;
#222 = CARTESIAN_POINT ( 'NONE',  ( 50.67763372380822062, -2.444142737283875988, 7.777295468192221506 ) ) ;
#223 = CARTESIAN_POINT ( 'NONE',  ( 15.76090396332726762, -2.444142737284136224, 45.53959472175022682 ) ) ;
#224 = EDGE_CURVE ( 'NONE', #120, #1965, #791, .T. ) ;
#225 = CARTESIAN_POINT ( 'NONE',  ( 59.04476602766045801, -2.444142737285541322, 3.519187029038281178 ) ) ;
#226 = CARTESIAN_POINT ( 'NONE',  ( 25.76090396332723031, 2.555857262716123124, -27.50554525054134913 ) ) ;
#227 = DIRECTION ( 'NONE',  ( 0.7071067811865521247, -0.7071067811865430208, -1.767278248134434396E-15 ) ) ;
#228 = ORIENTED_EDGE ( 'NONE', *, *, #2076, .T. ) ;
#229 = VERTEX_POINT ( 'NONE', #2320 ) ;
#230 = CARTESIAN_POINT ( 'NONE',  ( 75.45326005914826339, -0.4441427372837848941, 8.079029939512626157 ) ) ;
#231 = CARTESIAN_POINT ( 'NONE',  ( 74.15443371686690455, -0.4441427372837893350, 7.774430869126313759 ) ) ;
#232 = VECTOR ( 'NONE', #306, 1000.000000000000000 ) ;
#233 = CARTESIAN_POINT ( 'NONE',  ( 82.81690966704515233, -0.4441427372837712939, 13.16979011981819347 ) ) ;
#234 = CARTESIAN_POINT ( 'NONE',  ( 77.64974301055147521, -2.444142737283771183, 6.175195311614072757 ) ) ;
#235 = CARTESIAN_POINT ( 'NONE',  ( 74.20045718977878835, -0.4441427372837870036, 30.26136930827984628 ) ) ;
#236 = CARTESIAN_POINT ( 'NONE',  ( 57.21226188844622129, -2.444142737304726420, 4.480488715598816007 ) ) ;
#237 = CARTESIAN_POINT ( 'NONE',  ( 25.76090396332721610, 2.555857262716047629, -2.387258574638619013 ) ) ;
#238 = AXIS2_PLACEMENT_3D ( 'NONE', #2467, #2454, #570 ) ;
#239 = CC_DESIGN_PERSON_AND_ORGANIZATION_ASSIGNMENT ( #99, #1834, ( #859 ) ) ;
#240 = DIRECTION ( 'NONE',  ( 0.8660254037844379305, 0.000000000000000000, -0.5000000000000011102 ) ) ;
#241 = ORIENTED_EDGE ( 'NONE', *, *, #2169, .T. ) ;
#242 = ORIENTED_EDGE ( 'NONE', *, *, #2459, .T. ) ;
#243 = DIRECTION ( 'NONE',  ( 1.401298464324817071E-45, 3.004204553385571066E-15, -1.000000000000000000 ) ) ;
#244 = DIRECTION ( 'NONE',  ( 3.999776700323685689E-15, -1.000000000000000000, -3.004204553385571066E-15 ) ) ;
#245 = EDGE_CURVE ( 'NONE', #412, #2587, #2162, .T. ) ;
#246 = CARTESIAN_POINT ( 'NONE',  ( 83.86965098027759780, -0.4441427372837800647, 17.65849239545733695 ) ) ;
#247 = VECTOR ( 'NONE', #1755, 1000.000000000000000 ) ;
#248 = CARTESIAN_POINT ( 'NONE',  ( 56.87082539147534987, -2.444142737283925726, 34.16371131085626445 ) ) ;
#249 = CARTESIAN_POINT ( 'NONE',  ( 74.32299094700874775, -2.444142737283856004, 30.25619646035129762 ) ) ;
#250 = ORIENTED_EDGE ( 'NONE', *, *, #669, .T. ) ;
#251 = CARTESIAN_POINT ( 'NONE',  ( 56.96230593008082366, -2.444142737283836908, 2.310777012823407972 ) ) ;
#252 = CARTESIAN_POINT ( 'NONE',  ( 7.660903963327282185, -8.444142737283979017, -17.69281207410378443 ) ) ;
#253 = CARTESIAN_POINT ( 'NONE',  ( 62.79406290887945374, -4.444142737283827138, 2.313008187062957077 ) ) ;
#254 = DIRECTION ( 'NONE',  ( -1.000000000000000000, -3.872150616019640098E-15, 0.000000000000000000 ) ) ;
#255 = ORIENTED_EDGE ( 'NONE', *, *, #2194, .T. ) ;
#256 = ORIENTED_EDGE ( 'NONE', *, *, #1258, .F. ) ;
#257 = EDGE_CURVE ( 'NONE', #2728, #185, #2261, .T. ) ;
#258 = CARTESIAN_POINT ( 'NONE',  ( 30.76090396332726939, -2.444142737283848454, -27.50554525054133492 ) ) ;
#259 = CARTESIAN_POINT ( 'NONE',  ( 73.68833434778566982, -0.4441427372837906118, 7.616067996740064849 ) ) ;
#260 = VECTOR ( 'NONE', #1231, 1000.000000000000114 ) ;
#261 = LINE ( 'NONE', #1059, #1537 ) ;
#262 = CARTESIAN_POINT ( 'NONE',  ( 63.24021913295074881, -2.444142737283911515, 36.68385384872995303 ) ) ;
#263 = CARTESIAN_POINT ( 'NONE',  ( 74.29989339994214959, -0.4441427372838504528, 28.25530968147219468 ) ) ;
#264 = VERTEX_POINT ( 'NONE', #387 ) ;
#265 = CARTESIAN_POINT ( 'NONE',  ( 47.60454964976594994, -2.444142737283925726, 15.28527122230202728 ) ) ;
#266 = VECTOR ( 'NONE', #1857, 1000.000000000000000 ) ;
#267 = DIRECTION ( 'NONE',  ( 0.000000000000000000, 2.950975104662274224E-15, -1.000000000000000000 ) ) ;
#268 = CARTESIAN_POINT ( 'NONE',  ( 51.21992773907041396, -4.444142737283880429, 10.65883985406151524 ) ) ;
#269 = EDGE_CURVE ( 'NONE', #2069, #1426, #399, .T. ) ;
#270 = CARTESIAN_POINT ( 'NONE',  ( 7.660903963327252875, -2.444142737284197953, 55.35232789818805799 ) ) ;
#271 = DESIGN_CONTEXT ( 'detailed design', #2216, 'design' ) ;
#272 = ORIENTED_EDGE ( 'NONE', *, *, #1004, .F. ) ;
#273 = ORIENTED_EDGE ( 'NONE', *, *, #636, .T. ) ;
#274 = DIRECTION ( 'NONE',  ( -1.000000000000000000, -3.997948283134970832E-15, 0.000000000000000000 ) ) ;
#275 = CARTESIAN_POINT ( 'NONE',  ( 10.46090396332728112, -8.444142737284181521, 53.73574714445707912 ) ) ;
#276 = EDGE_CURVE ( 'NONE', #2372, #16, #1025, .T. ) ;
#277 = FACE_BOUND ( 'NONE', #207, .T. ) ;
#278 = CARTESIAN_POINT ( 'NONE',  ( 53.31614768872209709, -2.444142737283955036, 31.26627419046355882 ) ) ;
#279 = VECTOR ( 'NONE', #4, 1000.000000000000000 ) ;
#280 = CARTESIAN_POINT ( 'NONE',  ( 74.35362438631648274, -0.4441427372838782639, 30.25490324836908940 ) ) ;
#281 = VECTOR ( 'NONE', #441, 1000.000000000000000 ) ;
#282 = ORIENTED_EDGE ( 'NONE', *, *, #2045, .T. ) ;
#283 = CARTESIAN_POINT ( 'NONE',  ( 49.51243788217122699, -4.444142737280707856, 17.96686997543302411 ) ) ;
#284 = LINE ( 'NONE', #2103, #656 ) ;
#285 = CARTESIAN_POINT ( 'NONE',  ( 74.07849052494609055, -4.444142737283779176, 5.468943674948858913 ) ) ;
#286 = EDGE_CURVE ( 'NONE', #185, #2259, #1630, .T. ) ;
#287 = DIRECTION ( 'NONE',  ( -3.999776700323684900E-15, 1.000000000000000000, 3.000529512353633521E-15 ) ) ;
#288 = ORIENTED_EDGE ( 'NONE', *, *, #768, .F. ) ;
#289 = DIRECTION ( 'NONE',  ( -0.7071067811865510144, -7.039761466937772091E-16, -0.7071067811865441310 ) ) ;
#290 = LINE ( 'NONE', #1122, #2519 ) ;
#291 = PLANE ( 'NONE',  #1304 ) ;
#292 = CARTESIAN_POINT ( 'NONE',  ( 66.75798915819670754, -2.444142737281515654, 34.88464565816193641 ) ) ;
#293 = CARTESIAN_POINT ( 'NONE',  ( 74.92015955471458710, -2.444142737283854672, 30.21729324779553494 ) ) ;
#294 = ORIENTED_EDGE ( 'NONE', *, *, #1027, .T. ) ;
#295 = CARTESIAN_POINT ( 'NONE',  ( 49.56795630796618468, -4.444142737287131162, 18.78640222322090381 ) ) ;
#296 = ORGANIZATION ( '未指定', '未指定', '' ) ;
#297 = CARTESIAN_POINT ( 'NONE',  ( 76.96536690698835059, -2.444142737283844902, 29.81109733658345462 ) ) ;
#298 = CARTESIAN_POINT ( 'NONE',  ( 49.71218878801740715, -4.444142737283925726, 19.96974280855861039 ) ) ;
#299 = LINE ( 'NONE', #504, #2581 ) ;
#300 = EDGE_CURVE ( 'NONE', #355, #1494, #1687, .T. ) ;
#301 = CARTESIAN_POINT ( 'NONE',  ( 75.76090396332729426, -9.444142737283682365, -2.387258574638635000 ) ) ;
#302 = FACE_BOUND ( 'NONE', #108, .T. ) ;
#303 = LINE ( 'NONE', #1166, #994 ) ;
#304 = CARTESIAN_POINT ( 'NONE',  ( 67.15223224308144268, -4.444142737287120504, 34.84727669975777076 ) ) ;
#305 = CARTESIAN_POINT ( 'NONE',  ( 76.90452426132415553, -0.4441427372838461785, 29.83738431068490016 ) ) ;
#306 = DIRECTION ( 'NONE',  ( -3.999776700323684900E-15, 1.000000000000000000, 3.000529512353633521E-15 ) ) ;
#307 = CARTESIAN_POINT ( 'NONE',  ( 74.34559269406054227, -2.444142737283856004, 30.25524231185322677 ) ) ;
#308 = CARTESIAN_POINT ( 'NONE',  ( 67.19995023876606410, -4.444142737283796052, 2.157370708388494318 ) ) ;
#309 = CARTESIAN_POINT ( 'NONE',  ( 74.34559269406035753, 45.39941598633069475, 30.25524231185336888 ) ) ;
#310 = EDGE_CURVE ( 'NONE', #187, #1494, #3, .T. ) ;
#311 = DATE_TIME_ROLE ( 'creation_date' ) ;
#312 = ORIENTED_EDGE ( 'NONE', *, *, #790, .F. ) ;
#313 = DIRECTION ( 'NONE',  ( 3.999776700323684900E-15, -1.000000000000000000, -3.004204086082228257E-15 ) ) ;
#314 = ORIENTED_EDGE ( 'NONE', *, *, #2203, .T. ) ;
#315 = LINE ( 'NONE', #2392, #557 ) ;
#316 = EDGE_CURVE ( 'NONE', #583, #1653, #1849, .T. ) ;
#317 = CARTESIAN_POINT ( 'NONE',  ( 68.30428885700504793, -2.444142737281497002, 34.65235118482967636 ) ) ;
#318 = CARTESIAN_POINT ( 'NONE',  ( 76.11645868318245789, -0.4441427372838461785, 30.03796099980582213 ) ) ;
#319 = VERTEX_POINT ( 'NONE', #2289 ) ;
#320 = CARTESIAN_POINT ( 'NONE',  ( 10.46090396332728112, -8.444142737283963029, -19.30939282783473132 ) ) ;
#321 = CARTESIAN_POINT ( 'NONE',  ( 64.16029930848070251, -4.444142737283912403, 34.80201141236635465 ) ) ;
#322 = CARTESIAN_POINT ( 'NONE',  ( 77.63852432627002997, -2.444142737283596212, 6.912206227693521221 ) ) ;
#323 = CARTESIAN_POINT ( 'NONE',  ( 74.39812536542653731, -4.444142737283780953, 5.778782756722170788 ) ) ;
#324 = PLANE ( 'NONE',  #203 ) ;
#325 = VERTEX_POINT ( 'NONE', #630 ) ;
#326 = VECTOR ( 'NONE', #2453, 1000.000000000000000 ) ;
#327 = CARTESIAN_POINT ( 'NONE',  ( 4.860903963327280586, -8.444142737284229483, 62.46172897494652432 ) ) ;
#328 = ORIENTED_EDGE ( 'NONE', *, *, #1072, .F. ) ;
#329 = PLANE ( 'NONE',  #800 ) ;
#330 = LINE ( 'NONE', #2005, #2219 ) ;
#331 = CARTESIAN_POINT ( 'NONE',  ( 74.38895594876896666, -2.444142737283862665, 30.18463044210542634 ) ) ;
#332 = CARTESIAN_POINT ( 'NONE',  ( 75.71932907215897046, -2.444142737283852007, 30.11496461694823523 ) ) ;
#333 = ORIENTED_EDGE ( 'NONE', *, *, #1825, .F. ) ;
#334 = ADVANCED_FACE ( 'NONE', ( #413 ), #2083, .T. ) ;
#335 = CARTESIAN_POINT ( 'NONE',  ( 49.96601536612822514, -4.444142737283933720, 21.21926610131822244 ) ) ;
#336 = PLANE ( 'NONE',  #748 ) ;
#337 = CARTESIAN_POINT ( 'NONE',  ( 62.46471272681134224, -2.444142737283917288, 36.52559318072071193 ) ) ;
#338 = CARTESIAN_POINT ( 'NONE',  ( 7.660903963327278632, -8.444142737284215272, 60.84514822121558097 ) ) ;
#339 = VECTOR ( 'NONE', #1064, 1000.000000000000000 ) ;
#340 = CARTESIAN_POINT ( 'NONE',  ( 74.36758039478780802, -4.444142737283780953, 5.748681692059339987 ) ) ;
#341 = DATE_AND_TIME ( #545, #1169 ) ;
#342 = DIRECTION ( 'NONE',  ( -4.047688110612647969E-15, 1.000000000000000000, 0.000000000000000000 ) ) ;
#343 = DIRECTION ( 'NONE',  ( 0.000000000000000000, 1.000000000000000000, 3.004204553385571855E-15 ) ) ;
#344 = EDGE_CURVE ( 'NONE', #1965, #817, #1672, .T. ) ;
#345 = CARTESIAN_POINT ( 'NONE',  ( 7.660903963327279520, -2.444142737284197953, 55.35232789818805799 ) ) ;
#346 = CARTESIAN_POINT ( 'NONE',  ( 70.11556499092051808, -4.444142737283891975, 34.05097912557862117 ) ) ;
#347 = CARTESIAN_POINT ( 'NONE',  ( 85.10005244886488640, -2.444142737283785838, 21.56880843339211751 ) ) ;
#348 = VERTEX_POINT ( 'NONE', #1264 ) ;
#349 = CARTESIAN_POINT ( 'NONE',  ( 7.105386681459211040, 2.555857262715829137, 45.53959472175024104 ) ) ;
#350 = CARTESIAN_POINT ( 'NONE',  ( 67.84295699398118984, -4.444142737283892863, 34.74556988742384078 ) ) ;
#351 = CARTESIAN_POINT ( 'NONE',  ( 79.28890655262711107, -4.456142737283768085, 7.776876758418317159 ) ) ;
#352 = CARTESIAN_POINT ( 'NONE',  ( 76.04630958029179055, -2.444142737283770295, 4.595064365093623593 ) ) ;
#353 = PERSON_AND_ORGANIZATION ( #2027, #296 ) ;
#354 = EDGE_CURVE ( 'NONE', #1235, #163, #1495, .T. ) ;
#355 = VERTEX_POINT ( 'NONE', #258 ) ;
#356 = VECTOR ( 'NONE', #2199, 1000.000000000000114 ) ;
#357 = DIRECTION ( 'NONE',  ( 4.047688110612648758E-15, -1.000000000000000000, -3.004204553385571066E-15 ) ) ;
#358 = VERTEX_POINT ( 'NONE', #708 ) ;
#359 = DIRECTION ( 'NONE',  ( -1.000000000000000000, -4.008364652245066846E-15, -1.503136744591899969E-16 ) ) ;
#360 = LINE ( 'NONE', #186, #2088 ) ;
#361 = CARTESIAN_POINT ( 'NONE',  ( 74.38895594876900930, -4.444142737283857336, 30.18463044210543345 ) ) ;
#362 = PRODUCT_DEFINITION ( '未知', '', #859, #271 ) ;
#363 = CARTESIAN_POINT ( 'NONE',  ( 76.11645868313280516, -2.444142737283846678, 30.03796099961069288 ) ) ;
#364 = DIRECTION ( 'NONE',  ( 6.938893903907198401E-15, -1.000000000000000000, -1.734723475976799600E-15 ) ) ;
#365 = LINE ( 'NONE', #604, #2646 ) ;
#366 = B_SPLINE_CURVE_WITH_KNOTS ( 'NONE', 3,
 ( #1194, #1480, #2727, #1865 ),
 .UNSPECIFIED., .F., .F.,
 ( 4, 4 ),
 ( -5.999999999933423998E-08, 0.005332268746179523802 ),
 .UNSPECIFIED. ) ;
#367 = CARTESIAN_POINT ( 'NONE',  ( -21.73909603667258494, -2.444142737284214384, 21.57616807355580235 ) ) ;
#368 = CARTESIAN_POINT ( 'NONE',  ( 79.25936683430897745, -2.444142737283768962, 7.761426687470878605 ) ) ;
#369 = DIRECTION ( 'NONE',  ( -1.401298464324817071E-45, -3.004204553385571066E-15, 1.000000000000000000 ) ) ;
#370 = AXIS2_PLACEMENT_3D ( 'NONE', #2654, #2462, #93 ) ;
#371 = EDGE_CURVE ( 'NONE', #880, #2614, #1535, .T. ) ;
#372 = ORIENTED_EDGE ( 'NONE', *, *, #1741, .T. ) ;
#373 = ORIENTED_EDGE ( 'NONE', *, *, #2549, .F. ) ;
#374 = AXIS2_PLACEMENT_3D ( 'NONE', #2228, #1465, #184 ) ;
#375 = CARTESIAN_POINT ( 'NONE',  ( 72.07136115916820529, -2.444142737293498513, 32.89358202020431321 ) ) ;
#376 = CARTESIAN_POINT ( 'NONE',  ( 83.72358472474773805, -0.4441427372837842835, 19.01461300150560874 ) ) ;
#377 = CARTESIAN_POINT ( 'NONE',  ( 75.70961297321484551, -0.5313333660615087162, 28.68844149589423509 ) ) ;
#378 = CARTESIAN_POINT ( 'NONE',  ( 69.61878284273898032, -4.444142737283881317, 34.25569986386627619 ) ) ;
#379 = DIRECTION ( 'NONE',  ( 0.4999999999999990563, -5.986464323413428417E-16, 0.8660254037844391517 ) ) ;
#380 = ADVANCED_FACE ( 'NONE', ( #2588 ), #58, .T. ) ;
#381 = CARTESIAN_POINT ( 'NONE',  ( 73.13703720659692920, -2.444142737279014099, 4.636965702755968088 ) ) ;
#382 = FACE_OUTER_BOUND ( 'NONE', #2528, .T. ) ;
#383 = ORIENTED_EDGE ( 'NONE', *, *, #2056, .T. ) ;
#384 = VECTOR ( 'NONE', #1288, 1000.000000000000000 ) ;
#385 = EDGE_LOOP ( 'NONE', ( #2331, #1689, #2458, #2667 ) ) ;
#386 = ORIENTED_EDGE ( 'NONE', *, *, #371, .F. ) ;
#387 = CARTESIAN_POINT ( 'NONE',  ( 30.76090396332728716, -9.444142737283812039, -12.38725857463862567 ) ) ;
#388 = CARTESIAN_POINT ( 'NONE',  ( 82.50717230143619929, -0.4441427372837711274, 12.73697203881594042 ) ) ;
#389 = VERTEX_POINT ( 'NONE', #43 ) ;
#390 = DIRECTION ( 'NONE',  ( 0.8660254037844397068, 2.012028480451553799E-15, 0.4999999999999981126 ) ) ;
#391 = CARTESIAN_POINT ( 'NONE',  ( 69.10016287175146488, -2.444142737283782285, 0.4809639146175364588 ) ) ;
#392 = DIRECTION ( 'NONE',  ( 0.000000000000000000, 2.950975104662277774E-15, -1.000000000000000000 ) ) ;
#393 = CARTESIAN_POINT ( 'NONE',  ( 61.23631933163088803, -2.444142737283822253, 0.5962054233292585215 ) ) ;
#394 = LINE ( 'NONE', #787, #1581 ) ;
#395 = ORIENTED_EDGE ( 'NONE', *, *, #814, .F. ) ;
#396 = VECTOR ( 'NONE', #267, 1000.000000000000000 ) ;
#397 = ORIENTED_EDGE ( 'NONE', *, *, #286, .F. ) ;
#398 = VECTOR ( 'NONE', #1870, 1000.000000000000000 ) ;
#399 = LINE ( 'NONE', #176, #1464 ) ;
#400 = CARTESIAN_POINT ( 'NONE',  ( 83.72713423077564698, -0.4441427372837742915, 15.41512419200522110 ) ) ;
#401 = EDGE_LOOP ( 'NONE', ( #288, #1143, #242, #1758 ) ) ;
#402 = EDGE_CURVE ( 'NONE', #1965, #1184, #670, .T. ) ;
#403 = FACE_OUTER_BOUND ( 'NONE', #1220, .T. ) ;
#404 = CARTESIAN_POINT ( 'NONE',  ( 47.51788091971276629, -2.444142737283927058, 16.20805148571588461 ) ) ;
#405 = FACE_OUTER_BOUND ( 'NONE', #2307, .T. ) ;
#406 = CARTESIAN_POINT ( 'NONE',  ( 67.64075449860928302, -2.444142737283803157, 0.2134306129079221181 ) ) ;
#407 = DIRECTION ( 'NONE',  ( 2.827486423747359458E-16, 6.361844453431558781E-16, -1.000000000000000000 ) ) ;
#408 = ORIENTED_EDGE ( 'NONE', *, *, #419, .F. ) ;
#409 = VECTOR ( 'NONE', #1948, 1000.000000000000000 ) ;
#410 = DIRECTION ( 'NONE',  ( -3.999776700323685689E-15, 1.000000000000000000, 3.004204553385571066E-15 ) ) ;
#411 = VECTOR ( 'NONE', #523, 1000.000000000000000 ) ;
#412 = VERTEX_POINT ( 'NONE', #1947 ) ;
#413 = FACE_OUTER_BOUND ( 'NONE', #942, .T. ) ;
#414 = CARTESIAN_POINT ( 'NONE',  ( 85.35149274004551501, -0.4441427372838435694, 13.78640494623735080 ) ) ;
#415 = ORIENTED_EDGE ( 'NONE', *, *, #503, .F. ) ;
#416 = DIRECTION ( 'NONE',  ( -0.7071067811865521247, 0.7071067811865430208, -1.953373252202795208E-16 ) ) ;
#417 = CARTESIAN_POINT ( 'NONE',  ( 48.53318202175359630, -2.444142737283943490, 23.38996746005629390 ) ) ;
#418 = DIRECTION ( 'NONE',  ( 3.999776700323684900E-15, -1.000000000000000000, -3.004204086082228257E-15 ) ) ;
#419 = EDGE_CURVE ( 'NONE', #871, #1219, #1549, .T. ) ;
#420 = CARTESIAN_POINT ( 'NONE',  ( 59.42474900738326227, -2.444142737293437229, 3.350192770753769089 ) ) ;
#421 = CARTESIAN_POINT ( 'NONE',  ( 15.76090396332728893, -9.444142737283922173, 70.65788139765295739 ) ) ;
#422 = ORIENTED_EDGE ( 'NONE', *, *, #1959, .T. ) ;
#423 = PLANE ( 'NONE',  #471 ) ;
#424 = ORIENTED_EDGE ( 'NONE', *, *, #1560, .F. ) ;
#425 = VECTOR ( 'NONE', #90, 1000.000000000000000 ) ;
#426 = DIRECTION ( 'NONE',  ( -3.999776700323684900E-15, 1.000000000000000000, 3.000529512353633521E-15 ) ) ;
#427 = CARTESIAN_POINT ( 'NONE',  ( 84.80696677304537445, -2.444142737283761857, 12.58172915540848358 ) ) ;
#428 = EDGE_CURVE ( 'NONE', #2499, #1618, #2348, .T. ) ;
#429 = ORIENTED_EDGE ( 'NONE', *, *, #2584, .T. ) ;
#430 = CARTESIAN_POINT ( 'NONE',  ( 83.25846714217105671, -0.4441427372837921661, 20.80087398427554746 ) ) ;
#431 = CARTESIAN_POINT ( 'NONE',  ( 58.41468374066501923, -2.444142737283816924, 1.608632667544420913 ) ) ;
#432 = DIRECTION ( 'NONE',  ( -0.8660254037844393737, -4.963003585113837884E-15, 0.4999999999999986122 ) ) ;
#433 = CARTESIAN_POINT ( 'NONE',  ( 58.20969924571225818, -2.444142737283830691, 1.701233419612166342 ) ) ;
#434 = DIRECTION ( 'NONE',  ( 2.762486945641905788E-16, 3.004204553385572643E-15, -1.000000000000000000 ) ) ;
#435 = EDGE_LOOP ( 'NONE', ( #1318, #1127, #56, #1444 ) ) ;
#436 = ADVANCED_FACE ( 'NONE', ( #1739 ), #2602, .F. ) ;
#437 = DIRECTION ( 'NONE',  ( 0.4999999999999953926, -5.986464323413645353E-16, 0.8660254037844413721 ) ) ;
#438 = VERTEX_POINT ( 'NONE', #467 ) ;
#439 = ORIENTED_EDGE ( 'NONE', *, *, #2420, .T. ) ;
#440 = VECTOR ( 'NONE', #2583, 1000.000000000000000 ) ;
#441 = DIRECTION ( 'NONE',  ( 0.000000000000000000, 2.950975104662264758E-15, -1.000000000000000000 ) ) ;
#442 = LINE ( 'NONE', #2563, #841 ) ;
#443 = ORIENTED_EDGE ( 'NONE', *, *, #957, .T. ) ;
#444 = CARTESIAN_POINT ( 'NONE',  ( 83.56126456069463870, -0.4441427372837725707, 14.75484488120138415 ) ) ;
#445 = CARTESIAN_POINT ( 'NONE',  ( 59.25681722122844519, -2.444142737283812039, 1.257747896844828572 ) ) ;
#446 = CARTESIAN_POINT ( 'NONE',  ( 74.72764199664061380, -0.4441427372838485099, 28.22621904336742915 ) ) ;
#447 = CARTESIAN_POINT ( 'NONE',  ( 50.68785020337899283, -4.444142737283912403, 11.67512093888263003 ) ) ;
#448 = LINE ( 'NONE', #1916, #2551 ) ;
#449 = CARTESIAN_POINT ( 'NONE',  ( 25.76090396332721255, 2.555857262715903744, 45.53959472175024104 ) ) ;
#450 = EDGE_LOOP ( 'NONE', ( #2431, #1247, #2649, #589, #2686 ) ) ;
#451 = ORIENTED_EDGE ( 'NONE', *, *, #1087, .T. ) ;
#452 = EDGE_CURVE ( 'NONE', #1426, #2038, #2374, .T. ) ;
#453 = DIRECTION ( 'NONE',  ( -0.8660254037844382635, -2.012028480451550249E-15, -0.5000000000000004441 ) ) ;
#454 = LINE ( 'NONE', #1922, #757 ) ;
#455 = AXIS2_PLACEMENT_3D ( 'NONE', #2334, #681, #274 ) ;
#456 = CARTESIAN_POINT ( 'NONE',  ( 80.55939549035734615, -0.4441427372837732923, 10.88939356855698293 ) ) ;
#457 = CARTESIAN_POINT ( 'NONE',  ( 51.01668983699816096, -2.444142737283954148, 28.39187484025947583 ) ) ;
#458 = CARTESIAN_POINT ( 'NONE',  ( 30.76090396332725874, -2.444142737284076272, 45.53959472175024814 ) ) ;
#459 = VERTEX_POINT ( 'NONE', #2165 ) ;
#460 = CARTESIAN_POINT ( 'NONE',  ( 47.51779471667314425, -2.444142737283926170, 16.20039848966107243 ) ) ;
#461 = B_SPLINE_CURVE_WITH_KNOTS ( 'NONE', 3,
 ( #297, #2226, #514, #541, #1382, #82 ),
 .UNSPECIFIED., .F., .F.,
 ( 4, 2, 4 ),
 ( 0.03407054557569431930, 0.03539738305775676913, 0.03672422053981921897 ),
 .UNSPECIFIED. ) ;
#462 = FACE_OUTER_BOUND ( 'NONE', #2560, .T. ) ;
#463 = AXIS2_PLACEMENT_3D ( 'NONE', #774, #1983, #747 ) ;
#464 = ADVANCED_FACE ( 'NONE', ( #861 ), #1701, .F. ) ;
#465 = DIRECTION ( 'NONE',  ( 3.999776700323684111E-15, -1.000000000000000000, -6.361844453431546948E-16 ) ) ;
#466 = ORIENTED_EDGE ( 'NONE', *, *, #1222, .T. ) ;
#467 = CARTESIAN_POINT ( 'NONE',  ( 40.76090396332718768, -2.444142737284036304, 45.53959472175023393 ) ) ;
#468 = CARTESIAN_POINT ( 'NONE',  ( 74.16848850155614059, -2.444142737283782729, 5.667638315951731620 ) ) ;
#469 = CARTESIAN_POINT ( 'NONE',  ( 82.82968278317670752, -0.4441427372837971066, 21.89639547051471169 ) ) ;
#470 = EDGE_CURVE ( 'NONE', #2372, #2069, #2360, .T. ) ;
#471 = AXIS2_PLACEMENT_3D ( 'NONE', #2498, #2713, #1261 ) ;
#472 = CARTESIAN_POINT ( 'NONE',  ( 62.00741317053663693, -4.444142737282322564, 34.33780939654713649 ) ) ;
#473 = CARTESIAN_POINT ( 'NONE',  ( 15.76090396332728893, -2.444142737283954148, -27.50554525054134558 ) ) ;
#474 = ORIENTED_EDGE ( 'NONE', *, *, #74, .T. ) ;
#475 = CARTESIAN_POINT ( 'NONE',  ( 50.12485511822179518, -2.444142737294375589, 13.18609189957750516 ) ) ;
#476 = DIRECTION ( 'NONE',  ( -0.8660254037844395958, 0.000000000000000000, -0.4999999999999983902 ) ) ;
#477 = CARTESIAN_POINT ( 'NONE',  ( 70.05645218129073726, -4.444142737283789835, 2.889455909126069422 ) ) ;
#478 = DIRECTION ( 'NONE',  ( 3.999776700323684900E-15, -1.000000000000000000, 0.000000000000000000 ) ) ;
#479 = VERTEX_POINT ( 'NONE', #492 ) ;
#480 = LINE ( 'NONE', #72, #2415 ) ;
#481 = LINE ( 'NONE', #1321, #2291 ) ;
#482 = CARTESIAN_POINT ( 'NONE',  ( 30.76090396332736887, -31.44414273728410336, 55.53959472175017709 ) ) ;
#483 = CARTESIAN_POINT ( 'NONE',  ( 51.54994549872832010, -2.444142737283954148, 29.14900885198058234 ) ) ;
#484 = ORIENTED_EDGE ( 'NONE', *, *, #1863, .F. ) ;
#485 = EDGE_CURVE ( 'NONE', #2106, #1494, #1081, .T. ) ;
#486 = CARTESIAN_POINT ( 'NONE',  ( 49.81336804584259426, -2.444142737281516542, 14.35148685377161293 ) ) ;
#487 = VECTOR ( 'NONE', #890, 1000.000000000000114 ) ;
#488 = CARTESIAN_POINT ( 'NONE',  ( 10.46090396332725625, -2.444142737283953259, -22.54255433529662156 ) ) ;
#489 = CARTESIAN_POINT ( 'NONE',  ( 50.06452428064302040, -4.444142737283908851, 13.38469372479100450 ) ) ;
#490 = PLANE ( 'NONE',  #1393 ) ;
#491 = ORIENTED_EDGE ( 'NONE', *, *, #1592, .F. ) ;
#492 = CARTESIAN_POINT ( 'NONE',  ( 75.76090396332729426, -9.444142737283636180, -2.387258574638631448 ) ) ;
#493 = LINE ( 'NONE', #59, #409 ) ;
#494 = CARTESIAN_POINT ( 'NONE',  ( 77.55590528716381016, -0.4441427372837797316, 9.113114633591266056 ) ) ;
#495 = CARTESIAN_POINT ( 'NONE',  ( 56.58609814989266340, -4.444142737274303201, 31.53208033158820456 ) ) ;
#496 = AXIS2_PLACEMENT_3D ( 'NONE', #2578, #1964, #2566 ) ;
#497 = CARTESIAN_POINT ( 'NONE',  ( 74.51881181505473251, -0.4441427372838561705, 30.24699306837492330 ) ) ;
#498 = VECTOR ( 'NONE', #359, 1000.000000000000000 ) ;
#499 = ORIENTED_EDGE ( 'NONE', *, *, #985, .F. ) ;
#500 = CARTESIAN_POINT ( 'NONE',  ( 49.56795630778741923, -2.444142737288738321, 18.78640222323291198 ) ) ;
#501 = DIRECTION ( 'NONE',  ( 1.000000000000000000, 3.999776700323684900E-15, 1.180324146686341186E-29 ) ) ;
#502 = CARTESIAN_POINT ( 'NONE',  ( 67.93973201772746506, -4.444142737283816480, 2.277599170547812246 ) ) ;
#503 = EDGE_CURVE ( 'NONE', #706, #1012, #1291, .T. ) ;
#504 = CARTESIAN_POINT ( 'NONE',  ( 40.76090396332735111, -2.444142737283988343, -2.387258574638614128 ) ) ;
#505 = ORIENTED_EDGE ( 'NONE', *, *, #2410, .F. ) ;
#506 = DIRECTION ( 'NONE',  ( -1.000000000000000000, -3.999776700323684111E-15, -2.762486945642026090E-16 ) ) ;
#507 = CARTESIAN_POINT ( 'NONE',  ( 74.37372524831408782, -4.186733230486386681, 5.736427216951902608 ) ) ;
#508 = CARTESIAN_POINT ( 'NONE',  ( 55.70176062537558437, -9.444142737283739208, 30.59873805970168092 ) ) ;
#509 = CARTESIAN_POINT ( 'NONE',  ( 67.15223224307919736, -2.444142737288731659, 34.84727669974455466 ) ) ;
#510 = EDGE_CURVE ( 'NONE', #2614, #319, #2388, .T. ) ;
#511 = CARTESIAN_POINT ( 'NONE',  ( 79.11741084002566993, -0.4441427372843287369, 28.90665471849179369 ) ) ;
#512 = ORIENTED_EDGE ( 'NONE', *, *, #174, .T. ) ;
#513 = AXIS2_PLACEMENT_3D ( 'NONE', #1504, #2544, #1931 ) ;
#514 = CARTESIAN_POINT ( 'NONE',  ( 76.10571259577474734, -2.444142737283849343, 30.04178133985751487 ) ) ;
#515 = CARTESIAN_POINT ( 'NONE',  ( 60.65702617208183511, -4.444142737283803157, 2.864633760545352015 ) ) ;
#516 = CARTESIAN_POINT ( 'NONE',  ( 4.860903963327270816, -8.444142737284019873, -7.350249489883379894 ) ) ;
#517 = LOCAL_TIME ( 15, 53, 59.00000000000000000, #2697 ) ;
#518 = VERTEX_POINT ( 'NONE', #1752 ) ;
#519 = LINE ( 'NONE', #2193, #2161 ) ;
#520 = CARTESIAN_POINT ( 'NONE',  ( 74.34559299339015581, -4.287741341019901675, 30.25524229921540353 ) ) ;
#521 = CARTESIAN_POINT ( 'NONE',  ( 74.29237647043314041, -4.444142737283857336, 30.34108261835793741 ) ) ;
#522 = CARTESIAN_POINT ( 'NONE',  ( 77.26679797808573369, -0.4441427372838363530, 27.58511467135416240 ) ) ;
#523 = DIRECTION ( 'NONE',  ( 0.000000000000000000, -3.085110336692381256E-15, 1.000000000000000000 ) ) ;
#524 = CIRCLE ( 'NONE', #1620, 20.00000000000000355 ) ;
#525 = VECTOR ( 'NONE', #2329, 1000.000000000000114 ) ;
#526 = CARTESIAN_POINT ( 'NONE',  ( 51.40660241688879495, -4.444142737287121392, 25.12279666721007843 ) ) ;
#527 = LINE ( 'NONE', #1600, #1093 ) ;
#528 = CARTESIAN_POINT ( 'NONE',  ( 74.34559269406054227, -4.444142737283780953, 5.727013535648047160 ) ) ;
#529 = DIRECTION ( 'NONE',  ( 3.999776700323684900E-15, -1.000000000000000000, -3.004204086082228257E-15 ) ) ;
#530 = PRODUCT ( 'star 102_底托', 'star 102_底托', '', ( #1162 ) ) ;
#531 = CARTESIAN_POINT ( 'NONE',  ( 74.41848867918569965, -4.444142737283780953, 5.798850133164075160 ) ) ;
#532 = VERTEX_POINT ( 'NONE', #1960 ) ;
#533 = DIRECTION ( 'NONE',  ( -0.8660254037844382635, 0.000000000000000000, -0.5000000000000005551 ) ) ;
#534 = EDGE_CURVE ( 'NONE', #358, #827, #524, .T. ) ;
#535 = CARTESIAN_POINT ( 'NONE',  ( 15.76090396332724808, 2.555857262716007661, -2.387258574638620345 ) ) ;
#536 = CARTESIAN_POINT ( 'NONE',  ( 98.58050324400086595, -6.944142737283722333, 17.99112792375062497 ) ) ;
#537 = CARTESIAN_POINT ( 'NONE',  ( 71.35696935781497530, -2.444142737283879985, 35.67795954736459407 ) ) ;
#538 = CARTESIAN_POINT ( 'NONE',  ( 83.59742218203057007, -2.444142737283800049, 24.64695689938300660 ) ) ;
#539 = ORIENTED_EDGE ( 'NONE', *, *, #790, .T. ) ;
#540 = CARTESIAN_POINT ( 'NONE',  ( 49.96601536615231964, -2.444142737283936828, 21.21926610131113833 ) ) ;
#541 = CARTESIAN_POINT ( 'NONE',  ( 75.23233365925997873, -2.444142737283853339, 30.18985251488911103 ) ) ;
#542 = CARTESIAN_POINT ( 'NONE',  ( 69.68489995597049358, -2.444142737283887534, 36.35086445089686435 ) ) ;
#543 = DIRECTION ( 'NONE',  ( 5.524973891283812563E-16, 3.000529512353635888E-15, -1.000000000000000000 ) ) ;
#544 = CARTESIAN_POINT ( 'NONE',  ( 74.72393838557333368, -2.444142737283784506, 6.099860779792822818 ) ) ;
#545 = CALENDAR_DATE ( 2026, 5, 6 ) ;
#546 = EDGE_CURVE ( 'NONE', #1331, #2246, #1320, .T. ) ;
#547 = ORIENTED_EDGE ( 'NONE', *, *, #276, .F. ) ;
#548 = CARTESIAN_POINT ( 'NONE',  ( 74.97748996752662265, -3.404126897404061491, 5.943475405951325286 ) ) ;
#549 = FACE_OUTER_BOUND ( 'NONE', #2047, .T. ) ;
#550 = CARTESIAN_POINT ( 'NONE',  ( 10.46090396332728112, -8.444142737283963029, -19.30939282783473132 ) ) ;
#551 = CARTESIAN_POINT ( 'NONE',  ( 74.41914024286940332, -2.444142737283864442, 30.13547893219705287 ) ) ;
#552 = CARTESIAN_POINT ( 'NONE',  ( 80.12599774943504372, -2.444142737283758304, 28.27786949619890322 ) ) ;
#553 = EDGE_LOOP ( 'NONE', ( #255, #898, #50, #429 ) ) ;
#554 = DIRECTION ( 'NONE',  ( 0.000000000000000000, -3.085110336692387567E-15, 1.000000000000000000 ) ) ;
#555 = CARTESIAN_POINT ( 'NONE',  ( 57.83384605934349310, -2.444142737283936384, 34.73625134783937085 ) ) ;
#556 = PLANE ( 'NONE',  #374 ) ;
#557 = VECTOR ( 'NONE', #929, 1000.000000000000000 ) ;
#558 = DIRECTION ( 'NONE',  ( 0.000000000000000000, -1.000000000000000000, -3.000529512353631549E-15 ) ) ;
#559 = FACE_OUTER_BOUND ( 'NONE', #1165, .T. ) ;
#560 = CARTESIAN_POINT ( 'NONE',  ( 30.76090396332725518, -2.444142737284028755, -2.387258574638613240 ) ) ;
#561 = DIRECTION ( 'NONE',  ( -0.8660254037844382635, -4.963003585113812641E-15, 0.5000000000000004441 ) ) ;
#562 = CARTESIAN_POINT ( 'NONE',  ( 72.07136115905308316, -4.444142737290286860, 32.89358202007775844 ) ) ;
#563 = CARTESIAN_POINT ( 'NONE',  ( 75.37551270741684561, -0.4441427372838456233, 28.14326165392331802 ) ) ;
#564 = CARTESIAN_POINT ( 'NONE',  ( 74.34559269405841064, -4.444139559997823952, 30.25524231185190871 ) ) ;
#565 = CARTESIAN_POINT ( 'NONE',  ( 4.860903963327256605, -2.444142737284230371, 62.46172897494654563 ) ) ;
#566 = CARTESIAN_POINT ( 'NONE',  ( 66.36419556139192366, -4.444142737283891087, 34.92646871480824444 ) ) ;
#567 = CARTESIAN_POINT ( 'NONE',  ( 79.28890655262709686, -2.444142737283592215, 7.776876758418323377 ) ) ;
#568 = EDGE_CURVE ( 'NONE', #459, #87, #480, .T. ) ;
#569 = CARTESIAN_POINT ( 'NONE',  ( 74.33703542414899346, -4.444142737283780953, 5.718580627396410598 ) ) ;
#570 = DIRECTION ( 'NONE',  ( -1.000000000000000000, -4.027036640660435800E-15, 0.000000000000000000 ) ) ;
#571 = DIRECTION ( 'NONE',  ( 0.000000000000000000, -2.950975104662271069E-15, 1.000000000000000000 ) ) ;
#572 = ORIENTED_EDGE ( 'NONE', *, *, #1562, .F. ) ;
#573 = CARTESIAN_POINT ( 'NONE',  ( 75.84770858998648180, -2.444142737283853339, 31.62166612750534611 ) ) ;
#574 = CARTESIAN_POINT ( 'NONE',  ( 85.69006212365631825, -0.4441427372837603027, 15.02294501009387062 ) ) ;
#575 = DIRECTION ( 'NONE',  ( -3.999776700323684900E-15, 1.000000000000000000, 3.000529512353633521E-15 ) ) ;
#576 = DIRECTION ( 'NONE',  ( 5.524973891283812563E-16, 3.000529512353635888E-15, -1.000000000000000000 ) ) ;
#577 = CARTESIAN_POINT ( 'NONE',  ( 65.17449090770344355, -2.444142737283905742, 36.92576739003860098 ) ) ;
#578 = DIRECTION ( 'NONE',  ( 1.000000000000000000, 4.087509201699946516E-15, 0.000000000000000000 ) ) ;
#579 = CARTESIAN_POINT ( 'NONE',  ( 74.96829815068349490, -2.444142737283784506, 6.340669297095961277 ) ) ;
#580 = CARTESIAN_POINT ( 'NONE',  ( 7.660903963327253763, -2.444142737284214384, 60.84514822121560229 ) ) ;
#581 = EDGE_CURVE ( 'NONE', #2587, #479, #1346, .T. ) ;
#582 = COORDINATED_UNIVERSAL_TIME_OFFSET ( 8, 0, .AHEAD. ) ;
#583 = VERTEX_POINT ( 'NONE', #1765 ) ;
#584 = ADVANCED_FACE ( 'NONE', ( #88 ), #927, .T. ) ;
#585 = ORIENTED_EDGE ( 'NONE', *, *, #2178, .F. ) ;
#586 = VECTOR ( 'NONE', #197, 1000.000000000000000 ) ;
#587 = DIRECTION ( 'NONE',  ( -0.8660254037844397068, -1.877893248421449529E-15, -0.4999999999999979461 ) ) ;
#588 = CARTESIAN_POINT ( 'NONE',  ( 84.57945603533867995, -2.444142737283904854, 12.20441149512181411 ) ) ;
#589 = ORIENTED_EDGE ( 'NONE', *, *, #1754, .T. ) ;
#590 = LINE ( 'NONE', #1856, #1984 ) ;
#591 = EDGE_CURVE ( 'NONE', #1686, #1028, #2412, .T. ) ;
#592 = DIRECTION ( 'NONE',  ( -0.8660254037844382635, -4.963003585113812641E-15, 0.5000000000000004441 ) ) ;
#593 = CARTESIAN_POINT ( 'NONE',  ( 66.99602412083041258, -2.444142737283886202, 36.87330879464680322 ) ) ;
#594 = DIRECTION ( 'NONE',  ( -3.999776700323684900E-15, 1.000000000000000000, 3.000529512353633521E-15 ) ) ;
#595 = CARTESIAN_POINT ( 'NONE',  ( 66.55794067530379721, -2.444142737279006994, 2.102667637550054369 ) ) ;
#596 = CARTESIAN_POINT ( 'NONE',  ( 10.46090396332728112, -2.444142737284182409, 53.73574714445708622 ) ) ;
#597 = ORIENTED_EDGE ( 'NONE', *, *, #568, .T. ) ;
#598 = VECTOR ( 'NONE', #287, 1000.000000000000000 ) ;
#599 = ORIENTED_EDGE ( 'NONE', *, *, #2273, .F. ) ;
#600 = EDGE_CURVE ( 'NONE', #2387, #2318, #1723, .T. ) ;
#601 = CARTESIAN_POINT ( 'NONE',  ( 74.69079888977472592, -2.444142737283854228, 29.69311534302277877 ) ) ;
#602 = CARTESIAN_POINT ( 'NONE',  ( 85.35149274214145976, -2.444142737283763189, 13.78640494560689156 ) ) ;
#603 = ORIENTED_EDGE ( 'NONE', *, *, #2085, .F. ) ;
#604 = CARTESIAN_POINT ( 'NONE',  ( 7.660903963327282185, -8.444142737283979017, -17.69281207410378443 ) ) ;
#605 = CARTESIAN_POINT ( 'NONE',  ( 72.46494851179943453, -2.444142737283768074, 1.829889299553695503 ) ) ;
#606 = LINE ( 'NONE', #2281, #2230 ) ;
#607 = CARTESIAN_POINT ( 'NONE',  ( 70.75575639801087391, -2.444142737286177702, 3.205343906099394236 ) ) ;
#608 = PLANE ( 'NONE',  #2145 ) ;
#609 = EDGE_LOOP ( 'NONE', ( #668, #893, #451 ) ) ;
#610 = VECTOR ( 'NONE', #1681, 1000.000000000000000 ) ;
#611 = DIRECTION ( 'NONE',  ( -3.999776700323684900E-15, 1.000000000000000000, 3.000529512353633521E-15 ) ) ;
#612 = EDGE_LOOP ( 'NONE', ( #1837, #175, #64, #999 ) ) ;
#613 = AXIS2_PLACEMENT_3D ( 'NONE', #2705, #135, #1842 ) ;
#614 = EDGE_CURVE ( 'NONE', #1191, #42, #2156, .T. ) ;
#615 = CARTESIAN_POINT ( 'NONE',  ( 74.75122923079513271, -2.003175656835189056, 5.901986344344640756 ) ) ;
#616 = CARTESIAN_POINT ( 'NONE',  ( 78.67699115786564334, -2.444142737283772071, 7.457235987604473593 ) ) ;
#617 = EDGE_LOOP ( 'NONE', ( #312, #328, #2339, #2469 ) ) ;
#618 = FACE_OUTER_BOUND ( 'NONE', #1482, .T. ) ;
#619 = CARTESIAN_POINT ( 'NONE',  ( 65.02673906897672396, -2.444142737283794720, 0.06274420711415880370 ) ) ;
#620 = DIRECTION ( 'NONE',  ( 3.999776700323684900E-15, -1.000000000000000000, -3.000529512353633521E-15 ) ) ;
#621 = CARTESIAN_POINT ( 'NONE',  ( 58.63405037121368224, -2.444142737283837352, 1.512478947570389254 ) ) ;
#622 = DIRECTION ( 'NONE',  ( 0.5000000000000005551, 4.598423132665025079E-15, -0.8660254037844383745 ) ) ;
#623 = EDGE_LOOP ( 'NONE', ( #1605, #2546, #2082, #408, #1266, #2092 ) ) ;
#624 = CARTESIAN_POINT ( 'NONE',  ( 52.44729287907198056, -2.444142737281150612, 26.92612897131217409 ) ) ;
#625 = AXIS2_PLACEMENT_3D ( 'NONE', #116, #2432, #342 ) ;
#626 = EDGE_CURVE ( 'NONE', #866, #264, #2679, .T. ) ;
#627 = DIRECTION ( 'NONE',  ( 3.999776700323684900E-15, -1.000000000000000000, 0.000000000000000000 ) ) ;
#628 = VECTOR ( 'NONE', #189, 1000.000000000000000 ) ;
#629 = ORIENTED_EDGE ( 'NONE', *, *, #2630, .T. ) ;
#630 = CARTESIAN_POINT ( 'NONE',  ( 79.25936683430897745, -2.444142737283768962, 7.761426687470878605 ) ) ;
#631 = CARTESIAN_POINT ( 'NONE',  ( 85.59883558995898056, -2.444142737283763189, 14.60832254988663692 ) ) ;
#632 = ORIENTED_EDGE ( 'NONE', *, *, #2029, .T. ) ;
#633 = CARTESIAN_POINT ( 'NONE',  ( 40.76090396332735111, -2.444142737283892419, -2.387258574638628339 ) ) ;
#634 = CARTESIAN_POINT ( 'NONE',  ( 48.83424857323637980, -2.444142737283930611, 10.91330053823064539 ) ) ;
#635 = PLANE ( 'NONE',  #1362 ) ;
#636 = EDGE_CURVE ( 'NONE', #1699, #1431, #1839, .T. ) ;
#637 = CARTESIAN_POINT ( 'NONE',  ( 71.11207296759022256, -2.444142737288622413, 3.377950330753124675 ) ) ;
#638 = CARTESIAN_POINT ( 'NONE',  ( 7.660903963327279520, -8.444142737283996780, -12.19999175107623834 ) ) ;
#639 = CARTESIAN_POINT ( 'NONE',  ( 74.51536498537446107, -3.693504824636515416, 30.24701709283083062 ) ) ;
#640 = EDGE_LOOP ( 'NONE', ( #143, #654, #415, #2644, #1796, #397 ) ) ;
#641 = ORIENTED_EDGE ( 'NONE', *, *, #48, .T. ) ;
#642 = CC_DESIGN_APPROVAL ( #840, ( #362 ) ) ;
#643 = CARTESIAN_POINT ( 'NONE',  ( 76.75729809706228934, -2.444142737283844014, 30.14991248788730971 ) ) ;
#644 = DIRECTION ( 'NONE',  ( 3.999776700323684900E-15, -1.000000000000000000, -3.000529512353633521E-15 ) ) ;
#645 = ORIENTED_EDGE ( 'NONE', *, *, #2399, .F. ) ;
#646 = CARTESIAN_POINT ( 'NONE',  ( 83.76347510943557495, -0.4441427372837742915, 15.61579968437307819 ) ) ;
#647 = CARTESIAN_POINT ( 'NONE',  ( 47.51302944905060599, -2.444142737283916400, 18.03548474788149392 ) ) ;
#648 = CARTESIAN_POINT ( 'NONE',  ( 74.32299094700874775, -0.4441427372838250287, 30.25619646035132249 ) ) ;
#649 = CARTESIAN_POINT ( 'NONE',  ( 62.53930357092247760, -4.444142737280601274, 2.345319516260581327 ) ) ;
#650 = DIRECTION ( 'NONE',  ( -0.4999999999999990563, -4.598423132665019557E-15, 0.8660254037844391517 ) ) ;
#651 = EDGE_CURVE ( 'NONE', #2711, #325, #846, .T. ) ;
#652 = CARTESIAN_POINT ( 'NONE',  ( 1.560903963327234800, 2.555857262716026312, -27.50554525054134203 ) ) ;
#653 = ORIENTED_EDGE ( 'NONE', *, *, #2315, .T. ) ;
#654 = ORIENTED_EDGE ( 'NONE', *, *, #2260, .F. ) ;
#655 = VECTOR ( 'NONE', #594, 1000.000000000000000 ) ;
#656 = VECTOR ( 'NONE', #1271, 1000.000000000000114 ) ;
#657 = CARTESIAN_POINT ( 'NONE',  ( 1.560903963327234800, 2.555857262716026312, -27.50554525054134203 ) ) ;
#658 = CARTESIAN_POINT ( 'NONE',  ( 74.16848850155611217, -0.4441427372837802867, 5.667638315951736061 ) ) ;
#659 = CARTESIAN_POINT ( 'NONE',  ( 81.89846240382951237, -0.4441427372837715715, 12.03060978039385454 ) ) ;
#660 = CARTESIAN_POINT ( 'NONE',  ( 53.16010661620373412, -2.444142737285852629, 27.96188456119408983 ) ) ;
#661 = EDGE_CURVE ( 'NONE', #817, #2121, #2101, .T. ) ;
#662 = DIRECTION ( 'NONE',  ( 0.8660254037844397068, 0.000000000000000000, 0.4999999999999981126 ) ) ;
#663 = EDGE_LOOP ( 'NONE', ( #632, #2148, #1273, #2316 ) ) ;
#664 = CARTESIAN_POINT ( 'NONE',  ( 56.16780010244595900, -2.444142737283843569, 2.772371319508405207 ) ) ;
#665 = LINE ( 'NONE', #690, #396 ) ;
#666 = LINE ( 'NONE', #870, #1349 ) ;
#667 = ORIENTED_EDGE ( 'NONE', *, *, #1718, .F. ) ;
#668 = ORIENTED_EDGE ( 'NONE', *, *, #1285, .F. ) ;
#669 = EDGE_CURVE ( 'NONE', #1683, #2038, #1860, .T. ) ;
#670 = LINE ( 'NONE', #2150, #1201 ) ;
#671 = CARTESIAN_POINT ( 'NONE',  ( 30.76090396332725518, -2.444142737284170863, 45.53959472175023393 ) ) ;
#672 = VECTOR ( 'NONE', #1043, 1000.000000000000000 ) ;
#673 = DIRECTION ( 'NONE',  ( -1.000000000000000000, -3.949593628340041499E-15, 0.000000000000000000 ) ) ;
#674 = CARTESIAN_POINT ( 'NONE',  ( 52.69607671176557062, -2.444142737283943934, 30.59340058749836544 ) ) ;
#675 = CARTESIAN_POINT ( 'NONE',  ( 74.36804616545221336, -2.444142737283856004, 30.25427814492887180 ) ) ;
#676 = ORIENTED_EDGE ( 'NONE', *, *, #316, .T. ) ;
#677 = CARTESIAN_POINT ( 'NONE',  ( 50.68785020320486723, -2.444142737284120681, 11.67512093881759050 ) ) ;
#678 = CARTESIAN_POINT ( 'NONE',  ( 74.34559269406054227, -2.444142737283605538, 5.727013535648053377 ) ) ;
#679 = CARTESIAN_POINT ( 'NONE',  ( 73.80461399534091527, -4.444142737283778288, 5.219829813020049336 ) ) ;
#680 = CARTESIAN_POINT ( 'NONE',  ( 7.660903963327279520, -8.444142737284014544, -5.733668736152426781 ) ) ;
#681 = DIRECTION ( 'NONE',  ( -3.997948283134970832E-15, 1.000000000000000000, 3.001444755846104644E-15 ) ) ;
#682 = CARTESIAN_POINT ( 'NONE',  ( 30.76090396332728361, -9.444142737283780065, -12.38725857463863100 ) ) ;
#683 = EDGE_CURVE ( 'NONE', #880, #2387, #2477, .T. ) ;
#684 = VECTOR ( 'NONE', #1892, 1000.000000000000000 ) ;
#685 = CARTESIAN_POINT ( 'NONE',  ( 79.24989990484391456, -0.4441427372838250842, 26.44136800743200411 ) ) ;
#686 = CARTESIAN_POINT ( 'NONE',  ( 63.59116482780756030, -2.444142737283900857, 34.71399099686308887 ) ) ;
#687 = CARTESIAN_POINT ( 'NONE',  ( 74.20045718977874571, -2.444142737283856892, 30.26136930828010918 ) ) ;
#688 = ORIENTED_EDGE ( 'NONE', *, *, #2502, .F. ) ;
#689 = CARTESIAN_POINT ( 'NONE',  ( 54.27030205588238942, -4.444142737285471156, 6.750488485930834948 ) ) ;
#690 = CARTESIAN_POINT ( 'NONE',  ( 10.46090396332728112, -8.444142737283963029, -19.30939282783473132 ) ) ;
#691 = CARTESIAN_POINT ( 'NONE',  ( 54.93297992626752091, -4.444142737283871547, 6.139427976907194662 ) ) ;
#692 = CARTESIAN_POINT ( 'NONE',  ( 4.860903963327277921, -8.444142737284195732, 50.50258563699517111 ) ) ;
#693 = EDGE_LOOP ( 'NONE', ( #1507, #1197, #2512, #1163 ) ) ;
#694 = ORIENTED_EDGE ( 'NONE', *, *, #2703, .F. ) ;
#695 = CARTESIAN_POINT ( 'NONE',  ( 30.76090396332736887, -31.44414273728393638, -2.387258574638700726 ) ) ;
#696 = CARTESIAN_POINT ( 'NONE',  ( 73.53275283557914577, -0.4441427372837911114, 7.563908381898254873 ) ) ;
#697 = ADVANCED_FACE ( 'NONE', ( #1475 ), #2053, .F. ) ;
#698 = CARTESIAN_POINT ( 'NONE',  ( 7.660903963327289290, -2.444142737284233924, 67.31147123613942540 ) ) ;
#699 = CARTESIAN_POINT ( 'NONE',  ( 62.39810170315804072, -2.444142737283499400, 34.44821007303767146 ) ) ;
#700 = CARTESIAN_POINT ( 'NONE',  ( 74.34559269406055648, -6.944142737283782729, 5.727013535648039166 ) ) ;
#701 = EDGE_LOOP ( 'NONE', ( #1706, #547, #688, #2379, #155, #1979 ) ) ;
#702 = CARTESIAN_POINT ( 'NONE',  ( 49.50081303344661166, -2.444142737288725442, 17.55540111508484458 ) ) ;
#703 = DIRECTION ( 'NONE',  ( -0.5000000000000005551, 5.986464323413347558E-16, -0.8660254037844383745 ) ) ;
#704 = CARTESIAN_POINT ( 'NONE',  ( 50.71841989565311337, -4.444142737283888422, 11.65305447793856075 ) ) ;
#705 = CARTESIAN_POINT ( 'NONE',  ( 15.76090396332724808, 2.555857262716007661, -2.387258574638620345 ) ) ;
#706 = VERTEX_POINT ( 'NONE', #1228 ) ;
#707 = EDGE_CURVE ( 'NONE', #1219, #229, #2075, .T. ) ;
#708 = CARTESIAN_POINT ( 'NONE',  ( 75.76090396332728005, -2.444142737283895972, 45.53959472175024104 ) ) ;
#709 = CARTESIAN_POINT ( 'NONE',  ( 76.28454550503006715, -2.794312239222180416, 6.424963744890255235 ) ) ;
#710 = LINE ( 'NONE', #1152, #2488 ) ;
#711 = CARTESIAN_POINT ( 'NONE',  ( 60.10067471677604800, -2.444142737283925726, 33.64979106604688042 ) ) ;
#712 = CARTESIAN_POINT ( 'NONE',  ( 81.14108553202852647, -0.4441427372838120391, 24.62585769718765505 ) ) ;
#713 = AXIS2_PLACEMENT_3D ( 'NONE', #204, #1040, #1880 ) ;
#714 = ORIENTED_EDGE ( 'NONE', *, *, #2383, .T. ) ;
#715 = CARTESIAN_POINT ( 'NONE',  ( 49.27697221061319510, -2.444142737283891087, 10.00621166424354236 ) ) ;
#716 = CARTESIAN_POINT ( 'NONE',  ( 75.60216503491787421, -0.9734768272388402144, 29.48093199469529679 ) ) ;
#717 = CARTESIAN_POINT ( 'NONE',  ( 52.75956133793035718, -4.444142737283934608, 27.41440708174010155 ) ) ;
#718 = EDGE_CURVE ( 'NONE', #866, #1698, #167, .T. ) ;
#719 = DATE_AND_TIME ( #1808, #1695 ) ;
#720 = ORIENTED_EDGE ( 'NONE', *, *, #1067, .T. ) ;
#721 = PLANE ( 'NONE',  #1813 ) ;
#722 = CYLINDRICAL_SURFACE ( 'NONE', #1814, 37.49999999999999289 ) ;
#723 = CARTESIAN_POINT ( 'NONE',  ( 1.560903963327239685, 2.555857262715790945, 50.95915634908705982 ) ) ;
#724 = CARTESIAN_POINT ( 'NONE',  ( 70.93265046745021607, -2.444142737283894640, 35.87824621288839921 ) ) ;
#725 = CARTESIAN_POINT ( 'NONE',  ( 79.11741083982892064, -2.444142737283835132, 28.90665471810466514 ) ) ;
#726 = ORIENTED_EDGE ( 'NONE', *, *, #1804, .T. ) ;
#727 = CARTESIAN_POINT ( 'NONE',  ( 50.89764884386549681, -2.444142737281245203, 23.98349812266273418 ) ) ;
#728 = PLANE ( 'NONE',  #1711 ) ;
#729 = CARTESIAN_POINT ( 'NONE',  ( 74.21428386428644330, -4.444142737283787170, 5.597613548975863829 ) ) ;
#730 = CARTESIAN_POINT ( 'NONE',  ( 86.47402866750209682, -2.444142737283755640, 12.67072692514677001 ) ) ;
#731 = CARTESIAN_POINT ( 'NONE',  ( 74.52030524798158240, -4.444142737283780953, 5.899187015373674292 ) ) ;
#732 = ADVANCED_FACE ( 'NONE', ( #1649 ), #635, .F. ) ;
#733 =( LENGTH_UNIT ( ) NAMED_UNIT ( * ) SI_UNIT ( .MILLI., .METRE. ) );
#734 = EDGE_LOOP ( 'NONE', ( #1643, #1850, #2046, #926 ) ) ;
#735 = CARTESIAN_POINT ( 'NONE',  ( 74.78881409731850738, -3.560245828904925691, 5.877788233305359711 ) ) ;
#736 = VECTOR ( 'NONE', #2296, 1000.000000000000000 ) ;
#737 = CARTESIAN_POINT ( 'NONE',  ( 7.660903963327278632, -8.444142737284215272, 60.84514822121558097 ) ) ;
#738 = CARTESIAN_POINT ( 'NONE',  ( 76.48473158396888039, -0.4441427372837828957, 8.643883298750457911 ) ) ;
#739 = CARTESIAN_POINT ( 'NONE',  ( 74.33114432329264787, -4.444142737284157541, 30.27875610285837382 ) ) ;
#740 = CARTESIAN_POINT ( 'NONE',  ( 80.12599774956224508, -0.4441427372836840859, 28.27786949639548908 ) ) ;
#741 = ORIENTED_EDGE ( 'NONE', *, *, #2, .F. ) ;
#742 = AXIS2_PLACEMENT_3D ( 'NONE', #67, #650, #2557 ) ;
#743 = CARTESIAN_POINT ( 'NONE',  ( 50.74018258679956972, -2.444142737282415379, 23.59784406897353648 ) ) ;
#744 = ADVANCED_FACE ( 'NONE', ( #1447 ), #853, .T. ) ;
#745 = CARTESIAN_POINT ( 'NONE',  ( 30.76090396332728005, -9.444142737283854672, 70.65788139765294318 ) ) ;
#746 = DIRECTION ( 'NONE',  ( -5.524973891283907226E-16, -6.361844453431568642E-16, 1.000000000000000000 ) ) ;
#747 = DIRECTION ( 'NONE',  ( 0.8660254037844385966, 0.000000000000000000, 0.5000000000000000000 ) ) ;
#748 = AXIS2_PLACEMENT_3D ( 'NONE', #2186, #1173, #936 ) ;
#749 = CARTESIAN_POINT ( 'NONE',  ( 76.92317627156387516, -4.444142737283780953, 8.267137435519501309 ) ) ;
#750 = ORIENTED_EDGE ( 'NONE', *, *, #2062, .F. ) ;
#751 = CARTESIAN_POINT ( 'NONE',  ( 75.60578211614338784, -3.039620055724018499, 6.168410098070299163 ) ) ;
#752 = LINE ( 'NONE', #1551, #498 ) ;
#753 = DIRECTION ( 'NONE',  ( -1.000000000000000000, -3.997948283134970832E-15, 0.000000000000000000 ) ) ;
#754 = CARTESIAN_POINT ( 'NONE',  ( 73.67247270748651999, -2.444142737291096878, 31.24060008180563841 ) ) ;
#755 = CARTESIAN_POINT ( 'NONE',  ( 81.92840499925155484, -0.4441427372846624699, 26.76918133571453851 ) ) ;
#756 = LINE ( 'NONE', #933, #2342 ) ;
#757 = VECTOR ( 'NONE', #644, 1000.000000000000000 ) ;
#758 = CARTESIAN_POINT ( 'NONE',  ( 98.58050324400085174, -2.444142737283730327, 17.99112792375063918 ) ) ;
#759 = VECTOR ( 'NONE', #2500, 1000.000000000000000 ) ;
#760 = CARTESIAN_POINT ( 'NONE',  ( 75.76250304312182493, -2.444142737283855116, 31.75283887759609769 ) ) ;
#761 = CARTESIAN_POINT ( 'NONE',  ( 7.660903963327277744, -8.444142737284197509, 55.35232789818803667 ) ) ;
#762 = CC_DESIGN_PERSON_AND_ORGANIZATION_ASSIGNMENT ( #956, #2629, ( #530 ) ) ;
#763 = COORDINATED_UNIVERSAL_TIME_OFFSET ( 8, 0, .AHEAD. ) ;
#764 = EDGE_LOOP ( 'NONE', ( #1563, #676, #1933, #801 ) ) ;
#765 = DIRECTION ( 'NONE',  ( -4.047688110612668479E-15, 1.000000000000000000, 5.782411586589526258E-16 ) ) ;
#766 = CARTESIAN_POINT ( 'NONE',  ( 78.97862676160829665, -2.444142737283772959, 7.484766572736105239 ) ) ;
#767 = CARTESIAN_POINT ( 'NONE',  ( 75.36920804970185372, -2.821044642438153005, 30.16303685136026047 ) ) ;
#768 = EDGE_CURVE ( 'NONE', #1457, #191, #1423, .T. ) ;
#769 = CARTESIAN_POINT ( 'NONE',  ( 75.91039214808232316, -2.444142737283854228, 31.52495461377080588 ) ) ;
#770 = CARTESIAN_POINT ( 'NONE',  ( 84.19297007962553892, -2.444142737283800049, 23.66938313622618750 ) ) ;
#771 = CARTESIAN_POINT ( 'NONE',  ( 7.660903963327277744, -8.444142737284197509, 55.35232789818803667 ) ) ;
#772 = CARTESIAN_POINT ( 'NONE',  ( 15.76090396332726229, -2.444142737284211719, 70.65788139765294318 ) ) ;
#773 = CARTESIAN_POINT ( 'NONE',  ( 70.54259480276249406, -2.444142737283883093, 36.04370405544831613 ) ) ;
#774 = CARTESIAN_POINT ( 'NONE',  ( 4.860903963327277921, -8.444142737284204614, 53.73574714445708622 ) ) ;
#775 =( GEOMETRIC_REPRESENTATION_CONTEXT ( 3 ) GLOBAL_UNCERTAINTY_ASSIGNED_CONTEXT ( ( #1589 ) ) GLOBAL_UNIT_ASSIGNED_CONTEXT ( ( #733, #1373, #1413 ) ) REPRESENTATION_CONTEXT ( 'NONE', 'WORKASPACE' ) );
#776 = CARTESIAN_POINT ( 'NONE',  ( 74.35739873790818422, -4.444142737283780953, 5.738648003838347833 ) ) ;
#777 = PERSON_AND_ORGANIZATION ( #2027, #296 ) ;
#778 = ORIENTED_EDGE ( 'NONE', *, *, #1222, .F. ) ;
#779 = CARTESIAN_POINT ( 'NONE',  ( 76.39508656785383778, -2.444142737283847122, 30.73973060678866531 ) ) ;
#780 = CARTESIAN_POINT ( 'NONE',  ( 85.43350069839635808, -0.4441427372837611909, 20.47907545426318165 ) ) ;
#781 = ORIENTED_EDGE ( 'NONE', *, *, #2015, .F. ) ;
#782 = EDGE_CURVE ( 'NONE', #1331, #2288, #1007, .T. ) ;
#783 = CARTESIAN_POINT ( 'NONE',  ( 7.660903963327254651, -2.444142737283995448, -12.19999175107622058 ) ) ;
#784 = CARTESIAN_POINT ( 'NONE',  ( 76.01034359489483450, -2.444142737283853339, 31.36959812068139541 ) ) ;
#785 = DIRECTION ( 'NONE',  ( -3.999776700323684900E-15, 1.000000000000000000, 3.000529512353633521E-15 ) ) ;
#786 = CARTESIAN_POINT ( 'NONE',  ( 76.53502911051202773, -2.444142737283771183, 5.076681399699594976 ) ) ;
#787 = CARTESIAN_POINT ( 'NONE',  ( 15.76090396332726229, -2.444142737283916844, -27.50554525054135979 ) ) ;
#788 = ORIENTED_EDGE ( 'NONE', *, *, #1176, .T. ) ;
#789 = ORIENTED_EDGE ( 'NONE', *, *, #2362, .T. ) ;
#790 = EDGE_CURVE ( 'NONE', #191, #817, #195, .T. ) ;
#791 = LINE ( 'NONE', #1442, #2293 ) ;
#792 = CARTESIAN_POINT ( 'NONE',  ( 83.46491061467673944, -0.4441427372837723486, 14.45770403333153631 ) ) ;
#793 = ORIENTED_EDGE ( 'NONE', *, *, #1027, .F. ) ;
#794 = LINE ( 'NONE', #1409, #2279 ) ;
#795 = CARTESIAN_POINT ( 'NONE',  ( 72.20023092234626461, -2.444142737283883982, 35.24443651990262794 ) ) ;
#796 = DIRECTION ( 'NONE',  ( -1.000000000000000000, -3.999776700323684111E-15, -2.762486945642026090E-16 ) ) ;
#797 = CARTESIAN_POINT ( 'NONE',  ( 68.91762591667963989, -2.444142737288593548, 2.505449090328119244 ) ) ;
#798 = LINE ( 'NONE', #2055, #260 ) ;
#799 = ADVANCED_FACE ( 'NONE', ( #1637 ), #1873, .T. ) ;
#800 = AXIS2_PLACEMENT_3D ( 'NONE', #1593, #2221, #343 ) ;
#801 = ORIENTED_EDGE ( 'NONE', *, *, #1896, .T. ) ;
#802 = ORIENTED_EDGE ( 'NONE', *, *, #40, .T. ) ;
#803 = AXIS2_PLACEMENT_3D ( 'NONE', #1048, #1022, #369 ) ;
#804 = DIRECTION ( 'NONE',  ( -3.999776700323684900E-15, 1.000000000000000000, 3.004204086082228257E-15 ) ) ;
#805 = CARTESIAN_POINT ( 'NONE',  ( 81.12552191693391990, -0.4441427372837723486, 11.33962750430866251 ) ) ;
#806 = VERTEX_POINT ( 'NONE', #181 ) ;
#807 = CARTESIAN_POINT ( 'NONE',  ( 74.34559269406054227, -2.444142737283856004, 30.25524231185322677 ) ) ;
#808 = CARTESIAN_POINT ( 'NONE',  ( 56.77368393318655393, -2.444142737283847566, 2.416431896081588704 ) ) ;
#809 = CARTESIAN_POINT ( 'NONE',  ( -21.73909603667260626, 2.555857262715785616, 21.57616807355581656 ) ) ;
#810 = CARTESIAN_POINT ( 'NONE',  ( 63.96866785204417738, -2.444142737283817812, 0.1075475697807791314 ) ) ;
#811 = LINE ( 'NONE', #580, #2417 ) ;
#812 = AXIS2_PLACEMENT_3D ( 'NONE', #1390, #437, #1546 ) ;
#813 = ORIENTED_EDGE ( 'NONE', *, *, #402, .F. ) ;
#814 = EDGE_CURVE ( 'NONE', #1618, #1331, #606, .T. ) ;
#815 = CIRCLE ( 'NONE', #2310, 37.49999999999999289 ) ;
#816 = CARTESIAN_POINT ( 'NONE',  ( 74.67437898140231312, -3.429168234756964306, 30.23656307752377970 ) ) ;
#817 = VERTEX_POINT ( 'NONE', #1255 ) ;
#818 = CARTESIAN_POINT ( 'NONE',  ( 75.46203116182103088, -0.9647002535457622763, 6.806007661370208517 ) ) ;
#819 = CARTESIAN_POINT ( 'NONE',  ( 80.56541966512888564, -2.444142737283767186, 8.485940426912616630 ) ) ;
#820 = EDGE_LOOP ( 'NONE', ( #1879, #1015, #1290, #383 ) ) ;
#821 = CARTESIAN_POINT ( 'NONE',  ( 10.46090396332728112, -8.444142737284218825, 65.69489048240845364 ) ) ;
#822 = CARTESIAN_POINT ( 'NONE',  ( 52.44274648189536236, -2.444142737283868883, 5.717640378041366489 ) ) ;
#823 = DIRECTION ( 'NONE',  ( -0.8660254037844399289, -4.963003585113829996E-15, 0.4999999999999978351 ) ) ;
#824 = ADVANCED_FACE ( 'NONE', ( #405 ), #2737, .F. ) ;
#825 = CARTESIAN_POINT ( 'NONE',  ( 66.15984418981715010, -2.444142737279031419, 2.075866440030360582 ) ) ;
#826 = CARTESIAN_POINT ( 'NONE',  ( 7.660903963327282185, -8.444142737284179745, 48.88600488326422777 ) ) ;
#827 = VERTEX_POINT ( 'NONE', #1662 ) ;
#828 = LINE ( 'NONE', #2446, #2263 ) ;
#829 = ORIENTED_EDGE ( 'NONE', *, *, #2703, .T. ) ;
#830 = VERTEX_POINT ( 'NONE', #2090 ) ;
#831 = VECTOR ( 'NONE', #1936, 1000.000000000000000 ) ;
#832 = CARTESIAN_POINT ( 'NONE',  ( 75.23819103756551385, -1.356687371945784593, 6.372733675105146212 ) ) ;
#833 = CARTESIAN_POINT ( 'NONE',  ( 83.34734635434872985, -0.4441427372837719045, 14.15168689720191786 ) ) ;
#834 = ORIENTED_EDGE ( 'NONE', *, *, #2141, .T. ) ;
#835 = CARTESIAN_POINT ( 'NONE',  ( 81.68313104776750322, -0.4441427372838076537, 23.92704979742287108 ) ) ;
#836 = CARTESIAN_POINT ( 'NONE',  ( 76.04011918679394455, -2.444142737283770295, 4.588963935757290002 ) ) ;
#837 = CARTESIAN_POINT ( 'NONE',  ( 95.76090396332730847, -9.444142737283540256, -27.50554525054132782 ) ) ;
#838 = CARTESIAN_POINT ( 'NONE',  ( 72.15309108294214013, -2.444142737286180811, 3.969275469306106530 ) ) ;
#839 = PLANE ( 'NONE',  #238 ) ;
#840 = APPROVAL ( #1561, '未指定' ) ;
#841 = VECTOR ( 'NONE', #1292, 1000.000000000000000 ) ;
#842 = FACE_OUTER_BOUND ( 'NONE', #820, .T. ) ;
#843 = VECTOR ( 'NONE', #587, 1000.000000000000114 ) ;
#844 = ORIENTED_EDGE ( 'NONE', *, *, #2383, .F. ) ;
#845 = CARTESIAN_POINT ( 'NONE',  ( 75.05301041898310643, -4.444142737283850231, 29.10329722412136277 ) ) ;
#846 = B_SPLINE_CURVE_WITH_KNOTS ( 'NONE', 3,
 ( #122, #1790, #150, #1587, #784, #760, #2692, #2427, #2052, #1624, #981, #2464, #795, #110, #773, #542, #166, #1383, #1843, #593, #2214, #577, #1422, #2253, #337, #966, #2227, #1806, #2439, #555, #1397, #2669, #2266, #1018, #2064, #1676, #1488, #1073, #1859, #2524, #2100, #1885, #1691, #2074, #2538, #417, #1912, #2324, #1254, #22, #1030, #647, #1899, #404, #2706, #9, #180, #1872, #194, #634, #2721, #864, #222, #1704, #822, #1240, #852, #1661, #808, #1474, #431, #445, #2553, #209, #1268, #1433, #2280, #2507, #619, #2311, #1283, #1461, #1648, #391, #1227, #2295, #2492, #605, #1446, #2111, #2089, #1045, #2736, #836, #1060, #234, #133, #1061 ),
 .UNSPECIFIED., .F., .F.,
 ( 4, 2, 2, 2, 2, 2, 2, 2, 2, 2, 2, 2, 2, 2, 2, 2, 2, 2, 2, 2, 2, 2, 2, 2, 2, 2, 2, 2, 2, 2, 2, 2, 2, 2, 2, 2, 2, 2, 2, 2, 2, 2, 2, 2, 2, 2, 2, 1, 1, 4 ),
 ( 1.040834085586084257E-17, 0.001368175408247559142, 0.002052263112371329173, 0.002736350816495099637, 0.004104526224742640131, 0.005472701632990180191, 0.008209052449485290670, 0.009577227857732864558, 0.01094540326598044018, 0.01231357867422801580, 0.01368175408247559142, 0.01641810489897074093, 0.01778628030721831482, 0.01915445571546588871, 0.02189080653196105730, 0.02325898194020864854, 0.02462715734845624324, 0.02736350816495146387, 0.03009985898144667757, 0.03146803438969428268, 0.03283620979794188433, 0.03557256061443710149, 0.03694073602268468925, 0.03830891143093230478, 0.04104526224742749418, 0.04241343765567509583, 0.04378161306392269747, 0.04651796388041787300, 0.04788613928866546077, 0.04925431469691304853, 0.05199066551340822406, 0.05472701632990339959, 0.05746336714639857512, 0.06019971796289375066, 0.06293606877938892619, 0.06430424418763651395, 0.06567241959588410172, 0.06840877041237929113, 0.06977694582062689277, 0.07114512122887448053, 0.07251329663712206830, 0.07388147204536964219, 0.07661782286186481772, 0.07798599827011239161, 0.07935417367835995162, 0.08209052449485505776, 0.08277461219897880307, 0.08345869990310256226, 0.08482687531135010839, 0.08756322612784515902 ),
 .UNSPECIFIED. ) ;
#847 = CARTESIAN_POINT ( 'NONE',  ( 74.48502209249306816, -2.444142737283781397, 5.773667256108232060 ) ) ;
#848 = ORIENTED_EDGE ( 'NONE', *, *, #651, .F. ) ;
#849 = CARTESIAN_POINT ( 'NONE',  ( 98.58050324400083753, -0.4441427372837224996, 17.99112792375064274 ) ) ;
#850 = EDGE_CURVE ( 'NONE', #806, #1114, #1844, .T. ) ;
#851 = CARTESIAN_POINT ( 'NONE',  ( 76.12137107407797032, -0.4441427372838422372, 27.99323858769079365 ) ) ;
#852 = CARTESIAN_POINT ( 'NONE',  ( 54.50334459330883874, -2.444142737283864442, 3.910868739229828250 ) ) ;
#853 = CYLINDRICAL_SURFACE ( 'NONE', #75, 27.16135841757684588 ) ;
#854 = CARTESIAN_POINT ( 'NONE',  ( 69.66793665505387878, -2.444142737279009214, 2.742038594785463967 ) ) ;
#855 = DIRECTION ( 'NONE',  ( 1.000000000000000000, 3.999776700323684900E-15, 1.233975244262993409E-29 ) ) ;
#856 = DIRECTION ( 'NONE',  ( 0.8660254037844379305, 4.963003585113818951E-15, -0.5000000000000011102 ) ) ;
#857 = ORIENTED_EDGE ( 'NONE', *, *, #1959, .F. ) ;
#858 = EDGE_LOOP ( 'NONE', ( #2437, #2555, #1914, #15 ) ) ;
#859 = PRODUCT_DEFINITION_FORMATION_WITH_SPECIFIED_SOURCE ( '任何', '', #530, .NOT_KNOWN. ) ;
#860 = EDGE_CURVE ( 'NONE', #2259, #2080, #1046, .T. ) ;
#861 = FACE_OUTER_BOUND ( 'NONE', #553, .T. ) ;
#862 = CARTESIAN_POINT ( 'NONE',  ( 75.45632784774836921, -0.4441427372836366239, 6.113085220703968758 ) ) ;
#863 = CARTESIAN_POINT ( 'NONE',  ( 79.70944785805416188, -0.4441427372838223642, 26.07760183929626763 ) ) ;
#864 = CARTESIAN_POINT ( 'NONE',  ( 50.15929288670346153, -2.444142737283883537, 8.516440128261686837 ) ) ;
#865 = CARTESIAN_POINT ( 'NONE',  ( 75.12035961355638847, -2.444142737283852007, 30.19601906557022630 ) ) ;
#866 = VERTEX_POINT ( 'NONE', #1284 ) ;
#867 = CARTESIAN_POINT ( 'NONE',  ( 52.35049298537447271, -4.444142737283870659, 8.882351476863382445 ) ) ;
#868 = FACE_OUTER_BOUND ( 'NONE', #2561, .T. ) ;
#869 = EDGE_CURVE ( 'NONE', #2660, #1058, #1951, .T. ) ;
#870 = CARTESIAN_POINT ( 'NONE',  ( 95.76090396332729426, -9.444142737283556244, -2.387258574638631448 ) ) ;
#871 = VERTEX_POINT ( 'NONE', #473 ) ;
#872 = ORIENTED_EDGE ( 'NONE', *, *, #1037, .F. ) ;
#873 = AXIS2_PLACEMENT_3D ( 'NONE', #367, #2476, #2024 ) ;
#874 = VECTOR ( 'NONE', #434, 1000.000000000000000 ) ;
#875 = DIRECTION ( 'NONE',  ( 1.000000000000000000, 3.999776700323685689E-15, -2.421725034069289692E-16 ) ) ;
#876 = DIRECTION ( 'NONE',  ( -4.027036640660438166E-15, 1.000000000000000000, 2.950975104662276985E-15 ) ) ;
#877 = CARTESIAN_POINT ( 'NONE',  ( 4.860903963327253940, -2.444142737284194844, 50.50258563699519243 ) ) ;
#878 = CARTESIAN_POINT ( 'NONE',  ( 56.48088049118072718, -2.444142737283933275, 33.90872426514889781 ) ) ;
#879 = DIRECTION ( 'NONE',  ( 1.869109024056129996E-36, 3.004204086082228257E-15, -1.000000000000000000 ) ) ;
#880 = VERTEX_POINT ( 'NONE', #2592 ) ;
#881 = CARTESIAN_POINT ( 'NONE',  ( 50.74666711266590369, -2.444142737283875100, 7.683408968496929781 ) ) ;
#882 = CARTESIAN_POINT ( 'NONE',  ( 74.34559269406055648, -6.944142737283782729, 5.727013535648025844 ) ) ;
#883 = CARTESIAN_POINT ( 'NONE',  ( 71.38932362215055605, -4.444142737283788946, 3.523452369022944008 ) ) ;
#884 = EDGE_CURVE ( 'NONE', #2057, #2264, #1277, .T. ) ;
#885 = CARTESIAN_POINT ( 'NONE',  ( 74.34559269406054227, -2.444142737283856004, 30.25524231185322677 ) ) ;
#886 = EDGE_LOOP ( 'NONE', ( #944, #1232, #273, #2022, #171 ) ) ;
#887 = ORIENTED_EDGE ( 'NONE', *, *, #1233, .F. ) ;
#888 = DIRECTION ( 'NONE',  ( 2.762486945641905295E-16, -3.004204553385571855E-15, 1.000000000000000000 ) ) ;
#889 = CARTESIAN_POINT ( 'NONE',  ( 77.39723910853247446, -0.4441427372837702947, 6.871567029721272313 ) ) ;
#890 = DIRECTION ( 'NONE',  ( 0.8660254037844391517, 1.877893248421444795E-15, 0.4999999999999990563 ) ) ;
#891 = CARTESIAN_POINT ( 'NONE',  ( 53.41298574373706032, -2.444142737283931943, 28.29709823844007488 ) ) ;
#892 = CARTESIAN_POINT ( 'NONE',  ( 74.40574280196592838, -2.444142737283855560, 30.25254026475172253 ) ) ;
#893 = ORIENTED_EDGE ( 'NONE', *, *, #2410, .T. ) ;
#894 = CARTESIAN_POINT ( 'NONE',  ( 47.50028128213520517, -2.444142737283930167, 17.58478431665036723 ) ) ;
#895 = PLANE ( 'NONE',  #1930 ) ;
#896 = CARTESIAN_POINT ( 'NONE',  ( 61.35800289314232714, -4.444142737283815592, 2.643441160171118298 ) ) ;
#897 = DIRECTION ( 'NONE',  ( -1.000000000000000000, -4.001428817919833979E-15, 0.000000000000000000 ) ) ;
#898 = ORIENTED_EDGE ( 'NONE', *, *, #1395, .F. ) ;
#899 = ADVANCED_FACE ( 'NONE', ( #1489 ), #2365, .T. ) ;
#900 = CARTESIAN_POINT ( 'NONE',  ( 15.76090396332726229, -2.444142737283916844, -27.50554525054135979 ) ) ;
#901 = CARTESIAN_POINT ( 'NONE',  ( 76.00150091545893360, -0.4441427372837841725, 8.458635488035218586 ) ) ;
#902 = VECTOR ( 'NONE', #410, 1000.000000000000000 ) ;
#903 = DIRECTION ( 'NONE',  ( 2.421725034069410487E-16, -3.016148451522811368E-15, 1.000000000000000000 ) ) ;
#904 = CARTESIAN_POINT ( 'NONE',  ( 65.57797083056904341, -2.444142737288723222, 34.93570609583425579 ) ) ;
#905 = CARTESIAN_POINT ( 'NONE',  ( 74.48345071648721216, -0.4441427372838495646, 28.24516282795734767 ) ) ;
#906 = ORIENTED_EDGE ( 'NONE', *, *, #768, .T. ) ;
#907 = CARTESIAN_POINT ( 'NONE',  ( 50.25268501823153144, -4.444142737283912403, 12.80458070394797154 ) ) ;
#908 = CARTESIAN_POINT ( 'NONE',  ( 10.46090396332728112, -8.444142737284208167, 62.46172897494652432 ) ) ;
#909 = CARTESIAN_POINT ( 'NONE',  ( 10.46090396332725625, -2.444142737283963029, -19.30939282783471711 ) ) ;
#910 = EDGE_CURVE ( 'NONE', #2318, #518, #1499, .T. ) ;
#911 = AXIS2_PLACEMENT_3D ( 'NONE', #1019, #379, #2493 ) ;
#912 = CARTESIAN_POINT ( 'NONE',  ( 7.660903963327280408, -8.444142737283959477, -24.15913508902759688 ) ) ;
#913 = ORIENTED_EDGE ( 'NONE', *, *, #2584, .F. ) ;
#914 = ORIENTED_EDGE ( 'NONE', *, *, #2662, .T. ) ;
#915 = DIRECTION ( 'NONE',  ( -3.999776700323684900E-15, 1.000000000000000000, 3.000529512353633521E-15 ) ) ;
#916 = DIRECTION ( 'NONE',  ( -3.999776700323685689E-15, 1.000000000000000000, 3.004204553385571066E-15 ) ) ;
#917 = LINE ( 'NONE', #2167, #1736 ) ;
#918 = ADVANCED_FACE ( 'NONE', ( #1325 ), #35, .T. ) ;
#919 = CARTESIAN_POINT ( 'NONE',  ( 51.82910988475892822, -2.444142737283943934, 29.51908412473935073 ) ) ;
#920 = CARTESIAN_POINT ( 'NONE',  ( 78.04516806592602052, -2.444142737283769407, 29.42891577563673522 ) ) ;
#921 = ORIENTED_EDGE ( 'NONE', *, *, #683, .F. ) ;
#922 = CARTESIAN_POINT ( 'NONE',  ( 53.40265752355300322, -2.444142737282676059, 7.634210716304957955 ) ) ;
#923 = FACE_OUTER_BOUND ( 'NONE', #2133, .T. ) ;
#924 = CARTESIAN_POINT ( 'NONE',  ( 63.52592235166743251, -4.444142737283823585, 2.193185766287903515 ) ) ;
#925 = DIRECTION ( 'NONE',  ( -1.000000000000000000, -3.999776700323684900E-15, -1.180324146686339925E-29 ) ) ;
#926 = ORIENTED_EDGE ( 'NONE', *, *, #1293, .T. ) ;
#927 = PLANE ( 'NONE',  #2685 ) ;
#928 = CARTESIAN_POINT ( 'NONE',  ( 10.46090396332728112, -8.444142737284172640, 50.50258563699517111 ) ) ;
#929 = DIRECTION ( 'NONE',  ( 0.000000000000000000, 2.950975104662264758E-15, -1.000000000000000000 ) ) ;
#930 = CARTESIAN_POINT ( 'NONE',  ( 53.16010661613755417, -4.444142737285546652, 27.96188456123908850 ) ) ;
#931 = CARTESIAN_POINT ( 'NONE',  ( 84.53509370868218298, -0.4441427372842140509, 22.99016164933712858 ) ) ;
#932 = AXIS2_PLACEMENT_3D ( 'NONE', #695, #1726, #1934 ) ;
#933 = CARTESIAN_POINT ( 'NONE',  ( 7.660903963327254651, -2.444142737284014988, -5.733668736152409018 ) ) ;
#934 = ADVANCED_FACE ( 'NONE', ( #2112 ), #2615, .T. ) ;
#935 = CARTESIAN_POINT ( 'NONE',  ( 49.78817107374448625, -2.444142737288710787, 20.41342756685887139 ) ) ;
#936 = DIRECTION ( 'NONE',  ( 1.000000000000000000, 3.999776700323684900E-15, 0.000000000000000000 ) ) ;
#937 = CARTESIAN_POINT ( 'NONE',  ( 72.94853272921251630, -4.444142737283788946, 4.518039144267063989 ) ) ;
#938 = DIRECTION ( 'NONE',  ( -3.999776700323684900E-15, 1.000000000000000000, 3.000529512353633521E-15 ) ) ;
#939 = CARTESIAN_POINT ( 'NONE',  ( 75.92412969773670284, -2.444142737283770295, 4.474660106442351015 ) ) ;
#940 = CIRCLE ( 'NONE', #1556, 37.49999999999999289 ) ;
#941 = DIRECTION ( 'NONE',  ( -4.047688110612647969E-15, 1.000000000000000000, 0.000000000000000000 ) ) ;
#942 = EDGE_LOOP ( 'NONE', ( #1907, #2258, #2586, #1042 ) ) ;
#943 = DIRECTION ( 'NONE',  ( -1.000000000000000000, -3.999776700323684900E-15, 0.000000000000000000 ) ) ;
#944 = ORIENTED_EDGE ( 'NONE', *, *, #419, .T. ) ;
#945 = CARTESIAN_POINT ( 'NONE',  ( 10.46090396332725625, -2.444142737284172195, 50.50258563699519243 ) ) ;
#946 = EDGE_CURVE ( 'NONE', #1494, #264, #1306, .T. ) ;
#947 = LINE ( 'NONE', #1140, #247 ) ;
#948 = CARTESIAN_POINT ( 'NONE',  ( 72.57428080481858501, -2.444142737283873323, 35.00697930437958405 ) ) ;
#949 = CARTESIAN_POINT ( 'NONE',  ( 83.38508038385435839, -0.4441427372838019916, 24.96589120136682283 ) ) ;
#950 = ORIENTED_EDGE ( 'NONE', *, *, #1812, .T. ) ;
#951 = CARTESIAN_POINT ( 'NONE',  ( 48.02146696962249450, -2.444142737283943934, 21.69587464290218293 ) ) ;
#952 = VECTOR ( 'NONE', #571, 1000.000000000000000 ) ;
#953 = FACE_OUTER_BOUND ( 'NONE', #734, .T. ) ;
#954 = CARTESIAN_POINT ( 'NONE',  ( 69.96233889336895118, -4.444142737283876876, 34.11763581046370319 ) ) ;
#955 = CARTESIAN_POINT ( 'NONE',  ( 75.89370172828010652, -4.456142737283776967, 6.246026172902992002 ) ) ;
#956 = PERSON_AND_ORGANIZATION ( #2027, #296 ) ;
#957 = EDGE_CURVE ( 'NONE', #1079, #532, #1524, .T. ) ;
#958 = ORIENTED_EDGE ( 'NONE', *, *, #1492, .F. ) ;
#959 = PLANE ( 'NONE',  #2659 ) ;
#960 = ORIENTED_EDGE ( 'NONE', *, *, #2662, .F. ) ;
#961 = DIRECTION ( 'NONE',  ( -3.999776700323684900E-15, 1.000000000000000000, 3.000529512353633521E-15 ) ) ;
#962 = CARTESIAN_POINT ( 'NONE',  ( 74.65500749286077564, -2.444142737283863553, 33.17839590279726281 ) ) ;
#963 = CARTESIAN_POINT ( 'NONE',  ( 76.33704910194163062, -0.4441427372838411824, 27.91805395294826653 ) ) ;
#964 = CARTESIAN_POINT ( 'NONE',  ( 4.860903963327269039, -8.444142737283975464, -22.54255433529663577 ) ) ;
#965 = PLANE ( 'NONE',  #127 ) ;
#966 = CARTESIAN_POINT ( 'NONE',  ( 61.58137083356427155, -2.444142737283919509, 36.29770824819888730 ) ) ;
#967 = DIRECTION ( 'NONE',  ( 0.7071067811865441310, 4.952562639801269051E-15, -0.7071067811865509034 ) ) ;
#968 = VECTOR ( 'NONE', #416, 999.9999999999998863 ) ;
#969 = CARTESIAN_POINT ( 'NONE',  ( 75.13120466075685044, -2.444142737283637068, 6.501208308630767263 ) ) ;
#970 = PERSON_AND_ORGANIZATION_ROLE ( 'creator' ) ;
#971 = ORIENTED_EDGE ( 'NONE', *, *, #860, .T. ) ;
#972 = EDGE_CURVE ( 'NONE', #1235, #1260, #481, .T. ) ;
#973 = CARTESIAN_POINT ( 'NONE',  ( 74.69828013880908202, -3.647941549230147906, 5.846621151261199856 ) ) ;
#974 = LINE ( 'NONE', #2236, #339 ) ;
#975 = CARTESIAN_POINT ( 'NONE',  ( 75.25173672002337355, -2.444142737283859113, 32.47019409720343219 ) ) ;
#976 = CARTESIAN_POINT ( 'NONE',  ( 85.33193710886553163, -2.444142737283785838, 20.84461679579201032 ) ) ;
#977 = EDGE_LOOP ( 'NONE', ( #294, #5, #986, #2345 ) ) ;
#978 = VECTOR ( 'NONE', #2539, 1000.000000000000000 ) ;
#979 = LINE ( 'NONE', #1239, #1096 ) ;
#980 = VECTOR ( 'NONE', #243, 1000.000000000000000 ) ;
#981 = CARTESIAN_POINT ( 'NONE',  ( 73.99215732531504841, -2.444142737283856448, 33.84900447552004721 ) ) ;
#982 = LINE ( 'NONE', #516, #2616 ) ;
#983 = CARTESIAN_POINT ( 'NONE',  ( 75.80194981518171460, -2.444142737283770295, 4.354255847790768463 ) ) ;
#984 = ORIENTED_EDGE ( 'NONE', *, *, #1242, .T. ) ;
#985 = EDGE_CURVE ( 'NONE', #187, #1628, #2151, .T. ) ;
#986 = ORIENTED_EDGE ( 'NONE', *, *, #946, .T. ) ;
#987 = DIRECTION ( 'NONE',  ( -1.000000000000000000, -4.008364652245066846E-15, -1.503136744591899969E-16 ) ) ;
#988 = CARTESIAN_POINT ( 'NONE',  ( 72.90816408679330607, -4.444142737280652788, 32.11236446719224347 ) ) ;
#989 = CARTESIAN_POINT ( 'NONE',  ( 83.88003027367631148, -0.4441427372837765675, 16.38906564759820839 ) ) ;
#990 = CARTESIAN_POINT ( 'NONE',  ( 4.860903963327253940, -2.444142737284204614, 53.73574714445710754 ) ) ;
#991 = CARTESIAN_POINT ( 'NONE',  ( 95.76090396332729426, -9.444142737283602429, 70.65788139765298581 ) ) ;
#992 = CARTESIAN_POINT ( 'NONE',  ( 68.91993569681316956, -4.444142737283885758, 34.49130306028676785 ) ) ;
#993 = DIRECTION ( 'NONE',  ( -1.000000000000000000, -3.989863994746655528E-15, 0.000000000000000000 ) ) ;
#994 = VECTOR ( 'NONE', #2634, 1000.000000000000000 ) ;
#995 = CARTESIAN_POINT ( 'NONE',  ( 77.02374864073235017, -2.444142737283770739, 5.558298434306466085 ) ) ;
#996 = CARTESIAN_POINT ( 'NONE',  ( 95.76090396332729426, -2.444142737283728994, 17.61274142536139209 ) ) ;
#997 = EDGE_CURVE ( 'NONE', #1058, #229, #493, .T. ) ;
#998 = VERTEX_POINT ( 'NONE', #275 ) ;
#999 = ORIENTED_EDGE ( 'NONE', *, *, #581, .F. ) ;
#1000 = ORIENTED_EDGE ( 'NONE', *, *, #2015, .T. ) ;
#1001 = CARTESIAN_POINT ( 'NONE',  ( 72.90816408673570947, -2.444142737279047850, 32.11236446712896964 ) ) ;
#1002 = CARTESIAN_POINT ( 'NONE',  ( 82.29855565474312584, -0.4441427372837710164, 12.48320469341107142 ) ) ;
#1003 = ORIENTED_EDGE ( 'NONE', *, *, #1436, .F. ) ;
#1004 = EDGE_CURVE ( 'NONE', #264, #1299, #1895, .T. ) ;
#1005 = CARTESIAN_POINT ( 'NONE',  ( 30.76090396332721255, -2.444142737284108247, 70.65788139765297160 ) ) ;
#1006 = CARTESIAN_POINT ( 'NONE',  ( 65.62718975923844766, -4.444142737283903521, 34.93196794439688091 ) ) ;
#1007 = LINE ( 'NONE', #1886, #736 ) ;
#1008 = AXIS2_PLACEMENT_3D ( 'NONE', #809, #620, #10 ) ;
#1009 = VECTOR ( 'NONE', #1875, 1000.000000000000000 ) ;
#1010 = CARTESIAN_POINT ( 'NONE',  ( 60.57589144904017786, -2.444142737283730327, 2.904222897043766238 ) ) ;
#1011 = CARTESIAN_POINT ( 'NONE',  ( 30.76090396332725518, -2.444142737284146882, 70.65788139765295739 ) ) ;
#1012 = VERTEX_POINT ( 'NONE', #1740 ) ;
#1013 = CARTESIAN_POINT ( 'NONE',  ( 75.09255868961595581, -1.566450787031062220, 6.194951116929361845 ) ) ;
#1014 = CARTESIAN_POINT ( 'NONE',  ( 80.07323838570663099, -0.4441427372837742360, 10.54288619294701945 ) ) ;
#1015 = ORIENTED_EDGE ( 'NONE', *, *, #2244, .F. ) ;
#1016 = CARTESIAN_POINT ( 'NONE',  ( 1.560903963327254784, -2.444142737284268119, 70.65788139765294318 ) ) ;
#1017 = CARTESIAN_POINT ( 'NONE',  ( 7.105386681459231468, -2.444142737284170863, 45.53959472175022682 ) ) ;
#1018 = CARTESIAN_POINT ( 'NONE',  ( 55.17551158957470392, -2.444142737283956812, 32.96799154209687543 ) ) ;
#1019 = CARTESIAN_POINT ( 'NONE',  ( 7.660903963327279520, -8.444142737284014544, -5.733668736152426781 ) ) ;
#1020 = EDGE_CURVE ( 'NONE', #2387, #389, #454, .T. ) ;
#1021 = CARTESIAN_POINT ( 'NONE',  ( 69.45752253316804570, -2.444142737283772515, 0.5754473946595466405 ) ) ;
#1022 = DIRECTION ( 'NONE',  ( -0.7071067811865430208, -0.7071067811865521247, -2.124293411770454561E-15 ) ) ;
#1023 = ORIENTED_EDGE ( 'NONE', *, *, #1945, .F. ) ;
#1024 = LINE ( 'NONE', #2286, #902 ) ;
#1025 = LINE ( 'NONE', #1056, #1902 ) ;
#1026 = CARTESIAN_POINT ( 'NONE',  ( 82.98691720290899809, -0.4441427372839727439, 10.31397948827440736 ) ) ;
#1027 = EDGE_CURVE ( 'NONE', #866, #355, #442, .T. ) ;
#1028 = VERTEX_POINT ( 'NONE', #1280 ) ;
#1029 = LINE ( 'NONE', #1005, #968 ) ;
#1030 = CARTESIAN_POINT ( 'NONE',  ( 47.57383548382033922, -2.444142737283918621, 18.94830551754306214 ) ) ;
#1031 = DIRECTION ( 'NONE',  ( 3.999776700323685689E-15, -1.000000000000000000, 0.000000000000000000 ) ) ;
#1032 = CARTESIAN_POINT ( 'NONE',  ( 75.73066838153123115, -2.444142737283770295, 4.284031561582663628 ) ) ;
#1033 = LINE ( 'NONE', #2682, #1009 ) ;
#1034 = APPROVAL_STATUS ( 'not_yet_approved' ) ;
#1035 = VECTOR ( 'NONE', #2163, 1000.000000000000114 ) ;
#1036 = ORIENTED_EDGE ( 'NONE', *, *, #2712, .T. ) ;
#1037 = EDGE_CURVE ( 'NONE', #2288, #1926, #2109, .T. ) ;
#1038 = DIRECTION ( 'NONE',  ( -1.000000000000000000, 0.000000000000000000, -2.762486945642026090E-16 ) ) ;
#1039 = ORIENTED_EDGE ( 'NONE', *, *, #669, .F. ) ;
#1040 = DIRECTION ( 'NONE',  ( -0.5000000000000003331, 5.986464323413370238E-16, -0.8660254037844385966 ) ) ;
#1041 = CARTESIAN_POINT ( 'NONE',  ( 77.80024925989667395, -0.4441427372837791210, 9.255489444306881808 ) ) ;
#1042 = ORIENTED_EDGE ( 'NONE', *, *, #2, .T. ) ;
#1043 = DIRECTION ( 'NONE',  ( -3.999776700323684900E-15, 1.000000000000000000, 3.000529512353633521E-15 ) ) ;
#1044 = DIRECTION ( 'NONE',  ( -1.000000000000000000, -3.999776700323684111E-15, -2.762486945642026090E-16 ) ) ;
#1045 = CARTESIAN_POINT ( 'NONE',  ( 75.55680353672168792, -2.444142737283771183, 4.113596908840556843 ) ) ;
#1046 = LINE ( 'NONE', #1677, #60 ) ;
#1047 = CARTESIAN_POINT ( 'NONE',  ( 71.81268402478863777, -2.444142737278958144, 3.760904648632090730 ) ) ;
#1048 = CARTESIAN_POINT ( 'NONE',  ( 30.76090396332725518, -2.444142737284074052, 45.53959472175023393 ) ) ;
#1049 = SECURITY_CLASSIFICATION_LEVEL ( 'unclassified' ) ;
#1050 = ORIENTED_EDGE ( 'NONE', *, *, #2712, .F. ) ;
#1051 = CARTESIAN_POINT ( 'NONE',  ( 51.79442794475078671, -2.444142737289527467, 25.85888315948674787 ) ) ;
#1052 = PLANE ( 'NONE',  #1080 ) ;
#1053 = ORIENTED_EDGE ( 'NONE', *, *, #591, .T. ) ;
#1054 = VERTEX_POINT ( 'NONE', #2123 ) ;
#1055 = ADVANCED_FACE ( 'NONE', ( #1702 ), #1082, .F. ) ;
#1056 = CARTESIAN_POINT ( 'NONE',  ( 10.46090396332728112, -8.444142737284000333, -7.350249489883376341 ) ) ;
#1057 = CARTESIAN_POINT ( 'NONE',  ( 74.48502209253477702, -0.4441427372837785659, 5.773667255986335789 ) ) ;
#1058 = VERTEX_POINT ( 'NONE', #671 ) ;
#1059 = CARTESIAN_POINT ( 'NONE',  ( 1.560903963327234800, 2.555857262716026312, -27.50554525054134203 ) ) ;
#1060 = CARTESIAN_POINT ( 'NONE',  ( 76.52300633392120233, -2.444142737283769407, 5.064833348514320654 ) ) ;
#1061 = CARTESIAN_POINT ( 'NONE',  ( 79.25936683430897745, -2.444142737283768962, 7.761426687470878605 ) ) ;
#1062 = CARTESIAN_POINT ( 'NONE',  ( 66.72335072954277280, -2.444142737283806710, 0.1085505070978919212 ) ) ;
#1063 = LINE ( 'NONE', #1491, #525 ) ;
#1064 = DIRECTION ( 'NONE',  ( -1.000000000000000000, -3.999776700323684111E-15, -2.762486945642026090E-16 ) ) ;
#1065 = VECTOR ( 'NONE', #289, 1000.000000000000000 ) ;
#1066 = EDGE_LOOP ( 'NONE', ( #188, #1208, #1919, #1050, #813, #29 ) ) ;
#1067 = EDGE_CURVE ( 'NONE', #16, #1683, #2180, .T. ) ;
#1068 = CARTESIAN_POINT ( 'NONE',  ( 4.860903963327280586, -8.444142737284240141, 65.69489048240843942 ) ) ;
#1069 = CARTESIAN_POINT ( 'NONE',  ( 74.32111346472204616, -2.444142737283782729, 5.718806730380379122 ) ) ;
#1070 = VECTOR ( 'NONE', #1832, 1000.000000000000000 ) ;
#1071 = CARTESIAN_POINT ( 'NONE',  ( 3.365203078387283780E-14, -8.444142737284066058, -2.554362709726842813E-14 ) ) ;
#1072 = EDGE_CURVE ( 'NONE', #120, #191, #1550, .T. ) ;
#1073 = CARTESIAN_POINT ( 'NONE',  ( 51.72999964694002983, -2.444142737283944822, 29.38941464917895985 ) ) ;
#1074 = CARTESIAN_POINT ( 'NONE',  ( 74.61922769176169368, -2.444142737283854672, 30.24063883315707812 ) ) ;
#1075 = ORIENTED_EDGE ( 'NONE', *, *, #2645, .T. ) ;
#1076 = CARTESIAN_POINT ( 'NONE',  ( 55.84689801165764322, -2.444142737262973153, 5.404700424670290992 ) ) ;
#1077 = LINE ( 'NONE', #1733, #2191 ) ;
#1078 = CARTESIAN_POINT ( 'NONE',  ( -21.73909603667260626, 2.555857262715785616, 21.57616807355581656 ) ) ;
#1079 = VERTEX_POINT ( 'NONE', #1753 ) ;
#1080 = AXIS2_PLACEMENT_3D ( 'NONE', #2035, #1608, #627 ) ;
#1081 = LINE ( 'NONE', #1121, #1065 ) ;
#1082 = PLANE ( 'NONE',  #2033 ) ;
#1083 = CARTESIAN_POINT ( 'NONE',  ( 78.27591793782683283, -0.4441427372838309129, 27.09754591472363927 ) ) ;
#1084 = CARTESIAN_POINT ( 'NONE',  ( 52.67682378976961388, -2.444142737282036570, 27.27570363252241847 ) ) ;
#1085 = DIRECTION ( 'NONE',  ( -0.4999999999999981126, -4.598423132665018768E-15, 0.8660254037844397068 ) ) ;
#1086 = ORIENTED_EDGE ( 'NONE', *, *, #510, .T. ) ;
#1087 = EDGE_CURVE ( 'NONE', #325, #1191, #2628, .T. ) ;
#1088 = CARTESIAN_POINT ( 'NONE',  ( 55.19568135389093300, -4.444142737280649236, 5.914102166813130168 ) ) ;
#1089 = PLANE ( 'NONE',  #2059 ) ;
#1090 = CARTESIAN_POINT ( 'NONE',  ( 73.24083307633605955, -4.444142737283780065, 4.742793617954744967 ) ) ;
#1091 = FACE_OUTER_BOUND ( 'NONE', #36, .T. ) ;
#1092 = ORIENTED_EDGE ( 'NONE', *, *, #2333, .T. ) ;
#1093 = VECTOR ( 'NONE', #554, 1000.000000000000000 ) ;
#1094 = DIRECTION ( 'NONE',  ( -3.999776700323684900E-15, 1.000000000000000000, 3.000529512353633521E-15 ) ) ;
#1095 = CARTESIAN_POINT ( 'NONE',  ( 74.97065455723191008, -2.444142737283816036, 5.940847617635817812 ) ) ;
#1096 = VECTOR ( 'NONE', #1420, 1000.000000000000000 ) ;
#1097 = CARTESIAN_POINT ( 'NONE',  ( 79.01028711516026704, -0.4441427372838265275, 26.61481932481200019 ) ) ;
#1098 = CARTESIAN_POINT ( 'NONE',  ( 54.64276537574120596, -2.444142737283953259, 32.52298942393505854 ) ) ;
#1099 = CARTESIAN_POINT ( 'NONE',  ( 74.30256865413720391, -2.444142737283856448, 30.25705860167276029 ) ) ;
#1100 = ORIENTED_EDGE ( 'NONE', *, *, #614, .T. ) ;
#1101 = CARTESIAN_POINT ( 'NONE',  ( 49.59266765088234763, -2.444142737288715672, 15.53397649643734546 ) ) ;
#1102 = FACE_OUTER_BOUND ( 'NONE', #1263, .T. ) ;
#1103 = CARTESIAN_POINT ( 'NONE',  ( 50.87783631586491140, -4.444142737283883093, 11.31601759734729207 ) ) ;
#1104 = ADVANCED_FACE ( 'NONE', ( #302, #1375, #2017 ), #959, .F. ) ;
#1105 = DIRECTION ( 'NONE',  ( 0.8660254037844379305, 4.963003585113818951E-15, -0.5000000000000011102 ) ) ;
#1106 = VECTOR ( 'NONE', #19, 1000.000000000000000 ) ;
#1107 = VECTOR ( 'NONE', #1212, 1000.000000000000000 ) ;
#1108 = DIRECTION ( 'NONE',  ( -0.8660254037844399289, -4.963003585113829996E-15, 0.4999999999999978351 ) ) ;
#1109 = CARTESIAN_POINT ( 'NONE',  ( 74.97065455727495475, -0.4441427372838501753, 5.940847617514428691 ) ) ;
#1110 = PLANE ( 'NONE',  #1917 ) ;
#1111 = CARTESIAN_POINT ( 'NONE',  ( 64.78567749875350046, -4.444142737283905298, 34.89042179361970852 ) ) ;
#1112 = ADVANCED_FACE ( 'NONE', ( #73 ), #1766, .T. ) ;
#1113 = CARTESIAN_POINT ( 'NONE',  ( 74.39317817323583881, -0.4441427372838571142, 30.25313437949208861 ) ) ;
#1114 = VERTEX_POINT ( 'NONE', #128 ) ;
#1115 = CARTESIAN_POINT ( 'NONE',  ( 48.36512755078456394, -2.444142737283927058, 12.14077941135934857 ) ) ;
#1116 = DIRECTION ( 'NONE',  ( 0.4999999999999983902, 4.598423132665019557E-15, -0.8660254037844395958 ) ) ;
#1117 = CARTESIAN_POINT ( 'NONE',  ( 49.60529224725654274, -4.444142737283921285, 19.24156087269269122 ) ) ;
#1118 = CARTESIAN_POINT ( 'NONE',  ( 15.76090396332727117, 6.379522358486755759E-14, 4.456374198229421722E-15 ) ) ;
#1119 = ORIENTED_EDGE ( 'NONE', *, *, #310, .F. ) ;
#1120 = ADVANCED_FACE ( 'NONE', ( #2617 ), #721, .T. ) ;
#1121 = CARTESIAN_POINT ( 'NONE',  ( 92.22433061152200651, -2.444142737283840905, 49.07616807355554300 ) ) ;
#1122 = CARTESIAN_POINT ( 'NONE',  ( 30.76090396332725518, -2.444142737284201505, 55.53959472175026946 ) ) ;
#1123 = AXIS2_PLACEMENT_3D ( 'NONE', #2081, #214, #1038 ) ;
#1124 = FACE_OUTER_BOUND ( 'NONE', #2424, .T. ) ;
#1125 = CARTESIAN_POINT ( 'NONE',  ( 57.59692968730237794, -4.444142737288738765, 32.24834208629014398 ) ) ;
#1126 = CARTESIAN_POINT ( 'NONE',  ( 4.860903963327280586, -8.444142737284240141, 65.69489048240843942 ) ) ;
#1127 = ORIENTED_EDGE ( 'NONE', *, *, #910, .F. ) ;
#1128 = CC_DESIGN_DATE_AND_TIME_ASSIGNMENT ( #719, #311, ( #362 ) ) ;
#1129 = CARTESIAN_POINT ( 'NONE',  ( 49.59266765121479636, -4.444142737287112510, 15.53397649649879142 ) ) ;
#1130 = DIRECTION ( 'NONE',  ( -0.8660254037844382635, 0.000000000000000000, 0.5000000000000004441 ) ) ;
#1131 = CARTESIAN_POINT ( 'NONE',  ( 50.01735425863044071, -4.444142737283927502, 21.40879001766256451 ) ) ;
#1132 = VECTOR ( 'NONE', #392, 1000.000000000000000 ) ;
#1133 = CARTESIAN_POINT ( 'NONE',  ( 3.346274900775653545E-14, -8.444142737284066058, -2.521578144408815907E-14 ) ) ;
#1134 = ORIENTED_EDGE ( 'NONE', *, *, #1343, .F. ) ;
#1135 = CARTESIAN_POINT ( 'NONE',  ( 10.46090396332728112, -8.444142737284181521, 53.73574714445707912 ) ) ;
#1136 = CARTESIAN_POINT ( 'NONE',  ( -21.73909603667258494, -2.444142737284214384, 21.57616807355580235 ) ) ;
#1137 = EDGE_CURVE ( 'NONE', #1191, #2057, #519, .T. ) ;
#1138 = EDGE_LOOP ( 'NONE', ( #2485, #2332, #2149, #2408 ) ) ;
#1139 = DIRECTION ( 'NONE',  ( -0.4999999999999986677, 5.986464323413458985E-16, -0.8660254037844394848 ) ) ;
#1140 = CARTESIAN_POINT ( 'NONE',  ( 7.660903963327280408, -8.444142737283959477, -24.15913508902759688 ) ) ;
#1141 = CARTESIAN_POINT ( 'NONE',  ( 63.19001994770822961, -4.444142737283905298, 34.63643295313521975 ) ) ;
#1142 = CARTESIAN_POINT ( 'NONE',  ( 82.93082913093003583, -0.4441427372838019916, 25.58944327193139756 ) ) ;
#1143 = ORIENTED_EDGE ( 'NONE', *, *, #2045, .F. ) ;
#1144 = CARTESIAN_POINT ( 'NONE',  ( 49.78817107398034381, -4.444142737287118727, 20.41342756682471204 ) ) ;
#1145 = DIRECTION ( 'NONE',  ( 3.999776700323684900E-15, -1.000000000000000000, 0.000000000000000000 ) ) ;
#1146 = CARTESIAN_POINT ( 'NONE',  ( 57.31518664522403839, -4.444142737283846678, 4.422362442804791627 ) ) ;
#1147 = CARTESIAN_POINT ( 'NONE',  ( 80.59192176726575951, -2.444142737283827138, 28.71498153126939812 ) ) ;
#1148 = PERSON_AND_ORGANIZATION ( #2027, #296 ) ;
#1149 = ADVANCED_FACE ( 'NONE', ( #1150 ), #2166, .T. ) ;
#1150 = FACE_OUTER_BOUND ( 'NONE', #2637, .T. ) ;
#1151 = ORIENTED_EDGE ( 'NONE', *, *, #636, .F. ) ;
#1152 = CARTESIAN_POINT ( 'NONE',  ( 7.660903963327283073, -8.444142737284233036, 67.31147123613938277 ) ) ;
#1153 = CARTESIAN_POINT ( 'NONE',  ( 74.29237647044156745, -2.444142737283861777, 30.34108261836325582 ) ) ;
#1154 = CARTESIAN_POINT ( 'NONE',  ( 81.73554378865878789, -0.4441427372838073206, 23.83356166669208065 ) ) ;
#1155 = ORIENTED_EDGE ( 'NONE', *, *, #13, .T. ) ;
#1156 = ADVANCED_FACE ( 'NONE', ( #2205 ), #2001, .T. ) ;
#1157 = FACE_OUTER_BOUND ( 'NONE', #764, .T. ) ;
#1158 = CARTESIAN_POINT ( 'NONE',  ( 70.63676156533475137, -4.444142737283873323, 33.79768699401347476 ) ) ;
#1159 = CARTESIAN_POINT ( 'NONE',  ( 75.89370172828009231, -2.444142737283601097, 6.246026172902998219 ) ) ;
#1160 = CARTESIAN_POINT ( 'NONE',  ( 75.77140484454295688, -2.444142737283770295, 4.324154783127990065 ) ) ;
#1161 = VECTOR ( 'NONE', #1205, 1000.000000000000000 ) ;
#1162 = MECHANICAL_CONTEXT ( 'NONE', #1234, 'mechanical' ) ;
#1163 = ORIENTED_EDGE ( 'NONE', *, *, #2399, .T. ) ;
#1164 = DIRECTION ( 'NONE',  ( 1.000000000000000000, 3.999776700323684900E-15, 1.180324146686337543E-29 ) ) ;
#1165 = EDGE_LOOP ( 'NONE', ( #2044, #599, #1441, #1835 ) ) ;
#1166 = CARTESIAN_POINT ( 'NONE',  ( 7.660903963327283073, -8.444142737284233036, 67.31147123613938277 ) ) ;
#1167 = CARTESIAN_POINT ( 'NONE',  ( 71.46325921330587505, -2.444142737283878652, 33.33567417191758864 ) ) ;
#1168 = CARTESIAN_POINT ( 'NONE',  ( 79.46052661860969124, -2.444142737283900413, 28.70848546111420774 ) ) ;
#1169 = LOCAL_TIME ( 15, 53, 59.00000000000000000, #1359 ) ;
#1170 = ORIENTED_EDGE ( 'NONE', *, *, #1592, .T. ) ;
#1171 = CARTESIAN_POINT ( 'NONE',  ( 49.61167728123567855, -2.444142737281528532, 19.19444724088974397 ) ) ;
#1172 = CC_DESIGN_APPROVAL ( #2598, ( #1696 ) ) ;
#1173 = DIRECTION ( 'NONE',  ( 3.999776700323684900E-15, -1.000000000000000000, -3.004204553385571066E-15 ) ) ;
#1174 = CARTESIAN_POINT ( 'NONE',  ( 74.34559269405841064, -4.444139559997823952, 30.25524231185190871 ) ) ;
#1175 = CARTESIAN_POINT ( 'NONE',  ( 95.76090396332729426, -9.444142737283574007, 25.53959472175022682 ) ) ;
#1176 = EDGE_CURVE ( 'NONE', #1698, #871, #1810, .T. ) ;
#1177 = CARTESIAN_POINT ( 'NONE',  ( 75.76122318766334729, -2.444142737283770295, 4.314121094906988141 ) ) ;
#1178 = VERTEX_POINT ( 'NONE', #1606 ) ;
#1179 = CARTESIAN_POINT ( 'NONE',  ( 74.47061926220024475, -3.952103543928492613, 5.769080618276491990 ) ) ;
#1180 = FACE_OUTER_BOUND ( 'NONE', #2171, .T. ) ;
#1181 = FACE_OUTER_BOUND ( 'NONE', #1891, .T. ) ;
#1182 = CARTESIAN_POINT ( 'NONE',  ( 76.03286812046256671, -2.444142737283853783, 31.32954396954342613 ) ) ;
#1183 = CARTESIAN_POINT ( 'NONE',  ( 82.42875972533452966, -0.4441427372838011034, 22.72110471345032678 ) ) ;
#1184 = VERTEX_POINT ( 'NONE', #2444 ) ;
#1185 = DIRECTION ( 'NONE',  ( 0.4999999999999980016, 4.598423132665017979E-15, -0.8660254037844398178 ) ) ;
#1186 = CARTESIAN_POINT ( 'NONE',  ( 67.47542999044220835, -4.444142737283886646, 34.80488575579236254 ) ) ;
#1187 = DIRECTION ( 'NONE',  ( 0.000000000000000000, -2.950975104662281324E-15, 1.000000000000000000 ) ) ;
#1188 = AXIS2_PLACEMENT_3D ( 'NONE', #482, #221, #2137 ) ;
#1189 = EDGE_CURVE ( 'NONE', #2247, #2660, #290, .T. ) ;
#1190 = APPLICATION_PROTOCOL_DEFINITION ( 'international standard', 'config_control_design', 1994, #2216 ) ;
#1191 = VERTEX_POINT ( 'NONE', #2030 ) ;
#1192 = CYLINDRICAL_SURFACE ( 'NONE', #1511, 20.00000000000000355 ) ;
#1193 = DIRECTION ( 'NONE',  ( -0.8660254037844382635, -1.877893248421447162E-15, -0.5000000000000005551 ) ) ;
#1194 = CARTESIAN_POINT ( 'NONE',  ( 74.34559269406054227, -2.444142737283605538, 5.727013535648053377 ) ) ;
#1195 = CARTESIAN_POINT ( 'NONE',  ( 74.41914024286960228, -4.444142737283857336, 30.13547893219715590 ) ) ;
#1196 = CARTESIAN_POINT ( 'NONE',  ( 79.25235546783734719, -0.4441427372838252507, 26.44089756869369978 ) ) ;
#1197 = ORIENTED_EDGE ( 'NONE', *, *, #344, .F. ) ;
#1198 = VECTOR ( 'NONE', #879, 1000.000000000000000 ) ;
#1199 = ADVANCED_FACE ( 'NONE', ( #559 ), #1192, .T. ) ;
#1200 = DIRECTION ( 'NONE',  ( -3.999776700323684900E-15, 1.000000000000000000, 3.000529512353633521E-15 ) ) ;
#1201 = VECTOR ( 'NONE', #1108, 1000.000000000000227 ) ;
#1202 = CARTESIAN_POINT ( 'NONE',  ( 57.37334912260986641, -4.444142737283936384, 32.10870556175251522 ) ) ;
#1203 = CARTESIAN_POINT ( 'NONE',  ( 10.46090396332725625, -2.444142737284208167, 62.46172897494654563 ) ) ;
#1204 = CARTESIAN_POINT ( 'NONE',  ( 75.61992419097742868, -4.444142737283780953, 6.982825343237580640 ) ) ;
#1205 = DIRECTION ( 'NONE',  ( -3.999776700323684900E-15, 1.000000000000000000, 3.000529512353633521E-15 ) ) ;
#1206 = APPROVAL_ROLE ( '' ) ;
#1207 = ORIENTED_EDGE ( 'NONE', *, *, #946, .F. ) ;
#1208 = ORIENTED_EDGE ( 'NONE', *, *, #2483, .F. ) ;
#1209 = ADVANCED_FACE ( 'NONE', ( #2025 ), #1625, .T. ) ;
#1210 = CARTESIAN_POINT ( 'NONE',  ( 74.33234059498528268, -2.444142737283858224, 33.51889001649485067 ) ) ;
#1211 = CARTESIAN_POINT ( 'NONE',  ( 85.59883559205489689, -0.4441427372837004062, 14.60832254925619011 ) ) ;
#1212 = DIRECTION ( 'NONE',  ( 2.421725034069410487E-16, 2.994132769394907690E-15, -1.000000000000000000 ) ) ;
#1213 = DIRECTION ( 'NONE',  ( 0.8660254037844390407, 4.963003585113833151E-15, -0.4999999999999992228 ) ) ;
#1214 = CARTESIAN_POINT ( 'NONE',  ( 63.42956915414841035, -4.444142737283913291, 34.68329145789102341 ) ) ;
#1215 = CARTESIAN_POINT ( 'NONE',  ( 30.76090396332736887, -31.44414273728407494, 45.53959472175014156 ) ) ;
#1216 = LOCAL_TIME ( 15, 53, 59.00000000000000000, #1400 ) ;
#1217 = CARTESIAN_POINT ( 'NONE',  ( 68.91762591665008131, -4.444142737286993494, 2.505449090469172635 ) ) ;
#1218 = DIRECTION ( 'NONE',  ( -0.8660254037844382635, 0.000000000000000000, -0.5000000000000004441 ) ) ;
#1219 = VERTEX_POINT ( 'NONE', #1370 ) ;
#1220 = EDGE_LOOP ( 'NONE', ( #1738, #778, #499, #157, #1506 ) ) ;
#1221 = ORIENTED_EDGE ( 'NONE', *, *, #2107, .T. ) ;
#1222 = EDGE_CURVE ( 'NONE', #1628, #1670, #2680, .T. ) ;
#1223 = CARTESIAN_POINT ( 'NONE',  ( 75.55080190017822872, -0.7170584810923844588, 7.195236037848851574 ) ) ;
#1224 = CARTESIAN_POINT ( 'NONE',  ( 82.09931327020552772, -0.4441427372837607468, 9.556211057126466457 ) ) ;
#1225 = EDGE_LOOP ( 'NONE', ( #2198, #1515, #1851, #1897, #333 ) ) ;
#1226 = DIRECTION ( 'NONE',  ( 0.8660254037844413721, 4.963003585113847350E-15, -0.4999999999999953371 ) ) ;
#1227 = CARTESIAN_POINT ( 'NONE',  ( 69.97206976025590563, -2.444142737283768962, 0.7308649607119991343 ) ) ;
#1228 = CARTESIAN_POINT ( 'NONE',  ( 4.860903963327280586, -8.444142737284240141, 65.69489048240843942 ) ) ;
#1229 = AXIS2_PLACEMENT_3D ( 'NONE', #826, #2256, #1664 ) ;
#1230 = CARTESIAN_POINT ( 'NONE',  ( 61.74535004823862039, -4.444142737283829803, 2.532970302120061579 ) ) ;
#1231 = DIRECTION ( 'NONE',  ( 0.8660254037844390407, 4.963003585113833151E-15, -0.4999999999999992228 ) ) ;
#1232 = ORIENTED_EDGE ( 'NONE', *, *, #160, .T. ) ;
#1233 = EDGE_CURVE ( 'NONE', #2497, #42, #2670, .T. ) ;
#1234 = APPLICATION_CONTEXT ( 'configuration controlled 3d designs of mechanical parts and assemblies' ) ;
#1235 = VERTEX_POINT ( 'NONE', #2215 ) ;
#1236 = CARTESIAN_POINT ( 'NONE',  ( 75.56223854187167888, -0.5869496968486688226, 7.480352547134620167 ) ) ;
#1237 = CARTESIAN_POINT ( 'NONE',  ( 83.65509848597045561, -0.4441427372837734588, 15.08969626272582687 ) ) ;
#1238 = ORIENTED_EDGE ( 'NONE', *, *, #546, .F. ) ;
#1239 = CARTESIAN_POINT ( 'NONE',  ( 15.76090396332726762, -2.444142737284136224, 45.53959472175022682 ) ) ;
#1240 = CARTESIAN_POINT ( 'NONE',  ( 53.79236803041362691, -2.444142737283859113, 4.477221918463649253 ) ) ;
#1241 = DIRECTION ( 'NONE',  ( -1.000000000000000000, -3.999776700323685689E-15, -1.201614737563793239E-29 ) ) ;
#1242 = EDGE_CURVE ( 'NONE', #2259, #1893, #2201, .T. ) ;
#1243 = VECTOR ( 'NONE', #1335, 1000.000000000000000 ) ;
#1244 = CARTESIAN_POINT ( 'NONE',  ( 75.06733828230395034, -2.444142737283771183, 3.633626723325798391 ) ) ;
#1245 = FACE_OUTER_BOUND ( 'NONE', #701, .T. ) ;
#1246 = PERSON_AND_ORGANIZATION ( #2027, #296 ) ;
#1247 = ORIENTED_EDGE ( 'NONE', *, *, #985, .T. ) ;
#1248 = CARTESIAN_POINT ( 'NONE',  ( 30.76090396332725518, -2.444142737284074052, 45.53959472175023393 ) ) ;
#1249 = ADVANCED_FACE ( 'NONE', ( #137 ), #1298, .F. ) ;
#1250 = CARTESIAN_POINT ( 'NONE',  ( 10.46090396332728112, -8.444142737284208167, 62.46172897494652432 ) ) ;
#1251 = CARTESIAN_POINT ( 'NONE',  ( 78.67699115755361561, -0.4441427372837702947, 7.457235988286250006 ) ) ;
#1252 = ORIENTED_EDGE ( 'NONE', *, *, #2203, .F. ) ;
#1253 = LINE ( 'NONE', #821, #2021 ) ;
#1254 = CARTESIAN_POINT ( 'NONE',  ( 47.81449794873725523, -2.444142737283939049, 20.75144017434353216 ) ) ;
#1255 = CARTESIAN_POINT ( 'NONE',  ( 7.660903963327258204, -2.444142737284178857, 48.88600488326424909 ) ) ;
#1256 = CARTESIAN_POINT ( 'NONE',  ( 61.74535004828013740, -2.444142737284029199, 2.532970302250670880 ) ) ;
#1257 = LINE ( 'NONE', #996, #2708 ) ;
#1258 = EDGE_CURVE ( 'NONE', #2711, #325, #2597, .T. ) ;
#1259 = AXIS2_PLACEMENT_3D ( 'NONE', #1078, #28, #897 ) ;
#1260 = VERTEX_POINT ( 'NONE', #761 ) ;
#1261 = DIRECTION ( 'NONE',  ( -1.000000000000000000, -3.999776700323684900E-15, 0.000000000000000000 ) ) ;
#1262 = VERTEX_POINT ( 'NONE', #1203 ) ;
#1263 = EDGE_LOOP ( 'NONE', ( #2482, #2534, #1394, #789 ) ) ;
#1264 = CARTESIAN_POINT ( 'NONE',  ( 4.860903963327251276, -2.444142737284011435, -10.58341099734526480 ) ) ;
#1265 = CARTESIAN_POINT ( 'NONE',  ( 84.57945603204137797, -0.4441427372841879051, 12.20441149745000686 ) ) ;
#1266 = ORIENTED_EDGE ( 'NONE', *, *, #1176, .F. ) ;
#1267 = CARTESIAN_POINT ( 'NONE',  ( 83.79709842586146351, -0.4441427372837830068, 18.53598043814005436 ) ) ;
#1268 = CARTESIAN_POINT ( 'NONE',  ( 61.85604111144220241, -2.444142737283845790, 0.4444889807537475424 ) ) ;
#1269 = DIRECTION ( 'NONE',  ( -2.895618396223835552E-16, -3.004204086082229440E-15, 1.000000000000000000 ) ) ;
#1270 = CARTESIAN_POINT ( 'NONE',  ( 72.15309108303907237, -4.444142737285380562, 3.969275469163859871 ) ) ;
#1271 = DIRECTION ( 'NONE',  ( -0.8660254037844397068, -1.877893248421449529E-15, -0.4999999999999979461 ) ) ;
#1272 = VECTOR ( 'NONE', #1973, 1000.000000000000000 ) ;
#1273 = ORIENTED_EDGE ( 'NONE', *, *, #95, .T. ) ;
#1274 = EDGE_CURVE ( 'NONE', #1278, #2140, #2120, .T. ) ;
#1275 = CARTESIAN_POINT ( 'NONE',  ( 76.37190586021065997, -2.475101781357915698, 29.97633086819356407 ) ) ;
#1276 = ORIENTED_EDGE ( 'NONE', *, *, #1812, .F. ) ;
#1277 = B_SPLINE_CURVE_WITH_KNOTS ( 'NONE', 3,
 ( #700, #2170, #1310, #1528, #1692, #2554 ),
 .UNSPECIFIED., .F., .F.,
 ( 4, 1, 1, 4 ),
 ( 0.000000000000000000, 0.4327445129799418200, 0.7258312404340099278, 1.000000000000000000 ),
 .UNSPECIFIED. ) ;
#1278 = VERTEX_POINT ( 'NONE', #1175 ) ;
#1279 = DIRECTION ( 'NONE',  ( 0.000000000000000000, 3.085110336692378495E-15, -1.000000000000000000 ) ) ;
#1280 = CARTESIAN_POINT ( 'NONE',  ( 10.46090396332725625, -2.444142737283953259, -22.54255433529662156 ) ) ;
#1281 = ORIENTED_EDGE ( 'NONE', *, *, #245, .T. ) ;
#1282 = LINE ( 'NONE', #877, #831 ) ;
#1283 = CARTESIAN_POINT ( 'NONE',  ( 66.38722588787834411, -2.444142737283785838, 0.08464894115460261381 ) ) ;
#1284 = CARTESIAN_POINT ( 'NONE',  ( 30.76090396332729426, -9.444142737283669931, -27.50554525054135269 ) ) ;
#1285 = EDGE_CURVE ( 'NONE', #1653, #1191, #1791, .T. ) ;
#1286 = CARTESIAN_POINT ( 'NONE',  ( 57.92641064842882770, -2.444142737280423638, 4.065675733008323967 ) ) ;
#1287 = CARTESIAN_POINT ( 'NONE',  ( 95.76090396332729426, -2.444142737283672151, -2.387258574638613240 ) ) ;
#1288 = DIRECTION ( 'NONE',  ( 3.999776700323684900E-15, -1.000000000000000000, -3.000529512353633521E-15 ) ) ;
#1289 = VECTOR ( 'NONE', #1094, 1000.000000000000000 ) ;
#1290 = ORIENTED_EDGE ( 'NONE', *, *, #2260, .T. ) ;
#1291 = LINE ( 'NONE', #1068, #2612 ) ;
#1292 = DIRECTION ( 'NONE',  ( -3.999776700323685689E-15, 1.000000000000000000, 3.004204553385571066E-15 ) ) ;
#1293 = EDGE_CURVE ( 'NONE', #1114, #2210, #982, .T. ) ;
#1294 = AXIS2_PLACEMENT_3D ( 'NONE', #123, #967, #2440 ) ;
#1295 = CARTESIAN_POINT ( 'NONE',  ( 79.09113282790835342, -0.4441427372837760679, 9.940391217383229616 ) ) ;
#1296 = CARTESIAN_POINT ( 'NONE',  ( 62.00741317058441382, -2.444142737282018363, 34.33780939640526952 ) ) ;
#1297 = CARTESIAN_POINT ( 'NONE',  ( 74.24130177552217447, -2.444142737283856448, 30.25964502563716252 ) ) ;
#1298 = B_SPLINE_SURFACE_WITH_KNOTS ( 'NONE', 3, 1, ( 
 ( #567, #351 ),
 ( #322, #1411 ),
 ( #1159, #955 ),
 ( #2041, #2242 ) ),
 .UNSPECIFIED., .F., .F., .F.,
 ( 4, 4 ),
 ( 2, 2 ),
 ( 0.8526657717586419993, 1.000000000000000000 ),
 ( 0.000000000000000000, 1.000000000000000000 ),
 .UNSPECIFIED. ) ;
#1299 = VERTEX_POINT ( 'NONE', #1997 ) ;
#1300 = CARTESIAN_POINT ( 'NONE',  ( 49.51625115189052906, -2.444142737274315191, 16.33506295243612527 ) ) ;
#1301 = CARTESIAN_POINT ( 'NONE',  ( 74.34559269406054227, -4.444142737283780953, 5.727013535648032949 ) ) ;
#1302 = DIRECTION ( 'NONE',  ( -1.000000000000000000, -3.989863994746655528E-15, 0.000000000000000000 ) ) ;
#1303 = EDGE_LOOP ( 'NONE', ( #1134, #887, #1486, #1640, #1529, #158 ) ) ;
#1304 = AXIS2_PLACEMENT_3D ( 'NONE', #2651, #1962, #753 ) ;
#1305 = DIRECTION ( 'NONE',  ( -0.8660254037844384856, -4.963003585113809485E-15, 0.5000000000000002220 ) ) ;
#1306 = LINE ( 'NONE', #682, #1332 ) ;
#1307 = EDGE_CURVE ( 'NONE', #348, #2210, #1358, .T. ) ;
#1308 = CARTESIAN_POINT ( 'NONE',  ( 82.97556373974194344, -0.4441427372837710719, 13.42054612176820250 ) ) ;
#1309 = CARTESIAN_POINT ( 'NONE',  ( 62.78208951901573442, -2.444142737283907962, 36.59519175340467001 ) ) ;
#1310 = CARTESIAN_POINT ( 'NONE',  ( 43.24409298827579562, -6.944142737283915956, 8.739517103855865443 ) ) ;
#1311 = ORIENTED_EDGE ( 'NONE', *, *, #112, .T. ) ;
#1312 = CARTESIAN_POINT ( 'NONE',  ( 51.92544752066675784, -2.444142737283874656, 6.285075299469093046 ) ) ;
#1313 = B_SPLINE_CURVE_WITH_KNOTS ( 'NONE', 3,
 ( #1568, #520, #1364, #2195, #639, #816, #2222, #1668, #2317, #767, #130, #1468, #2664, #1275, #1453, #1405 ),
 .UNSPECIFIED., .F., .F.,
 ( 4, 2, 2, 2, 2, 2, 2, 4 ),
 ( 0.000000000000000000, 0.0004620632293375868146, 0.0009241264586751736293, 0.001386189688012760390, 0.001848252917350347259, 0.002310316146687934127, 0.002772379376025520779, 0.003696505834700655052 ),
 .UNSPECIFIED. ) ;
#1314 = LINE ( 'NONE', #1287, #32 ) ;
#1315 = CARTESIAN_POINT ( 'NONE',  ( 69.36548720224126896, -4.444142737283814704, 2.643948830122490712 ) ) ;
#1316 = PLANE ( 'NONE',  #2176 ) ;
#1317 = ORIENTED_EDGE ( 'NONE', *, *, #371, .T. ) ;
#1318 = ORIENTED_EDGE ( 'NONE', *, *, #1319, .T. ) ;
#1319 = EDGE_CURVE ( 'NONE', #1986, #518, #940, .T. ) ;
#1320 = LINE ( 'NONE', #1714, #2189 ) ;
#1321 = CARTESIAN_POINT ( 'NONE',  ( 4.860903963327277921, -8.444142737284204614, 53.73574714445708622 ) ) ;
#1322 = VECTOR ( 'NONE', #390, 1000.000000000000000 ) ;
#1323 = CARTESIAN_POINT ( 'NONE',  ( 95.76090396332729426, -9.444142737283526046, 25.53959472175022327 ) ) ;
#1324 = CARTESIAN_POINT ( 'NONE',  ( 55.95204501912559181, -2.444142737281764788, 31.00836313702299307 ) ) ;
#1325 = FACE_OUTER_BOUND ( 'NONE', #612, .T. ) ;
#1326 = EDGE_LOOP ( 'NONE', ( #424, #2503, #422, #512 ) ) ;
#1327 = CARTESIAN_POINT ( 'NONE',  ( 49.90496190413193744, -4.444142737279074495, 13.95983235039409465 ) ) ;
#1328 = CARTESIAN_POINT ( 'NONE',  ( 10.46090396332728112, -8.444142737283954148, -22.54255433529663932 ) ) ;
#1329 = CARTESIAN_POINT ( 'NONE',  ( 49.50622136245105764, -4.444142737283923061, 17.76254834702312024 ) ) ;
#1330 = LINE ( 'NONE', #1946, #598 ) ;
#1331 = VERTEX_POINT ( 'NONE', #2413 ) ;
#1332 = VECTOR ( 'NONE', #244, 1000.000000000000000 ) ;
#1333 = AXIS2_PLACEMENT_3D ( 'NONE', #737, #1139, #2650 ) ;
#1334 = CARTESIAN_POINT ( 'NONE',  ( 10.46090396332725625, -2.444142737283988787, -10.58341099734526480 ) ) ;
#1335 = DIRECTION ( 'NONE',  ( -3.999776700323684900E-15, 1.000000000000000000, 3.000529512353633521E-15 ) ) ;
#1336 = DIRECTION ( 'NONE',  ( -4.047688110612648758E-15, 1.000000000000000000, 3.004204553385571066E-15 ) ) ;
#1337 = CARTESIAN_POINT ( 'NONE',  ( 61.43826708729746855, -2.444142737283915512, 36.25584579835292232 ) ) ;
#1338 = CARTESIAN_POINT ( 'NONE',  ( 74.15694551708041615, -0.4441427372838511189, 28.26142481213177859 ) ) ;
#1339 = ORIENTED_EDGE ( 'NONE', *, *, #869, .T. ) ;
#1340 = CARTESIAN_POINT ( 'NONE',  ( 51.04989460433328929, -2.444142737295629253, 10.93801125258146278 ) ) ;
#1341 = DIRECTION ( 'NONE',  ( -3.999776700323684900E-15, 1.000000000000000000, 0.000000000000000000 ) ) ;
#1342 = CARTESIAN_POINT ( 'NONE',  ( 63.89460773527154203, -4.444142737283809375, 2.146926984391919646 ) ) ;
#1343 = EDGE_CURVE ( 'NONE', #42, #2264, #1588, .T. ) ;
#1344 = PLANE ( 'NONE',  #513 ) ;
#1345 = EDGE_LOOP ( 'NONE', ( #1151, #2366, #2155, #1655 ) ) ;
#1346 = LINE ( 'NONE', #301, #1272 ) ;
#1347 = CARTESIAN_POINT ( 'NONE',  ( 74.34559315311209104, -4.313877867164484847, 5.727013689547755249 ) ) ;
#1348 = VERTEX_POINT ( 'NONE', #2428 ) ;
#1349 = VECTOR ( 'NONE', #1712, 1000.000000000000000 ) ;
#1350 = CARTESIAN_POINT ( 'NONE',  ( 15.76090396332724097, 2.555857262716083156, -27.50554525054134913 ) ) ;
#1351 = CARTESIAN_POINT ( 'NONE',  ( 58.06261928638569003, -2.444142737283935940, 34.86120463796414981 ) ) ;
#1352 = CARTESIAN_POINT ( 'NONE',  ( 82.93082913126424671, -2.444142737283805822, 25.58944327217485082 ) ) ;
#1353 = EDGE_LOOP ( 'NONE', ( #272, #1207, #2086, #373 ) ) ;
#1354 = CARTESIAN_POINT ( 'NONE',  ( 50.45060119717671654, -2.444142737285421862, 22.81470498832349136 ) ) ;
#1355 = ADVANCED_FACE ( 'NONE', ( #1384 ), #2012, .T. ) ;
#1356 = DIRECTION ( 'NONE',  ( -1.000000000000000000, -3.999776700323684900E-15, -1.180324146686344129E-29 ) ) ;
#1357 = CARTESIAN_POINT ( 'NONE',  ( 54.60637031597286750, -4.444142737283943490, 29.71233009799351521 ) ) ;
#1358 = LINE ( 'NONE', #1602, #1772 ) ;
#1359 = COORDINATED_UNIVERSAL_TIME_OFFSET ( 8, 0, .AHEAD. ) ;
#1360 = ORIENTED_EDGE ( 'NONE', *, *, #600, .F. ) ;
#1361 = CARTESIAN_POINT ( 'NONE',  ( 74.53963581647802528, -3.843093239480561252, 5.792424189075227936 ) ) ;
#1362 = AXIS2_PLACEMENT_3D ( 'NONE', #1434, #1900, #2707 ) ;
#1363 = AXIS2_PLACEMENT_3D ( 'NONE', #1941, #855, #52 ) ;
#1364 = CARTESIAN_POINT ( 'NONE',  ( 74.36735315071635455, -4.135183786408863860, 30.25438588039034826 ) ) ;
#1365 = CARTESIAN_POINT ( 'NONE',  ( 73.90410111791219094, -4.444142737283857336, 30.93108148063183194 ) ) ;
#1366 = CARTESIAN_POINT ( 'NONE',  ( 75.12035961356573921, -0.4441427372836043719, 30.19601906563946159 ) ) ;
#1367 = VERTEX_POINT ( 'NONE', #1807 ) ;
#1368 = PLANE ( 'NONE',  #1802 ) ;
#1369 = CARTESIAN_POINT ( 'NONE',  ( 55.50395660697285649, -4.444142737283861777, 5.672268959895133911 ) ) ;
#1370 = CARTESIAN_POINT ( 'NONE',  ( 15.76090396332726762, -2.444142737283992339, -2.387258574638635444 ) ) ;
#1371 = ADVANCED_FACE ( 'NONE', ( #2657 ), #556, .F. ) ;
#1372 = CARTESIAN_POINT ( 'NONE',  ( 74.64248513053661327, -2.444142737283784506, 6.019591274024994831 ) ) ;
#1373 =( NAMED_UNIT ( * ) PLANE_ANGLE_UNIT ( ) SI_UNIT ( $, .RADIAN. ) );
#1374 = EDGE_LOOP ( 'NONE', ( #439, #1000, #2530, #2714, #1023, #372, #1824 ) ) ;
#1375 = FACE_BOUND ( 'NONE', #1416, .T. ) ;
#1376 = DIRECTION ( 'NONE',  ( -1.000000000000000000, -3.991708204785103897E-15, 0.000000000000000000 ) ) ;
#1377 = ADVANCED_FACE ( 'NONE', ( #1889 ), #1450, .F. ) ;
#1378 = CARTESIAN_POINT ( 'NONE',  ( 74.34367950761790667, -2.444142737283862665, 30.25835770696823701 ) ) ;
#1379 = CARTESIAN_POINT ( 'NONE',  ( 84.19297008001430527, -0.4441427372832293941, 23.66938313646192071 ) ) ;
#1380 = CARTESIAN_POINT ( 'NONE',  ( 10.46090396332728112, -8.444142737283989675, -10.58341099734528257 ) ) ;
#1381 = CARTESIAN_POINT ( 'NONE',  ( 50.89764884381524723, -4.444142737282340327, 23.98349812268516956 ) ) ;
#1382 = CARTESIAN_POINT ( 'NONE',  ( 74.79120678824692448, -2.444142737283855116, 30.23643040241481827 ) ) ;
#1383 = CARTESIAN_POINT ( 'NONE',  ( 68.36161396987372996, -2.444142737283897748, 36.68509495568580547 ) ) ;
#1384 = FACE_OUTER_BOUND ( 'NONE', #1353, .T. ) ;
#1385 = CARTESIAN_POINT ( 'NONE',  ( 74.64248513053654221, -4.444142737283780953, 6.019591274025079208 ) ) ;
#1386 = DIRECTION ( 'NONE',  ( 1.000000000000000000, 0.000000000000000000, 0.000000000000000000 ) ) ;
#1387 = ORIENTED_EDGE ( 'NONE', *, *, #1274, .T. ) ;
#1388 = CARTESIAN_POINT ( 'NONE',  ( 10.46090396332728112, -8.444142737284218825, 65.69489048240845364 ) ) ;
#1389 = CARTESIAN_POINT ( 'NONE',  ( 10.46090396332728112, -8.444142737283963029, -19.30939282783473132 ) ) ;
#1390 = CARTESIAN_POINT ( 'NONE',  ( 7.660903963327283073, -8.444142737284233036, 67.31147123613938277 ) ) ;
#1391 = CARTESIAN_POINT ( 'NONE',  ( 68.29564740878798546, -2.444142737283901745, 36.69778630661973295 ) ) ;
#1392 = CARTESIAN_POINT ( 'NONE',  ( 84.96914532786404095, -2.444142737283790279, 21.92882744382224658 ) ) ;
#1393 = AXIS2_PLACEMENT_3D ( 'NONE', #1118, #154, #941 ) ;
#1394 = ORIENTED_EDGE ( 'NONE', *, *, #276, .T. ) ;
#1395 = EDGE_CURVE ( 'NONE', #830, #1431, #2299, .T. ) ;
#1396 = DIRECTION ( 'NONE',  ( 6.938893903907198401E-15, -1.000000000000000000, -1.734723475976799600E-15 ) ) ;
#1397 = CARTESIAN_POINT ( 'NONE',  ( 57.43935314611148613, -2.444142737283923950, 34.51116732202375914 ) ) ;
#1398 = CARTESIAN_POINT ( 'NONE',  ( 74.34559269406054227, -2.444142737283856004, 30.25524231185322677 ) ) ;
#1399 = CARTESIAN_POINT ( 'NONE',  ( 75.94573721112391240, -2.444142737283985234, 7.303903366308624356 ) ) ;
#1400 = COORDINATED_UNIVERSAL_TIME_OFFSET ( 8, 0, .AHEAD. ) ;
#1401 = EDGE_LOOP ( 'NONE', ( #2270, #505, #1731, #79, #2028, #1276 ) ) ;
#1402 = CARTESIAN_POINT ( 'NONE',  ( 75.76090396332739374, -31.44414273728383336, 25.53959472175015222 ) ) ;
#1403 = CARTESIAN_POINT ( 'NONE',  ( 77.57480231185861896, -4.444142737283780953, 8.909293481661961778 ) ) ;
#1404 = EDGE_CURVE ( 'NONE', #1367, #1698, #1639, .T. ) ;
#1405 = CARTESIAN_POINT ( 'NONE',  ( 76.96536690698835059, -2.444142737283844902, 29.81109733658345462 ) ) ;
#1406 = CARTESIAN_POINT ( 'NONE',  ( 71.46325921314866036, -4.444142737283877764, 33.33567417163233415 ) ) ;
#1407 = CARTESIAN_POINT ( 'NONE',  ( 77.29385258582087204, -0.4441427372839784060, 29.71387751051311099 ) ) ;
#1408 = CARTESIAN_POINT ( 'NONE',  ( 4.860903963327280586, -8.444142737284229483, 62.46172897494652432 ) ) ;
#1409 = CARTESIAN_POINT ( 'NONE',  ( 7.660903963327258204, -2.444142737284233924, 67.31147123613939698 ) ) ;
#1410 = CARTESIAN_POINT ( 'NONE',  ( 59.93261298564484463, -4.444142737283919509, 33.57000291370419376 ) ) ;
#1411 = CARTESIAN_POINT ( 'NONE',  ( 77.63852432627004418, -4.456142737283771638, 6.912206227693515004 ) ) ;
#1412 = CARTESIAN_POINT ( 'NONE',  ( 10.46090396332728112, -2.444142737284217937, 65.69489048240845364 ) ) ;
#1413 =( NAMED_UNIT ( * ) SI_UNIT ( $, .STERADIAN. ) SOLID_ANGLE_UNIT ( ) );
#1414 = EDGE_CURVE ( 'NONE', #806, #348, #2243, .T. ) ;
#1415 = ORIENTED_EDGE ( 'NONE', *, *, #2062, .T. ) ;
#1416 = EDGE_LOOP ( 'NONE', ( #1053, #1500, #443, #726, #2302, #2287 ) ) ;
#1417 = CARTESIAN_POINT ( 'NONE',  ( 73.31748199345547334, -2.444142737283865330, 34.46633573760679781 ) ) ;
#1418 = CARTESIAN_POINT ( 'NONE',  ( 85.69477545209586822, -0.4441427372837611909, 19.36923045398100385 ) ) ;
#1419 = ORIENTED_EDGE ( 'NONE', *, *, #1492, .T. ) ;
#1420 = DIRECTION ( 'NONE',  ( -1.000000000000000000, -4.008364652245066846E-15, 0.000000000000000000 ) ) ;
#1421 = VECTOR ( 'NONE', #506, 1000.000000000000000 ) ;
#1422 = CARTESIAN_POINT ( 'NONE',  ( 64.26868235742230695, -2.444142737283895084, 36.85186496866368344 ) ) ;
#1423 = LINE ( 'NONE', #2267, #1132 ) ;
#1424 = CARTESIAN_POINT ( 'NONE',  ( 74.72393838557333368, -4.444142737283780953, 6.099860779792833476 ) ) ;
#1425 = PLANE ( 'NONE',  #1427 ) ;
#1426 = VERTEX_POINT ( 'NONE', #1652 ) ;
#1427 = AXIS2_PLACEMENT_3D ( 'NONE', #2739, #1847, #2283 ) ;
#1428 = EDGE_CURVE ( 'NONE', #1348, #412, #1257, .T. ) ;
#1429 = DIRECTION ( 'NONE',  ( -0.8660254037844394848, -2.012028480451554982E-15, -0.4999999999999983902 ) ) ;
#1430 = CARTESIAN_POINT ( 'NONE',  ( 84.08463937211234906, -0.4441427372833257614, 11.50363244933077134 ) ) ;
#1431 = VERTEX_POINT ( 'NONE', #2480 ) ;
#1432 = LINE ( 'NONE', #2265, #1322 ) ;
#1433 = CARTESIAN_POINT ( 'NONE',  ( 63.20993657555180789, -2.444142737283840461, 0.2163078768006203856 ) ) ;
#1434 = CARTESIAN_POINT ( 'NONE',  ( 95.76090396332729426, -9.444142737283602429, 70.65788139765298581 ) ) ;
#1435 = CIRCLE ( 'NONE', #1259, 37.50000000000000711 ) ;
#1436 = EDGE_CURVE ( 'NONE', #2660, #438, #2091, .T. ) ;
#1437 = CARTESIAN_POINT ( 'NONE',  ( 64.88765336716973309, -2.444142737283806710, 0.04665248873077845748 ) ) ;
#1438 = DIRECTION ( 'NONE',  ( -4.047688110612648758E-15, 1.000000000000000000, 3.004204553385571066E-15 ) ) ;
#1439 = ORIENTED_EDGE ( 'NONE', *, *, #452, .T. ) ;
#1440 = VERTEX_POINT ( 'NONE', #1011 ) ;
#1441 = ORIENTED_EDGE ( 'NONE', *, *, #534, .F. ) ;
#1442 = CARTESIAN_POINT ( 'NONE',  ( 10.46090396332728112, -8.444142737284172640, 50.50258563699517111 ) ) ;
#1443 = CARTESIAN_POINT ( 'NONE',  ( 85.43350069811698688, -2.444142737283780953, 20.47907545419740316 ) ) ;
#1444 = ORIENTED_EDGE ( 'NONE', *, *, #1825, .T. ) ;
#1445 = CARTESIAN_POINT ( 'NONE',  ( 75.54186041190804701, -0.4441427372838449572, 28.10621041837332257 ) ) ;
#1446 = CARTESIAN_POINT ( 'NONE',  ( 72.86532229241075242, -2.444142737283812039, 2.059063810255960636 ) ) ;
#1447 = FACE_OUTER_BOUND ( 'NONE', #1303, .T. ) ;
#1448 = AXIS2_PLACEMENT_3D ( 'NONE', #758, #1396, #2411 ) ;
#1449 = CARTESIAN_POINT ( 'NONE',  ( 70.33199291123476371, -2.444142737283779621, 0.8510237716976303268 ) ) ;
#1450 = PLANE ( 'NONE',  #803 ) ;
#1451 = VECTOR ( 'NONE', #2023, 1000.000000000000000 ) ;
#1452 = ORIENTED_EDGE ( 'NONE', *, *, #1343, .T. ) ;
#1453 = CARTESIAN_POINT ( 'NONE',  ( 76.66824318324169951, -2.444142737283852451, 29.90090212991493246 ) ) ;
#1454 = EDGE_LOOP ( 'NONE', ( #872, #1659, #1745, #200 ) ) ;
#1455 = CARTESIAN_POINT ( 'NONE',  ( 74.34559269406054227, -2.444142737283605538, 5.727013535648053377 ) ) ;
#1456 = CARTESIAN_POINT ( 'NONE',  ( 81.61865543180820737, -0.4441427372837716825, 11.77400182747662072 ) ) ;
#1457 = VERTEX_POINT ( 'NONE', #596 ) ;
#1458 = CARTESIAN_POINT ( 'NONE',  ( 7.660903963327254651, -2.444142737284014988, -5.733668736152409018 ) ) ;
#1459 = ADVANCED_FACE ( 'NONE', ( #2710 ), #1425, .T. ) ;
#1460 = LINE ( 'NONE', #2691, #1932 ) ;
#1461 = CARTESIAN_POINT ( 'NONE',  ( 67.29380815900749724, -2.444142737283782729, 0.1672059453843905141 ) ) ;
#1462 = DIRECTION ( 'NONE',  ( -1.000000000000000000, -3.999776700323684111E-15, -2.762486945642026090E-16 ) ) ;
#1463 = AXIS2_PLACEMENT_3D ( 'NONE', #1388, #1164, #2403 ) ;
#1464 = VECTOR ( 'NONE', #1867, 1000.000000000000000 ) ;
#1465 = DIRECTION ( 'NONE',  ( -2.762486945641915156E-16, -2.775557561562892534E-15, 1.000000000000000000 ) ) ;
#1466 = CALENDAR_DATE ( 2026, 5, 6 ) ;
#1467 = ORIENTED_EDGE ( 'NONE', *, *, #2325, .T. ) ;
#1468 = CARTESIAN_POINT ( 'NONE',  ( 75.78491856812073024, -2.632718845097476112, 30.09647560053328874 ) ) ;
#1469 = ORIENTED_EDGE ( 'NONE', *, *, #1945, .T. ) ;
#1470 = CARTESIAN_POINT ( 'NONE',  ( 7.660903963327282185, -8.444142737284179745, 48.88600488326422777 ) ) ;
#1471 = CARTESIAN_POINT ( 'NONE',  ( 83.49892362579431904, -0.4441427372837880028, 19.96893022392387707 ) ) ;
#1472 = ORIENTED_EDGE ( 'NONE', *, *, #1910, .T. ) ;
#1473 = CARTESIAN_POINT ( 'NONE',  ( 76.68809481719512178, -0.4441427372838394616, 27.81964362819587322 ) ) ;
#1474 = CARTESIAN_POINT ( 'NONE',  ( 57.99710169181462049, -2.444142737283841793, 1.800627545790568496 ) ) ;
#1475 = FACE_OUTER_BOUND ( 'NONE', #1345, .T. ) ;
#1476 = ADVANCED_FACE ( 'NONE', ( #1245 ), #839, .F. ) ;
#1477 = CARTESIAN_POINT ( 'NONE',  ( 59.42474900738864108, -4.444142737290235345, 3.350192770766055261 ) ) ;
#1478 = LINE ( 'NONE', #1928, #874 ) ;
#1479 = AXIS2_PLACEMENT_3D ( 'NONE', #2330, #2344, #240 ) ;
#1480 = CARTESIAN_POINT ( 'NONE',  ( 76.03084826486893633, -2.444142737283777400, 6.292006436966911309 ) ) ;
#1481 = VERTEX_POINT ( 'NONE', #1412 ) ;
#1482 = EDGE_LOOP ( 'NONE', ( #1092, #950, #2272 ) ) ;
#1483 = CARTESIAN_POINT ( 'NONE',  ( 77.24024680267139331, -2.444142737283838684, 29.36348832935509634 ) ) ;
#1484 = CARTESIAN_POINT ( 'NONE',  ( 74.77338933521501474, -0.4441427372837876142, 7.992933692396603895 ) ) ;
#1485 = EDGE_CURVE ( 'NONE', #438, #2164, #2078, .T. ) ;
#1486 = ORIENTED_EDGE ( 'NONE', *, *, #57, .T. ) ;
#1487 = LINE ( 'NONE', #1911, #1890 ) ;
#1488 = CARTESIAN_POINT ( 'NONE',  ( 52.57896930281129499, -2.444142737283943934, 30.45878715011131987 ) ) ;
#1489 = FACE_OUTER_BOUND ( 'NONE', #1958, .T. ) ;
#1490 = CARTESIAN_POINT ( 'NONE',  ( 72.01424864924129565, -2.444142737283779176, 1.591806350391076430 ) ) ;
#1491 = CARTESIAN_POINT ( 'NONE',  ( 30.76090396332725518, -2.444142737283836464, -27.50554525054136690 ) ) ;
#1492 = EDGE_CURVE ( 'NONE', #2660, #1440, #1033, .T. ) ;
#1493 = PLANE ( 'NONE',  #1479 ) ;
#1494 = VERTEX_POINT ( 'NONE', #2269 ) ;
#1495 = LINE ( 'NONE', #18, #2521 ) ;
#1496 = CARTESIAN_POINT ( 'NONE',  ( 75.08149536314604688, -0.4441427372837867815, 8.106202065168023552 ) ) ;
#1497 = CARTESIAN_POINT ( 'NONE',  ( 81.03046834326771375, -0.4441427372837726262, 11.24769218328803433 ) ) ;
#1498 = CARTESIAN_POINT ( 'NONE',  ( 54.19756569212886887, -2.444142737283931943, 29.26932362087442741 ) ) ;
#1499 = LINE ( 'NONE', #2127, #978 ) ;
#1500 = ORIENTED_EDGE ( 'NONE', *, *, #1562, .T. ) ;
#1501 = CARTESIAN_POINT ( 'NONE',  ( 49.90496190429276169, -2.444142737273439447, 13.95983235044009696 ) ) ;
#1502 = CARTESIAN_POINT ( 'NONE',  ( 7.105386681459210152, 2.555857262715973022, -2.387258574638621678 ) ) ;
#1503 = CARTESIAN_POINT ( 'NONE',  ( 51.79442794482014278, -4.444142737287131162, 25.85888315944627536 ) ) ;
#1504 = CARTESIAN_POINT ( 'NONE',  ( 30.76090396332736887, -31.44414273728393638, -2.387258574638700726 ) ) ;
#1505 = CIRCLE ( 'NONE', #1858, 27.16135841757684588 ) ;
#1506 = ORIENTED_EDGE ( 'NONE', *, *, #300, .F. ) ;
#1507 = ORIENTED_EDGE ( 'NONE', *, *, #661, .F. ) ;
#1508 = EDGE_CURVE ( 'NONE', #871, #1054, #394, .T. ) ;
#1509 = CARTESIAN_POINT ( 'NONE',  ( 25.76090396332721255, 2.555857262715828249, 70.65788139765298581 ) ) ;
#1510 = CARTESIAN_POINT ( 'NONE',  ( 76.75069720544750851, -0.4441427372837759013, 6.603908976833132272 ) ) ;
#1511 = AXIS2_PLACEMENT_3D ( 'NONE', #1402, #357, #2234 ) ;
#1512 = CARTESIAN_POINT ( 'NONE',  ( 82.00623618103054469, -0.4441427372838041010, 23.43891119028274872 ) ) ;
#1513 = CARTESIAN_POINT ( 'NONE',  ( 59.00842112835655939, -2.444142737283925726, 33.09827373408067075 ) ) ;
#1514 = CARTESIAN_POINT ( 'NONE',  ( 74.27947793230478624, -0.4441427372838505638, 28.25623879570938612 ) ) ;
#1515 = ORIENTED_EDGE ( 'NONE', *, *, #2434, .T. ) ;
#1516 = CARTESIAN_POINT ( 'NONE',  ( 55.84689801165751533, -4.444142737271125299, 5.404700424668024361 ) ) ;
#1517 = CARTESIAN_POINT ( 'NONE',  ( 4.860903963327269039, -8.444142737283975464, -22.54255433529663577 ) ) ;
#1518 = CARTESIAN_POINT ( 'NONE',  ( 73.66540475362815243, -4.444142737283780953, 5.098275495829030390 ) ) ;
#1519 = EDGE_CURVE ( 'NONE', #1893, #2008, #811, .T. ) ;
#1520 = PLANE ( 'NONE',  #1871 ) ;
#1521 = CIRCLE ( 'NONE', #2537, 27.16135841757684588 ) ;
#1522 = ORIENTED_EDGE ( 'NONE', *, *, #2325, .F. ) ;
#1523 = DIRECTION ( 'NONE',  ( -3.999776700323685689E-15, 1.000000000000000000, 0.000000000000000000 ) ) ;
#1524 = LINE ( 'NONE', #2361, #1594 ) ;
#1525 = CARTESIAN_POINT ( 'NONE',  ( 83.43310104985252451, -0.4441427372837899457, 20.24288156620366763 ) ) ;
#1526 = ADVANCED_FACE ( 'NONE', ( #2724 ), #2696, .T. ) ;
#1527 = CARTESIAN_POINT ( 'NONE',  ( 63.59116482781634971, -4.444142737283905298, 34.71399099680367328 ) ) ;
#1528 = CARTESIAN_POINT ( 'NONE',  ( 54.79108942081673206, -6.944142737283949707, 35.49433857605284004 ) ) ;
#1529 = ORIENTED_EDGE ( 'NONE', *, *, #1137, .T. ) ;
#1530 = CARTESIAN_POINT ( 'NONE',  ( 53.92501016648578371, -2.444142737283860001, 4.366717757113548259 ) ) ;
#1531 = CARTESIAN_POINT ( 'NONE',  ( 10.46090396332725625, -2.444142737283963029, -19.30939282783471711 ) ) ;
#1532 = CARTESIAN_POINT ( 'NONE',  ( 51.40235996508838667, -4.444142737283884870, 10.33885815567293420 ) ) ;
#1533 = DIRECTION ( 'NONE',  ( 0.000000000000000000, -3.085110336692381256E-15, 1.000000000000000000 ) ) ;
#1534 = ORIENTED_EDGE ( 'NONE', *, *, #1519, .T. ) ;
#1535 = LINE ( 'NONE', #1509, #980 ) ;
#1536 = CARTESIAN_POINT ( 'NONE',  ( 75.78008032574038566, -0.4441427372837759013, 6.232087493338254625 ) ) ;
#1537 = VECTOR ( 'NONE', #2087, 1000.000000000000000 ) ;
#1538 = CARTESIAN_POINT ( 'NONE',  ( 74.34559269406055648, -6.944142737283855560, 30.25524231185321256 ) ) ;
#1539 = CARTESIAN_POINT ( 'NONE',  ( 66.91232503614197924, -2.444142737283923061, 36.87983890188787228 ) ) ;
#1540 = CARTESIAN_POINT ( 'NONE',  ( 74.21821239569545980, -0.4441427372838508414, 28.25883838816730886 ) ) ;
#1541 = ORIENTED_EDGE ( 'NONE', *, *, #651, .T. ) ;
#1542 = ADVANCED_FACE ( 'NONE', ( #382 ), #608, .T. ) ;
#1543 = CARTESIAN_POINT ( 'NONE',  ( 47.57605653836269965, -2.444142737283929279, 18.97363983551329270 ) ) ;
#1544 = LINE ( 'NONE', #1981, #356 ) ;
#1545 = CARTESIAN_POINT ( 'NONE',  ( 49.70384725963294414, -4.444142737283908851, 14.82547938931450382 ) ) ;
#1546 = DIRECTION ( 'NONE',  ( 0.8660254037844413721, 0.000000000000000000, -0.4999999999999953926 ) ) ;
#1547 = ORIENTED_EDGE ( 'NONE', *, *, #354, .F. ) ;
#1548 = AXIS2_PLACEMENT_3D ( 'NONE', #849, #2490, #192 ) ;
#1549 = LINE ( 'NONE', #900, #1764 ) ;
#1550 = LINE ( 'NONE', #928, #1243 ) ;
#1551 = CARTESIAN_POINT ( 'NONE',  ( 15.76090396332726762, -2.444142737283992339, -2.387258574638635444 ) ) ;
#1552 = DIRECTION ( 'NONE',  ( 3.999776700323684900E-15, -1.000000000000000000, -3.004204086082228257E-15 ) ) ;
#1553 = CARTESIAN_POINT ( 'NONE',  ( 66.75798915820784885, -4.444142737282311018, 34.88464565842059528 ) ) ;
#1554 = CARTESIAN_POINT ( 'NONE',  ( 80.44942090783555955, -0.4441427372838206433, 28.04437479504507280 ) ) ;
#1555 = EDGE_LOOP ( 'NONE', ( #2567, #1751, #1003, #2470 ) ) ;
#1556 = AXIS2_PLACEMENT_3D ( 'NONE', #2641, #2188, #2626 ) ;
#1557 = CARTESIAN_POINT ( 'NONE',  ( 50.31834999999195901, -2.444142737283936828, 22.41645422340326022 ) ) ;
#1558 = CARTESIAN_POINT ( 'NONE',  ( 75.70661165798546222, -0.7163572434831824154, 29.11167006215574204 ) ) ;
#1559 = CARTESIAN_POINT ( 'NONE',  ( 53.19221915102223619, -4.444142737283944378, 28.02144003861658206 ) ) ;
#1560 = EDGE_CURVE ( 'NONE', #1926, #1686, #798, .T. ) ;
#1561 = APPROVAL_STATUS ( 'not_yet_approved' ) ;
#1562 = EDGE_CURVE ( 'NONE', #1028, #1079, #2067, .T. ) ;
#1563 = ORIENTED_EDGE ( 'NONE', *, *, #101, .F. ) ;
#1564 = CARTESIAN_POINT ( 'NONE',  ( 10.46090396332728112, -8.444142737283989675, -10.58341099734528257 ) ) ;
#1565 = VERTEX_POINT ( 'NONE', #1328 ) ;
#1566 = LINE ( 'NONE', #535, #1595 ) ;
#1567 = VECTOR ( 'NONE', #2376, 1000.000000000000000 ) ;
#1568 = CARTESIAN_POINT ( 'NONE',  ( 74.34559269405841064, -4.444139559997823952, 30.25524231185190871 ) ) ;
#1569 = CARTESIAN_POINT ( 'NONE',  ( 74.17421600847913510, -2.444142737283861333, 30.52633836867659056 ) ) ;
#1570 = CARTESIAN_POINT ( 'NONE',  ( 84.53509370853025473, -2.444142737283790279, 22.99016164927382633 ) ) ;
#1571 = DIRECTION ( 'NONE',  ( 0.8660254037844391517, 4.963003585113829207E-15, -0.4999999999999991118 ) ) ;
#1572 = CARTESIAN_POINT ( 'NONE',  ( 49.61596195237331131, -2.444142737283944822, 26.01786853636374985 ) ) ;
#1573 = CARTESIAN_POINT ( 'NONE',  ( 54.79108942081671785, -4.444142737283947042, 35.49433857605284715 ) ) ;
#1574 = CARTESIAN_POINT ( 'NONE',  ( 58.60767656916214463, -4.444142737283839573, 3.715662779336644572 ) ) ;
#1575 = CARTESIAN_POINT ( 'NONE',  ( 74.34559269406054227, -2.444142737283605538, 5.727013535648053377 ) ) ;
#1576 = CARTESIAN_POINT ( 'NONE',  ( 75.88340307021839237, -2.444142737283770295, 4.434525353558427696 ) ) ;
#1577 = ORIENTED_EDGE ( 'NONE', *, *, #1087, .F. ) ;
#1578 = EDGE_CURVE ( 'NONE', #1262, #1893, #284, .T. ) ;
#1579 = DIRECTION ( 'NONE',  ( 0.5000000000000006661, 4.598423132665024290E-15, -0.8660254037844383745 ) ) ;
#1580 = ORIENTED_EDGE ( 'NONE', *, *, #13, .F. ) ;
#1581 = VECTOR ( 'NONE', #2042, 1000.000000000000000 ) ;
#1582 = LINE ( 'NONE', #1323, #1650 ) ;
#1583 = CARTESIAN_POINT ( 'NONE',  ( 76.09324362684807852, -2.444142737283854228, 31.23124570587130577 ) ) ;
#1584 = CARTESIAN_POINT ( 'NONE',  ( 85.10005244882222541, -0.4441427372837802312, 21.56880843337847864 ) ) ;
#1585 = ORIENTED_EDGE ( 'NONE', *, *, #1436, .T. ) ;
#1586 = FACE_OUTER_BOUND ( 'NONE', #385, .T. ) ;
#1587 = CARTESIAN_POINT ( 'NONE',  ( 76.12846046373630315, -2.444142737283856448, 31.17389930242452678 ) ) ;
#1588 = LINE ( 'NONE', #309, #2478 ) ;
#1589 = UNCERTAINTY_MEASURE_WITH_UNIT (LENGTH_MEASURE( 1.000000000000000082E-05 ), #733, 'distance_accuracy_value', 'NONE');
#1590 = EDGE_LOOP ( 'NONE', ( #2545, #1469, #2061, #71, #1669 ) ) ;
#1591 = CARTESIAN_POINT ( 'NONE',  ( 75.38514246111861894, -3.143634599299667265, 6.088128894930224355 ) ) ;
#1592 = EDGE_CURVE ( 'NONE', #2587, #2106, #1314, .T. ) ;
#1593 = CARTESIAN_POINT ( 'NONE',  ( 30.76090396332736887, -31.44414273728407494, 45.53959472175014156 ) ) ;
#1594 = VECTOR ( 'NONE', #2321, 1000.000000000000114 ) ;
#1595 = VECTOR ( 'NONE', #987, 1000.000000000000000 ) ;
#1596 = CARTESIAN_POINT ( 'NONE',  ( 1.560903963327234800, 2.555857262716026312, -27.50554525054134203 ) ) ;
#1597 = CARTESIAN_POINT ( 'NONE',  ( 76.12342792094850097, -2.444142737283855116, 31.18209419596293586 ) ) ;
#1598 = CARTESIAN_POINT ( 'NONE',  ( 83.38508038352017593, -2.444142737283805822, 24.96589120112335181 ) ) ;
#1599 = ORIENTED_EDGE ( 'NONE', *, *, #101, .T. ) ;
#1600 = CARTESIAN_POINT ( 'NONE',  ( 4.860903963327245059, -2.444142737283975464, -22.54255433529661801 ) ) ;
#1601 = CARTESIAN_POINT ( 'NONE',  ( 61.98478260626254155, -4.444142737283910627, 34.34482012185566902 ) ) ;
#1602 = CARTESIAN_POINT ( 'NONE',  ( 4.860903963327246835, -2.444142737284011435, -10.58341099734526125 ) ) ;
#1603 = CARTESIAN_POINT ( 'NONE',  ( 77.34956166087908969, -2.444142737283772515, 5.879376457377254894 ) ) ;
#1604 = EDGE_CURVE ( 'NONE', #1794, #1367, #1903, .T. ) ;
#1605 = ORIENTED_EDGE ( 'NONE', *, *, #1741, .F. ) ;
#1606 = CARTESIAN_POINT ( 'NONE',  ( 4.860903963327258381, -2.444142737284240585, 65.69489048240845364 ) ) ;
#1607 = CARTESIAN_POINT ( 'NONE',  ( 77.57480231185311936, -2.444142737283785838, 8.909293481667475589 ) ) ;
#1608 = DIRECTION ( 'NONE',  ( -1.000000000000000000, -3.999776700323684900E-15, -1.233975244262997052E-29 ) ) ;
#1609 = CARTESIAN_POINT ( 'NONE',  ( 74.30533890620644399, -2.444142737283411471, 30.32034415930901972 ) ) ;
#1610 = CARTESIAN_POINT ( 'NONE',  ( 85.33193710890816419, -0.4441427372837802312, 20.84461679580567051 ) ) ;
#1611 = VECTOR ( 'NONE', #2400, 1000.000000000000000 ) ;
#1612 = PLANE ( 'NONE',  #370 ) ;
#1613 = CARTESIAN_POINT ( 'NONE',  ( 75.25691640848187092, -2.444142737283852451, 30.21677014634402880 ) ) ;
#1614 = CARTESIAN_POINT ( 'NONE',  ( 73.95467719843529153, -4.444142737283863553, 30.89180140422406140 ) ) ;
#1615 = CARTESIAN_POINT ( 'NONE',  ( 81.67654650738701605, -2.444142737283763189, 9.023520155580090574 ) ) ;
#1616 = CARTESIAN_POINT ( 'NONE',  ( 74.33703542414899346, -2.444142737283784506, 5.718580627396406157 ) ) ;
#1617 = CARTESIAN_POINT ( 'NONE',  ( 15.76090396332726229, -2.444142737284211719, 70.65788139765294318 ) ) ;
#1618 = VERTEX_POINT ( 'NONE', #1517 ) ;
#1619 = CARTESIAN_POINT ( 'NONE',  ( 70.11556499083674510, -2.444142737283895528, 34.05097912536898974 ) ) ;
#1620 = AXIS2_PLACEMENT_3D ( 'NONE', #2179, #30, #2135 ) ;
#1621 = CARTESIAN_POINT ( 'NONE',  ( 85.69477545265461060, -2.444142737283780953, 19.36923045411252886 ) ) ;
#1622 = FACE_OUTER_BOUND ( 'NONE', #1454, .T. ) ;
#1623 = FACE_BOUND ( 'NONE', #2690, .T. ) ;
#1624 = CARTESIAN_POINT ( 'NONE',  ( 74.32278462901602722, -2.444142737283894196, 33.52812698584142481 ) ) ;
#1625 = PLANE ( 'NONE',  #463 ) ;
#1626 = ADVANCED_FACE ( 'NONE', ( #2356 ), #1089, .T. ) ;
#1627 = CARTESIAN_POINT ( 'NONE',  ( 1.560903963327251009, 2.555857262715966804, -7.806820201975434692 ) ) ;
#1628 = VERTEX_POINT ( 'NONE', #237 ) ;
#1629 = EDGE_LOOP ( 'NONE', ( #906, #539, #2600, #2698, #474, #914 ) ) ;
#1630 = LINE ( 'NONE', #1250, #843 ) ;
#1631 = CARTESIAN_POINT ( 'NONE',  ( 85.88157894743905274, -0.4441427372837603027, 16.24289922764891614 ) ) ;
#1632 = EDGE_CURVE ( 'NONE', #2474, #1565, #665, .T. ) ;
#1633 = EDGE_LOOP ( 'NONE', ( #1522, #2016, #793, #1866, #788, #2395, #913 ) ) ;
#1634 = PLANE ( 'NONE',  #613 ) ;
#1635 = AXIS2_PLACEMENT_3D ( 'NONE', #2274, #804, #2532 ) ;
#1636 = CARTESIAN_POINT ( 'NONE',  ( 61.28775587288951243, -4.444142737283915956, 34.11705504312315895 ) ) ;
#1637 = FACE_OUTER_BOUND ( 'NONE', #858, .T. ) ;
#1638 = CARTESIAN_POINT ( 'NONE',  ( 67.35183297213579579, -2.444142737288617973, 2.193427574271347602 ) ) ;
#1639 = LINE ( 'NONE', #421, #2346 ) ;
#1640 = ORIENTED_EDGE ( 'NONE', *, *, #1285, .T. ) ;
#1641 = VECTOR ( 'NONE', #785, 1000.000000000000000 ) ;
#1642 = EDGE_LOOP ( 'NONE', ( #629, #1075, #2031, #1387, #829, #653, #2516, #2002, #2105, #1713, #1818, #2347 ) ) ;
#1643 = ORIENTED_EDGE ( 'NONE', *, *, #1307, .F. ) ;
#1644 = CARTESIAN_POINT ( 'NONE',  ( 10.46090396332728112, -8.444142737284218825, 65.69489048240845364 ) ) ;
#1645 = CARTESIAN_POINT ( 'NONE',  ( 78.38421373448765905, -0.4441427372837776777, 9.548768619143642056 ) ) ;
#1646 = ORIENTED_EDGE ( 'NONE', *, *, #814, .T. ) ;
#1647 = CARTESIAN_POINT ( 'NONE',  ( 75.65169837576019063, -0.4618426715398294968, 28.39669361198105690 ) ) ;
#1648 = CARTESIAN_POINT ( 'NONE',  ( 67.74886516821914029, -2.444142737283787170, 0.2296336585039767952 ) ) ;
#1649 = FACE_OUTER_BOUND ( 'NONE', #1642, .T. ) ;
#1650 = VECTOR ( 'NONE', #2152, 1000.000000000000000 ) ;
#1651 = CARTESIAN_POINT ( 'NONE',  ( 73.22425994925336568, -2.444142737283780065, 2.279150210314724312 ) ) ;
#1652 = CARTESIAN_POINT ( 'NONE',  ( 10.46090396332725625, -2.444142737283988787, -10.58341099734526480 ) ) ;
#1653 = VERTEX_POINT ( 'NONE', #678 ) ;
#1654 = CARTESIAN_POINT ( 'NONE',  ( 10.46090396332728112, -8.444142737284000333, -7.350249489883376341 ) ) ;
#1655 = ORIENTED_EDGE ( 'NONE', *, *, #1395, .T. ) ;
#1656 = ADVANCED_FACE ( 'NONE', ( #38 ), #895, .T. ) ;
#1657 = CARTESIAN_POINT ( 'NONE',  ( 75.53595912459230988, -4.444142737283843125, 28.31687306558919914 ) ) ;
#1658 = CARTESIAN_POINT ( 'NONE',  ( 82.98691720400981353, -2.444142737283762301, 10.31397948702499434 ) ) ;
#1659 = ORIENTED_EDGE ( 'NONE', *, *, #782, .F. ) ;
#1660 = CARTESIAN_POINT ( 'NONE',  ( 30.76090396332728361, -9.444142737283863553, 70.65788139765298581 ) ) ;
#1661 = CARTESIAN_POINT ( 'NONE',  ( 55.99399966987366639, -2.444142737283855116, 2.880469447016786866 ) ) ;
#1662 = CARTESIAN_POINT ( 'NONE',  ( 95.76090396332728005, -2.444142737283756084, 25.53959472175024459 ) ) ;
#1663 = CARTESIAN_POINT ( 'NONE',  ( 64.15707463597259164, -2.444142737288657941, 2.101723949978633765 ) ) ;
#1664 = DIRECTION ( 'NONE',  ( -0.8660254037844398178, 0.000000000000000000, 0.4999999999999978351 ) ) ;
#1665 = DATE_AND_TIME ( #1682, #517 ) ;
#1666 = AXIS2_PLACEMENT_3D ( 'NONE', #320, #501, #1341 ) ;
#1667 = ORIENTED_EDGE ( 'NONE', *, *, #2420, .F. ) ;
#1668 = CARTESIAN_POINT ( 'NONE',  ( 74.98935112939589942, -3.086884699060839399, 30.20901791791374791 ) ) ;
#1669 = ORIENTED_EDGE ( 'NONE', *, *, #1976, .F. ) ;
#1670 = VERTEX_POINT ( 'NONE', #226 ) ;
#1671 = ADVANCED_FACE ( 'NONE', ( #1102 ), #2143, .T. ) ;
#1672 = LINE ( 'NONE', #1470, #2034 ) ;
#1673 = CARTESIAN_POINT ( 'NONE',  ( 83.06021640370147452, -0.4441427372837712939, 13.56274624562379927 ) ) ;
#1674 = ORIENTED_EDGE ( 'NONE', *, *, #2244, .T. ) ;
#1675 = FACE_OUTER_BOUND ( 'NONE', #1555, .T. ) ;
#1676 = CARTESIAN_POINT ( 'NONE',  ( 53.18608688972187792, -2.444142737283933720, 31.12934829262013281 ) ) ;
#1677 = CARTESIAN_POINT ( 'NONE',  ( 7.660903963327278632, -8.444142737284215272, 60.84514822121558097 ) ) ;
#1678 = AXIS2_PLACEMENT_3D ( 'NONE', #327, #1985, #1781 ) ;
#1679 = CARTESIAN_POINT ( 'NONE',  ( 70.75575639803324179, -4.444142737285381450, 3.205343906047688485 ) ) ;
#1680 = VECTOR ( 'NONE', #2504, 1000.000000000000227 ) ;
#1681 = DIRECTION ( 'NONE',  ( -1.000000000000000000, -3.999776700323684111E-15, -2.762486945642026090E-16 ) ) ;
#1682 = CALENDAR_DATE ( 2026, 5, 6 ) ;
#1683 = VERTEX_POINT ( 'NONE', #638 ) ;
#1684 = ADVANCED_FACE ( 'NONE', ( #868 ), #2527, .T. ) ;
#1685 = PLANE ( 'NONE',  #812 ) ;
#1686 = VERTEX_POINT ( 'NONE', #1531 ) ;
#1687 = LINE ( 'NONE', #2108, #759 ) ;
#1688 = CARTESIAN_POINT ( 'NONE',  ( 74.32111346472153457, -0.4441427372840595078, 5.718806730379958125 ) ) ;
#1689 = ORIENTED_EDGE ( 'NONE', *, *, #174, .F. ) ;
#1690 = CARTESIAN_POINT ( 'NONE',  ( 4.860903963327270816, -8.444142737284019873, -7.350249489883379894 ) ) ;
#1691 = CARTESIAN_POINT ( 'NONE',  ( 49.56618495529148305, -2.444142737283944822, 25.91658662896880827 ) ) ;
#1692 = CARTESIAN_POINT ( 'NONE',  ( 70.62419415704920311, -6.944142737283888422, 36.31509438111242360 ) ) ;
#1693 = CARTESIAN_POINT ( 'NONE',  ( 69.66793665500918564, -4.444142737280602162, 2.742038594888858594 ) ) ;
#1694 = CARTESIAN_POINT ( 'NONE',  ( 15.76090396332731736, -9.444142737283860001, -27.50554525054134913 ) ) ;
#1695 = LOCAL_TIME ( 15, 53, 59.00000000000000000, #763 ) ;
#1696 = SECURITY_CLASSIFICATION ( '', '', #1049 ) ;
#1697 = CARTESIAN_POINT ( 'NONE',  ( 75.54186041190804701, -0.4441427372838449572, 28.10621041837332257 ) ) ;
#1698 = VERTEX_POINT ( 'NONE', #1694 ) ;
#1699 = VERTEX_POINT ( 'NONE', #12 ) ;
#1700 = CC_DESIGN_PERSON_AND_ORGANIZATION_ASSIGNMENT ( #353, #970, ( #362 ) ) ;
#1701 = PLANE ( 'NONE',  #2248 ) ;
#1702 = FACE_OUTER_BOUND ( 'NONE', #1066, .T. ) ;
#1703 = CARTESIAN_POINT ( 'NONE',  ( 82.29780725728787161, -0.4441427372837710719, 12.45546987800427630 ) ) ;
#1704 = CARTESIAN_POINT ( 'NONE',  ( 51.81909556401130601, -2.444142737283867550, 6.378098684933720897 ) ) ;
#1705 = CARTESIAN_POINT ( 'NONE',  ( 74.07525634559367234, -0.4441427372838513965, 28.26487337741761507 ) ) ;
#1706 = ORIENTED_EDGE ( 'NONE', *, *, #1067, .F. ) ;
#1707 = CARTESIAN_POINT ( 'NONE',  ( 51.04989460404407708, -4.444142737293446110, 10.93801125240878136 ) ) ;
#1708 = DIRECTION ( 'NONE',  ( 0.8660254037844390407, 0.000000000000000000, -0.4999999999999992228 ) ) ;
#1709 = EDGE_CURVE ( 'NONE', #2718, #229, #1478, .T. ) ;
#1710 = VECTOR ( 'NONE', #1269, 1000.000000000000000 ) ;
#1711 = AXIS2_PLACEMENT_3D ( 'NONE', #908, #1185, #96 ) ;
#1712 = DIRECTION ( 'NONE',  ( 1.000000000000000000, 3.999776700323684111E-15, -1.030839065676673713E-32 ) ) ;
#1713 = ORIENTED_EDGE ( 'NONE', *, *, #718, .F. ) ;
#1714 = CARTESIAN_POINT ( 'NONE',  ( 4.860903963327269039, -8.444142737283986122, -19.30939282783473843 ) ) ;
#1715 = DIRECTION ( 'NONE',  ( -1.000000000000000000, -4.027036640660438166E-15, 0.000000000000000000 ) ) ;
#1716 = PLANE ( 'NONE',  #1188 ) ;
#1717 = CARTESIAN_POINT ( 'NONE',  ( 57.94476342123201817, -4.444142737283919509, 32.47578005869991813 ) ) ;
#1718 = EDGE_CURVE ( 'NONE', #185, #1262, #1077, .T. ) ;
#1719 = CARTESIAN_POINT ( 'NONE',  ( 74.23863468856700365, -0.4441427372838506193, 28.25797624684588527 ) ) ;
#1720 = ORIENTED_EDGE ( 'NONE', *, *, #972, .T. ) ;
#1721 = CARTESIAN_POINT ( 'NONE',  ( 51.88064302976254538, -2.444142737272125387, 9.544139340062876897 ) ) ;
#1722 = CARTESIAN_POINT ( 'NONE',  ( 66.07933020460355067, -4.444142737283788058, -2.419116465854738607 ) ) ;
#1723 = LINE ( 'NONE', #2570, #172 ) ;
#1724 = FACE_OUTER_BOUND ( 'NONE', #977, .T. ) ;
#1725 = EDGE_CURVE ( 'NONE', #1670, #355, #1063, .T. ) ;
#1726 = DIRECTION ( 'NONE',  ( 1.202645576629469352E-29, -3.004204553385571066E-15, 1.000000000000000000 ) ) ;
#1727 = CARTESIAN_POINT ( 'NONE',  ( 73.84394149513342143, -0.4441427372837902787, 7.668149942651864670 ) ) ;
#1728 = CARTESIAN_POINT ( 'NONE',  ( 79.59133544381468539, -0.4441427372837752352, 10.23712678966011502 ) ) ;
#1729 = CARTESIAN_POINT ( 'NONE',  ( 61.88108049187194126, -2.444142737283910627, 36.38104021068964045 ) ) ;
#1730 = CARTESIAN_POINT ( 'NONE',  ( 74.35362438631648274, -2.444142737283856004, 30.25490324836908940 ) ) ;
#1731 = ORIENTED_EDGE ( 'NONE', *, *, #316, .F. ) ;
#1732 = CARTESIAN_POINT ( 'NONE',  ( 48.86415070757323775, -2.444142737283920841, 10.84557796323437984 ) ) ;
#1733 = CARTESIAN_POINT ( 'NONE',  ( 10.46090396332728112, -8.444142737284208167, 62.46172897494652432 ) ) ;
#1734 = CARTESIAN_POINT ( 'NONE',  ( 49.50351092384777019, -4.444142737283920397, 17.02289967922686031 ) ) ;
#1735 = LINE ( 'NONE', #2585, #2131 ) ;
#1736 = VECTOR ( 'NONE', #961, 1000.000000000000000 ) ;
#1737 = ORIENTED_EDGE ( 'NONE', *, *, #1293, .F. ) ;
#1738 = ORIENTED_EDGE ( 'NONE', *, *, #1725, .F. ) ;
#1739 = FACE_OUTER_BOUND ( 'NONE', #1848, .T. ) ;
#1740 = CARTESIAN_POINT ( 'NONE',  ( 7.660903963327283073, -8.444142737284233036, 67.31147123613938277 ) ) ;
#1741 = EDGE_CURVE ( 'NONE', #2718, #1367, #448, .T. ) ;
#1742 = CARTESIAN_POINT ( 'NONE',  ( 7.660903963327282185, -8.444142737283979017, -17.69281207410378443 ) ) ;
#1743 = CARTESIAN_POINT ( 'NONE',  ( 65.57797083054681764, -4.444142737287116063, 34.93570609531690252 ) ) ;
#1744 = CARTESIAN_POINT ( 'NONE',  ( 74.39317817323599513, -2.444142737283856004, 30.25313437949557738 ) ) ;
#1745 = ORIENTED_EDGE ( 'NONE', *, *, #546, .T. ) ;
#1746 = CARTESIAN_POINT ( 'NONE',  ( 48.21798762355648194, -2.444142737283910627, 12.57970828375324146 ) ) ;
#1747 = CARTESIAN_POINT ( 'NONE',  ( 7.660903963327279520, -8.444142737283996780, -12.19999175107623834 ) ) ;
#1748 = DIRECTION ( 'NONE',  ( 1.000000000000000000, 3.999776700323684900E-15, 1.180324146686342447E-29 ) ) ;
#1749 = LINE ( 'NONE', #680, #1035 ) ;
#1750 = ORIENTED_EDGE ( 'NONE', *, *, #2522, .T. ) ;
#1751 = ORIENTED_EDGE ( 'NONE', *, *, #1485, .F. ) ;
#1752 = CARTESIAN_POINT ( 'NONE',  ( 1.560903963327259447, -2.444142737284209055, 50.95915634908705272 ) ) ;
#1753 = CARTESIAN_POINT ( 'NONE',  ( 7.660903963327255539, -2.444142737283959477, -24.15913508902757911 ) ) ;
#1754 = EDGE_CURVE ( 'NONE', #1864, #1699, #2130, .T. ) ;
#1755 = DIRECTION ( 'NONE',  ( -3.999776700323684900E-15, 1.000000000000000000, 3.000529512353633521E-15 ) ) ;
#1756 = CARTESIAN_POINT ( 'NONE',  ( 57.59692968739337005, -2.444142737290139866, 32.24834208615880016 ) ) ;
#1757 = CARTESIAN_POINT ( 'NONE',  ( 80.49472724382651734, -0.4441427372838168686, 25.36987756732567334 ) ) ;
#1758 = ORIENTED_EDGE ( 'NONE', *, *, #1072, .T. ) ;
#1759 = CARTESIAN_POINT ( 'NONE',  ( 51.62064740476634483, -2.444142737283868883, 6.627031021383951170 ) ) ;
#1760 = CARTESIAN_POINT ( 'NONE',  ( 74.78651252084230805, -2.025447839722680499, 30.19834291868325238 ) ) ;
#1761 = DIRECTION ( 'NONE',  ( 2.421725034069410487E-16, 2.994132769394907690E-15, -1.000000000000000000 ) ) ;
#1762 = APPROVAL_DATE_TIME ( #2232, #2304 ) ;
#1763 = ADVANCED_FACE ( 'NONE', ( #462 ), #1778, .T. ) ;
#1764 = VECTOR ( 'NONE', #888, 1000.000000000000000 ) ;
#1765 = CARTESIAN_POINT ( 'NONE',  ( 75.39175969835355318, -0.4441427372837858378, 8.225057568077167147 ) ) ;
#1766 = PLANE ( 'NONE',  #1463 ) ;
#1767 = LINE ( 'NONE', #1389, #2385 ) ;
#1768 = LINE ( 'NONE', #117, #2673 ) ;
#1769 = CARTESIAN_POINT ( 'NONE',  ( 57.66085862766214376, -2.444142737283923950, 34.63929855982244277 ) ) ;
#1770 = CARTESIAN_POINT ( 'NONE',  ( 78.04516806614526558, -0.4441427372836940779, 29.42891577621480792 ) ) ;
#1771 = DIRECTION ( 'NONE',  ( -1.000000000000000000, -6.945572276326080859E-15, 0.000000000000000000 ) ) ;
#1772 = VECTOR ( 'NONE', #1187, 1000.000000000000000 ) ;
#1773 = CARTESIAN_POINT ( 'NONE',  ( 48.87978630191687301, -2.444142737283935052, 24.33331311679160081 ) ) ;
#1774 = CARTESIAN_POINT ( 'NONE',  ( 70.62419415704920311, -6.944142737283886646, 36.31509438111242360 ) ) ;
#1775 = CARTESIAN_POINT ( 'NONE',  ( 62.43219376436818635, -4.444142737283809375, 2.386247931493105767 ) ) ;
#1776 = CARTESIAN_POINT ( 'NONE',  ( 85.80459304782264951, -2.444142737283789835, 23.36297533076242772 ) ) ;
#1777 = ADVANCED_FACE ( 'NONE', ( #1157 ), #173, .T. ) ;
#1778 = B_SPLINE_SURFACE_WITH_KNOTS ( 'NONE', 3, 1, ( 
 ( #1301, #882 ),
 ( #1722, #2569 ),
 ( #2582, #2655 ),
 ( #1573, #2438 ),
 ( #2624, #1774 ),
 ( #2426, #1805 ) ),
 .UNSPECIFIED., .F., .F., .F.,
 ( 4, 1, 1, 4 ),
 ( 2, 2 ),
 ( 0.000000000000000000, 0.4327445129799418200, 0.7258312404340099278, 1.000000000000000000 ),
 ( 0.000000000000000000, 1.000000000000000000 ),
 .UNSPECIFIED. ) ;
#1779 = CARTESIAN_POINT ( 'NONE',  ( 10.46090396332728112, -8.444142737284218825, 65.69489048240845364 ) ) ;
#1780 = ORIENTED_EDGE ( 'NONE', *, *, #2677, .T. ) ;
#1781 = DIRECTION ( 'NONE',  ( 3.999776700323684900E-15, -1.000000000000000000, 0.000000000000000000 ) ) ;
#1782 = FACE_OUTER_BOUND ( 'NONE', #2095, .T. ) ;
#1783 = AXIS2_PLACEMENT_3D ( 'NONE', #1133, #1971, #254 ) ;
#1784 = CARTESIAN_POINT ( 'NONE',  ( 95.76090396332728005, -2.444142737283816480, 45.53959472175024814 ) ) ;
#1785 = CARTESIAN_POINT ( 'NONE',  ( 74.30533890621437365, -4.444142737283557132, 30.32034415931402194 ) ) ;
#1786 = CARTESIAN_POINT ( 'NONE',  ( 82.72364225443573105, -0.4441427372837982723, 22.13596299486203023 ) ) ;
#1787 = ORIENTED_EDGE ( 'NONE', *, *, #1189, .T. ) ;
#1788 = CARTESIAN_POINT ( 'NONE',  ( 47.62522935812773284, -2.444142737283935496, 19.43208374082462697 ) ) ;
#1789 = LINE ( 'NONE', #349, #1451 ) ;
#1790 = CARTESIAN_POINT ( 'NONE',  ( 76.72625078034491253, -2.444142737283845790, 30.20046932682375385 ) ) ;
#1791 = LINE ( 'NONE', #1575, #1070 ) ;
#1792 = ADVANCED_FACE ( 'NONE', ( #2595 ), #728, .T. ) ;
#1793 = LINE ( 'NONE', #2245, #1611 ) ;
#1794 = VERTEX_POINT ( 'NONE', #745 ) ;
#1795 = CARTESIAN_POINT ( 'NONE',  ( 78.35310695777350531, -2.460475525785622342, 7.306504476492204248 ) ) ;
#1796 = ORIENTED_EDGE ( 'NONE', *, *, #860, .F. ) ;
#1797 = VECTOR ( 'NONE', #2368, 1000.000000000000227 ) ;
#1798 = CARTESIAN_POINT ( 'NONE',  ( 10.46090396332728112, -8.444142737283954148, -22.54255433529663932 ) ) ;
#1799 = LINE ( 'NONE', #2421, #2715 ) ;
#1800 = CARTESIAN_POINT ( 'NONE',  ( 69.04485255198630966, -4.444142737285488920, 34.45392625992182900 ) ) ;
#1801 = CARTESIAN_POINT ( 'NONE',  ( 78.14729200781737006, -0.4441427372838315790, 27.15627034030652354 ) ) ;
#1802 = AXIS2_PLACEMENT_3D ( 'NONE', #1967, #1356, #1145 ) ;
#1803 = LINE ( 'NONE', #771, #232 ) ;
#1804 = EDGE_CURVE ( 'NONE', #532, #2288, #527, .T. ) ;
#1805 = CARTESIAN_POINT ( 'NONE',  ( 74.34559269406054227, -6.944142737283852007, 30.25524231185320900 ) ) ;
#1806 = CARTESIAN_POINT ( 'NONE',  ( 59.86461203952688948, -2.444142737283919953, 35.72432556372406509 ) ) ;
#1807 = CARTESIAN_POINT ( 'NONE',  ( 15.76090396332728893, -9.444142737283922173, 70.65788139765295739 ) ) ;
#1808 = CALENDAR_DATE ( 2026, 5, 6 ) ;
#1809 = ORIENTED_EDGE ( 'NONE', *, *, #112, .F. ) ;
#1810 = LINE ( 'NONE', #2661, #47 ) ;
#1811 = CARTESIAN_POINT ( 'NONE',  ( 78.22642835215179957, -2.444142737283785838, 9.551449527802896355 ) ) ;
#1812 = EDGE_CURVE ( 'NONE', #2711, #2497, #461, .T. ) ;
#1813 = AXIS2_PLACEMENT_3D ( 'NONE', #2418, #1579, #533 ) ;
#1814 = AXIS2_PLACEMENT_3D ( 'NONE', #2404, #1987, #2206 ) ;
#1815 = CARTESIAN_POINT ( 'NONE',  ( 10.46090396332728112, -8.444142737284181521, 53.73574714445707912 ) ) ;
#1816 = CARTESIAN_POINT ( 'NONE',  ( 69.04485255196095750, -2.444142737286287836, 34.45392625982888291 ) ) ;
#1817 = CARTESIAN_POINT ( 'NONE',  ( 81.37147191704730176, -0.4441427372838206433, 27.30889686897466007 ) ) ;
#1818 = ORIENTED_EDGE ( 'NONE', *, *, #626, .T. ) ;
#1819 = CARTESIAN_POINT ( 'NONE',  ( 74.34559269406055648, -4.456139540934107579, 30.25524231185321966 ) ) ;
#1820 = CARTESIAN_POINT ( 'NONE',  ( 59.27454392176611009, -4.444142737283934608, 33.25060510216404452 ) ) ;
#1821 = CARTESIAN_POINT ( 'NONE',  ( 76.96536690698835059, -2.444142737283844902, 29.81109733658345462 ) ) ;
#1822 = CARTESIAN_POINT ( 'NONE',  ( 74.35739873790815579, -2.444142737283784506, 5.738648003838359379 ) ) ;
#1823 = DIRECTION ( 'NONE',  ( 0.000000000000000000, 0.000000000000000000, 1.000000000000000000 ) ) ;
#1824 = ORIENTED_EDGE ( 'NONE', *, *, #1604, .F. ) ;
#1825 = EDGE_CURVE ( 'NONE', #319, #1986, #1789, .T. ) ;
#1826 = CARTESIAN_POINT ( 'NONE',  ( 74.57006171337292244, -2.444142737283864442, 29.88972138265682332 ) ) ;
#1827 = CARTESIAN_POINT ( 'NONE',  ( 81.85432163211912382, -0.4441427372837713494, 12.00169605677726992 ) ) ;
#1828 = APPROVAL_PERSON_ORGANIZATION ( #777, #840, #2190 ) ;
#1829 = ORIENTED_EDGE ( 'NONE', *, *, #884, .F. ) ;
#1830 = CARTESIAN_POINT ( 'NONE',  ( 76.98043939902424881, -2.444142737283844458, 29.80652961314225280 ) ) ;
#1831 = CARTESIAN_POINT ( 'NONE',  ( 70.96266667486982271, -4.444142737283891087, 33.61796548623136971 ) ) ;
#1832 = DIRECTION ( 'NONE',  ( 3.999776700323684900E-15, -1.000000000000000000, -3.004204086082228257E-15 ) ) ;
#1833 = DIRECTION ( 'NONE',  ( 3.999776700323684900E-15, -1.000000000000000000, -3.000529512353633521E-15 ) ) ;
#1834 = PERSON_AND_ORGANIZATION_ROLE ( 'creator' ) ;
#1835 = ORIENTED_EDGE ( 'NONE', *, *, #2169, .F. ) ;
#1836 = ADVANCED_FACE ( 'NONE', ( #2213 ), #965, .T. ) ;
#1837 = ORIENTED_EDGE ( 'NONE', *, *, #245, .F. ) ;
#1838 = CARTESIAN_POINT ( 'NONE',  ( 30.76090396332723031, -2.444142737284076272, 45.53959472175021261 ) ) ;
#1839 = CIRCLE ( 'NONE', #873, 37.50000000000000711 ) ;
#1840 = CARTESIAN_POINT ( 'NONE',  ( 82.40120128176276637, -0.4441427372835453080, 9.798054389466630099 ) ) ;
#1841 = EDGE_LOOP ( 'NONE', ( #2419, #386, #781, #958, #1339 ) ) ;
#1842 = DIRECTION ( 'NONE',  ( 1.000000000000000000, 3.999776700323684900E-15, 0.000000000000000000 ) ) ;
#1843 = CARTESIAN_POINT ( 'NONE',  ( 67.91091462524015299, -2.444142737283880873, 36.76379424218441727 ) ) ;
#1844 = LINE ( 'NONE', #2508, #219 ) ;
#1845 = ADVANCED_FACE ( 'NONE', ( #953 ), #1368, .T. ) ;
#1846 = CARTESIAN_POINT ( 'NONE',  ( 74.36375119614045559, -2.444142737283777844, 3.052390897188046015 ) ) ;
#1847 = DIRECTION ( 'NONE',  ( -1.000000000000000000, -3.999776700323684111E-15, -2.421725034069530295E-16 ) ) ;
#1848 = EDGE_LOOP ( 'NONE', ( #491, #2276, #2687, #2579 ) ) ;
#1849 = B_SPLINE_CURVE_WITH_KNOTS ( 'NONE', 3,
 ( #2472, #230, #2701, #2716, #1236, #1223, #2731, #818, #2517, #2058, #832, #1013, #2305, #615, #1853, #1455 ),
 .UNSPECIFIED., .F., .F.,
 ( 4, 2, 2, 2, 2, 2, 2, 4 ),
 ( 1.748223473168675632E-18, 0.0004676166306928264318, 0.0009352332613856536225, 0.001402849892078480813, 0.001870466522771307896, 0.002338083153464134978, 0.002805699784156962494, 0.003740933045542615791 ),
 .UNSPECIFIED. ) ;
#1850 = ORIENTED_EDGE ( 'NONE', *, *, #1414, .F. ) ;
#1851 = ORIENTED_EDGE ( 'NONE', *, *, #997, .T. ) ;
#1852 = PRODUCT_RELATED_PRODUCT_CATEGORY ( 'detail', '', ( #530 ) ) ;
#1853 = CARTESIAN_POINT ( 'NONE',  ( 74.55736684418999971, -2.223127958043454644, 5.798012062064185734 ) ) ;
#1854 = CARTESIAN_POINT ( 'NONE',  ( 79.52059720765871020, -0.4441427372837750687, 10.19266892746118103 ) ) ;
#1855 = ORIENTED_EDGE ( 'NONE', *, *, #997, .F. ) ;
#1856 = CARTESIAN_POINT ( 'NONE',  ( 95.76090396332728005, -2.444142737283816480, 45.53959472175024814 ) ) ;
#1857 = DIRECTION ( 'NONE',  ( -1.000000000000000000, -3.970317814735647773E-15, 0.000000000000000000 ) ) ;
#1858 = AXIS2_PLACEMENT_3D ( 'NONE', #2239, #364, #1771 ) ;
#1859 = CARTESIAN_POINT ( 'NONE',  ( 51.45645755610742356, -2.444142737283954592, 29.02099501038200557 ) ) ;
#1860 = LINE ( 'NONE', #2693, #655 ) ;
#1861 = CARTESIAN_POINT ( 'NONE',  ( 66.26451880503822167, -2.444142737283801381, 0.07771921117275597257 ) ) ;
#1862 = CARTESIAN_POINT ( 'NONE',  ( 4.860903963327270816, -8.444142737284010991, -10.58341099734527901 ) ) ;
#1863 = EDGE_CURVE ( 'NONE', #2210, #87, #1544, .T. ) ;
#1864 = VERTEX_POINT ( 'NONE', #2381 ) ;
#1865 = CARTESIAN_POINT ( 'NONE',  ( 79.25936683430897745, -2.444142737283768962, 7.761426687470878605 ) ) ;
#1866 = ORIENTED_EDGE ( 'NONE', *, *, #718, .T. ) ;
#1867 = DIRECTION ( 'NONE',  ( 0.000000000000000000, 3.085110336692378495E-15, -1.000000000000000000 ) ) ;
#1868 = CARTESIAN_POINT ( 'NONE',  ( 83.41134072615348316, -0.4441427372837901677, 20.28424759191435456 ) ) ;
#1869 = ORIENTED_EDGE ( 'NONE', *, *, #2160, .T. ) ;
#1870 = DIRECTION ( 'NONE',  ( 2.827486423747359458E-16, 6.361844453431558781E-16, -1.000000000000000000 ) ) ;
#1871 = AXIS2_PLACEMENT_3D ( 'NONE', #692, #925, #478 ) ;
#1872 = CARTESIAN_POINT ( 'NONE',  ( 48.20250247873121907, -2.444142737283921285, 12.62924848634097685 ) ) ;
#1873 = PLANE ( 'NONE',  #911 ) ;
#1874 = CARTESIAN_POINT ( 'NONE',  ( 62.13212506711103345, -2.444142737283825362, 0.3840846449929634643 ) ) ;
#1875 = DIRECTION ( 'NONE',  ( -1.401298464324817071E-45, -3.004204553385571066E-15, 1.000000000000000000 ) ) ;
#1876 = ORIENTED_EDGE ( 'NONE', *, *, #286, .T. ) ;
#1877 = ADVANCED_FACE ( 'NONE', ( #1586 ), #1995, .T. ) ;
#1878 = LINE ( 'NONE', #1815, #684 ) ;
#1879 = ORIENTED_EDGE ( 'NONE', *, *, #1910, .F. ) ;
#1880 = DIRECTION ( 'NONE',  ( -0.8660254037844384856, 0.000000000000000000, 0.5000000000000002220 ) ) ;
#1881 = CARTESIAN_POINT ( 'NONE',  ( 80.56541966447467473, -0.4441427372837651322, 8.485940428067138441 ) ) ;
#1882 = EDGE_LOOP ( 'NONE', ( #142, #741, #1646, #2672 ) ) ;
#1883 = CARTESIAN_POINT ( 'NONE',  ( 10.46090396332728112, -8.444142737284172640, 50.50258563699517111 ) ) ;
#1884 = CARTESIAN_POINT ( 'NONE',  ( 80.56846650651615960, -0.4441427372838164800, 25.28857129058392061 ) ) ;
#1885 = CARTESIAN_POINT ( 'NONE',  ( 49.98431860632739188, -2.444142737283943490, 26.72074960263305243 ) ) ;
#1886 = CARTESIAN_POINT ( 'NONE',  ( 4.860903963327269039, -8.444142737283986122, -19.30939282783473843 ) ) ;
#1887 = ADVANCED_FACE ( 'NONE', ( #923 ), #336, .F. ) ;
#1888 = CARTESIAN_POINT ( 'NONE',  ( 73.74821586398032025, -4.444142737274260568, 5.141214094219990649 ) ) ;
#1889 = FACE_OUTER_BOUND ( 'NONE', #1841, .T. ) ;
#1890 = VECTOR ( 'NONE', #1044, 1000.000000000000000 ) ;
#1891 = EDGE_LOOP ( 'NONE', ( #220, #466, #1467, #1221, #1952 ) ) ;
#1892 = DIRECTION ( 'NONE',  ( 0.000000000000000000, 2.950975104662277774E-15, -1.000000000000000000 ) ) ;
#1893 = VERTEX_POINT ( 'NONE', #2173 ) ;
#1894 = CARTESIAN_POINT ( 'NONE',  ( 75.53595912459229567, -2.444142737283847122, 28.31687306558921335 ) ) ;
#1895 = LINE ( 'NONE', #2136, #279 ) ;
#1896 = EDGE_CURVE ( 'NONE', #2497, #2484, #2094, .T. ) ;
#1897 = ORIENTED_EDGE ( 'NONE', *, *, #1976, .T. ) ;
#1898 = CARTESIAN_POINT ( 'NONE',  ( 83.70222120803828147, -0.4441427372837853937, 19.11075780291242054 ) ) ;
#1899 = CARTESIAN_POINT ( 'NONE',  ( 47.50030282994398334, -2.444142737283929723, 17.57588762197632803 ) ) ;
#1900 = DIRECTION ( 'NONE',  ( -3.999776700323684111E-15, 1.000000000000000000, 6.361844453431546948E-16 ) ) ;
#1901 = CARTESIAN_POINT ( 'NONE',  ( 74.32916907568483111, -2.444142737284007438, 5.710847192987886345 ) ) ;
#1902 = VECTOR ( 'NONE', #1279, 1000.000000000000000 ) ;
#1903 = LINE ( 'NONE', #2116, #610 ) ;
#1904 = CARTESIAN_POINT ( 'NONE',  ( 1.560903963327234800, 2.555857262715731881, 70.65788139765295739 ) ) ;
#1905 = EDGE_LOOP ( 'NONE', ( #572, #585, #2225, #1939 ) ) ;
#1906 = VECTOR ( 'NONE', #1833, 1000.000000000000000 ) ;
#1907 = ORIENTED_EDGE ( 'NONE', *, *, #957, .F. ) ;
#1908 = CARTESIAN_POINT ( 'NONE',  ( 95.76090396332725163, 2.555857262716183964, 45.53959472175026235 ) ) ;
#1909 = CARTESIAN_POINT ( 'NONE',  ( 4.860903963327245059, -2.444142737283985234, -19.30939282783472422 ) ) ;
#1910 = EDGE_CURVE ( 'NONE', #2292, #1481, #794, .T. ) ;
#1911 = CARTESIAN_POINT ( 'NONE',  ( 95.76090396332729426, -2.444142737283672151, -2.387258574638613240 ) ) ;
#1912 = CARTESIAN_POINT ( 'NONE',  ( 48.39004680952246673, -2.444142737283946598, 22.95342159673675653 ) ) ;
#1913 = CARTESIAN_POINT ( 'NONE',  ( 74.15961260403541644, -0.4441427372838578913, 30.26309359092305584 ) ) ;
#1914 = ORIENTED_EDGE ( 'NONE', *, *, #2502, .T. ) ;
#1915 = CARTESIAN_POINT ( 'NONE',  ( 54.27030205595761458, -2.444142737286275402, 6.750488486013476397 ) ) ;
#1916 = CARTESIAN_POINT ( 'NONE',  ( 15.76090396332724097, 2.555857262715788281, 70.65788139765295739 ) ) ;
#1917 = AXIS2_PLACEMENT_3D ( 'NONE', #1784, #1552, #2405 ) ;
#1918 = DIRECTION ( 'NONE',  ( -3.999776700323685689E-15, 1.000000000000000000, 3.004204553385571066E-15 ) ) ;
#1919 = ORIENTED_EDGE ( 'NONE', *, *, #972, .F. ) ;
#1920 = ADVANCED_FACE ( 'NONE', ( #1623, #2505, #2039 ), #1634, .T. ) ;
#1921 = DIRECTION ( 'NONE',  ( 0.8660254037844397068, 2.012028480451553799E-15, 0.4999999999999981126 ) ) ;
#1922 = CARTESIAN_POINT ( 'NONE',  ( 1.560903963327234800, 2.555857262715731881, 70.65788139765295739 ) ) ;
#1923 = CARTESIAN_POINT ( 'NONE',  ( 79.93041425499666275, -0.4441427372838206988, 25.88670285763936718 ) ) ;
#1924 = CARTESIAN_POINT ( 'NONE',  ( 55.34926668036098363, -2.444142737283935496, 33.10687780210717790 ) ) ;
#1925 = CARTESIAN_POINT ( 'NONE',  ( 74.24130177552216026, -0.4441427372839248933, 30.25964502563721581 ) ) ;
#1926 = VERTEX_POINT ( 'NONE', #2294 ) ;
#1927 = CARTESIAN_POINT ( 'NONE',  ( 53.97228066303969030, -4.444142737283870659, 7.039876522652959601 ) ) ;
#1928 = CARTESIAN_POINT ( 'NONE',  ( 15.76090396332726229, -2.444142737284211719, 70.65788139765294318 ) ) ;
#1929 = CARTESIAN_POINT ( 'NONE',  ( 71.05953731004217389, -4.444142737283788058, 3.352618475681929944 ) ) ;
#1930 = AXIS2_PLACEMENT_3D ( 'NONE', #252, #1954, #1708 ) ;
#1931 = DIRECTION ( 'NONE',  ( 3.999776700323684111E-15, -1.000000000000000000, 0.000000000000000000 ) ) ;
#1932 = VECTOR ( 'NONE', #592, 1000.000000000000227 ) ;
#1933 = ORIENTED_EDGE ( 'NONE', *, *, #57, .F. ) ;
#1934 = DIRECTION ( 'NONE',  ( 0.000000000000000000, -1.000000000000000000, -3.004204553385571066E-15 ) ) ;
#1935 = CARTESIAN_POINT ( 'NONE',  ( 74.80875744569208052, -2.444142737283781397, 5.884481282302937544 ) ) ;
#1936 = DIRECTION ( 'NONE',  ( 0.000000000000000000, -2.950975104662271069E-15, 1.000000000000000000 ) ) ;
#1937 = CARTESIAN_POINT ( 'NONE',  ( 60.13111770840497172, -2.444142737283919509, 35.83010581637755365 ) ) ;
#1938 = CARTESIAN_POINT ( 'NONE',  ( 74.40574280196608470, -0.4441427372838561705, 30.25254026475517222 ) ) ;
#1939 = ORIENTED_EDGE ( 'NONE', *, *, #2251, .T. ) ;
#1940 = CARTESIAN_POINT ( 'NONE',  ( 47.85835235281963662, -2.444142737283920397, 13.92542287437570003 ) ) ;
#1941 = CARTESIAN_POINT ( 'NONE',  ( 10.46090396332728112, -8.444142737284000333, -7.350249489883376341 ) ) ;
#1942 = CARTESIAN_POINT ( 'NONE',  ( 50.42861994882156296, -4.444142737283892863, 12.33511957320576613 ) ) ;
#1943 = AXIS2_PLACEMENT_3D ( 'NONE', #1126, #1085, #662 ) ;
#1944 = VECTOR ( 'NONE', #1193, 1000.000000000000227 ) ;
#1945 = EDGE_CURVE ( 'NONE', #2718, #389, #2491, .T. ) ;
#1946 = CARTESIAN_POINT ( 'NONE',  ( 7.660903963327282185, -8.444142737283979017, -17.69281207410378443 ) ) ;
#1947 = CARTESIAN_POINT ( 'NONE',  ( 95.76090396332729426, -2.444142737283732547, 17.61274142536139209 ) ) ;
#1948 = DIRECTION ( 'NONE',  ( -1.000000000000000000, -3.999776700323684111E-15, -2.762486945642026090E-16 ) ) ;
#1949 = CARTESIAN_POINT ( 'NONE',  ( 4.860903963327245059, -2.444142737283985234, -19.30939282783472422 ) ) ;
#1950 = CARTESIAN_POINT ( 'NONE',  ( 65.52868166589082932, -2.444142737283928835, 36.93971037570609894 ) ) ;
#1951 = LINE ( 'NONE', #458, #1198 ) ;
#1952 = ORIENTED_EDGE ( 'NONE', *, *, #2618, .F. ) ;
#1953 = CARTESIAN_POINT ( 'NONE',  ( 49.51243788234997822, -2.444142737279103361, 17.96686997542103015 ) ) ;
#1954 = DIRECTION ( 'NONE',  ( 0.4999999999999992784, -5.986464323413420528E-16, 0.8660254037844391517 ) ) ;
#1955 = CARTESIAN_POINT ( 'NONE',  ( 59.28330487854508135, -4.444142737283809375, 3.399688836627606126 ) ) ;
#1956 = FACE_OUTER_BOUND ( 'NONE', #640, .T. ) ;
#1957 = ORIENTED_EDGE ( 'NONE', *, *, #354, .T. ) ;
#1958 = EDGE_LOOP ( 'NONE', ( #750, #1252, #2676, #1674 ) ) ;
#1959 = EDGE_CURVE ( 'NONE', #2246, #2474, #365, .T. ) ;
#1960 = CARTESIAN_POINT ( 'NONE',  ( 4.860903963327237065, -2.444142737283975908, -22.54255433529661445 ) ) ;
#1961 = CARTESIAN_POINT ( 'NONE',  ( 76.97541568786847677, -2.618048006319189547, 6.699069153300312607 ) ) ;
#1962 = DIRECTION ( 'NONE',  ( -3.997948283134970832E-15, 1.000000000000000000, 3.001444755846104644E-15 ) ) ;
#1963 = CARTESIAN_POINT ( 'NONE',  ( 57.94476342127099144, -2.444142737283915068, 32.47578005863515926 ) ) ;
#1964 = DIRECTION ( 'NONE',  ( -4.047688110612648758E-15, 1.000000000000000000, 3.004204553385571066E-15 ) ) ;
#1965 = VERTEX_POINT ( 'NONE', #2278 ) ;
#1966 = CARTESIAN_POINT ( 'NONE',  ( 52.89403743907602973, -2.444142737283867106, 5.298542671452136865 ) ) ;
#1967 = CARTESIAN_POINT ( 'NONE',  ( 4.860903963327270816, -8.444142737284010991, -10.58341099734527901 ) ) ;
#1968 = CARTESIAN_POINT ( 'NONE',  ( 50.21619346300609266, -4.444142737283933720, 22.12109681365384262 ) ) ;
#1969 = ADVANCED_FACE ( 'NONE', ( #403 ), #2063, .T. ) ;
#1970 = VECTOR ( 'NONE', #1462, 1000.000000000000000 ) ;
#1971 = DIRECTION ( 'NONE',  ( -3.872150616019640098E-15, 1.000000000000000000, 2.950975104662264758E-15 ) ) ;
#1972 = ORIENTED_EDGE ( 'NONE', *, *, #1578, .F. ) ;
#1973 = DIRECTION ( 'NONE',  ( 4.047688110612648758E-15, -1.000000000000000000, -3.004204553385571066E-15 ) ) ;
#1974 = DIRECTION ( 'NONE',  ( -3.999776700323684900E-15, 1.000000000000000000, 3.000529512353633521E-15 ) ) ;
#1975 = DIRECTION ( 'NONE',  ( 0.8660254037844413721, 4.963003585113847350E-15, -0.4999999999999953371 ) ) ;
#1976 = EDGE_CURVE ( 'NONE', #229, #1986, #979, .T. ) ;
#1977 = CARTESIAN_POINT ( 'NONE',  ( 59.00842112835414355, -4.444142737283926614, 33.09827373408704432 ) ) ;
#1978 = CARTESIAN_POINT ( 'NONE',  ( 82.68899068188572699, -2.444142737283811595, 25.89367486952457753 ) ) ;
#1979 = ORIENTED_EDGE ( 'NONE', *, *, #1993, .F. ) ;
#1980 = CARTESIAN_POINT ( 'NONE',  ( 48.55926944228255593, -2.444142737283933275, 23.46651266688420989 ) ) ;
#1981 = CARTESIAN_POINT ( 'NONE',  ( 4.860903963327246835, -2.444142737284021205, -7.350249489883362131 ) ) ;
#1982 = CARTESIAN_POINT ( 'NONE',  ( 55.64994715312823104, -4.444142737283943490, 30.73590086101452101 ) ) ;
#1983 = DIRECTION ( 'NONE',  ( -0.5000000000000001110, -4.598423132665023501E-15, 0.8660254037844387076 ) ) ;
#1984 = VECTOR ( 'NONE', #164, 1000.000000000000000 ) ;
#1985 = DIRECTION ( 'NONE',  ( -1.000000000000000000, -3.999776700323684900E-15, -1.233975244262994389E-29 ) ) ;
#1986 = VERTEX_POINT ( 'NONE', #1017 ) ;
#1987 = DIRECTION ( 'NONE',  ( 3.999776700323684900E-15, -1.000000000000000000, -3.000529512353633521E-15 ) ) ;
#1988 = FACE_OUTER_BOUND ( 'NONE', #2607, .T. ) ;
#1989 = CARTESIAN_POINT ( 'NONE',  ( 68.30428885697972419, -4.444142737282295030, 34.65235118473670894 ) ) ;
#1990 = CARTESIAN_POINT ( 'NONE',  ( 81.92840499954822064, -2.444142737283811595, 26.76918133597224880 ) ) ;
#1991 = LINE ( 'NONE', #964, #2700 ) ;
#1992 = AXIS2_PLACEMENT_3D ( 'NONE', #151, #111, #993 ) ;
#1993 = EDGE_CURVE ( 'NONE', #1683, #806, #1460, .T. ) ;
#1994 = CARTESIAN_POINT ( 'NONE',  ( 50.04361115234158319, -2.444142737283951927, 26.82944247345949407 ) ) ;
#1995 = PLANE ( 'NONE',  #1666 ) ;
#1996 = CARTESIAN_POINT ( 'NONE',  ( 30.76090396332724453, -9.444142737283863553, 70.65788139765294318 ) ) ;
#1997 = CARTESIAN_POINT ( 'NONE',  ( 40.76090396332737953, -9.444142737283776512, -2.387258574638631448 ) ) ;
#1998 = CARTESIAN_POINT ( 'NONE',  ( 74.36758039478777960, -2.444142737283784506, 5.748681692059360415 ) ) ;
#1999 = DIRECTION ( 'NONE',  ( 4.886545002751687262E-16, -3.000529512353631549E-15, 1.000000000000000000 ) ) ;
#2000 = AXIS2_PLACEMENT_3D ( 'NONE', #2430, #1823, #1386 ) ;
#2001 = PLANE ( 'NONE',  #625 ) ;
#2002 = ORIENTED_EDGE ( 'NONE', *, *, #1604, .T. ) ;
#2003 = VECTOR ( 'NONE', #856, 1000.000000000000114 ) ;
#2004 = ADVANCED_FACE ( 'NONE', ( #618 ), #2647, .F. ) ;
#2005 = CARTESIAN_POINT ( 'NONE',  ( 1.560903963327254784, -2.444142737283973688, -27.50554525054135269 ) ) ;
#2006 = CARTESIAN_POINT ( 'NONE',  ( 73.17536904057988068, -2.444142737276638222, 31.83056567862330866 ) ) ;
#2007 = CARTESIAN_POINT ( 'NONE',  ( 74.88996511721833826, -0.4441427372838477883, 28.20896749540013460 ) ) ;
#2008 = VERTEX_POINT ( 'NONE', #565 ) ;
#2009 = CARTESIAN_POINT ( 'NONE',  ( 48.41267121126367101, -2.444142737283946598, 23.02513673211317169 ) ) ;
#2010 = CARTESIAN_POINT ( 'NONE',  ( 75.35157619868687107, -1.374034593978669783, 29.87315507379511814 ) ) ;
#2011 = CARTESIAN_POINT ( 'NONE',  ( 68.56464258800778566, -4.444142737283891087, 34.58883525000417336 ) ) ;
#2012 = PLANE ( 'NONE',  #1294 ) ;
#2013 = CARTESIAN_POINT ( 'NONE',  ( 75.74085987390417074, -2.444142737283770295, 4.294053718465035807 ) ) ;
#2014 = APPROVAL_DATE_TIME ( #341, #840 ) ;
#2015 = EDGE_CURVE ( 'NONE', #1440, #880, #1029, .T. ) ;
#2016 = ORIENTED_EDGE ( 'NONE', *, *, #1725, .T. ) ;
#2017 = FACE_OUTER_BOUND ( 'NONE', #886, .T. ) ;
#2018 = FACE_OUTER_BOUND ( 'NONE', #1882, .T. ) ;
#2019 = CARTESIAN_POINT ( 'NONE',  ( 74.22726455051108019, -4.444142737283857336, 30.44449683474149992 ) ) ;
#2020 = CARTESIAN_POINT ( 'NONE',  ( 78.40973423706523704, -0.4441427372833375298, 29.26687008721911099 ) ) ;
#2021 = VECTOR ( 'NONE', #1200, 1000.000000000000000 ) ;
#2022 = ORIENTED_EDGE ( 'NONE', *, *, #2194, .F. ) ;
#2023 = DIRECTION ( 'NONE',  ( 3.999776700323684900E-15, -1.000000000000000000, -3.000529512353633521E-15 ) ) ;
#2024 = DIRECTION ( 'NONE',  ( -1.000000000000000000, -4.001428817919833979E-15, 0.000000000000000000 ) ) ;
#2025 = FACE_OUTER_BOUND ( 'NONE', #2456, .T. ) ;
#2026 = CARTESIAN_POINT ( 'NONE',  ( 74.47957862046321509, -2.444142737283784506, 5.859052262489798046 ) ) ;
#2027 = PERSON ( '未指定', '未指定', '未指定', ('未指定'), ('未指定'), ('未指定') ) ;
#2028 = ORIENTED_EDGE ( 'NONE', *, *, #1896, .F. ) ;
#2029 = EDGE_CURVE ( 'NONE', #1278, #1348, #2051, .T. ) ;
#2030 = CARTESIAN_POINT ( 'NONE',  ( 74.34559269406054227, -4.444142737283780953, 5.727013535648047160 ) ) ;
#2031 = ORIENTED_EDGE ( 'NONE', *, *, #2029, .F. ) ;
#2032 = DIRECTION ( 'NONE',  ( -3.999776700323684900E-15, 1.000000000000000000, 3.000529512353633521E-15 ) ) ;
#2033 = AXIS2_PLACEMENT_3D ( 'NONE', #31, #876, #1715 ) ;
#2034 = VECTOR ( 'NONE', #426, 1000.000000000000000 ) ;
#2035 = CARTESIAN_POINT ( 'NONE',  ( 4.860903963327269039, -8.444142737283975464, -22.54255433529663577 ) ) ;
#2036 = CARTESIAN_POINT ( 'NONE',  ( 76.27434939145203430, -2.444142737283853783, 30.93633664642270986 ) ) ;
#2037 = CARTESIAN_POINT ( 'NONE',  ( 80.02414538105134056, -0.4441427372838203103, 25.82527604733036952 ) ) ;
#2038 = VERTEX_POINT ( 'NONE', #783 ) ;
#2039 = FACE_OUTER_BOUND ( 'NONE', #1590, .T. ) ;
#2040 = CARTESIAN_POINT ( 'NONE',  ( 63.06348030767230739, -4.444142737283908851, 34.60847740674168449 ) ) ;
#2041 = CARTESIAN_POINT ( 'NONE',  ( 74.34559269406054227, -2.444142737283605538, 5.727013535648038278 ) ) ;
#2042 = DIRECTION ( 'NONE',  ( -1.000000000000000000, -4.000858721002845270E-15, 4.886545002751566961E-16 ) ) ;
#2043 = CALENDAR_DATE ( 2026, 5, 6 ) ;
#2044 = ORIENTED_EDGE ( 'NONE', *, *, #1274, .F. ) ;
#2045 = EDGE_CURVE ( 'NONE', #998, #1457, #2252, .T. ) ;
#2046 = ORIENTED_EDGE ( 'NONE', *, *, #850, .T. ) ;
#2047 = EDGE_LOOP ( 'NONE', ( #2733, #2072, #971, #1311 ) ) ;
#2048 = CARTESIAN_POINT ( 'NONE',  ( 73.67247270727384034, -4.444142737288683698, 31.24060008162751956 ) ) ;
#2049 = CARTESIAN_POINT ( 'NONE',  ( 82.88937923363506854, -0.4441427372837712384, 13.27826870573083973 ) ) ;
#2050 = EDGE_CURVE ( 'NONE', #2247, #1794, #2720, .T. ) ;
#2051 = LINE ( 'NONE', #991, #398 ) ;
#2052 = CARTESIAN_POINT ( 'NONE',  ( 74.94367913479503329, -2.444142737283891087, 32.84964125089445020 ) ) ;
#2053 = CYLINDRICAL_SURFACE ( 'NONE', #1008, 37.50000000000000711 ) ;
#2054 = CARTESIAN_POINT ( 'NONE',  ( 67.74950401981494963, -2.444142737281379318, 2.257898039476167185 ) ) ;
#2055 = CARTESIAN_POINT ( 'NONE',  ( 7.660903963327257316, -2.444142737283979017, -17.69281207410376666 ) ) ;
#2056 = EDGE_CURVE ( 'NONE', #2728, #1481, #1253, .T. ) ;
#2057 = VERTEX_POINT ( 'NONE', #149 ) ;
#2058 = CARTESIAN_POINT ( 'NONE',  ( 75.30332438499988257, -1.254815336451436947, 6.470511447372047087 ) ) ;
#2059 = AXIS2_PLACEMENT_3D ( 'NONE', #2158, #1116, #476 ) ;
#2060 = CARTESIAN_POINT ( 'NONE',  ( 81.18538231718851250, -0.4441427372837607468, 8.877624814292808253 ) ) ;
#2061 = ORIENTED_EDGE ( 'NONE', *, *, #86, .T. ) ;
#2062 = EDGE_CURVE ( 'NONE', #1178, #2292, #1432, .T. ) ;
#2063 = PLANE ( 'NONE',  #2147 ) ;
#2064 = CARTESIAN_POINT ( 'NONE',  ( 54.48437647934085959, -2.444142737283931499, 32.38393149710131524 ) ) ;
#2065 = DIRECTION ( 'NONE',  ( -0.8660254037844394848, -2.012028480451554982E-15, -0.4999999999999983902 ) ) ;
#2066 = CARTESIAN_POINT ( 'NONE',  ( 60.57589144906094702, -4.444142737283829803, 2.904222897109062895 ) ) ;
#2067 = LINE ( 'NONE', #488, #1797 ) ;
#2068 = ORIENTED_EDGE ( 'NONE', *, *, #2050, .F. ) ;
#2069 = VERTEX_POINT ( 'NONE', #2351 ) ;
#2070 = CARTESIAN_POINT ( 'NONE',  ( 74.69079888977478277, -4.444142737283850231, 29.69311534302279654 ) ) ;
#2071 = CARTESIAN_POINT ( 'NONE',  ( 83.82079691209906969, -0.4441427372837572496, 11.18369517810070768 ) ) ;
#2072 = ORIENTED_EDGE ( 'NONE', *, *, #1242, .F. ) ;
#2073 = CARTESIAN_POINT ( 'NONE',  ( 75.25691640848188513, -4.456139540934104026, 30.21677014634402170 ) ) ;
#2074 = CARTESIAN_POINT ( 'NONE',  ( 49.01664351670668651, -2.444142737283943490, 24.67030908563890534 ) ) ;
#2075 = LINE ( 'NONE', #223, #1710 ) ;
#2076 = EDGE_CURVE ( 'NONE', #1114, #459, #2363, .T. ) ;
#2077 = CARTESIAN_POINT ( 'NONE',  ( 62.53930357086282044, -2.444142737278993227, 2.345319515866083560 ) ) ;
#2078 = LINE ( 'NONE', #153, #586 ) ;
#2079 = PERSON_AND_ORGANIZATION_ROLE ( 'design_supplier' ) ;
#2080 = VERTEX_POINT ( 'NONE', #2336 ) ;
#2081 = CARTESIAN_POINT ( 'NONE',  ( 95.76090396332725163, 2.555857262716108469, 70.65788139765298581 ) ) ;
#2082 = ORIENTED_EDGE ( 'NONE', *, *, #707, .F. ) ;
#2083 = PLANE ( 'NONE',  #713 ) ;
#2084 = CARTESIAN_POINT ( 'NONE',  ( 83.82349726672558177, -0.4441427372837819521, 18.36745051341888413 ) ) ;
#2085 = EDGE_CURVE ( 'NONE', #2121, #163, #1282, .T. ) ;
#2086 = ORIENTED_EDGE ( 'NONE', *, *, #485, .F. ) ;
#2087 = DIRECTION ( 'NONE',  ( 2.421725034069410487E-16, -3.016148451522811368E-15, 1.000000000000000000 ) ) ;
#2088 = VECTOR ( 'NONE', #611, 1000.000000000000000 ) ;
#2089 = CARTESIAN_POINT ( 'NONE',  ( 74.72922129859671259, -2.444142737283771627, 3.347177628994418619 ) ) ;
#2090 = CARTESIAN_POINT ( 'NONE',  ( 1.560903963327251009, 2.555857262715966804, -7.806820201975434692 ) ) ;
#2091 = LINE ( 'NONE', #212, #2255 ) ;
#2092 = ORIENTED_EDGE ( 'NONE', *, *, #1404, .F. ) ;
#2093 = PLANE ( 'NONE',  #1123 ) ;
#2094 = B_SPLINE_CURVE_WITH_KNOTS ( 'NONE', 3,
 ( #307, #109, #1760, #2639, #2010, #2610, #716, #121, #1558, #2397, #377, #1647, #179, #1445 ),
 .UNSPECIFIED., .F., .F.,
 ( 4, 2, 2, 2, 2, 2, 4 ),
 ( 0.000000000000000000, 0.0009120517270200158982, 0.001824103454040031796, 0.002280129317550048419, 0.002736155181060065476, 0.003192181044570082098, 0.003648206908080099155 ),
 .UNSPECIFIED. ) ;
#2095 = EDGE_LOOP ( 'NONE', ( #694, #241, #178, #2098 ) ) ;
#2096 = CARTESIAN_POINT ( 'NONE',  ( 76.99877244986899427, -2.444142737283840905, 29.75670040862423349 ) ) ;
#2097 = CARTESIAN_POINT ( 'NONE',  ( 77.39723910822046093, -2.444142737283772071, 6.871567030403043397 ) ) ;
#2098 = ORIENTED_EDGE ( 'NONE', *, *, #1485, .T. ) ;
#2099 = CARTESIAN_POINT ( 'NONE',  ( 83.88193952602220804, -0.4441427372837793985, 17.36322046143071063 ) ) ;
#2100 = CARTESIAN_POINT ( 'NONE',  ( 50.68803438927313465, -2.444142737283943045, 27.88755057169657192 ) ) ;
#2101 = LINE ( 'NONE', #2722, #80 ) ;
#2102 = CARTESIAN_POINT ( 'NONE',  ( 64.96165683611498309, -2.444142737293366174, 2.048831297176282096 ) ) ;
#2103 = CARTESIAN_POINT ( 'NONE',  ( 10.46090396332725625, -2.444142737284208167, 62.46172897494654563 ) ) ;
#2104 = LINE ( 'NONE', #1, #2003 ) ;
#2105 = ORIENTED_EDGE ( 'NONE', *, *, #1404, .T. ) ;
#2106 = VERTEX_POINT ( 'NONE', #633 ) ;
#2107 = EDGE_CURVE ( 'NONE', #2185, #830, #261, .T. ) ;
#2108 = CARTESIAN_POINT ( 'NONE',  ( 30.76090396332725518, -2.444142737283923505, -2.387258574638612796 ) ) ;
#2109 = LINE ( 'NONE', #1909, #1106 ) ;
#2110 = CARTESIAN_POINT ( 'NONE',  ( 83.36620353549150764, -0.4441427372837716270, 14.20370824655937625 ) ) ;
#2111 = CARTESIAN_POINT ( 'NONE',  ( 74.01718116029111627, -2.444142737283808486, 2.792633178660865578 ) ) ;
#2112 = FACE_OUTER_BOUND ( 'NONE', #1401, .T. ) ;
#2113 =( BOUNDED_SURFACE ( )  B_SPLINE_SURFACE ( 3, 2, ( 
 ( #129, #1811, #2663 ),
 ( #766, #1607, #1403 ),
 ( #2235, #144, #749 ),
 ( #1603, #1399, #2681 ),
 ( #995, #2441, #1204 ),
 ( #786, #969, #2466 ),
 ( #2658, #579, #2429 ),
 ( #2231, #544, #1424 ),
 ( #352, #1372, #1385 ),
 ( #939, #2627, #731 ),
 ( #1576, #2026, #2217 ),
 ( #138, #2414, #531 ),
 ( #983, #2202, #323 ),
 ( #1160, #1998, #340 ),
 ( #1177, #1822, #776 ),
 ( #2013, #1616, #569 ),
 ( #1032, #1901, #2298 ),
 ( #1244, #183, #1888 ),
 ( #1846, #381, #2738 ),
 ( #1651, #838, #1270 ),
 ( #11, #1047, #2541 ),
 ( #1490, #637, #2695 ),
 ( #2495, #607, #1679 ),
 ( #1449, #854, #1693 ),
 ( #1021, #797, #1217 ),
 ( #2268, #2054, #2509 ),
 ( #406, #1638, #2479 ),
 ( #1062, #595, #168 ),
 ( #1861, #825, #2709 ),
 ( #1437, #2102, #2313 ),
 ( #810, #1663, #2282 ),
 ( #1874, #2077, #649 ),
 ( #393, #1256, #1230 ),
 ( #196, #1010, #2066 ),
 ( #2526, #2723, #211 ),
 ( #621, #420, #1477 ),
 ( #433, #225, #2129 ),
 ( #251, #1286, #26 ),
 ( #664, #236, #81 ),
 ( #2114, #1076, #1516 ),
 ( #1530, #2355, #1088 ),
 ( #1966, #1915, #689 ),
 ( #51, #2594, #1927 ),
 ( #1312, #922, #2380 ),
 ( #1759, #37, #2172 ),
 ( #881, #2609, #867 ),
 ( #2556, #1721, #2568 ),
 ( #715, #1340, #1707 ),
 ( #1732, #677, #447 ),
 ( #1115, #2367, #907 ),
 ( #1746, #475, #2328 ),
 ( #2341, #1501, #1327 ),
 ( #1940, #486, #2142 ),
 ( #265, #1101, #1129 ),
 ( #460, #1300, #2157 ),
 ( #894, #702, #65 ),
 ( #2580, #1953, #283 ),
 ( #1543, #500, #295 ),
 ( #1788, #1171, #2623 ),
 ( #2638, #935, #1144 ),
 ( #951, #540, #335 ),
 ( #2009, #1557, #2396 ),
 ( #1980, #1354, #2211 ),
 ( #1773, #743, #94 ),
 ( #2425, #727, #1381 ),
 ( #1572, #2409, #526 ),
 ( #1994, #1051, #1503 ),
 ( #2513, #624, #77 ),
 ( #457, #1084, #2126 ),
 ( #483, #660, #930 ),
 ( #919, #891, #91 ),
 ( #674, #1498, #2377 ),
 ( #278, #2591, #2138 ),
 ( #1098, #1324, #2183 ),
 ( #1924, #34, #495 ),
 ( #878, #1756, #1125 ),
 ( #248, #1963, #1717 ),
 ( #1769, #2565, #2605 ),
 ( #1351, #1513, #1977 ),
 ( #2337, #711, #2352 ),
 ( #1937, #46, #2168 ),
 ( #1337, #1296, #472 ),
 ( #1729, #699, #2577 ),
 ( #1309, #62, #1141 ),
 ( #262, #686, #1527 ),
 ( #2364, #2153, #1111 ),
 ( #1950, #904, #1743 ),
 ( #1539, #292, #1553 ),
 ( #2393, #509, #304 ),
 ( #1391, #2208, #2249 ),
 ( #2460, #317, #1989 ),
 ( #2196, #1816, #1800 ),
 ( #118, #2223, #131 ),
 ( #724, #1619, #346 ),
 ( #537, #146, #2620 ),
 ( #948, #1167, #1406 ),
 ( #1417, #375, #562 ),
 ( #1210, #1001, #988 ),
 ( #962, #2006, #2652 ),
 ( #975, #754, #2048 ),
 ( #161, #2422, #1365 ),
 ( #573, #1569, #2237 ),
 ( #769, #106, #2019 ),
 ( #2406, #1153, #521 ),
 ( #2435, #1609, #1785 ),
 ( #1182, #2635, #739 ),
 ( #2665, #1378, #2447 ),
 ( #1583, #331, #361 ),
 ( #1597, #551, #1195 ),
 ( #2036, #1826, #2674 ),
 ( #779, #601, #2070 ),
 ( #643, #2688, #845 ),
 ( #2096, #2486, #217 ),
 ( #1483, #1894, #1657 ) ),
 .UNSPECIFIED., .F., .F., .F. ) 
 B_SPLINE_SURFACE_WITH_KNOTS ( ( 4, 2, 2, 2, 2, 2, 2, 2, 2, 2, 2, 2, 2, 2, 2, 2, 2, 2, 2, 2, 2, 2, 2, 2, 2, 2, 2, 2, 2, 2, 2, 2, 2, 2, 2, 2, 2, 2, 2, 2, 2, 2, 2, 2, 2, 2, 2, 2, 2, 2, 2, 2, 2, 2, 2, 2, 4 ),
 ( 3, 3 ),
 ( 0.08776118453929925012, 0.09050578431993447359, 0.09187808421025207839, 0.09256423415541087385, 0.09290730912799027852, 0.09307884661427998085, 0.09316461535742483202, 0.09320749972899725067, 0.09325038410056968319, 0.09599498388120489278, 0.09736728377152249758, 0.09873958366184010238, 0.1014841834424753120, 0.1028564833327929168, 0.1042287832231105216, 0.1069733830037457312, 0.1097179827843809408, 0.1110902826746985456, 0.1124625825650161504, 0.1152071823456513600, 0.1179517821262865696, 0.1193240820166041882, 0.1206963819069217930, 0.1234409816875570165, 0.1261855814681922261, 0.1275578813585098170, 0.1289301812488274357, 0.1316747810294626453, 0.1330470809197802362, 0.1344193808100978549, 0.1371639805907330922, 0.1385362804810507109, 0.1399085803713683018, 0.1426531801520035114, 0.1440254800423211301, 0.1453977799326387210, 0.1481423797132739306, 0.1508869794939091402, 0.1522592793842267311, 0.1536315792745443498, 0.1563761790551795594, 0.1577484789454971503, 0.1591207788358147690, 0.1618653786164499786, 0.1632376785067675695, 0.1646099783970851882, 0.1659822782874028069, 0.1673545781777203978, 0.1700991779583556074, 0.1714714778486732261, 0.1728437777389908170, 0.1731868527115701939, 0.1732726214547150589, 0.1733583901978598962, 0.1735299276841495986, 0.1742160776293084079, 0.1755883775196260266 ),
 ( 0.000000000000000000, 1.000000000000000000 ),
 .UNSPECIFIED. ) 
 GEOMETRIC_REPRESENTATION_ITEM ( )  RATIONAL_B_SPLINE_SURFACE ( (
 ( 1.000000000000000000, 0.7071067811865483499, 1.000000000000000000),
 ( 1.000000000000000000, 0.7071067811865483499, 1.000000000000000000),
 ( 1.000000000000000000, 0.7071067811865485719, 1.000000000000000000),
 ( 1.000000000000000000, 0.7071067811865485719, 1.000000000000000000),
 ( 1.000000000000000000, 0.7071067811865483499, 1.000000000000000000),
 ( 1.000000000000000000, 0.7071067811865483499, 1.000000000000000000),
 ( 1.000000000000000000, 0.7071067811865482389, 1.000000000000000000),
 ( 1.000000000000000000, 0.7071067811865482389, 1.000000000000000000),
 ( 1.000000000000000000, 0.7071067811865482389, 1.000000000000000000),
 ( 1.000000000000000000, 0.7071067811865482389, 1.000000000000000000),
 ( 1.000000000000000000, 0.7071067811865482389, 1.000000000000000000),
 ( 1.000000000000000000, 0.7071067811865482389, 1.000000000000000000),
 ( 1.000000000000000000, 0.7071067811865482389, 1.000000000000000000),
 ( 1.000000000000000000, 0.7071067811865482389, 1.000000000000000000),
 ( 1.000000000000000000, 0.7071067811865482389, 1.000000000000000000),
 ( 1.000000000000000000, 0.7071067811865482389, 1.000000000000000000),
 ( 1.000000000000000000, 0.7071067811865482389, 1.000000000000000000),
 ( 1.000000000000000000, 0.7071067811865482389, 1.000000000000000000),
 ( 1.000000000000000000, 0.7071067811865482389, 1.000000000000000000),
 ( 1.000000000000000000, 0.7071067811865482389, 1.000000000000000000),
 ( 1.000000000000000000, 0.7071067811865479058, 1.000000000000000000),
 ( 1.000000000000000000, 0.7071067811865479058, 1.000000000000000000),
 ( 1.000000000000000000, 0.7071067811865476838, 1.000000000000000000),
 ( 1.000000000000000000, 0.7071067811865476838, 1.000000000000000000),
 ( 1.000000000000000000, 0.7071067811865469066, 1.000000000000000000),
 ( 1.000000000000000000, 0.7071067811865469066, 1.000000000000000000),
 ( 1.000000000000000000, 0.7071067811865482389, 1.000000000000000000),
 ( 1.000000000000000000, 0.7071067811865482389, 1.000000000000000000),
 ( 1.000000000000000000, 0.7071067811865476838, 1.000000000000000000),
 ( 1.000000000000000000, 0.7071067811865476838, 1.000000000000000000),
 ( 1.000000000000000000, 0.7071067811865481278, 1.000000000000000000),
 ( 1.000000000000000000, 0.7071067811865481278, 1.000000000000000000),
 ( 1.000000000000000000, 0.7071067811865476838, 1.000000000000000000),
 ( 1.000000000000000000, 0.7071067811865476838, 1.000000000000000000),
 ( 1.000000000000000000, 0.7071067811865479058, 1.000000000000000000),
 ( 1.000000000000000000, 0.7071067811865479058, 1.000000000000000000),
 ( 1.000000000000000000, 0.7071067811865473507, 1.000000000000000000),
 ( 1.000000000000000000, 0.7071067811865473507, 1.000000000000000000),
 ( 1.000000000000000000, 0.7071067811865473507, 1.000000000000000000),
 ( 1.000000000000000000, 0.7071067811865473507, 1.000000000000000000),
 ( 1.000000000000000000, 0.7071067811865476838, 1.000000000000000000),
 ( 1.000000000000000000, 0.7071067811865476838, 1.000000000000000000),
 ( 1.000000000000000000, 0.7071067811865476838, 1.000000000000000000),
 ( 1.000000000000000000, 0.7071067811865476838, 1.000000000000000000),
 ( 1.000000000000000000, 0.7071067811865472397, 1.000000000000000000),
 ( 1.000000000000000000, 0.7071067811865472397, 1.000000000000000000),
 ( 1.000000000000000000, 0.7071067811865462405, 1.000000000000000000),
 ( 1.000000000000000000, 0.7071067811865462405, 1.000000000000000000),
 ( 1.000000000000000000, 0.7071067811865489050, 1.000000000000000000),
 ( 1.000000000000000000, 0.7071067811865489050, 1.000000000000000000),
 ( 1.000000000000000000, 0.7071067811865477948, 1.000000000000000000),
 ( 1.000000000000000000, 0.7071067811865477948, 1.000000000000000000),
 ( 1.000000000000000000, 0.7071067811865482389, 1.000000000000000000),
 ( 1.000000000000000000, 0.7071067811865482389, 1.000000000000000000),
 ( 1.000000000000000000, 0.7071067811865480168, 1.000000000000000000),
 ( 1.000000000000000000, 0.7071067811865480168, 1.000000000000000000),
 ( 1.000000000000000000, 0.7071067811865477948, 1.000000000000000000),
 ( 1.000000000000000000, 0.7071067811865477948, 1.000000000000000000),
 ( 1.000000000000000000, 0.7071067811865467956, 1.000000000000000000),
 ( 1.000000000000000000, 0.7071067811865467956, 1.000000000000000000),
 ( 1.000000000000000000, 0.7071067811865482389, 1.000000000000000000),
 ( 1.000000000000000000, 0.7071067811865482389, 1.000000000000000000),
 ( 1.000000000000000000, 0.7071067811865462405, 1.000000000000000000),
 ( 1.000000000000000000, 0.7071067811865462405, 1.000000000000000000),
 ( 1.000000000000000000, 0.7071067811865477948, 1.000000000000000000),
 ( 1.000000000000000000, 0.7071067811865477948, 1.000000000000000000),
 ( 1.000000000000000000, 0.7071067811865480168, 1.000000000000000000),
 ( 1.000000000000000000, 0.7071067811865480168, 1.000000000000000000),
 ( 1.000000000000000000, 0.7071067811865482389, 1.000000000000000000),
 ( 1.000000000000000000, 0.7071067811865482389, 1.000000000000000000),
 ( 1.000000000000000000, 0.7071067811865472397, 1.000000000000000000),
 ( 1.000000000000000000, 0.7071067811865472397, 1.000000000000000000),
 ( 1.000000000000000000, 0.7071067811865482389, 1.000000000000000000),
 ( 1.000000000000000000, 0.7071067811865482389, 1.000000000000000000),
 ( 1.000000000000000000, 0.7071067811865472397, 1.000000000000000000),
 ( 1.000000000000000000, 0.7071067811865472397, 1.000000000000000000),
 ( 1.000000000000000000, 0.7071067811865467956, 1.000000000000000000),
 ( 1.000000000000000000, 0.7071067811865467956, 1.000000000000000000),
 ( 1.000000000000000000, 0.7071067811865473507, 1.000000000000000000),
 ( 1.000000000000000000, 0.7071067811865473507, 1.000000000000000000),
 ( 1.000000000000000000, 0.7071067811865463515, 1.000000000000000000),
 ( 1.000000000000000000, 0.7071067811865463515, 1.000000000000000000),
 ( 1.000000000000000000, 0.7071067811865466846, 1.000000000000000000),
 ( 1.000000000000000000, 0.7071067811865466846, 1.000000000000000000),
 ( 1.000000000000000000, 0.7071067811865466846, 1.000000000000000000),
 ( 1.000000000000000000, 0.7071067811865466846, 1.000000000000000000),
 ( 1.000000000000000000, 0.7071067811865485719, 1.000000000000000000),
 ( 1.000000000000000000, 0.7071067811865485719, 1.000000000000000000),
 ( 1.000000000000000000, 0.7071067811865476838, 1.000000000000000000),
 ( 1.000000000000000000, 0.7071067811865476838, 1.000000000000000000),
 ( 1.000000000000000000, 0.7071067811865476838, 1.000000000000000000),
 ( 1.000000000000000000, 0.7071067811865476838, 1.000000000000000000),
 ( 1.000000000000000000, 0.7071067811865482389, 1.000000000000000000),
 ( 1.000000000000000000, 0.7071067811865482389, 1.000000000000000000),
 ( 1.000000000000000000, 0.7071067811865476838, 1.000000000000000000),
 ( 1.000000000000000000, 0.7071067811865476838, 1.000000000000000000),
 ( 1.000000000000000000, 0.7071067811865476838, 1.000000000000000000),
 ( 1.000000000000000000, 0.7071067811865476838, 1.000000000000000000),
 ( 1.000000000000000000, 0.7071067811865482389, 1.000000000000000000),
 ( 1.000000000000000000, 0.7071067811865482389, 1.000000000000000000),
 ( 1.000000000000000000, 0.7071067811865482389, 1.000000000000000000),
 ( 1.000000000000000000, 0.7071067811865482389, 1.000000000000000000),
 ( 1.000000000000000000, 0.7071067811865483499, 1.000000000000000000),
 ( 1.000000000000000000, 0.7071067811865483499, 1.000000000000000000),
 ( 1.000000000000000000, 0.7071067811865483499, 1.000000000000000000),
 ( 1.000000000000000000, 0.7071067811865483499, 1.000000000000000000),
 ( 1.000000000000000000, 0.7071067811865484609, 1.000000000000000000),
 ( 1.000000000000000000, 0.7071067811865484609, 1.000000000000000000),
 ( 1.000000000000000000, 0.7071067811865487940, 1.000000000000000000),
 ( 1.000000000000000000, 0.7071067811865487940, 1.000000000000000000),
 ( 1.000000000000000000, 0.7071067811865482389, 1.000000000000000000),
 ( 1.000000000000000000, 0.7071067811865482389, 1.000000000000000000),
 ( 1.000000000000000000, 0.7071067811865482389, 1.000000000000000000),
 ( 1.000000000000000000, 0.7071067811865482389, 1.000000000000000000) ) ) 
 REPRESENTATION_ITEM ( '' )  SURFACE ( )  );
#2114 = CARTESIAN_POINT ( 'NONE',  ( 54.64915172756630568, -2.444142737283853339, 3.800340957382473128 ) ) ;
#2115 = CIRCLE ( 'NONE', #1548, 25.16135841757678904 ) ;
#2116 = CARTESIAN_POINT ( 'NONE',  ( 95.76090396332729426, -9.444142737283602429, 70.65788139765298581 ) ) ;
#2117 = ADVANCED_FACE ( 'NONE', ( #2576 ), #208, .F. ) ;
#2118 = LINE ( 'NONE', #652, #384 ) ;
#2119 = ORIENTED_EDGE ( 'NONE', *, *, #614, .F. ) ;
#2120 = CIRCLE ( 'NONE', #1992, 20.00000000000000355 ) ;
#2121 = VERTEX_POINT ( 'NONE', #2523 ) ;
#2122 = CARTESIAN_POINT ( 'NONE',  ( 10.46090396332728112, -8.444142737284000333, -7.350249489883376341 ) ) ;
#2123 = CARTESIAN_POINT ( 'NONE',  ( 1.560903963327254784, -2.444142737283973688, -27.50554525054135269 ) ) ;
#2124 = CARTESIAN_POINT ( 'NONE',  ( 77.76316878181029324, -0.4441427372838337440, 27.37201523208170073 ) ) ;
#2125 = ADVANCED_FACE ( 'NONE', ( #1675 ), #1716, .T. ) ;
#2126 = CARTESIAN_POINT ( 'NONE',  ( 52.67682378983582936, -4.444142737282334110, 27.27570363247739493 ) ) ;
#2127 = CARTESIAN_POINT ( 'NONE',  ( 1.560903963327239685, 2.555857262715790945, 50.95915634908705982 ) ) ;
#2128 = ORIENTED_EDGE ( 'NONE', *, *, #485, .T. ) ;
#2129 = CARTESIAN_POINT ( 'NONE',  ( 59.04476602760936998, -4.444142737285441846, 3.519187028930450545 ) ) ;
#2130 = LINE ( 'NONE', #1502, #2643 ) ;
#2131 = VECTOR ( 'NONE', #1533, 1000.000000000000000 ) ;
#2132 = FACE_OUTER_BOUND ( 'NONE', #450, .T. ) ;
#2133 = EDGE_LOOP ( 'NONE', ( #921, #1317, #1086, #1750, #1360 ) ) ;
#2134 = ORIENTED_EDGE ( 'NONE', *, *, #95, .F. ) ;
#2135 = DIRECTION ( 'NONE',  ( 1.000000000000000000, 3.989863994746655528E-15, -1.734723475976806700E-15 ) ) ;
#2136 = CARTESIAN_POINT ( 'NONE',  ( 104.7834739494734038, -9.444142737283561573, 61.63531141150677684 ) ) ;
#2137 = DIRECTION ( 'NONE',  ( 3.999776700323685689E-15, -1.000000000000000000, -3.004204553385571066E-15 ) ) ;
#2138 = CARTESIAN_POINT ( 'NONE',  ( 54.75775380664400416, -4.444142737283939937, 29.87700179986327953 ) ) ;
#2139 = CARTESIAN_POINT ( 'NONE',  ( 74.11610093133705846, -0.4441427372838512300, 28.26314909477440906 ) ) ;
#2140 = VERTEX_POINT ( 'NONE', #2552 ) ;
#2141 = EDGE_CURVE ( 'NONE', #187, #1219, #1487, .T. ) ;
#2142 = CARTESIAN_POINT ( 'NONE',  ( 49.81336804567637699, -4.444142737282312794, 14.35148685374088551 ) ) ;
#2143 = PLANE ( 'NONE',  #1363 ) ;
#2144 = CARTESIAN_POINT ( 'NONE',  ( 64.99692805770578730, -4.444142737283804045, 2.051860539368680847 ) ) ;
#2145 = AXIS2_PLACEMENT_3D ( 'NONE', #2510, #622, #1218 ) ;
#2146 = LINE ( 'NONE', #270, #114 ) ;
#2147 = AXIS2_PLACEMENT_3D ( 'NONE', #2463, #2678, #576 ) ;
#2148 = ORIENTED_EDGE ( 'NONE', *, *, #1428, .T. ) ;
#2149 = ORIENTED_EDGE ( 'NONE', *, *, #257, .T. ) ;
#2150 = CARTESIAN_POINT ( 'NONE',  ( 7.660903963327282185, -8.444142737284179745, 48.88600488326422777 ) ) ;
#2151 = LINE ( 'NONE', #2335, #140 ) ;
#2152 = DIRECTION ( 'NONE',  ( 4.047688110612648758E-15, -1.000000000000000000, -3.004204553385571066E-15 ) ) ;
#2153 = CARTESIAN_POINT ( 'NONE',  ( 64.78567749877103665, -2.444142737283900857, 34.89042179350087736 ) ) ;
#2154 = CARTESIAN_POINT ( 'NONE',  ( 74.26926812787473864, -0.4441427372838504528, 28.25668303486365218 ) ) ;
#2155 = ORIENTED_EDGE ( 'NONE', *, *, #2618, .T. ) ;
#2156 = B_SPLINE_CURVE_WITH_KNOTS ( 'NONE', 3,
 ( #528, #729, #285, #679, #1518, #1090, #937, #2357, #39, #883, #1929, #477, #1315, #502, #308, #2625, #2144, #1342, #924, #253, #1775, #896, #515, #1955, #1574, #1146, #68, #1369, #691, #97, #2596, #1532, #268, #1103, #704, #1942, #2369, #489, #53, #1545, #2382, #2174, #1734, #1329, #2159, #1117, #298, #1131, #1968, #83, #2611, #717, #1559, #2398, #1357, #1982, #2200, #1202, #2640, #1820, #1410, #1636, #1601, #2040, #1214, #321, #136, #1006, #566, #1186, #350, #2011, #992, #378, #954, #1158, #1831, #2656, #2241, #2452, #1614, #1174 ),
 .UNSPECIFIED., .F., .F.,
 ( 4, 2, 2, 2, 2, 2, 2, 2, 2, 2, 2, 2, 2, 2, 2, 2, 2, 2, 2, 2, 2, 2, 2, 2, 2, 2, 2, 2, 2, 2, 2, 2, 2, 2, 2, 2, 2, 2, 2, 2, 4 ),
 ( -6.000000000233370276E-08, 0.0005530017397240887455, 0.001106063479448179954, 0.002212186958896393378, 0.003318310438344606803, 0.004424433917792821094, 0.006636680876689248811, 0.008848927835585676527, 0.01106117479448210685, 0.01216729827393031940, 0.01327342175337853196, 0.01548566871227498136, 0.01769791567117142903, 0.01991016263006787843, 0.02212240958896433476, 0.02654690350675724744, 0.02765302698620548255, 0.02875915046565371766, 0.02986527394510195277, 0.03097139742455018094, 0.03318364438344664075, 0.03428976786289487239, 0.03539589134234311096, 0.03760813830123956730, 0.03982038526013602364, 0.04424487917792893632, 0.04645712613682538572, 0.04866937309572183512, 0.05088162005461829146, 0.05309386701351473392, 0.05530611397241119720, 0.05751836093130766048, 0.05862448441075585742, 0.05973060789020406824, 0.06194285484910052458, 0.06304897832854877704, 0.06415510180799702256, 0.06526122528744526807, 0.06636734876689351359, 0.06857959572579000462, 0.07079184268468650953 ),
 .UNSPECIFIED. ) ;
#2157 = CARTESIAN_POINT ( 'NONE',  ( 49.51625115180694081, -4.444142737277514854, 16.33506295243510564 ) ) ;
#2158 = CARTESIAN_POINT ( 'NONE',  ( 10.46090396332728112, -8.444142737284172640, 50.50258563699517111 ) ) ;
#2159 = CARTESIAN_POINT ( 'NONE',  ( 49.52133783242422282, -4.444142737283919509, 18.13481065540719328 ) ) ;
#2160 = EDGE_CURVE ( 'NONE', #2484, #583, #55, .T. ) ;
#2161 = VECTOR ( 'NONE', #313, 1000.000000000000000 ) ;
#2162 = CIRCLE ( 'NONE', #1635, 20.00000000000000355 ) ;
#2163 = DIRECTION ( 'NONE',  ( 0.8660254037844391517, 4.963003585113829207E-15, -0.4999999999999991118 ) ) ;
#2164 = VERTEX_POINT ( 'NONE', #2182 ) ;
#2165 = CARTESIAN_POINT ( 'NONE',  ( 7.660903963327279520, -8.444142737284014544, -5.733668736152426781 ) ) ;
#2166 = PLANE ( 'NONE',  #1678 ) ;
#2167 = CARTESIAN_POINT ( 'NONE',  ( 4.860903963327280586, -8.444142737284240141, 65.69489048240843942 ) ) ;
#2168 = CARTESIAN_POINT ( 'NONE',  ( 60.85095924947341217, -4.444142737287092082, 33.96115108939133620 ) ) ;
#2169 = EDGE_CURVE ( 'NONE', #2140, #358, #1768, .T. ) ;
#2170 = CARTESIAN_POINT ( 'NONE',  ( 66.07933020460356488, -6.944142737283790723, -2.419116465854746156 ) ) ;
#2171 = EDGE_LOOP ( 'NONE', ( #1577, #848, #215, #2119 ) ) ;
#2172 = CARTESIAN_POINT ( 'NONE',  ( 53.13020063102944590, -4.444142737283870659, 7.939920658631749006 ) ) ;
#2173 = CARTESIAN_POINT ( 'NONE',  ( 7.660903963327254651, -2.444142737284214828, 60.84514822121560229 ) ) ;
#2174 = CARTESIAN_POINT ( 'NONE',  ( 49.51577477174421205, -4.444142737283902633, 16.65448160733668459 ) ) ;
#2175 = DIRECTION ( 'NONE',  ( 1.000000000000000000, 4.001428817919835557E-15, 0.000000000000000000 ) ) ;
#2176 = AXIS2_PLACEMENT_3D ( 'NONE', #705, #69, #54 ) ;
#2177 = EDGE_LOOP ( 'NONE', ( #603, #645, #1036, #1957 ) ) ;
#2178 = EDGE_CURVE ( 'NONE', #1565, #1028, #1799, .T. ) ;
#2179 = CARTESIAN_POINT ( 'NONE',  ( 75.76090396332728005, -2.444142737283837796, 25.53959472175023748 ) ) ;
#2180 = LINE ( 'NONE', #1564, #2384 ) ;
#2181 = CARTESIAN_POINT ( 'NONE',  ( 4.860903963327254829, -2.444142737284205058, 53.73574714445711464 ) ) ;
#2182 = CARTESIAN_POINT ( 'NONE',  ( 40.76090396332721610, -9.444142737283808486, 45.53959472175020551 ) ) ;
#2183 = CARTESIAN_POINT ( 'NONE',  ( 55.95204501904075300, -4.444142737283939937, 31.00836313711747394 ) ) ;
#2184 = CARTESIAN_POINT ( 'NONE',  ( 81.37147191625214759, -2.444142737283823141, 27.30889686797662108 ) ) ;
#2185 = VERTEX_POINT ( 'NONE', #1596 ) ;
#2186 = CARTESIAN_POINT ( 'NONE',  ( 95.76090396332725163, 2.555857262716108469, 70.65788139765298581 ) ) ;
#2187 = DIRECTION ( 'NONE',  ( -3.999776700323684900E-15, 1.000000000000000000, 0.000000000000000000 ) ) ;
#2188 = DIRECTION ( 'NONE',  ( 3.999776700323684900E-15, -1.000000000000000000, -3.000529512353633521E-15 ) ) ;
#2189 = VECTOR ( 'NONE', #2574, 1000.000000000000000 ) ;
#2190 = APPROVAL_ROLE ( '' ) ;
#2191 = VECTOR ( 'NONE', #2314, 1000.000000000000000 ) ;
#2192 = ORIENTED_EDGE ( 'NONE', *, *, #2350, .F. ) ;
#2193 = CARTESIAN_POINT ( 'NONE',  ( 74.34559269406035753, 45.39941598633076580, 5.727013535648197262 ) ) ;
#2194 = EDGE_CURVE ( 'NONE', #1054, #1431, #330, .T. ) ;
#2195 = CARTESIAN_POINT ( 'NONE',  ( 74.45206448485502904, -3.837345217031205458, 30.25029853729395768 ) ) ;
#2196 = CARTESIAN_POINT ( 'NONE',  ( 69.63676304478062207, -2.444142737283892863, 36.36587753650833577 ) ) ;
#2197 = CARTESIAN_POINT ( 'NONE',  ( 79.46052661848247567, -0.4441427372839692467, 28.70848546091764675 ) ) ;
#2198 = ORIENTED_EDGE ( 'NONE', *, *, #510, .F. ) ;
#2199 = DIRECTION ( 'NONE',  ( 0.8660254037844391517, 1.877893248421444795E-15, 0.4999999999999990563 ) ) ;
#2200 = CARTESIAN_POINT ( 'NONE',  ( 56.20224105698408579, -4.444142737283937272, 31.21630928866434473 ) ) ;
#2201 = LINE ( 'NONE', #338, #1641 ) ;
#2202 = CARTESIAN_POINT ( 'NONE',  ( 74.39812536542653731, -2.444142737283784506, 5.778782756722138814 ) ) ;
#2203 = EDGE_CURVE ( 'NONE', #706, #1178, #917, .T. ) ;
#2204 = ORIENTED_EDGE ( 'NONE', *, *, #2677, .F. ) ;
#2205 = FACE_OUTER_BOUND ( 'NONE', #663, .T. ) ;
#2206 = DIRECTION ( 'NONE',  ( 1.000000000000000000, 4.001428817919835557E-15, 0.000000000000000000 ) ) ;
#2207 = LINE ( 'NONE', #508, #1567 ) ;
#2208 = CARTESIAN_POINT ( 'NONE',  ( 67.92585869672109311, -2.444142737279066502, 34.73091009310131483 ) ) ;
#2209 = CARTESIAN_POINT ( 'NONE',  ( 80.44942090823315084, -2.444142737283823141, 28.04437479554407631 ) ) ;
#2210 = VERTEX_POINT ( 'NONE', #2433 ) ;
#2211 = CARTESIAN_POINT ( 'NONE',  ( 50.45060119707588342, -4.444142737283926614, 22.81470498835997418 ) ) ;
#2212 = EDGE_CURVE ( 'NONE', #1481, #1262, #315, .T. ) ;
#2213 = FACE_OUTER_BOUND ( 'NONE', #2284, .T. ) ;
#2214 = CARTESIAN_POINT ( 'NONE',  ( 66.53980936873756491, -2.444142737283900413, 36.90321518486135943 ) ) ;
#2215 = CARTESIAN_POINT ( 'NONE',  ( 4.860903963327277921, -8.444142737284204614, 53.73574714445708622 ) ) ;
#2216 = APPLICATION_CONTEXT ( 'configuration controlled 3d designs of mechanical parts and assemblies' ) ;
#2217 = CARTESIAN_POINT ( 'NONE',  ( 74.47957862046321509, -4.444142737283780953, 5.859052262489814034 ) ) ;
#2218 = ORIENTED_EDGE ( 'NONE', *, *, #1020, .F. ) ;
#2219 = VECTOR ( 'NONE', #903, 1000.000000000000000 ) ;
#2220 = CARTESIAN_POINT ( 'NONE',  ( 79.25936683430897745, -2.444142737283768962, 7.761426687470878605 ) ) ;
#2221 = DIRECTION ( 'NONE',  ( 2.135044278125180548E-16, 3.004204553385571855E-15, -1.000000000000000000 ) ) ;
#2222 = CARTESIAN_POINT ( 'NONE',  ( 74.77198788588341927, -3.305631668198099948, 30.22922135029746116 ) ) ;
#2223 = CARTESIAN_POINT ( 'NONE',  ( 69.40698830664167929, -2.444142737283895528, 34.33407435497080229 ) ) ;
#2224 = CARTESIAN_POINT ( 'NONE',  ( 83.09811050048615755, -0.4441427372837940535, 21.22032084316909817 ) ) ;
#2225 = ORIENTED_EDGE ( 'NONE', *, *, #124, .T. ) ;
#2226 = CARTESIAN_POINT ( 'NONE',  ( 76.53954350090913294, -2.444142737283847122, 29.93980123978056085 ) ) ;
#2227 = CARTESIAN_POINT ( 'NONE',  ( 61.14705092884983628, -2.444142737283916400, 36.16644826776038713 ) ) ;
#2228 = CARTESIAN_POINT ( 'NONE',  ( 95.76090396332725163, 2.555857262716183964, 45.53959472175026235 ) ) ;
#2229 = ADVANCED_FACE ( 'NONE', ( #1124 ), #291, .T. ) ;
#2230 = VECTOR ( 'NONE', #2312, 1000.000000000000000 ) ;
#2231 = CARTESIAN_POINT ( 'NONE',  ( 76.12776283532849675, -2.444142737283770295, 4.675333870861452468 ) ) ;
#2232 = DATE_AND_TIME ( #2043, #1216 ) ;
#2233 = ORIENTED_EDGE ( 'NONE', *, *, #534, .T. ) ;
#2234 = DIRECTION ( 'NONE',  ( 1.000000000000000000, 4.163336342344336238E-15, 0.000000000000000000 ) ) ;
#2235 = CARTESIAN_POINT ( 'NONE',  ( 78.32700072131973457, -2.444142737283771183, 6.842610526587431963 ) ) ;
#2236 = CARTESIAN_POINT ( 'NONE',  ( 95.76090396332728005, -2.444142737283816480, 45.53959472175024814 ) ) ;
#2237 = CARTESIAN_POINT ( 'NONE',  ( 74.17421600844456009, -4.444142737283857336, 30.52633836865350148 ) ) ;
#2238 = CARTESIAN_POINT ( 'NONE',  ( 78.43068819656737389, -0.4441427372838300247, 26.99267867090420836 ) ) ;
#2239 = CARTESIAN_POINT ( 'NONE',  ( 98.58050324400085174, -2.444142737283737432, 17.99112792375063918 ) ) ;
#2240 = CARTESIAN_POINT ( 'NONE',  ( 10.46090396332728112, -8.444142737284181521, 53.73574714445707912 ) ) ;
#2241 = CARTESIAN_POINT ( 'NONE',  ( 72.46761302833776597, -4.444142737283836020, 32.55935132665656795 ) ) ;
#2242 = CARTESIAN_POINT ( 'NONE',  ( 74.34559269406055648, -4.456142737283782296, 5.727013535648032061 ) ) ;
#2243 = LINE ( 'NONE', #1862, #1161 ) ;
#2244 = EDGE_CURVE ( 'NONE', #1012, #2292, #303, .T. ) ;
#2245 = CARTESIAN_POINT ( 'NONE',  ( 95.76090396332729426, -9.444142737283588218, 45.53959472175021972 ) ) ;
#2246 = VERTEX_POINT ( 'NONE', #1742 ) ;
#2247 = VERTEX_POINT ( 'NONE', #76 ) ;
#2248 = AXIS2_PLACEMENT_3D ( 'NONE', #657, #875, #1523 ) ;
#2249 = CARTESIAN_POINT ( 'NONE',  ( 67.92585869671886201, -4.444142737280677657, 34.73091009308809163 ) ) ;
#2250 = CARTESIAN_POINT ( 'NONE',  ( 85.88157894295382278, -2.444142737283766298, 16.24289922835303202 ) ) ;
#2251 = EDGE_CURVE ( 'NONE', #2499, #1079, #947, .T. ) ;
#2252 = LINE ( 'NONE', #2240, #2735 ) ;
#2253 = CARTESIAN_POINT ( 'NONE',  ( 62.91583923403943857, -2.444142737283901301, 36.62246823783186755 ) ) ;
#2254 = CARTESIAN_POINT ( 'NONE',  ( 10.46090396332725625, -2.444142737284172195, 50.50258563699519243 ) ) ;
#2255 = VECTOR ( 'NONE', #169, 1000.000000000000000 ) ;
#2256 = DIRECTION ( 'NONE',  ( -0.4999999999999978906, 5.986464323413500400E-16, -0.8660254037844399289 ) ) ;
#2257 = PERSON_AND_ORGANIZATION ( #2027, #296 ) ;
#2258 = ORIENTED_EDGE ( 'NONE', *, *, #2251, .F. ) ;
#2259 = VERTEX_POINT ( 'NONE', #2604 ) ;
#2260 = EDGE_CURVE ( 'NONE', #1012, #2728, #710, .T. ) ;
#2261 = LINE ( 'NONE', #1644, #281 ) ;
#2262 = CARTESIAN_POINT ( 'NONE',  ( 83.27201064688151178, -0.4441427372837572496, 10.58886156826321390 ) ) ;
#2263 = VECTOR ( 'NONE', #2301, 1000.000000000000000 ) ;
#2264 = VERTEX_POINT ( 'NONE', #1538 ) ;
#2265 = CARTESIAN_POINT ( 'NONE',  ( 4.860903963327256605, -2.444142737284240585, 65.69489048240845364 ) ) ;
#2266 = CARTESIAN_POINT ( 'NONE',  ( 56.28156888803180635, -2.444142737283953259, 33.77267684015609461 ) ) ;
#2267 = CARTESIAN_POINT ( 'NONE',  ( 10.46090396332725625, -2.444142737284181965, 53.73574714445710043 ) ) ;
#2268 = CARTESIAN_POINT ( 'NONE',  ( 68.10150962264847863, -2.444142737283777400, 0.2880780524901837558 ) ) ;
#2269 = CARTESIAN_POINT ( 'NONE',  ( 30.76090396332725874, -2.444142737283902189, -12.38725857463861146 ) ) ;
#2270 = ORIENTED_EDGE ( 'NONE', *, *, #1258, .T. ) ;
#2271 = VECTOR ( 'NONE', #2065, 1000.000000000000114 ) ;
#2272 = ORIENTED_EDGE ( 'NONE', *, *, #1233, .T. ) ;
#2273 = EDGE_CURVE ( 'NONE', #827, #1278, #1582, .T. ) ;
#2274 = CARTESIAN_POINT ( 'NONE',  ( 75.76090396332726584, -2.444142737283813815, 17.61274142536138498 ) ) ;
#2275 = CARTESIAN_POINT ( 'NONE',  ( 85.81246008573958761, -0.4441427372836089793, 18.61228465717368152 ) ) ;
#2276 = ORIENTED_EDGE ( 'NONE', *, *, #581, .T. ) ;
#2277 = CARTESIAN_POINT ( 'NONE',  ( 4.860903963327280586, -8.444142737284229483, 62.46172897494652432 ) ) ;
#2278 = CARTESIAN_POINT ( 'NONE',  ( 7.660903963327282185, -8.444142737284179745, 48.88600488326422777 ) ) ;
#2279 = VECTOR ( 'NONE', #1226, 1000.000000000000114 ) ;
#2280 = CARTESIAN_POINT ( 'NONE',  ( 63.66554440802793380, -2.444142737283803157, 0.1584616618815492539 ) ) ;
#2281 = CARTESIAN_POINT ( 'NONE',  ( 4.860903963327269039, -8.444142737283975464, -22.54255433529663577 ) ) ;
#2282 = CARTESIAN_POINT ( 'NONE',  ( 64.15707463591294868, -4.444142737287044120, 2.101723949584129780 ) ) ;
#2283 = DIRECTION ( 'NONE',  ( 3.999776700323684111E-15, -1.000000000000000000, 0.000000000000000000 ) ) ;
#2284 = EDGE_LOOP ( 'NONE', ( #844, #1039, #2449, #2489 ) ) ;
#2285 = ADVANCED_FACE ( 'NONE', ( #1988, #277 ), #1110, .F. ) ;
#2286 = CARTESIAN_POINT ( 'NONE',  ( 30.76090396332736887, -31.44414273728415310, 70.65788139765287212 ) ) ;
#2287 = ORIENTED_EDGE ( 'NONE', *, *, #1560, .T. ) ;
#2288 = VERTEX_POINT ( 'NONE', #1949 ) ;
#2289 = CARTESIAN_POINT ( 'NONE',  ( 7.105386681459211040, 2.555857262715829137, 45.53959472175024104 ) ) ;
#2290 = CARTESIAN_POINT ( 'NONE',  ( 85.81246008331466157, -2.444142737283628630, 18.61228465702926016 ) ) ;
#2291 = VECTOR ( 'NONE', #2533, 1000.000000000000227 ) ;
#2292 = VERTEX_POINT ( 'NONE', #698 ) ;
#2293 = VECTOR ( 'NONE', #1429, 1000.000000000000114 ) ;
#2294 = CARTESIAN_POINT ( 'NONE',  ( 7.660903963327257316, -2.444142737283979017, -17.69281207410376666 ) ) ;
#2295 = CARTESIAN_POINT ( 'NONE',  ( 71.23671716689005962, -2.444142737283765854, 1.228599597570021240 ) ) ;
#2296 = DIRECTION ( 'NONE',  ( -3.999776700323684900E-15, 1.000000000000000000, 3.000529512353633521E-15 ) ) ;
#2297 = EDGE_CURVE ( 'NONE', #2264, #2057, #1521, .T. ) ;
#2298 = CARTESIAN_POINT ( 'NONE',  ( 74.32916907568314002, -4.444142737283930167, 5.710847192989576548 ) ) ;
#2299 = LINE ( 'NONE', #1627, #1906 ) ;
#2300 = ORIENTED_EDGE ( 'NONE', *, *, #452, .F. ) ;
#2301 = DIRECTION ( 'NONE',  ( -3.999776700323684900E-15, 1.000000000000000000, 3.000529512353633521E-15 ) ) ;
#2302 = ORIENTED_EDGE ( 'NONE', *, *, #1037, .T. ) ;
#2303 = ORIENTED_EDGE ( 'NONE', *, *, #1307, .T. ) ;
#2304 = APPROVAL ( #2416, '未指定' ) ;
#2305 = CARTESIAN_POINT ( 'NONE',  ( 75.01138619642287608, -1.675145409562517118, 6.114511055996992184 ) ) ;
#2306 = CARTESIAN_POINT ( 'NONE',  ( 85.19605017299015515, -0.4441427372837568610, 13.37978951141475648 ) ) ;
#2307 = EDGE_LOOP ( 'NONE', ( #1787, #1419, #1667, #2068 ) ) ;
#2308 = LINE ( 'NONE', #1798, #1944 ) ;
#2309 = CARTESIAN_POINT ( 'NONE',  ( 82.57922715719256246, -0.4441427372837989385, 22.42399763847972238 ) ) ;
#2310 = AXIS2_PLACEMENT_3D ( 'NONE', #2386, #2359, #2175 ) ;
#2311 = CARTESIAN_POINT ( 'NONE',  ( 65.93380969788520929, -2.444142737283791167, 0.06415074684033632291 ) ) ;
#2312 = DIRECTION ( 'NONE',  ( 0.000000000000000000, -3.085110336692387567E-15, 1.000000000000000000 ) ) ;
#2313 = CARTESIAN_POINT ( 'NONE',  ( 64.96165683611042141, -4.444142737290179390, 2.048831297382253780 ) ) ;
#2314 = DIRECTION ( 'NONE',  ( -3.999776700323684900E-15, 1.000000000000000000, 3.000529512353633521E-15 ) ) ;
#2315 = EDGE_CURVE ( 'NONE', #2164, #2247, #2207, .T. ) ;
#2316 = ORIENTED_EDGE ( 'NONE', *, *, #2273, .T. ) ;
#2317 = CARTESIAN_POINT ( 'NONE',  ( 75.11084957841049459, -2.989485311320480232, 30.19599145489763359 ) ) ;
#2318 = VERTEX_POINT ( 'NONE', #723 ) ;
#2319 = ORIENTED_EDGE ( 'NONE', *, *, #269, .T. ) ;
#2320 = CARTESIAN_POINT ( 'NONE',  ( 15.76090396332726762, -2.444142737284136224, 45.53959472175022682 ) ) ;
#2321 = DIRECTION ( 'NONE',  ( -0.8660254037844384856, -4.963003585113809485E-15, 0.5000000000000002220 ) ) ;
#2322 = ORIENTED_EDGE ( 'NONE', *, *, #2483, .T. ) ;
#2323 = CARTESIAN_POINT ( 'NONE',  ( 83.64057238404392081, -0.4441427372837732368, 15.04064142689958672 ) ) ;
#2324 = CARTESIAN_POINT ( 'NONE',  ( 48.00818241461416847, -2.444142737283943490, 21.63913982425369653 ) ) ;
#2325 = EDGE_CURVE ( 'NONE', #1670, #2185, #61, .T. ) ;
#2326 = CARTESIAN_POINT ( 'NONE',  ( 74.92015955470995436, -0.4441427372835686227, 30.21729324773593817 ) ) ;
#2327 = AXIS2_PLACEMENT_3D ( 'NONE', #1215, #1241, #1031 ) ;
#2328 = CARTESIAN_POINT ( 'NONE',  ( 50.12485511838261942, -4.444142737288736988, 13.18609189962349859 ) ) ;
#2329 = DIRECTION ( 'NONE',  ( 0.7071067811865522357, -0.7071067811865426878, -2.467225676137500791E-15 ) ) ;
#2330 = CARTESIAN_POINT ( 'NONE',  ( 7.660903963327277744, -8.444142737284197509, 55.35232789818803667 ) ) ;
#2331 = ORIENTED_EDGE ( 'NONE', *, *, #591, .F. ) ;
#2332 = ORIENTED_EDGE ( 'NONE', *, *, #2056, .F. ) ;
#2333 = EDGE_CURVE ( 'NONE', #42, #2711, #1313, .T. ) ;
#2334 = CARTESIAN_POINT ( 'NONE',  ( 1.772002859614255969E-15, -0.4441427372840626164, -1.327551229196136362E-15 ) ) ;
#2335 = CARTESIAN_POINT ( 'NONE',  ( 20.76090396332718413, 7.555857262716011213, -2.387258574638604802 ) ) ;
#2336 = CARTESIAN_POINT ( 'NONE',  ( 4.860903963327280586, -8.444142737284229483, 62.46172897494652432 ) ) ;
#2337 = CARTESIAN_POINT ( 'NONE',  ( 59.28787133044811952, -2.444142737283932831, 35.47987757751112525 ) ) ;
#2338 = CARTESIAN_POINT ( 'NONE',  ( 74.31009929662970137, -0.4441427372838501197, 28.25482709741872966 ) ) ;
#2339 = ORIENTED_EDGE ( 'NONE', *, *, #224, .T. ) ;
#2340 = ADVANCED_FACE ( 'NONE', ( #2018 ), #1052, .T. ) ;
#2341 = CARTESIAN_POINT ( 'NONE',  ( 47.96419333056089584, -2.444142737283914180, 13.47273680086198766 ) ) ;
#2342 = VECTOR ( 'NONE', #1571, 1000.000000000000114 ) ;
#2343 = DIRECTION ( 'NONE',  ( 3.999776700323684900E-15, -1.000000000000000000, -3.000529512353633521E-15 ) ) ;
#2344 = DIRECTION ( 'NONE',  ( 0.5000000000000012212, -5.986464323413316990E-16, 0.8660254037844380415 ) ) ;
#2345 = ORIENTED_EDGE ( 'NONE', *, *, #626, .F. ) ;
#2346 = VECTOR ( 'NONE', #407, 1000.000000000000000 ) ;
#2347 = ORIENTED_EDGE ( 'NONE', *, *, #1004, .T. ) ;
#2348 = LINE ( 'NONE', #2547, #7 ) ;
#2349 = CARTESIAN_POINT ( 'NONE',  ( 76.75069720564883369, -2.444142737283777400, 6.603908976307882206 ) ) ;
#2350 = EDGE_CURVE ( 'NONE', #358, #438, #974, .T. ) ;
#2351 = CARTESIAN_POINT ( 'NONE',  ( 10.46090396332725625, -2.444142737283999001, -7.350249489883358578 ) ) ;
#2352 = CARTESIAN_POINT ( 'NONE',  ( 60.10067471678090101, -4.444142737283926614, 33.64979106603410486 ) ) ;
#2353 = CARTESIAN_POINT ( 'NONE',  ( 74.15961260403541644, -2.444142737283856892, 30.26309359092304518 ) ) ;
#2354 = VERTEX_POINT ( 'NONE', #345 ) ;
#2355 = CARTESIAN_POINT ( 'NONE',  ( 55.19568135374045426, -2.444142737279043409, 5.914102166647863257 ) ) ;
#2356 = FACE_OUTER_BOUND ( 'NONE', #617, .T. ) ;
#2357 = CARTESIAN_POINT ( 'NONE',  ( 72.34459786233668410, -4.444142737283789835, 4.094093227838449423 ) ) ;
#2358 = LOCAL_TIME ( 15, 53, 59.00000000000000000, #582 ) ;
#2359 = DIRECTION ( 'NONE',  ( 3.999776700323684900E-15, -1.000000000000000000, -3.000529512353633521E-15 ) ) ;
#2360 = LINE ( 'NONE', #2122, #1289 ) ;
#2361 = CARTESIAN_POINT ( 'NONE',  ( 7.660903963327255539, -2.444142737283959477, -24.15913508902757911 ) ) ;
#2362 = EDGE_CURVE ( 'NONE', #16, #1426, #828, .T. ) ;
#2363 = LINE ( 'NONE', #1690, #487 ) ;
#2364 = CARTESIAN_POINT ( 'NONE',  ( 64.61087370724335699, -2.444142737283907074, 36.88630099231824744 ) ) ;
#2365 = PLANE ( 'NONE',  #1943 ) ;
#2366 = ORIENTED_EDGE ( 'NONE', *, *, #1754, .F. ) ;
#2367 = CARTESIAN_POINT ( 'NONE',  ( 50.25268501831857293, -2.444142737283819589, 12.80458070398049308 ) ) ;
#2368 = DIRECTION ( 'NONE',  ( -0.8660254037844382635, -1.877893248421447162E-15, -0.5000000000000005551 ) ) ;
#2369 = CARTESIAN_POINT ( 'NONE',  ( 50.29757703823459281, -4.444142737283907074, 12.68134850255261270 ) ) ;
#2370 = FACE_OUTER_BOUND ( 'NONE', #623, .T. ) ;
#2371 = AXIS2_PLACEMENT_3D ( 'NONE', #1071, #2734, #673 ) ;
#2372 = VERTEX_POINT ( 'NONE', #1654 ) ;
#2373 = ADVANCED_FACE ( 'NONE', ( #1181 ), #423, .T. ) ;
#2374 = LINE ( 'NONE', #1334, #2471 ) ;
#2375 = DIRECTION ( 'NONE',  ( -0.7071067811865522357, 0.7071067811865426878, 2.015406946820452638E-15 ) ) ;
#2376 = DIRECTION ( 'NONE',  ( -0.7071067811865441310, -3.278119563418366413E-15, 0.7071067811865510144 ) ) ;
#2377 = CARTESIAN_POINT ( 'NONE',  ( 54.19756569216393416, -4.444142737283933720, 29.26932362084612649 ) ) ;
#2378 = CARTESIAN_POINT ( 'NONE',  ( 74.40193582995966892, -0.4441427372838497867, 28.25032157225714258 ) ) ;
#2379 = ORIENTED_EDGE ( 'NONE', *, *, #2076, .F. ) ;
#2380 = CARTESIAN_POINT ( 'NONE',  ( 53.40265752356450690, -4.444142737283870659, 7.634210716313643452 ) ) ;
#2381 = CARTESIAN_POINT ( 'NONE',  ( 7.105386681459210152, 2.555857262715973022, -2.387258574638621678 ) ) ;
#2382 = CARTESIAN_POINT ( 'NONE',  ( 49.59491894338460583, -4.444142737283899081, 15.55360059070812895 ) ) ;
#2383 = EDGE_CURVE ( 'NONE', #2038, #348, #201, .T. ) ;
#2384 = VECTOR ( 'NONE', #103, 1000.000000000000227 ) ;
#2385 = VECTOR ( 'NONE', #2032, 1000.000000000000000 ) ;
#2386 = CARTESIAN_POINT ( 'NONE',  ( -21.73909603667260626, 2.555857262715785616, 21.57616807355581656 ) ) ;
#2387 = VERTEX_POINT ( 'NONE', #1904 ) ;
#2388 = LINE ( 'NONE', #1908, #1421 ) ;
#2389 = CARTESIAN_POINT ( 'NONE',  ( 76.05473536984565897, -2.865161440070308263, 6.336562117019975737 ) ) ;
#2390 = CC_DESIGN_PERSON_AND_ORGANIZATION_ASSIGNMENT ( #1246, #2683, ( #1696 ) ) ;
#2391 = PLANE ( 'NONE',  #1333 ) ;
#2392 = CARTESIAN_POINT ( 'NONE',  ( 10.46090396332725625, -2.444142737284217937, 65.69489048240846785 ) ) ;
#2393 = CARTESIAN_POINT ( 'NONE',  ( 67.37741862429865591, -2.444142737283906186, 36.83590356906766772 ) ) ;
#2394 = CARTESIAN_POINT ( 'NONE',  ( 82.68899068203404568, -0.4441427372833802178, 25.89367486965344511 ) ) ;
#2395 = ORIENTED_EDGE ( 'NONE', *, *, #1508, .T. ) ;
#2396 = CARTESIAN_POINT ( 'NONE',  ( 50.31835000000400981, -4.444142737283933720, 22.41645422339970750 ) ) ;
#2397 = CARTESIAN_POINT ( 'NONE',  ( 75.72070791951601620, -0.5840915047591958009, 28.83551103515091185 ) ) ;
#2398 = CARTESIAN_POINT ( 'NONE',  ( 54.11510910552203768, -4.444142737283944378, 29.16914541920388970 ) ) ;
#2399 = EDGE_CURVE ( 'NONE', #1184, #2121, #360, .T. ) ;
#2400 = DIRECTION ( 'NONE',  ( -1.000000000000000000, -3.999776700323684111E-15, -2.135044278125300603E-16 ) ) ;
#2401 = APPROVAL_PERSON_ORGANIZATION ( #1148, #2304, #1206 ) ;
#2402 = ORIENTED_EDGE ( 'NONE', *, *, #869, .F. ) ;
#2403 = DIRECTION ( 'NONE',  ( -3.999776700323684900E-15, 1.000000000000000000, 0.000000000000000000 ) ) ;
#2404 = CARTESIAN_POINT ( 'NONE',  ( -21.73909603667260626, 2.555857262715785616, 21.57616807355581656 ) ) ;
#2405 = DIRECTION ( 'NONE',  ( 1.000000000000000000, 3.999776700323684900E-15, 0.000000000000000000 ) ) ;
#2406 = CARTESIAN_POINT ( 'NONE',  ( 75.98718344933018898, -2.444142737283853783, 31.40299058259238407 ) ) ;
#2407 = CARTESIAN_POINT ( 'NONE',  ( 76.90452426137382247, -2.444142737283846678, 29.83738431088001519 ) ) ;
#2408 = ORIENTED_EDGE ( 'NONE', *, *, #1718, .T. ) ;
#2409 = CARTESIAN_POINT ( 'NONE',  ( 51.40660241678829578, -2.444142737289313416, 25.12279666725497762 ) ) ;
#2410 = EDGE_CURVE ( 'NONE', #1653, #325, #366, .T. ) ;
#2411 = DIRECTION ( 'NONE',  ( 1.000000000000000000, 6.945572276326080859E-15, 0.000000000000000000 ) ) ;
#2412 = LINE ( 'NONE', #909, #440 ) ;
#2413 = CARTESIAN_POINT ( 'NONE',  ( 4.860903963327269039, -8.444142737283986122, -19.30939282783473843 ) ) ;
#2414 = CARTESIAN_POINT ( 'NONE',  ( 74.41848867918567123, -2.444142737283784506, 5.798850133164086706 ) ) ;
#2415 = VECTOR ( 'NONE', #915, 1000.000000000000000 ) ;
#2416 = APPROVAL_STATUS ( 'not_yet_approved' ) ;
#2417 = VECTOR ( 'NONE', #2496, 1000.000000000000227 ) ;
#2418 = CARTESIAN_POINT ( 'NONE',  ( 10.46090396332728112, -8.444142737283954148, -22.54255433529663932 ) ) ;
#2419 = ORIENTED_EDGE ( 'NONE', *, *, #2434, .F. ) ;
#2420 = EDGE_CURVE ( 'NONE', #1794, #1440, #1024, .T. ) ;
#2421 = CARTESIAN_POINT ( 'NONE',  ( 10.46090396332728112, -8.444142737283954148, -22.54255433529663932 ) ) ;
#2422 = CARTESIAN_POINT ( 'NONE',  ( 73.90410111777387669, -2.444142737283861333, 30.93108148053953954 ) ) ;
#2423 = CARTESIAN_POINT ( 'NONE',  ( 76.65369276715482272, -0.4441427372838395171, 27.81765549997391673 ) ) ;
#2424 = EDGE_LOOP ( 'NONE', ( #115, #2442 ) ) ;
#2425 = CARTESIAN_POINT ( 'NONE',  ( 49.05385813985159160, -2.444142737283943490, 24.75959255675419257 ) ) ;
#2426 = CARTESIAN_POINT ( 'NONE',  ( 74.34559269406052806, -4.444142737283850231, 30.25524231185321611 ) ) ;
#2427 = CARTESIAN_POINT ( 'NONE',  ( 75.23188981119645291, -2.444142737283856448, 32.49477126337743016 ) ) ;
#2428 = CARTESIAN_POINT ( 'NONE',  ( 95.76090396332729426, -9.444142737283570455, 17.61274142536137077 ) ) ;
#2429 = CARTESIAN_POINT ( 'NONE',  ( 74.96829815068352332, -4.444142737283780953, 6.340669297095932855 ) ) ;
#2430 = CARTESIAN_POINT ( 'NONE',  ( 0.000000000000000000, 0.000000000000000000, 0.000000000000000000 ) ) ;
#2431 = ORIENTED_EDGE ( 'NONE', *, *, #2141, .F. ) ;
#2432 = DIRECTION ( 'NONE',  ( 1.000000000000000000, 4.047688110612647969E-15, 2.827486423747385096E-16 ) ) ;
#2433 = CARTESIAN_POINT ( 'NONE',  ( 4.860903963327246835, -2.444142737284021205, -7.350249489883362131 ) ) ;
#2434 = EDGE_CURVE ( 'NONE', #2614, #1058, #2514, .T. ) ;
#2435 = CARTESIAN_POINT ( 'NONE',  ( 76.00246354431044438, -2.444142737283853783, 31.37854403893995681 ) ) ;
#2436 = CARTESIAN_POINT ( 'NONE',  ( 83.59742218183616558, -0.4441427372840817123, 24.64695689926515954 ) ) ;
#2437 = ORIENTED_EDGE ( 'NONE', *, *, #40, .F. ) ;
#2438 = CARTESIAN_POINT ( 'NONE',  ( 54.79108942081672495, -6.944142737283949707, 35.49433857605284004 ) ) ;
#2439 = CARTESIAN_POINT ( 'NONE',  ( 59.03682496599810747, -2.444142737283933275, 35.36556511858766072 ) ) ;
#2440 = DIRECTION ( 'NONE',  ( 3.999776700323685689E-15, -1.000000000000000000, -3.004204553385571066E-15 ) ) ;
#2441 = CARTESIAN_POINT ( 'NONE',  ( 75.61992419097715867, -2.444142737284083378, 6.982825343238233451 ) ) ;
#2442 = ORIENTED_EDGE ( 'NONE', *, *, #2297, .T. ) ;
#2443 = VECTOR ( 'NONE', #227, 999.9999999999998863 ) ;
#2444 = CARTESIAN_POINT ( 'NONE',  ( 4.860903963327277921, -8.444142737284195732, 50.50258563699517111 ) ) ;
#2445 = FACE_OUTER_BOUND ( 'NONE', #435, .T. ) ;
#2446 = CARTESIAN_POINT ( 'NONE',  ( 10.46090396332728112, -8.444142737283989675, -10.58341099734528257 ) ) ;
#2447 = CARTESIAN_POINT ( 'NONE',  ( 74.34367950761792088, -4.444142737283857336, 30.25835770696821569 ) ) ;
#2448 = CARTESIAN_POINT ( 'NONE',  ( 75.71932907214022634, -0.4441427372843480548, 30.11496461680978598 ) ) ;
#2449 = ORIENTED_EDGE ( 'NONE', *, *, #1993, .T. ) ;
#2450 = ADVANCED_FACE ( 'NONE', ( #14 ), #2093, .F. ) ;
#2451 = CARTESIAN_POINT ( 'NONE',  ( 76.98043939902424881, -4.456139540934096033, 29.80652961314224569 ) ) ;
#2452 = CARTESIAN_POINT ( 'NONE',  ( 73.50420392274570247, -4.444142737283828026, 31.48401429054117173 ) ) ;
#2453 = DIRECTION ( 'NONE',  ( 3.999776700323684900E-15, -1.000000000000000000, -3.004204086082228257E-15 ) ) ;
#2454 = DIRECTION ( 'NONE',  ( -4.027036640660435800E-15, 1.000000000000000000, 2.950975104662260814E-15 ) ) ;
#2455 = LINE ( 'NONE', #125, #952 ) ;
#2456 = EDGE_LOOP ( 'NONE', ( #216, #1547, #1720, #1155 ) ) ;
#2457 = VECTOR ( 'NONE', #746, 1000.000000000000000 ) ;
#2458 = ORIENTED_EDGE ( 'NONE', *, *, #1632, .T. ) ;
#2459 = EDGE_CURVE ( 'NONE', #998, #120, #1878, .T. ) ;
#2460 = CARTESIAN_POINT ( 'NONE',  ( 68.74761307499048257, -2.444142737283897304, 36.60411432481513572 ) ) ;
#2461 = CARTESIAN_POINT ( 'NONE',  ( 85.69006212589896165, -2.444142737283766298, 15.02294500974180025 ) ) ;
#2462 = DIRECTION ( 'NONE',  ( -0.4999999999999991118, -4.598423132665019557E-15, 0.8660254037844391517 ) ) ;
#2463 = CARTESIAN_POINT ( 'NONE',  ( 30.76090396332725518, -2.444142737283924838, -2.387258574638613240 ) ) ;
#2464 = CARTESIAN_POINT ( 'NONE',  ( 72.95597391357506467, -2.444142737283863998, 34.73948365803503435 ) ) ;
#2465 = CARTESIAN_POINT ( 'NONE',  ( 98.58050324400065278, 45.39941598633082975, 17.99112792375078129 ) ) ;
#2466 = CARTESIAN_POINT ( 'NONE',  ( 75.13120466075673676, -4.444142737283780953, 6.501208308631088784 ) ) ;
#2467 = CARTESIAN_POINT ( 'NONE',  ( 3.384131255998912120E-14, -8.444142737284062505, -2.521578144408814329E-14 ) ) ;
#2468 = DATE_TIME_ROLE ( 'classification_date' ) ;
#2469 = ORIENTED_EDGE ( 'NONE', *, *, #344, .T. ) ;
#2470 = ORIENTED_EDGE ( 'NONE', *, *, #1189, .F. ) ;
#2471 = VECTOR ( 'NONE', #453, 1000.000000000000227 ) ;
#2472 = CARTESIAN_POINT ( 'NONE',  ( 75.39175969835355318, -0.4441427372837858378, 8.225057568077167147 ) ) ;
#2473 = CARTESIAN_POINT ( 'NONE',  ( 84.80696677550824347, -0.4441427372837568610, 12.58172915420774096 ) ) ;
#2474 = VERTEX_POINT ( 'NONE', #550 ) ;
#2475 = DIRECTION ( 'NONE',  ( -9.471551654046035424E-30, -6.361844453431546948E-16, 1.000000000000000000 ) ) ;
#2476 = DIRECTION ( 'NONE',  ( -3.999776700323684900E-15, 1.000000000000000000, 3.000529512353633521E-15 ) ) ;
#2477 = LINE ( 'NONE', #2525, #1970 ) ;
#2478 = VECTOR ( 'NONE', #529, 1000.000000000000000 ) ;
#2479 = CARTESIAN_POINT ( 'NONE',  ( 67.35183297215532150, -4.444142737287012146, 2.193427574102313038 ) ) ;
#2480 = CARTESIAN_POINT ( 'NONE',  ( 1.560903963327270993, -2.444142737284033196, -7.806820201975448903 ) ) ;
#2481 = APPROVAL_ROLE ( '' ) ;
#2482 = ORIENTED_EDGE ( 'NONE', *, *, #269, .F. ) ;
#2483 = EDGE_CURVE ( 'NONE', #1260, #998, #2104, .T. ) ;
#2484 = VERTEX_POINT ( 'NONE', #1697 ) ;
#2485 = ORIENTED_EDGE ( 'NONE', *, *, #2212, .F. ) ;
#2486 = CARTESIAN_POINT ( 'NONE',  ( 75.29448477178988242, -2.444142737283847122, 28.71008514485833985 ) ) ;
#2487 = CARTESIAN_POINT ( 'NONE',  ( 83.82079691401740718, -2.444142737283761413, 11.18369517633089316 ) ) ;
#2488 = VECTOR ( 'NONE', #1975, 1000.000000000000114 ) ;
#2489 = ORIENTED_EDGE ( 'NONE', *, *, #1414, .T. ) ;
#2490 = DIRECTION ( 'NONE',  ( -3.997948283134970832E-15, 1.000000000000000000, 3.001444755846104644E-15 ) ) ;
#2491 = LINE ( 'NONE', #772, #266 ) ;
#2492 = CARTESIAN_POINT ( 'NONE',  ( 71.65103732379731127, -2.444142737283769407, 1.415067933741088968 ) ) ;
#2493 = DIRECTION ( 'NONE',  ( 0.8660254037844391517, 0.000000000000000000, -0.4999999999999990563 ) ) ;
#2494 = ADVANCED_FACE ( 'NONE', ( #842 ), #1685, .T. ) ;
#2495 = CARTESIAN_POINT ( 'NONE',  ( 71.59926008605496861, -2.444142737283776068, 1.390756219778842784 ) ) ;
#2496 = DIRECTION ( 'NONE',  ( -0.8660254037844393737, -4.963003585113837884E-15, 0.4999999999999986122 ) ) ;
#2497 = VERTEX_POINT ( 'NONE', #885 ) ;
#2498 = CARTESIAN_POINT ( 'NONE',  ( -21.73909603667260626, 2.555857262715785616, 21.57616807355581656 ) ) ;
#2499 = VERTEX_POINT ( 'NONE', #912 ) ;
#2500 = DIRECTION ( 'NONE',  ( -5.524973891283812563E-16, -3.000529512353635888E-15, 1.000000000000000000 ) ) ;
#2501 = CARTESIAN_POINT ( 'NONE',  ( 79.31132489669766983, -0.4441427372837651322, 7.775342265351531168 ) ) ;
#2502 = EDGE_CURVE ( 'NONE', #459, #2372, #1749, .T. ) ;
#2503 = ORIENTED_EDGE ( 'NONE', *, *, #2671, .F. ) ;
#2504 = DIRECTION ( 'NONE',  ( 0.8660254037844385966, 2.012028480451553010E-15, 0.5000000000000000000 ) ) ;
#2505 = FACE_BOUND ( 'NONE', #1629, .T. ) ;
#2506 = VECTOR ( 'NONE', #2475, 1000.000000000000000 ) ;
#2507 = CARTESIAN_POINT ( 'NONE',  ( 64.57308461203987804, -2.444142737283800493, 0.08183885635071315445 ) ) ;
#2508 = CARTESIAN_POINT ( 'NONE',  ( 4.860903963327270816, -8.444142737284010991, -10.58341099734527901 ) ) ;
#2509 = CARTESIAN_POINT ( 'NONE',  ( 67.74950401982974313, -4.444142737282184896, 2.257898039405626722 ) ) ;
#2510 = CARTESIAN_POINT ( 'NONE',  ( 10.46090396332728112, -8.444142737283989675, -10.58341099734528257 ) ) ;
#2511 = DATE_AND_TIME ( #1466, #2358 ) ;
#2512 = ORIENTED_EDGE ( 'NONE', *, *, #402, .T. ) ;
#2513 = CARTESIAN_POINT ( 'NONE',  ( 50.76355930954755991, -2.444142737283952815, 28.00635000076594494 ) ) ;
#2514 = LINE ( 'NONE', #1248, #2443 ) ;
#2515 = EDGE_LOOP ( 'NONE', ( #1599, #1869 ) ) ;
#2516 = ORIENTED_EDGE ( 'NONE', *, *, #2050, .T. ) ;
#2517 = CARTESIAN_POINT ( 'NONE',  ( 75.41551737455513660, -1.058488006642182899, 6.687341181244526034 ) ) ;
#2518 = CARTESIAN_POINT ( 'NONE',  ( 85.90612573890163617, -2.444142737283915512, 17.03947186857530482 ) ) ;
#2519 = VECTOR ( 'NONE', #916, 1000.000000000000000 ) ;
#2520 = ORIENTED_EDGE ( 'NONE', *, *, #910, .T. ) ;
#2521 = VECTOR ( 'NONE', #2562, 1000.000000000000000 ) ;
#2522 = EDGE_CURVE ( 'NONE', #319, #2318, #815, .T. ) ;
#2523 = CARTESIAN_POINT ( 'NONE',  ( 4.860903963327253940, -2.444142737284194844, 50.50258563699519954 ) ) ;
#2524 = CARTESIAN_POINT ( 'NONE',  ( 50.93542472331751014, -2.444142737283953259, 28.26987636451764629 ) ) ;
#2525 = CARTESIAN_POINT ( 'NONE',  ( 95.76090396332725163, 2.555857262716108469, 70.65788139765298581 ) ) ;
#2526 = CARTESIAN_POINT ( 'NONE',  ( 59.48984526321557809, -2.444142737283833355, 1.168828944593365504 ) ) ;
#2527 = PLANE ( 'NONE',  #742 ) ;
#2528 = EDGE_LOOP ( 'NONE', ( #2300, #100, #720, #250 ) ) ;
#2529 = CARTESIAN_POINT ( 'NONE',  ( 7.660903963327254651, -2.444142737283995448, -12.19999175107622058 ) ) ;
#2530 = ORIENTED_EDGE ( 'NONE', *, *, #683, .T. ) ;
#2531 = ORIENTED_EDGE ( 'NONE', *, *, #1578, .T. ) ;
#2532 = DIRECTION ( 'NONE',  ( 1.000000000000000000, 3.989863994746655528E-15, 0.000000000000000000 ) ) ;
#2533 = DIRECTION ( 'NONE',  ( 0.8660254037844385966, 2.012028480451553010E-15, 0.5000000000000000000 ) ) ;
#2534 = ORIENTED_EDGE ( 'NONE', *, *, #470, .F. ) ;
#2535 = LINE ( 'NONE', #2277, #672 ) ;
#2536 = CARTESIAN_POINT ( 'NONE',  ( 83.86556354670577207, -0.4441427372837767340, 16.48575164551328243 ) ) ;
#2537 = AXIS2_PLACEMENT_3D ( 'NONE', #536, #2590, #1376 ) ;
#2538 = CARTESIAN_POINT ( 'NONE',  ( 48.84647090610024378, -2.444142737283945710, 24.24817770676562745 ) ) ;
#2539 = DIRECTION ( 'NONE',  ( 3.999776700323684900E-15, -1.000000000000000000, -3.000529512353633521E-15 ) ) ;
#2540 = ADVANCED_FACE ( 'NONE', ( #1956 ), #85, .F. ) ;
#2541 = CARTESIAN_POINT ( 'NONE',  ( 71.81268402484468538, -4.444142737280566635, 3.760904648528172078 ) ) ;
#2542 = DIRECTION ( 'NONE',  ( -1.000000000000000000, -3.999776700323684111E-15, -2.762486945642026090E-16 ) ) ;
#2543 = ADVANCED_FACE ( 'NONE', ( #2599 ), #1520, .T. ) ;
#2544 = DIRECTION ( 'NONE',  ( -1.000000000000000000, -3.999776700323684111E-15, -5.524973891283932864E-16 ) ) ;
#2545 = ORIENTED_EDGE ( 'NONE', *, *, #1709, .F. ) ;
#2546 = ORIENTED_EDGE ( 'NONE', *, *, #1709, .T. ) ;
#2547 = CARTESIAN_POINT ( 'NONE',  ( 7.660903963327280408, -8.444142737283959477, -24.15913508902759688 ) ) ;
#2548 = CARTESIAN_POINT ( 'NONE',  ( 76.60943886340285758, -0.4441427372837822851, 8.710523968342060996 ) ) ;
#2549 = EDGE_CURVE ( 'NONE', #1299, #2106, #299, .T. ) ;
#2550 = VECTOR ( 'NONE', #796, 1000.000000000000000 ) ;
#2551 = VECTOR ( 'NONE', #27, 1000.000000000000000 ) ;
#2552 = CARTESIAN_POINT ( 'NONE',  ( 75.76090396332730847, -9.444142737283666378, 45.53959472175021261 ) ) ;
#2553 = CARTESIAN_POINT ( 'NONE',  ( 59.68269553655057535, -2.444142737283828914, 1.098122791994301295 ) ) ;
#2554 = CARTESIAN_POINT ( 'NONE',  ( 74.34559269406055648, -6.944142737283855560, 30.25524231185321256 ) ) ;
#2555 = ORIENTED_EDGE ( 'NONE', *, *, #568, .F. ) ;
#2556 = CARTESIAN_POINT ( 'NONE',  ( 50.21754587398101677, -2.444142737283882205, 8.428069387770170451 ) ) ;
#2557 = DIRECTION ( 'NONE',  ( 0.8660254037844391517, 0.000000000000000000, 0.4999999999999990563 ) ) ;
#2558 = ADVANCED_FACE ( 'NONE', ( #2132 ), #1316, .T. ) ;
#2559 = CARTESIAN_POINT ( 'NONE',  ( 75.76090396332729426, -9.444142737283650391, 17.61274142536136367 ) ) ;
#2560 = EDGE_LOOP ( 'NONE', ( #126, #1100, #1452, #1829 ) ) ;
#2561 = EDGE_LOOP ( 'NONE', ( #484, #1737, #228, #597 ) ) ;
#2562 = DIRECTION ( 'NONE',  ( -3.999776700323684900E-15, 1.000000000000000000, 3.000529512353633521E-15 ) ) ;
#2563 = CARTESIAN_POINT ( 'NONE',  ( 30.76090396332738308, -31.44414273728386178, -27.50554525054142019 ) ) ;
#2564 = CARTESIAN_POINT ( 'NONE',  ( 75.54186041190804701, -0.4441427372838449572, 28.10621041837332257 ) ) ;
#2565 = CARTESIAN_POINT ( 'NONE',  ( 58.64990039725275750, -2.444142737283915068, 32.90026113005585273 ) ) ;
#2566 = DIRECTION ( 'NONE',  ( -1.000000000000000000, -4.163336342344336238E-15, 0.000000000000000000 ) ) ;
#2567 = ORIENTED_EDGE ( 'NONE', *, *, #2315, .F. ) ;
#2568 = CARTESIAN_POINT ( 'NONE',  ( 51.88064303005177180, -4.444142737274323629, 9.544139340235542335 ) ) ;
#2569 = CARTESIAN_POINT ( 'NONE',  ( 66.07933020460356488, -6.944142737283789835, -2.419116465854746156 ) ) ;
#2570 = CARTESIAN_POINT ( 'NONE',  ( 1.560903963327234800, 2.555857262715731881, 70.65788139765295739 ) ) ;
#2571 = CARTESIAN_POINT ( 'NONE',  ( 30.76090396332725518, -2.444142737284106470, 55.53959472175026946 ) ) ;
#2572 = ORIENTED_EDGE ( 'NONE', *, *, #428, .F. ) ;
#2573 = ADVANCED_FACE ( 'NONE', ( #1724 ), #1344, .F. ) ;
#2574 = DIRECTION ( 'NONE',  ( 0.8660254037844391517, 2.012028480451544727E-15, 0.4999999999999991118 ) ) ;
#2575 = CARTESIAN_POINT ( 'NONE',  ( 75.45632784783448699, -2.444142737283709010, 6.113085220461178970 ) ) ;
#2576 = FACE_OUTER_BOUND ( 'NONE', #2593, .T. ) ;
#2577 = CARTESIAN_POINT ( 'NONE',  ( 62.39810170321435834, -4.444142737283905298, 34.44821007280069125 ) ) ;
#2578 = CARTESIAN_POINT ( 'NONE',  ( 75.76090396332737953, -31.44414273728381914, 17.61274142536129972 ) ) ;
#2579 = ORIENTED_EDGE ( 'NONE', *, *, #2549, .T. ) ;
#2580 = CARTESIAN_POINT ( 'NONE',  ( 47.51348469026813603, -2.444142737283927058, 18.04998886784204970 ) ) ;
#2581 = VECTOR ( 'NONE', #1918, 1000.000000000000000 ) ;
#2582 = CARTESIAN_POINT ( 'NONE',  ( 43.24409298827578141, -4.444142737283912403, 8.739517103855874325 ) ) ;
#2583 = DIRECTION ( 'NONE',  ( 0.000000000000000000, 2.950975104662274224E-15, -1.000000000000000000 ) ) ;
#2584 = EDGE_CURVE ( 'NONE', #2185, #1054, #2118, .T. ) ;
#2585 = CARTESIAN_POINT ( 'NONE',  ( 4.860903963327256605, -2.444142737284230371, 62.46172897494654563 ) ) ;
#2586 = ORIENTED_EDGE ( 'NONE', *, *, #428, .T. ) ;
#2587 = VERTEX_POINT ( 'NONE', #41 ) ;
#2588 = FACE_OUTER_BOUND ( 'NONE', #2515, .T. ) ;
#2589 = CARTESIAN_POINT ( 'NONE',  ( 74.30940144070699205, -0.4441427372837889465, 7.828386527850017096 ) ) ;
#2590 = DIRECTION ( 'NONE',  ( 3.997948283134970832E-15, -1.000000000000000000, -3.001444755846104644E-15 ) ) ;
#2591 = CARTESIAN_POINT ( 'NONE',  ( 54.75775380655915114, -2.444142737286123523, 29.87700179995778527 ) ) ;
#2592 = CARTESIAN_POINT ( 'NONE',  ( 25.76090396332721255, 2.555857262715828249, 70.65788139765297160 ) ) ;
#2593 = EDGE_LOOP ( 'NONE', ( #202, #24, #857, #1238, #395, #2572 ) ) ;
#2594 = CARTESIAN_POINT ( 'NONE',  ( 53.97228066305117977, -2.444142737285067923, 7.039876522661656644 ) ) ;
#2595 = FACE_OUTER_BOUND ( 'NONE', #2601, .T. ) ;
#2596 = CARTESIAN_POINT ( 'NONE',  ( 52.36731452115409979, -4.444142737283876876, 8.778856710565611010 ) ) ;
#2597 = B_SPLINE_CURVE_WITH_KNOTS ( 'NONE', 3,
 ( #1821, #1147, #1776, #730, #1615, #368 ),
 .UNSPECIFIED., .F., .F.,
 ( 4, 1, 1, 4 ),
 ( 0.07265625446148392397, 0.3872385159856179260, 0.6379019689691221018, 0.8535445047292892218 ),
 .UNSPECIFIED. ) ;
#2598 = APPROVAL ( #1034, '未指定' ) ;
#2599 = FACE_OUTER_BOUND ( 'NONE', #2177, .T. ) ;
#2600 = ORIENTED_EDGE ( 'NONE', *, *, #661, .T. ) ;
#2601 = EDGE_LOOP ( 'NONE', ( #1972, #667, #1876, #984 ) ) ;
#2602 = PLANE ( 'NONE',  #932 ) ;
#2603 = CARTESIAN_POINT ( 'NONE',  ( 78.80879878076922296, -2.444142737283770295, 7.526169456226274868 ) ) ;
#2604 = CARTESIAN_POINT ( 'NONE',  ( 7.660903963327278632, -8.444142737284215272, 60.84514822121558097 ) ) ;
#2605 = CARTESIAN_POINT ( 'NONE',  ( 58.64990039729173787, -4.444142737283919509, 32.90026112999110808 ) ) ;
#2606 = CARTESIAN_POINT ( 'NONE',  ( 77.56534635833587288, -0.4441427372838347987, 27.45248723654325573 ) ) ;
#2607 = EDGE_LOOP ( 'NONE', ( #2134, #1281, #1170, #2128, #1119, #834, #70, #1855, #2402, #1585, #2192, #2233 ) ) ;
#2608 = ADVANCED_FACE ( 'NONE', ( #1091 ), #1493, .T. ) ;
#2609 = CARTESIAN_POINT ( 'NONE',  ( 52.35049298543901131, -2.444142737284265898, 8.882351476916786837 ) ) ;
#2610 = CARTESIAN_POINT ( 'NONE',  ( 75.54849301996129896, -1.069191487888056624, 29.58717766847023256 ) ) ;
#2611 = CARTESIAN_POINT ( 'NONE',  ( 51.58143964556927585, -4.444142737283934608, 25.54510165420542123 ) ) ;
#2612 = VECTOR ( 'NONE', #1921, 1000.000000000000000 ) ;
#2613 = CARTESIAN_POINT ( 'NONE',  ( 15.76090396332724097, 2.555857262716083156, -27.50554525054134913 ) ) ;
#2614 = VERTEX_POINT ( 'NONE', #449 ) ;
#2615 =( BOUNDED_SURFACE ( )  B_SPLINE_SURFACE ( 3, 2, ( 
 ( #2353, #1913, #1705 ),
 ( #687, #235, #2139 ),
 ( #1297, #1925, #1338 ),
 ( #1099, #23, #1540 ),
 ( #249, #648, #1719 ),
 ( #1730, #280, #2154 ),
 ( #675, #78, #1514 ),
 ( #1744, #1113, #263 ),
 ( #892, #1938, #2338 ),
 ( #49, #497, #2378 ),
 ( #1074, #63, #905 ),
 ( #293, #2326, #446 ),
 ( #865, #1366, #2007 ),
 ( #332, #2448, #563 ),
 ( #363, #318, #2621 ),
 ( #2407, #305, #963 ),
 ( #2666, #1407, #2423 ),
 ( #920, #1770, #522 ),
 ( #119, #2020, #2606 ),
 ( #725, #511, #1801 ),
 ( #1168, #2197, #2238 ),
 ( #552, #740, #2653 ),
 ( #2209, #1554, #1196 ),
 ( #2184, #1817, #2037 ),
 ( #1990, #755, #1757 ),
 ( #1978, #2394, #712 ),
 ( #1352, #1142, #107 ),
 ( #1598, #949, #1154 ),
 ( #538, #2436, #92 ),
 ( #770, #1379, #1183 ),
 ( #1570, #931, #1786 ),
 ( #1392, #2636, #2224 ),
 ( #347, #1584, #132 ),
 ( #976, #1610, #1868 ),
 ( #1443, #780, #1471 ),
 ( #1621, #1418, #376 ),
 ( #2290, #2275, #2084 ),
 ( #2518, #177, #2732 ),
 ( #2250, #1631, #989 ),
 ( #2461, #574, #400 ),
 ( #631, #1211, #1237 ),
 ( #602, #414, #792 ),
 ( #147, #2306, #833 ),
 ( #427, #2473, #1673 ),
 ( #588, #1265, #2049 ),
 ( #162, #1430, #388 ),
 ( #2487, #2071, #1002 ),
 ( #190, #2262, #1827 ),
 ( #1658, #1026, #1456 ),
 ( #2675, #1840, #805 ),
 ( #2689, #1224, #2717 ),
 ( #205, #2060, #1014 ),
 ( #819, #1881, #1854 ),
 ( #2702, #2501, #1645 ),
 ( #616, #1251, #1041 ),
 ( #2097, #889, #2548 ),
 ( #2349, #1510, #901 ),
 ( #44, #1536, #1496 ),
 ( #2575, #862, #1484 ),
 ( #1095, #1109, #2589 ),
 ( #1935, #218, #231 ),
 ( #847, #1057, #1727 ),
 ( #1069, #1688, #259 ),
 ( #468, #658, #696 ) ),
 .UNSPECIFIED., .F., .F., .F. ) 
 B_SPLINE_SURFACE_WITH_KNOTS ( ( 4, 2, 2, 2, 2, 2, 2, 2, 2, 2, 2, 2, 2, 2, 2, 2, 2, 2, 2, 2, 2, 2, 2, 2, 2, 2, 2, 2, 2, 2, 2, 4 ),
 ( 3, 3 ),
 ( 0.01060754747208186508, 0.01073019036839721434, 0.01079151181655488984, 0.01082217254063372672, 0.01085283326471256360, 0.01109811905734326212, 0.01158869064260465744, 0.01256983381312744980, 0.01355097698365024389, 0.01453212015417303625, 0.01551326332469582861, 0.01649440649521862270, 0.01845669283626420742, 0.01943783600678700152, 0.02041897917730979214, 0.02238126551835537686, 0.02336240868887817096, 0.02434355185940096158, 0.02630583820044654630, 0.02826812454149213102, 0.02924926771201492165, 0.03023041088253771574, 0.03121155405306050637, 0.03219269722358329699, 0.03317384039410609109, 0.03415498356462888518, 0.03611726990567447337, 0.03807955624672005462, 0.04004184258776563587, 0.04102298575828842997, 0.04151355734354982702, 0.04200412892881122406 ),
 ( 0.000000000000000000, 1.000000000000000000 ),
 .UNSPECIFIED. ) 
 GEOMETRIC_REPRESENTATION_ITEM ( )  RATIONAL_B_SPLINE_SURFACE ( (
 ( 1.000000000000000000, 0.7071067811865476838, 1.000000000000000000),
 ( 1.000000000000000000, 0.7071067811865476838, 1.000000000000000000),
 ( 1.000000000000000000, 0.7071067811865471286, 1.000000000000000000),
 ( 1.000000000000000000, 0.7071067811865471286, 1.000000000000000000),
 ( 1.000000000000000000, 0.7071067811865482389, 1.000000000000000000),
 ( 1.000000000000000000, 0.7071067811865482389, 1.000000000000000000),
 ( 1.000000000000000000, 0.7071067811865476838, 1.000000000000000000),
 ( 1.000000000000000000, 0.7071067811865476838, 1.000000000000000000),
 ( 1.000000000000000000, 0.7071067811865476838, 1.000000000000000000),
 ( 1.000000000000000000, 0.7071067811865476838, 1.000000000000000000),
 ( 1.000000000000000000, 0.7071067811865470176, 1.000000000000000000),
 ( 1.000000000000000000, 0.7071067811865470176, 1.000000000000000000),
 ( 1.000000000000000000, 0.7071067811865475727, 1.000000000000000000),
 ( 1.000000000000000000, 0.7071067811865475727, 1.000000000000000000),
 ( 1.000000000000000000, 0.7071067811865473507, 1.000000000000000000),
 ( 1.000000000000000000, 0.7071067811865473507, 1.000000000000000000),
 ( 1.000000000000000000, 0.7071067811865467956, 1.000000000000000000),
 ( 1.000000000000000000, 0.7071067811865467956, 1.000000000000000000),
 ( 1.000000000000000000, 0.7071067811865472397, 1.000000000000000000),
 ( 1.000000000000000000, 0.7071067811865472397, 1.000000000000000000),
 ( 1.000000000000000000, 0.7071067811865471286, 1.000000000000000000),
 ( 1.000000000000000000, 0.7071067811865471286, 1.000000000000000000),
 ( 1.000000000000000000, 0.7071067811865470176, 1.000000000000000000),
 ( 1.000000000000000000, 0.7071067811865470176, 1.000000000000000000),
 ( 1.000000000000000000, 0.7071067811865467956, 1.000000000000000000),
 ( 1.000000000000000000, 0.7071067811865467956, 1.000000000000000000),
 ( 1.000000000000000000, 0.7071067811865467956, 1.000000000000000000),
 ( 1.000000000000000000, 0.7071067811865467956, 1.000000000000000000),
 ( 1.000000000000000000, 0.7071067811865471286, 1.000000000000000000),
 ( 1.000000000000000000, 0.7071067811865471286, 1.000000000000000000),
 ( 1.000000000000000000, 0.7071067811865465735, 1.000000000000000000),
 ( 1.000000000000000000, 0.7071067811865465735, 1.000000000000000000),
 ( 1.000000000000000000, 0.7071067811865465735, 1.000000000000000000),
 ( 1.000000000000000000, 0.7071067811865465735, 1.000000000000000000),
 ( 1.000000000000000000, 0.7071067811865441310, 1.000000000000000000),
 ( 1.000000000000000000, 0.7071067811865441310, 1.000000000000000000),
 ( 1.000000000000000000, 0.7071067811865441310, 1.000000000000000000),
 ( 1.000000000000000000, 0.7071067811865441310, 1.000000000000000000),
 ( 1.000000000000000000, 0.7071067811865464625, 1.000000000000000000),
 ( 1.000000000000000000, 0.7071067811865464625, 1.000000000000000000),
 ( 1.000000000000000000, 0.7071067811865490160, 1.000000000000000000),
 ( 1.000000000000000000, 0.7071067811865490160, 1.000000000000000000),
 ( 1.000000000000000000, 0.7071067811865466846, 1.000000000000000000),
 ( 1.000000000000000000, 0.7071067811865466846, 1.000000000000000000),
 ( 1.000000000000000000, 0.7071067811865467956, 1.000000000000000000),
 ( 1.000000000000000000, 0.7071067811865467956, 1.000000000000000000),
 ( 1.000000000000000000, 0.7071067811865467956, 1.000000000000000000),
 ( 1.000000000000000000, 0.7071067811865467956, 1.000000000000000000),
 ( 1.000000000000000000, 0.7071067811865470176, 1.000000000000000000),
 ( 1.000000000000000000, 0.7071067811865470176, 1.000000000000000000),
 ( 1.000000000000000000, 0.7071067811865470176, 1.000000000000000000),
 ( 1.000000000000000000, 0.7071067811865470176, 1.000000000000000000),
 ( 1.000000000000000000, 0.7071067811865471286, 1.000000000000000000),
 ( 1.000000000000000000, 0.7071067811865471286, 1.000000000000000000),
 ( 1.000000000000000000, 0.7071067811865472397, 1.000000000000000000),
 ( 1.000000000000000000, 0.7071067811865472397, 1.000000000000000000),
 ( 1.000000000000000000, 0.7071067811865473507, 1.000000000000000000),
 ( 1.000000000000000000, 0.7071067811865473507, 1.000000000000000000),
 ( 1.000000000000000000, 0.7071067811865473507, 1.000000000000000000),
 ( 1.000000000000000000, 0.7071067811865473507, 1.000000000000000000),
 ( 1.000000000000000000, 0.7071067811865470176, 1.000000000000000000),
 ( 1.000000000000000000, 0.7071067811865470176, 1.000000000000000000),
 ( 1.000000000000000000, 0.7071067811865471286, 1.000000000000000000),
 ( 1.000000000000000000, 0.7071067811865471286, 1.000000000000000000) ) ) 
 REPRESENTATION_ITEM ( '' )  SURFACE ( )  );
#2616 = VECTOR ( 'NONE', #938, 1000.000000000000000 ) ;
#2617 = FACE_OUTER_BOUND ( 'NONE', #1905, .T. ) ;
#2618 = EDGE_CURVE ( 'NONE', #1864, #830, #1435, .T. ) ;
#2619 = CARTESIAN_POINT ( 'NONE',  ( 75.39175969835355318, -0.4441427372837858378, 8.225057568077167147 ) ) ;
#2620 = CARTESIAN_POINT ( 'NONE',  ( 70.46430698082035349, -4.444142737283877764, 33.88629514361513628 ) ) ;
#2621 = CARTESIAN_POINT ( 'NONE',  ( 75.69731752926851698, -0.4441427372838442356, 28.08087700271178022 ) ) ;
#2622 = LINE ( 'NONE', #990, #1680 ) ;
#2623 = CARTESIAN_POINT ( 'NONE',  ( 49.61167728111777109, -4.444142737282330557, 19.19444724090681120 ) ) ;
#2624 = CARTESIAN_POINT ( 'NONE',  ( 70.62419415704918890, -4.444142737283884870, 36.31509438111243071 ) ) ;
#2625 = CARTESIAN_POINT ( 'NONE',  ( 65.73149514267193183, -4.444142737283804045, 2.045682030929063533 ) ) ;
#2626 = DIRECTION ( 'NONE',  ( 1.000000000000000000, 4.001428817919835557E-15, 0.000000000000000000 ) ) ;
#2627 = CARTESIAN_POINT ( 'NONE',  ( 74.52030524798152555, -2.444142737283784506, 5.899187015373721366 ) ) ;
#2628 = B_SPLINE_CURVE_WITH_KNOTS ( 'NONE', 3,
 ( #2220, #2603, #1795, #2648, #1961, #709, #2389, #751, #1591, #2632, #548, #735, #973, #1361, #1179, #507, #1347, #89 ),
 .UNSPECIFIED., .F., .F.,
 ( 4, 2, 2, 2, 2, 2, 2, 2, 4 ),
 ( 1.606961726329037805E-17, 0.001513837772114410033, 0.003027675544228804021, 0.003784594430286000039, 0.004541513316343197791, 0.004919972759371811846, 0.005298432202400426769, 0.005676891645429040824, 0.006055351088457655746 ),
 .UNSPECIFIED. ) ;
#2629 = PERSON_AND_ORGANIZATION_ROLE ( 'design_owner' ) ;
#2630 = EDGE_CURVE ( 'NONE', #1299, #479, #666, .T. ) ;
#2631 = VECTOR ( 'NONE', #561, 1000.000000000000227 ) ;
#2632 = CARTESIAN_POINT ( 'NONE',  ( 75.07680597246984178, -3.334512123207599821, 5.978392886615565338 ) ) ;
#2633 = EDGE_LOOP ( 'NONE', ( #2684, #2218, #2726, #2520 ) ) ;
#2634 = DIRECTION ( 'NONE',  ( -3.999776700323684900E-15, 1.000000000000000000, 3.000529512353633521E-15 ) ) ;
#2635 = CARTESIAN_POINT ( 'NONE',  ( 74.33114432330056331, -2.444142737284311639, 30.27875610286340091 ) ) ;
#2636 = CARTESIAN_POINT ( 'NONE',  ( 84.96914532778806972, -0.4441427372835704546, 21.92882744379061322 ) ) ;
#2637 = EDGE_LOOP ( 'NONE', ( #2204, #1809, #641, #314 ) ) ;
#2638 = CARTESIAN_POINT ( 'NONE',  ( 47.82298581603897958, -2.444142737283939049, 20.79791779209901037 ) ) ;
#2639 = CARTESIAN_POINT ( 'NONE',  ( 75.17824818249303576, -1.591631936429228178, 30.01152564086169150 ) ) ;
#2640 = CARTESIAN_POINT ( 'NONE',  ( 57.99663804485714991, -4.444142737283939937, 32.52188301089143607 ) ) ;
#2641 = CARTESIAN_POINT ( 'NONE',  ( -21.73909603667258494, -2.444142737284214384, 21.57616807355580235 ) ) ;
#2642 = CARTESIAN_POINT ( 'NONE',  ( 76.96536690698835059, -2.444142737283844902, 29.81109733658345462 ) ) ;
#2643 = VECTOR ( 'NONE', #2343, 1000.000000000000000 ) ;
#2644 = ORIENTED_EDGE ( 'NONE', *, *, #48, .F. ) ;
#2645 = EDGE_CURVE ( 'NONE', #479, #1348, #66, .T. ) ;
#2646 = VECTOR ( 'NONE', #1213, 1000.000000000000114 ) ;
#2647 = B_SPLINE_SURFACE_WITH_KNOTS ( 'NONE', 3, 1, ( 
 ( #807, #1819 ),
 ( #1613, #2073 ),
 ( #193, #2668 ),
 ( #1830, #2451 ) ),
 .UNSPECIFIED., .F., .F., .F.,
 ( 4, 4 ),
 ( 2, 2 ),
 ( 0.000000000000000000, 0.07309219198866985512 ),
 ( 0.000000000000000000, 1.000000000000000000 ),
 .UNSPECIFIED. ) ;
#2648 = CARTESIAN_POINT ( 'NONE',  ( 77.43647519811226232, -2.547961057250820449, 6.892958781218242237 ) ) ;
#2649 = ORIENTED_EDGE ( 'NONE', *, *, #145, .T. ) ;
#2650 = DIRECTION ( 'NONE',  ( -0.8660254037844393737, 0.000000000000000000, 0.4999999999999986122 ) ) ;
#2651 = CARTESIAN_POINT ( 'NONE',  ( 2.777055141171820348E-14, -6.944142737284062505, -2.085487778873062003E-14 ) ) ;
#2652 = CARTESIAN_POINT ( 'NONE',  ( 73.17536904079258875, -4.444142737279044297, 31.83056567880140975 ) ) ;
#2653 = CARTESIAN_POINT ( 'NONE',  ( 78.98277059584660265, -0.4441427372838268051, 26.63543478169120604 ) ) ;
#2654 = CARTESIAN_POINT ( 'NONE',  ( 4.860903963327269039, -8.444142737283986122, -19.30939282783473843 ) ) ;
#2655 = CARTESIAN_POINT ( 'NONE',  ( 43.24409298827578851, -6.944142737283915068, 8.739517103855867219 ) ) ;
#2656 = CARTESIAN_POINT ( 'NONE',  ( 71.89734085474498215, -4.444142737283884870, 33.02607445126898256 ) ) ;
#2657 = FACE_OUTER_BOUND ( 'NONE', #1225, .T. ) ;
#2658 = CARTESIAN_POINT ( 'NONE',  ( 76.37212260043867218, -2.444142737283770295, 4.916142388164590926 ) ) ;
#2659 = AXIS2_PLACEMENT_3D ( 'NONE', #1136, #1974, #943 ) ;
#2660 = VERTEX_POINT ( 'NONE', #2571 ) ;
#2661 = CARTESIAN_POINT ( 'NONE',  ( 15.76090396332726762, 2.555857262715788281, -27.50554525054134203 ) ) ;
#2662 = EDGE_CURVE ( 'NONE', #2354, #1457, #2146, .T. ) ;
#2663 = CARTESIAN_POINT ( 'NONE',  ( 78.22642835215181378, -4.444142737283780953, 9.551449527802894579 ) ) ;
#2664 = CARTESIAN_POINT ( 'NONE',  ( 75.93125365589263254, -2.585014596800573994, 30.06903237763422609 ) ) ;
#2665 = CARTESIAN_POINT ( 'NONE',  ( 76.04796718569701852, -2.444142737283854672, 31.30497297073412710 ) ) ;
#2666 = CARTESIAN_POINT ( 'NONE',  ( 77.29385258604014552, -2.444142737283911515, 29.71387751109116948 ) ) ;
#2667 = ORIENTED_EDGE ( 'NONE', *, *, #2178, .T. ) ;
#2668 = CARTESIAN_POINT ( 'NONE',  ( 76.13828837940663163, -4.456139540934100474, 30.06242038314427134 ) ) ;
#2669 = CARTESIAN_POINT ( 'NONE',  ( 56.66361014380217398, -2.444142737283926170, 34.02980195198724545 ) ) ;
#2670 = LINE ( 'NONE', #1398, #326 ) ;
#2671 = EDGE_CURVE ( 'NONE', #2246, #1926, #1330, .T. ) ;
#2672 = ORIENTED_EDGE ( 'NONE', *, *, #782, .T. ) ;
#2673 = VECTOR ( 'NONE', #1336, 1000.000000000000000 ) ;
#2674 = CARTESIAN_POINT ( 'NONE',  ( 74.57006171337216927, -4.444142737283857336, 29.88972138265634726 ) ) ;
#2675 = CARTESIAN_POINT ( 'NONE',  ( 82.40120128066199356, -2.444142737283762301, 9.798054390716036011 ) ) ;
#2676 = ORIENTED_EDGE ( 'NONE', *, *, #503, .T. ) ;
#2677 = EDGE_CURVE ( 'NONE', #2008, #1178, #1735, .T. ) ;
#2678 = DIRECTION ( 'NONE',  ( 0.7071067811865427988, 0.7071067811865523467, 2.512369415776173602E-15 ) ) ;
#2679 = LINE ( 'NONE', #1996, #2457 ) ;
#2680 = LINE ( 'NONE', #98, #102 ) ;
#2681 = CARTESIAN_POINT ( 'NONE',  ( 75.94573721112426767, -4.444142737283780953, 7.303903366308270861 ) ) ;
#2682 = CARTESIAN_POINT ( 'NONE',  ( 30.76090396332725518, -2.444142737284070499, 45.53959472175023393 ) ) ;
#2683 = PERSON_AND_ORGANIZATION_ROLE ( 'classification_officer' ) ;
#2684 = ORIENTED_EDGE ( 'NONE', *, *, #86, .F. ) ;
#2685 = AXIS2_PLACEMENT_3D ( 'NONE', #1135, #1748, #2187 ) ;
#2686 = ORIENTED_EDGE ( 'NONE', *, *, #160, .F. ) ;
#2687 = ORIENTED_EDGE ( 'NONE', *, *, #2630, .F. ) ;
#2688 = CARTESIAN_POINT ( 'NONE',  ( 75.05301041898317749, -2.444142737283854228, 29.10329722412142672 ) ) ;
#2689 = CARTESIAN_POINT ( 'NONE',  ( 82.09931327104916932, -2.444142737283763633, 9.556211055990244674 ) ) ;
#2690 = EDGE_LOOP ( 'NONE', ( #2699, #2531, #1534, #1780, #1415, #1472 ) ) ;
#2691 = CARTESIAN_POINT ( 'NONE',  ( 7.660903963327279520, -8.444142737283996780, -12.19999175107623834 ) ) ;
#2692 = CARTESIAN_POINT ( 'NONE',  ( 75.63367324159479210, -2.444142737283852451, 31.94100900612039595 ) ) ;
#2693 = CARTESIAN_POINT ( 'NONE',  ( 7.660903963327279520, -8.444142737283996780, -12.19999175107623834 ) ) ;
#2694 = ADVANCED_FACE ( 'NONE', ( #2370 ), #490, .F. ) ;
#2695 = CARTESIAN_POINT ( 'NONE',  ( 71.11207296753420337, -4.444142737287009481, 3.377950330857036221 ) ) ;
#2696 = PLANE ( 'NONE',  #1229 ) ;
#2697 = COORDINATED_UNIVERSAL_TIME_OFFSET ( 8, 0, .AHEAD. ) ;
#2698 = ORIENTED_EDGE ( 'NONE', *, *, #2085, .T. ) ;
#2699 = ORIENTED_EDGE ( 'NONE', *, *, #2212, .T. ) ;
#2700 = VECTOR ( 'NONE', #575, 1000.000000000000000 ) ;
#2701 = CARTESIAN_POINT ( 'NONE',  ( 75.49726865166408629, -0.4626821771824272678, 7.930625459362723007 ) ) ;
#2702 = CARTESIAN_POINT ( 'NONE',  ( 79.31132489604348734, -2.444142737283767186, 7.775342266506045874 ) ) ;
#2703 = EDGE_CURVE ( 'NONE', #2140, #2164, #1793, .T. ) ;
#2704 = ORIENTED_EDGE ( 'NONE', *, *, #1863, .T. ) ;
#2705 = CARTESIAN_POINT ( 'NONE',  ( -21.73909603667258494, -2.444142737284214384, 21.57616807355580235 ) ) ;
#2706 = CARTESIAN_POINT ( 'NONE',  ( 47.60291579202322509, -2.444142737283914180, 15.30377424956808952 ) ) ;
#2707 = DIRECTION ( 'NONE',  ( -1.000000000000000000, -3.999776700323684111E-15, 0.000000000000000000 ) ) ;
#2708 = VECTOR ( 'NONE', #1438, 1000.000000000000000 ) ;
#2709 = CARTESIAN_POINT ( 'NONE',  ( 66.15984418981946646, -4.444142737280622590, 2.075866439927367413 ) ) ;
#2710 = FACE_OUTER_BOUND ( 'NONE', #2633, .T. ) ;
#2711 = VERTEX_POINT ( 'NONE', #2642 ) ;
#2712 = EDGE_CURVE ( 'NONE', #1184, #1235, #2455, .T. ) ;
#2713 = DIRECTION ( 'NONE',  ( -3.999776700323684900E-15, 1.000000000000000000, 3.000529512353633521E-15 ) ) ;
#2714 = ORIENTED_EDGE ( 'NONE', *, *, #1020, .T. ) ;
#2715 = VECTOR ( 'NONE', #105, 1000.000000000000000 ) ;
#2716 = CARTESIAN_POINT ( 'NONE',  ( 75.55231087779567645, -0.5343813743359993040, 7.629290098233894923 ) ) ;
#2717 = CARTESIAN_POINT ( 'NONE',  ( 80.86698034264377100, -0.4441427372837728482, 11.13223309030025732 ) ) ;
#2718 = VERTEX_POINT ( 'NONE', #1617 ) ;
#2719 = CC_DESIGN_DATE_AND_TIME_ASSIGNMENT ( #2511, #2468, ( #1696 ) ) ;
#2720 = LINE ( 'NONE', #1660, #2506 ) ;
#2721 = CARTESIAN_POINT ( 'NONE',  ( 49.23807308679268147, -2.444142737283890643, 10.08188499415359374 ) ) ;
#2722 = CARTESIAN_POINT ( 'NONE',  ( 7.660903963327257316, -2.444142737284178857, 48.88600488326424909 ) ) ;
#2723 = CARTESIAN_POINT ( 'NONE',  ( 60.18968868292513008, -2.444142737274239696, 3.043026270623498952 ) ) ;
#2724 = FACE_OUTER_BOUND ( 'NONE', #693, .T. ) ;
#2725 = SHAPE_DEFINITION_REPRESENTATION ( #84, #17 ) ;
#2726 = ORIENTED_EDGE ( 'NONE', *, *, #600, .T. ) ;
#2727 = CARTESIAN_POINT ( 'NONE',  ( 77.69343714367842324, -2.444142737283772959, 6.943800403386480191 ) ) ;
#2728 = VERTEX_POINT ( 'NONE', #1779 ) ;
#2729 = ADVANCED_FACE ( 'NONE', ( #139 ), #324, .F. ) ;
#2730 = MANIFOLD_SOLID_BREP ( '圆角30', #141 ) ;
#2731 = CARTESIAN_POINT ( 'NONE',  ( 75.52932294983109784, -0.7949443075878548370, 7.058458763907367484 ) ) ;
#2732 = CARTESIAN_POINT ( 'NONE',  ( 83.90216285386497930, -0.4441427372837777332, 17.04651547137983059 ) ) ;
#2733 = ORIENTED_EDGE ( 'NONE', *, *, #1519, .F. ) ;
#2734 = DIRECTION ( 'NONE',  ( -3.949593628340041499E-15, 1.000000000000000000, 3.085110336692359562E-15 ) ) ;
#2735 = VECTOR ( 'NONE', #165, 1000.000000000000000 ) ;
#2736 = CARTESIAN_POINT ( 'NONE',  ( 75.71819442204242989, -2.444142737283770739, 4.271717660585933274 ) ) ;
#2737 = PLANE ( 'NONE',  #2327 ) ;
#2738 = CARTESIAN_POINT ( 'NONE',  ( 73.13703720640307893, -4.444142737280603050, 4.636965703040455189 ) ) ;
#2739 = CARTESIAN_POINT ( 'NONE',  ( 1.560903963327234800, 2.555857262715731881, 70.65788139765295739 ) ) ;
ENDSEC;
END-ISO-10303-21;
