ISO-10303-21;
HEADER;
FILE_DESCRIPTION (( 'STEP AP203' ),
    '1' );
FILE_NAME ('夹爪指尖2.STEP',
    '2026-03-12T07:58:26',
    ( '' ),
    ( '' ),
    'SwSTEP 2.0',
    'SolidWorks 2021',
    '' );
FILE_SCHEMA (( 'CONFIG_CONTROL_DESIGN' ));
ENDSEC;

DATA;
#1 = CARTESIAN_POINT ( 'NONE',  ( 36.33774740401995018, -12.69525698930491053, 0.3039389293616345245 ) ) ;
#2 = CARTESIAN_POINT ( 'NONE',  ( 46.09176574809261240, -22.05794902364996091, 4.972321994332778772 ) ) ;
#3 = CARTESIAN_POINT ( 'NONE',  ( 41.93445205284800892, -14.53080358726168697, 0.03783125792450678371 ) ) ;
#4 = FACE_OUTER_BOUND ( 'NONE', #1244, .T. ) ;
#5 = VECTOR ( 'NONE', #133, 1000.000000000000000 ) ;
#6 = B_SPLINE_CURVE_WITH_KNOTS ( 'NONE', 3,
 ( #3668, #937, #2155, #632, #2538, #722, #3756, #1026 ),
 .UNSPECIFIED., .F., .F.,
 ( 4, 2, 2, 4 ),
 ( 0.000000000000000000, 0.001574404547328022699, 0.003148809094656045398, 0.006297618189312077785 ),
 .UNSPECIFIED. ) ;
#7 = CARTESIAN_POINT ( 'NONE',  ( 34.95158982299744821, -12.78805489219554836, 0.6410045417693777114 ) ) ;
#8 = CARTESIAN_POINT ( 'NONE',  ( 51.06558379760610222, -3.817991211377265603, 1.184718964083085302 ) ) ;
#9 = CIRCLE ( 'NONE', #2813, 0.5000000000000004441 ) ;
#10 = DIRECTION ( 'NONE',  ( 1.000000000000000000, 0.000000000000000000, 0.000000000000000000 ) ) ;
#11 = CARTESIAN_POINT ( 'NONE',  ( -11.94254082540289730, -1.172910326318754803, 5.000000000000000000 ) ) ;
#12 = CARTESIAN_POINT ( 'NONE',  ( 39.56150205263610786, -12.52772215098199915, 4.962826419315522486 ) ) ;
#13 = CARTESIAN_POINT ( 'NONE',  ( 42.58818576280948065, -18.25594821076403207, 0.8706229831840360811 ) ) ;
#14 = CARTESIAN_POINT ( 'NONE',  ( -10.68082785797387224, 5.469910078632857164, 5.000000000000000000 ) ) ;
#15 = AXIS2_PLACEMENT_3D ( 'NONE', #2663, #2977, #846 ) ;
#16 = CARTESIAN_POINT ( 'NONE',  ( 51.85357696472554778, 0.1009211480893534990, 5.000000000003539391 ) ) ;
#17 = ORIENTED_EDGE ( 'NONE', *, *, #1091, .F. ) ;
#18 = AXIS2_PLACEMENT_3D ( 'NONE', #307, #288, #1846 ) ;
#19 = VERTEX_POINT ( 'NONE', #14 ) ;
#20 = ORIENTED_EDGE ( 'NONE', *, *, #2521, .T. ) ;
#22 = CARTESIAN_POINT ( 'NONE',  ( 85.25732916973441888, -0.8112955463077794471, -4.336808689942017736E-16 ) ) ;
#21 = APPROVAL_DATE_TIME ( #3385, #1090 ) ;
#23 = CARTESIAN_POINT ( 'NONE',  ( 77.57245272531130809, -9.757595425460108274, 0.000000000000000000 ) ) ;
#24 = CARTESIAN_POINT ( 'NONE',  ( 63.33664722191974050, -28.14964006674889418, 4.706468096086132924 ) ) ;
#25 = CARTESIAN_POINT ( 'NONE',  ( 51.85509701165679530, -26.72473698540774478, 5.629331224195186500 ) ) ;
#26 = DIRECTION ( 'NONE',  ( -1.000000000000000000, 0.000000000000000000, 0.000000000000000000 ) ) ;
#27 = DIRECTION ( 'NONE',  ( -0.000000000000000000, 0.000000000000000000, 1.000000000000000000 ) ) ;
#28 = CARTESIAN_POINT ( 'NONE',  ( 53.28713038469677343, -1.803476942720979803, 1.089746747972986318 ) ) ;
#29 = CARTESIAN_POINT ( 'NONE',  ( 1.650000000000000133, 2.020667218593133001E-16, 10.00000000000000000 ) ) ;
#30 = LINE ( 'NONE', #2457, #2750 ) ;
#31 = CARTESIAN_POINT ( 'NONE',  ( 0.5386289757454962857, 11.98790552292131650, 0.000000000000000000 ) ) ;
#32 = FACE_OUTER_BOUND ( 'NONE', #1679, .T. ) ;
#33 = ORIENTED_EDGE ( 'NONE', *, *, #1303, .F. ) ;
#34 = EDGE_CURVE ( 'NONE', #2272, #2654, #1269, .T. ) ;
#35 = DIRECTION ( 'NONE',  ( 0.000000000000000000, -0.000000000000000000, -1.000000000000000000 ) ) ;
#36 = VERTEX_POINT ( 'NONE', #3697 ) ;
#37 = ORIENTED_EDGE ( 'NONE', *, *, #274, .F. ) ;
#38 = EDGE_LOOP ( 'NONE', ( #1229, #2998, #454, #1905 ) ) ;
#39 = CARTESIAN_POINT ( 'NONE',  ( 42.48835064663644800, -17.80295610127907224, 0.5269500417080590360 ) ) ;
#40 = CARTESIAN_POINT ( 'NONE',  ( 54.34607738334786831, -27.86728618531989810, 5.497385162509431211 ) ) ;
#41 = DIRECTION ( 'NONE',  ( -0.000000000000000000, -0.000000000000000000, -1.000000000000000000 ) ) ;
#42 = DIRECTION ( 'NONE',  ( 0.9594929736144972576, 0.2817325568414301151, 0.000000000000000000 ) ) ;
#43 = CARTESIAN_POINT ( 'NONE',  ( 36.74413636835470953, -12.67058417612002152, 0.2482986326897551610 ) ) ;
#44 = CARTESIAN_POINT ( 'NONE',  ( 60.26153970198711107, 0.3348557204648049401, -4.336808689942016750E-16 ) ) ;
#45 = FACE_OUTER_BOUND ( 'NONE', #848, .T. ) ;
#46 = CARTESIAN_POINT ( 'NONE',  ( 0.000000000000000000, 0.000000000000000000, 5.000000000000000000 ) ) ;
#47 = CARTESIAN_POINT ( 'NONE',  ( 64.52641474608971350, -27.56888324005534230, 5.751949679999668774 ) ) ;
#48 = CARTESIAN_POINT ( 'NONE',  ( 42.51938602992290583, -17.94551192280210472, 0.6008544762313685617 ) ) ;
#49 = DIRECTION ( 'NONE',  ( 0.000000000000000000, 0.000000000000000000, 1.000000000000000000 ) ) ;
#50 = CARTESIAN_POINT ( 'NONE',  ( 59.57245272531130809, -9.757595425460108274, 4.000000000000003553 ) ) ;
#51 = ORIENTED_EDGE ( 'NONE', *, *, #390, .F. ) ;
#52 = CYLINDRICAL_SURFACE ( 'NONE', #1476, 9.750000000000000000 ) ;
#53 = VECTOR ( 'NONE', #3224, 1000.000000000000000 ) ;
#54 = CIRCLE ( 'NONE', #123, 3.762221576582363891 ) ;
#55 = ORIENTED_EDGE ( 'NONE', *, *, #3887, .F. ) ;
#56 = ADVANCED_FACE ( 'NONE', ( #1899 ), #71, .T. ) ;
#57 = ORIENTED_EDGE ( 'NONE', *, *, #2625, .F. ) ;
#58 = CIRCLE ( 'NONE', #3822, 9.750000000000000000 ) ;
#59 = CYLINDRICAL_SURFACE ( 'NONE', #1335, 3.762221576582363003 ) ;
#60 = EDGE_CURVE ( 'NONE', #1881, #373, #625, .T. ) ;
#61 = CARTESIAN_POINT ( 'NONE',  ( 58.14413996240158866, -23.71671473371294425, 2.013030214988504429 ) ) ;
#62 = CARTESIAN_POINT ( 'NONE',  ( 77.18245130550658928, -2.624016379460800241, 56.16535285861884574 ) ) ;
#63 = CARTESIAN_POINT ( 'NONE',  ( 69.49117018727632455, -25.11264340834234687, 4.974901318095835023 ) ) ;
#64 = AXIS2_PLACEMENT_3D ( 'NONE', #1990, #730, #3764 ) ;
#65 = DIRECTION ( 'NONE',  ( -1.858261615565591829E-18, 0.9401155992315028964, 0.3408557760719219121 ) ) ;
#66 = CARTESIAN_POINT ( 'NONE',  ( 0.8707270931025623550, -9.716803087397138938, 4.518066313059092565 ) ) ;
#67 = CARTESIAN_POINT ( 'NONE',  ( -7.515045518445488959, 6.211810593996919039, 5.000000000000000000 ) ) ;
#68 = DIRECTION ( 'NONE',  ( -1.000000000000000000, 0.000000000000000000, 0.000000000000000000 ) ) ;
#69 = FACE_OUTER_BOUND ( 'NONE', #3613, .T. ) ;
#70 = CARTESIAN_POINT ( 'NONE',  ( 42.12347310712730319, -15.88310990074288220, 0.1299195156380783811 ) ) ;
#71 = CYLINDRICAL_SURFACE ( 'NONE', #3299, 3.762221576582363891 ) ;
#72 = AXIS2_PLACEMENT_3D ( 'NONE', #2378, #3282, #552 ) ;
#73 = CARTESIAN_POINT ( 'NONE',  ( 60.48065508479210450, 2.823790128362731355, 5.000000000000000000 ) ) ;
#74 = ORIENTED_EDGE ( 'NONE', *, *, #3149, .F. ) ;
#75 = CARTESIAN_POINT ( 'NONE',  ( 2.528598933626912793, 9.416405228794097582, 1.000000000000000888 ) ) ;
#76 = AXIS2_PLACEMENT_3D ( 'NONE', #3327, #2361, #2139 ) ;
#77 = VERTEX_POINT ( 'NONE', #3056 ) ;
#78 = CIRCLE ( 'NONE', #1541, 3.762221576582363891 ) ;
#79 = ORIENTED_EDGE ( 'NONE', *, *, #1958, .T. ) ;
#80 = CARTESIAN_POINT ( 'NONE',  ( 42.46031190061484040, -17.67204705421825395, 0.4758152800318011244 ) ) ;
#81 = EDGE_CURVE ( 'NONE', #2786, #2257, #2794, .T. ) ;
#82 = ORIENTED_EDGE ( 'NONE', *, *, #139, .T. ) ;
#83 = CARTESIAN_POINT ( 'NONE',  ( 69.50428462632926596, -25.10213170860690468, 4.975370178884145567 ) ) ;
#84 = APPLICATION_PROTOCOL_DEFINITION ( 'international standard', 'config_control_design', 1994, #1373 ) ;
#85 = CARTESIAN_POINT ( 'NONE',  ( 0.6555888821085128493, 10.31580787075611561, 5.000000000000000000 ) ) ;
#86 = CARTESIAN_POINT ( 'NONE',  ( 58.79258051626931803, -16.35107027125136980, 13.85966689482475900 ) ) ;
#87 = EDGE_CURVE ( 'NONE', #2534, #2708, #1383, .T. ) ;
#88 = CARTESIAN_POINT ( 'NONE',  ( 58.14413996240158866, -23.71671473371294425, 2.013030214988503985 ) ) ;
#89 = DIRECTION ( 'NONE',  ( 1.000000000000000000, 0.000000000000000000, 0.000000000000000000 ) ) ;
#90 = DIRECTION ( 'NONE',  ( 0.000000000000000000, -0.000000000000000000, -1.000000000000000000 ) ) ;
#91 = DIRECTION ( 'NONE',  ( -0.000000000000000000, -0.000000000000000000, -1.000000000000000000 ) ) ;
#92 = CARTESIAN_POINT ( 'NONE',  ( 0.000000000000000000, 0.000000000000000000, 0.000000000000000000 ) ) ;
#93 = CYLINDRICAL_SURFACE ( 'NONE', #958, 9.750000000000000000 ) ;
#94 = CARTESIAN_POINT ( 'NONE',  ( 0.000000000000000000, 0.000000000000000000, 5.000000000000000000 ) ) ;
#95 = EDGE_LOOP ( 'NONE', ( #3150, #3422, #3812, #751 ) ) ;
#96 = FACE_OUTER_BOUND ( 'NONE', #780, .T. ) ;
#97 = ORIENTED_EDGE ( 'NONE', *, *, #3415, .T. ) ;
#98 = DIRECTION ( 'NONE',  ( 0.8412535328311805394, 0.5406408174555985546, 0.000000000000000000 ) ) ;
#99 = VERTEX_POINT ( 'NONE', #2482 ) ;
#100 = CARTESIAN_POINT ( 'NONE',  ( 42.32139865991686634, -16.99008154867519238, 0.2898762037733604302 ) ) ;
#101 = EDGE_CURVE ( 'NONE', #3519, #1136, #2184, .T. ) ;
#102 = ORIENTED_EDGE ( 'NONE', *, *, #2643, .F. ) ;
#103 = EDGE_LOOP ( 'NONE', ( #2033, #1827, #2276, #774 ) ) ;
#104 = CARTESIAN_POINT ( 'NONE',  ( 52.40751498168332745, -26.84232351778543801, 5.115197264029732516 ) ) ;
#105 = CARTESIAN_POINT ( 'NONE',  ( 3.535331853275972325, 9.713244437154374467, 5.000000000000000000 ) ) ;
#106 = FACE_OUTER_BOUND ( 'NONE', #1571, .T. ) ;
#107 = CARTESIAN_POINT ( 'NONE',  ( 0.3696534743701769266, -9.744426011128846099, 4.360497152886993355 ) ) ;
#108 = DIRECTION ( 'NONE',  ( -0.000000000000000000, 0.000000000000000000, 1.000000000000000000 ) ) ;
#109 = ADVANCED_FACE ( 'NONE', ( #2700 ), #2619, .F. ) ;
#110 = CARTESIAN_POINT ( 'NONE',  ( 1.650000000000000133, 2.020667218593133001E-16, 4.000000000000000000 ) ) ;
#111 = DIRECTION ( 'NONE',  ( -0.000000000000000000, 0.000000000000000000, 1.000000000000000000 ) ) ;
#112 = EDGE_LOOP ( 'NONE', ( #3187, #3489, #3335, #1037 ) ) ;
#113 = CARTESIAN_POINT ( 'NONE',  ( -3.826502395702260806, -9.602268910230696619, 0.000000000000000000 ) ) ;
#114 = EDGE_CURVE ( 'NONE', #3833, #3520, #823, .T. ) ;
#115 = DIRECTION ( 'NONE',  ( -0.000000000000000000, 0.000000000000000000, 1.000000000000000000 ) ) ;
#116 = AXIS2_PLACEMENT_3D ( 'NONE', #1393, #2936, #2603 ) ;
#117 = ORIENTED_EDGE ( 'NONE', *, *, #3886, .T. ) ;
#118 = DIRECTION ( 'NONE',  ( -0.000000000000000000, -0.000000000000000000, -1.000000000000000000 ) ) ;
#119 = ORIENTED_EDGE ( 'NONE', *, *, #3718, .F. ) ;
#120 = CARTESIAN_POINT ( 'NONE',  ( 50.13142867355622201, -26.26296438156968094, 4.018939469876733561 ) ) ;
#121 = ORIENTED_EDGE ( 'NONE', *, *, #1062, .T. ) ;
#122 = VERTEX_POINT ( 'NONE', #3529 ) ;
#123 = AXIS2_PLACEMENT_3D ( 'NONE', #2192, #3085, #2858 ) ;
#124 = CARTESIAN_POINT ( 'NONE',  ( 40.11401852890928410, -13.33191606949170271, 0.9669133164250215406 ) ) ;
#125 = AXIS2_PLACEMENT_3D ( 'NONE', #1030, #3156, #3785 ) ;
#126 = ORIENTED_EDGE ( 'NONE', *, *, #1320, .F. ) ;
#127 = EDGE_LOOP ( 'NONE', ( #1878, #167, #807, #3722 ) ) ;
#128 = CARTESIAN_POINT ( 'NONE',  ( 57.87645275810601220, -28.59882173828512819, 5.447202760930785814 ) ) ;
#129 = APPROVAL_ROLE ( '' ) ;
#130 = DIRECTION ( 'NONE',  ( 0.5634258807581746797, 0.8261666156967825136, 0.000000000000000000 ) ) ;
#131 = CYLINDRICAL_SURFACE ( 'NONE', #439, 3.762221576582363003 ) ;
#132 = DIRECTION ( 'NONE',  ( 0.02999401688879442182, 0.3407024176482847388, -0.9396926207859082059 ) ) ;
#133 = DIRECTION ( 'NONE',  ( -0.000000000000000000, -0.000000000000000000, -1.000000000000000000 ) ) ;
#134 = ORIENTED_EDGE ( 'NONE', *, *, #982, .T. ) ;
#135 = DIRECTION ( 'NONE',  ( -1.000000000000000000, 0.000000000000000000, 0.000000000000000000 ) ) ;
#136 = CARTESIAN_POINT ( 'NONE',  ( 44.81887061810250117, -10.70695608382002462, 4.999999999995154099 ) ) ;
#137 = ORIENTED_EDGE ( 'NONE', *, *, #2372, .F. ) ;
#138 = AXIS2_PLACEMENT_3D ( 'NONE', #409, #174, #1635 ) ;
#139 = EDGE_CURVE ( 'NONE', #385, #3867, #1341, .T. ) ;
#140 = DIRECTION ( 'NONE',  ( 0.000000000000000000, 0.000000000000000000, 1.000000000000000000 ) ) ;
#141 = EDGE_LOOP ( 'NONE', ( #2407, #2781, #3454, #2876 ) ) ;
#142 = ORIENTED_EDGE ( 'NONE', *, *, #2011, .F. ) ;
#143 = DIRECTION ( 'NONE',  ( 0.000000000000000000, 0.000000000000000000, 1.000000000000000000 ) ) ;
#144 = EDGE_CURVE ( 'NONE', #1107, #1293, #3270, .T. ) ;
#145 = CYLINDRICAL_SURFACE ( 'NONE', #2469, 10.99999999999998757 ) ;
#146 = VECTOR ( 'NONE', #2719, 1000.000000000000000 ) ;
#147 = VERTEX_POINT ( 'NONE', #224 ) ;
#148 = ORIENTED_EDGE ( 'NONE', *, *, #2094, .F. ) ;
#149 = FACE_OUTER_BOUND ( 'NONE', #1552, .T. ) ;
#150 = FACE_OUTER_BOUND ( 'NONE', #411, .T. ) ;
#151 = VECTOR ( 'NONE', #1551, 1000.000000000000000 ) ;
#152 = CARTESIAN_POINT ( 'NONE',  ( 50.14531417981999795, -18.20906418181893827, 6.505213034913026604E-15 ) ) ;
#153 = CARTESIAN_POINT ( 'NONE',  ( 41.98950682836791515, -14.98027497493279903, 4.940854826680524781 ) ) ;
#154 = CARTESIAN_POINT ( 'NONE',  ( 0.6555888821085128493, 10.31580787075611561, 0.000000000000000000 ) ) ;
#155 = DIRECTION ( 'NONE',  ( -0.000000000000000000, -0.000000000000000000, -1.000000000000000000 ) ) ;
#156 = VERTEX_POINT ( 'NONE', #241 ) ;
#157 = DIRECTION ( 'NONE',  ( -0.000000000000000000, 0.000000000000000000, 1.000000000000000000 ) ) ;
#158 = CARTESIAN_POINT ( 'NONE',  ( 45.11203638084686673, -17.32633157383930111, 4.999999999995644373 ) ) ;
#159 = ORIENTED_EDGE ( 'NONE', *, *, #3886, .F. ) ;
#160 = DIRECTION ( 'NONE',  ( -0.000000000000000000, -0.000000000000000000, -1.000000000000000000 ) ) ;
#161 = ORIENTED_EDGE ( 'NONE', *, *, #1067, .T. ) ;
#162 = EDGE_LOOP ( 'NONE', ( #1290, #3382, #3839, #1023 ) ) ;
#163 = LINE ( 'NONE', #3745, #3038 ) ;
#164 = DIRECTION ( 'NONE',  ( -1.000000000000000000, 0.000000000000000000, 0.000000000000000000 ) ) ;
#165 = EDGE_CURVE ( 'NONE', #2064, #2370, #1776, .T. ) ;
#166 = VERTEX_POINT ( 'NONE', #1763 ) ;
#167 = ORIENTED_EDGE ( 'NONE', *, *, #2630, .T. ) ;
#168 = LINE ( 'NONE', #2320, #3358 ) ;
#169 = CYLINDRICAL_SURFACE ( 'NONE', #116, 3.762221576582363891 ) ;
#170 = CARTESIAN_POINT ( 'NONE',  ( 3.538487972271890492, -9.085240936270604806, 5.000000000000000000 ) ) ;
#171 = CARTESIAN_POINT ( 'NONE',  ( 42.34266259080793304, -17.09717609059870469, 4.685663903455375312 ) ) ;
#172 = CARTESIAN_POINT ( 'NONE',  ( 0.000000000000000000, 0.000000000000000000, 5.000000000000000000 ) ) ;
#173 = LINE ( 'NONE', #450, #2106 ) ;
#174 = DIRECTION ( 'NONE',  ( 0.9995500782606516754, -0.01022363390414424145, 0.02819784316076882902 ) ) ;
#175 = CARTESIAN_POINT ( 'NONE',  ( 45.08549690120386089, -9.381764767607089439, 5.000000000000000000 ) ) ;
#176 = CARTESIAN_POINT ( 'NONE',  ( 69.49833593279180377, -6.691675163945628668, -2.168404344971009115E-16 ) ) ;
#177 = ORIENTED_EDGE ( 'NONE', *, *, #317, .F. ) ;
#178 = ORIENTED_EDGE ( 'NONE', *, *, #1110, .T. ) ;
#179 = CARTESIAN_POINT ( 'NONE',  ( 58.62684321142285881, -28.74840254622759517, 4.308667760246374101 ) ) ;
#180 = CARTESIAN_POINT ( 'NONE',  ( -8.772324397136546992, -4.255446471453136148, 5.000000000000000000 ) ) ;
#181 = EDGE_CURVE ( 'NONE', #166, #948, #2975, .T. ) ;
#182 = AXIS2_PLACEMENT_3D ( 'NONE', #1529, #1186, #2744 ) ;
#183 = ORIENTED_EDGE ( 'NONE', *, *, #3603, .T. ) ;
#184 = VECTOR ( 'NONE', #3189, 1000.000000000000000 ) ;
#185 = VERTEX_POINT ( 'NONE', #1164 ) ;
#186 = CARTESIAN_POINT ( 'NONE',  ( -8.959963588456274053, 5.154099465690963555, 0.000000000000000000 ) ) ;
#187 = DIRECTION ( 'NONE',  ( -0.02819931693351376834, 0.000000000000000000, 0.9996023201876250708 ) ) ;
#188 = VECTOR ( 'NONE', #3029, 1000.000000000000000 ) ;
#189 = EDGE_CURVE ( 'NONE', #793, #602, #2162, .T. ) ;
#190 = EDGE_CURVE ( 'NONE', #2563, #2582, #3899, .T. ) ;
#191 = DIRECTION ( 'NONE',  ( 0.4154150130018840481, 0.9096319953545194403, 0.000000000000000000 ) ) ;
#192 = DIRECTION ( 'NONE',  ( -0.000000000000000000, 0.000000000000000000, 1.000000000000000000 ) ) ;
#193 = CARTESIAN_POINT ( 'NONE',  ( -5.316835701505224776, 10.75784635153335245, 0.000000000000000000 ) ) ;
#194 = AXIS2_PLACEMENT_3D ( 'NONE', #1450, #2661, #3880 ) ;
#195 = CARTESIAN_POINT ( 'NONE',  ( 41.77517180864411017, -12.45143877154274925, 5.000000000000000000 ) ) ;
#196 = CARTESIAN_POINT ( 'NONE',  ( 59.54062651765336511, -23.10413871565777910, 7.089372863828301359E-13 ) ) ;
#197 = ORIENTED_EDGE ( 'NONE', *, *, #2173, .F. ) ;
#198 = CIRCLE ( 'NONE', #2235, 12.00000000000000178 ) ;
#199 = CARTESIAN_POINT ( 'NONE',  ( 53.52468887524261731, -27.78468312765427939, 4.199780321571766173 ) ) ;
#200 = DIRECTION ( 'NONE',  ( -0.000000000000000000, -0.000000000000000000, -1.000000000000000000 ) ) ;
#201 = CIRCLE ( 'NONE', #2748, 12.00000000000000178 ) ;
#202 = EDGE_LOOP ( 'NONE', ( #2318, #395, #3598, #1292, #3475, #3762, #159, #781, #2128, #399, #1844, #310, #2579, #3891, #1053, #646, #626, #1867, #1154, #734, #82, #142, #1947, #2001, #2691, #3118, #1617, #1654, #2369, #3943, #952, #2784, #3169, #126, #2422, #998, #1337, #1737, #2426, #1409, #2915, #2528, #3683, #3549, #2595, #2333, #1020, #2933, #2764, #1339, #3816, #2952, #3418 ) ) ;
#203 = VERTEX_POINT ( 'NONE', #3592 ) ;
#204 = CARTESIAN_POINT ( 'NONE',  ( 40.77469650010964131, -13.48695148415816902, 0.2776189383236707942 ) ) ;
#205 = EDGE_CURVE ( 'NONE', #972, #2034, #554, .T. ) ;
#206 = CIRCLE ( 'NONE', #644, 9.999999999999994671 ) ;
#207 = CIRCLE ( 'NONE', #715, 9.750000000000000000 ) ;
#208 = CARTESIAN_POINT ( 'NONE',  ( 42.09869345134233498, -15.72813746123462231, 4.885016139740556262 ) ) ;
#209 = DIRECTION ( 'NONE',  ( -1.000000000000000000, 0.000000000000000000, 0.000000000000000000 ) ) ;
#210 = CARTESIAN_POINT ( 'NONE',  ( 45.46722957810029442, -21.15014778285794605, 4.994097580084371657 ) ) ;
#211 = DIRECTION ( 'NONE',  ( 1.000000000000000000, 0.000000000000000000, 0.000000000000000000 ) ) ;
#212 = CARTESIAN_POINT ( 'NONE',  ( -9.655930361154716479, -3.688996837790550209, 5.000000000000000000 ) ) ;
#213 = CARTESIAN_POINT ( 'NONE',  ( 71.79163102180288547, -11.23151114838838360, -4.336808689942017736E-16 ) ) ;
#214 = EDGE_LOOP ( 'NONE', ( #3799, #1307, #1001, #1210 ) ) ;
#215 = CARTESIAN_POINT ( 'NONE',  ( 57.90400695685519139, -28.69897463632413093, 4.548555957658847682 ) ) ;
#216 = VERTEX_POINT ( 'NONE', #1436 ) ;
#217 = VERTEX_POINT ( 'NONE', #2992 ) ;
#218 = CARTESIAN_POINT ( 'NONE',  ( 42.55840605513955666, -18.12290654055200534, 4.291797154983211904 ) ) ;
#219 = CARTESIAN_POINT ( 'NONE',  ( 41.86334710220695143, -13.91909217068396387, 0.01201839548720542994 ) ) ;
#220 = CARTESIAN_POINT ( 'NONE',  ( 42.48414008056268898, -17.78270609518593659, 4.477239175568159091 ) ) ;
#221 = CARTESIAN_POINT ( 'NONE',  ( 34.78894582564188909, -12.79974319275132899, 4.281279131492995660 ) ) ;
#222 = DIRECTION ( 'NONE',  ( 1.000000000000000000, 0.000000000000000000, 0.000000000000000000 ) ) ;
#223 = EDGE_CURVE ( 'NONE', #2724, #2856, #3363, .T. ) ;
#224 = CARTESIAN_POINT ( 'NONE',  ( 68.70330074716285651, 2.586793383967437077, 5.000000000000000000 ) ) ;
#225 = CARTESIAN_POINT ( 'NONE',  ( 3.209704120011553474, -9.213294525037396099, 5.412540532954977194E-16 ) ) ;
#226 = EDGE_CURVE ( 'NONE', #3552, #217, #2411, .T. ) ;
#227 = DIRECTION ( 'NONE',  ( 0.02819931693351373711, 0.000000000000000000, -0.9996023201876250708 ) ) ;
#228 = ORIENTED_EDGE ( 'NONE', *, *, #3607, .F. ) ;
#229 = EDGE_CURVE ( 'NONE', #147, #270, #1143, .T. ) ;
#230 = CARTESIAN_POINT ( 'NONE',  ( 53.50080194446179860, -27.77635354287625447, 4.479323619784388200 ) ) ;
#231 = VERTEX_POINT ( 'NONE', #2632 ) ;
#232 = ORIENTED_EDGE ( 'NONE', *, *, #3294, .F. ) ;
#233 = CARTESIAN_POINT ( 'NONE',  ( 34.56254072468261995, -12.81627621151164043, 4.102825387244996236 ) ) ;
#234 = CARTESIAN_POINT ( 'NONE',  ( 41.77517180864411017, -12.45143877154274925, 5.000000000000000888 ) ) ;
#235 =( BOUNDED_SURFACE ( )  B_SPLINE_SURFACE ( 3, 2, ( 
 ( #3912, #3301, #1194 ),
 ( #316, #2676, #2412 ),
 ( #3604, #1176, #2390 ),
 ( #24, #3646, #591 ),
 ( #573, #1777, #3623 ),
 ( #278, #3023, #3364 ),
 ( #1759, #1519, #2434 ),
 ( #2971, #236, #3430 ),
 ( #2238, #1646, #2494 ),
 ( #3455, #720, #2212 ),
 ( #2536, #2839, #128 ),
 ( #1002, #699, #1915 ),
 ( #1048, #2515, #2172 ),
 ( #1253, #3754, #40 ),
 ( #3707, #2472, #1870 ),
 ( #629, #3688, #1937 ),
 ( #674, #104, #2773 ),
 ( #1024, #420, #3728 ),
 ( #960, #3388, #983 ),
 ( #1852, #3406, #1887 ),
 ( #3065, #3128, #653 ),
 ( #400, #335, #3152 ) ),
 .UNSPECIFIED., .F., .F., .F. ) 
 B_SPLINE_SURFACE_WITH_KNOTS ( ( 4, 2, 2, 2, 2, 2, 2, 2, 2, 2, 4 ),
 ( 3, 3 ),
 ( -1.561251128379126385E-17, 0.002316998242601297792, 0.003475497363901954712, 0.004633996485202611197, 0.006950994727803925036, 0.009267992970405238007, 0.01158499121300655271, 0.01390198945560786568, 0.01506048857690852130, 0.01621898769820917866, 0.01853598594081049336 ),
 ( 0.000000000000000000, 1.000000000000000000 ),
 .UNSPECIFIED. ) 
 GEOMETRIC_REPRESENTATION_ITEM ( )  RATIONAL_B_SPLINE_SURFACE ( (
 ( 1.000000000000000000, 0.8231987702095400206, 1.000000000000000000),
 ( 1.000000000000000000, 0.8394024345926982544, 1.000000000000000000),
 ( 1.000000000000000000, 0.8539861551272265316, 1.000000000000000000),
 ( 1.000000000000000000, 0.8734766376157483414, 1.000000000000000000),
 ( 1.000000000000000000, 0.8795739095406289731, 1.000000000000000000),
 ( 1.000000000000000000, 0.8909272928633382715, 1.000000000000000000),
 ( 1.000000000000000000, 0.8961937535152366685, 1.000000000000000000),
 ( 1.000000000000000000, 0.9104038332293289404, 1.000000000000000000),
 ( 1.000000000000000000, 0.9178578587739634198, 1.000000000000000000),
 ( 1.000000000000000000, 0.9280688706766249130, 1.000000000000000000),
 ( 1.000000000000000000, 0.9307883709000761563, 1.000000000000000000),
 ( 1.000000000000000000, 0.9307254220188050375, 1.000000000000000000),
 ( 1.000000000000000000, 0.9279489401268132820, 1.000000000000000000),
 ( 1.000000000000000000, 0.9177751278930446066, 1.000000000000000000),
 ( 1.000000000000000000, 0.9104129195465779922, 1.000000000000000000),
 ( 1.000000000000000000, 0.8964773044060158069, 1.000000000000000000),
 ( 1.000000000000000000, 0.8913257613242709931, 1.000000000000000000),
 ( 1.000000000000000000, 0.8802444179924696632, 1.000000000000000000),
 ( 1.000000000000000000, 0.8743038240234596303, 1.000000000000000000),
 ( 1.000000000000000000, 0.8553417987653734178, 1.000000000000000000),
 ( 1.000000000000000000, 0.8411888014173799499, 1.000000000000000000),
 ( 1.000000000000000000, 0.8254802894267959656, 1.000000000000000000) ) ) 
 REPRESENTATION_ITEM ( '' )  SURFACE ( )  );
#236 = CARTESIAN_POINT ( 'NONE',  ( 60.75457556735413789, -28.38455537104640669, 5.096035840970965403 ) ) ;
#237 = AXIS2_PLACEMENT_3D ( 'NONE', #2296, #2254, #2617 ) ;
#238 = CARTESIAN_POINT ( 'NONE',  ( 38.16909744817196781, -12.59193168484054937, 4.889888512075324378 ) ) ;
#239 = DIRECTION ( 'NONE',  ( 1.000000000000000000, 0.000000000000000000, 0.000000000000000000 ) ) ;
#240 = CIRCLE ( 'NONE', #1192, 10.99999999999998579 ) ;
#241 = CARTESIAN_POINT ( 'NONE',  ( 59.21100132219056178, 1.939441590524013437, 5.659144223928077366 ) ) ;
#242 = CARTESIAN_POINT ( 'NONE',  ( 2.880072708875144105, -9.321272015283939893, 0.03501339018992359609 ) ) ;
#243 = CIRCLE ( 'NONE', #1084, 12.00000000000000178 ) ;
#244 = ADVANCED_FACE ( 'NONE', ( #2924 ), #3185, .T. ) ;
#245 = DIRECTION ( 'NONE',  ( -0.000000000000000000, -0.000000000000000000, -1.000000000000000000 ) ) ;
#246 = CARTESIAN_POINT ( 'NONE',  ( 61.68558477469488111, 1.774386109513399923, 5.657979856672489483 ) ) ;
#247 = ORIENTED_EDGE ( 'NONE', *, *, #3863, .T. ) ;
#248 = CC_DESIGN_PERSON_AND_ORGANIZATION_ASSIGNMENT ( #3643, #1233, ( #2406 ) ) ;
#249 = EDGE_CURVE ( 'NONE', #3350, #2257, #3687, .T. ) ;
#250 = CARTESIAN_POINT ( 'NONE',  ( 60.88777144062964197, -28.58264589827822277, 4.719832204484959881 ) ) ;
#251 = AXIS2_PLACEMENT_3D ( 'NONE', #2648, #3864, #1127 ) ;
#252 = B_SPLINE_CURVE_WITH_KNOTS ( 'NONE', 3,
 ( #2564, #1316, #83, #3781, #2258, #1294, #798, #741 ),
 .UNSPECIFIED., .F., .F.,
 ( 4, 2, 2, 4 ),
 ( 0.000000000000000000, 0.003217661655312772494, 0.004826492482969155923, 0.006435323310625538917 ),
 .UNSPECIFIED. ) ;
#253 = EDGE_CURVE ( 'NONE', #185, #3350, #1978, .T. ) ;
#254 = ORIENTED_EDGE ( 'NONE', *, *, #809, .F. ) ;
#255 = LINE ( 'NONE', #1758, #3505 ) ;
#256 = CARTESIAN_POINT ( 'NONE',  ( 41.06097455605024038, -13.20495445403196300, 4.895012960003915836 ) ) ;
#257 = CIRCLE ( 'NONE', #1537, 9.750000000000000000 ) ;
#258 = CARTESIAN_POINT ( 'NONE',  ( 47.93591958436532963, -23.46199969471945579, 6.041777134678998351 ) ) ;
#259 = CARTESIAN_POINT ( 'NONE',  ( 53.01940060089354034, -27.32530837891955144, 5.558784592534686375 ) ) ;
#260 = DIRECTION ( 'NONE',  ( -0.000000000000000000, 0.000000000000000000, 1.000000000000000000 ) ) ;
#261 = DIRECTION ( 'NONE',  ( -0.000000000000000000, -0.000000000000000000, -1.000000000000000000 ) ) ;
#262 = AXIS2_PLACEMENT_3D ( 'NONE', #3866, #1129, #3257 ) ;
#263 = AXIS2_PLACEMENT_3D ( 'NONE', #1632, #3136, #3714 ) ;
#264 = DIRECTION ( 'NONE',  ( 0.02999401688879442182, 0.3407024176482847388, -0.9396926207859082059 ) ) ;
#265 = CARTESIAN_POINT ( 'NONE',  ( 48.65411742135287199, -7.819886556500023289, -5.854691731421723155E-15 ) ) ;
#266 = CYLINDRICAL_SURFACE ( 'NONE', #3751, 3.762221576582363003 ) ;
#267 = FACE_OUTER_BOUND ( 'NONE', #945, .T. ) ;
#268 = FACE_OUTER_BOUND ( 'NONE', #2640, .T. ) ;
#269 = DIRECTION ( 'NONE',  ( -0.000000000000000000, 0.000000000000000000, 1.000000000000000000 ) ) ;
#270 = VERTEX_POINT ( 'NONE', #3255 ) ;
#271 = ADVANCED_FACE ( 'NONE', ( #2339 ), #3562, .T. ) ;
#272 = CARTESIAN_POINT ( 'NONE',  ( 62.35072997003882733, -28.35889948813072081, 4.713713931786501554 ) ) ;
#273 = VERTEX_POINT ( 'NONE', #1560 ) ;
#274 = EDGE_CURVE ( 'NONE', #2351, #1850, #2554, .T. ) ;
#275 = DIRECTION ( 'NONE',  ( 0.9961472278662544255, -0.08769663855802295460, 0.000000000000000000 ) ) ;
#276 = CARTESIAN_POINT ( 'NONE',  ( -0.4127191702219250580, -9.741260846858139644, -48.69552528001440805 ) ) ;
#277 = EDGE_CURVE ( 'NONE', #2231, #2188, #314, .T. ) ;
#278 = CARTESIAN_POINT ( 'NONE',  ( 62.25112713250463514, -28.38918999259141174, 4.697897047707850327 ) ) ;
#279 = CARTESIAN_POINT ( 'NONE',  ( -9.451552241617092065, -2.393879743007762961, 0.000000000000000000 ) ) ;
#280 = CARTESIAN_POINT ( 'NONE',  ( -5.460564090080127997, 8.077421607055523367, 5.000000000000000000 ) ) ;
#281 = CARTESIAN_POINT ( 'NONE',  ( 35.44556593082165108, -12.75363079846675340, 0.4832105738395672812 ) ) ;
#282 = CARTESIAN_POINT ( 'NONE',  ( 58.79542899943897538, 0.1033089801398720531, 0.9869697850094741876 ) ) ;
#283 = CARTESIAN_POINT ( 'NONE',  ( 1.748767090068500618, 9.591887909306143101, 5.000000000000000000 ) ) ;
#284 = LINE ( 'NONE', #303, #146 ) ;
#285 = DIRECTION ( 'NONE',  ( 0.000000000000000000, 0.9401155992315028964, 0.3408557760719219121 ) ) ;
#286 = CARTESIAN_POINT ( 'NONE',  ( 33.66053903264642599, -22.77960482431581468, 56.16535285861884574 ) ) ;
#287 = ORIENTED_EDGE ( 'NONE', *, *, #3535, .T. ) ;
#288 = DIRECTION ( 'NONE',  ( 0.000000000000000000, 0.000000000000000000, 1.000000000000000000 ) ) ;
#289 = ORIENTED_EDGE ( 'NONE', *, *, #3081, .T. ) ;
#290 = EDGE_LOOP ( 'NONE', ( #2016, #3164, #950, #2129 ) ) ;
#291 = CARTESIAN_POINT ( 'NONE',  ( 40.59676283958417287, -13.67853968201105808, 4.547866186631475571 ) ) ;
#292 = CARTESIAN_POINT ( 'NONE',  ( 39.54344405593394640, -12.52847478961979100, 0.03783125792452315950 ) ) ;
#293 = CARTESIAN_POINT ( 'NONE',  ( 46.90061862342051313, -21.57185366091616174, 5.202591383998533381 ) ) ;
#294 = CARTESIAN_POINT ( 'NONE',  ( 42.11678187464259793, -15.84167527687599808, 0.1258037749204701516 ) ) ;
#295 = CARTESIAN_POINT ( 'NONE',  ( 36.71998522928085151, -12.67202995754639439, 4.748563320320026371 ) ) ;
#296 = EDGE_CURVE ( 'NONE', #1510, #1619, #3763, .T. ) ;
#297 = DIRECTION ( 'NONE',  ( 0.000000000000000000, 0.9401155992315028964, 0.3408557760719220231 ) ) ;
#298 = EDGE_CURVE ( 'NONE', #433, #2910, #956, .T. ) ;
#299 = CARTESIAN_POINT ( 'NONE',  ( 60.23003664689701964, -0.02298788122059706313, 0.9869697850114953486 ) ) ;
#300 = AXIS2_PLACEMENT_3D ( 'NONE', #2421, #1807, #1824 ) ;
#301 = CARTESIAN_POINT ( 'NONE',  ( 58.79258051626931092, -29.88873490018501400, 8.951343719389084796 ) ) ;
#302 = AXIS2_PLACEMENT_3D ( 'NONE', #435, #3773, #98 ) ;
#303 = CARTESIAN_POINT ( 'NONE',  ( -3.106632694473850265, 10.31580787075611561, 5.000000000000000000 ) ) ;
#304 = CARTESIAN_POINT ( 'NONE',  ( 60.41924923739808406, 2.126280330244078698, 5.000000000000000000 ) ) ;
#305 = VERTEX_POINT ( 'NONE', #2120 ) ;
#306 = AXIS2_PLACEMENT_3D ( 'NONE', #2180, #2198, #2801 ) ;
#307 = CARTESIAN_POINT ( 'NONE',  ( -2.277266001350169322, 10.08264590114086801, 5.000000000000000000 ) ) ;
#308 = ORIENTED_EDGE ( 'NONE', *, *, #2930, .T. ) ;
#309 = AXIS2_PLACEMENT_3D ( 'NONE', #3284, #2060, #538 ) ;
#310 = ORIENTED_EDGE ( 'NONE', *, *, #34, .F. ) ;
#312 = CARTESIAN_POINT ( 'NONE',  ( 38.90890707634686407, -12.55622399714250648, 4.934699024217884755 ) ) ;
#311 = DATE_AND_TIME ( #930, #2085 ) ;
#313 = CARTESIAN_POINT ( 'NONE',  ( 36.90217596798802191, -12.66111089605278295, 0.2276547569995513443 ) ) ;
#314 = CIRCLE ( 'NONE', #827, 12.49999999999998579 ) ;
#315 = CIRCLE ( 'NONE', #64, 9.750000000000000000 ) ;
#316 = CARTESIAN_POINT ( 'NONE',  ( 65.11298501793237392, -27.59994895724132036, 4.747431784969471380 ) ) ;
#317 = EDGE_CURVE ( 'NONE', #1232, #3116, #1713, .T. ) ;
#318 = CARTESIAN_POINT ( 'NONE',  ( 5.326903160779355773, 8.166186546710704874, 5.000000000000000000 ) ) ;
#319 = CARTESIAN_POINT ( 'NONE',  ( 71.05905308046341418, -23.61609506578985318, 5.000000000000003553 ) ) ;
#320 = CARTESIAN_POINT ( 'NONE',  ( 35.30033033960717859, -12.76353323162519615, 0.5209108952426237948 ) ) ;
#321 = CARTESIAN_POINT ( 'NONE',  ( 57.25605924064670660, 0.2678830261312317718, -1.068171644261650610E-12 ) ) ;
#322 = CARTESIAN_POINT ( 'NONE',  ( -6.128663263119058513, -8.323771706143375582, 5.000000000000000000 ) ) ;
#323 = CARTESIAN_POINT ( 'NONE',  ( 0.000000000000000000, 0.000000000000000000, 5.000000000000000000 ) ) ;
#324 = CARTESIAN_POINT ( 'NONE',  ( 58.74758949093612159, -16.86212389772379794, 15.26920582600362053 ) ) ;
#325 = CARTESIAN_POINT ( 'NONE',  ( 58.79258051626931092, -26.69234186279788901, 10.11025335803362246 ) ) ;
#326 = ORIENTED_EDGE ( 'NONE', *, *, #3493, .F. ) ;
#327 = AXIS2_PLACEMENT_3D ( 'NONE', #1093, #2005, #801 ) ;
#328 = DIRECTION ( 'NONE',  ( -0.000000000000000000, -0.000000000000000000, -1.000000000000000000 ) ) ;
#329 = ORIENTED_EDGE ( 'NONE', *, *, #1648, .T. ) ;
#330 = CIRCLE ( 'NONE', #1365, 9.750000000000000000 ) ;
#331 = ORIENTED_EDGE ( 'NONE', *, *, #2821, .F. ) ;
#332 = VERTEX_POINT ( 'NONE', #985 ) ;
#333 = CALENDAR_DATE ( 2026, 12, 3 ) ;
#334 = CARTESIAN_POINT ( 'NONE',  ( 40.43715786592667882, -13.71669162247663643, 0.7116761702193561412 ) ) ;
#335 = CARTESIAN_POINT ( 'NONE',  ( 49.47997423652662974, -24.75518554999351650, 5.203779027629328979 ) ) ;
#336 = DIRECTION ( 'NONE',  ( 0.000000000000000000, 0.000000000000000000, 1.000000000000000000 ) ) ;
#337 = CARTESIAN_POINT ( 'NONE',  ( 70.09043093382254597, -22.89104703929296036, 5.000000000000004441 ) ) ;
#338 = CARTESIAN_POINT ( 'NONE',  ( 0.000000000000000000, 0.000000000000000000, 0.000000000000000000 ) ) ;
#339 = CARTESIAN_POINT ( 'NONE',  ( 53.23317943943325048, -27.51844169394110295, 4.700318058494765694 ) ) ;
#340 = CARTESIAN_POINT ( 'NONE',  ( -8.394264104813469629, -4.959720772245162834, 5.000000000000000000 ) ) ;
#341 = DIRECTION ( 'NONE',  ( 1.000000000000000000, 0.000000000000000000, 0.000000000000000000 ) ) ;
#342 = CARTESIAN_POINT ( 'NONE',  ( 59.47696007171739296, -28.62996015891888391, 5.479512366488487274 ) ) ;
#343 = CARTESIAN_POINT ( 'NONE',  ( 42.58024247841791521, -18.22058219705673210, 0.8158765648516779212 ) ) ;
#344 = DIRECTION ( 'NONE',  ( -0.8412535328311843141, 0.5406408174555928925, 0.000000000000000000 ) ) ;
#345 = ADVANCED_FACE ( 'NONE', ( #2518 ), #2355, .F. ) ;
#346 = LINE ( 'NONE', #2767, #2636 ) ;
#347 = EDGE_LOOP ( 'NONE', ( #2245, #367, #3212, #2104 ) ) ;
#348 = DIRECTION ( 'NONE',  ( 0.000000000000000000, 0.000000000000000000, 1.000000000000000000 ) ) ;
#349 = EDGE_LOOP ( 'NONE', ( #37, #1266, #3291, #2553 ) ) ;
#350 = VERTEX_POINT ( 'NONE', #1892 ) ;
#351 = APPROVAL_ROLE ( '' ) ;
#352 = CARTESIAN_POINT ( 'NONE',  ( 42.14039657451515808, -15.98878541335529668, 0.1401488237804580372 ) ) ;
#353 = CARTESIAN_POINT ( 'NONE',  ( -7.366847990940307511, 7.250878532086780126, 5.000000000000000000 ) ) ;
#354 = CARTESIAN_POINT ( 'NONE',  ( -8.960702652603004026, 3.842955629672763607, 5.000000000000000000 ) ) ;
#355 = CYLINDRICAL_SURFACE ( 'NONE', #3259, 3.762221576582363003 ) ;
#356 = CARTESIAN_POINT ( 'NONE',  ( 35.74793520327442309, -12.73328153514274064, 0.4116801602629973633 ) ) ;
#357 = CARTESIAN_POINT ( 'NONE',  ( -8.132302056181712757, 8.824152269029738704, 5.000000000000000000 ) ) ;
#358 = CYLINDRICAL_SURFACE ( 'NONE', #306, 3.762221576582363891 ) ;
#359 = CARTESIAN_POINT ( 'NONE',  ( 0.000000000000000000, 0.000000000000000000, 5.000000000000000000 ) ) ;
#360 = CARTESIAN_POINT ( 'NONE',  ( -2.528598933626911460, -9.416405228794099358, 5.000000000000000000 ) ) ;
#361 = CARTESIAN_POINT ( 'NONE',  ( 42.31292051071375226, -16.94735788416968347, 0.2801432389095204201 ) ) ;
#362 = ORIENTED_EDGE ( 'NONE', *, *, #87, .T. ) ;
#363 = VECTOR ( 'NONE', #200, 1000.000000000000000 ) ;
#364 = ADVANCED_FACE ( 'NONE', ( #381 ), #403, .T. ) ;
#365 = DIRECTION ( 'NONE',  ( -0.000000000000000000, 0.000000000000000000, 1.000000000000000000 ) ) ;
#366 = CIRCLE ( 'NONE', #3680, 12.00000000000000178 ) ;
#367 = ORIENTED_EDGE ( 'NONE', *, *, #3126, .F. ) ;
#368 = CARTESIAN_POINT ( 'NONE',  ( 41.77517180864411017, -12.45143877154274925, 5.000000000000000000 ) ) ;
#369 = ADVANCED_FACE ( 'NONE', ( #2196 ), #3513, .T. ) ;
#370 = CIRCLE ( 'NONE', #946, 9.750000000000000000 ) ;
#371 = EDGE_LOOP ( 'NONE', ( #3058, #3180, #2201, #514 ) ) ;
#372 = ADVANCED_FACE ( 'NONE', ( #106 ), #3459, .T. ) ;
#373 = VERTEX_POINT ( 'NONE', #1628 ) ;
#374 = CARTESIAN_POINT ( 'NONE',  ( 40.17247512648744845, -13.39839284227167227, 0.9318570848433248566 ) ) ;
#375 = VECTOR ( 'NONE', #1782, 1000.000000000000000 ) ;
#376 = EDGE_CURVE ( 'NONE', #3833, #3312, #1781, .T. ) ;
#377 = ORIENTED_EDGE ( 'NONE', *, *, #2711, .T. ) ;
#378 = DIRECTION ( 'NONE',  ( 1.000000000000000000, 0.000000000000000000, 0.000000000000000000 ) ) ;
#379 = DIRECTION ( 'NONE',  ( -1.000000000000000000, 0.000000000000000000, 0.000000000000000000 ) ) ;
#380 = TOROIDAL_SURFACE ( 'NONE', #889, 18.00000000000000355, 1.000000000000000000 ) ;
#381 = FACE_OUTER_BOUND ( 'NONE', #214, .T. ) ;
#382 = CARTESIAN_POINT ( 'NONE',  ( -7.998624034700959839, 5.575348738106353785, 0.000000000000000000 ) ) ;
#383 = CARTESIAN_POINT ( 'NONE',  ( 39.91507696995342513, -12.51296383409636626, 0.02422731557424064389 ) ) ;
#384 = CARTESIAN_POINT ( 'NONE',  ( -5.316835701505224776, 10.75784635153335245, 5.000000000000000000 ) ) ;
#385 = VERTEX_POINT ( 'NONE', #1321 ) ;
#386 = DIRECTION ( 'NONE',  ( -0.000000000000000000, -0.000000000000000000, -1.000000000000000000 ) ) ;
#387 = DIRECTION ( 'NONE',  ( 0.000000000000000000, 0.000000000000000000, 1.000000000000000000 ) ) ;
#388 = VERTEX_POINT ( 'NONE', #1918 ) ;
#389 = CARTESIAN_POINT ( 'NONE',  ( 60.35364847307808134, 1.381120417642789810, -5.421010862427522170E-16 ) ) ;
#390 = EDGE_CURVE ( 'NONE', #3702, #2236, #2081, .T. ) ;
#391 = AXIS2_PLACEMENT_3D ( 'NONE', #863, #245, #2399 ) ;
#392 = EDGE_LOOP ( 'NONE', ( #740, #3884, #2484, #1691, #603, #732 ) ) ;
#393 = CARTESIAN_POINT ( 'NONE',  ( -9.615881436223883583, -1.611621607104151810, 5.000000000000000000 ) ) ;
#394 = VERTEX_POINT ( 'NONE', #1010 ) ;
#395 = ORIENTED_EDGE ( 'NONE', *, *, #253, .T. ) ;
#396 = CARTESIAN_POINT ( 'NONE',  ( 40.37812852666282737, -13.65187067568031054, 0.7916276954720621317 ) ) ;
#397 = ADVANCED_FACE ( 'NONE', ( #3789 ), #684, .T. ) ;
#398 = ORIENTED_EDGE ( 'NONE', *, *, #1226, .T. ) ;
#399 = ORIENTED_EDGE ( 'NONE', *, *, #3850, .F. ) ;
#400 = CARTESIAN_POINT ( 'NONE',  ( 49.08658852939832684, -25.13330185154058327, 4.791705752511547622 ) ) ;
#401 = DIRECTION ( 'NONE',  ( 0.000000000000000000, 0.000000000000000000, 1.000000000000000000 ) ) ;
#402 = ADVANCED_FACE ( 'NONE', ( #2286 ), #2889, .T. ) ;
#403 = CYLINDRICAL_SURFACE ( 'NONE', #2485, 3.762221576582363003 ) ;
#404 = CARTESIAN_POINT ( 'NONE',  ( -0.04457564114275152506, -9.750247597590714577, 4.216934940384498454 ) ) ;
#405 = CARTESIAN_POINT ( 'NONE',  ( 59.21100132219056178, 1.939441590524013437, 5.659144223928077366 ) ) ;
#406 = DIRECTION ( 'NONE',  ( -1.000000000000000000, 0.000000000000000000, 0.000000000000000000 ) ) ;
#407 = LINE ( 'NONE', #641, #1910 ) ;
#408 = CARTESIAN_POINT ( 'NONE',  ( -3.826502395702260806, -9.602268910230696619, 5.000000000000000000 ) ) ;
#409 = CARTESIAN_POINT ( 'NONE',  ( 58.79258051626931803, -28.10251526164514502, 9.598969693925738511 ) ) ;
#410 = CARTESIAN_POINT ( 'NONE',  ( 45.83232961692706198, -19.83740646710518618, 6.165383110829117719 ) ) ;
#411 = EDGE_LOOP ( 'NONE', ( #3658, #1410, #2684, #3514 ) ) ;
#412 = CARTESIAN_POINT ( 'NONE',  ( -6.656922612848727105, -7.123754721110441501, 5.000000000000000000 ) ) ;
#413 = EDGE_LOOP ( 'NONE', ( #2950, #1453, #55, #2319 ) ) ;
#414 = CARTESIAN_POINT ( 'NONE',  ( 61.95246691763145463, -28.61161521205401215, 4.141523224955666826 ) ) ;
#415 = ORIENTED_EDGE ( 'NONE', *, *, #1594, .T. ) ;
#416 = ORIENTED_EDGE ( 'NONE', *, *, #2625, .T. ) ;
#417 = DIRECTION ( 'NONE',  ( -0.000000000000000000, -0.000000000000000000, -1.000000000000000000 ) ) ;
#418 = ORIENTED_EDGE ( 'NONE', *, *, #2649, .T. ) ;
#419 = ORIENTED_EDGE ( 'NONE', *, *, #3907, .F. ) ;
#420 = CARTESIAN_POINT ( 'NONE',  ( 51.78034973771736560, -26.48524781480154644, 5.127239693776590279 ) ) ;
#421 = CARTESIAN_POINT ( 'NONE',  ( 53.14477360167306585, -21.25287446285372894, 3.900458078044561253E-12 ) ) ;
#422 = CARTESIAN_POINT ( 'NONE',  ( 0.6555888821085128493, 10.31580787075611561, 0.000000000000000000 ) ) ;
#423 = CARTESIAN_POINT ( 'NONE',  ( -3.714609627610714782, 9.014664459338559865, 5.000000000000000000 ) ) ;
#424 = DIRECTION ( 'NONE',  ( -0.000000000000000000, -0.000000000000000000, -1.000000000000000000 ) ) ;
#425 = EDGE_LOOP ( 'NONE', ( #1667, #419, #232, #3276 ) ) ;
#426 = CC_DESIGN_PERSON_AND_ORGANIZATION_ASSIGNMENT ( #3620, #671, ( #3426 ) ) ;
#427 = EDGE_CURVE ( 'NONE', #2387, #122, #2828, .T. ) ;
#428 = CARTESIAN_POINT ( 'NONE',  ( 34.53750541822680731, -12.81813254565328286, 4.000000000000000888 ) ) ;
#429 = DIRECTION ( 'NONE',  ( 0.000000000000000000, 0.000000000000000000, 1.000000000000000000 ) ) ;
#430 = AXIS2_PLACEMENT_3D ( 'NONE', #276, #2068, #1774 ) ;
#431 = ORIENTED_EDGE ( 'NONE', *, *, #633, .T. ) ;
#432 = DIRECTION ( 'NONE',  ( -1.000000000000000000, 0.000000000000000000, 0.000000000000000000 ) ) ;
#433 = VERTEX_POINT ( 'NONE', #3181 ) ;
#434 = ORIENTED_EDGE ( 'NONE', *, *, #3226, .T. ) ;
#435 = CARTESIAN_POINT ( 'NONE',  ( 0.000000000000000000, 0.000000000000000000, 0.000000000000000000 ) ) ;
#436 = AXIS2_PLACEMENT_3D ( 'NONE', #1083, #2013, #2384 ) ;
#437 = AXIS2_PLACEMENT_3D ( 'NONE', #1636, #3140, #2848 ) ;
#438 = LINE ( 'NONE', #3537, #1082 ) ;
#439 = AXIS2_PLACEMENT_3D ( 'NONE', #704, #679, #1323 ) ;
#440 = ORIENTED_EDGE ( 'NONE', *, *, #1277, .T. ) ;
#441 = VERTEX_POINT ( 'NONE', #1355 ) ;
#442 = DIRECTION ( 'NONE',  ( -0.000000000000000000, -0.000000000000000000, -1.000000000000000000 ) ) ;
#443 = CYLINDRICAL_SURFACE ( 'NONE', #1894, 9.750000000000000000 ) ;
#444 = AXIS2_PLACEMENT_3D ( 'NONE', #3238, #264, #507 ) ;
#445 = CARTESIAN_POINT ( 'NONE',  ( 52.02661336399966530, -20.39188589323798340, 6.505213034913026604E-15 ) ) ;
#446 = EDGE_CURVE ( 'NONE', #1107, #1423, #698, .T. ) ;
#447 = CLOSED_SHELL ( 'NONE', ( #369, #563, #2275, #3770, #109, #2014, #1367, #2974, #3660, #794, #769, #3076, #1598, #590, #2733, #3474, #2815, #638, #3889, #841, #1449, #524, #929, #3283, #1658, #1133, #372, #1473, #2325, #1706, #1017, #1206, #2942, #1809, #3209, #3339, #3002, #3317, #2791, #3682, #2147, #1248, #3587, #3501, #2054, #1304, #364, #2132, #3731, #1230, #3523, #3708, #1175, #988, #2964, #2310, #1513, #402, #56, #1680, #2105, #397, #1815, #3000, #2467, #3421, #2202, #3024, #878, #3551, #2497, #2230, #271, #2493, #3932, #2233, #3769, #668, #1729, #543, #2578, #2512, #787, #345, #907, #1040, #3641, #244, #3370, #3743, #3199, #1180, #1493, #3225 ) ) ;
#448 = CARTESIAN_POINT ( 'NONE',  ( 41.93263458921222053, -14.51512975066025746, 4.962826419315558013 ) ) ;
#449 = DIRECTION ( 'NONE',  ( 0.000000000000000000, 0.000000000000000000, 1.000000000000000000 ) ) ;
#450 = CARTESIAN_POINT ( 'NONE',  ( -7.515045518445490735, 6.211810593996920815, 5.000000000000000000 ) ) ;
#451 = ORIENTED_EDGE ( 'NONE', *, *, #1085, .F. ) ;
#452 = DIRECTION ( 'NONE',  ( 0.000000000000000000, 0.000000000000000000, 1.000000000000000000 ) ) ;
#453 = DIRECTION ( 'NONE',  ( -1.000000000000000000, 0.000000000000000000, 0.000000000000000000 ) ) ;
#454 = ORIENTED_EDGE ( 'NONE', *, *, #3119, .F. ) ;
#455 = AXIS2_PLACEMENT_3D ( 'NONE', #3485, #157, #3465 ) ;
#456 = CARTESIAN_POINT ( 'NONE',  ( 66.47739583947617348, -0.8434037269231380307, -4.336808689942017736E-16 ) ) ;
#457 = VERTEX_POINT ( 'NONE', #3510 ) ;
#458 = ORIENTED_EDGE ( 'NONE', *, *, #2031, .F. ) ;
#459 = PLANE ( 'NONE',  #2540 ) ;
#460 = AXIS2_PLACEMENT_3D ( 'NONE', #3080, #1882, #3163 ) ;
#461 = CYLINDRICAL_SURFACE ( 'NONE', #3423, 10.00000000000000178 ) ;
#462 = AXIS2_PLACEMENT_3D ( 'NONE', #1584, #2802, #68 ) ;
#463 = ORIENTED_EDGE ( 'NONE', *, *, #427, .F. ) ;
#464 = ORIENTED_EDGE ( 'NONE', *, *, #1096, .F. ) ;
#465 = DIRECTION ( 'NONE',  ( -0.000000000000000000, -0.000000000000000000, -1.000000000000000000 ) ) ;
#466 = DIRECTION ( 'NONE',  ( -0.000000000000000000, -0.000000000000000000, -1.000000000000000000 ) ) ;
#467 = CIRCLE ( 'NONE', #1481, 1.000000000000003553 ) ;
#468 = CARTESIAN_POINT ( 'NONE',  ( 1.875550771794163962, -9.573888815111596173, 4.783445223238473432 ) ) ;
#469 = CARTESIAN_POINT ( 'NONE',  ( 42.51070313367266351, -17.90565568983043221, 4.420039443243439337 ) ) ;
#470 = CARTESIAN_POINT ( 'NONE',  ( -2.277266001350169322, 10.08264590114086801, 0.000000000000000000 ) ) ;
#471 = CARTESIAN_POINT ( 'NONE',  ( 46.41099822529251639, -22.47558376453251583, 4.957289592523882682 ) ) ;
#472 = DIRECTION ( 'NONE',  ( -0.8412535328311842031, 0.5406408174555928925, 0.000000000000000000 ) ) ;
#473 = FACE_OUTER_BOUND ( 'NONE', #347, .T. ) ;
#474 = CARTESIAN_POINT ( 'NONE',  ( 68.42750643162030144, -20.88979369429348054, -4.336808689942017736E-16 ) ) ;
#475 = ORIENTED_EDGE ( 'NONE', *, *, #3843, .T. ) ;
#476 = EDGE_CURVE ( 'NONE', #1620, #3400, #2987, .T. ) ;
#477 = ORIENTED_EDGE ( 'NONE', *, *, #1728, .F. ) ;
#478 = CARTESIAN_POINT ( 'NONE',  ( 63.42630019322671586, -28.36637406114538962, 4.064599271450783036 ) ) ;
#479 = CARTESIAN_POINT ( 'NONE',  ( 0.000000000000000000, 0.000000000000000000, 5.000000000000000000 ) ) ;
#480 = EDGE_CURVE ( 'NONE', #1662, #1641, #315, .T. ) ;
#481 = VERTEX_POINT ( 'NONE', #3440 ) ;
#482 = ORIENTED_EDGE ( 'NONE', *, *, #2765, .T. ) ;
#483 = CARTESIAN_POINT ( 'NONE',  ( 42.58039859191461574, -18.22132543804045213, 4.185854542310465831 ) ) ;
#484 = CARTESIAN_POINT ( 'NONE',  ( 39.54344405593389666, -12.52847478961977146, 0.03783125792452234071 ) ) ;
#485 = CARTESIAN_POINT ( 'NONE',  ( 42.45255736035569072, -17.63453690268431373, 4.535488993377504663 ) ) ;
#486 = CARTESIAN_POINT ( 'NONE',  ( 4.000000000000000000, 0.000000000000000000, 5.000000000000000888 ) ) ;
#487 = FACE_OUTER_BOUND ( 'NONE', #2807, .T. ) ;
#488 = CARTESIAN_POINT ( 'NONE',  ( -1.972319854284031670, 10.14670602713487213, 0.000000000000000000 ) ) ;
#489 = DIRECTION ( 'NONE',  ( -1.000000000000000000, 0.000000000000000000, 0.000000000000000000 ) ) ;
#490 = CARTESIAN_POINT ( 'NONE',  ( 68.59047377754873764, -5.360809280180063752, 1.184718964083142589 ) ) ;
#491 = ORIENTED_EDGE ( 'NONE', *, *, #3718, .T. ) ;
#492 = CARTESIAN_POINT ( 'NONE',  ( 60.11819694141181003, -28.76415106631399254, 4.245718245867688978 ) ) ;
#493 = EDGE_CURVE ( 'NONE', #1599, #2028, #1471, .T. ) ;
#494 = CARTESIAN_POINT ( 'NONE',  ( -3.500000000000000000, 4.286263797015736595E-16, 4.500000000000000888 ) ) ;
#495 = ORIENTED_EDGE ( 'NONE', *, *, #537, .T. ) ;
#496 = AXIS2_PLACEMENT_3D ( 'NONE', #2075, #825, #1467 ) ;
#497 = ORIENTED_EDGE ( 'NONE', *, *, #3177, .T. ) ;
#498 = CARTESIAN_POINT ( 'NONE',  ( 42.40225222384182047, -17.39394302435770712, 4.613818230659423314 ) ) ;
#499 = CARTESIAN_POINT ( 'NONE',  ( 65.81050097539454669, -27.29847716038152328, 4.786898098980529426 ) ) ;
#500 = EDGE_CURVE ( 'NONE', #2830, #1353, #772, .T. ) ;
#501 = APPROVAL_PERSON_ORGANIZATION ( #1495, #3499, #604 ) ;
#502 = VECTOR ( 'NONE', #3671, 1000.000000000000000 ) ;
#503 = CARTESIAN_POINT ( 'NONE',  ( 42.08506344669820010, -15.64107509405823038, 4.892885458703317703 ) ) ;
#504 = CARTESIAN_POINT ( 'NONE',  ( 2.528598933626912793, 9.416405228794097582, 1.000000000000000888 ) ) ;
#505 = CARTESIAN_POINT ( 'NONE',  ( -5.316835701505224776, 10.75784635153335245, 5.000000000000000000 ) ) ;
#506 =( BOUNDED_CURVE ( )  B_SPLINE_CURVE ( 3, ( #2264, #858, #2393, #843 ),
 .UNSPECIFIED., .F., .F. ) 
 B_SPLINE_CURVE_WITH_KNOTS ( ( 4, 4 ),
 ( 4.207685551987205841, 6.283185307179586232 ),
 .UNSPECIFIED. ) 
 CURVE ( )  GEOMETRIC_REPRESENTATION_ITEM ( )  RATIONAL_B_SPLINE_CURVE ( ( 1.000000000000000000, 0.6721063261061633876, 0.6721063261061633876, 1.000000000000000000 ) ) 
 REPRESENTATION_ITEM ( '' )  );
#507 = DIRECTION ( 'NONE',  ( 0.000000000000000000, 0.9401155992315030074, 0.3408557760719219121 ) ) ;
#508 = CARTESIAN_POINT ( 'NONE',  ( -0.1278881191494289360, -9.749493664359853540, 0.8141766267124526113 ) ) ;
#509 = CARTESIAN_POINT ( 'NONE',  ( 60.35364847307806002, 1.381120417642791365, -4.336808689942017736E-16 ) ) ;
#510 = VERTEX_POINT ( 'NONE', #2847 ) ;
#511 = AXIS2_PLACEMENT_3D ( 'NONE', #3761, #1032, #2523 ) ;
#512 = CARTESIAN_POINT ( 'NONE',  ( 51.42755894213510004, -26.93896341530128780, 4.436044274673516696 ) ) ;
#513 = AXIS2_PLACEMENT_3D ( 'NONE', #2628, #2006, #2886 ) ;
#514 = ORIENTED_EDGE ( 'NONE', *, *, #2670, .T. ) ;
#515 = ORIENTED_EDGE ( 'NONE', *, *, #633, .F. ) ;
#516 = CARTESIAN_POINT ( 'NONE',  ( 42.13817134972538980, -15.97534801876550681, 4.861288332963912495 ) ) ;
#517 = EDGE_CURVE ( 'NONE', #3379, #2571, #2808, .T. ) ;
#518 = AXIS2_PLACEMENT_3D ( 'NONE', #1987, #192, #1351 ) ;
#519 = EDGE_CURVE ( 'NONE', #2272, #2232, #1149, .T. ) ;
#520 = VECTOR ( 'NONE', #1003, 1000.000000000000000 ) ;
#521 = CARTESIAN_POINT ( 'NONE',  ( 42.27265225506352664, -16.73475441013388476, 4.757390563538582029 ) ) ;
#522 = DIRECTION ( 'NONE',  ( 0.9594929736144972576, 0.2817325568414301151, 0.000000000000000000 ) ) ;
#523 = DIRECTION ( 'NONE',  ( -0.000000000000000000, 0.000000000000000000, 1.000000000000000000 ) ) ;
#524 = ADVANCED_FACE ( 'NONE', ( #2906 ), #93, .T. ) ;
#525 = DIRECTION ( 'NONE',  ( -0.9961472278662544255, 0.08769663855802307950, 0.000000000000000000 ) ) ;
#526 = CARTESIAN_POINT ( 'NONE',  ( 3.538487972271886939, -9.085240936270604806, 0.000000000000000000 ) ) ;
#527 = FACE_OUTER_BOUND ( 'NONE', #2835, .T. ) ;
#528 = ORIENTED_EDGE ( 'NONE', *, *, #2195, .T. ) ;
#529 = CARTESIAN_POINT ( 'NONE',  ( 65.16666942771908566, -27.56133375280072428, 4.763621110978915496 ) ) ;
#530 = ORIENTED_EDGE ( 'NONE', *, *, #1525, .T. ) ;
#531 = ORIENTED_EDGE ( 'NONE', *, *, #1879, .F. ) ;
#532 = CARTESIAN_POINT ( 'NONE',  ( -0.7664619624032944500, -8.706251136499476573, 5.000000000000000000 ) ) ;
#533 = CARTESIAN_POINT ( 'NONE',  ( -6.656922612848726217, -7.123754721110439725, 5.000000000000000000 ) ) ;
#534 = CARTESIAN_POINT ( 'NONE',  ( 42.59568168528949172, -18.28925675574487997, 4.000000000000003553 ) ) ;
#535 = CARTESIAN_POINT ( 'NONE',  ( 35.42554666159713150, -12.75499581121567516, 4.511593971462221297 ) ) ;
#536 = CYLINDRICAL_SURFACE ( 'NONE', #1354, 9.750000000000000000 ) ;
#537 = EDGE_CURVE ( 'NONE', #3727, #2231, #1095, .T. ) ;
#538 = DIRECTION ( 'NONE',  ( 0.6548607339452835463, 0.7557495743542594901, 0.000000000000000000 ) ) ;
#539 = CARTESIAN_POINT ( 'NONE',  ( -0.2885400791340106963, -9.745803471374673066, 0.8851793519977918523 ) ) ;
#540 = FACE_OUTER_BOUND ( 'NONE', #561, .T. ) ;
#541 = CARTESIAN_POINT ( 'NONE',  ( 65.80200180148264621, 1.370008072317714154, 5.000000000000000000 ) ) ;
#542 = ORIENTED_EDGE ( 'NONE', *, *, #3398, .T. ) ;
#543 = ADVANCED_FACE ( 'NONE', ( #2525 ), #3631, .F. ) ;
#544 = CARTESIAN_POINT ( 'NONE',  ( 65.24091275495051434, -27.90744980096785710, 4.000000001547799222 ) ) ;
#545 = ORIENTED_EDGE ( 'NONE', *, *, #1385, .T. ) ;
#546 = CARTESIAN_POINT ( 'NONE',  ( 40.09483109982178917, -13.31035531650433867, 4.013388696870710426 ) ) ;
#547 = DIRECTION ( 'NONE',  ( -1.000000000000000000, 0.000000000000000000, 0.000000000000000000 ) ) ;
#548 = CARTESIAN_POINT ( 'NONE',  ( 47.03653539440855980, -22.17602569183640426, 6.128612280111916277 ) ) ;
#549 = CARTESIAN_POINT ( 'NONE',  ( -3.000000000000000000, 3.980102097228897738E-16, 4.000000000000000000 ) ) ;
#550 = CARTESIAN_POINT ( 'NONE',  ( 36.67718015609882798, -12.67460014356462850, 4.742933940999338738 ) ) ;
#551 = TOROIDAL_SURFACE ( 'NONE', #1656, 12.49999999999998757, 1.500000000000000000 ) ;
#552 = DIRECTION ( 'NONE',  ( -1.000000000000000000, 0.000000000000000000, 0.000000000000000000 ) ) ;
#553 = AXIS2_PLACEMENT_3D ( 'NONE', #3784, #703, #3480 ) ;
#554 = LINE ( 'NONE', #1734, #375 ) ;
#555 = CARTESIAN_POINT ( 'NONE',  ( 37.91663796006711351, -21.93596999798742075, 2.013030214988504429 ) ) ;
#556 = CIRCLE ( 'NONE', #3882, 3.762221576582363003 ) ;
#557 = FACE_OUTER_BOUND ( 'NONE', #371, .T. ) ;
#558 = DIRECTION ( 'NONE',  ( 0.000000000000000000, 0.000000000000000000, 1.000000000000000000 ) ) ;
#559 = CARTESIAN_POINT ( 'NONE',  ( 73.54496579019496494, -12.69519566480690997, 4.999999999999999112 ) ) ;
#560 = CARTESIAN_POINT ( 'NONE',  ( 58.79258051626931803, -4.599625280857597254, 18.12036409572377949 ) ) ;
#561 = EDGE_LOOP ( 'NONE', ( #3242, #3207, #1208, #3741 ) ) ;
#562 = AXIS2_PLACEMENT_3D ( 'NONE', #3219, #2024, #1144 ) ;
#563 = ADVANCED_FACE ( 'NONE', ( #268 ), #2622, .T. ) ;
#564 = CARTESIAN_POINT ( 'NONE',  ( 65.26845650170298541, -27.89765444293499996, 4.461948553726340805 ) ) ;
#565 = AXIS2_PLACEMENT_3D ( 'NONE', #2822, #724, #2841 ) ;
#566 = EDGE_CURVE ( 'NONE', #216, #1491, #628, .T. ) ;
#567 = AXIS2_PLACEMENT_3D ( 'NONE', #324, #921, #1528 ) ;
#568 = VERTEX_POINT ( 'NONE', #12 ) ;
#569 = VECTOR ( 'NONE', #3862, 1000.000000000000000 ) ;
#570 = LINE ( 'NONE', #1234, #3564 ) ;
#571 = CARTESIAN_POINT ( 'NONE',  ( 35.66652103296029708, -12.73856391155254286, 0.4258290924594438365 ) ) ;
#572 = CIRCLE ( 'NONE', #2566, 9.750000000000000000 ) ;
#573 = CARTESIAN_POINT ( 'NONE',  ( 62.97681482820372167, -28.23760075856677787, 4.702480186648012150 ) ) ;
#574 = CARTESIAN_POINT ( 'NONE',  ( 42.11518884700313237, -15.83176764909692125, 0.1248327452230817702 ) ) ;
#575 = CARTESIAN_POINT ( 'NONE',  ( 38.22623000318122877, -12.58905257636795127, 4.893876268354108383 ) ) ;
#576 = VECTOR ( 'NONE', #558, 1000.000000000000000 ) ;
#577 = CIRCLE ( 'NONE', #1480, 3.762221576582363003 ) ;
#578 = CARTESIAN_POINT ( 'NONE',  ( 36.72215943530777338, -12.67189973215446486, 0.2511537428017120432 ) ) ;
#579 = DIRECTION ( 'NONE',  ( 1.000000000000000000, 0.000000000000000000, 0.000000000000000000 ) ) ;
#580 = CARTESIAN_POINT ( 'NONE',  ( 73.36460428902393005, 0.7462140437689208650, 5.657979856674329788 ) ) ;
#581 = DIRECTION ( 'NONE',  ( -0.000000000000000000, -0.000000000000000000, -1.000000000000000000 ) ) ;
#582 = CARTESIAN_POINT ( 'NONE',  ( 63.02610465300038811, 1.701998478701635564, 5.000000000000000000 ) ) ;
#583 = CARTESIAN_POINT ( 'NONE',  ( -8.707127529965969615, 8.257477228361501886, 5.000000000000000000 ) ) ;
#584 = ORIENTED_EDGE ( 'NONE', *, *, #277, .T. ) ;
#585 = CARTESIAN_POINT ( 'NONE',  ( -3.826502395702260806, -9.602268910230696619, 5.000000000000000000 ) ) ;
#586 = EDGE_CURVE ( 'NONE', #1620, #2487, #1168, .T. ) ;
#587 = ORIENTED_EDGE ( 'NONE', *, *, #2349, .T. ) ;
#588 = CARTESIAN_POINT ( 'NONE',  ( 41.93263458921222053, -14.51512975066025746, 4.962826419315558013 ) ) ;
#589 = CARTESIAN_POINT ( 'NONE',  ( 38.89139654749886432, -12.55702762657828231, 0.06619320209352139162 ) ) ;
#590 = ADVANCED_FACE ( 'NONE', ( #3596 ), #2441, .F. ) ;
#591 = CARTESIAN_POINT ( 'NONE',  ( 63.22101561794777069, -27.99742803453796469, 5.661762816352760019 ) ) ;
#592 = CARTESIAN_POINT ( 'NONE',  ( 42.05207721431423096, -15.43864949798798847, 0.08648511289540074254 ) ) ;
#593 = CARTESIAN_POINT ( 'NONE',  ( 59.57245272531130809, -9.757595425460108274, 5.000000000000000000 ) ) ;
#594 = CARTESIAN_POINT ( 'NONE',  ( 36.91294335708304430, -12.66056809346422263, 0.2271331287988575254 ) ) ;
#595 = CARTESIAN_POINT ( 'NONE',  ( 54.63071563731557490, -27.99788857025784594, 4.706945481464275716 ) ) ;
#596 = CARTESIAN_POINT ( 'NONE',  ( -5.079080831267307694, -8.322586010937525813, 5.000000000000000000 ) ) ;
#597 = CARTESIAN_POINT ( 'NONE',  ( -2.963700234361555719, 9.288647959786464625, 5.000000000000000000 ) ) ;
#598 = CARTESIAN_POINT ( 'NONE',  ( 61.72937261666466924, 2.010942543577579844, 5.000000000000000000 ) ) ;
#599 = CARTESIAN_POINT ( 'NONE',  ( 42.59568168528949172, -18.28925675574487997, 4.000000000000003553 ) ) ;
#600 = ORIENTED_EDGE ( 'NONE', *, *, #2350, .F. ) ;
#601 = CARTESIAN_POINT ( 'NONE',  ( 57.90205386217705552, 1.932530438743874868, 5.661838003099656902 ) ) ;
#602 = VERTEX_POINT ( 'NONE', #2704 ) ;
#603 = ORIENTED_EDGE ( 'NONE', *, *, #2314, .F. ) ;
#605 = CARTESIAN_POINT ( 'NONE',  ( 40.42762741890481948, -13.70439025901498731, 4.272172675054210167 ) ) ;
#604 = APPROVAL_ROLE ( '' ) ;
#606 = CARTESIAN_POINT ( 'NONE',  ( 41.86233984084368132, -13.90741699028239786, 4.988182125011362267 ) ) ;
#607 = AXIS2_PLACEMENT_3D ( 'NONE', #3264, #1157, #3005 ) ;
#608 = CARTESIAN_POINT ( 'NONE',  ( 46.42392128416070562, -22.49188688582153262, 4.956646440342091786 ) ) ;
#609 = CARTESIAN_POINT ( 'NONE',  ( 42.11901221437559428, -15.85551878730764130, 0.1271689454281315357 ) ) ;
#610 = DIRECTION ( 'NONE',  ( 0.000000000000000000, 0.000000000000000000, -1.000000000000000000 ) ) ;
#611 = CIRCLE ( 'NONE', #2151, 1.499999999999998446 ) ;
#612 = CARTESIAN_POINT ( 'NONE',  ( 58.74758949093612159, -16.86212389772379794, 15.26920582600362053 ) ) ;
#613 = CARTESIAN_POINT ( 'NONE',  ( 57.33475776828707637, -0.07883152089239971183, 1.000322588322529072 ) ) ;
#614 = AXIS2_PLACEMENT_3D ( 'NONE', #286, #3922, #3612 ) ;
#615 = VECTOR ( 'NONE', #2218, 1000.000000000000000 ) ;
#616 = CYLINDRICAL_SURFACE ( 'NONE', #777, 3.762221576582363003 ) ;
#617 = CARTESIAN_POINT ( 'NONE',  ( 66.64692127296706303, 0.05384463437181402634, 5.000000000000605738 ) ) ;
#618 = CARTESIAN_POINT ( 'NONE',  ( 42.42601179434918635, -17.50793371974750556, 0.4221619305222410468 ) ) ;
#619 = DIRECTION ( 'NONE',  ( -0.000000000000000000, -0.000000000000000000, -1.000000000000000000 ) ) ;
#620 = VECTOR ( 'NONE', #1345, 1000.000000000000000 ) ;
#621 = CARTESIAN_POINT ( 'NONE',  ( 50.32849330048897940, -0.02004800522709766775, 5.000000000000000000 ) ) ;
#622 = ORIENTED_EDGE ( 'NONE', *, *, #2692, .F. ) ;
#623 = ORIENTED_EDGE ( 'NONE', *, *, #656, .F. ) ;
#624 = VECTOR ( 'NONE', #1466, 1000.000000000000000 ) ;
#625 = CIRCLE ( 'NONE', #3832, 1.000000000000000000 ) ;
#626 = ORIENTED_EDGE ( 'NONE', *, *, #2599, .T. ) ;
#627 = LINE ( 'NONE', #2171, #3750 ) ;
#628 = CIRCLE ( 'NONE', #567, 12.90000000000000036 ) ;
#629 = CARTESIAN_POINT ( 'NONE',  ( 52.59050383566418674, -27.24901376769626893, 4.700135916248423307 ) ) ;
#630 = EDGE_CURVE ( 'NONE', #2000, #203, #2560, .T. ) ;
#631 = CARTESIAN_POINT ( 'NONE',  ( 2.528598933626912793, 9.416405228794097582, 3.999999999999996447 ) ) ;
#632 = CARTESIAN_POINT ( 'NONE',  ( 46.75655391255666871, -21.72259726625096832, 6.150475847306157817 ) ) ;
#633 = EDGE_CURVE ( 'NONE', #77, #2838, #1733, .T. ) ;
#634 = CARTESIAN_POINT ( 'NONE',  ( 39.07344568591182821, -12.54864730672306727, 0.05680751083492930481 ) ) ;
#635 = CARTESIAN_POINT ( 'NONE',  ( 49.94667017768010453, -2.849908920636972098, -4.336808689942017736E-16 ) ) ;
#636 = EDGE_CURVE ( 'NONE', #273, #457, #2934, .T. ) ;
#637 = AXIS2_PLACEMENT_3D ( 'NONE', #3419, #1948, #432 ) ;
#638 = ADVANCED_FACE ( 'NONE', ( #3111, #3674, #1564 ), #1876, .F. ) ;
#639 = DIRECTION ( 'NONE',  ( 0.000000000000000000, 0.000000000000000000, 1.000000000000000000 ) ) ;
#640 = FACE_OUTER_BOUND ( 'NONE', #2590, .T. ) ;
#641 = CARTESIAN_POINT ( 'NONE',  ( -9.412581462727702686, -7.443339990052506572, 5.000000000000000000 ) ) ;
#642 = CARTESIAN_POINT ( 'NONE',  ( -9.111247433184743727, 4.881686083719696256, 5.000000000000000000 ) ) ;
#643 = CARTESIAN_POINT ( 'NONE',  ( 68.94023281107466516, -24.62929066843810588, 6.176677116539511125 ) ) ;
#644 = AXIS2_PLACEMENT_3D ( 'NONE', #1281, #90, #1031 ) ;
#645 = CARTESIAN_POINT ( 'NONE',  ( 48.97160201256819789, -2.512799633170137881, 5.777213482156944302 ) ) ;
#646 = ORIENTED_EDGE ( 'NONE', *, *, #1884, .F. ) ;
#647 =( BOUNDED_CURVE ( )  B_SPLINE_CURVE ( 3, ( #2865, #2478, #1350, #405 ),
 .UNSPECIFIED., .F., .F. ) 
 B_SPLINE_CURVE_WITH_KNOTS ( ( 4, 4 ),
 ( 2.408565621532174962E-16, 0.08253866356670273852 ),
 .UNSPECIFIED. ) 
 CURVE ( )  GEOMETRIC_REPRESENTATION_ITEM ( )  RATIONAL_B_SPLINE_CURVE ( ( 1.000000000000000000, 0.9994323613230970960, 0.9994323613230970960, 1.000000000000000000 ) ) 
 REPRESENTATION_ITEM ( '' )  );
#648 = CARTESIAN_POINT ( 'NONE',  ( -6.039487577932532325, 10.08264590114086801, 5.000000000000000000 ) ) ;
#649 = AXIS2_PLACEMENT_3D ( 'NONE', #593, #260, #2698 ) ;
#650 = ORIENTED_EDGE ( 'NONE', *, *, #476, .F. ) ;
#651 = ORIENTED_EDGE ( 'NONE', *, *, #2937, .T. ) ;
#652 = CARTESIAN_POINT ( 'NONE',  ( 40.14441719252515384, -13.36632540593032026, 0.9462750316237567016 ) ) ;
#653 = CARTESIAN_POINT ( 'NONE',  ( 49.94371796548201559, -25.42436415904924374, 5.790083513162491258 ) ) ;
#654 = CARTESIAN_POINT ( 'NONE',  ( 41.93263458921222053, -14.51512975066025746, 4.962826419315558013 ) ) ;
#655 = CARTESIAN_POINT ( 'NONE',  ( 0.000000000000000000, 0.000000000000000000, 0.000000000000000000 ) ) ;
#656 = EDGE_CURVE ( 'NONE', #1591, #3857, #407, .T. ) ;
#657 = DIRECTION ( 'NONE',  ( 0.02999401688879442182, 0.3407024176482847388, -0.9396926207859082059 ) ) ;
#658 = CARTESIAN_POINT ( 'NONE',  ( 48.36599041674526944, -9.354437488622950880, 1.432844501959831929 ) ) ;
#659 = CARTESIAN_POINT ( 'NONE',  ( 59.57245272531130809, -9.757595425460108274, 1.000000000000000888 ) ) ;
#660 = CARTESIAN_POINT ( 'NONE',  ( 1.650000000000000133, 2.020667218593133001E-16, 0.000000000000000000 ) ) ;
#661 = CARTESIAN_POINT ( 'NONE',  ( 63.44895306918771638, -27.96961349342347347, 5.671326898379721371 ) ) ;
#662 = CARTESIAN_POINT ( 'NONE',  ( 42.59380561810181121, -18.28092389090519987, 0.9257909358956432078 ) ) ;
#663 = DIRECTION ( 'NONE',  ( -0.000000000000000000, -0.000000000000000000, -1.000000000000000000 ) ) ;
#664 = EDGE_CURVE ( 'NONE', #3036, #3075, #3117, .T. ) ;
#665 = CARTESIAN_POINT ( 'NONE',  ( 55.37630521705312248, 1.683181042539988015, 4.999999999999418243 ) ) ;
#666 = ORIENTED_EDGE ( 'NONE', *, *, #656, .T. ) ;
#667 = DIRECTION ( 'NONE',  ( 0.3754515287368019871, -0.9268420305365950851, 0.000000000000000000 ) ) ;
#668 = ADVANCED_FACE ( 'NONE', ( #2779 ), #380, .T. ) ;
#669 = ORIENTED_EDGE ( 'NONE', *, *, #2206, .T. ) ;
#670 = ORIENTED_EDGE ( 'NONE', *, *, #2314, .T. ) ;
#671 = PERSON_AND_ORGANIZATION_ROLE ( 'creator' ) ;
#672 = DIRECTION ( 'NONE',  ( -1.000000000000000000, 0.000000000000000000, 0.000000000000000000 ) ) ;
#673 = B_SPLINE_CURVE_WITH_KNOTS ( 'NONE', 3,
 ( #1779, #1502, #3268, #2659, #1463, #3251, #1748, #221, #3323, #2119, #1484, #2095, #1197, #3915, #1178, #2392, #3606, #535, #3896, #3303, #876, #1162, #3876, #3026, #1818, #2414, #550, #1521, #295, #2357, #2056, #3575, #2377, #857, #2713, #2736, #2972, #3626, #238, #821, #2990, #3590, #575, #2039, #842, #1760, #2071 ),
 .UNSPECIFIED., .F., .F.,
 ( 4, 2, 1, 1, 1, 2, 2, 2, 1, 1, 1, 1, 2, 2, 2, 1, 1, 1, 1, 1, 1, 2, 2, 2, 1, 1, 1, 1, 1, 1, 2, 2, 4 ),
 ( 0.000000000000000000, 0.03124999999979510140, 0.04687499999969155229, 0.05468749999964074571, 0.05859374999961441260, 0.06054687499960124952, 0.06249999999958807950, 0.09374999999938782302, 0.1093749999992877364, 0.1171874999992377209, 0.1210937499992127131, 0.1230468749992009309, 0.1240234374991957822, 0.1249999999991906474, 0.1874999999989013788, 0.2187499999987577159, 0.2343749999986858845, 0.2421874999986499966, 0.2460937499986320387, 0.2480468749986238508, 0.2490234374986206034, 0.2495117187486189658, 0.2499999999986173838, 0.3749999999981447063, 0.4374999999979083398, 0.4687499999977901566, 0.4843749999977327025, 0.4921874999977023935, 0.4960937499976872389, 0.4980468749976797449, 0.4990234374976774689, 0.4999999999976751930, 1.000000000000000000 ),
 .UNSPECIFIED. ) ;
#674 = CARTESIAN_POINT ( 'NONE',  ( 52.25183057952795451, -27.09395052842904050, 4.701079792609494490 ) ) ;
#675 = CARTESIAN_POINT ( 'NONE',  ( -8.394264104813469629, -4.959720772245162834, 5.000000000000000000 ) ) ;
#676 = DIRECTION ( 'NONE',  ( 1.000000000000000000, 0.000000000000000000, 0.000000000000000000 ) ) ;
#677 = CARTESIAN_POINT ( 'NONE',  ( 56.87616109346197391, -22.86957031580250899, -4.336808689942017736E-16 ) ) ;
#678 = EDGE_CURVE ( 'NONE', #3810, #3183, #198, .T. ) ;
#679 = DIRECTION ( 'NONE',  ( -0.000000000000000000, -0.000000000000000000, -1.000000000000000000 ) ) ;
#680 = CARTESIAN_POINT ( 'NONE',  ( 41.58880169989991060, -12.45660950562223768, 0.0001720728588436204096 ) ) ;
#681 = DIRECTION ( 'NONE',  ( 1.000000000000000000, 0.000000000000000000, -0.000000000000000000 ) ) ;
#682 = ORIENTED_EDGE ( 'NONE', *, *, #3473, .F. ) ;
#683 = AXIS2_PLACEMENT_3D ( 'NONE', #1483, #1778, #1854 ) ;
#684 = CYLINDRICAL_SURFACE ( 'NONE', #1415, 3.762221576582363003 ) ;
#685 = CARTESIAN_POINT ( 'NONE',  ( 43.58161718825011377, -13.32966190182941979, 5.000000000000000000 ) ) ;
#686 = AXIS2_PLACEMENT_3D ( 'NONE', #3089, #2800, #1029 ) ;
#687 = ORIENTED_EDGE ( 'NONE', *, *, #3625, .F. ) ;
#688 = CARTESIAN_POINT ( 'NONE',  ( -9.680416949197244492, 1.162767255169660618, 0.000000000000000000 ) ) ;
#689 = LOCAL_TIME ( 15, 58, 26.00000000000000000, #3359 ) ;
#690 = CIRCLE ( 'NONE', #3944, 3.762221576582363891 ) ;
#691 = EDGE_CURVE ( 'NONE', #3727, #1757, #3736, .T. ) ;
#692 = VERTEX_POINT ( 'NONE', #384 ) ;
#693 = ORIENTED_EDGE ( 'NONE', *, *, #861, .T. ) ;
#694 = EDGE_CURVE ( 'NONE', #305, #3520, #3443, .T. ) ;
#695 = CARTESIAN_POINT ( 'NONE',  ( 40.39503564071966224, -13.67273495471680889, 0.7716792880837515245 ) ) ;
#696 = ORIENTED_EDGE ( 'NONE', *, *, #2206, .F. ) ;
#697 = ORIENTED_EDGE ( 'NONE', *, *, #2069, .T. ) ;
#698 = CIRCLE ( 'NONE', #2041, 3.762221576582363003 ) ;
#699 = CARTESIAN_POINT ( 'NONE',  ( 56.45146140498236775, -28.27797838589138379, 5.078278577677012073 ) ) ;
#700 = DIRECTION ( 'NONE',  ( -0.000000000000000000, 0.000000000000000000, 1.000000000000000000 ) ) ;
#701 = CARTESIAN_POINT ( 'NONE',  ( 66.01962037014254747, -26.80350722084229886, 5.913269049517375642 ) ) ;
#702 = DIRECTION ( 'NONE',  ( -0.000000000000000000, -0.000000000000000000, -1.000000000000000000 ) ) ;
#703 = DIRECTION ( 'NONE',  ( -0.000000000000000000, -0.000000000000000000, -1.000000000000000000 ) ) ;
#704 = CARTESIAN_POINT ( 'NONE',  ( -2.277266001350169322, 10.08264590114086801, 5.000000000000000000 ) ) ;
#705 = CARTESIAN_POINT ( 'NONE',  ( 41.68068223106632786, -12.45402414125779522, 1.306830665455510035E-15 ) ) ;
#706 = CARTESIAN_POINT ( 'NONE',  ( 4.000000000000000000, 0.000000000000000000, 4.500000000000000888 ) ) ;
#707 = CARTESIAN_POINT ( 'NONE',  ( 66.02063396434824938, -26.80298768026389311, 5.913378553360233880 ) ) ;
#708 = AXIS2_PLACEMENT_3D ( 'NONE', #2165, #3380, #2228 ) ;
#709 = CARTESIAN_POINT ( 'NONE',  ( 71.92462579909955878, -22.45974007389204630, 5.000000000000000000 ) ) ;
#710 = DIRECTION ( 'NONE',  ( -1.000000000000000000, 0.000000000000000000, 0.000000000000000000 ) ) ;
#711 = ORIENTED_EDGE ( 'NONE', *, *, #566, .F. ) ;
#712 = AXIS2_PLACEMENT_3D ( 'NONE', #1609, #3462, #1860 ) ;
#713 = ORIENTED_EDGE ( 'NONE', *, *, #3313, .F. ) ;
#714 = CARTESIAN_POINT ( 'NONE',  ( -9.245380815148957154, 3.096035139153880067, 5.000000000000000000 ) ) ;
#715 = AXIS2_PLACEMENT_3D ( 'NONE', #924, #1864, #1810 ) ;
#716 = ORIENTED_EDGE ( 'NONE', *, *, #2526, .T. ) ;
#717 = CARTESIAN_POINT ( 'NONE',  ( 41.95330469784679650, -14.69299171608071752, 0.04467523686680299755 ) ) ;
#718 = ORIENTED_EDGE ( 'NONE', *, *, #3249, .F. ) ;
#719 = VERTEX_POINT ( 'NONE', #3374 ) ;
#720 = CARTESIAN_POINT ( 'NONE',  ( 58.61166490164042386, -28.50047945360431356, 5.080465850506771019 ) ) ;
#721 = CARTESIAN_POINT ( 'NONE',  ( 0.000000000000000000, 0.000000000000000000, 10.00000000000000000 ) ) ;
#722 = CARTESIAN_POINT ( 'NONE',  ( 47.93339750870197946, -23.45896104229896650, 6.042075928623542147 ) ) ;
#723 = EDGE_CURVE ( 'NONE', #1682, #305, #2743, .T. ) ;
#724 = DIRECTION ( 'NONE',  ( 0.000000000000000000, 0.000000000000000000, 1.000000000000000000 ) ) ;
#725 = CARTESIAN_POINT ( 'NONE',  ( 50.60199117353020881, -21.79254300453274951, -4.336808689942017736E-16 ) ) ;
#726 = DIRECTION ( 'NONE',  ( 1.000000000000000000, 0.000000000000000000, 0.000000000000000000 ) ) ;
#727 = CARTESIAN_POINT ( 'NONE',  ( -6.934274570223737832, -9.793663062651708273, 5.000000000000000000 ) ) ;
#728 = DIRECTION ( 'NONE',  ( 0.8005624258737021881, -0.5992493656894540832, 0.000000000000000000 ) ) ;
#729 = ORIENTED_EDGE ( 'NONE', *, *, #738, .T. ) ;
#730 = DIRECTION ( 'NONE',  ( -0.000000000000000000, 0.000000000000000000, 1.000000000000000000 ) ) ;
#731 = CARTESIAN_POINT ( 'NONE',  ( 44.38781863646580916, -18.92101370538071947, 5.000000000000000000 ) ) ;
#732 = ORIENTED_EDGE ( 'NONE', *, *, #809, .T. ) ;
#733 = DIRECTION ( 'NONE',  ( -0.02999401688879442182, -0.3407024176482847388, 0.9396926207859082059 ) ) ;
#734 = ORIENTED_EDGE ( 'NONE', *, *, #2397, .F. ) ;
#735 = ORIENTED_EDGE ( 'NONE', *, *, #1762, .T. ) ;
#736 = CARTESIAN_POINT ( 'NONE',  ( 49.45816261096537403, -25.85767370464695247, 4.462582800655672699 ) ) ;
#737 = DIRECTION ( 'NONE',  ( 0.000000000000000000, 0.9401155992315030074, 0.3408557760719218566 ) ) ;
#738 = EDGE_CURVE ( 'NONE', #1950, #2534, #3397, .T. ) ;
#739 = ORIENTED_EDGE ( 'NONE', *, *, #790, .F. ) ;
#740 = ORIENTED_EDGE ( 'NONE', *, *, #2425, .F. ) ;
#741 = CARTESIAN_POINT ( 'NONE',  ( 65.81050097539454669, -27.29847716038152328, 4.786898098980529426 ) ) ;
#742 = FACE_OUTER_BOUND ( 'NONE', #141, .T. ) ;
#743 = CARTESIAN_POINT ( 'NONE',  ( 49.78370283174940880, -18.37889333475270703, 1.815281035916419983 ) ) ;
#744 = CARTESIAN_POINT ( 'NONE',  ( 40.92098067367143699, -13.38010702749761904, 1.000000000000000000 ) ) ;
#745 = CARTESIAN_POINT ( 'NONE',  ( 2.896754996815508409, 9.310511098144594655, 0.6165819438033962596 ) ) ;
#746 = CYLINDRICAL_SURFACE ( 'NONE', #513, 14.40000000000000036 ) ;
#747 = ORIENTED_EDGE ( 'NONE', *, *, #2015, .T. ) ;
#748 = CARTESIAN_POINT ( 'NONE',  ( 37.81414620201118737, -13.64361935678134330, 4.000000000000003553 ) ) ;
#749 = LINE ( 'NONE', #771, #2216 ) ;
#750 = VECTOR ( 'NONE', #1479, 1000.000000000000000 ) ;
#751 = ORIENTED_EDGE ( 'NONE', *, *, #2303, .T. ) ;
#752 = DIRECTION ( 'NONE',  ( -0.000000000000000000, -0.000000000000000000, -1.000000000000000000 ) ) ;
#753 = ORIENTED_EDGE ( 'NONE', *, *, #3910, .F. ) ;
#754 = ORIENTED_EDGE ( 'NONE', *, *, #1118, .T. ) ;
#755 = DIRECTION ( 'NONE',  ( 0.000000000000000000, 0.000000000000000000, 1.000000000000000000 ) ) ;
#756 = CIRCLE ( 'NONE', #1135, 12.00000000000000178 ) ;
#757 = FACE_OUTER_BOUND ( 'NONE', #1980, .T. ) ;
#758 = ORGANIZATION ( '未指定', '未指定', '' ) ;
#759 = VERTEX_POINT ( 'NONE', #360 ) ;
#760 = ORIENTED_EDGE ( 'NONE', *, *, #1629, .F. ) ;
#761 = CARTESIAN_POINT ( 'NONE',  ( 42.58608909866767078, -18.24664952468881651, 4.149406049432434074 ) ) ;
#762 = LINE ( 'NONE', #3542, #1828 ) ;
#763 = AXIS2_PLACEMENT_3D ( 'NONE', #1256, #27, #1802 ) ;
#764 = EDGE_CURVE ( 'NONE', #2708, #3168, #3054, .T. ) ;
#765 = CARTESIAN_POINT ( 'NONE',  ( -0.4127191702219250025, -9.741260846858139644, 4.022558933802785397 ) ) ;
#766 = CARTESIAN_POINT ( 'NONE',  ( 42.11202299364440904, -15.81202466025407105, 4.877086176316811184 ) ) ;
#767 = DIRECTION ( 'NONE',  ( -0.000000000000000000, -0.000000000000000000, -1.000000000000000000 ) ) ;
#768 = DIRECTION ( 'NONE',  ( -0.000000000000000000, -0.000000000000000000, -1.000000000000000000 ) ) ;
#769 = ADVANCED_FACE ( 'NONE', ( #1943 ), #3158, .T. ) ;
#770 = DIRECTION ( 'NONE',  ( 0.8412535328311805394, 0.5406408174555986657, 0.000000000000000000 ) ) ;
#771 = CARTESIAN_POINT ( 'NONE',  ( -2.070630938732226145, 11.82000370201147454, 5.000000000000000000 ) ) ;
#772 = CIRCLE ( 'NONE', #1027, 19.00000000000000355 ) ;
#773 = CARTESIAN_POINT ( 'NONE',  ( 70.28122942980280641, -11.28376353689979084, 1.432844501960198746 ) ) ;
#774 = ORIENTED_EDGE ( 'NONE', *, *, #3802, .T. ) ;
#775 = VERTEX_POINT ( 'NONE', #31 ) ;
#776 = CARTESIAN_POINT ( 'NONE',  ( 64.51603054051837205, -28.11831896394228636, 4.019570575980089266 ) ) ;
#777 = AXIS2_PLACEMENT_3D ( 'NONE', #2382, #3632, #2440 ) ;
#778 = CARTESIAN_POINT ( 'NONE',  ( 3.538487972271890492, -9.085240936270604806, 5.000000000000000000 ) ) ;
#779 = AXIS2_PLACEMENT_3D ( 'NONE', #1203, #2419, #3694 ) ;
#780 = EDGE_LOOP ( 'NONE', ( #3096, #3495, #1311, #3034 ) ) ;
#781 = ORIENTED_EDGE ( 'NONE', *, *, #3637, .T. ) ;
#782 = CARTESIAN_POINT ( 'NONE',  ( 42.59568168528949172, -18.28925675574487997, 4.000000000000003553 ) ) ;
#783 = DIRECTION ( 'NONE',  ( -0.000000000000000000, -0.000000000000000000, -1.000000000000000000 ) ) ;
#784 = CARTESIAN_POINT ( 'NONE',  ( 42.34544348990442586, -17.11122466623785954, 4.682510623423377538 ) ) ;
#785 = CARTESIAN_POINT ( 'NONE',  ( 77.18245130550657507, -2.624016379460802906, 4.000000000000003553 ) ) ;
#786 = CARTESIAN_POINT ( 'NONE',  ( 45.18284745072794806, -20.68903290467617495, 5.000000000000001776 ) ) ;
#787 = ADVANCED_FACE ( 'NONE', ( #69, #1242 ), #1261, .T. ) ;
#788 = CARTESIAN_POINT ( 'NONE',  ( -10.28893766292894085, 6.175577848943564874, 5.000000000000000000 ) ) ;
#789 = DIRECTION ( 'NONE',  ( -1.000000000000000000, 0.000000000000000000, 0.000000000000000000 ) ) ;
#790 = EDGE_CURVE ( 'NONE', #3350, #1353, #1912, .T. ) ;
#791 = CARTESIAN_POINT ( 'NONE',  ( 63.79423940116506486, -22.70730192312956675, 1.948278818698011339 ) ) ;
#792 = ORIENTED_EDGE ( 'NONE', *, *, #223, .T. ) ;
#793 = VERTEX_POINT ( 'NONE', #3559 ) ;
#794 = ADVANCED_FACE ( 'NONE', ( #487 ), #746, .T. ) ;
#795 = DIRECTION ( 'NONE',  ( 0.000000000000000000, 0.000000000000000000, -1.000000000000000000 ) ) ;
#796 = ORIENTED_EDGE ( 'NONE', *, *, #2652, .T. ) ;
#797 = ORIENTED_EDGE ( 'NONE', *, *, #836, .T. ) ;
#798 = CARTESIAN_POINT ( 'NONE',  ( 66.30560344005121465, -27.08373557866058334, 4.815469054028577389 ) ) ;
#799 = CYLINDRICAL_SURFACE ( 'NONE', #1131, 12.00000000000000178 ) ;
#800 = CARTESIAN_POINT ( 'NONE',  ( 42.50964102192878613, -17.90076826671927890, 4.422501908689949524 ) ) ;
#801 = DIRECTION ( 'NONE',  ( 0.000000000000000000, 0.9401155992315028964, 0.3408557760719220231 ) ) ;
#802 = CARTESIAN_POINT ( 'NONE',  ( -10.30410784652952749, -0.8191765962152178782, 0.000000000000000000 ) ) ;
#803 = EDGE_CURVE ( 'NONE', #3869, #481, #1377, .T. ) ;
#804 = DIRECTION ( 'NONE',  ( 0.000000000000000000, -0.000000000000000000, -1.000000000000000000 ) ) ;
#805 = CARTESIAN_POINT ( 'NONE',  ( 41.93263458921222053, -14.51512975066025746, 4.962826419315558013 ) ) ;
#806 = CARTESIAN_POINT ( 'NONE',  ( 69.42815674713034468, -15.90250118510859245, -4.336808689942017736E-16 ) ) ;
#807 = ORIENTED_EDGE ( 'NONE', *, *, #2782, .T. ) ;
#808 = CARTESIAN_POINT ( 'NONE',  ( -0.7664619624032945611, -8.706251136499478349, 4.000000000000000000 ) ) ;
#809 = EDGE_CURVE ( 'NONE', #3144, #2370, #1979, .T. ) ;
#810 = CIRCLE ( 'NONE', #2725, 19.00000000000000355 ) ;
#811 = CIRCLE ( 'NONE', #2344, 1.000000000000001110 ) ;
#812 = EDGE_CURVE ( 'NONE', #2402, #433, #3772, .T. ) ;
#813 = VERTEX_POINT ( 'NONE', #3201 ) ;
#814 = AXIS2_PLACEMENT_3D ( 'NONE', #1364, #2316, #1338 ) ;
#815 = VERTEX_POINT ( 'NONE', #1732 ) ;
#816 = CARTESIAN_POINT ( 'NONE',  ( 41.40579516964377405, -12.46193405252006592, 4.999139646742833953 ) ) ;
#817 = CARTESIAN_POINT ( 'NONE',  ( 41.93445205284805155, -14.53080358726206001, 0.03783125792452581015 ) ) ;
#818 = LOCAL_TIME ( 15, 58, 26.00000000000000000, #2565 ) ;
#819 = CIRCLE ( 'NONE', #1199, 3.000000000000000000 ) ;
#820 = CARTESIAN_POINT ( 'NONE',  ( 42.11185413001065569, -15.81096907255946959, 4.877188022794018529 ) ) ;
#821 = CARTESIAN_POINT ( 'NONE',  ( 38.19981293024329005, -12.59038157124754775, 4.892042831950417003 ) ) ;
#822 = CARTESIAN_POINT ( 'NONE',  ( -5.460564090080127997, 8.077421607055523367, 0.000000000000000000 ) ) ;
#823 = CIRCLE ( 'NONE', #194, 0.5000000000000000000 ) ;
#824 = CARTESIAN_POINT ( 'NONE',  ( 0.7543555747012188339, 8.568734525290727433, 4.000000000000000000 ) ) ;
#825 = DIRECTION ( 'NONE',  ( -0.000000000000000000, -0.000000000000000000, -1.000000000000000000 ) ) ;
#826 = CARTESIAN_POINT ( 'NONE',  ( 65.61686753170363318, -2.004045908797544850, 1.051721181301151109 ) ) ;
#827 = AXIS2_PLACEMENT_3D ( 'NONE', #612, #657, #297 ) ;
#828 = ORIENTED_EDGE ( 'NONE', *, *, #2914, .F. ) ;
#829 = AXIS2_PLACEMENT_3D ( 'NONE', #706, #3073, #1861 ) ;
#830 = CARTESIAN_POINT ( 'NONE',  ( 63.10078019897721902, -28.43091077973942404, 4.439748950281086515 ) ) ;
#831 = CIRCLE ( 'NONE', #3304, 3.762221576582363003 ) ;
#832 = CIRCLE ( 'NONE', #1989, 1.000000000000002887 ) ;
#833 = VERTEX_POINT ( 'NONE', #822 ) ;
#834 = ORIENTED_EDGE ( 'NONE', *, *, #144, .T. ) ;
#835 = CARTESIAN_POINT ( 'NONE',  ( 37.86841819138552268, -12.60725466892475666, 4.868209526391270359 ) ) ;
#836 = EDGE_CURVE ( 'NONE', #2530, #385, #2940, .T. ) ;
#837 = CARTESIAN_POINT ( 'NONE',  ( 0.000000000000000000, 0.000000000000000000, 0.000000000000000000 ) ) ;
#838 = CIRCLE ( 'NONE', #2111, 12.00000000000000178 ) ;
#839 = CIRCLE ( 'NONE', #3844, 3.762221576582363003 ) ;
#840 = DIRECTION ( 'NONE',  ( -0.4546044115479175862, 0.8906934540015277735, 0.000000000000000000 ) ) ;
#841 = ADVANCED_FACE ( 'NONE', ( #1435 ), #2646, .T. ) ;
#842 = CARTESIAN_POINT ( 'NONE',  ( 38.63866005832707629, -12.56834442364921500, 4.922314141922338848 ) ) ;
#843 = CARTESIAN_POINT ( 'NONE',  ( 60.48065508479209740, 2.823790128362731355, 5.000000000000000000 ) ) ;
#844 = DIRECTION ( 'NONE',  ( -0.4154150130018903209, 0.9096319953545165538, 0.000000000000000000 ) ) ;
#845 = CARTESIAN_POINT ( 'NONE',  ( 41.80855975311821737, -13.14109121459113361, 4.996819852900187264 ) ) ;
#846 = DIRECTION ( 'NONE',  ( 1.000000000000000000, 0.000000000000000000, 0.000000000000000000 ) ) ;
#847 = CARTESIAN_POINT ( 'NONE',  ( 74.49971870210484326, -12.63592344522321120, 5.000000000000000000 ) ) ;
#848 = EDGE_LOOP ( 'NONE', ( #228, #2265, #2898, #2146, #3661, #1039 ) ) ;
#849 = CARTESIAN_POINT ( 'NONE',  ( 58.66234010460919279, -28.65067144231507612, 4.743458198666593795 ) ) ;
#850 = PRODUCT ( '夹爪指尖2', '夹爪指尖2', '', ( #2516 ) ) ;
#851 = EDGE_LOOP ( 'NONE', ( #2639, #2869, #1994, #797 ) ) ;
#852 = CARTESIAN_POINT ( 'NONE',  ( 36.55200055600982978, -12.68208212397003010, 4.726773313144838617 ) ) ;
#853 = CARTESIAN_POINT ( 'NONE',  ( 40.26119874875364246, -12.49860033418691074, 4.988179902106105956 ) ) ;
#854 = EDGE_CURVE ( 'NONE', #3831, #457, #2589, .T. ) ;
#855 = CARTESIAN_POINT ( 'NONE',  ( 65.55606884528431522, -27.04111094730346210, 5.863188980868609512 ) ) ;
#856 = CARTESIAN_POINT ( 'NONE',  ( 50.05272689489138571, -25.52217008320420177, 5.776433767067180369 ) ) ;
#857 = CARTESIAN_POINT ( 'NONE',  ( 37.18359258625264374, -12.64473774803582806, 4.804711217830281100 ) ) ;
#858 = CARTESIAN_POINT ( 'NONE',  ( 39.65814758092678716, -7.447774109152731192, 5.000000000000000000 ) ) ;
#859 = CARTESIAN_POINT ( 'NONE',  ( -6.039487577932532325, 10.08264590114086801, 5.000000000000000000 ) ) ;
#860 = DIRECTION ( 'NONE',  ( -0.000000000000000000, -0.000000000000000000, -1.000000000000000000 ) ) ;
#861 = EDGE_CURVE ( 'NONE', #972, #1848, #831, .T. ) ;
#862 = PLANE ( 'NONE',  #877 ) ;
#863 = CARTESIAN_POINT ( 'NONE',  ( -7.366847990940307511, 7.250878532086780126, 5.000000000000000000 ) ) ;
#864 = CARTESIAN_POINT ( 'NONE',  ( 73.49220438337293615, -14.07349598577423855, 5.984564082794375572 ) ) ;
#865 = CYLINDRICAL_SURFACE ( 'NONE', #1833, 3.762221576582363003 ) ;
#866 = ORIENTED_EDGE ( 'NONE', *, *, #2919, .F. ) ;
#867 = CYLINDRICAL_SURFACE ( 'NONE', #1834, 1.000000000000000222 ) ;
#868 = ORIENTED_EDGE ( 'NONE', *, *, #1997, .T. ) ;
#869 = CARTESIAN_POINT ( 'NONE',  ( 39.39449209948058694, -12.53467321258263922, 4.956774819475748828 ) ) ;
#870 = CARTESIAN_POINT ( 'NONE',  ( -1.650000000000000133, 0.000000000000000000, 0.000000000000000000 ) ) ;
#871 = VECTOR ( 'NONE', #3836, 1000.000000000000000 ) ;
#872 = AXIS2_PLACEMENT_3D ( 'NONE', #212, #3220, #3256 ) ;
#873 = CARTESIAN_POINT ( 'NONE',  ( 45.83232961692704777, -19.83740646710519684, 6.165383110829180779 ) ) ;
#874 = APPROVAL_PERSON_ORGANIZATION ( #2113, #2035, #351 ) ;
#875 = CARTESIAN_POINT ( 'NONE',  ( 0.000000000000000000, 0.000000000000000000, 0.000000000000000000 ) ) ;
#876 = CARTESIAN_POINT ( 'NONE',  ( 35.61028468121063639, -12.74240596233821599, 4.559333374590064381 ) ) ;
#877 = AXIS2_PLACEMENT_3D ( 'NONE', #2076, #881, #10 ) ;
#878 = ADVANCED_FACE ( 'NONE', ( #2324, #3235 ), #2022, .F. ) ;
#879 = CARTESIAN_POINT ( 'NONE',  ( 38.74099450453606863, -12.56400766647650435, 0.07414857296557302024 ) ) ;
#880 = CARTESIAN_POINT ( 'NONE',  ( 0.7543555747012188339, 8.568734525290727433, 1.000000000000000000 ) ) ;
#881 = DIRECTION ( 'NONE',  ( -0.000000000000000000, 0.000000000000000000, 1.000000000000000000 ) ) ;
#882 = CARTESIAN_POINT ( 'NONE',  ( -11.99437461453229581, -0.3673929861378426587, 5.000000000000000000 ) ) ;
#883 = CARTESIAN_POINT ( 'NONE',  ( 69.54441130916215741, -2.700889035082224332, 5.741418843025537733 ) ) ;
#884 = FACE_OUTER_BOUND ( 'NONE', #1270, .T. ) ;
#885 = VERTEX_POINT ( 'NONE', #1094 ) ;
#886 = CARTESIAN_POINT ( 'NONE',  ( -8.707127529965969615, 8.257477228361501886, 5.000000000000000000 ) ) ;
#887 = EDGE_CURVE ( 'NONE', #3036, #602, #173, .T. ) ;
#888 = EDGE_CURVE ( 'NONE', #692, #909, #1397, .T. ) ;
#889 = AXIS2_PLACEMENT_3D ( 'NONE', #3413, #111, #2826 ) ;
#890 = ORIENTED_EDGE ( 'NONE', *, *, #1911, .T. ) ;
#891 = AXIS2_PLACEMENT_3D ( 'NONE', #990, #2200, #3483 ) ;
#892 = CARTESIAN_POINT ( 'NONE',  ( 38.06235738269351998, -12.59728053001519577, 4.882577248490116872 ) ) ;
#893 = CARTESIAN_POINT ( 'NONE',  ( 38.38177332678072418, -12.58122526422621057, 0.09531774387643515700 ) ) ;
#894 = VECTOR ( 'NONE', #1288, 1000.000000000000000 ) ;
#895 = CARTESIAN_POINT ( 'NONE',  ( 49.47997423652663684, -24.75518554999351295, 5.203779027629328979 ) ) ;
#896 = CARTESIAN_POINT ( 'NONE',  ( -1.024417370216223144, 9.696033676282239000, 5.000000000000000000 ) ) ;
#897 = LINE ( 'NONE', #280, #3898 ) ;
#898 = VECTOR ( 'NONE', #1841, 1000.000000000000000 ) ;
#899 = CIRCLE ( 'NONE', #2246, 12.00000000000000355 ) ;
#900 = CARTESIAN_POINT ( 'NONE',  ( 38.39393410558316333, -12.58070316077740181, 0.09488255531194819681 ) ) ;
#901 = CARTESIAN_POINT ( 'NONE',  ( 34.53750541822680731, -12.81813254565328286, 4.000000000000000888 ) ) ;
#902 = DIRECTION ( 'NONE',  ( -0.9594929736144992560, 0.2817325568414236758, 0.000000000000000000 ) ) ;
#903 = CARTESIAN_POINT ( 'NONE',  ( 0.000000000000000000, 0.000000000000000000, 0.000000000000000000 ) ) ;
#904 = CARTESIAN_POINT ( 'NONE',  ( 72.69295548955285824, -5.603823851697893765, 5.000000000000000000 ) ) ;
#905 = CARTESIAN_POINT ( 'NONE',  ( 79.36845892795632551, -23.72760623228214172, 1.933204853926147049 ) ) ;
#906 = ORIENTED_EDGE ( 'NONE', *, *, #3132, .F. ) ;
#907 = ADVANCED_FACE ( 'NONE', ( #3528 ), #963, .T. ) ;
#908 = CARTESIAN_POINT ( 'NONE',  ( 59.15674713598087919, 2.237425738642523587, 5.000000000000000888 ) ) ;
#909 = VERTEX_POINT ( 'NONE', #193 ) ;
#910 = EDGE_CURVE ( 'NONE', #1136, #2028, #257, .T. ) ;
#911 = ORIENTED_EDGE ( 'NONE', *, *, #3045, .T. ) ;
#912 = CARTESIAN_POINT ( 'NONE',  ( 40.73057239946828645, -13.53732235313870902, 4.689183359088593406 ) ) ;
#913 = CARTESIAN_POINT ( 'NONE',  ( 59.32308535408332517, 0.01621249070526444014, 0.9887163358921184919 ) ) ;
#914 = CARTESIAN_POINT ( 'NONE',  ( 48.69562539557006886, -24.03711647556232478, 5.245163453979143853 ) ) ;
#915 = CARTESIAN_POINT ( 'NONE',  ( 2.893240755600778424, 9.311594136934065347, 4.381519619785098740 ) ) ;
#916 = CARTESIAN_POINT ( 'NONE',  ( 0.000000000000000000, 0.000000000000000000, 5.000000000000000000 ) ) ;
#917 = CARTESIAN_POINT ( 'NONE',  ( 60.48065508479210450, 2.823790128362731355, 6.000000000000000000 ) ) ;
#918 = CARTESIAN_POINT ( 'NONE',  ( 53.58071003904145613, -27.65091492668376105, 4.701489580707809424 ) ) ;
#919 = DIRECTION ( 'NONE',  ( -0.000000000000000000, -0.000000000000000000, -1.000000000000000000 ) ) ;
#920 = FACE_OUTER_BOUND ( 'NONE', #95, .T. ) ;
#921 = DIRECTION ( 'NONE',  ( -0.02999401688879442182, -0.3407024176482847388, 0.9396926207859082059 ) ) ;
#922 = CARTESIAN_POINT ( 'NONE',  ( 42.51429583330693163, -17.92216573368127186, 0.5884548157029286797 ) ) ;
#923 = VERTEX_POINT ( 'NONE', #2868 ) ;
#924 = CARTESIAN_POINT ( 'NONE',  ( 0.000000000000000000, 0.000000000000000000, 0.000000000000000000 ) ) ;
#925 = ORIENTED_EDGE ( 'NONE', *, *, #1762, .F. ) ;
#926 = ORIENTED_EDGE ( 'NONE', *, *, #2958, .F. ) ;
#927 = EDGE_CURVE ( 'NONE', #2370, #1850, #506, .T. ) ;
#928 = VERTEX_POINT ( 'NONE', #2570 ) ;
#929 = ADVANCED_FACE ( 'NONE', ( #1780 ), #536, .T. ) ;
#931 = CARTESIAN_POINT ( 'NONE',  ( 40.09191293037718395, -13.30711936845504084, 1.000000000000000222 ) ) ;
#930 = CALENDAR_DATE ( 2026, 12, 3 ) ;
#932 = CARTESIAN_POINT ( 'NONE',  ( 34.53750541822680731, -12.81813254565328286, 1.000000000000000444 ) ) ;
#933 = EDGE_CURVE ( 'NONE', #1644, #1615, #3629, .T. ) ;
#934 = CIRCLE ( 'NONE', #1957, 1.499999999999998446 ) ;
#935 = CARTESIAN_POINT ( 'NONE',  ( 48.62410742720157231, -24.24037188334045467, 5.955320832090187366 ) ) ;
#936 = CARTESIAN_POINT ( 'NONE',  ( 2.572818455719552588, 9.404435090496622962, 4.130166604574357692 ) ) ;
#937 = CARTESIAN_POINT ( 'NONE',  ( 46.03155818846938985, -20.32525903502831710, 6.175755339812713629 ) ) ;
#938 = DIRECTION ( 'NONE',  ( 1.000000000000000000, 0.000000000000000000, 0.000000000000000000 ) ) ;
#939 = CARTESIAN_POINT ( 'NONE',  ( 64.42775537802630481, -27.84268350300179762, 4.726106463736606145 ) ) ;
#940 = VECTOR ( 'NONE', #41, 1000.000000000000000 ) ;
#941 = DIRECTION ( 'NONE',  ( -0.000000000000000000, -0.000000000000000000, -1.000000000000000000 ) ) ;
#942 = CARTESIAN_POINT ( 'NONE',  ( 48.74239018713247873, -25.63800919507896481, 5.583411505023094357 ) ) ;
#943 = DIRECTION ( 'NONE',  ( -0.5992493656894546383, -0.8005624258737019661, -0.000000000000000000 ) ) ;
#944 = CARTESIAN_POINT ( 'NONE',  ( 42.36265627403620471, -17.19767072892727455, 0.3375579508964483555 ) ) ;
#945 = EDGE_LOOP ( 'NONE', ( #1530, #1172, #1913, #1289, #1981 ) ) ;
#946 = AXIS2_PLACEMENT_3D ( 'NONE', #1710, #3819, #1392 ) ;
#947 = FACE_OUTER_BOUND ( 'NONE', #1929, .T. ) ;
#948 = VERTEX_POINT ( 'NONE', #2660 ) ;
#949 = CARTESIAN_POINT ( 'NONE',  ( 76.25560927496999852, -2.999467908197606114, 1.000000000000000000 ) ) ;
#950 = ORIENTED_EDGE ( 'NONE', *, *, #1019, .F. ) ;
#951 =( BOUNDED_SURFACE ( )  B_SPLINE_SURFACE ( 2, 3, ( 
 ( #782, #2036, #2002, #761, #483, #218, #2641, #2881, #2018, #498, #1726, #1371, #3800, #1431, #3858, #3247, #516, #2953, #1444, #2656, #3644, #2969, #2388, #588 ),
 ( #3277, #2130, #546, #3909, #1496, #3927, #1212, #1773, #1156, #2067, #1459, #3948, #2431, #605, #1478, #2985, #1516, #2709, #2353, #291, #2114, #1190, #912, #3004 ),
 ( #2409, #1796, #233, #3337, #2089, #3621, #3585, #2673, #3892, #2693, #852, #3572, #1173, #3601, #1831, #835, #892, #2371, #3042, #3021, #312, #1535, #869, #3319 ) ),
 .UNSPECIFIED., .F., .F., .T. ) 
 B_SPLINE_SURFACE_WITH_KNOTS ( ( 3, 3 ),
 ( 4, 2, 2, 2, 2, 2, 2, 2, 2, 2, 2, 4 ),
 ( 0.000000000000000000, 1.000000000000000000 ),
 ( 1.595786307715016481E-16, 0.04202309583764192447, 0.08404619167528369628, 0.1680923833505672260, 0.2521385750258507419, 0.3361847667011342855, 0.4202309583764178291, 0.5042771500517013727, 0.6723695334022684600, 0.8404619167528355472, 1.008554300103402523, 1.344739066804536698 ),
 .UNSPECIFIED. ) 
 GEOMETRIC_REPRESENTATION_ITEM ( )  RATIONAL_B_SPLINE_SURFACE ( (
 ( 1.000000000000000000, 1.000000000000000000, 1.000000000000000000, 1.000000000000000000, 1.000000000000000000, 1.000000000000000000, 1.000000000000000000, 1.000000000000000000, 1.000000000000000000, 1.000000000000000000, 1.000000000000000000, 1.000000000000000000, 1.000000000000000000, 1.000000000000000000, 1.000000000000000000, 1.000000000000000000, 1.000000000000000000, 1.000000000000000000, 1.000000000000000000, 1.000000000000000000, 1.000000000000000000, 1.000000000000000000, 1.000000000000000000, 1.000000000000000000),
 ( 0.8734022485755020826, 0.8734016642795862095, 0.8736886327000168428, 0.8748152869367096240, 0.8756553609559563078, 0.8789253087331486691, 0.8821116589906707883, 0.8897891055062010501, 0.8942703465724619605, 0.9037197069217983714, 0.9086818111533804254, 0.9184275691048905399, 0.9232094541979515290, 0.9322033638926497945, 0.9364178005316835529, 0.9480082810865748666, 0.9543078136129391487, 0.9645284906862375829, 0.9684907178617281343, 0.9749464511562966340, 0.9774441623260737844, 0.9836295192658340847, 0.9860367025006491204, 0.9879624759153690094),
 ( 1.000000000000000000, 1.000000000000000000, 1.000000000000000000, 1.000000000000000000, 1.000000000000000000, 1.000000000000000000, 1.000000000000000000, 1.000000000000000000, 1.000000000000000000, 1.000000000000000000, 1.000000000000000000, 1.000000000000000000, 1.000000000000000000, 1.000000000000000000, 1.000000000000000000, 1.000000000000000000, 1.000000000000000000, 1.000000000000000000, 1.000000000000000000, 1.000000000000000000, 1.000000000000000000, 1.000000000000000000, 1.000000000000000000, 1.000000000000000000) ) ) 
 REPRESENTATION_ITEM ( '' )  SURFACE ( )  );
#952 = ORIENTED_EDGE ( 'NONE', *, *, #3177, .F. ) ;
#953 = EDGE_CURVE ( 'NONE', #185, #457, #3837, .T. ) ;
#954 = DATE_AND_TIME ( #980, #3503 ) ;
#955 = CARTESIAN_POINT ( 'NONE',  ( 40.59145115224200850, -13.68314850489880996, 0.4569632601004843253 ) ) ;
#956 = CIRCLE ( 'NONE', #3888, 9.750000000000000000 ) ;
#957 = CC_DESIGN_PERSON_AND_ORGANIZATION_ASSIGNMENT ( #3404, #1515, ( #2368 ) ) ;
#958 = AXIS2_PLACEMENT_3D ( 'NONE', #2225, #1305, #135 ) ;
#959 = EDGE_CURVE ( 'NONE', #147, #1187, #3878, .T. ) ;
#960 = CARTESIAN_POINT ( 'NONE',  ( 51.26277060113619655, -26.58582263092844045, 4.710661274102573515 ) ) ;
#961 = LINE ( 'NONE', #354, #940 ) ;
#962 = CARTESIAN_POINT ( 'NONE',  ( 69.53137541076733896, -23.64515510781620122, 5.144646623678967856 ) ) ;
#963 = TOROIDAL_SURFACE ( 'NONE', #3698, 4.000000000000000000, 0.5000000000000000000 ) ;
#964 = CARTESIAN_POINT ( 'NONE',  ( 35.18074790949049202, -12.77186265111330776, 0.5571146967635238756 ) ) ;
#965 = EDGE_CURVE ( 'NONE', #3312, #305, #9, .T. ) ;
#966 = CARTESIAN_POINT ( 'NONE',  ( 48.89434154015706468, -4.238558826371173538, -4.336808689942017736E-16 ) ) ;
#967 = AXIS2_PLACEMENT_3D ( 'NONE', #1452, #2062, #1527 ) ;
#968 = CARTESIAN_POINT ( 'NONE',  ( -9.615881436223880030, -1.611621607104151366, 5.000000000000000000 ) ) ;
#969 = CYLINDRICAL_SURFACE ( 'NONE', #3001, 9.750000000000000000 ) ;
#970 = DIRECTION ( 'NONE',  ( -0.000000000000000000, 0.000000000000000000, 1.000000000000000000 ) ) ;
#971 = FACE_OUTER_BOUND ( 'NONE', #1170, .T. ) ;
#972 = VERTEX_POINT ( 'NONE', #2991 ) ;
#973 = AXIS2_PLACEMENT_3D ( 'NONE', #903, #1222, #3610 ) ;
#974 = CARTESIAN_POINT ( 'NONE',  ( 59.15770238450225804, 1.996930309896734590, 5.657979856673419405 ) ) ;
#975 = ORIENTED_EDGE ( 'NONE', *, *, #3506, .F. ) ;
#976 = CARTESIAN_POINT ( 'NONE',  ( 0.000000000000000000, 0.000000000000000000, 5.000000000000000000 ) ) ;
#977 = CIRCLE ( 'NONE', #2433, 19.00000000000000355 ) ;
#978 = ORIENTED_EDGE ( 'NONE', *, *, #277, .F. ) ;
#979 = ORIENTED_EDGE ( 'NONE', *, *, #3535, .F. ) ;
#980 = CALENDAR_DATE ( 2026, 12, 3 ) ;
#981 = CARTESIAN_POINT ( 'NONE',  ( -9.743131826350435176, 0.3658991860571081389, 5.000000000000000000 ) ) ;
#982 = EDGE_CURVE ( 'NONE', #147, #1644, #3307, .T. ) ;
#983 = CARTESIAN_POINT ( 'NONE',  ( 51.41821047149515778, -26.46059506085021695, 5.661175130958780777 ) ) ;
#984 = CARTESIAN_POINT ( 'NONE',  ( 0.000000000000000000, 0.000000000000000000, 5.000000000000000000 ) ) ;
#985 = CARTESIAN_POINT ( 'NONE',  ( 65.93880544525025300, -27.65925884105716293, 4.000000000000003553 ) ) ;
#986 = DIRECTION ( 'NONE',  ( 0.8261666156967826247, -0.5634258807581747908, 0.000000000000000000 ) ) ;
#987 = FACE_OUTER_BOUND ( 'NONE', #3017, .T. ) ;
#988 = ADVANCED_FACE ( 'NONE', ( #3916 ), #1163, .T. ) ;
#989 = DIRECTION ( 'NONE',  ( 0.7419749203866262688, -0.6629229991528627908, -0.1000315685742913935 ) ) ;
#990 = CARTESIAN_POINT ( 'NONE',  ( 77.57245272531130809, -9.757595425460108274, 1.000000000000000888 ) ) ;
#991 = CARTESIAN_POINT ( 'NONE',  ( 42.13239466908499509, -15.93790835585265420, 0.1355016419283416318 ) ) ;
#992 = CARTESIAN_POINT ( 'NONE',  ( 41.77517180864411017, -12.45143877154274925, 0.000000000000000000 ) ) ;
#993 = EDGE_CURVE ( 'NONE', #77, #1510, #201, .T. ) ;
#994 = CARTESIAN_POINT ( 'NONE',  ( 0.6555888821085128493, 10.31580787075611561, 5.000000000000000000 ) ) ;
#995 = EDGE_LOOP ( 'NONE', ( #1708, #1363, #2144, #1811 ) ) ;
#996 = CYLINDRICAL_SURFACE ( 'NONE', #637, 9.750000000000000000 ) ;
#997 = ORIENTED_EDGE ( 'NONE', *, *, #1793, .F. ) ;
#998 = ORIENTED_EDGE ( 'NONE', *, *, #3266, .F. ) ;
#999 = LINE ( 'NONE', #981, #1252 ) ;
#1000 = ORIENTED_EDGE ( 'NONE', *, *, #2394, .T. ) ;
#1001 = ORIENTED_EDGE ( 'NONE', *, *, #1193, .T. ) ;
#1002 = CARTESIAN_POINT ( 'NONE',  ( 56.42008460516618840, -28.42845575887579201, 4.716475813800752981 ) ) ;
#1003 = DIRECTION ( 'NONE',  ( -0.000000000000000000, -0.000000000000000000, -1.000000000000000000 ) ) ;
#1004 = CARTESIAN_POINT ( 'NONE',  ( 48.51285872714196756, -19.13659134338206513, -4.336808689942017736E-16 ) ) ;
#1005 = DIRECTION ( 'NONE',  ( 1.000000000000000000, 0.000000000000000000, 0.000000000000000000 ) ) ;
#1006 = DIRECTION ( 'NONE',  ( -0.000000000000000000, -0.000000000000000000, -1.000000000000000000 ) ) ;
#1007 = DIRECTION ( 'NONE',  ( -0.8412535328311843141, 0.5406408174555928925, 0.000000000000000000 ) ) ;
#1008 = CARTESIAN_POINT ( 'NONE',  ( 41.80888354035901955, -13.14634518639207705, 0.003230740879993477133 ) ) ;
#1009 = AXIS2_PLACEMENT_3D ( 'NONE', #2093, #1177, #3302 ) ;
#1010 = CARTESIAN_POINT ( 'NONE',  ( -11.99437461453229581, -0.3673929861378426587, 5.000000000000000000 ) ) ;
#1011 = CARTESIAN_POINT ( 'NONE',  ( 45.78023846835356636, -5.199015817242115034, 5.000000000000000000 ) ) ;
#1012 = CIRCLE ( 'NONE', #1331, 0.5000000000000004441 ) ;
#1013 = ORIENTED_EDGE ( 'NONE', *, *, #3081, .F. ) ;
#1014 = LINE ( 'NONE', #2873, #894 ) ;
#1015 = VECTOR ( 'NONE', #465, 1000.000000000000000 ) ;
#1016 = EDGE_LOOP ( 'NONE', ( #1724, #2671, #1359, #331 ) ) ;
#1017 = ADVANCED_FACE ( 'NONE', ( #2358 ), #52, .T. ) ;
#1018 = DIRECTION ( 'NONE',  ( 0.000000000000000000, 0.000000000000000000, 1.000000000000000000 ) ) ;
#1019 = EDGE_CURVE ( 'NONE', #185, #388, #832, .T. ) ;
#1020 = ORIENTED_EDGE ( 'NONE', *, *, #1414, .T. ) ;
#1021 = CARTESIAN_POINT ( 'NONE',  ( 40.23080151712056818, -13.46713722598711982, 0.9008336164947255975 ) ) ;
#1022 = EDGE_LOOP ( 'NONE', ( #1106, #693, #2385, #2968 ) ) ;
#1023 = ORIENTED_EDGE ( 'NONE', *, *, #1603, .T. ) ;
#1024 = CARTESIAN_POINT ( 'NONE',  ( 51.58846376498241426, -26.76252281751978401, 4.706348909139704162 ) ) ;
#1025 = CARTESIAN_POINT ( 'NONE',  ( 40.36857587753066667, -13.15734083170245405, 4.806724168564494803 ) ) ;
#1026 = CARTESIAN_POINT ( 'NONE',  ( 49.40339751000011859, -24.93957320860278060, 5.857740672102335289 ) ) ;
#1027 = AXIS2_PLACEMENT_3D ( 'NONE', #3203, #2266, #2573 ) ;
#1028 = CARTESIAN_POINT ( 'NONE',  ( 41.73752922110219288, -16.82301918521108774, 4.000000000000003553 ) ) ;
#1029 = DIRECTION ( 'NONE',  ( -1.000000000000000000, 0.000000000000000000, 0.000000000000000000 ) ) ;
#1030 = CARTESIAN_POINT ( 'NONE',  ( 58.74758949093612159, -16.86212389772379794, 15.26920582600362053 ) ) ;
#1031 = DIRECTION ( 'NONE',  ( 1.000000000000000000, 0.000000000000000000, 0.000000000000000000 ) ) ;
#1032 = DIRECTION ( 'NONE',  ( -0.000000000000000000, -0.000000000000000000, -1.000000000000000000 ) ) ;
#1033 = ORIENTED_EDGE ( 'NONE', *, *, #1688, .F. ) ;
#1034 = CIRCLE ( 'NONE', #3253, 3.762221576582364335 ) ;
#1035 = CARTESIAN_POINT ( 'NONE',  ( 35.38199094498514796, -12.89247752191372598, 4.000000000000003553 ) ) ;
#1036 = CARTESIAN_POINT ( 'NONE',  ( 45.33503162051526658, -18.61966895739778138, 6.139492804775525059 ) ) ;
#1037 = ORIENTED_EDGE ( 'NONE', *, *, #1939, .T. ) ;
#1038 = CARTESIAN_POINT ( 'NONE',  ( 58.02052813622052696, -25.12082303257633242, -4.336808689942017736E-16 ) ) ;
#1039 = ORIENTED_EDGE ( 'NONE', *, *, #3827, .T. ) ;
#1040 = ADVANCED_FACE ( 'NONE', ( #96 ), #1604, .T. ) ;
#1041 = AXIS2_PLACEMENT_3D ( 'NONE', #1070, #2263, #209 ) ;
#1042 = ORIENTED_EDGE ( 'NONE', *, *, #3937, .T. ) ;
#1043 = CARTESIAN_POINT ( 'NONE',  ( 57.88951458748992707, -28.69748425952369075, 4.327659578601885215 ) ) ;
#1044 = CIRCLE ( 'NONE', #3316, 12.00000000000000533 ) ;
#1045 = DIRECTION ( 'NONE',  ( 0.3350711957862552715, -0.9421928113472152200, -2.428612866367535296E-14 ) ) ;
#1046 = VERTEX_POINT ( 'NONE', #3097 ) ;
#1047 = ORIENTED_EDGE ( 'NONE', *, *, #2912, .F. ) ;
#1048 = CARTESIAN_POINT ( 'NONE',  ( 55.70530171997826585, -28.28645199150643208, 4.713120156167011743 ) ) ;
#1049 = FACE_OUTER_BOUND ( 'NONE', #2722, .T. ) ;
#1050 = CARTESIAN_POINT ( 'NONE',  ( 46.75399137553834805, -14.27058850141880342, -4.336808689942017736E-16 ) ) ;
#1051 = CARTESIAN_POINT ( 'NONE',  ( -0.9662303906370903750, -10.29135985382434448, 5.000000000000000000 ) ) ;
#1052 = CARTESIAN_POINT ( 'NONE',  ( 4.850771547119496319, 8.462134670202880571, 0.02564714866469852347 ) ) ;
#1053 = ORIENTED_EDGE ( 'NONE', *, *, #2057, .F. ) ;
#1054 = CARTESIAN_POINT ( 'NONE',  ( 36.21691322739626173, -13.07477953187409092, 4.000000000000003553 ) ) ;
#1055 = DIRECTION ( 'NONE',  ( 0.9961472278662546476, -0.08769663855802287133, 0.000000000000000000 ) ) ;
#1056 = VERTEX_POINT ( 'NONE', #368 ) ;
#1057 = CARTESIAN_POINT ( 'NONE',  ( 69.47983506914528107, -19.50114378856392250, -4.336808689942017736E-16 ) ) ;
#1058 = ORIENTED_EDGE ( 'NONE', *, *, #2714, .F. ) ;
#1059 = ORIENTED_EDGE ( 'NONE', *, *, #3637, .F. ) ;
#1060 = CARTESIAN_POINT ( 'NONE',  ( 65.93880544525025300, -27.65925884105716293, 4.000000000000003553 ) ) ;
#1061 = FACE_OUTER_BOUND ( 'NONE', #1514, .T. ) ;
#1062 = EDGE_CURVE ( 'NONE', #1637, #3727, #1738, .T. ) ;
#1063 = VERTEX_POINT ( 'NONE', #1592 ) ;
#1064 = ORIENTED_EDGE ( 'NONE', *, *, #3334, .T. ) ;
#1065 = DIRECTION ( 'NONE',  ( 0.6548607339452836573, 0.7557495743542594901, 0.000000000000000000 ) ) ;
#1066 = DIRECTION ( 'NONE',  ( -0.6548607339452886533, 0.7557495743542551603, 0.000000000000000000 ) ) ;
#1067 = EDGE_CURVE ( 'NONE', #3724, #3036, #3449, .T. ) ;
#1068 = CARTESIAN_POINT ( 'NONE',  ( -0.4127191702219250580, -9.741260846858139644, 3.999999999999996447 ) ) ;
#1069 = CARTESIAN_POINT ( 'NONE',  ( 42.11148839569389679, -15.80868313868893615, 4.877408671011425056 ) ) ;
#1070 = CARTESIAN_POINT ( 'NONE',  ( 0.6555888821085128493, 10.31580787075611561, 5.000000000000000000 ) ) ;
#1071 = DIRECTION ( 'NONE',  ( -0.4154150130018903764, 0.9096319953545165538, 0.000000000000000000 ) ) ;
#1072 = VERTEX_POINT ( 'NONE', #75 ) ;
#1073 = DIRECTION ( 'NONE',  ( 0.000000000000000000, 0.000000000000000000, 1.000000000000000000 ) ) ;
#1074 = DIRECTION ( 'NONE',  ( 0.9594929736144972576, 0.2817325568414301151, 0.000000000000000000 ) ) ;
#1075 = VERTEX_POINT ( 'NONE', #2785 ) ;
#1076 = CARTESIAN_POINT ( 'NONE',  ( 59.57874760985846763, -23.84301159507242218, 2.013030214988092315 ) ) ;
#1077 = ORIENTED_EDGE ( 'NONE', *, *, #190, .T. ) ;
#1078 = CIRCLE ( 'NONE', #683, 9.750000000000000000 ) ;
#1079 = ORIENTED_EDGE ( 'NONE', *, *, #2073, .F. ) ;
#1080 = CIRCLE ( 'NONE', #3817, 0.9999999999999987788 ) ;
#1081 = CARTESIAN_POINT ( 'NONE',  ( 55.67556914357768960, -28.36859442864052738, 4.306144787520750583 ) ) ;
#1082 = VECTOR ( 'NONE', #1169, 1000.000000000000000 ) ;
#1083 = CARTESIAN_POINT ( 'NONE',  ( 58.74758949093612159, -16.86212389772379794, 15.26920582600362053 ) ) ;
#1084 = AXIS2_PLACEMENT_3D ( 'NONE', #3872, #1411, #1065 ) ;
#1085 = EDGE_CURVE ( 'NONE', #1634, #2161, #1014, .T. ) ;
#1086 = ORIENTED_EDGE ( 'NONE', *, *, #1091, .T. ) ;
#1087 = ORIENTED_EDGE ( 'NONE', *, *, #101, .T. ) ;
#1088 = CARTESIAN_POINT ( 'NONE',  ( -6.934274570223737832, -9.793663062651708273, 0.000000000000000000 ) ) ;
#1089 = DIRECTION ( 'NONE',  ( 0.000000000000000000, 0.000000000000000000, 1.000000000000000000 ) ) ;
#1090 = APPROVAL ( #2859, '未指定' ) ;
#1091 = EDGE_CURVE ( 'NONE', #1312, #3869, #3122, .T. ) ;
#1092 = CARTESIAN_POINT ( 'NONE',  ( 42.56556967308527106, -18.15496860798724299, 4.257280430716567032 ) ) ;
#1093 = CARTESIAN_POINT ( 'NONE',  ( 58.74758949093612159, -16.86212389772379794, 15.26920582600362053 ) ) ;
#1094 = CARTESIAN_POINT ( 'NONE',  ( -0.4127191702219250580, -9.741260846858139644, 3.999999999999996447 ) ) ;
#1095 = CIRCLE ( 'NONE', #138, 1.500000000000000222 ) ;
#1096 = EDGE_CURVE ( 'NONE', #759, #3584, #2941, .T. ) ;
#1097 = CARTESIAN_POINT ( 'NONE',  ( 71.08299221169866655, -21.93700872414631320, 6.162662533388570729 ) ) ;
#1098 = CARTESIAN_POINT ( 'NONE',  ( 59.57245272531130809, -9.757595425460108274, 56.16535285861884574 ) ) ;
#1099 = CARTESIAN_POINT ( 'NONE',  ( 70.34367233888576720, -11.32347765530160544, -3.697415459047958832E-13 ) ) ;
#1100 = ORIENTED_EDGE ( 'NONE', *, *, #694, .T. ) ;
#1101 = ORIENTED_EDGE ( 'NONE', *, *, #888, .T. ) ;
#1102 = AXIS2_PLACEMENT_3D ( 'NONE', #1448, #1761, #239 ) ;
#1103 = CARTESIAN_POINT ( 'NONE',  ( -11.78923103425785790, 2.239203345141189239, 0.000000000000000000 ) ) ;
#1104 = AXIS2_PLACEMENT_3D ( 'NONE', #323, #1006, #2222 ) ;
#1105 = CARTESIAN_POINT ( 'NONE',  ( -0.9662303906370903750, -10.29135985382434448, 0.000000000000000000 ) ) ;
#1106 = ORIENTED_EDGE ( 'NONE', *, *, #205, .F. ) ;
#1107 = VERTEX_POINT ( 'NONE', #648 ) ;
#1108 = LINE ( 'NONE', #2278, #1015 ) ;
#1109 = LINE ( 'NONE', #1745, #3234 ) ;
#1110 = EDGE_CURVE ( 'NONE', #923, #122, #572, .T. ) ;
#1111 = CARTESIAN_POINT ( 'NONE',  ( -7.218085806415211358, -6.554520370799626683, 5.000000000000000000 ) ) ;
#1112 = CARTESIAN_POINT ( 'NONE',  ( 49.08658852939833395, -25.13330185154058682, 4.791705752511547622 ) ) ;
#1113 = DIRECTION ( 'NONE',  ( 1.000000000000000000, 0.000000000000000000, 0.000000000000000000 ) ) ;
#1114 = CARTESIAN_POINT ( 'NONE',  ( -0.4127191702219250580, -9.741260846858139644, 1.000000000000000888 ) ) ;
#1115 = EDGE_CURVE ( 'NONE', #3539, #815, #2629, .T. ) ;
#1116 = CARTESIAN_POINT ( 'NONE',  ( 69.86131788216241034, -4.603111271549763295, -4.336808689942017736E-16 ) ) ;
#1117 = ORIENTED_EDGE ( 'NONE', *, *, #2863, .T. ) ;
#1118 = EDGE_CURVE ( 'NONE', #3400, #2232, #3701, .T. ) ;
#1119 = CARTESIAN_POINT ( 'NONE',  ( 61.99155177414441908, -28.60671976578501585, 4.455852921874045691 ) ) ;
#1120 = EDGE_LOOP ( 'NONE', ( #1370, #1314, #716, #2251 ) ) ;
#1121 = ORIENTED_EDGE ( 'NONE', *, *, #3006, .F. ) ;
#1122 = CARTESIAN_POINT ( 'NONE',  ( 41.31354087891845239, -12.46470026312562851, 4.998617487436882278 ) ) ;
#1123 = CARTESIAN_POINT ( 'NONE',  ( 41.05514637824158086, -13.21105047951412459, 0.1068255642430154945 ) ) ;
#1124 = CARTESIAN_POINT ( 'NONE',  ( 42.34603302587049001, -17.11420057461318933, 4.681839750649703369 ) ) ;
#1125 = DIRECTION ( 'NONE',  ( -0.000000000000000000, -0.000000000000000000, -1.000000000000000000 ) ) ;
#1126 = DIRECTION ( 'NONE',  ( 0.000000000000000000, 0.9401155992315030074, 0.3408557760719219676 ) ) ;
#1127 = DIRECTION ( 'NONE',  ( 1.000000000000000000, 5.300543954373575831E-15, 0.000000000000000000 ) ) ;
#1128 = CARTESIAN_POINT ( 'NONE',  ( -0.4127191702310623045, -9.741260846858843081, 0.9777617713209258987 ) ) ;
#1129 = DIRECTION ( 'NONE',  ( -0.000000000000000000, -0.000000000000000000, -1.000000000000000000 ) ) ;
#1130 = ORIENTED_EDGE ( 'NONE', *, *, #3415, .F. ) ;
#1131 = AXIS2_PLACEMENT_3D ( 'NONE', #1432, #2642, #547 ) ;
#1132 = CARTESIAN_POINT ( 'NONE',  ( 52.13628169383611066, -27.25772968207217772, 4.117451388703563531 ) ) ;
#1133 = ADVANCED_FACE ( 'NONE', ( #3721 ), #996, .T. ) ;
#1134 = ORIENTED_EDGE ( 'NONE', *, *, #2073, .T. ) ;
#1135 = AXIS2_PLACEMENT_3D ( 'NONE', #1951, #2911, #3536 ) ;
#1136 = VERTEX_POINT ( 'NONE', #688 ) ;
#1137 = DIRECTION ( 'NONE',  ( -0.000000000000000000, -0.000000000000000000, -1.000000000000000000 ) ) ;
#1138 = CARTESIAN_POINT ( 'NONE',  ( 0.000000000000000000, 0.000000000000000000, 5.000000000000000000 ) ) ;
#1139 = AXIS2_PLACEMENT_3D ( 'NONE', #1582, #3109, #1280 ) ;
#1140 = DIRECTION ( 'NONE',  ( 0.000000000000000000, 0.000000000000000000, 1.000000000000000000 ) ) ;
#1141 = DIRECTION ( 'NONE',  ( -0.000000000000000000, -0.000000000000000000, -1.000000000000000000 ) ) ;
#1142 = CARTESIAN_POINT ( 'NONE',  ( 68.70330074716285651, 2.586793383967434856, 4.000000000000000000 ) ) ;
#1143 = CIRCLE ( 'NONE', #2675, 9.000000000000007105 ) ;
#1144 = DIRECTION ( 'NONE',  ( -0.9245249400375827875, -0.3811215491788730314, 0.000000000000000000 ) ) ;
#1145 = CYLINDRICAL_SURFACE ( 'NONE', #2861, 3.762221576582363003 ) ;
#1146 = CARTESIAN_POINT ( 'NONE',  ( -10.04909972764970050, 2.421008771658812453, 0.000000000000000000 ) ) ;
#1147 = DIRECTION ( 'NONE',  ( -0.000000000000000000, -0.000000000000000000, -1.000000000000000000 ) ) ;
#1148 = ORIENTED_EDGE ( 'NONE', *, *, #1884, .T. ) ;
#1149 = CIRCLE ( 'NONE', #1849, 3.762221576582363447 ) ;
#1150 = CARTESIAN_POINT ( 'NONE',  ( 65.93880544525026721, -27.65925884105715937, 4.503229654387478575 ) ) ;
#1151 = EDGE_CURVE ( 'NONE', #2854, #203, #1319, .T. ) ;
#1152 = AXIS2_PLACEMENT_3D ( 'NONE', #3826, #3806, #1126 ) ;
#1153 = AXIS2_PLACEMENT_3D ( 'NONE', #2058, #1485, #3269 ) ;
#1154 = ORIENTED_EDGE ( 'NONE', *, *, #812, .F. ) ;
#1155 = VERTEX_POINT ( 'NONE', #1308 ) ;
#1156 = CARTESIAN_POINT ( 'NONE',  ( 40.26248023522496311, -13.50395147990052003, 4.117944792391329045 ) ) ;
#1157 = DIRECTION ( 'NONE',  ( -0.02999401688879442182, -0.3407024176482847388, 0.9396926207859082059 ) ) ;
#1158 = AXIS2_PLACEMENT_3D ( 'NONE', #3507, #767, #3544 ) ;
#1159 = CIRCLE ( 'NONE', #3131, 3.762221576582363891 ) ;
#1160 = CARTESIAN_POINT ( 'NONE',  ( -10.04909972764970050, 2.421008771658812453, 5.000000000000000000 ) ) ;
#1161 = CARTESIAN_POINT ( 'NONE',  ( 4.126716627206789667, 8.837744901605780967, 4.833551658467072798 ) ) ;
#1162 = CARTESIAN_POINT ( 'NONE',  ( 35.80187428037902464, -12.72962304813529677, 4.600906456450077897 ) ) ;
#1163 = CYLINDRICAL_SURFACE ( 'NONE', #72, 12.00000000000000178 ) ;
#1164 = CARTESIAN_POINT ( 'NONE',  ( 76.25560927496999852, -2.999467908197606114, 0.000000000000000000 ) ) ;
#1165 = CARTESIAN_POINT ( 'NONE',  ( -0.3968809008715133979, -9.741932910520553435, 0.9593743838626672682 ) ) ;
#1166 = CARTESIAN_POINT ( 'NONE',  ( -10.68082785797387224, 5.469910078632857164, 5.000000000000000000 ) ) ;
#1167 = DIRECTION ( 'NONE',  ( 0.000000000000000000, 0.000000000000000000, 1.000000000000000000 ) ) ;
#1168 = LINE ( 'NONE', #2742, #1533 ) ;
#1169 = DIRECTION ( 'NONE',  ( -0.000000000000000000, -0.000000000000000000, -1.000000000000000000 ) ) ;
#1170 = EDGE_LOOP ( 'NONE', ( #866, #530, #2893, #1121, #2079 ) ) ;
#1171 = CARTESIAN_POINT ( 'NONE',  ( 58.63909293635367703, -28.74906281433342770, 4.308288846570825115 ) ) ;
#1172 = ORIENTED_EDGE ( 'NONE', *, *, #790, .T. ) ;
#1173 = CARTESIAN_POINT ( 'NONE',  ( 37.08009230099724363, -12.65079361093448540, 4.792585679310715996 ) ) ;
#1174 = CARTESIAN_POINT ( 'NONE',  ( 34.72481305578393318, -12.80437232559951433, 0.7520683735525315328 ) ) ;
#1175 = ADVANCED_FACE ( 'NONE', ( #2529 ), #3742, .T. ) ;
#1176 = CARTESIAN_POINT ( 'NONE',  ( 64.23170704899594341, -27.45726460106025613, 5.158621460889603050 ) ) ;
#1177 = DIRECTION ( 'NONE',  ( -0.000000000000000000, 0.000000000000000000, 1.000000000000000000 ) ) ;
#1178 = CARTESIAN_POINT ( 'NONE',  ( 35.32695103620294930, -12.76175111483706992, 4.485026607163282719 ) ) ;
#1179 = CARTESIAN_POINT ( 'NONE',  ( 0.000000000000000000, 0.000000000000000000, 5.000000000000000000 ) ) ;
#1180 = ADVANCED_FACE ( 'NONE', ( #1333 ), #3776, .T. ) ;
#1181 = CARTESIAN_POINT ( 'NONE',  ( 38.21525202349533146, -12.58960449125898151, 0.1068839788016637954 ) ) ;
#1182 = CARTESIAN_POINT ( 'NONE',  ( 58.98767627610623521, -28.66135711094026917, 4.710441318956878121 ) ) ;
#1183 = CYLINDRICAL_SURFACE ( 'NONE', #2729, 12.00000000000000178 ) ;
#1184 = LINE ( 'NONE', #882, #1740 ) ;
#1185 = DIRECTION ( 'NONE',  ( -0.9961472278662546476, 0.08769663855802299623, -0.000000000000000000 ) ) ;
#1186 = DIRECTION ( 'NONE',  ( -0.000000000000000000, 0.000000000000000000, 1.000000000000000000 ) ) ;
#1187 = VERTEX_POINT ( 'NONE', #2026 ) ;
#1188 = CARTESIAN_POINT ( 'NONE',  ( 60.88383763704929663, -28.72667150935937741, 4.480924405854706194 ) ) ;
#1189 = EDGE_LOOP ( 'NONE', ( #2749, #482 ) ) ;
#1190 = CARTESIAN_POINT ( 'NONE',  ( 40.68369463492719973, -13.58999223748876872, 4.647630964097676731 ) ) ;
#1191 = CIRCLE ( 'NONE', #1009, 18.00000000000000355 ) ;
#1192 = AXIS2_PLACEMENT_3D ( 'NONE', #2360, #2993, #1717 ) ;
#1193 = EDGE_CURVE ( 'NONE', #1996, #2387, #3381, .T. ) ;
#1194 = CARTESIAN_POINT ( 'NONE',  ( 65.55606884528431522, -27.04111094730346565, 5.863188980868615729 ) ) ;
#1195 = LOCAL_TIME ( 15, 58, 26.00000000000000000, #1211 ) ;
#1196 = CARTESIAN_POINT ( 'NONE',  ( 42.11582605210915631, -15.83573206993536076, 0.1252208683053606386 ) ) ;
#1197 = CARTESIAN_POINT ( 'NONE',  ( 35.13351230233013922, -12.77519407154255404, 4.425986432089534794 ) ) ;
#1198 = CIRCLE ( 'NONE', #2860, 3.762221576582364335 ) ;
#1199 = AXIS2_PLACEMENT_3D ( 'NONE', #1668, #3840, #3229 ) ;
#1200 = CARTESIAN_POINT ( 'NONE',  ( 36.72384665135119519, -12.67179864285820656, 0.2509337447234485929 ) ) ;
#1201 = CARTESIAN_POINT ( 'NONE',  ( 57.06404316519977016, 1.323163211639017955, -4.336808689942017736E-16 ) ) ;
#1202 = CARTESIAN_POINT ( 'NONE',  ( 0.000000000000000000, 0.000000000000000000, 5.000000000000000000 ) ) ;
#1203 = CARTESIAN_POINT ( 'NONE',  ( 0.000000000000000000, 0.000000000000000000, 4.000000000000000000 ) ) ;
#1204 = CARTESIAN_POINT ( 'NONE',  ( 73.77112304288434075, -8.298620014778880005, 5.000000000000000000 ) ) ;
#1205 = ORIENTED_EDGE ( 'NONE', *, *, #101, .F. ) ;
#1206 = ADVANCED_FACE ( 'NONE', ( #527 ), #2961, .T. ) ;
#1207 = DIRECTION ( 'NONE',  ( 0.6548607339452835463, 0.7557495743542594901, 0.000000000000000000 ) ) ;
#1208 = ORIENTED_EDGE ( 'NONE', *, *, #1629, .T. ) ;
#1209 = VECTOR ( 'NONE', #3438, 999.9999999999998863 ) ;
#1210 = ORIENTED_EDGE ( 'NONE', *, *, #427, .T. ) ;
#1212 = CARTESIAN_POINT ( 'NONE',  ( 40.17336430658284030, -13.39870984566669243, 4.069581522815034269 ) ) ;
#1211 = COORDINATED_UNIVERSAL_TIME_OFFSET ( 8, 0, .AHEAD. ) ;
#1213 = CARTESIAN_POINT ( 'NONE',  ( 0.000000000000000000, 0.000000000000000000, 0.000000000000000000 ) ) ;
#1214 = CIRCLE ( 'NONE', #2492, 1.500000000000000222 ) ;
#1215 = CARTESIAN_POINT ( 'NONE',  ( -11.40501160019360860, -3.731716816620635147, 5.000000000000000000 ) ) ;
#1216 = CARTESIAN_POINT ( 'NONE',  ( 58.47174929561644774, -28.62191658327248689, 5.457327350220363194 ) ) ;
#1217 = AXIS2_PLACEMENT_3D ( 'NONE', #3901, #3347, #3031 ) ;
#1218 = CIRCLE ( 'NONE', #3706, 3.762221576582363447 ) ;
#1219 = CARTESIAN_POINT ( 'NONE',  ( 36.22110246481993556, -12.70258963247233552, 0.3224641869998607913 ) ) ;
#1220 = CARTESIAN_POINT ( 'NONE',  ( 65.12869397820374218, -27.59315941934110228, 4.748320620036075468 ) ) ;
#1221 = CARTESIAN_POINT ( 'NONE',  ( 0.000000000000000000, 0.000000000000000000, 4.500000000000000888 ) ) ;
#1222 = DIRECTION ( 'NONE',  ( -0.000000000000000000, 0.000000000000000000, 1.000000000000000000 ) ) ;
#1223 = CARTESIAN_POINT ( 'NONE',  ( 63.21643121586649272, 2.383014218186177757, 5.000000000000000000 ) ) ;
#1224 = CARTESIAN_POINT ( 'NONE',  ( 42.57674755484394780, -18.20498728149087952, 0.7966399651490353451 ) ) ;
#1225 = CARTESIAN_POINT ( 'NONE',  ( 69.64730938330487220, -23.86952462763769134, 6.208069410954590417 ) ) ;
#1226 = EDGE_CURVE ( 'NONE', #1315, #3539, #1681, .T. ) ;
#1227 = EDGE_CURVE ( 'NONE', #1491, #2856, #1214, .T. ) ;
#1228 = CARTESIAN_POINT ( 'NONE',  ( 0.000000000000000000, 0.000000000000000000, 5.000000000000000000 ) ) ;
#1229 = ORIENTED_EDGE ( 'NONE', *, *, #3850, .T. ) ;
#1230 = ADVANCED_FACE ( 'NONE', ( #540 ), #616, .T. ) ;
#1231 = ORIENTED_EDGE ( 'NONE', *, *, #1067, .F. ) ;
#1232 = VERTEX_POINT ( 'NONE', #1765 ) ;
#1234 = CARTESIAN_POINT ( 'NONE',  ( 2.528598933626912348, 9.416405228794097582, 1.000000000000000000 ) ) ;
#1233 = PERSON_AND_ORGANIZATION_ROLE ( 'classification_officer' ) ;
#1235 = CARTESIAN_POINT ( 'NONE',  ( 41.93263458921229869, -14.51512975066094313, 4.962826419315528703 ) ) ;
#1236 = CARTESIAN_POINT ( 'NONE',  ( 74.34745363761356884, 1.603015139861762917, 5.000000000000000000 ) ) ;
#1237 = CARTESIAN_POINT ( 'NONE',  ( -7.576987870392881241, -9.305334750126894150, 5.000000000000000000 ) ) ;
#1238 = CARTESIAN_POINT ( 'NONE',  ( 65.98590582807003102, -26.58817791199862413, 5.227956590950042504 ) ) ;
#1239 = CARTESIAN_POINT ( 'NONE',  ( 38.30330898309830445, -12.58519579473490246, 0.1008698708312695952 ) ) ;
#1240 = LINE ( 'NONE', #3372, #3295 ) ;
#1241 = DIRECTION ( 'NONE',  ( -0.000000000000000000, 0.000000000000000000, 1.000000000000000000 ) ) ;
#1242 = FACE_BOUND ( 'NONE', #3570, .T. ) ;
#1243 = CARTESIAN_POINT ( 'NONE',  ( 42.54264005920244074, -18.05148614780729233, 0.6641920905877631842 ) ) ;
#1244 = EDGE_LOOP ( 'NONE', ( #74, #102, #1936, #3947 ) ) ;
#1245 = DIRECTION ( 'NONE',  ( 0.3754515287368037635, -0.9268420305365943079, 2.009768286117310469E-15 ) ) ;
#1246 = ORIENTED_EDGE ( 'NONE', *, *, #1115, .T. ) ;
#1247 = EDGE_LOOP ( 'NONE', ( #2768, #3793, #1059, #3083 ) ) ;
#1248 = ADVANCED_FACE ( 'NONE', ( #920 ), #3595, .T. ) ;
#1249 = EDGE_LOOP ( 'NONE', ( #2879, #2448 ) ) ;
#1250 = CARTESIAN_POINT ( 'NONE',  ( 42.17109097847292531, -16.17266621002513105, 0.1599806439681409620 ) ) ;
#1251 = EDGE_CURVE ( 'NONE', #2466, #1136, #1794, .T. ) ;
#1252 = VECTOR ( 'NONE', #3361, 1000.000000000000000 ) ;
#1253 = CARTESIAN_POINT ( 'NONE',  ( 54.30066337246888253, -27.90983193551702612, 4.705054161454753192 ) ) ;
#1254 = DIRECTION ( 'NONE',  ( -0.000000000000000000, 0.000000000000000000, 1.000000000000000000 ) ) ;
#1255 = CARTESIAN_POINT ( 'NONE',  ( 67.74937616045610866, -25.64520923809728359, 6.084870782518978949 ) ) ;
#1256 = CARTESIAN_POINT ( 'NONE',  ( 3.535331853275972325, 9.713244437154374467, 5.000000000000000000 ) ) ;
#1257 = CARTESIAN_POINT ( 'NONE',  ( 52.46771014602450123, -0.5998175707331255824, -4.336808689942017736E-16 ) ) ;
#1258 = CARTESIAN_POINT ( 'NONE',  ( 0.000000000000000000, 0.000000000000000000, 5.000000000000000000 ) ) ;
#1259 = AXIS2_PLACEMENT_3D ( 'NONE', #2829, #3466, #453 ) ;
#1260 = DIRECTION ( 'NONE',  ( -0.000000000000000000, -0.000000000000000000, -1.000000000000000000 ) ) ;
#1261 = PLANE ( 'NONE',  #2490 ) ;
#1262 = CARTESIAN_POINT ( 'NONE',  ( 80.45753864923149479, -1.803732616946122969, 0.9869697850114949045 ) ) ;
#1263 = DIRECTION ( 'NONE',  ( -1.000000000000000000, 0.000000000000000000, 0.000000000000000000 ) ) ;
#1264 = CIRCLE ( 'NONE', #1775, 9.750000000000000000 ) ;
#1265 = CARTESIAN_POINT ( 'NONE',  ( -11.61202473089405629, 3.026694839111618851, 5.000000000000000000 ) ) ;
#1266 = ORIENTED_EDGE ( 'NONE', *, *, #2810, .F. ) ;
#1267 = DIRECTION ( 'NONE',  ( 0.000000000000000000, 0.000000000000000000, 1.000000000000000000 ) ) ;
#1268 = ORIENTED_EDGE ( 'NONE', *, *, #1394, .T. ) ;
#1269 = CIRCLE ( 'NONE', #3618, 12.00000000000000178 ) ;
#1270 = EDGE_LOOP ( 'NONE', ( #979, #1928, #2488, #2509 ) ) ;
#1271 = APPROVAL_DATE_TIME ( #1556, #3499 ) ;
#1272 = CARTESIAN_POINT ( 'NONE',  ( 42.58617283163298595, -18.24702203038139459, 0.8512435509859016536 ) ) ;
#1273 = EDGE_CURVE ( 'NONE', #2582, #2291, #1034, .T. ) ;
#1274 = CARTESIAN_POINT ( 'NONE',  ( 59.05109125521528313, -23.75591510563880604, 2.011283664107882174 ) ) ;
#1275 = LINE ( 'NONE', #62, #3557 ) ;
#1276 = CARTESIAN_POINT ( 'NONE',  ( 67.71447156727259653, -26.32549889455608394, 4.893094966597339557 ) ) ;
#1277 = EDGE_CURVE ( 'NONE', #2204, #3702, #2307, .T. ) ;
#1278 = CARTESIAN_POINT ( 'NONE',  ( -10.32411757120621232, -0.5082176547595769200, 5.000000000000000000 ) ) ;
#1279 = CARTESIAN_POINT ( 'NONE',  ( 48.39896722777547211, -14.05117923102554478, -4.336808689942017243E-16 ) ) ;
#1280 = DIRECTION ( 'NONE',  ( 1.000000000000000000, 0.000000000000000000, 0.000000000000000000 ) ) ;
#1281 = CARTESIAN_POINT ( 'NONE',  ( 67.91403100014065330, -6.378531666828856750, 1.000000000000000888 ) ) ;
#1282 = CARTESIAN_POINT ( 'NONE',  ( 0.000000000000000000, 0.000000000000000000, 4.000000000000000000 ) ) ;
#1283 = CARTESIAN_POINT ( 'NONE',  ( 42.21587254698400926, -16.42532604115999817, 0.1943210496679193544 ) ) ;
#1284 = ORIENTED_EDGE ( 'NONE', *, *, #1419, .T. ) ;
#1285 = TOROIDAL_SURFACE ( 'NONE', #712, 12.90000000000000036, 1.500000000000000000 ) ;
#1286 = CARTESIAN_POINT ( 'NONE',  ( -8.410437171827107150, -6.009179260718303439, 5.000000000000000000 ) ) ;
#1287 = EDGE_LOOP ( 'NONE', ( #3818, #3141, #2927, #545 ) ) ;
#1288 = DIRECTION ( 'NONE',  ( -0.000000000000000000, -0.000000000000000000, -1.000000000000000000 ) ) ;
#1289 = ORIENTED_EDGE ( 'NONE', *, *, #3775, .T. ) ;
#1290 = ORIENTED_EDGE ( 'NONE', *, *, #1389, .F. ) ;
#1291 = CARTESIAN_POINT ( 'NONE',  ( 42.01566554032670808, -15.16871850232142194, 0.07138947667304852696 ) ) ;
#1292 = ORIENTED_EDGE ( 'NONE', *, *, #2919, .T. ) ;
#1293 = VERTEX_POINT ( 'NONE', #2703 ) ;
#1294 = CARTESIAN_POINT ( 'NONE',  ( 66.78783133097427083, -26.84466868452812349, 4.843036493170612466 ) ) ;
#1295 = EDGE_CURVE ( 'NONE', #1996, #2207, #1507, .T. ) ;
#1296 = CYLINDRICAL_SURFACE ( 'NONE', #1856, 12.00000000000000178 ) ;
#1297 = DIRECTION ( 'NONE',  ( 0.000000000000000000, 0.000000000000000000, 1.000000000000000000 ) ) ;
#1298 = CYLINDRICAL_SURFACE ( 'NONE', #3236, 9.750000000000000000 ) ;
#1299 = DIRECTION ( 'NONE',  ( 0.000000000000000000, 0.000000000000000000, 1.000000000000000000 ) ) ;
#1300 = DIRECTION ( 'NONE',  ( 0.000000000000000000, 0.000000000000000000, 1.000000000000000000 ) ) ;
#1301 = DIRECTION ( 'NONE',  ( -0.000000000000000000, 0.000000000000000000, 1.000000000000000000 ) ) ;
#1302 = CARTESIAN_POINT ( 'NONE',  ( 41.89433973622227825, -14.18571984730851199, 0.02326949082084854223 ) ) ;
#1303 = EDGE_CURVE ( 'NONE', #1430, #1155, #1786, .T. ) ;
#1304 = ADVANCED_FACE ( 'NONE', ( #3653 ), #3272, .T. ) ;
#1305 = DIRECTION ( 'NONE',  ( -0.000000000000000000, -0.000000000000000000, -1.000000000000000000 ) ) ;
#1306 = FACE_OUTER_BOUND ( 'NONE', #3946, .T. ) ;
#1307 = ORIENTED_EDGE ( 'NONE', *, *, #1295, .F. ) ;
#1308 = CARTESIAN_POINT ( 'NONE',  ( -6.028027512761525486, 10.37607268215629475, 0.000000000000000000 ) ) ;
#1309 = VERTEX_POINT ( 'NONE', #597 ) ;
#1310 = DIRECTION ( 'NONE',  ( 0.08769663855802307950, 0.9961472278662544255, -0.000000000000000000 ) ) ;
#1311 = ORIENTED_EDGE ( 'NONE', *, *, #933, .F. ) ;
#1312 = VERTEX_POINT ( 'NONE', #1805 ) ;
#1313 = CARTESIAN_POINT ( 'NONE',  ( 40.09191293037718395, -13.30711936845504262, 1.000000000000000222 ) ) ;
#1314 = ORIENTED_EDGE ( 'NONE', *, *, #190, .F. ) ;
#1315 = VERTEX_POINT ( 'NONE', #11 ) ;
#1316 = CARTESIAN_POINT ( 'NONE',  ( 70.31528954667965081, -24.40025189662902605, 5.000000000000004441 ) ) ;
#1317 = PERSON_AND_ORGANIZATION ( #1984, #758 ) ;
#1318 = FACE_OUTER_BOUND ( 'NONE', #3619, .T. ) ;
#1319 =( BOUNDED_CURVE ( )  B_SPLINE_CURVE ( 3, ( #389, #1616, #1661, #2831 ),
 .UNSPECIFIED., .F., .F. ) 
 B_SPLINE_CURVE_WITH_KNOTS ( ( 4, 4 ),
 ( 0.000000000000000000, 3.141592653589793116 ),
 .UNSPECIFIED. ) 
 CURVE ( )  GEOMETRIC_REPRESENTATION_ITEM ( )  RATIONAL_B_SPLINE_CURVE ( ( 1.000000000000000000, 0.3333333333333333703, 0.3333333333333333703, 1.000000000000000000 ) ) 
 REPRESENTATION_ITEM ( '' )  );
#1320 = EDGE_CURVE ( 'NONE', #602, #2291, #2496, .T. ) ;
#1321 = CARTESIAN_POINT ( 'NONE',  ( -11.40501160019360860, -3.731716816620635147, 0.000000000000000000 ) ) ;
#1322 = CARTESIAN_POINT ( 'NONE',  ( 58.20839380555246834, -22.98685451572801597, -4.336808689942017736E-16 ) ) ;
#1323 = DIRECTION ( 'NONE',  ( -1.000000000000000000, 0.000000000000000000, 0.000000000000000000 ) ) ;
#1324 = CARTESIAN_POINT ( 'NONE',  ( 0.000000000000000000, 0.000000000000000000, 5.000000000000000000 ) ) ;
#1325 = DIRECTION ( 'NONE',  ( 1.000000000000000000, 0.000000000000000000, 0.000000000000000000 ) ) ;
#1326 = ORIENTED_EDGE ( 'NONE', *, *, #2015, .F. ) ;
#1327 = AXIS2_PLACEMENT_3D ( 'NONE', #721, #2473, #1888 ) ;
#1328 = AXIS2_PLACEMENT_3D ( 'NONE', #1445, #2302, #1669 ) ;
#1329 = CARTESIAN_POINT ( 'NONE',  ( -0.9662303906370903750, -10.29135985382434448, 5.000000000000000000 ) ) ;
#1330 = CARTESIAN_POINT ( 'NONE',  ( 45.83232961692705487, -19.83740646710518618, 6.165383110829117719 ) ) ;
#1331 = AXIS2_PLACEMENT_3D ( 'NONE', #2121, #1561, #2137 ) ;
#1332 = ORIENTED_EDGE ( 'NONE', *, *, #888, .F. ) ;
#1333 = FACE_OUTER_BOUND ( 'NONE', #3540, .T. ) ;
#1334 = CC_DESIGN_APPROVAL ( #2035, ( #3426 ) ) ;
#1335 = AXIS2_PLACEMENT_3D ( 'NONE', #2191, #417, #672 ) ;
#1336 = AXIS2_PLACEMENT_3D ( 'NONE', #186, #1137, #2900 ) ;
#1337 = ORIENTED_EDGE ( 'NONE', *, *, #2716, .T. ) ;
#1338 = DIRECTION ( 'NONE',  ( 1.000000000000000000, 0.000000000000000000, 0.000000000000000000 ) ) ;
#1339 = ORIENTED_EDGE ( 'NONE', *, *, #2059, .F. ) ;
#1340 = CARTESIAN_POINT ( 'NONE',  ( 40.09191293037983428, -13.30711936845728438, 0.9934514457438129442 ) ) ;
#1341 = CIRCLE ( 'NONE', #2229, 3.762221576582363891 ) ;
#1342 = EDGE_LOOP ( 'NONE', ( #2593, #2805, #670, #137 ) ) ;
#1343 = ORIENTED_EDGE ( 'NONE', *, *, #3823, .F. ) ;
#1344 =( BOUNDED_CURVE ( )  B_SPLINE_CURVE ( 3, ( #1816, #1236, #3340, #2755 ),
 .UNSPECIFIED., .F., .F. ) 
 B_SPLINE_CURVE_WITH_KNOTS ( ( 4, 4 ),
 ( 0.000000000000000000, 2.153774774627192024 ),
 .UNSPECIFIED. ) 
 CURVE ( )  GEOMETRIC_REPRESENTATION_ITEM ( )  RATIONAL_B_SPLINE_CURVE ( ( 1.000000000000000000, 0.6493808464016878057, 0.6493808464016878057, 1.000000000000000000 ) ) 
 REPRESENTATION_ITEM ( '' )  );
#1345 = DIRECTION ( 'NONE',  ( 0.000000000000000000, 0.000000000000000000, -1.000000000000000000 ) ) ;
#1346 = CARTESIAN_POINT ( 'NONE',  ( 0.000000000000000000, 0.000000000000000000, 5.000000000000000000 ) ) ;
#1347 = AXIS2_PLACEMENT_3D ( 'NONE', #1585, #943, #728 ) ;
#1348 = DIRECTION ( 'NONE',  ( -0.000000000000000000, -0.000000000000000000, -1.000000000000000000 ) ) ;
#1349 = B_SPLINE_CURVE_WITH_KNOTS ( 'NONE', 3,
 ( #3437, #705, #680, #2502, #2199, #3412, #3110, #383, #2825 ),
 .UNSPECIFIED., .F., .F.,
 ( 4, 2, 1, 2, 4 ),
 ( 0.005286719402676135979, 0.005570294221714904188, 0.005853869040753671531, 0.006421018678831207083, 0.007555317954986278187 ),
 .UNSPECIFIED. ) ;
#1350 = CARTESIAN_POINT ( 'NONE',  ( 59.60750256319802531, 1.939722952091085695, 5.658368199530670495 ) ) ;
#1351 = DIRECTION ( 'NONE',  ( 1.000000000000000000, 0.000000000000000000, 0.000000000000000000 ) ) ;
#1352 = CARTESIAN_POINT ( 'NONE',  ( 0.000000000000000000, 0.000000000000000000, 4.500000000000000888 ) ) ;
#1353 = VERTEX_POINT ( 'NONE', #1468 ) ;
#1354 = AXIS2_PLACEMENT_3D ( 'NONE', #2072, #261, #2973 ) ;
#1355 = CARTESIAN_POINT ( 'NONE',  ( -8.132302056181712757, 8.824152269029738704, 0.000000000000000000 ) ) ;
#1356 = DIRECTION ( 'NONE',  ( 1.000000000000000000, 0.000000000000000000, 0.000000000000000000 ) ) ;
#1357 = ORIENTED_EDGE ( 'NONE', *, *, #2769, .F. ) ;
#1358 = CARTESIAN_POINT ( 'NONE',  ( 66.98819707738101670, -2.783250253534732543, -1.815283089176616322E-13 ) ) ;
#1359 = ORIENTED_EDGE ( 'NONE', *, *, #965, .T. ) ;
#1360 = EDGE_CURVE ( 'NONE', #1072, #1063, #2682, .T. ) ;
#1361 = VECTOR ( 'NONE', #581, 1000.000000000000000 ) ;
#1362 = EDGE_CURVE ( 'NONE', #350, #2161, #1920, .T. ) ;
#1363 = ORIENTED_EDGE ( 'NONE', *, *, #2914, .T. ) ;
#1364 = CARTESIAN_POINT ( 'NONE',  ( 0.000000000000000000, 0.000000000000000000, 0.000000000000000000 ) ) ;
#1365 = AXIS2_PLACEMENT_3D ( 'NONE', #984, #3408, #3366 ) ;
#1366 = EDGE_CURVE ( 'NONE', #2563, #19, #3314, .T. ) ;
#1367 = ADVANCED_FACE ( 'NONE', ( #267 ), #2943, .T. ) ;
#1368 = FACE_OUTER_BOUND ( 'NONE', #3752, .T. ) ;
#1369 = ORIENTED_EDGE ( 'NONE', *, *, #81, .F. ) ;
#1370 = ORIENTED_EDGE ( 'NONE', *, *, #1273, .F. ) ;
#1371 = CARTESIAN_POINT ( 'NONE',  ( 42.31953293209836175, -16.98051689590867142, 4.712090043902812830 ) ) ;
#1372 = CARTESIAN_POINT ( 'NONE',  ( 0.000000000000000000, 0.000000000000000000, 5.000000000000000000 ) ) ;
#1373 = APPLICATION_CONTEXT ( 'configuration controlled 3d designs of mechanical parts and assemblies' ) ;
#1374 = CARTESIAN_POINT ( 'NONE',  ( 49.38339369944082335, -16.91619526835683374, -4.336808689942017736E-16 ) ) ;
#1375 = DIRECTION ( 'NONE',  ( 0.000000000000000000, 0.000000000000000000, 1.000000000000000000 ) ) ;
#1376 = CARTESIAN_POINT ( 'NONE',  ( 4.367446044484240453, 8.721417478111725075, 0.1092225173863739796 ) ) ;
#1377 = LINE ( 'NONE', #3847, #1792 ) ;
#1378 = EDGE_LOOP ( 'NONE', ( #3333, #451, #2189, #528 ) ) ;
#1379 = DIRECTION ( 'NONE',  ( -0.1423148382732887796, 0.9898214418809321291, 0.000000000000000000 ) ) ;
#1380 = DIRECTION ( 'NONE',  ( 1.000000000000000000, 0.000000000000000000, 0.000000000000000000 ) ) ;
#1381 = ORIENTED_EDGE ( 'NONE', *, *, #3910, .T. ) ;
#1382 = CARTESIAN_POINT ( 'NONE',  ( 58.79258051626931803, -28.47856150133775799, 9.462627383496966971 ) ) ;
#1383 = B_SPLINE_CURVE_WITH_KNOTS ( 'NONE', 3,
 ( #3414, #707, #3676, #1924, #3377, #643, #1225, #1863 ),
 .UNSPECIFIED., .F., .F.,
 ( 4, 2, 2, 4 ),
 ( 0.000000000000000000, 0.001566774691640830490, 0.003133549383281660980, 0.006267098766563282929 ),
 .UNSPECIFIED. ) ;
#1384 = ORIENTED_EDGE ( 'NONE', *, *, #1096, .T. ) ;
#1385 = EDGE_CURVE ( 'NONE', #394, #1599, #1184, .T. ) ;
#1386 = ORIENTED_EDGE ( 'NONE', *, *, #3362, .T. ) ;
#1387 = CARTESIAN_POINT ( 'NONE',  ( -7.218085806415214023, -6.554520370799629347, 0.000000000000000000 ) ) ;
#1388 = FACE_OUTER_BOUND ( 'NONE', #3788, .T. ) ;
#1389 = EDGE_CURVE ( 'NONE', #2342, #1046, #284, .T. ) ;
#1390 = VERTEX_POINT ( 'NONE', #3940 ) ;
#1391 = ORIENTED_EDGE ( 'NONE', *, *, #1550, .F. ) ;
#1392 = DIRECTION ( 'NONE',  ( 1.000000000000000000, 0.000000000000000000, 0.000000000000000000 ) ) ;
#1393 = CARTESIAN_POINT ( 'NONE',  ( -7.144944486281366913, 7.469635673622618377, 5.000000000000000000 ) ) ;
#1394 = EDGE_CURVE ( 'NONE', #2891, #1401, #1995, .T. ) ;
#1395 = CARTESIAN_POINT ( 'NONE',  ( 42.52468771471485809, -17.96983115387973839, 4.386015246803459888 ) ) ;
#1396 = DIRECTION ( 'NONE',  ( 0.8412535328311805394, 0.5406408174555985546, 0.000000000000000000 ) ) ;
#1397 = LINE ( 'NONE', #505, #2169 ) ;
#1398 = CARTESIAN_POINT ( 'NONE',  ( 70.09043093382256018, -22.89104703929296036, 5.000000000000002665 ) ) ;
#1399 = CARTESIAN_POINT ( 'NONE',  ( -0.3639646699871942892, -9.743218205580800984, 0.9302995807637103320 ) ) ;
#1400 = CARTESIAN_POINT ( 'NONE',  ( 70.65483875400357761, -6.154262053385783915, -4.336808689942017736E-16 ) ) ;
#1401 = VERTEX_POINT ( 'NONE', #110 ) ;
#1402 = EDGE_LOOP ( 'NONE', ( #1246, #600, #997, #398 ) ) ;
#1403 = TOROIDAL_SURFACE ( 'NONE', #3103, 18.00000000000000355, 1.000000000000000000 ) ;
#1404 = CARTESIAN_POINT ( 'NONE',  ( 59.57245272531130809, -9.757595425460108274, 5.000000000000000000 ) ) ;
#1405 = EDGE_CURVE ( 'NONE', #2548, #3867, #30, .T. ) ;
#1406 = AXIS2_PLACEMENT_3D ( 'NONE', #837, #2051, #3194 ) ;
#1407 = AXIS2_PLACEMENT_3D ( 'NONE', #3286, #919, #2138 ) ;
#1408 = DIRECTION ( 'NONE',  ( -0.000000000000000000, -0.000000000000000000, -1.000000000000000000 ) ) ;
#1409 = ORIENTED_EDGE ( 'NONE', *, *, #1622, .F. ) ;
#1410 = ORIENTED_EDGE ( 'NONE', *, *, #2080, .F. ) ;
#1411 = DIRECTION ( 'NONE',  ( 0.000000000000000000, 0.000000000000000000, 1.000000000000000000 ) ) ;
#1412 = FACE_OUTER_BOUND ( 'NONE', #3470, .T. ) ;
#1413 = B_SPLINE_CURVE_WITH_KNOTS ( 'NONE', 3,
 ( #3069, #1220, #939, #2717, #2098, #3325, #2701, #1182, #3918, #3609, #3935, #3050, #1504, #595, #3651, #918, #339, #3306, #3344, #1820 ),
 .UNSPECIFIED., .F., .F.,
 ( 4, 2, 2, 2, 2, 2, 2, 2, 2, 4 ),
 ( 0.000000000000000000, 0.002226999127063373184, 0.004453998254126746367, 0.006680997381190119551, 0.007794496944721796168, 0.008907996508253471918, 0.01113499563531682515, 0.01224849519884851391, 0.01336199476238020267, 0.01781599301650699588 ),
 .UNSPECIFIED. ) ;
#1414 = EDGE_CURVE ( 'NONE', #3165, #1641, #2820, .T. ) ;
#1415 = AXIS2_PLACEMENT_3D ( 'NONE', #1329, #1968, #1676 ) ;
#1416 = CARTESIAN_POINT ( 'NONE',  ( 42.33088787852152990, -17.03743818413814282, 4.698759367461686764 ) ) ;
#1417 = DIRECTION ( 'NONE',  ( 0.000000000000000000, 0.000000000000000000, 1.000000000000000000 ) ) ;
#1418 = DIRECTION ( 'NONE',  ( -1.000000000000000000, 0.000000000000000000, 0.000000000000000000 ) ) ;
#1419 = EDGE_CURVE ( 'NONE', #1619, #3791, #1798, .T. ) ;
#1420 = CARTESIAN_POINT ( 'NONE',  ( 59.57245272531130809, -9.757595425460108274, 0.000000000000000000 ) ) ;
#1421 = CARTESIAN_POINT ( 'NONE',  ( 58.74758949093612870, -5.110678907330024501, 19.52990302690264102 ) ) ;
#1422 = CARTESIAN_POINT ( 'NONE',  ( 67.77218543576269383, -1.947159610402577901, -4.336808689942017736E-16 ) ) ;
#1423 = VERTEX_POINT ( 'NONE', #3760 ) ;
#1424 = VECTOR ( 'NONE', #118, 1000.000000000000000 ) ;
#1425 = CARTESIAN_POINT ( 'NONE',  ( 56.41993446848393745, -28.50916390955068991, 4.548105546992538883 ) ) ;
#1426 = AXIS2_PLACEMENT_3D ( 'NONE', #3091, #1300, #3673 ) ;
#1427 = FACE_OUTER_BOUND ( 'NONE', #3162, .T. ) ;
#1428 = CIRCLE ( 'NONE', #3783, 3.762221576582363891 ) ;
#1429 = EDGE_LOOP ( 'NONE', ( #3490, #134, #687, #3678 ) ) ;
#1430 = VERTEX_POINT ( 'NONE', #2159 ) ;
#1431 = CARTESIAN_POINT ( 'NONE',  ( 42.24762441906533184, -16.60060839628218332, 4.779787017248460224 ) ) ;
#1432 = CARTESIAN_POINT ( 'NONE',  ( 0.000000000000000000, 0.000000000000000000, 5.000000000000000000 ) ) ;
#1433 = CARTESIAN_POINT ( 'NONE',  ( 42.15314711425705951, -16.06888517502484603, 4.852240883608150313 ) ) ;
#1434 = CYLINDRICAL_SURFACE ( 'NONE', #1041, 3.762221576582363003 ) ;
#1435 = FACE_OUTER_BOUND ( 'NONE', #3186, .T. ) ;
#1436 = CARTESIAN_POINT ( 'NONE',  ( 58.74758949093612870, -4.734632667637409753, 19.66624533733141078 ) ) ;
#1437 = CARTESIAN_POINT ( 'NONE',  ( 41.78915739909921712, -12.79657036958400873, 4.999411694936487294 ) ) ;
#1438 = CARTESIAN_POINT ( 'NONE',  ( 63.20909036014425908, -0.2561969530198713318, -4.336808689942017736E-16 ) ) ;
#1439 = ORIENTED_EDGE ( 'NONE', *, *, #229, .F. ) ;
#1440 = EDGE_CURVE ( 'NONE', #3183, #2909, #3124, .T. ) ;
#1441 = CARTESIAN_POINT ( 'NONE',  ( 50.12646411692304582, -26.26019449104850878, 4.018755239493759568 ) ) ;
#1442 = EDGE_LOOP ( 'NONE', ( #497, #2168, #57, #1825 ) ) ;
#1443 = ORIENTED_EDGE ( 'NONE', *, *, #3336, .F. ) ;
#1444 = CARTESIAN_POINT ( 'NONE',  ( 42.06548719030011085, -15.51388773840035284, 4.903781501282028721 ) ) ;
#1445 = CARTESIAN_POINT ( 'NONE',  ( -4.751084474448957096, 9.180026422911224060, 5.000000000000000000 ) ) ;
#1446 = CARTESIAN_POINT ( 'NONE',  ( -7.366847990940307511, 7.250878532086780126, 0.000000000000000000 ) ) ;
#1447 = DIRECTION ( 'NONE',  ( 0.000000000000000000, 0.000000000000000000, -1.000000000000000000 ) ) ;
#1448 = CARTESIAN_POINT ( 'NONE',  ( 67.91403100014065330, -6.378531666828856750, 4.000000000000003553 ) ) ;
#1449 = ADVANCED_FACE ( 'NONE', ( #1563 ), #1922, .T. ) ;
#1450 = CARTESIAN_POINT ( 'NONE',  ( -3.000000000000000000, 3.673940397442059868E-16, 4.500000000000000888 ) ) ;
#1451 = CARTESIAN_POINT ( 'NONE',  ( -11.61202473089405629, 3.026694839111618851, 0.000000000000000000 ) ) ;
#1452 = CARTESIAN_POINT ( 'NONE',  ( 0.000000000000000000, 0.000000000000000000, 5.000000000000000000 ) ) ;
#1453 = ORIENTED_EDGE ( 'NONE', *, *, #1790, .F. ) ;
#1454 = CARTESIAN_POINT ( 'NONE',  ( 56.43182685770331375, -28.41648449316570080, 4.748794628153040875 ) ) ;
#1455 = B_SPLINE_CURVE_WITH_KNOTS ( 'NONE', 3,
 ( #318, #3895, #3667, #1817, #1161, #3025, #2435, #3930, #915, #2134, #3341, #3046, #936, #3624, #2154, #631 ),
 .UNSPECIFIED., .F., .F.,
 ( 4, 2, 2, 2, 2, 2, 2, 4 ),
 ( 0.000000000000000000, 0.0008308461934300549528, 0.001661692386860109906, 0.002492538580290164750, 0.002907961677005191630, 0.003115673225362704420, 0.003219528999541461899, 0.003323384773720218944 ),
 .UNSPECIFIED. ) ;
#1456 = ORIENTED_EDGE ( 'NONE', *, *, #2647, .F. ) ;
#1457 = CIRCLE ( 'NONE', #3172, 12.00000000000000178 ) ;
#1458 = ORIENTED_EDGE ( 'NONE', *, *, #1227, .T. ) ;
#1459 = CARTESIAN_POINT ( 'NONE',  ( 40.34020912981683438, -13.60101705778056846, 4.172636906732809514 ) ) ;
#1460 = CARTESIAN_POINT ( 'NONE',  ( 41.39976556078500636, -12.85125583292841256, 4.999999999132788808 ) ) ;
#1461 = AXIS2_PLACEMENT_3D ( 'NONE', #353, #3106, #1600 ) ;
#1462 = CARTESIAN_POINT ( 'NONE',  ( 44.92053594132799788, -20.21327974334334598, 5.000000000000063949 ) ) ;
#1463 = CARTESIAN_POINT ( 'NONE',  ( 34.67156410027382663, -12.80827534003941715, 4.209200261098814622 ) ) ;
#1464 = CARTESIAN_POINT ( 'NONE',  ( 3.000000000000000000, 0.000000000000000000, 4.500000000000000888 ) ) ;
#1465 = AXIS2_PLACEMENT_3D ( 'NONE', #2326, #3848, #1113 ) ;
#1466 = DIRECTION ( 'NONE',  ( -0.000000000000000000, -0.000000000000000000, -1.000000000000000000 ) ) ;
#1467 = DIRECTION ( 'NONE',  ( -1.000000000000000000, 0.000000000000000000, 0.000000000000000000 ) ) ;
#1468 = CARTESIAN_POINT ( 'NONE',  ( 78.57245272531130809, -9.757595425460108274, 1.000000000000000888 ) ) ;
#1469 = DIRECTION ( 'NONE',  ( -1.000000000000000000, 0.000000000000000000, 0.000000000000000000 ) ) ;
#1470 = ORIENTED_EDGE ( 'NONE', *, *, #2444, .F. ) ;
#1471 = CIRCLE ( 'NONE', #1670, 3.762221576582363891 ) ;
#1472 = LINE ( 'NONE', #2030, #2980 ) ;
#1473 = ADVANCED_FACE ( 'NONE', ( #2761 ), #969, .T. ) ;
#1474 = AXIS2_PLACEMENT_3D ( 'NONE', #802, #2338, #1071 ) ;
#1475 = EDGE_CURVE ( 'NONE', #3144, #2932, #2687, .T. ) ;
#1476 = AXIS2_PLACEMENT_3D ( 'NONE', #3444, #2250, #1638 ) ;
#1477 = ORIENTED_EDGE ( 'NONE', *, *, #34, .T. ) ;
#1478 = CARTESIAN_POINT ( 'NONE',  ( 40.44041872974819540, -13.71576397264449376, 4.292350230557815394 ) ) ;
#1479 = DIRECTION ( 'NONE',  ( -0.000000000000000000, -0.000000000000000000, -1.000000000000000000 ) ) ;
#1480 = AXIS2_PLACEMENT_3D ( 'NONE', #154, #1417, #1942 ) ;
#1481 = AXIS2_PLACEMENT_3D ( 'NONE', #1568, #1245, #2143 ) ;
#1482 = CARTESIAN_POINT ( 'NONE',  ( 46.41647074818295238, -20.67630887606204837, 5.125598613325847985 ) ) ;
#1483 = CARTESIAN_POINT ( 'NONE',  ( 0.000000000000000000, 0.000000000000000000, 0.000000000000000000 ) ) ;
#1484 = CARTESIAN_POINT ( 'NONE',  ( 34.88585574613690454, -12.79274485061467814, 4.331974405669142492 ) ) ;
#1485 = DIRECTION ( 'NONE',  ( -0.000000000000000000, 0.000000000000000000, 1.000000000000000000 ) ) ;
#1486 = DIRECTION ( 'NONE',  ( 1.000000000000000000, 0.000000000000000000, 0.000000000000000000 ) ) ;
#1487 = CARTESIAN_POINT ( 'NONE',  ( 60.35364847307808134, 1.381120417642789810, -4.336808689942017736E-16 ) ) ;
#1488 = CARTESIAN_POINT ( 'NONE',  ( -10.30410784652952749, -0.8191765962152178782, 5.000000000000000000 ) ) ;
#1489 = CARTESIAN_POINT ( 'NONE',  ( 58.79258051626931803, -16.35107027125136980, 13.85966689482475900 ) ) ;
#1490 = CARTESIAN_POINT ( 'NONE',  ( 1.343324028180502561, 11.92457464882135376, 0.000000000000000000 ) ) ;
#1491 = VERTEX_POINT ( 'NONE', #3373 ) ;
#1492 = DIRECTION ( 'NONE',  ( 0.08769663855802291297, 0.9961472278662544255, 0.000000000000000000 ) ) ;
#1493 = ADVANCED_FACE ( 'NONE', ( #640 ), #1285, .T. ) ;
#1494 = ORIENTED_EDGE ( 'NONE', *, *, #1964, .F. ) ;
#1496 = CARTESIAN_POINT ( 'NONE',  ( 40.11426921483847963, -13.33201363807562778, 4.033819694566983749 ) ) ;
#1495 = PERSON_AND_ORGANIZATION ( #1984, #758 ) ;
#1497 = EDGE_CURVE ( 'NONE', #2979, #2363, #3197, .T. ) ;
#1498 = CARTESIAN_POINT ( 'NONE',  ( 37.49167546932407191, -12.62764728659868574, 0.1653696524432286818 ) ) ;
#1499 = CARTESIAN_POINT ( 'NONE',  ( 46.20006100323455200, -20.21580040474756501, 5.071166276268468387 ) ) ;
#1500 = EDGE_CURVE ( 'NONE', #166, #3146, #3525, .T. ) ;
#1501 = CARTESIAN_POINT ( 'NONE',  ( -2.860572556533148347, 11.65406043612308551, 5.000000000000000000 ) ) ;
#1502 = CARTESIAN_POINT ( 'NONE',  ( 34.53750541822681441, -12.81813254565328464, 4.049494620280749579 ) ) ;
#1503 = CARTESIAN_POINT ( 'NONE',  ( 34.81448352277899261, -12.79789781884251099, 0.7051650198660258662 ) ) ;
#1504 = CARTESIAN_POINT ( 'NONE',  ( 55.69394411957522095, -28.28425228268551805, 4.713062583710100562 ) ) ;
#1505 = B_SPLINE_CURVE_WITH_KNOTS ( 'NONE', 3,
 ( #448, #1672, #153, #1695, #3504, #503, #208, #3874, #2304, #1986, #1069, #820, #2903, #766, #1433, #3198, #2055, #521, #2605, #3804, #1416, #2884, #171, #3824, #784, #2038, #1124, #2356, #3845, #485, #2644, #220, #2920, #1747, #3267, #800, #469, #2336, #1395, #3250, #2281, #3574, #1092, #3556, #3860, #534 ),
 .UNSPECIFIED., .F., .F.,
 ( 4, 2, 1, 1, 1, 1, 1, 1, 1, 2, 2, 2, 2, 1, 1, 1, 1, 1, 2, 2, 2, 2, 1, 1, 2, 2, 2, 2, 2, 4 ),
 ( 0.000000000000000000, 0.2500000000000222600, 0.3750000000000344169, 0.4375000000000388578, 0.4687500000000399680, 0.4843750000000433542, 0.4921875000000435207, 0.4960937500000436873, 0.4980468750000415779, 0.4990234375000405231, 0.5000000000000395239, 0.6249999999999437117, 0.6874999999998958611, 0.7187499999998729905, 0.7343749999998621103, 0.7421874999998576694, 0.7460937499998565592, 0.7480468749998560041, 0.7490234374998568923, 0.7499999999998576694, 0.8124999999999064082, 0.8437499999999302780, 0.8593749999999430456, 0.8671874999999490408, 0.8710937499999513722, 0.8749999999999535927, 0.8906249999999596989, 0.9062499999999659162, 0.9374999999999775735, 1.000000000000000000 ),
 .UNSPECIFIED. ) ;
#1506 = DIRECTION ( 'NONE',  ( -0.000000000000000000, -0.000000000000000000, -1.000000000000000000 ) ) ;
#1507 = LINE ( 'NONE', #2741, #1361 ) ;
#1508 = CARTESIAN_POINT ( 'NONE',  ( 72.81909362657442841, -8.587474211728538975, 5.864882934236832490 ) ) ;
#1509 = DIRECTION ( 'NONE',  ( -0.000000000000000000, -0.000000000000000000, -1.000000000000000000 ) ) ;
#1510 = VERTEX_POINT ( 'NONE', #3393 ) ;
#1511 = CARTESIAN_POINT ( 'NONE',  ( -8.959963588456274053, 5.154099465690963555, 5.000000000000000000 ) ) ;
#1512 = VERTEX_POINT ( 'NONE', #660 ) ;
#1513 = ADVANCED_FACE ( 'NONE', ( #2546 ), #1875, .T. ) ;
#1514 = EDGE_LOOP ( 'NONE', ( #1868, #2443, #1231, #1944 ) ) ;
#1516 = CARTESIAN_POINT ( 'NONE',  ( 40.49551097773482411, -13.73959228813259159, 4.389058746146731416 ) ) ;
#1515 = PERSON_AND_ORGANIZATION_ROLE ( 'creator' ) ;
#1517 = CARTESIAN_POINT ( 'NONE',  ( 41.77517180864411728, -12.45143877154274925, 5.000000000000000888 ) ) ;
#1518 = AXIS2_PLACEMENT_3D ( 'NONE', #1930, #143, #2833 ) ;
#1519 = CARTESIAN_POINT ( 'NONE',  ( 61.81102295155922377, -28.18892886441492607, 5.109907368965853180 ) ) ;
#1520 = CARTESIAN_POINT ( 'NONE',  ( 41.98969514296399552, -15.00605644523834137, 0.05788587336363838765 ) ) ;
#1521 = CARTESIAN_POINT ( 'NONE',  ( 36.70567636280090795, -12.67288797966946490, 4.746691676925490988 ) ) ;
#1522 = EDGE_CURVE ( 'NONE', #273, #388, #206, .T. ) ;
#1523 = CARTESIAN_POINT ( 'NONE',  ( 38.23598054402683033, -12.58856282889109757, 0.1054505701365731629 ) ) ;
#1524 = CARTESIAN_POINT ( 'NONE',  ( 54.57993720813181682, -1.032400691804561621, 1.051721181301981334 ) ) ;
#1525 = EDGE_CURVE ( 'NONE', #2257, #1232, #1349, .T. ) ;
#1526 = CARTESIAN_POINT ( 'NONE',  ( -0.3250225316639514528, -8.745113618991881665, 0.000000000000000000 ) ) ;
#1527 = DIRECTION ( 'NONE',  ( -1.000000000000000000, 0.000000000000000000, 0.000000000000000000 ) ) ;
#1528 = DIRECTION ( 'NONE',  ( 0.000000000000000000, 0.9401155992315028964, 0.3408557760719218011 ) ) ;
#1529 = CARTESIAN_POINT ( 'NONE',  ( 0.000000000000000000, 0.000000000000000000, 4.500000000000000888 ) ) ;
#1530 = ORIENTED_EDGE ( 'NONE', *, *, #249, .F. ) ;
#1531 = LINE ( 'NONE', #886, #151 ) ;
#1532 = ORIENTED_EDGE ( 'NONE', *, *, #1500, .F. ) ;
#1533 = VECTOR ( 'NONE', #1147, 1000.000000000000000 ) ;
#1534 = ORIENTED_EDGE ( 'NONE', *, *, #253, .F. ) ;
#1535 = CARTESIAN_POINT ( 'NONE',  ( 39.22084974465176543, -12.54213552889784999, 4.949760263109624248 ) ) ;
#1536 = CARTESIAN_POINT ( 'NONE',  ( 38.52393141613234206, -12.57432992105862191, 0.08662160493339317313 ) ) ;
#1537 = AXIS2_PLACEMENT_3D ( 'NONE', #3252, #523, #3787 ) ;
#1538 = CARTESIAN_POINT ( 'NONE',  ( -10.28893766292894085, 6.175577848943564874, 5.000000000000000000 ) ) ;
#1539 = CARTESIAN_POINT ( 'NONE',  ( 58.74758949093612159, -3.324459268790155075, 20.17752900143929651 ) ) ;
#1540 = CARTESIAN_POINT ( 'NONE',  ( 68.93686694501457168, -24.63260630459199163, 6.176484787321797398 ) ) ;
#1541 = AXIS2_PLACEMENT_3D ( 'NONE', #1696, #1125, #3558 ) ;
#1542 = CIRCLE ( 'NONE', #649, 18.00000000000000355 ) ;
#1543 = CARTESIAN_POINT ( 'NONE',  ( 34.82762161021204150, -12.79695042457596799, 0.6984612428239218573 ) ) ;
#1544 = DIRECTION ( 'NONE',  ( -0.08769663855802302399, -0.9961472278662544255, 0.000000000000000000 ) ) ;
#1545 = CARTESIAN_POINT ( 'NONE',  ( -8.394264104813469629, -4.959720772245162834, 0.000000000000000000 ) ) ;
#1546 = DIRECTION ( 'NONE',  ( 0.6662648076409047881, 0.7457152312372521408, 0.000000000000000000 ) ) ;
#1547 = CARTESIAN_POINT ( 'NONE',  ( 71.30350504281328483, -4.773082536341354043, 5.000000000000000888 ) ) ;
#1548 = CARTESIAN_POINT ( 'NONE',  ( 42.55774740126078370, -18.11981993602449137, 0.7128763124045764954 ) ) ;
#1549 = CARTESIAN_POINT ( 'NONE',  ( 41.93445205284800892, -14.53080358726168697, 0.03783125792450678371 ) ) ;
#1550 = EDGE_CURVE ( 'NONE', #3183, #2654, #2243, .T. ) ;
#1551 = DIRECTION ( 'NONE',  ( -0.000000000000000000, -0.000000000000000000, -1.000000000000000000 ) ) ;
#1552 = EDGE_LOOP ( 'NONE', ( #1954, #2967, #51, #906 ) ) ;
#1553 = EDGE_CURVE ( 'NONE', #2856, #2724, #2313, .T. ) ;
#1554 = ORIENTED_EDGE ( 'NONE', *, *, #2604, .T. ) ;
#1555 = EDGE_LOOP ( 'NONE', ( #2963, #3352, #3442, #587, #464, #3642 ) ) ;
#1556 = DATE_AND_TIME ( #2170, #689 ) ;
#1557 = CARTESIAN_POINT ( 'NONE',  ( 40.47191829217121750, -13.74031451895295852, 0.6530806474669614836 ) ) ;
#1558 = CARTESIAN_POINT ( 'NONE',  ( -10.28893766292894085, 6.175577848943564874, 0.000000000000000000 ) ) ;
#1559 = DIRECTION ( 'NONE',  ( 0.8412535328311804284, 0.5406408174555985546, 0.000000000000000000 ) ) ;
#1560 = CARTESIAN_POINT ( 'NONE',  ( 68.79099738572088540, 3.582940611833690170, 1.000000000000000000 ) ) ;
#1561 = DIRECTION ( 'NONE',  ( 1.224646799147353207E-16, 1.000000000000000000, 0.000000000000000000 ) ) ;
#1562 = DIRECTION ( 'NONE',  ( -1.000000000000000000, 0.000000000000000000, 0.000000000000000000 ) ) ;
#1563 = FACE_OUTER_BOUND ( 'NONE', #1555, .T. ) ;
#1564 = FACE_OUTER_BOUND ( 'NONE', #202, .T. ) ;
#1565 = CARTESIAN_POINT ( 'NONE',  ( 42.35190837798930374, -17.14379452512117297, 0.3249156590939726308 ) ) ;
#1566 = CARTESIAN_POINT ( 'NONE',  ( 41.78927817836139269, -12.79919928673794516, 0.0005972629709369927948 ) ) ;
#1567 = EDGE_CURVE ( 'NONE', #2571, #1569, #3452, .T. ) ;
#1568 = CARTESIAN_POINT ( 'NONE',  ( 76.25560927496999852, -2.999467908197608335, 4.000000000000003553 ) ) ;
#1569 = VERTEX_POINT ( 'NONE', #2645 ) ;
#1570 = CARTESIAN_POINT ( 'NONE',  ( 58.79258051626931803, -16.35107027125136980, 13.85966689482475900 ) ) ;
#1571 = EDGE_LOOP ( 'NONE', ( #178, #463, #753, #3571 ) ) ;
#1572 = EDGE_LOOP ( 'NONE', ( #1660, #2249, #2872, #754 ) ) ;
#1573 = APPROVAL_STATUS ( 'not_yet_approved' ) ;
#1574 = CARTESIAN_POINT ( 'NONE',  ( 42.06765023195004005, -15.52824450220376029, 0.09737696369245099626 ) ) ;
#1575 = CARTESIAN_POINT ( 'NONE',  ( 58.74819012938304752, -23.75633714798941298, 2.012447700703992481 ) ) ;
#1576 = CARTESIAN_POINT ( 'NONE',  ( 0.000000000000000000, 0.000000000000000000, 0.000000000000000000 ) ) ;
#1577 = CARTESIAN_POINT ( 'NONE',  ( 66.46730547511037912, -26.54013948956903945, 5.960877957432752616 ) ) ;
#1578 = AXIS2_PLACEMENT_3D ( 'NONE', #479, #1705, #1788 ) ;
#1579 = CIRCLE ( 'NONE', #437, 3.762221576582363003 ) ;
#1580 = CARTESIAN_POINT ( 'NONE',  ( 36.73229054949381123, -12.67129294303034825, 0.2498346356267398261 ) ) ;
#1581 = CARTESIAN_POINT ( 'NONE',  ( -0.3445378352522353027, -9.743929170780649685, 4.082186482473494138 ) ) ;
#1582 = CARTESIAN_POINT ( 'NONE',  ( 59.57245272531130809, -9.757595425460108274, 4.000000000000003553 ) ) ;
#1583 = AXIS2_PLACEMENT_3D ( 'NONE', #3461, #1299, #1650 ) ;
#1584 = CARTESIAN_POINT ( 'NONE',  ( 0.000000000000000000, 0.000000000000000000, 5.000000000000000000 ) ) ;
#1585 = CARTESIAN_POINT ( 'NONE',  ( 71.05905308046341418, -23.61609506578985318, 6.000000000000003553 ) ) ;
#1586 = CARTESIAN_POINT ( 'NONE',  ( 42.27496818387140110, -16.74990427873961707, 0.2434151388556358431 ) ) ;
#1587 = ORIENTED_EDGE ( 'NONE', *, *, #2912, .T. ) ;
#1588 = CC_DESIGN_APPROVAL ( #1090, ( #2368 ) ) ;
#1589 = CIRCLE ( 'NONE', #2669, 3.762221576582363891 ) ;
#1590 = CARTESIAN_POINT ( 'NONE',  ( 54.15281288599561549, 1.261527045408928904, 4.999999999996496136 ) ) ;
#1591 = VERTEX_POINT ( 'NONE', #2607 ) ;
#1592 = CARTESIAN_POINT ( 'NONE',  ( 2.528598933626912793, 9.416405228794097582, 3.999999999999996447 ) ) ;
#1593 = ORIENTED_EDGE ( 'NONE', *, *, #691, .F. ) ;
#1594 = EDGE_CURVE ( 'NONE', #1072, #3831, #2053, .T. ) ;
#1595 = ORIENTED_EDGE ( 'NONE', *, *, #2599, .F. ) ;
#1596 = CARTESIAN_POINT ( 'NONE',  ( 42.59568168528895882, -18.28925675574382836, 0.9625117982879920486 ) ) ;
#1597 = AXIS2_PLACEMENT_3D ( 'NONE', #1923, #3463, #2182 ) ;
#1598 = ADVANCED_FACE ( 'NONE', ( #2021 ), #1434, .T. ) ;
#1599 = VERTEX_POINT ( 'NONE', #1961 ) ;
#1600 = DIRECTION ( 'NONE',  ( 0.4154150130018840481, 0.9096319953545194403, 0.000000000000000000 ) ) ;
#1601 = DIRECTION ( 'NONE',  ( 1.000000000000000000, 0.000000000000000000, 0.000000000000000000 ) ) ;
#1602 = CARTESIAN_POINT ( 'NONE',  ( 69.64527324406071784, -23.87226539361346056, 6.208133806900090867 ) ) ;
#1603 = EDGE_CURVE ( 'NONE', #481, #1046, #577, .T. ) ;
#1604 = TOROIDAL_SURFACE ( 'NONE', #460, 9.000000000000001776, 1.000000000000000000 ) ;
#1605 = DIRECTION ( 'NONE',  ( -1.000000000000000000, 0.000000000000000000, 0.000000000000000000 ) ) ;
#1606 = CARTESIAN_POINT ( 'NONE',  ( 48.09294717949576636, -12.45593907803408484, 1.567155498040167183 ) ) ;
#1607 = CIRCLE ( 'NONE', #3254, 3.762221576582363003 ) ;
#1608 = FACE_OUTER_BOUND ( 'NONE', #162, .T. ) ;
#1609 = CARTESIAN_POINT ( 'NONE',  ( 58.79258051626931803, -16.35107027125136980, 13.85966689482475900 ) ) ;
#1610 = DIRECTION ( 'NONE',  ( 1.000000000000000000, 0.000000000000000000, 0.000000000000000000 ) ) ;
#1611 = ORIENTED_EDGE ( 'NONE', *, *, #3531, .F. ) ;
#1612 = AXIS2_PLACEMENT_3D ( 'NONE', #3281, #2678, #522 ) ;
#1613 = DIRECTION ( 'NONE',  ( -0.000000000000000000, -0.000000000000000000, -1.000000000000000000 ) ) ;
#1614 = CARTESIAN_POINT ( 'NONE',  ( 44.60756664155873352, -13.37254159638741768, 5.000000000004990675 ) ) ;
#1615 = VERTEX_POINT ( 'NONE', #785 ) ;
#1616 = CARTESIAN_POINT ( 'NONE',  ( 35.44996777642174379, 3.573536381593358957, -4.336808689942017736E-16 ) ) ;
#1617 = ORIENTED_EDGE ( 'NONE', *, *, #1251, .F. ) ;
#1618 = LINE ( 'NONE', #3795, #2029 ) ;
#1619 = VERTEX_POINT ( 'NONE', #2627 ) ;
#1620 = VERTEX_POINT ( 'NONE', #1111 ) ;
#1621 = CARTESIAN_POINT ( 'NONE',  ( 42.55872705309842274, -18.12434824478138395, 0.7094324722918570192 ) ) ;
#1622 = EDGE_CURVE ( 'NONE', #1155, #1293, #1607, .T. ) ;
#1623 = ORIENTED_EDGE ( 'NONE', *, *, #1934, .T. ) ;
#1624 = EDGE_LOOP ( 'NONE', ( #1623, #1675, #650, #3402 ) ) ;
#1625 =( BOUNDED_SURFACE ( )  B_SPLINE_SURFACE ( 3, 2, ( 
 ( #2020, #3231, #1730 ),
 ( #2938, #3555, #3573 ),
 ( #2954, #1123, #219 ),
 ( #484, #204, #817 ) ),
 .UNSPECIFIED., .F., .F., .F. ) 
 B_SPLINE_SURFACE_WITH_KNOTS ( ( 4, 4 ),
 ( 3, 3 ),
 ( -2.127830814082157658E-05, 0.003728197329200281119 ),
 ( 0.000000000000000000, 1.000000000000000000 ),
 .UNSPECIFIED. ) 
 GEOMETRIC_REPRESENTATION_ITEM ( )  RATIONAL_B_SPLINE_SURFACE ( (
 ( 1.000000000000000000, 1.000000000000000000, 1.000000000000000000),
 ( 1.000000000000000000, 0.9999837382520008200, 1.000000000000000000),
 ( 1.000000000000000000, 0.9954003251608551928, 1.000000000000000000),
 ( 1.000000000000000000, 0.9877673817058661987, 1.000000000000000000) ) ) 
 REPRESENTATION_ITEM ( '' )  SURFACE ( )  );
#1626 = CARTESIAN_POINT ( 'NONE',  ( 68.79099738572088540, 3.582940611833690170, -48.69552528001440805 ) ) ;
#1627 = CARTESIAN_POINT ( 'NONE',  ( 66.42482001793771929, -26.32155571682720208, 5.243599091960668090 ) ) ;
#1628 = CARTESIAN_POINT ( 'NONE',  ( 77.57245272531130809, -9.757595425460108274, 5.000000000000000000 ) ) ;
#1629 = EDGE_CURVE ( 'NONE', #394, #3807, #78, .T. ) ;
#1630 = CARTESIAN_POINT ( 'NONE',  ( 0.2030851921237738500, -9.749282907638241014, 4.306050043322008136 ) ) ;
#1631 = LINE ( 'NONE', #744, #3040 ) ;
#1632 = CARTESIAN_POINT ( 'NONE',  ( -4.751084474448957096, 9.180026422911224060, 0.000000000000000000 ) ) ;
#1633 = CARTESIAN_POINT ( 'NONE',  ( 0.000000000000000000, 0.000000000000000000, 5.000000000000000000 ) ) ;
#1634 = VERTEX_POINT ( 'NONE', #423 ) ;
#1635 = DIRECTION ( 'NONE',  ( 0.02819931693351373711, 0.000000000000000000, -0.9996023201876250708 ) ) ;
#1636 = CARTESIAN_POINT ( 'NONE',  ( -9.655930361154716479, -3.688996837790550209, 0.000000000000000000 ) ) ;
#1637 = VERTEX_POINT ( 'NONE', #3482 ) ;
#1638 = DIRECTION ( 'NONE',  ( -1.000000000000000000, 0.000000000000000000, 0.000000000000000000 ) ) ;
#1639 = VERTEX_POINT ( 'NONE', #3178 ) ;
#1640 = CARTESIAN_POINT ( 'NONE',  ( 60.39824720067139907, 1.887717929120473759, 5.657979856674330676 ) ) ;
#1641 = VERTEX_POINT ( 'NONE', #2588 ) ;
#1642 = EDGE_LOOP ( 'NONE', ( #3099, #2562, #696, #666 ) ) ;
#1643 = CARTESIAN_POINT ( 'NONE',  ( 40.31416575168469763, -13.57025886403441106, 0.8489872215840844616 ) ) ;
#1644 = VERTEX_POINT ( 'NONE', #3200 ) ;
#1645 = ORIENTED_EDGE ( 'NONE', *, *, #3887, .T. ) ;
#1646 = CARTESIAN_POINT ( 'NONE',  ( 60.04008755617024917, -28.46090759178520102, 5.089359616817149323 ) ) ;
#1647 = PERSON_AND_ORGANIZATION ( #1984, #758 ) ;
#1648 = EDGE_CURVE ( 'NONE', #2188, #2231, #3778, .T. ) ;
#1649 = CARTESIAN_POINT ( 'NONE',  ( 46.58254558749616336, -12.50819146654604985, -4.336808689942017736E-16 ) ) ;
#1650 = DIRECTION ( 'NONE',  ( -0.1423148382732887240, 0.9898214418809322401, 0.000000000000000000 ) ) ;
#1651 = EDGE_CURVE ( 'NONE', #692, #1430, #838, .T. ) ;
#1652 = CARTESIAN_POINT ( 'NONE',  ( 2.572220748054237394, 9.404716376748590179, 0.8655531400706691914 ) ) ;
#1653 = DIRECTION ( 'NONE',  ( -1.000000000000000000, 0.000000000000000000, 0.000000000000000000 ) ) ;
#1654 = ORIENTED_EDGE ( 'NONE', *, *, #1853, .F. ) ;
#1655 = B_SPLINE_CURVE_WITH_KNOTS ( 'NONE', 3,
 ( #3589, #856, #2391, #25, #3605, #259, #2413, #3365, #1836, #2070, #3008, #1800, #1216, #2677 ),
 .UNSPECIFIED., .F., .F.,
 ( 4, 2, 2, 2, 2, 2, 4 ),
 ( 0.000000000000000000, 0.002605826995207500500, 0.003908740492811252701, 0.005211653990415006203, 0.007817480985622529688, 0.009120394483226294466, 0.01042330798083005924 ),
 .UNSPECIFIED. ) ;
#1656 = AXIS2_PLACEMENT_3D ( 'NONE', #2335, #2657, #3801 ) ;
#1657 = CARTESIAN_POINT ( 'NONE',  ( -9.245380815148958931, 3.096035139153880511, 5.000000000000000000 ) ) ;
#1658 = ADVANCED_FACE ( 'NONE', ( #3805 ), #2282, .T. ) ;
#1659 = DIRECTION ( 'NONE',  ( 0.1423148382732818962, 0.9898214418809332393, 0.000000000000000000 ) ) ;
#1660 = ORIENTED_EDGE ( 'NONE', *, *, #519, .F. ) ;
#1661 = CARTESIAN_POINT ( 'NONE',  ( 33.11684743956419652, -22.92840706862575928, -4.336808689942017736E-16 ) ) ;
#1662 = VERTEX_POINT ( 'NONE', #1731 ) ;
#1663 = ORIENTED_EDGE ( 'NONE', *, *, #2647, .T. ) ;
#1664 = CARTESIAN_POINT ( 'NONE',  ( 51.45898529876934191, -26.95444937731903678, 4.077723166295260881 ) ) ;
#1665 = DIRECTION ( 'NONE',  ( -0.9995500782606516754, 0.01022363390414435594, -0.02819784316076878738 ) ) ;
#1666 = ORIENTED_EDGE ( 'NONE', *, *, #1553, .F. ) ;
#1667 = ORIENTED_EDGE ( 'NONE', *, *, #1853, .T. ) ;
#1668 = CARTESIAN_POINT ( 'NONE',  ( 0.000000000000000000, 0.000000000000000000, 4.000000000000000000 ) ) ;
#1669 = DIRECTION ( 'NONE',  ( -1.000000000000000000, 0.000000000000000000, 0.000000000000000000 ) ) ;
#1670 = AXIS2_PLACEMENT_3D ( 'NONE', #2591, #1613, #1379 ) ;
#1671 = CARTESIAN_POINT ( 'NONE',  ( 58.02052813622052696, -25.12082303257633242, -4.336808689942017736E-16 ) ) ;
#1672 = CARTESIAN_POINT ( 'NONE',  ( 41.96015183356207956, -14.75302208463440223, 4.952900795344870488 ) ) ;
#1673 = DIRECTION ( 'NONE',  ( 0.000000000000000000, 0.9401155992315030074, 0.3408557760719219121 ) ) ;
#1674 = DIRECTION ( 'NONE',  ( -0.000000000000000000, -0.000000000000000000, -1.000000000000000000 ) ) ;
#1675 = ORIENTED_EDGE ( 'NONE', *, *, #1118, .F. ) ;
#1676 = DIRECTION ( 'NONE',  ( -1.000000000000000000, 0.000000000000000000, 0.000000000000000000 ) ) ;
#1677 = CC_DESIGN_DATE_AND_TIME_ASSIGNMENT ( #1813, #2730, ( #2368 ) ) ;
#1678 = CARTESIAN_POINT ( 'NONE',  ( -9.743131826350435176, 0.3658991860571081389, 0.000000000000000000 ) ) ;
#1679 = EDGE_LOOP ( 'NONE', ( #2148, #1470, #2832, #3639 ) ) ;
#1680 = ADVANCED_FACE ( 'NONE', ( #2323 ), #2904, .T. ) ;
#1681 = LINE ( 'NONE', #2892, #2685 ) ;
#1682 = VERTEX_POINT ( 'NONE', #486 ) ;
#1683 = AXIS2_PLACEMENT_3D ( 'NONE', #172, #3825, #2305 ) ;
#1684 = ORIENTED_EDGE ( 'NONE', *, *, #836, .F. ) ;
#1685 = EDGE_CURVE ( 'NONE', #3702, #2830, #1715, .T. ) ;
#1686 = CARTESIAN_POINT ( 'NONE',  ( 2.528598933626912793, 9.416405228794097582, -48.69552528001440805 ) ) ;
#1687 = AXIS2_PLACEMENT_3D ( 'NONE', #3351, #365, #2483 ) ;
#1688 = EDGE_CURVE ( 'NONE', #1423, #833, #897, .T. ) ;
#1689 = CARTESIAN_POINT ( 'NONE',  ( 67.91403100014065330, -6.378531666828856750, 56.16535285861884574 ) ) ;
#1690 = ORIENTED_EDGE ( 'NONE', *, *, #694, .F. ) ;
#1691 = ORIENTED_EDGE ( 'NONE', *, *, #1277, .F. ) ;
#1692 = CARTESIAN_POINT ( 'NONE',  ( 39.93013181216591789, -12.51237954843485056, 4.976183704426854426 ) ) ;
#1693 = FACE_OUTER_BOUND ( 'NONE', #1908, .T. ) ;
#1694 = CARTESIAN_POINT ( 'NONE',  ( 2.875453614991119178, -9.322742076546427725, 4.964466827053108489 ) ) ;
#1695 = CARTESIAN_POINT ( 'NONE',  ( 42.03487413173730403, -15.30504500135099377, 4.919423286779558424 ) ) ;
#1696 = CARTESIAN_POINT ( 'NONE',  ( -9.762736809034956664, -3.396271309276113648, 5.000000000000000000 ) ) ;
#1697 = CARTESIAN_POINT ( 'NONE',  ( 44.92053594132802630, -20.21327974334332467, 5.000000000000000000 ) ) ;
#1698 = EDGE_CURVE ( 'NONE', #1312, #3791, #2572, .T. ) ;
#1699 = DIRECTION ( 'NONE',  ( -0.9594929736144992560, 0.2817325568414236758, 0.000000000000000000 ) ) ;
#1700 = CYLINDRICAL_SURFACE ( 'NONE', #2405, 12.00000000000000178 ) ;
#1701 = CARTESIAN_POINT ( 'NONE',  ( 63.49708514377990554, -22.16424870366702748, -3.537985873343030000E-12 ) ) ;
#1702 = ORIENTED_EDGE ( 'NONE', *, *, #2604, .F. ) ;
#1703 = ORIENTED_EDGE ( 'NONE', *, *, #1405, .T. ) ;
#1704 = CARTESIAN_POINT ( 'NONE',  ( 49.48731180706478483, -25.87755275916880748, 4.000000000000002665 ) ) ;
#1705 = DIRECTION ( 'NONE',  ( -0.000000000000000000, -0.000000000000000000, -1.000000000000000000 ) ) ;
#1706 = ADVANCED_FACE ( 'NONE', ( #2436 ), #3009, .T. ) ;
#1707 = EDGE_CURVE ( 'NONE', #2236, #568, #673, .T. ) ;
#1708 = ORIENTED_EDGE ( 'NONE', *, *, #2930, .F. ) ;
#1709 = ORIENTED_EDGE ( 'NONE', *, *, #2766, .T. ) ;
#1710 = CARTESIAN_POINT ( 'NONE',  ( 0.000000000000000000, 0.000000000000000000, 5.000000000000000000 ) ) ;
#1711 = CARTESIAN_POINT ( 'NONE',  ( 58.79258051626931803, -4.223579041164982506, 18.25670640615255280 ) ) ;
#1712 = MANIFOLD_SOLID_BREP ( '圆角10', #447 ) ;
#1713 = B_SPLINE_CURVE_WITH_KNOTS ( 'NONE', 3,
 ( #3934, #2758, #634, #879, #2097, #900, #1239, #2416, #1523, #3343, #2136, #3324, #1181, #3627, #3088, #3650, #1872, #1857, #594, #3068, #3608, #43, #1580, #1838, #1200, #578, #2715, #2178, #1219, #2476, #356, #1819, #3691, #3011, #3027, #281, #3049, #2799, #320, #964, #2454, #7, #2738, #2437, #1543, #2395, #1503, #2156, #3390, #3369 ),
 .UNSPECIFIED., .F., .F.,
 ( 4, 2, 1, 1, 1, 1, 1, 1, 1, 2, 2, 2, 1, 1, 1, 1, 1, 1, 1, 2, 2, 2, 1, 1, 1, 1, 1, 2, 2, 2, 1, 1, 1, 2, 2, 4 ),
 ( 0.000000000000000000, 0.2499999999988379296, 0.3749999999982568388, 0.4374999999979664045, 0.4687499999978211318, 0.4843749999977484677, 0.4921874999977121079, 0.4960937499976981191, 0.4980468749976953990, 0.4990234374976982856, 0.4999999999977011722, 0.6249999999981504795, 0.6874999999983752996, 0.7187499999984876542, 0.7343749999985438315, 0.7421874999985719201, 0.7460937499985840216, 0.7480468749985900168, 0.7490234374985949017, 0.7495117187485972332, 0.7499999999985996757, 0.8124999999989486188, 0.8437499999991231459, 0.8593749999992092992, 0.8671874999992523758, 0.8710937499992750244, 0.8730468749992852384, 0.8740234374992903454, 0.8749999999992954525, 0.9062499999994808597, 0.9218749999995744515, 0.9296874999996213029, 0.9335937499996436184, 0.9355468749996548317, 0.9374999999996659339, 1.000000000000000000 ),
 .UNSPECIFIED. ) ;
#1714 = DIRECTION ( 'NONE',  ( -0.4154150130018902098, 0.9096319953545166648, 0.000000000000000000 ) ) ;
#1715 = LINE ( 'NONE', #2921, #3383 ) ;
#1716 = CARTESIAN_POINT ( 'NONE',  ( 47.45871057705556240, -23.71386960054926973, 4.900311460858032930 ) ) ;
#1717 = DIRECTION ( 'NONE',  ( 6.308085367188397144E-16, 0.9401155992315030074, 0.3408557760719219121 ) ) ;
#1718 = CARTESIAN_POINT ( 'NONE',  ( 65.82527542827891409, -1.742565160447682837, -4.336808689942017736E-16 ) ) ;
#1719 = EDGE_LOOP ( 'NONE', ( #3192, #2017, #1725, #2315 ) ) ;
#1720 = CIRCLE ( 'NONE', #2793, 3.762221576582363891 ) ;
#1721 = CARTESIAN_POINT ( 'NONE',  ( 50.24709687767941091, -25.97721151595991884, 4.739869617407109104 ) ) ;
#1722 = CIRCLE ( 'NONE', #2545, 19.00000000000000355 ) ;
#1723 = DIRECTION ( 'NONE',  ( -0.000000000000000000, -0.000000000000000000, -1.000000000000000000 ) ) ;
#1724 = ORIENTED_EDGE ( 'NONE', *, *, #114, .F. ) ;
#1725 = ORIENTED_EDGE ( 'NONE', *, *, #296, .F. ) ;
#1726 = CARTESIAN_POINT ( 'NONE',  ( 42.37357402974991061, -17.25313515676641885, 4.650401293286691384 ) ) ;
#1727 = DIRECTION ( 'NONE',  ( 0.1423148382732820072, 0.9898214418809331283, 0.000000000000000000 ) ) ;
#1728 = EDGE_CURVE ( 'NONE', #3168, #373, #1542, .T. ) ;
#1729 = ADVANCED_FACE ( 'NONE', ( #4 ), #2951, .F. ) ;
#1730 = CARTESIAN_POINT ( 'NONE',  ( 41.77517180864411017, -12.45143877154274925, 1.734723475976807094E-15 ) ) ;
#1731 = CARTESIAN_POINT ( 'NONE',  ( -0.2267350114589757326, 9.747363296531977639, 0.000000000000000000 ) ) ;
#1732 = CARTESIAN_POINT ( 'NONE',  ( -9.615881436223883583, -1.611621607104151810, 0.000000000000000000 ) ) ;
#1733 = CIRCLE ( 'NONE', #1597, 3.762221576582363447 ) ;
#1734 = CARTESIAN_POINT ( 'NONE',  ( -4.728451967219453600, -10.29135985382434448, 5.000000000000000000 ) ) ;
#1735 = LINE ( 'NONE', #3865, #2666 ) ;
#1736 = CARTESIAN_POINT ( 'NONE',  ( 65.90646646327232361, -23.13988504420348136, -4.336808689942017736E-16 ) ) ;
#1737 = ORIENTED_EDGE ( 'NONE', *, *, #3509, .F. ) ;
#1738 = CIRCLE ( 'NONE', #3774, 10.99999999999998579 ) ;
#1739 = CARTESIAN_POINT ( 'NONE',  ( 54.23344762980848799, -28.00731596144833091, 4.242310347232064238 ) ) ;
#1740 = VECTOR ( 'NONE', #2100, 1000.000000000000000 ) ;
#1741 = CIRCLE ( 'NONE', #18, 3.762221576582363003 ) ;
#1742 = ORIENTED_EDGE ( 'NONE', *, *, #1394, .F. ) ;
#1743 = ORIENTED_EDGE ( 'NONE', *, *, #959, .T. ) ;
#1744 = CARTESIAN_POINT ( 'NONE',  ( 41.59030926012376028, -12.45656700105572590, 4.999830697762448928 ) ) ;
#1745 = CARTESIAN_POINT ( 'NONE',  ( -1.650000000000000133, 0.000000000000000000, 10.00000000000000000 ) ) ;
#1746 = EDGE_CURVE ( 'NONE', #909, #2161, #2888, .T. ) ;
#1747 = CARTESIAN_POINT ( 'NONE',  ( 42.50286315051674535, -17.86953618909770825, 4.437933485672154177 ) ) ;
#1748 = CARTESIAN_POINT ( 'NONE',  ( 34.77263583674477587, -12.80092357498511468, 4.272336337729130129 ) ) ;
#1749 = DIRECTION ( 'NONE',  ( -0.9961472278662545365, 0.08769663855802410646, 0.000000000000000000 ) ) ;
#1750 = DIRECTION ( 'NONE',  ( -0.08769663855802302399, -0.9961472278662544255, 0.000000000000000000 ) ) ;
#1751 = CARTESIAN_POINT ( 'NONE',  ( -0.3454425866594814654, -9.743897043242176537, 0.9183871753852415054 ) ) ;
#1752 = CARTESIAN_POINT ( 'NONE',  ( 69.58652078260830365, -15.91029817461239659, 1.634284573444015676 ) ) ;
#1753 = ORIENTED_EDGE ( 'NONE', *, *, #1193, .F. ) ;
#1754 = UNCERTAINTY_MEASURE_WITH_UNIT (LENGTH_MEASURE( 1.000000000000000082E-05 ), #3729, 'distance_accuracy_value', 'NONE');
#1755 = CARTESIAN_POINT ( 'NONE',  ( 52.17393081072204097, -27.06105522519115780, 4.712407726020979126 ) ) ;
#1756 = EDGE_LOOP ( 'NONE', ( #739, #1534, #3445, #3330 ) ) ;
#1757 = VERTEX_POINT ( 'NONE', #3710 ) ;
#1758 = CARTESIAN_POINT ( 'NONE',  ( 58.74758949093612159, -6.520852306177276958, 19.01861936279475529 ) ) ;
#1759 = CARTESIAN_POINT ( 'NONE',  ( 61.88425389998876369, -28.45288059341335085, 4.697316170278257097 ) ) ;
#1760 = CARTESIAN_POINT ( 'NONE',  ( 39.08230752588367807, -12.54766653520108655, 4.945462822317120200 ) ) ;
#1761 = DIRECTION ( 'NONE',  ( 0.000000000000000000, -0.000000000000000000, -1.000000000000000000 ) ) ;
#1762 = EDGE_CURVE ( 'NONE', #3519, #3807, #330, .T. ) ;
#1763 = CARTESIAN_POINT ( 'NONE',  ( -4.648450871385579219, -11.06308747575985940, 5.000000000000000000 ) ) ;
#1764 = CARTESIAN_POINT ( 'NONE',  ( 1.879951422338104638, -9.573100410832877216, 0.2154970747657524999 ) ) ;
#1765 = CARTESIAN_POINT ( 'NONE',  ( 39.54344405593394640, -12.52847478961979100, 0.03783125792452315950 ) ) ;
#1766 = CARTESIAN_POINT ( 'NONE',  ( 73.73920225997807165, -18.46840876257138575, 5.000000000000000000 ) ) ;
#1767 = EDGE_LOOP ( 'NONE', ( #3258, #3926, #1064, #3094 ) ) ;
#1768 = FACE_OUTER_BOUND ( 'NONE', #2167, .T. ) ;
#1769 =( BOUNDED_SURFACE ( )  B_SPLINE_SURFACE ( 3, 2, ( 
 ( #299, #44, #1487 ),
 ( #282, #2776, #3371 ),
 ( #613, #321, #1201 ),
 ( #1524, #3028, #2759 ),
 ( #28, #2739, #1257 ),
 ( #8, #2455, #635 ),
 ( #2477, #3692, #966 ),
 ( #2179, #265, #3391 ),
 ( #658, #1873, #2567 ),
 ( #1606, #1959, #1649 ),
 ( #2197, #1279, #1050 ),
 ( #2823, #1374, #1940 ),
 ( #743, #152, #1004 ),
 ( #3174, #445, #725 ),
 ( #3758, #421, #2261 ),
 ( #3460, #3154, #2862 ),
 ( #2280, #677, #3712 ),
 ( #88, #1322, #1671 ) ),
 .UNSPECIFIED., .F., .F., .F. ) 
 B_SPLINE_SURFACE_WITH_KNOTS ( ( 4, 2, 2, 2, 2, 2, 2, 2, 4 ),
 ( 3, 3 ),
 ( 0.000000000000000000, 0.3926990816987241395, 0.7853981633974482790, 1.178097245096172418, 1.570796326794896558, 1.963495408493620697, 2.356194490192344837, 2.748893571891068976, 3.141592653589793116 ),
 ( 0.000000000000000000, 1.000000000000000000 ),
 .UNSPECIFIED. ) 
 GEOMETRIC_REPRESENTATION_ITEM ( )  RATIONAL_B_SPLINE_SURFACE ( (
 ( 1.000000000000000000, 0.8191520442889920206, 1.000000000000000000),
 ( 1.000000000000000000, 0.8191600913242597093, 1.000000000000000000),
 ( 1.000000000000000000, 0.8164478053775273692, 1.000000000000000000),
 ( 1.000000000000000000, 0.8058871847679499600, 1.000000000000000000),
 ( 1.000000000000000000, 0.7980300503653631194, 1.000000000000000000),
 ( 1.000000000000000000, 0.7779425145278052733, 1.000000000000000000),
 ( 1.000000000000000000, 0.7657107957854328850, 1.000000000000000000),
 ( 1.000000000000000000, 0.7382077142315585094, 1.000000000000000000),
 ( 1.000000000000000000, 0.7229354838739280309, 1.000000000000000000),
 ( 1.000000000000000000, 0.6912780784991668925, 1.000000000000000000),
 ( 1.000000000000000000, 0.6748959455950741537, 1.000000000000000000),
 ( 1.000000000000000000, 0.6435232272131284903, 1.000000000000000000),
 ( 1.000000000000000000, 0.6285471792402151925, 1.000000000000000000),
 ( 1.000000000000000000, 0.6028384121583753030, 1.000000000000000000),
 ( 1.000000000000000000, 0.5921379645410161929, 1.000000000000000000),
 ( 1.000000000000000000, 0.5774898308493318089, 1.000000000000000000),
 ( 1.000000000000000000, 0.5735464613675372858, 1.000000000000000000),
 ( 1.000000000000000000, 0.5735764363510457153, 1.000000000000000000) ) ) 
 REPRESENTATION_ITEM ( '' )  SURFACE ( )  );
#1770 = AXIS2_PLACEMENT_3D ( 'NONE', #1952, #1723, #2931 ) ;
#1771 = VERTEX_POINT ( 'NONE', #675 ) ;
#1772 = AXIS2_PLACEMENT_3D ( 'NONE', #1160, #2988, #3588 ) ;
#1773 = CARTESIAN_POINT ( 'NONE',  ( 40.23227622219411614, -13.46757929805008303, 4.101136268294117926 ) ) ;
#1774 = DIRECTION ( 'NONE',  ( 0.9961472278662544255, -0.08769663855802295460, 0.000000000000000000 ) ) ;
#1775 = AXIS2_PLACEMENT_3D ( 'NONE', #3734, #108, #726 ) ;
#1776 = CIRCLE ( 'NONE', #562, 1.000000000000002887 ) ;
#1777 = CARTESIAN_POINT ( 'NONE',  ( 62.86269101902770728, -27.92279260005612329, 5.127561822659939317 ) ) ;
#1778 = DIRECTION ( 'NONE',  ( -0.000000000000000000, 0.000000000000000000, 1.000000000000000000 ) ) ;
#1779 = CARTESIAN_POINT ( 'NONE',  ( 34.53750541822680731, -12.81813254565328286, 4.000000000000000888 ) ) ;
#1780 = FACE_OUTER_BOUND ( 'NONE', #1624, .T. ) ;
#1781 = CIRCLE ( 'NONE', #565, 3.000000000000000000 ) ;
#1782 = DIRECTION ( 'NONE',  ( -0.000000000000000000, -0.000000000000000000, -1.000000000000000000 ) ) ;
#1783 = DIRECTION ( 'NONE',  ( -0.000000000000000000, -0.000000000000000000, -1.000000000000000000 ) ) ;
#1784 = EDGE_CURVE ( 'NONE', #3464, #1512, #3582, .T. ) ;
#1785 = DIRECTION ( 'NONE',  ( -0.000000000000000000, -0.000000000000000000, -1.000000000000000000 ) ) ;
#1786 = LINE ( 'NONE', #3288, #898 ) ;
#1787 = CARTESIAN_POINT ( 'NONE',  ( 67.02825158441879694, 0.6766689894585871112, 5.000000000000000000 ) ) ;
#1788 = DIRECTION ( 'NONE',  ( -1.000000000000000000, 0.000000000000000000, 0.000000000000000000 ) ) ;
#1789 = ORIENTED_EDGE ( 'NONE', *, *, #376, .F. ) ;
#1790 = EDGE_CURVE ( 'NONE', #1075, #813, #3648, .T. ) ;
#1791 = CARTESIAN_POINT ( 'NONE',  ( 63.07985550250378992, -28.43479012901530822, 4.081308886923121548 ) ) ;
#1792 = VECTOR ( 'NONE', #768, 1000.000000000000000 ) ;
#1793 = EDGE_CURVE ( 'NONE', #1315, #3003, #1159, .T. ) ;
#1794 = CIRCLE ( 'NONE', #76, 3.762221576582363447 ) ;
#1795 = ORIENTED_EDGE ( 'NONE', *, *, #2810, .T. ) ;
#1796 = CARTESIAN_POINT ( 'NONE',  ( 34.53750541825383635, -12.81813254565566318, 4.051438070477442643 ) ) ;
#1797 = CARTESIAN_POINT ( 'NONE',  ( 1.748767090068500618, 9.591887909306143101, 5.000000000000000000 ) ) ;
#1798 = CIRCLE ( 'NONE', #3703, 9.750000000000000000 ) ;
#1799 = CARTESIAN_POINT ( 'NONE',  ( 60.23003664689701964, -0.02298788122059720884, 0.9869697850114949045 ) ) ;
#1800 = CARTESIAN_POINT ( 'NONE',  ( 58.03881280136303644, -28.59901442561035978, 5.451115190821242074 ) ) ;
#1801 = DIRECTION ( 'NONE',  ( -0.000000000000000000, -0.000000000000000000, -1.000000000000000000 ) ) ;
#1802 = DIRECTION ( 'NONE',  ( 1.000000000000000000, 0.000000000000000000, 0.000000000000000000 ) ) ;
#1803 = FACE_OUTER_BOUND ( 'NONE', #2066, .T. ) ;
#1804 = CARTESIAN_POINT ( 'NONE',  ( 42.59568168528949172, -18.28925675574487997, 1.000000000000001110 ) ) ;
#1805 = CARTESIAN_POINT ( 'NONE',  ( -2.070630938732226145, 11.82000370201147454, 5.000000000000000000 ) ) ;
#1806 = CARTESIAN_POINT ( 'NONE',  ( 61.85739110145554775, 2.702588043507028637, 5.000000000000000000 ) ) ;
#1807 = DIRECTION ( 'NONE',  ( -0.000000000000000000, -0.000000000000000000, -1.000000000000000000 ) ) ;
#1808 = ORIENTED_EDGE ( 'NONE', *, *, #446, .F. ) ;
#1809 = ADVANCED_FACE ( 'NONE', ( #3389 ), #355, .T. ) ;
#1810 = DIRECTION ( 'NONE',  ( 1.000000000000000000, 0.000000000000000000, 0.000000000000000000 ) ) ;
#1811 = ORIENTED_EDGE ( 'NONE', *, *, #3226, .F. ) ;
#1812 = EDGE_CURVE ( 'NONE', #3869, #2342, #839, .T. ) ;
#1813 = DATE_AND_TIME ( #333, #1195 ) ;
#1814 = CARTESIAN_POINT ( 'NONE',  ( 39.20312683307053447, -12.54291337288687203, 0.05101281139831025102 ) ) ;
#1815 = ADVANCED_FACE ( 'NONE', ( #1318 ), #1296, .T. ) ;
#1816 = CARTESIAN_POINT ( 'NONE',  ( 60.48065508479209740, 2.823790128362731355, 5.000000000000000000 ) ) ;
#1817 = CARTESIAN_POINT ( 'NONE',  ( 4.371294886742321140, 8.719475753648183058, 4.891597580133859147 ) ) ;
#1818 = CARTESIAN_POINT ( 'NONE',  ( 36.50960597311734546, -12.68476081936187860, 4.719987722641156402 ) ) ;
#1819 = CARTESIAN_POINT ( 'NONE',  ( 35.58634402162640242, -12.74409518924147910, 0.4483869118586525371 ) ) ;
#1820 = CARTESIAN_POINT ( 'NONE',  ( 49.08658852939833395, -25.13330185154058682, 4.791705752511547622 ) ) ;
#1821 = FACE_BOUND ( 'NONE', #3448, .T. ) ;
#1822 = DIRECTION ( 'NONE',  ( -0.000000000000000000, 0.000000000000000000, 1.000000000000000000 ) ) ;
#1823 = CARTESIAN_POINT ( 'NONE',  ( 73.16097226059254410, -9.932213129021921105, 5.893875864329904957 ) ) ;
#1824 = DIRECTION ( 'NONE',  ( -1.000000000000000000, 0.000000000000000000, 0.000000000000000000 ) ) ;
#1825 = ORIENTED_EDGE ( 'NONE', *, *, #2958, .T. ) ;
#1826 = CARTESIAN_POINT ( 'NONE',  ( 50.90283653351307436, -0.7996276451931744189, 5.735681858130810440 ) ) ;
#1827 = ORIENTED_EDGE ( 'NONE', *, *, #3603, .F. ) ;
#1828 = VECTOR ( 'NONE', #466, 1000.000000000000000 ) ;
#1829 = ORIENTED_EDGE ( 'NONE', *, *, #1933, .T. ) ;
#1831 = CARTESIAN_POINT ( 'NONE',  ( 37.50762046323566068, -12.62677143504145327, 4.836125204358198815 ) ) ;
#1830 = COORDINATED_UNIVERSAL_TIME_OFFSET ( 8, 0, .AHEAD. ) ;
#1832 = CARTESIAN_POINT ( 'NONE',  ( 35.20368677283458680, -12.77012369892187671, 0.5460056059014322116 ) ) ;
#1833 = AXIS2_PLACEMENT_3D ( 'NONE', #3290, #1509, #3033 ) ;
#1834 = AXIS2_PLACEMENT_3D ( 'NONE', #808, #2981, #1492 ) ;
#1835 = CARTESIAN_POINT ( 'NONE',  ( 47.16893096491434534, -22.01285198741869209, 5.226883041673655583 ) ) ;
#1836 = CARTESIAN_POINT ( 'NONE',  ( 55.45635509282505637, -28.20624433431351008, 5.462413808886203981 ) ) ;
#1837 = CARTESIAN_POINT ( 'NONE',  ( 66.78015495740645235, -26.84852466934316340, 4.842600211355433615 ) ) ;
#1838 = CARTESIAN_POINT ( 'NONE',  ( 36.72637823199182350, -12.67164698437287029, 0.2506038328561819850 ) ) ;
#1839 = DIRECTION ( 'NONE',  ( -0.9961472278662544255, 0.08769663855802307950, 0.000000000000000000 ) ) ;
#1840 = CARTESIAN_POINT ( 'NONE',  ( 49.40339751000011859, -24.93957320860278060, 5.857740672102335289 ) ) ;
#1841 = DIRECTION ( 'NONE',  ( -0.000000000000000000, -0.000000000000000000, -1.000000000000000000 ) ) ;
#1842 = CARTESIAN_POINT ( 'NONE',  ( 69.70055007977649097, -2.577941024340888454, 5.000000000000000000 ) ) ;
#1843 = CARTESIAN_POINT ( 'NONE',  ( 42.41141120660818586, -17.43759862723269194, 0.4007831741086430588 ) ) ;
#1844 = ORIENTED_EDGE ( 'NONE', *, *, #3331, .F. ) ;
#1845 = VECTOR ( 'NONE', #2379, 1000.000000000000000 ) ;
#1846 = DIRECTION ( 'NONE',  ( 0.8412535328311805394, 0.5406408174555986657, 0.000000000000000000 ) ) ;
#1847 = ORIENTED_EDGE ( 'NONE', *, *, #2303, .F. ) ;
#1848 = VERTEX_POINT ( 'NONE', #3730 ) ;
#1849 = AXIS2_PLACEMENT_3D ( 'NONE', #113, #1945, #472 ) ;
#1850 = VERTEX_POINT ( 'NONE', #2474 ) ;
#1851 = CARTESIAN_POINT ( 'NONE',  ( 40.77469650010959157, -13.48695148415797540, 0.2776189383236135622 ) ) ;
#1852 = CARTESIAN_POINT ( 'NONE',  ( 50.30241448983795038, -26.02222969399995023, 4.730567036023752614 ) ) ;
#1853 = EDGE_CURVE ( 'NONE', #2207, #2466, #1044, .T. ) ;
#1854 = DIRECTION ( 'NONE',  ( 1.000000000000000000, 0.000000000000000000, 0.000000000000000000 ) ) ;
#1855 = CARTESIAN_POINT ( 'NONE',  ( 67.67460883741642874, -25.42672962106123435, 5.258080648861510831 ) ) ;
#1856 = AXIS2_PLACEMENT_3D ( 'NONE', #916, #3690, #2135 ) ;
#1857 = CARTESIAN_POINT ( 'NONE',  ( 37.11264296397690998, -12.64891923027153275, 0.2037347025295541125 ) ) ;
#1858 = CARTESIAN_POINT ( 'NONE',  ( 41.77517180864411017, -12.45143877154274925, 0.000000000000000000 ) ) ;
#1859 = DIRECTION ( 'NONE',  ( -0.000000000000000000, -0.000000000000000000, -1.000000000000000000 ) ) ;
#1860 = DIRECTION ( 'NONE',  ( 0.000000000000000000, 0.9401155992315028964, 0.3408557760719219121 ) ) ;
#1861 = DIRECTION ( 'NONE',  ( 0.000000000000000000, 0.000000000000000000, -1.000000000000000000 ) ) ;
#1862 = CARTESIAN_POINT ( 'NONE',  ( -0.7664619624032945611, -8.706251136499478349, 1.000000000000000000 ) ) ;
#1863 = CARTESIAN_POINT ( 'NONE',  ( 70.27280939620115419, -23.02756378597455011, 6.188286488194689738 ) ) ;
#1864 = DIRECTION ( 'NONE',  ( -0.000000000000000000, 0.000000000000000000, 1.000000000000000000 ) ) ;
#1865 = VERTEX_POINT ( 'NONE', #1871 ) ;
#1866 = CARTESIAN_POINT ( 'NONE',  ( 58.14413996240158866, -23.71671473371294425, 2.013030214988503985 ) ) ;
#1867 = ORIENTED_EDGE ( 'NONE', *, *, #298, .F. ) ;
#1868 = ORIENTED_EDGE ( 'NONE', *, *, #189, .T. ) ;
#1869 = CARTESIAN_POINT ( 'NONE',  ( 40.49158488710810389, -13.74186298765922665, 0.6154988308772151306 ) ) ;
#1870 = CARTESIAN_POINT ( 'NONE',  ( 53.67217300937373636, -27.61794615969266786, 5.525156873200677943 ) ) ;
#1871 = CARTESIAN_POINT ( 'NONE',  ( -11.78923103425785790, 2.239203345141189239, 5.000000000000000000 ) ) ;
#1872 = CARTESIAN_POINT ( 'NONE',  ( 37.29310584378590931, -12.63868985839525294, 0.1848094688544715536 ) ) ;
#1873 = CARTESIAN_POINT ( 'NONE',  ( 48.29756921454615792, -9.382630877614561271, 1.840034112138264626E-13 ) ) ;
#1874 = CYLINDRICAL_SURFACE ( 'NONE', #125, 14.40000000000000036 ) ;
#1875 = CYLINDRICAL_SURFACE ( 'NONE', #462, 12.00000000000000178 ) ;
#1876 = PLANE ( 'NONE',  #3834 ) ;
#1877 = CARTESIAN_POINT ( 'NONE',  ( 42.34932786837222807, -17.13080939400044755, 0.3219347925423816092 ) ) ;
#1878 = ORIENTED_EDGE ( 'NONE', *, *, #3625, .T. ) ;
#1879 = EDGE_CURVE ( 'NONE', #2064, #2932, #6, .T. ) ;
#1880 = CARTESIAN_POINT ( 'NONE',  ( 57.87518704086315324, 2.169520161585280604, 5.000000000000578204 ) ) ;
#1881 = VERTEX_POINT ( 'NONE', #2239 ) ;
#1882 = DIRECTION ( 'NONE',  ( -0.000000000000000000, 0.000000000000000000, 1.000000000000000000 ) ) ;
#1883 = ORIENTED_EDGE ( 'NONE', *, *, #1622, .T. ) ;
#1884 = EDGE_CURVE ( 'NONE', #3078, #3857, #899, .T. ) ;
#1885 = ORIENTED_EDGE ( 'NONE', *, *, #139, .F. ) ;
#1886 = CARTESIAN_POINT ( 'NONE',  ( 40.61241190154568415, -13.66276846954457369, 0.4304689395222785486 ) ) ;
#1887 = CARTESIAN_POINT ( 'NONE',  ( 50.51501533726840165, -25.86543814639178507, 5.734346944671278479 ) ) ;
#1888 = DIRECTION ( 'NONE',  ( -1.000000000000000000, 0.000000000000000000, 0.000000000000000000 ) ) ;
#1889 = CARTESIAN_POINT ( 'NONE',  ( -6.103866304610268578, 7.602980740173119756, 5.000000000000000000 ) ) ;
#1890 = AXIS2_PLACEMENT_3D ( 'NONE', #1862, #3942, #3016 ) ;
#1891 = CIRCLE ( 'NONE', #553, 3.762221576582363891 ) ;
#1892 = CARTESIAN_POINT ( 'NONE',  ( -2.963700234361556607, 9.288647959786468178, 0.000000000000000000 ) ) ;
#1893 = CARTESIAN_POINT ( 'NONE',  ( 49.43078687166418916, -24.62859450800221595, 4.000000000000000000 ) ) ;
#1894 = AXIS2_PLACEMENT_3D ( 'NONE', #1372, #2321, #2882 ) ;
#1895 = CARTESIAN_POINT ( 'NONE',  ( -9.891682374222906304, -6.793719143995277321, 0.000000000000000000 ) ) ;
#1896 = VECTOR ( 'NONE', #2122, 1000.000000000000000 ) ;
#1897 = DIRECTION ( 'NONE',  ( -0.9594929736144991450, 0.2817325568414236203, 0.000000000000000000 ) ) ;
#1898 = CARTESIAN_POINT ( 'NONE',  ( 60.04856551722451741, -28.60035295726827798, 5.497942108418300222 ) ) ;
#1899 = FACE_OUTER_BOUND ( 'NONE', #1572, .T. ) ;
#1900 = CARTESIAN_POINT ( 'NONE',  ( 70.90542799159011622, -21.85505962362158172, 4.999999999994452438 ) ) ;
#1901 = CARTESIAN_POINT ( 'NONE',  ( 43.61135517931378303, -14.75739096309201237, 5.000000000000000000 ) ) ;
#1902 = ORIENTED_EDGE ( 'NONE', *, *, #274, .T. ) ;
#1903 = CARTESIAN_POINT ( 'NONE',  ( -10.11750779506746234, 2.117008461354665361, 0.000000000000000000 ) ) ;
#1904 = EDGE_CURVE ( 'NONE', #1615, #270, #467, .T. ) ;
#1905 = ORIENTED_EDGE ( 'NONE', *, *, #3126, .T. ) ;
#1906 = VECTOR ( 'NONE', #3828, 1000.000000000000000 ) ;
#1907 = CARTESIAN_POINT ( 'NONE',  ( 53.52298729071643635, -27.78405226099976844, 4.199679339625332908 ) ) ;
#1908 = EDGE_LOOP ( 'NONE', ( #2875, #1332, #418, #2112 ) ) ;
#1909 = CARTESIAN_POINT ( 'NONE',  ( 42.40370702292158711, -17.40100765933731708, 0.3881980633160781458 ) ) ;
#1910 = VECTOR ( 'NONE', #91, 1000.000000000000000 ) ;
#1911 = EDGE_CURVE ( 'NONE', #2530, #2548, #1428, .T. ) ;
#1912 = CIRCLE ( 'NONE', #891, 1.000000000000000000 ) ;
#1913 = ORIENTED_EDGE ( 'NONE', *, *, #500, .F. ) ;
#1914 = ORIENTED_EDGE ( 'NONE', *, *, #1303, .T. ) ;
#1915 = CARTESIAN_POINT ( 'NONE',  ( 56.43165530953161380, -28.41057663568000891, 5.447650742464356988 ) ) ;
#1916 = LINE ( 'NONE', #3755, #3747 ) ;
#1917 = CARTESIAN_POINT ( 'NONE',  ( 65.81050097539453247, -27.29847716038154815, 4.786898098980558736 ) ) ;
#1918 = CARTESIAN_POINT ( 'NONE',  ( 77.18245130550657507, -2.624016379460802906, 1.000000000000000888 ) ) ;
#1919 = CARTESIAN_POINT ( 'NONE',  ( -0.3633183167855887352, -9.743242472028704526, 4.070156265966335063 ) ) ;
#1920 = CIRCLE ( 'NONE', #1217, 9.750000000000000000 ) ;
#1921 = DIRECTION ( 'NONE',  ( -0.000000000000000000, -0.000000000000000000, -1.000000000000000000 ) ) ;
#1922 = CYLINDRICAL_SURFACE ( 'NONE', #1104, 9.750000000000000000 ) ;
#1923 = CARTESIAN_POINT ( 'NONE',  ( -1.972319854284031670, 10.14670602713487213, 5.000000000000000000 ) ) ;
#1924 = CARTESIAN_POINT ( 'NONE',  ( 67.33434367584449376, -25.95965649307075296, 6.046901581580930163 ) ) ;
#1925 = AXIS2_PLACEMENT_3D ( 'NONE', #1228, #3657, #2783 ) ;
#1926 = CARTESIAN_POINT ( 'NONE',  ( 72.64406326912289558, -21.18062077124431042, 5.000000000000000000 ) ) ;
#1927 = CARTESIAN_POINT ( 'NONE',  ( 44.58484321008722873, -13.34977971392304141, 6.024727863676367257 ) ) ;
#1928 = ORIENTED_EDGE ( 'NONE', *, *, #2255, .T. ) ;
#1929 = EDGE_LOOP ( 'NONE', ( #1013, #1902, #2615, #1931, #975 ) ) ;
#1930 = CARTESIAN_POINT ( 'NONE',  ( -2.277266001350169322, 10.08264590114086801, 0.000000000000000000 ) ) ;
#1931 = ORIENTED_EDGE ( 'NONE', *, *, #165, .F. ) ;
#1932 = CARTESIAN_POINT ( 'NONE',  ( 42.53762206061598050, -18.02934143045232673, 0.6437505345245307931 ) ) ;
#1933 = EDGE_CURVE ( 'NONE', #1682, #231, #3640, .T. ) ;
#1934 = EDGE_CURVE ( 'NONE', #2487, #2232, #207, .T. ) ;
#1935 = ORIENTED_EDGE ( 'NONE', *, *, #181, .T. ) ;
#1936 = ORIENTED_EDGE ( 'NONE', *, *, #764, .F. ) ;
#1937 = CARTESIAN_POINT ( 'NONE',  ( 52.68595027283646459, -27.16469864574649762, 5.577461613536640606 ) ) ;
#1938 = APPLICATION_PROTOCOL_DEFINITION ( 'international standard', 'config_control_design', 1994, #2152 ) ;
#1939 = EDGE_CURVE ( 'NONE', #1619, #1662, #346, .T. ) ;
#1940 = CARTESIAN_POINT ( 'NONE',  ( 47.71933785529361671, -17.58544056154517321, -4.336808689942017736E-16 ) ) ;
#1941 = DIRECTION ( 'NONE',  ( -1.000000000000000000, 0.000000000000000000, 0.000000000000000000 ) ) ;
#1942 = DIRECTION ( 'NONE',  ( 0.9594929736144972576, 0.2817325568414301151, 0.000000000000000000 ) ) ;
#1943 = FACE_OUTER_BOUND ( 'NONE', #1247, .T. ) ;
#1944 = ORIENTED_EDGE ( 'NONE', *, *, #1992, .T. ) ;
#1945 = DIRECTION ( 'NONE',  ( -0.000000000000000000, -0.000000000000000000, -1.000000000000000000 ) ) ;
#1946 = CARTESIAN_POINT ( 'NONE',  ( 47.97248244390608107, -3.413304266096143902, 4.999999999999999112 ) ) ;
#1947 = ORIENTED_EDGE ( 'NONE', *, *, #1115, .F. ) ;
#1948 = DIRECTION ( 'NONE',  ( -0.000000000000000000, -0.000000000000000000, -1.000000000000000000 ) ) ;
#1949 = EDGE_LOOP ( 'NONE', ( #2837, #33, #2462, #1101 ) ) ;
#1950 = VERTEX_POINT ( 'NONE', #3018 ) ;
#1951 = CARTESIAN_POINT ( 'NONE',  ( 0.000000000000000000, 0.000000000000000000, 0.000000000000000000 ) ) ;
#1952 = CARTESIAN_POINT ( 'NONE',  ( -5.025630336801854448, 9.032647924419228147, 5.000000000000000000 ) ) ;
#1953 = ORIENTED_EDGE ( 'NONE', *, *, #691, .T. ) ;
#1954 = ORIENTED_EDGE ( 'NONE', *, *, #3937, .F. ) ;
#1955 = DIRECTION ( 'NONE',  ( -0.000000000000000000, -0.000000000000000000, -1.000000000000000000 ) ) ;
#1956 = CARTESIAN_POINT ( 'NONE',  ( 39.56150205263610786, -12.52772215098199915, 4.962826419315522486 ) ) ;
#1957 = AXIS2_PLACEMENT_3D ( 'NONE', #1711, #2918, #187 ) ;
#1958 = EDGE_CURVE ( 'NONE', #1430, #1107, #1741, .T. ) ;
#1959 = CARTESIAN_POINT ( 'NONE',  ( 48.15824969103183406, -12.49747192295354736, -1.937607676799669183E-13 ) ) ;
#1960 = DIRECTION ( 'NONE',  ( -0.000000000000000000, 0.000000000000000000, 1.000000000000000000 ) ) ;
#1961 = CARTESIAN_POINT ( 'NONE',  ( -11.99437461453229581, -0.3673929861378426587, 0.000000000000000000 ) ) ;
#1962 = CARTESIAN_POINT ( 'NONE',  ( 48.23354382277147323, -24.46261682950073180, 4.848397372829704288 ) ) ;
#1963 = ORIENTED_EDGE ( 'NONE', *, *, #2787, .T. ) ;
#1964 = EDGE_CURVE ( 'NONE', #36, #1075, #3387, .T. ) ;
#1965 = EDGE_CURVE ( 'NONE', #3810, #3400, #2948, .T. ) ;
#1966 = CIRCLE ( 'NONE', #237, 4.000000000000000000 ) ;
#1967 = AXIS2_PLACEMENT_3D ( 'NONE', #2322, #1375, #1714 ) ;
#1968 = DIRECTION ( 'NONE',  ( -0.000000000000000000, -0.000000000000000000, -1.000000000000000000 ) ) ;
#1969 = CARTESIAN_POINT ( 'NONE',  ( 46.64622059662955422, -5.684353632292150849, 5.851673322425163803 ) ) ;
#1970 = EDGE_LOOP ( 'NONE', ( #2745, #1386 ) ) ;
#1971 = CARTESIAN_POINT ( 'NONE',  ( 70.00818619255336728, -14.38526512631021070, 1.567155498039798589 ) ) ;
#1972 = ORIENTED_EDGE ( 'NONE', *, *, #3313, .T. ) ;
#1973 = AXIS2_PLACEMENT_3D ( 'NONE', #2213, #3153, #378 ) ;
#1974 = AXIS2_PLACEMENT_3D ( 'NONE', #3090, #3392, #1941 ) ;
#1975 = ORIENTED_EDGE ( 'NONE', *, *, #2695, .F. ) ;
#1976 = FACE_OUTER_BOUND ( 'NONE', #127, .T. ) ;
#1977 = DIRECTION ( 'NONE',  ( -0.02819931693351376834, 0.000000000000000000, 0.9996023201876250708 ) ) ;
#1978 = CIRCLE ( 'NONE', #251, 18.00000000000000355 ) ;
#1979 = B_SPLINE_CURVE_WITH_KNOTS ( 'NONE', 3,
 ( #1112, #1962, #1716, #471, #3508, #210, #786, #1697 ),
 .UNSPECIFIED., .F., .F.,
 ( 4, 2, 2, 4 ),
 ( 0.000000000000000000, 0.003235543118079228699, 0.004853314677118848904, 0.006471086236158470409 ),
 .UNSPECIFIED. ) ;
#1980 = EDGE_LOOP ( 'NONE', ( #2899, #2550, #2857, #3852 ) ) ;
#1981 = ORIENTED_EDGE ( 'NONE', *, *, #81, .T. ) ;
#1982 = DIRECTION ( 'NONE',  ( 1.000000000000000000, 0.000000000000000000, 0.000000000000000000 ) ) ;
#1983 = DIRECTION ( 'NONE',  ( -0.000000000000000000, -0.000000000000000000, -1.000000000000000000 ) ) ;
#1984 = PERSON ( '未指定', '未指定', '未指定', ('未指定'), ('未指定'), ('未指定') ) ;
#1985 = CARTESIAN_POINT ( 'NONE',  ( 2.208679935533149674, -9.502814649362992583, 4.856397604795741785 ) ) ;
#1986 = CARTESIAN_POINT ( 'NONE',  ( 42.11063504522527268, -15.80334582107873942, 4.877922772873578339 ) ) ;
#1987 = CARTESIAN_POINT ( 'NONE',  ( 0.000000000000000000, 0.000000000000000000, 0.000000000000000000 ) ) ;
#1988 = CARTESIAN_POINT ( 'NONE',  ( -11.40501160019360860, -3.731716816620635147, 5.000000000000000000 ) ) ;
#1989 = AXIS2_PLACEMENT_3D ( 'NONE', #949, #667, #3401 ) ;
#1990 = CARTESIAN_POINT ( 'NONE',  ( 0.000000000000000000, 0.000000000000000000, 0.000000000000000000 ) ) ;
#1991 = DIRECTION ( 'NONE',  ( -0.000000000000000000, -0.000000000000000000, -1.000000000000000000 ) ) ;
#1992 = EDGE_CURVE ( 'NONE', #3724, #793, #1531, .T. ) ;
#1993 = CARTESIAN_POINT ( 'NONE',  ( 69.28695565932601141, -6.746455449405370786, 1.241628246288497328 ) ) ;
#1994 = ORIENTED_EDGE ( 'NONE', *, *, #3173, .F. ) ;
#1995 = CIRCLE ( 'NONE', #779, 1.650000000000000133 ) ;
#1996 = VERTEX_POINT ( 'NONE', #1265 ) ;
#1997 = EDGE_CURVE ( 'NONE', #1615, #1881, #977, .T. ) ;
#1998 = CARTESIAN_POINT ( 'NONE',  ( 60.10314600343014035, -28.76452303345369543, 4.246491683867198219 ) ) ;
#1999 = CARTESIAN_POINT ( 'NONE',  ( -2.528598933626911904, -9.416405228794101134, 5.000000000000000000 ) ) ;
#2000 = VERTEX_POINT ( 'NONE', #2127 ) ;
#2001 = ORIENTED_EDGE ( 'NONE', *, *, #3051, .F. ) ;
#2002 = CARTESIAN_POINT ( 'NONE',  ( 42.59373130956495856, -18.28061711412295409, 4.075302982918121764 ) ) ;
#2003 = CARTESIAN_POINT ( 'NONE',  ( -0.4127191702219250580, -9.741260846858139644, 3.999999999999996447 ) ) ;
#2004 = CARTESIAN_POINT ( 'NONE',  ( -2.070630938732226145, 11.82000370201147454, 0.000000000000000000 ) ) ;
#2005 = DIRECTION ( 'NONE',  ( 0.02999401688879442182, 0.3407024176482847388, -0.9396926207859082059 ) ) ;
#2006 = DIRECTION ( 'NONE',  ( 0.02999401688879441488, 0.3407024176482846833, -0.9396926207859080948 ) ) ;
#2007 = DIRECTION ( 'NONE',  ( 1.000000000000000000, -3.565820478396767158E-15, 0.000000000000000000 ) ) ;
#2008 = CARTESIAN_POINT ( 'NONE',  ( 48.86736099090601471, -25.45476112369899724, 4.000000000000003553 ) ) ;
#2009 = CARTESIAN_POINT ( 'NONE',  ( 66.75506863966818116, -2.989137937630556685, 1.089746747972931473 ) ) ;
#2010 = ORIENTED_EDGE ( 'NONE', *, *, #1360, .F. ) ;
#2011 = EDGE_CURVE ( 'NONE', #815, #3867, #2367, .T. ) ;
#2012 = CARTESIAN_POINT ( 'NONE',  ( 63.07238652578799076, -28.20401324505107254, 4.716741760584032939 ) ) ;
#2013 = DIRECTION ( 'NONE',  ( 0.02999401688879441488, 0.3407024176482846833, -0.9396926207859080948 ) ) ;
#2014 = ADVANCED_FACE ( 'NONE', ( #947 ), #2268, .F. ) ;
#2015 = EDGE_CURVE ( 'NONE', #2342, #1309, #3904, .T. ) ;
#2016 = ORIENTED_EDGE ( 'NONE', *, *, #636, .F. ) ;
#2017 = ORIENTED_EDGE ( 'NONE', *, *, #1939, .F. ) ;
#2018 = CARTESIAN_POINT ( 'NONE',  ( 42.45922138407963331, -17.66691972360573004, 4.526097941295519789 ) ) ;
#2019 = DIRECTION ( 'NONE',  ( 0.000000000000000000, 0.000000000000000000, 1.000000000000000000 ) ) ;
#2020 = CARTESIAN_POINT ( 'NONE',  ( 41.77517180864411728, -12.45143877154274925, 1.734723475976807094E-15 ) ) ;
#2021 = FACE_OUTER_BOUND ( 'NONE', #2601, .T. ) ;
#2022 = PLANE ( 'NONE',  #1152 ) ;
#2023 = CIRCLE ( 'NONE', #607, 12.90000000000000036 ) ;
#2024 = DIRECTION ( 'NONE',  ( -0.3811215491788739751, 0.9245249400375824544, -2.644561994244967185E-15 ) ) ;
#2025 = CARTESIAN_POINT ( 'NONE',  ( 59.32308535408332517, 0.01621249070526444014, 0.9887163358921184919 ) ) ;
#2026 = CARTESIAN_POINT ( 'NONE',  ( 5.326903160779355773, 8.166186546710704874, 5.000000000000000000 ) ) ;
#2027 =( BOUNDED_SURFACE ( )  B_SPLINE_SURFACE ( 3, 2, ( 
 ( #2753, #234, #1517 ),
 ( #2450, #1460, #2674 ),
 ( #606, #256, #853 ),
 ( #1235, #2432, #2970 ) ),
 .UNSPECIFIED., .F., .F., .F. ) 
 B_SPLINE_SURFACE_WITH_KNOTS ( ( 4, 4 ),
 ( 3, 3 ),
 ( -2.127830814081387197E-05, 0.003696202040994210191 ),
 ( 0.000000000000000000, 1.000000000000000000 ),
 .UNSPECIFIED. ) 
 GEOMETRIC_REPRESENTATION_ITEM ( )  RATIONAL_B_SPLINE_SURFACE ( (
 ( 1.000000000000000000, 1.000000000000000000, 1.000000000000000000),
 ( 1.000000000000000000, 0.9999842532497380532, 1.000000000000000000),
 ( 1.000000000000000000, 0.9954775562452100601, 1.000000000000000000),
 ( 1.000000000000000000, 0.9879624759153654567, 1.000000000000000000) ) ) 
 REPRESENTATION_ITEM ( '' )  SURFACE ( )  );
#2028 = VERTEX_POINT ( 'NONE', #1678 ) ;
#2029 = VECTOR ( 'NONE', #755, 1000.000000000000000 ) ;
#2030 = CARTESIAN_POINT ( 'NONE',  ( -1.024417370216223588, 9.696033676282242553, 5.000000000000000000 ) ) ;
#2031 = EDGE_CURVE ( 'NONE', #1865, #3519, #1218, .T. ) ;
#2032 = CIRCLE ( 'NONE', #2983, 3.762221576582363003 ) ;
#2033 = ORIENTED_EDGE ( 'NONE', *, *, #812, .T. ) ;
#2034 = VERTEX_POINT ( 'NONE', #3511 ) ;
#2035 = APPROVAL ( #3662, '未指定' ) ;
#2036 = CARTESIAN_POINT ( 'NONE',  ( 42.59568168528810617, -18.28925675574213727, 4.037653623105989631 ) ) ;
#2037 = CYLINDRICAL_SURFACE ( 'NONE', #1328, 3.762221576582363003 ) ;
#2038 = CARTESIAN_POINT ( 'NONE',  ( 42.34599871668350346, -17.11402710654733283, 4.681878500705337842 ) ) ;
#2039 = CARTESIAN_POINT ( 'NONE',  ( 38.22984415044192730, -12.58887106277760459, 4.894125686341848969 ) ) ;
#2040 = DIRECTION ( 'NONE',  ( 1.000000000000000000, 0.000000000000000000, 0.000000000000000000 ) ) ;
#2041 = AXIS2_PLACEMENT_3D ( 'NONE', #2247, #452, #770 ) ;
#2042 = DIRECTION ( 'NONE',  ( 0.000000000000000000, 0.000000000000000000, 1.000000000000000000 ) ) ;
#2043 = CYLINDRICAL_SURFACE ( 'NONE', #496, 3.762221576582363003 ) ;
#2044 = CARTESIAN_POINT ( 'NONE',  ( 71.48622628415205327, -14.70060743049568330, -4.336808689942017736E-16 ) ) ;
#2045 = ORIENTED_EDGE ( 'NONE', *, *, #3173, .T. ) ;
#2046 = AXIS2_PLACEMENT_3D ( 'NONE', #3679, #2486, #3768 ) ;
#2047 = CARTESIAN_POINT ( 'NONE',  ( 64.53024735844751092, -28.11437068362250713, 4.019144975208213566 ) ) ;
#2048 = ORIENTED_EDGE ( 'NONE', *, *, #1405, .F. ) ;
#2049 = ORIENTED_EDGE ( 'NONE', *, *, #3607, .T. ) ;
#2050 = CARTESIAN_POINT ( 'NONE',  ( 60.35364847307808134, 1.381120417642789810, -5.421010862427522170E-16 ) ) ;
#2051 = DIRECTION ( 'NONE',  ( 0.000000000000000000, 0.000000000000000000, 1.000000000000000000 ) ) ;
#2052 = EDGE_CURVE ( 'NONE', #1512, #3464, #3458, .T. ) ;
#2053 = B_SPLINE_CURVE_WITH_KNOTS ( 'NONE', 3,
 ( #504, #3861, #1652, #2337, #3157, #745, #2569, #3527, #3216, #2939, #1376, #1052, #3786, #3846 ),
 .UNSPECIFIED., .F., .F.,
 ( 4, 2, 2, 2, 2, 2, 4 ),
 ( 8.673617379884035472E-19, 0.0002117788143416508655, 0.0004235576286833008636, 0.0008471152573666006430, 0.001694230514733201503, 0.002541345772099803772, 0.003388461029466406042 ),
 .UNSPECIFIED. ) ;
#2054 = ADVANCED_FACE ( 'NONE', ( #1306 ), #1700, .T. ) ;
#2055 = CARTESIAN_POINT ( 'NONE',  ( 42.25326288169497957, -16.63088003912114843, 4.774699491071965340 ) ) ;
#2056 = CARTESIAN_POINT ( 'NONE',  ( 36.73023044221301348, -12.67141630590191070, 4.749897275745873060 ) ) ;
#2057 = EDGE_CURVE ( 'NONE', #3857, #2487, #1579, .T. ) ;
#2058 = CARTESIAN_POINT ( 'NONE',  ( 67.91403100014065330, -6.378531666828856750, 0.000000000000000000 ) ) ;
#2059 = EDGE_CURVE ( 'NONE', #3552, #775, #1457, .T. ) ;
#2060 = DIRECTION ( 'NONE',  ( 0.000000000000000000, 0.000000000000000000, 1.000000000000000000 ) ) ;
#2061 = CARTESIAN_POINT ( 'NONE',  ( 41.82005067418415933, -13.31324686956344827, 4.994816132176468138 ) ) ;
#2062 = DIRECTION ( 'NONE',  ( -0.000000000000000000, -0.000000000000000000, -1.000000000000000000 ) ) ;
#2063 = CARTESIAN_POINT ( 'NONE',  ( 68.60523041698724001, -1.742788993930562969, 5.722112477233343597 ) ) ;
#2064 = VERTEX_POINT ( 'NONE', #1330 ) ;
#2065 = CARTESIAN_POINT ( 'NONE',  ( 62.36457711472875332, -28.55497939977462352, 4.448760048968321890 ) ) ;
#2066 = EDGE_LOOP ( 'NONE', ( #148, #3127, #3720, #1079, #1130 ) ) ;
#2067 = CARTESIAN_POINT ( 'NONE',  ( 40.31638439944368457, -13.57064918733029302, 4.153718940269615523 ) ) ;
#2068 = DIRECTION ( 'NONE',  ( -0.08769663855802296848, -0.9961472278662545365, 0.000000000000000000 ) ) ;
#2069 = EDGE_CURVE ( 'NONE', #3003, #2548, #3939, .T. ) ;
#2070 = CARTESIAN_POINT ( 'NONE',  ( 56.73624880646369917, -28.45066019155641257, 5.447510271771001555 ) ) ;
#2071 = CARTESIAN_POINT ( 'NONE',  ( 39.56150205263610786, -12.52772215098199915, 4.962826419315522486 ) ) ;
#2072 = CARTESIAN_POINT ( 'NONE',  ( 0.000000000000000000, 0.000000000000000000, 5.000000000000000000 ) ) ;
#2073 = EDGE_CURVE ( 'NONE', #2556, #2854, #2288, .T. ) ;
#2074 = DIRECTION ( 'NONE',  ( -0.000000000000000000, -0.000000000000000000, -1.000000000000000000 ) ) ;
#2075 = CARTESIAN_POINT ( 'NONE',  ( -8.225486823948159554, -6.259956494877047639, 5.000000000000000000 ) ) ;
#2076 = CARTESIAN_POINT ( 'NONE',  ( 0.000000000000000000, 0.000000000000000000, 5.000000000000000000 ) ) ;
#2077 = DIRECTION ( 'NONE',  ( 0.4154150130018841591, 0.9096319953545193293, 0.000000000000000000 ) ) ;
#2078 = CARTESIAN_POINT ( 'NONE',  ( 45.83232961692705487, -19.83740646710518618, 6.165383110829117719 ) ) ;
#2079 = ORIENTED_EDGE ( 'NONE', *, *, #2109, .F. ) ;
#2080 = EDGE_CURVE ( 'NONE', #1312, #3165, #749, .T. ) ;
#2081 = B_SPLINE_CURVE_WITH_KNOTS ( 'NONE', 3,
 ( #3133, #3757, #1028, #2498, #3711, #3409, #748, #1054, #1035, #428 ),
 .UNSPECIFIED., .F., .F.,
 ( 4, 2, 2, 2, 4 ),
 ( 0.000000000000000000, 0.2499999999999996669, 0.4999999999999997780, 0.7499999999999998890, 1.000000000000000000 ),
 .UNSPECIFIED. ) ;
#2082 = CARTESIAN_POINT ( 'NONE',  ( 54.23917355958209185, -27.87813888456782863, 4.727957672319528903 ) ) ;
#2083 = AXIS2_PLACEMENT_3D ( 'NONE', #2897, #3472, #1045 ) ;
#2084 = AXIS2_PLACEMENT_3D ( 'NONE', #1098, #2309, #789 ) ;
#2085 = LOCAL_TIME ( 15, 58, 26.00000000000000000, #3101 ) ;
#2086 = CIRCLE ( 'NONE', #3877, 12.00000000000000355 ) ;
#2087 = ORIENTED_EDGE ( 'NONE', *, *, #226, .F. ) ;
#2088 = CIRCLE ( 'NONE', #1336, 3.762221576582363891 ) ;
#2089 = CARTESIAN_POINT ( 'NONE',  ( 34.72656449214116492, -12.80424453509008487, 4.249063258140759913 ) ) ;
#2090 = CARTESIAN_POINT ( 'NONE',  ( 37.06514008650874814, -12.65165621457212985, 0.2090902939593803078 ) ) ;
#2091 = PRODUCT_DEFINITION_SHAPE ( 'NONE', 'NONE',  #2368 ) ;
#2092 = CARTESIAN_POINT ( 'NONE',  ( 46.01300565698979739, -19.76292547767356211, 5.000000000000102141 ) ) ;
#2093 = CARTESIAN_POINT ( 'NONE',  ( 59.57245272531130809, -9.757595425460108274, 5.000000000000000000 ) ) ;
#2094 = EDGE_CURVE ( 'NONE', #2000, #1639, #3071, .T. ) ;
#2095 = CARTESIAN_POINT ( 'NONE',  ( 34.97572467695590603, -12.78631126666176243, 4.370137890750648957 ) ) ;
#2096 = VECTOR ( 'NONE', #663, 1000.000000000000000 ) ;
#2097 = CARTESIAN_POINT ( 'NONE',  ( 38.57811150215869134, -12.57171132179902173, 0.08332502936880475941 ) ) ;
#2098 = CARTESIAN_POINT ( 'NONE',  ( 62.27917041643859619, -28.39640133458067339, 4.696927414763315767 ) ) ;
#2099 = CARTESIAN_POINT ( 'NONE',  ( 34.53750541822680731, -12.81813254565328286, 1.000000000000000444 ) ) ;
#2100 = DIRECTION ( 'NONE',  ( -0.000000000000000000, -0.000000000000000000, -1.000000000000000000 ) ) ;
#2101 = CARTESIAN_POINT ( 'NONE',  ( 71.14819715050431626, -4.853622513697856355, 5.785781149091762110 ) ) ;
#2102 = AXIS2_PLACEMENT_3D ( 'NONE', #3092, #1301, #1610 ) ;
#2103 = CYLINDRICAL_SURFACE ( 'NONE', #1890, 1.000000000000000222 ) ;
#2104 = ORIENTED_EDGE ( 'NONE', *, *, #1550, .T. ) ;
#2105 = ADVANCED_FACE ( 'NONE', ( #473 ), #2043, .T. ) ;
#2106 = VECTOR ( 'NONE', #1674, 1000.000000000000000 ) ;
#2107 = B_SPLINE_CURVE_WITH_KNOTS ( 'NONE', 3,
 ( #526, #225, #242, #3900, #1764, #2340, #3849, #2976, #2681, #3593, #508, #3239, #539, #1751, #1399, #1165, #1128, #1114 ),
 .UNSPECIFIED., .F., .F.,
 ( 4, 2, 2, 2, 2, 2, 2, 2, 4 ),
 ( 0.000000000000000000, 0.001044536423080013503, 0.002089072846160027006, 0.003133609269240040726, 0.003655877480780047369, 0.003917011586550050474, 0.004047578639435052243, 0.004112862165877553128, 0.004178145692320054012 ),
 .UNSPECIFIED. ) ;
#2108 = AXIS2_PLACEMENT_3D ( 'NONE', #3142, #348, #2809 ) ;
#2109 = EDGE_CURVE ( 'NONE', #1569, #3494, #2107, .T. ) ;
#2110 = B_SPLINE_CURVE_WITH_KNOTS ( 'NONE', 3,
 ( #1068, #765, #2241, #1919, #1581, #2842, #3134, #2500, #404, #1630, #107, #66, #3196, #468, #1985, #1694, #2902, #170 ),
 .UNSPECIFIED., .F., .F.,
 ( 4, 2, 2, 2, 2, 2, 2, 2, 4 ),
 ( 3.529906531158615134E-18, 6.645669041783534522E-05, 0.0001329133808356671668, 0.0002658267616713295089, 0.0005316535233426541388, 0.001063307046685303073, 0.002126614093370601376, 0.003189921140055899679, 0.004253228186741197549 ),
 .UNSPECIFIED. ) ;
#2111 = AXIS2_PLACEMENT_3D ( 'NONE', #2885, #449, #1396 ) ;
#2112 = ORIENTED_EDGE ( 'NONE', *, *, #1085, .T. ) ;
#2114 = CARTESIAN_POINT ( 'NONE',  ( 40.61798715587162434, -13.65777662461048081, 4.574341344431641865 ) ) ;
#2113 = PERSON_AND_ORGANIZATION ( #1984, #758 ) ;
#2115 = CARTESIAN_POINT ( 'NONE',  ( 38.77885931434293099, -12.56222176579616345, 0.07202972929190842866 ) ) ;
#2116 = AXIS2_PLACEMENT_3D ( 'NONE', #2840, #610, #26 ) ;
#2117 = CARTESIAN_POINT ( 'NONE',  ( 49.40339751000011859, -24.93957320860278415, 5.857740672102337065 ) ) ;
#2118 = DIRECTION ( 'NONE',  ( 0.4154150130018841591, 0.9096319953545193293, 0.000000000000000000 ) ) ;
#2119 = CARTESIAN_POINT ( 'NONE',  ( 34.80665743183190131, -12.79846282952477843, 4.290750263284715871 ) ) ;
#2120 = CARTESIAN_POINT ( 'NONE',  ( 3.500000000000000000, 0.000000000000000000, 4.500000000000000888 ) ) ;
#2121 = CARTESIAN_POINT ( 'NONE',  ( -4.000000000000000000, 4.898587196589412829E-16, 4.500000000000000888 ) ) ;
#2122 = DIRECTION ( 'NONE',  ( -0.000000000000000000, -0.000000000000000000, -1.000000000000000000 ) ) ;
#2123 = CARTESIAN_POINT ( 'NONE',  ( 2.528598933626912793, 9.416405228794097582, -48.69552528001440805 ) ) ;
#2124 = CARTESIAN_POINT ( 'NONE',  ( 74.11478817421780718, -17.03557949431839447, 5.000000000000000000 ) ) ;
#2125 = FACE_OUTER_BOUND ( 'NONE', #2535, .T. ) ;
#2126 = ORIENTED_EDGE ( 'NONE', *, *, #2350, .T. ) ;
#2127 = CARTESIAN_POINT ( 'NONE',  ( 58.14413996240158866, -23.71671473371294425, 2.013030214988504429 ) ) ;
#2128 = ORIENTED_EDGE ( 'NONE', *, *, #2894, .T. ) ;
#2129 = ORIENTED_EDGE ( 'NONE', *, *, #953, .T. ) ;
#2130 = CARTESIAN_POINT ( 'NONE',  ( 40.09191293037506654, -13.30711936845504439, 4.006696145594074387 ) ) ;
#2131 = CARTESIAN_POINT ( 'NONE',  ( 34.56230043127104778, -12.81629407342310678, 0.8976637897213367578 ) ) ;
#2132 = ADVANCED_FACE ( 'NONE', ( #3530 ), #2380, .T. ) ;
#2133 = CARTESIAN_POINT ( 'NONE',  ( -4.380276841034158153, -8.710664429071977466, 0.000000000000000000 ) ) ;
#2134 = CARTESIAN_POINT ( 'NONE',  ( 2.722349512420125350, 9.362416621387852800, 4.271498253318397609 ) ) ;
#2135 = DIRECTION ( 'NONE',  ( -1.000000000000000000, 0.000000000000000000, 0.000000000000000000 ) ) ;
#2136 = CARTESIAN_POINT ( 'NONE',  ( 38.21923420852073860, -12.58940419196632554, 0.1066077552973633130 ) ) ;
#2137 = DIRECTION ( 'NONE',  ( -1.000000000000000000, 1.224646799147351482E-16, 0.000000000000000000 ) ) ;
#2138 = DIRECTION ( 'NONE',  ( 1.000000000000000000, 0.000000000000000000, 0.000000000000000000 ) ) ;
#2139 = DIRECTION ( 'NONE',  ( 0.1423148382732818962, 0.9898214418809332393, 0.000000000000000000 ) ) ;
#2140 = CARTESIAN_POINT ( 'NONE',  ( 69.25975689410557834, -1.033968146663102328, 5.000000000000000000 ) ) ;
#2141 = CARTESIAN_POINT ( 'NONE',  ( 42.46749247200077093, -17.70569491323910327, 0.4885025147909063392 ) ) ;
#2142 = ORIENTED_EDGE ( 'NONE', *, *, #298, .T. ) ;
#2143 = DIRECTION ( 'NONE',  ( 0.9268420305365948630, 0.3754515287368023202, 0.000000000000000000 ) ) ;
#2144 = ORIENTED_EDGE ( 'NONE', *, *, #2052, .T. ) ;
#2145 = CIRCLE ( 'NONE', #3870, 12.00000000000000355 ) ;
#2146 = ORIENTED_EDGE ( 'NONE', *, *, #3506, .T. ) ;
#2147 = ADVANCED_FACE ( 'NONE', ( #2662 ), #1145, .T. ) ;
#2148 = ORIENTED_EDGE ( 'NONE', *, *, #390, .T. ) ;
#2149 = DATE_TIME_ROLE ( 'classification_date' ) ;
#2150 = CARTESIAN_POINT ( 'NONE',  ( 42.22861352225987730, -16.49618084451583755, 0.2045911470685563560 ) ) ;
#2151 = AXIS2_PLACEMENT_3D ( 'NONE', #560, #1665, #1977 ) ;
#2152 = APPLICATION_CONTEXT ( 'configuration controlled 3d designs of mechanical parts and assemblies' ) ;
#2153 = CARTESIAN_POINT ( 'NONE',  ( 46.75874751620794711, -21.72635412366178542, 6.150333096634302166 ) ) ;
#2154 = CARTESIAN_POINT ( 'NONE',  ( 2.528598933626915901, 9.416405228794095805, 4.035543219903823697 ) ) ;
#2155 = CARTESIAN_POINT ( 'NONE',  ( 46.25598582345117649, -20.79998774559916086, 6.173850319169136291 ) ) ;
#2156 = CARTESIAN_POINT ( 'NONE',  ( 34.62796148610971159, -12.81136356028427592, 0.8027221172830160123 ) ) ;
#2157 = CARTESIAN_POINT ( 'NONE',  ( -7.576987870392881241, -9.305334750126894150, 0.000000000000000000 ) ) ;
#2158 = CARTESIAN_POINT ( 'NONE',  ( 78.43331050369293678, -12.04303582562804920, 5.930191268749316791 ) ) ;
#2159 = CARTESIAN_POINT ( 'NONE',  ( -6.028027512761525486, 10.37607268215629475, 5.000000000000000000 ) ) ;
#2160 = CARTESIAN_POINT ( 'NONE',  ( 42.35550736146645079, -17.16187244512653720, 0.3291076823990666811 ) ) ;
#2161 = VERTEX_POINT ( 'NONE', #2925 ) ;
#2162 = CIRCLE ( 'NONE', #309, 3.762221576582363891 ) ;
#2163 = CARTESIAN_POINT ( 'NONE',  ( 57.81124668667214905, 2.873210599704315804, 5.000000000000000000 ) ) ;
#2164 = ORIENTED_EDGE ( 'NONE', *, *, #1812, .T. ) ;
#2165 = CARTESIAN_POINT ( 'NONE',  ( -8.410437171827107150, -6.009179260718303439, 5.000000000000000000 ) ) ;
#2166 = B_SPLINE_CURVE_WITH_KNOTS ( 'NONE', 3,
 ( #1956, #1025, #3456, #654 ),
 .UNSPECIFIED., .F., .F.,
 ( 4, 4 ),
 ( 0.000000000000000000, 1.000000000000000000 ),
 .UNSPECIFIED. ) ;
#2167 = EDGE_LOOP ( 'NONE', ( #3147, #3138, #2887, #2846, #3191 ) ) ;
#2168 = ORIENTED_EDGE ( 'NONE', *, *, #3925, .F. ) ;
#2169 = VECTOR ( 'NONE', #2306, 1000.000000000000000 ) ;
#2170 = CALENDAR_DATE ( 2026, 12, 3 ) ;
#2171 = CARTESIAN_POINT ( 'NONE',  ( 0.5386289757454962857, 11.98790552292131650, 5.000000000000000000 ) ) ;
#2172 = CARTESIAN_POINT ( 'NONE',  ( 55.72582958707949530, -28.26355079459066033, 5.458507928090982730 ) ) ;
#2173 = EDGE_CURVE ( 'NONE', #3727, #1637, #240, .T. ) ;
#2174 = DIRECTION ( 'NONE',  ( -0.000000000000000000, -0.000000000000000000, -1.000000000000000000 ) ) ;
#2175 = DIRECTION ( 'NONE',  ( -0.000000000000000000, -0.000000000000000000, -1.000000000000000000 ) ) ;
#2176 = AXIS2_PLACEMENT_3D ( 'NONE', #2995, #1167, #2077 ) ;
#2177 = AXIS2_PLACEMENT_3D ( 'NONE', #994, #387, #1074 ) ;
#2178 = CARTESIAN_POINT ( 'NONE',  ( 36.45898158612504858, -12.68767230928759915, 0.2855080144916474771 ) ) ;
#2179 = CARTESIAN_POINT ( 'NONE',  ( 48.78765582668702905, -7.829404440327143000, 1.365715426553926859 ) ) ;
#2180 = CARTESIAN_POINT ( 'NONE',  ( -6.128663263119058513, -8.323771706143375582, 5.000000000000000000 ) ) ;
#2181 = DIRECTION ( 'NONE',  ( 0.000000000000000000, 0.000000000000000000, 1.000000000000000000 ) ) ;
#2182 = DIRECTION ( 'NONE',  ( 1.000000000000000000, 0.000000000000000000, 0.000000000000000000 ) ) ;
#2183 = CARTESIAN_POINT ( 'NONE',  ( 42.59568168528949172, -18.28925675574487997, 0.9628627179466268116 ) ) ;
#2184 = LINE ( 'NONE', #3396, #2096 ) ;
#2185 = DIRECTION ( 'NONE',  ( -0.000000000000000000, -0.000000000000000000, -1.000000000000000000 ) ) ;
#2186 = ORIENTED_EDGE ( 'NONE', *, *, #2331, .T. ) ;
#2187 = DIRECTION ( 'NONE',  ( 1.000000000000000000, 0.000000000000000000, 0.000000000000000000 ) ) ;
#2188 = VERTEX_POINT ( 'NONE', #1421 ) ;
#2189 = ORIENTED_EDGE ( 'NONE', *, *, #3102, .F. ) ;
#2190 = SECURITY_CLASSIFICATION_LEVEL ( 'unclassified' ) ;
#2191 = CARTESIAN_POINT ( 'NONE',  ( -10.04909972764970050, 2.421008771658812453, 5.000000000000000000 ) ) ;
#2192 = CARTESIAN_POINT ( 'NONE',  ( -6.376773933753629109, -8.135259246422229751, 0.000000000000000000 ) ) ;
#2193 =( NAMED_UNIT ( * ) SI_UNIT ( $, .STERADIAN. ) SOLID_ANGLE_UNIT ( ) );
#2194 = CARTESIAN_POINT ( 'NONE',  ( 70.30509414541793944, -24.41100100233389014, 5.000000000000003553 ) ) ;
#2195 = EDGE_CURVE ( 'NONE', #1309, #350, #1735, .T. ) ;
#2196 = FACE_OUTER_BOUND ( 'NONE', #2816, .T. ) ;
#2197 = CARTESIAN_POINT ( 'NONE',  ( 48.24167678228867828, -14.03118731929761331, 1.634284573444872768 ) ) ;
#2198 = DIRECTION ( 'NONE',  ( -0.000000000000000000, -0.000000000000000000, -1.000000000000000000 ) ) ;
#2199 = CARTESIAN_POINT ( 'NONE',  ( 41.12375761112560468, -12.47039565201767530, 0.002467661018904279083 ) ) ;
#2200 = DIRECTION ( 'NONE',  ( 0.000000000000000000, -1.000000000000000000, 0.000000000000000000 ) ) ;
#2201 = ORIENTED_EDGE ( 'NONE', *, *, #993, .F. ) ;
#2202 = ADVANCED_FACE ( 'NONE', ( #3829 ), #3578, .T. ) ;
#2203 = CARTESIAN_POINT ( 'NONE',  ( 48.10877998130929001, -3.502940454141540982, 5.800725114945747940 ) ) ;
#2204 = VERTEX_POINT ( 'NONE', #2008 ) ;
#2205 = DIRECTION ( 'NONE',  ( -0.000000000000000000, 0.000000000000000000, 1.000000000000000000 ) ) ;
#2206 = EDGE_CURVE ( 'NONE', #1591, #1620, #2609, .T. ) ;
#2207 = VERTEX_POINT ( 'NONE', #1451 ) ;
#2208 = ORIENTED_EDGE ( 'NONE', *, *, #927, .T. ) ;
#2209 = FACE_OUTER_BOUND ( 'NONE', #1120, .T. ) ;
#2210 = EDGE_LOOP ( 'NONE', ( #2446, #2811, #1963, #177 ) ) ;
#2211 = ORIENTED_EDGE ( 'NONE', *, *, #1389, .T. ) ;
#2212 = CARTESIAN_POINT ( 'NONE',  ( 58.59646912004023278, -28.63756819117462982, 5.457639155728794655 ) ) ;
#2213 = CARTESIAN_POINT ( 'NONE',  ( 0.000000000000000000, 0.000000000000000000, 0.000000000000000000 ) ) ;
#2214 = CARTESIAN_POINT ( 'NONE',  ( 67.33139383940485345, -25.96176490309620988, 6.046620641892638481 ) ) ;
#2215 = AXIS2_PLACEMENT_3D ( 'NONE', #1576, #3689, #3086 ) ;
#2216 = VECTOR ( 'NONE', #1991, 1000.000000000000000 ) ;
#2217 = CARTESIAN_POINT ( 'NONE',  ( 0.000000000000000000, 0.000000000000000000, 4.500000000000000888 ) ) ;
#2218 = DIRECTION ( 'NONE',  ( -0.000000000000000000, -0.000000000000000000, -1.000000000000000000 ) ) ;
#2219 = EDGE_CURVE ( 'NONE', #1056, #719, #3010, .T. ) ;
#2220 = LINE ( 'NONE', #3436, #2470 ) ;
#2221 = CIRCLE ( 'NONE', #2612, 9.750000000000000000 ) ;
#2222 = DIRECTION ( 'NONE',  ( -1.000000000000000000, 0.000000000000000000, 0.000000000000000000 ) ) ;
#2223 = CARTESIAN_POINT ( 'NONE',  ( 58.74758949093612159, -27.20339548927031714, 11.51979228921248222 ) ) ;
#2224 = ORIENTED_EDGE ( 'NONE', *, *, #2375, .T. ) ;
#2225 = CARTESIAN_POINT ( 'NONE',  ( 0.000000000000000000, 0.000000000000000000, 5.000000000000000000 ) ) ;
#2226 = CARTESIAN_POINT ( 'NONE',  ( 46.04659331848878878, -6.875461811730049000, 5.879106062646020980 ) ) ;
#2227 = EDGE_LOOP ( 'NONE', ( #2464, #254, #3746, #531 ) ) ;
#2228 = DIRECTION ( 'NONE',  ( -1.000000000000000000, 0.000000000000000000, 0.000000000000000000 ) ) ;
#2229 = AXIS2_PLACEMENT_3D ( 'NONE', #3917, #3577, #844 ) ;
#2230 = ADVANCED_FACE ( 'NONE', ( #3271 ), #1403, .T. ) ;
#2231 = VERTEX_POINT ( 'NONE', #2438 ) ;
#2232 = VERTEX_POINT ( 'NONE', #3628 ) ;
#2233 = ADVANCED_FACE ( 'NONE', ( #3670 ), #3012, .T. ) ;
#2234 = CARTESIAN_POINT ( 'NONE',  ( 42.59374845985288260, -18.28069300308130707, 0.9250278072222221093 ) ) ;
#2235 = AXIS2_PLACEMENT_3D ( 'NONE', #1633, #2547, #1007 ) ;
#2236 = VERTEX_POINT ( 'NONE', #901 ) ;
#2237 = ORIENTED_EDGE ( 'NONE', *, *, #2011, .T. ) ;
#2238 = CARTESIAN_POINT ( 'NONE',  ( 60.06291602249784489, -28.65622465088157966, 4.703871679472966250 ) ) ;
#2239 = CARTESIAN_POINT ( 'NONE',  ( 78.57245272531130809, -9.757595425460108274, 4.000000000000003553 ) ) ;
#2240 = CARTESIAN_POINT ( 'NONE',  ( 0.000000000000000000, 0.000000000000000000, 5.000000000000000000 ) ) ;
#2241 = CARTESIAN_POINT ( 'NONE',  ( -0.3964031804839053263, -9.741952503813504194, 4.041158798787693129 ) ) ;
#2242 = CARTESIAN_POINT ( 'NONE',  ( 41.93445205284800892, -14.53080358726168697, 0.03783125792450678371 ) ) ;
#2243 = LINE ( 'NONE', #727, #3061 ) ;
#2244 = CARTESIAN_POINT ( 'NONE',  ( 65.55606884528431522, -27.04111094730346210, 5.863188980868609512 ) ) ;
#2245 = ORIENTED_EDGE ( 'NONE', *, *, #3331, .T. ) ;
#2246 = AXIS2_PLACEMENT_3D ( 'NONE', #3457, #3677, #3057 ) ;
#2247 = CARTESIAN_POINT ( 'NONE',  ( -2.277266001350169322, 10.08264590114086801, 5.000000000000000000 ) ) ;
#2248 = CARTESIAN_POINT ( 'NONE',  ( 44.67203411674535118, -14.71490149600883690, 5.000000000004221512 ) ) ;
#2249 = ORIENTED_EDGE ( 'NONE', *, *, #2937, .F. ) ;
#2250 = DIRECTION ( 'NONE',  ( -0.000000000000000000, -0.000000000000000000, -1.000000000000000000 ) ) ;
#2251 = ORIENTED_EDGE ( 'NONE', *, *, #3204, .T. ) ;
#2252 = ORIENTED_EDGE ( 'NONE', *, *, #2195, .F. ) ;
#2253 = CARTESIAN_POINT ( 'NONE',  ( 48.86736099090600760, -25.45476112369899369, 4.000000000000000888 ) ) ;
#2254 = DIRECTION ( 'NONE',  ( 0.000000000000000000, -0.000000000000000000, -1.000000000000000000 ) ) ;
#2255 = EDGE_CURVE ( 'NONE', #231, #3520, #1012, .T. ) ;
#2256 = EDGE_LOOP ( 'NONE', ( #1439, #1743, #1663, #515, #3261, #3476, #1284, #3744, #1086, #2164, #747, #2771, #3717, #2600, #79, #2614, #1645, #1494, #796, #161, #2895, #2747, #2447, #416, #1381, #1753, #3429, #3318, #735, #760, #2186, #3766, #697, #3487, #2045, #2834, #2620, #2596, #2507, #669, #2706, #3125, #3566, #3600, #2271, #3659, #3428, #3384, #1587, #1384, #1709, #3228, #2208, #20, #3222, #247 ) ) ;
#2257 = VERTEX_POINT ( 'NONE', #1858 ) ;
#2258 = CARTESIAN_POINT ( 'NONE',  ( 67.72680793867419879, -26.31814234157144483, 4.893739804503269397 ) ) ;
#2259 = CYLINDRICAL_SURFACE ( 'NONE', #1327, 1.650000000000000133 ) ;
#2260 = EDGE_CURVE ( 'NONE', #3274, #3144, #1413, .T. ) ;
#2261 = CARTESIAN_POINT ( 'NONE',  ( 51.89678076983054211, -22.89629888801056268, -4.336808689942017736E-16 ) ) ;
#2262 = CARTESIAN_POINT ( 'NONE',  ( 34.53750541822680731, -12.81813254565328286, 1.000000000000000444 ) ) ;
#2263 = DIRECTION ( 'NONE',  ( -0.000000000000000000, -0.000000000000000000, -1.000000000000000000 ) ) ;
#2264 = CARTESIAN_POINT ( 'NONE',  ( 44.92053594132802630, -20.21327974334332467, 5.000000000000000000 ) ) ;
#2265 = ORIENTED_EDGE ( 'NONE', *, *, #1553, .T. ) ;
#2266 = DIRECTION ( 'NONE',  ( -0.000000000000000000, 0.000000000000000000, 1.000000000000000000 ) ) ;
#2267 = CARTESIAN_POINT ( 'NONE',  ( 44.98681753297798025, -17.33059625732048303, 6.111739830704162380 ) ) ;
#2268 =( BOUNDED_SURFACE ( )  B_SPLINE_SURFACE ( 3, 2, ( 
 ( #2423, #3638, #73 ),
 ( #974, #908, #3332 ),
 ( #601, #1880, #2163 ),
 ( #3399, #665, #2746 ),
 ( #3095, #1590, #3378 ),
 ( #2445, #16, #2806 ),
 ( #1826, #3035, #621 ),
 ( #645, #3077, #3617 ),
 ( #2203, #1946, #2907 ),
 ( #1969, #2506, #1011 ),
 ( #2226, #3809, #2890 ),
 ( #3417, #175, #3719 ),
 ( #3115, #136, #3790 ),
 ( #1927, #1614, #685 ),
 ( #2527, #2248, #1901 ),
 ( #2267, #158, #3441 ),
 ( #1036, #3182, #731 ),
 ( #410, #2592, #3161 ) ),
 .UNSPECIFIED., .F., .F., .F. ) 
 B_SPLINE_SURFACE_WITH_KNOTS ( ( 4, 2, 2, 2, 2, 2, 2, 2, 4 ),
 ( 3, 3 ),
 ( 1.267249292515524301E-16, 0.2594374693990477154, 0.5188749387980953198, 0.7783124081971428687, 1.037749877596190418, 1.297187346995237966, 1.556624816394285737, 1.816062285793333286, 2.075499755192380835 ),
 ( 0.000000000000000000, 1.000000000000000000 ),
 .UNSPECIFIED. ) 
 GEOMETRIC_REPRESENTATION_ITEM ( )  RATIONAL_B_SPLINE_SURFACE ( (
 ( 1.000000000000000000, 0.8191520442889922426, 1.000000000000000000),
 ( 1.000000000000000000, 0.8191535719440397045, 1.000000000000000000),
 ( 1.000000000000000000, 0.8179770211930830204, 1.000000000000000000),
 ( 1.000000000000000000, 0.8133256778829607292, 1.000000000000000000),
 ( 1.000000000000000000, 0.8098492941659692912, 1.000000000000000000),
 ( 1.000000000000000000, 0.8007423043598879131, 1.000000000000000000),
 ( 1.000000000000000000, 0.7951115748220141111, 1.000000000000000000),
 ( 1.000000000000000000, 0.7819441184596911398, 1.000000000000000000),
 ( 1.000000000000000000, 0.7744072237275615445, 1.000000000000000000),
 ( 1.000000000000000000, 0.7577812642298079604, 1.000000000000000000),
 ( 1.000000000000000000, 0.7486920348981230822, 1.000000000000000000),
 ( 1.000000000000000000, 0.7294260606112559220, 1.000000000000000000),
 ( 1.000000000000000000, 0.7192492729975827892, 1.000000000000000000),
 ( 1.000000000000000000, 0.6983873375506786108, 1.000000000000000000),
 ( 1.000000000000000000, 0.6877025153119913359, 1.000000000000000000),
 ( 1.000000000000000000, 0.6665150499559175934, 1.000000000000000000),
 ( 1.000000000000000000, 0.6560146203362438033, 1.000000000000000000),
 ( 1.000000000000000000, 0.6459941521294489952, 1.000000000000000000) ) ) 
 REPRESENTATION_ITEM ( '' )  SURFACE ( )  );
#2269 = ORIENTED_EDGE ( 'NONE', *, *, #3907, .T. ) ;
#2270 = CARTESIAN_POINT ( 'NONE',  ( -1.972319854284031670, 10.14670602713487213, 5.000000000000000000 ) ) ;
#2271 = ORIENTED_EDGE ( 'NONE', *, *, #3119, .T. ) ;
#2272 = VERTEX_POINT ( 'NONE', #2157 ) ;
#2273 = CARTESIAN_POINT ( 'NONE',  ( 54.23033052805602949, -28.00634102551601146, 4.242123845222834255 ) ) ;
#2274 = CYLINDRICAL_SURFACE ( 'NONE', #1770, 3.762221576582363891 ) ;
#2275 = ADVANCED_FACE ( 'NONE', ( #1803 ), #1769, .T. ) ;
#2276 = ORIENTED_EDGE ( 'NONE', *, *, #1497, .F. ) ;
#2277 = ORIENTED_EDGE ( 'NONE', *, *, #910, .T. ) ;
#2278 = CARTESIAN_POINT ( 'NONE',  ( 1.343324028180502561, 11.92457464882135376, 5.000000000000000000 ) ) ;
#2279 = FACE_OUTER_BOUND ( 'NONE', #3039, .T. ) ;
#2280 = CARTESIAN_POINT ( 'NONE',  ( 56.70953231494254254, -23.59041787235265630, 2.013030214987219679 ) ) ;
#2281 = CARTESIAN_POINT ( 'NONE',  ( 42.54120215977268060, -18.04511508347656701, 4.340007953125481599 ) ) ;
#2282 = CYLINDRICAL_SURFACE ( 'NONE', #1158, 9.750000000000000000 ) ;
#2283 = DIRECTION ( 'NONE',  ( -0.9594929736144992560, 0.2817325568414236758, 0.000000000000000000 ) ) ;
#2284 = ORIENTED_EDGE ( 'NONE', *, *, #1933, .F. ) ;
#2285 = CIRCLE ( 'NONE', #2792, 12.00000000000000533 ) ;
#2286 = FACE_OUTER_BOUND ( 'NONE', #1642, .T. ) ;
#2287 = CARTESIAN_POINT ( 'NONE',  ( -9.111247433184743727, 4.881686083719696256, 5.000000000000000000 ) ) ;
#2288 = CIRCLE ( 'NONE', #2345, 1.500000000000000666 ) ;
#2289 = ORIENTED_EDGE ( 'NONE', *, *, #2769, .T. ) ;
#2290 = CARTESIAN_POINT ( 'NONE',  ( 65.08704622460388123, -21.93622567221114039, 1.910253252028277116 ) ) ;
#2291 = VERTEX_POINT ( 'NONE', #382 ) ;
#2292 = AXIS2_PLACEMENT_3D ( 'NONE', #2818, #700, #3129 ) ;
#2293 = AXIS2_PLACEMENT_3D ( 'NONE', #422, #3759, #2843 ) ;
#2294 = ORIENTED_EDGE ( 'NONE', *, *, #3362, .F. ) ;
#2295 = CARTESIAN_POINT ( 'NONE',  ( 63.06052647483370777, -28.43840881927325626, 4.082266479333824805 ) ) ;
#2296 = CARTESIAN_POINT ( 'NONE',  ( 0.000000000000000000, 0.000000000000000000, 5.000000000000000000 ) ) ;
#2297 = AXIS2_PLACEMENT_3D ( 'NONE', #2240, #702, #2541 ) ;
#2298 = EDGE_LOOP ( 'NONE', ( #1148, #623, #718, #1972 ) ) ;
#2299 = ORIENTED_EDGE ( 'NONE', *, *, #803, .F. ) ;
#2300 = AXIS2_PLACEMENT_3D ( 'NONE', #1489, #3015, #285 ) ;
#2301 = CARTESIAN_POINT ( 'NONE',  ( 41.68145172745433058, -12.45400308673820788, 5.000000000000011546 ) ) ;
#2302 = DIRECTION ( 'NONE',  ( -0.000000000000000000, -0.000000000000000000, -1.000000000000000000 ) ) ;
#2303 = EDGE_CURVE ( 'NONE', #36, #441, #2883, .T. ) ;
#2304 = CARTESIAN_POINT ( 'NONE',  ( 42.10892847021412422, -15.79265729920731687, 4.878948001305859705 ) ) ;
#2305 = DIRECTION ( 'NONE',  ( -1.000000000000000000, 0.000000000000000000, 0.000000000000000000 ) ) ;
#2306 = DIRECTION ( 'NONE',  ( -0.000000000000000000, -0.000000000000000000, -1.000000000000000000 ) ) ;
#2307 = CIRCLE ( 'NONE', #15, 19.00000000000000355 ) ;
#2308 = CARTESIAN_POINT ( 'NONE',  ( 67.91403100014065330, -6.378531666828856750, 5.000000000000000000 ) ) ;
#2309 = DIRECTION ( 'NONE',  ( 0.000000000000000000, 0.000000000000000000, -1.000000000000000000 ) ) ;
#2310 = ADVANCED_FACE ( 'NONE', ( #2542 ), #3410, .T. ) ;
#2311 = CARTESIAN_POINT ( 'NONE',  ( 60.88101665946129515, -22.96896606136483854, 3.627727522961343625E-12 ) ) ;
#2312 = ORIENTED_EDGE ( 'NONE', *, *, #2069, .F. ) ;
#2313 = CIRCLE ( 'NONE', #2428, 14.39999999999999680 ) ;
#2314 = EDGE_CURVE ( 'NONE', #3144, #2204, #1080, .T. ) ;
#2315 = ORIENTED_EDGE ( 'NONE', *, *, #3479, .T. ) ;
#2316 = DIRECTION ( 'NONE',  ( -0.000000000000000000, 0.000000000000000000, 1.000000000000000000 ) ) ;
#2317 = CARTESIAN_POINT ( 'NONE',  ( 41.20470426031846500, -8.505703909934180018, 5.924459886426824085 ) ) ;
#2318 = ORIENTED_EDGE ( 'NONE', *, *, #953, .F. ) ;
#2319 = ORIENTED_EDGE ( 'NONE', *, *, #1688, .T. ) ;
#2320 = CARTESIAN_POINT ( 'NONE',  ( -3.894193991759024698, -11.35056179907179441, 5.000000000000000000 ) ) ;
#2321 = DIRECTION ( 'NONE',  ( -0.000000000000000000, -0.000000000000000000, -1.000000000000000000 ) ) ;
#2322 = CARTESIAN_POINT ( 'NONE',  ( 0.000000000000000000, 0.000000000000000000, 5.000000000000000000 ) ) ;
#2323 = FACE_OUTER_BOUND ( 'NONE', #3060, .T. ) ;
#2324 = FACE_OUTER_BOUND ( 'NONE', #1970, .T. ) ;
#2325 = ADVANCED_FACE ( 'NONE', ( #3108 ), #1298, .T. ) ;
#2326 = CARTESIAN_POINT ( 'NONE',  ( 67.91403100014065330, -6.378531666828856750, 1.000000000000000888 ) ) ;
#2327 = CARTESIAN_POINT ( 'NONE',  ( 41.89301725989995617, -14.17262967228127479, 4.977116610056482315 ) ) ;
#2328 = CARTESIAN_POINT ( 'NONE',  ( 60.23003664689700543, -0.02298788122059532840, 0.9869697850114951265 ) ) ;
#2329 = ORIENTED_EDGE ( 'NONE', *, *, #2260, .F. ) ;
#2330 = CARTESIAN_POINT ( 'NONE',  ( 60.85856502439579430, -28.72868427711845385, 4.203236901592394048 ) ) ;
#2331 = EDGE_CURVE ( 'NONE', #394, #1315, #366, .T. ) ;
#2332 = ORIENTED_EDGE ( 'NONE', *, *, #3149, .T. ) ;
#2333 = ORIENTED_EDGE ( 'NONE', *, *, #3398, .F. ) ;
#2334 = CARTESIAN_POINT ( 'NONE',  ( 39.56150205263610786, -12.52772215098199915, 4.962826419315522486 ) ) ;
#2335 = CARTESIAN_POINT ( 'NONE',  ( 58.79258051626931803, -16.35107027125136980, 13.85966689482475900 ) ) ;
#2336 = CARTESIAN_POINT ( 'NONE',  ( 42.51865611823834001, -17.94220666226192762, 4.401280257754085490 ) ) ;
#2337 = CARTESIAN_POINT ( 'NONE',  ( 2.668728035362757378, 9.377787605670787840, 0.7672447537523640060 ) ) ;
#2338 = DIRECTION ( 'NONE',  ( 0.000000000000000000, 0.000000000000000000, 1.000000000000000000 ) ) ;
#2339 = FACE_OUTER_BOUND ( 'NONE', #1429, .T. ) ;
#2340 = CARTESIAN_POINT ( 'NONE',  ( 1.207458382819806664, -9.680935547765917804, 0.3854883599250292781 ) ) ;
#2341 = CARTESIAN_POINT ( 'NONE',  ( 63.07102521795169991, -0.5838285325110837976, 1.000322588323360407 ) ) ;
#2342 = VERTEX_POINT ( 'NONE', #3803 ) ;
#2343 = CIRCLE ( 'NONE', #3353, 3.762221576582363891 ) ;
#2344 = AXIS2_PLACEMENT_3D ( 'NONE', #2955, #3543, #840 ) ;
#2345 = AXIS2_PLACEMENT_3D ( 'NONE', #2574, #1055, #3486 ) ;
#2346 = CARTESIAN_POINT ( 'NONE',  ( 53.53405514375151597, -27.63433108739703670, 4.719304487938346782 ) ) ;
#2347 = EDGE_CURVE ( 'NONE', #928, #1771, #1891, .T. ) ;
#2348 = CIRCLE ( 'NONE', #1583, 12.00000000000000178 ) ;
#2349 = EDGE_CURVE ( 'NONE', #885, #3584, #2110, .T. ) ;
#2350 = EDGE_CURVE ( 'NONE', #3003, #815, #2531, .T. ) ;
#2351 = VERTEX_POINT ( 'NONE', #1640 ) ;
#2352 = EDGE_LOOP ( 'NONE', ( #2558, #2284, #3420, #1100 ) ) ;
#2353 = CARTESIAN_POINT ( 'NONE',  ( 40.55554434924496832, -13.71295445230247800, 4.489863851570093267 ) ) ;
#2354 = DIRECTION ( 'NONE',  ( 0.000000000000000000, 0.000000000000000000, 1.000000000000000000 ) ) ;
#2355 = TOROIDAL_SURFACE ( 'NONE', #3188, 3.000000000000000000, 0.5000000000000000000 ) ;
#2356 = CARTESIAN_POINT ( 'NONE',  ( 42.37986260435729946, -17.28485493669581174, 4.643224417077767008 ) ) ;
#2357 = CARTESIAN_POINT ( 'NONE',  ( 36.72613062100899128, -12.67166182133178154, 4.749363900839788322 ) ) ;
#2358 = FACE_OUTER_BOUND ( 'NONE', #112, .T. ) ;
#2359 = CARTESIAN_POINT ( 'NONE',  ( 0.000000000000000000, 0.000000000000000000, 4.500000000000000888 ) ) ;
#2360 = CARTESIAN_POINT ( 'NONE',  ( 58.79258051626931803, -16.35107027125136980, 13.85966689482475900 ) ) ;
#2361 = DIRECTION ( 'NONE',  ( 0.000000000000000000, 0.000000000000000000, 1.000000000000000000 ) ) ;
#2362 = DIRECTION ( 'NONE',  ( -0.000000000000000000, -0.000000000000000000, -1.000000000000000000 ) ) ;
#2363 = VERTEX_POINT ( 'NONE', #3120 ) ;
#2364 = AXIS2_PLACEMENT_3D ( 'NONE', #1142, #1749, #2699 ) ;
#2365 = CARTESIAN_POINT ( 'NONE',  ( 55.66982208617170613, -28.36740792965578706, 4.535963046910958418 ) ) ;
#2366 = AXIS2_PLACEMENT_3D ( 'NONE', #359, #2181, #1897 ) ;
#2367 = CIRCLE ( 'NONE', #1687, 9.750000000000000000 ) ;
#2368 = PRODUCT_DEFINITION ( '未知', '', #3426, #3905 ) ;
#2369 = ORIENTED_EDGE ( 'NONE', *, *, #3218, .T. ) ;
#2370 = VERTEX_POINT ( 'NONE', #2852 ) ;
#2371 = CARTESIAN_POINT ( 'NONE',  ( 38.39892474239256615, -12.58038156965646692, 4.905784020706567716 ) ) ;
#2372 = EDGE_CURVE ( 'NONE', #332, #2204, #3155, .T. ) ;
#2373 = FACE_OUTER_BOUND ( 'NONE', #1767, .T. ) ;
#2374 = CARTESIAN_POINT ( 'NONE',  ( 47.47209598005191822, -23.72757195065968716, 4.899460804264916369 ) ) ;
#2375 = EDGE_CURVE ( 'NONE', #3831, #217, #2727, .T. ) ;
#2376 = CARTESIAN_POINT ( 'NONE',  ( 42.11467367797710892, -15.82855986323821185, 0.1245194851549385195 ) ) ;
#2377 = CARTESIAN_POINT ( 'NONE',  ( 36.95070306662479709, -12.65822221335121611, 4.778502935043325905 ) ) ;
#2378 = CARTESIAN_POINT ( 'NONE',  ( 0.000000000000000000, 0.000000000000000000, 5.000000000000000000 ) ) ;
#2379 = DIRECTION ( 'NONE',  ( -0.000000000000000000, -0.000000000000000000, -1.000000000000000000 ) ) ;
#2380 = CYLINDRICAL_SURFACE ( 'NONE', #2922, 12.00000000000000178 ) ;
#2381 = DIRECTION ( 'NONE',  ( -1.000000000000000000, 0.000000000000000000, 0.000000000000000000 ) ) ;
#2382 = CARTESIAN_POINT ( 'NONE',  ( -9.762736809034956664, -3.396271309276113648, 5.000000000000000000 ) ) ;
#2383 = CARTESIAN_POINT ( 'NONE',  ( 73.50482879975824346, -14.09786687486767676, 5.000000000000627942 ) ) ;
#2384 = DIRECTION ( 'NONE',  ( 0.000000000000000000, 0.9401155992315030074, 0.3408557760719218566 ) ) ;
#2385 = ORIENTED_EDGE ( 'NONE', *, *, #3614, .T. ) ;
#2386 = CARTESIAN_POINT ( 'NONE',  ( 56.42394188623472218, -28.50968124721348218, 4.326732530923178999 ) ) ;
#2387 = VERTEX_POINT ( 'NONE', #714 ) ;
#2388 = CARTESIAN_POINT ( 'NONE',  ( 41.95142322226405440, -14.67756141394958647, 4.956049254268622306 ) ) ;
#2389 = CARTESIAN_POINT ( 'NONE',  ( 34.97686790798094592, -12.78617296364138944, 0.6202271395309219004 ) ) ;
#2390 = CARTESIAN_POINT ( 'NONE',  ( 64.24586126195843860, -27.65274562499631017, 5.736389212312730024 ) ) ;
#2391 = CARTESIAN_POINT ( 'NONE',  ( 50.74673628074283016, -26.04176978072395343, 5.712058793034763049 ) ) ;
#2392 = CARTESIAN_POINT ( 'NONE',  ( 35.38386320651314776, -12.75784505010457792, 4.500570830081300322 ) ) ;
#2393 = CARTESIAN_POINT ( 'NONE',  ( 47.37523962379418663, 3.977536131649474171, 5.000000000000000000 ) ) ;
#2394 = EDGE_CURVE ( 'NONE', #1293, #833, #2471, .T. ) ;
#2395 = CARTESIAN_POINT ( 'NONE',  ( 34.81813737119890817, -12.79763424683422102, 0.7032874838216804925 ) ) ;
#2396 = CARTESIAN_POINT ( 'NONE',  ( 59.57245272531130809, -9.757595425460108274, 4.000000000000003553 ) ) ;
#2397 = EDGE_CURVE ( 'NONE', #385, #2402, #756, .T. ) ;
#2398 = FACE_OUTER_BOUND ( 'NONE', #3453, .T. ) ;
#2399 = DIRECTION ( 'NONE',  ( -1.000000000000000000, 0.000000000000000000, 0.000000000000000000 ) ) ;
#2400 = CARTESIAN_POINT ( 'NONE',  ( 60.48065508479206187, 2.823790128362734908, 5.000000000000000000 ) ) ;
#2401 = CARTESIAN_POINT ( 'NONE',  ( 42.56629543017712081, -18.15821098050201954, 0.7460494070285708101 ) ) ;
#2402 = VERTEX_POINT ( 'NONE', #3814 ) ;
#2403 = CARTESIAN_POINT ( 'NONE',  ( 65.93880544525026721, -27.65925884105715582, 4.000000000000000888 ) ) ;
#2404 = TOROIDAL_SURFACE ( 'NONE', #182, 4.000000000000000000, 0.5000000000000000000 ) ;
#2405 = AXIS2_PLACEMENT_3D ( 'NONE', #94, #3739, #710 ) ;
#2406 = SECURITY_CLASSIFICATION ( '', '', #2190 ) ;
#2407 = ORIENTED_EDGE ( 'NONE', *, *, #60, .F. ) ;
#2409 = CARTESIAN_POINT ( 'NONE',  ( 34.53750541822680731, -12.81813254565328286, 4.000000000000000888 ) ) ;
#2408 = APPROVAL_DATE_TIME ( #954, #2035 ) ;
#2410 = CARTESIAN_POINT ( 'NONE',  ( 38.04554611589701096, -12.59814395187811265, 0.1186713520591719112 ) ) ;
#2411 = CIRCLE ( 'NONE', #2929, 3.762221576582363447 ) ;
#2412 = CARTESIAN_POINT ( 'NONE',  ( 64.91043001833169512, -27.37204760426273253, 5.793437005267940698 ) ) ;
#2413 = CARTESIAN_POINT ( 'NONE',  ( 53.41677957842514246, -27.50023302720872209, 5.538721135857930022 ) ) ;
#2414 = CARTESIAN_POINT ( 'NONE',  ( 36.62067386932414337, -12.67800870461598883, 4.735360990045388796 ) ) ;
#2415 = AXIS2_PLACEMENT_3D ( 'NONE', #3114, #386, #3139 ) ;
#2416 = CARTESIAN_POINT ( 'NONE',  ( 38.25836236298322746, -12.58744075445051891, 0.1039151181395002455 ) ) ;
#2417 = DIRECTION ( 'NONE',  ( -0.000000000000000000, 0.000000000000000000, 1.000000000000000000 ) ) ;
#2418 = DIRECTION ( 'NONE',  ( -0.9594929736144992560, 0.2817325568414236758, 0.000000000000000000 ) ) ;
#2419 = DIRECTION ( 'NONE',  ( -0.000000000000000000, -0.000000000000000000, -1.000000000000000000 ) ) ;
#2420 = CARTESIAN_POINT ( 'NONE',  ( 71.95944344796001246, -5.993554859039340599, 5.000000000000000000 ) ) ;
#2421 = CARTESIAN_POINT ( 'NONE',  ( -10.11750779506746234, 2.117008461354665361, 5.000000000000000000 ) ) ;
#2422 = ORIENTED_EDGE ( 'NONE', *, *, #189, .F. ) ;
#2423 = CARTESIAN_POINT ( 'NONE',  ( 60.39824720067140618, 1.887717929120473537, 5.657979856674330676 ) ) ;
#2424 = AXIS2_PLACEMENT_3D ( 'NONE', #2359, #2042, #2680 ) ;
#2425 = EDGE_CURVE ( 'NONE', #1056, #2370, #3355, .T. ) ;
#2426 = ORIENTED_EDGE ( 'NONE', *, *, #2394, .F. ) ;
#2427 = AXIS2_PLACEMENT_3D ( 'NONE', #976, #1267, #2463 ) ;
#2428 = AXIS2_PLACEMENT_3D ( 'NONE', #3735, #132, #1673 ) ;
#2429 = EDGE_LOOP ( 'NONE', ( #3635, #3890, #2651, #978 ) ) ;
#2431 = CARTESIAN_POINT ( 'NONE',  ( 40.39790452871805826, -13.67252277731897614, 4.231864673723878312 ) ) ;
#2430 = PERSON_AND_ORGANIZATION_ROLE ( 'design_supplier' ) ;
#2432 = CARTESIAN_POINT ( 'NONE',  ( 40.78194237501585206, -13.47981847968546276, 4.726771828825387267 ) ) ;
#2433 = AXIS2_PLACEMENT_3D ( 'NONE', #50, #35, #2461 ) ;
#2434 = CARTESIAN_POINT ( 'NONE',  ( 61.81573277269479405, -28.35393765678064426, 5.576791483912569625 ) ) ;
#2435 = CARTESIAN_POINT ( 'NONE',  ( 3.381628724605330927, 9.148428684767376140, 4.602272021528841073 ) ) ;
#2436 = FACE_OUTER_BOUND ( 'NONE', #1378, .T. ) ;
#2437 = CARTESIAN_POINT ( 'NONE',  ( 34.84202617512910649, -12.79591250809476577, 0.6912295237940434545 ) ) ;
#2438 = CARTESIAN_POINT ( 'NONE',  ( 58.74758949093612870, -28.61356888811757315, 11.00850862510460004 ) ) ;
#2439 = CARTESIAN_POINT ( 'NONE',  ( 60.35364847307808134, 1.381120417642789810, -5.421010862427522170E-16 ) ) ;
#2440 = DIRECTION ( 'NONE',  ( -1.000000000000000000, 0.000000000000000000, 0.000000000000000000 ) ) ;
#2441 = CYLINDRICAL_SURFACE ( 'NONE', #3300, 1.650000000000000133 ) ;
#2442 = CARTESIAN_POINT ( 'NONE',  ( 42.52406794900272047, -17.96694997026500218, 0.6125521918175050873 ) ) ;
#2443 = ORIENTED_EDGE ( 'NONE', *, *, #887, .F. ) ;
#2444 = EDGE_CURVE ( 'NONE', #3116, #2236, #1618, .T. ) ;
#2445 = CARTESIAN_POINT ( 'NONE',  ( 51.97110367455826463, -0.07672541501746540926, 5.717664992647859101 ) ) ;
#2446 = ORIENTED_EDGE ( 'NONE', *, *, #3048, .F. ) ;
#2447 = ORIENTED_EDGE ( 'NONE', *, *, #1366, .T. ) ;
#2448 = ORIENTED_EDGE ( 'NONE', *, *, #2052, .F. ) ;
#2449 = DIRECTION ( 'NONE',  ( -0.9961472278662544255, 0.08769663855802307950, -0.000000000000000000 ) ) ;
#2450 = CARTESIAN_POINT ( 'NONE',  ( 41.80254142262995032, -13.22928413349301024, 5.000000000000000888 ) ) ;
#2451 = CARTESIAN_POINT ( 'NONE',  ( 46.03223528248383190, -20.32691704013594247, 6.175790589915521878 ) ) ;
#2452 = DIRECTION ( 'NONE',  ( -0.000000000000000000, -0.000000000000000000, -1.000000000000000000 ) ) ;
#2453 = DIRECTION ( 'NONE',  ( 0.1423148382732820072, 0.9898214418809331283, 0.000000000000000000 ) ) ;
#2454 = CARTESIAN_POINT ( 'NONE',  ( 35.02417566769992874, -12.78289975134313750, 0.6128098508249498755 ) ) ;
#2455 = CARTESIAN_POINT ( 'NONE',  ( 50.85311372150811593, -3.665339465916951589, 5.937111873563406395E-12 ) ) ;
#2456 = LINE ( 'NONE', #29, #1896 ) ;
#2457 = CARTESIAN_POINT ( 'NONE',  ( -9.451552241617092065, -2.393879743007762961, 5.000000000000000000 ) ) ;
#2458 = CARTESIAN_POINT ( 'NONE',  ( 61.18868737012227399, -28.47187078506241775, 5.544538893781949973 ) ) ;
#2459 = CARTESIAN_POINT ( 'NONE',  ( 42.37675345321273568, -17.26783589200591607, 0.3547220801346387398 ) ) ;
#2460 = CARTESIAN_POINT ( 'NONE',  ( 41.86060471071402844, -13.83972731719756588, 0.01400511855549848965 ) ) ;
#2461 = DIRECTION ( 'NONE',  ( 1.000000000000000000, 6.208484019285413826E-15, 0.000000000000000000 ) ) ;
#2462 = ORIENTED_EDGE ( 'NONE', *, *, #1651, .F. ) ;
#2463 = DIRECTION ( 'NONE',  ( 0.9594929736144971466, 0.2817325568414302261, 0.000000000000000000 ) ) ;
#2464 = ORIENTED_EDGE ( 'NONE', *, *, #165, .T. ) ;
#2465 = EDGE_CURVE ( 'NONE', #909, #1155, #3879, .T. ) ;
#2466 = VERTEX_POINT ( 'NONE', #1103 ) ;
#2467 = ADVANCED_FACE ( 'NONE', ( #1976 ), #459, .T. ) ;
#2468 = CARTESIAN_POINT ( 'NONE',  ( 42.29609302279372685, -16.85885371728565119, 0.2646503439720511164 ) ) ;
#2469 = AXIS2_PLACEMENT_3D ( 'NONE', #3597, #2997, #737 ) ;
#2470 = VECTOR ( 'NONE', #1921, 1000.000000000000000 ) ;
#2471 = CIRCLE ( 'NONE', #1518, 3.762221576582363003 ) ;
#2472 = CARTESIAN_POINT ( 'NONE',  ( 53.70258070771063075, -27.46861687453422007, 5.096210399514445655 ) ) ;
#2473 = DIRECTION ( 'NONE',  ( -0.000000000000000000, -0.000000000000000000, -1.000000000000000000 ) ) ;
#2474 = CARTESIAN_POINT ( 'NONE',  ( 60.48065508479209740, 2.823790128362731355, 5.000000000000000000 ) ) ;
#2475 = AXIS2_PLACEMENT_3D ( 'NONE', #3326, #1506, #2418 ) ;
#2476 = CARTESIAN_POINT ( 'NONE',  ( 35.89974718020442879, -12.72332323777846597, 0.3813644760889893237 ) ) ;
#2477 = CARTESIAN_POINT ( 'NONE',  ( 50.13771811113649335, -5.060636609630196681, 1.241628246288470905 ) ) ;
#2478 = CARTESIAN_POINT ( 'NONE',  ( 60.00347595917288146, 1.922471939281153119, 5.657979856674329788 ) ) ;
#2479 = DIRECTION ( 'NONE',  ( 0.000000000000000000, 0.000000000000000000, 1.000000000000000000 ) ) ;
#2480 = DIRECTION ( 'NONE',  ( -0.08769663855802412034, -0.9961472278662544255, 0.000000000000000000 ) ) ;
#2481 = CYLINDRICAL_SURFACE ( 'NONE', #3171, 3.762221576582363003 ) ;
#2482 = CARTESIAN_POINT ( 'NONE',  ( -5.079080831267309470, -8.322586010937529366, 0.000000000000000000 ) ) ;
#2483 = DIRECTION ( 'NONE',  ( 1.000000000000000000, 0.000000000000000000, 0.000000000000000000 ) ) ;
#2484 = ORIENTED_EDGE ( 'NONE', *, *, #3132, .T. ) ;
#2485 = AXIS2_PLACEMENT_3D ( 'NONE', #1278, #3732, #1605 ) ;
#2486 = DIRECTION ( 'NONE',  ( -0.000000000000000000, 0.000000000000000000, 1.000000000000000000 ) ) ;
#2487 = VERTEX_POINT ( 'NONE', #1387 ) ;
#2488 = ORIENTED_EDGE ( 'NONE', *, *, #2821, .T. ) ;
#2489 = EDGE_CURVE ( 'NONE', #3494, #885, #163, .T. ) ;
#2490 = AXIS2_PLACEMENT_3D ( 'NONE', #1282, #2503, #681 ) ;
#2491 = CARTESIAN_POINT ( 'NONE',  ( 40.26072637276189425, -13.50348484190432963, 0.8842791652506906130 ) ) ;
#2492 = AXIS2_PLACEMENT_3D ( 'NONE', #1382, #3309, #227 ) ;
#2493 = ADVANCED_FACE ( 'NONE', ( #2597 ), #3143, .T. ) ;
#2494 = CARTESIAN_POINT ( 'NONE',  ( 60.03154202674707562, -28.60802315809292651, 5.496165866129736344 ) ) ;
#2495 = CARTESIAN_POINT ( 'NONE',  ( -7.144944486281366913, 7.469635673622618377, 0.000000000000000000 ) ) ;
#2496 = CIRCLE ( 'NONE', #973, 9.750000000000000000 ) ;
#2497 = ADVANCED_FACE ( 'NONE', ( #1768 ), #867, .T. ) ;
#2498 = CARTESIAN_POINT ( 'NONE',  ( 40.61952705940734631, -15.54834154437658000, 4.000000000000003553 ) ) ;
#2499 = EDGE_CURVE ( 'NONE', #3791, #1641, #1472, .T. ) ;
#2500 = CARTESIAN_POINT ( 'NONE',  ( -0.1270275490401002738, -9.749504465594551306, 4.186152616782485403 ) ) ;
#2501 = CARTESIAN_POINT ( 'NONE',  ( 39.54344405593394640, -12.52847478961979100, 0.03783125792452315950 ) ) ;
#2502 = CARTESIAN_POINT ( 'NONE',  ( 41.40278116877041725, -12.46202310194305518, 0.0008745877542783915028 ) ) ;
#2503 = DIRECTION ( 'NONE',  ( 0.000000000000000000, 0.000000000000000000, 1.000000000000000000 ) ) ;
#2504 = CARTESIAN_POINT ( 'NONE',  ( 42.19581854156136558, -16.31239948656431693, 0.1789531428353994258 ) ) ;
#2505 = DIRECTION ( 'NONE',  ( 0.000000000000000000, 0.000000000000000000, -1.000000000000000000 ) ) ;
#2506 = CARTESIAN_POINT ( 'NONE',  ( 46.52514786499708777, -5.634866413514068917, 4.999999999999999112 ) ) ;
#2507 = ORIENTED_EDGE ( 'NONE', *, *, #3249, .T. ) ;
#2508 = DIRECTION ( 'NONE',  ( -0.1423148382732887796, 0.9898214418809321291, 0.000000000000000000 ) ) ;
#2509 = ORIENTED_EDGE ( 'NONE', *, *, #723, .F. ) ;
#2510 = ORIENTED_EDGE ( 'NONE', *, *, #2173, .T. ) ;
#2511 = CARTESIAN_POINT ( 'NONE',  ( 42.24972129457039216, -16.61198132768747726, 0.2220159410756375462 ) ) ;
#2512 = ADVANCED_FACE ( 'NONE', ( #3243 ), #3367, .F. ) ;
#2513 = ORIENTED_EDGE ( 'NONE', *, *, #1227, .F. ) ;
#2514 = VERTEX_POINT ( 'NONE', #2133 ) ;
#2515 = CARTESIAN_POINT ( 'NONE',  ( 55.74520308262282242, -28.12786429934898536, 5.080616172901506467 ) ) ;
#2516 = MECHANICAL_CONTEXT ( 'NONE', #1373, 'mechanical' ) ;
#2517 = CARTESIAN_POINT ( 'NONE',  ( 67.26789767150309274, -25.74315017104118652, 5.258964907136358669 ) ) ;
#2518 = FACE_OUTER_BOUND ( 'NONE', #1016, .T. ) ;
#2519 = CARTESIAN_POINT ( 'NONE',  ( 0.000000000000000000, 0.000000000000000000, 5.000000000000000000 ) ) ;
#2520 = DIRECTION ( 'NONE',  ( -0.9594929736145012544, 0.2817325568414162373, 0.000000000000000000 ) ) ;
#2521 = EDGE_CURVE ( 'NONE', #1850, #3168, #1344, .T. ) ;
#2522 = DIRECTION ( 'NONE',  ( -0.000000000000000000, -0.000000000000000000, -1.000000000000000000 ) ) ;
#2523 = DIRECTION ( 'NONE',  ( 1.000000000000000000, 0.000000000000000000, 0.000000000000000000 ) ) ;
#2524 = CARTESIAN_POINT ( 'NONE',  ( 77.57245272531130809, -9.757595425460108274, 4.000000000000003553 ) ) ;
#2525 = FACE_OUTER_BOUND ( 'NONE', #349, .T. ) ;
#2526 = EDGE_CURVE ( 'NONE', #2563, #3075, #3500, .T. ) ;
#2527 = CARTESIAN_POINT ( 'NONE',  ( 44.61170449663924842, -14.69554092942882129, 6.054354955215696776 ) ) ;
#2528 = ORIENTED_EDGE ( 'NONE', *, *, #1746, .T. ) ;
#2529 = FACE_OUTER_BOUND ( 'NONE', #2947, .T. ) ;
#2530 = VERTEX_POINT ( 'NONE', #1215 ) ;
#2531 = LINE ( 'NONE', #393, #184 ) ;
#2532 = EDGE_LOOP ( 'NONE', ( #329, #584 ) ) ;
#2533 = CARTESIAN_POINT ( 'NONE',  ( 40.72377718007130909, -13.54393288356592429, 0.3153766134708412827 ) ) ;
#2534 = VERTEX_POINT ( 'NONE', #855 ) ;
#2535 = EDGE_LOOP ( 'NONE', ( #3700, #1205, #458, #2269 ) ) ;
#2536 = CARTESIAN_POINT ( 'NONE',  ( 57.88152721203472595, -28.61775370564928167, 4.716300968819077788 ) ) ;
#2537 = PERSON_AND_ORGANIZATION_ROLE ( 'design_owner' ) ;
#2538 = CARTESIAN_POINT ( 'NONE',  ( 47.03410456515840110, -22.17226449436207147, 6.128819160763936402 ) ) ;
#2539 = VECTOR ( 'NONE', #2756, 999.9999999999998863 ) ;
#2540 = AXIS2_PLACEMENT_3D ( 'NONE', #1686, #1310, #2896 ) ;
#2541 = DIRECTION ( 'NONE',  ( -1.000000000000000000, 0.000000000000000000, 0.000000000000000000 ) ) ;
#2542 = FACE_OUTER_BOUND ( 'NONE', #3151, .T. ) ;
#2543 = CIRCLE ( 'NONE', #3561, 9.750000000000000000 ) ;
#2544 = CARTESIAN_POINT ( 'NONE',  ( 41.16761019703766777, -13.84059824006963169, 0.1963812466730154305 ) ) ;
#2545 = AXIS2_PLACEMENT_3D ( 'NONE', #659, #2824, #89 ) ;
#2546 = FACE_OUTER_BOUND ( 'NONE', #2298, .T. ) ;
#2547 = DIRECTION ( 'NONE',  ( 0.000000000000000000, 0.000000000000000000, 1.000000000000000000 ) ) ;
#2548 = VERTEX_POINT ( 'NONE', #3929 ) ;
#2549 = CARTESIAN_POINT ( 'NONE',  ( 0.000000000000000000, 0.000000000000000000, 5.000000000000000000 ) ) ;
#2550 = ORIENTED_EDGE ( 'NONE', *, *, #3913, .F. ) ;
#2551 = CARTESIAN_POINT ( 'NONE',  ( 58.20839380555246834, -22.98685451572801597, -4.336808689942017736E-16 ) ) ;
#2552 = B_SPLINE_CURVE_WITH_KNOTS ( 'NONE', 3,
 ( #2242, #2544, #3175, #2501 ),
 .UNSPECIFIED., .F., .F.,
 ( 4, 4 ),
 ( 0.000000000000000000, 1.000000000000000000 ),
 .UNSPECIFIED. ) ;
#2553 = ORIENTED_EDGE ( 'NONE', *, *, #2521, .F. ) ;
#2554 = CIRCLE ( 'NONE', #3113, 1.000000000000000222 ) ;
#2555 = CARTESIAN_POINT ( 'NONE',  ( 56.41611995414128700, -28.50830829884331052, 4.326571834890769352 ) ) ;
#2556 = VERTEX_POINT ( 'NONE', #1799 ) ;
#2557 = B_SPLINE_CURVE_WITH_KNOTS ( 'NONE', 3,
 ( #3074, #2183, #662, #13, #3675, #343, #1224, #2401, #1548, #1243, #3349, #2442, #48, #3655, #922, #3311, #2141, #618, #1843, #2763, #2459, #944, #2160, #1565, #2780, #1877, #3093, #361, #1586, #1283, #2504, #2804, #3716, #991, #70, #609, #294, #1196, #574, #2376, #592, #1520, #3 ),
 .UNSPECIFIED., .F., .F.,
 ( 4, 2, 2, 2, 2, 1, 1, 2, 2, 2, 2, 1, 1, 1, 1, 2, 2, 2, 2, 1, 1, 1, 1, 1, 2, 2, 4 ),
 ( 0.000000000000000000, 0.03124999999994371169, 0.04687499999991531774, 0.06249999999988692378, 0.09374999999982858156, 0.1093749999997994105, 0.1171874999997855604, 0.1210937499997790379, 0.1249999999997725153, 0.1874999999996749267, 0.2187499999996251054, 0.2343749999996002087, 0.2421874999995877464, 0.2460937499995815014, 0.2480468749995786426, 0.2490234374995771993, 0.2499999999995757838, 0.3749999999994294564, 0.4374999999993572919, 0.4687499999993220978, 0.4843749999993036126, 0.4921874999992951749, 0.4960937499992899014, 0.4980468749992869593, 0.4990234374992852939, 0.4999999999992835731, 1.000000000000000000 ),
 .UNSPECIFIED. ) ;
#2558 = ORIENTED_EDGE ( 'NONE', *, *, #2255, .F. ) ;
#2559 = CARTESIAN_POINT ( 'NONE',  ( 40.42449420335329080, -13.70506149196689627, 0.7317075810733073560 ) ) ;
#2560 = CIRCLE ( 'NONE', #3375, 1.499999999999999778 ) ;
#2561 = AXIS2_PLACEMENT_3D ( 'NONE', #2803, #424, #1653 ) ;
#2562 = ORIENTED_EDGE ( 'NONE', *, *, #586, .F. ) ;
#2563 = VERTEX_POINT ( 'NONE', #1538 ) ;
#2564 = CARTESIAN_POINT ( 'NONE',  ( 71.05905308046341418, -23.61609506578985318, 5.000000000000000000 ) ) ;
#2565 = COORDINATED_UNIVERSAL_TIME_OFFSET ( 8, 0, .AHEAD. ) ;
#2566 = AXIS2_PLACEMENT_3D ( 'NONE', #2850, #2205, #2187 ) ;
#2567 = CARTESIAN_POINT ( 'NONE',  ( 46.88795032514610028, -9.039095184436916952, -4.336808689942017736E-16 ) ) ;
#2568 = CARTESIAN_POINT ( 'NONE',  ( -11.12833698389885662, -4.490001778706653290, 5.000000000000000000 ) ) ;
#2569 = CARTESIAN_POINT ( 'NONE',  ( 3.017376930528608003, 9.272243664823838216, 0.5582433112827432931 ) ) ;
#2570 = CARTESIAN_POINT ( 'NONE',  ( -9.891682374222906304, -6.793719143995277321, 5.000000000000000000 ) ) ;
#2571 = VERTEX_POINT ( 'NONE', #2696 ) ;
#2572 = CIRCLE ( 'NONE', #1612, 3.762221576582363447 ) ;
#2573 = DIRECTION ( 'NONE',  ( 1.000000000000000000, 0.000000000000000000, 0.000000000000000000 ) ) ;
#2574 = CARTESIAN_POINT ( 'NONE',  ( 60.35364847307808134, 1.381120417642789810, 1.499999999999999556 ) ) ;
#2575 = ORIENTED_EDGE ( 'NONE', *, *, #3204, .F. ) ;
#2576 = CARTESIAN_POINT ( 'NONE',  ( 70.26564716573302860, -9.722475310108475099, -2.168404344971008868E-16 ) ) ;
#2577 = ORIENTED_EDGE ( 'NONE', *, *, #2643, .T. ) ;
#2578 = ADVANCED_FACE ( 'NONE', ( #2734 ), #235, .F. ) ;
#2579 = ORIENTED_EDGE ( 'NONE', *, *, #519, .T. ) ;
#2580 = CARTESIAN_POINT ( 'NONE',  ( 48.86736099090601471, -25.45476112369899724, 4.000000000000003553 ) ) ;
#2581 = DIRECTION ( 'NONE',  ( 1.000000000000000000, 0.000000000000000000, 0.000000000000000000 ) ) ;
#2582 = VERTEX_POINT ( 'NONE', #1558 ) ;
#2583 = ORIENTED_EDGE ( 'NONE', *, *, #2692, .T. ) ;
#2584 = CARTESIAN_POINT ( 'NONE',  ( 41.03679020563639313, -12.47324665860696413, 4.996494518737493173 ) ) ;
#2585 = CARTESIAN_POINT ( 'NONE',  ( 3.000000000000000000, 0.000000000000000000, 4.000000000000000000 ) ) ;
#2586 = CARTESIAN_POINT ( 'NONE',  ( 0.000000000000000000, 0.000000000000000000, 5.000000000000000000 ) ) ;
#2587 = FACE_OUTER_BOUND ( 'NONE', #2770, .T. ) ;
#2588 = CARTESIAN_POINT ( 'NONE',  ( -1.024417370216223144, 9.696033676282239000, 0.000000000000000000 ) ) ;
#2589 = LINE ( 'NONE', #2608, #569 ) ;
#2590 = EDGE_LOOP ( 'NONE', ( #2513, #711, #2849, #1666 ) ) ;
#2591 = CARTESIAN_POINT ( 'NONE',  ( -9.762736809034956664, -3.396271309276113648, 0.000000000000000000 ) ) ;
#2592 = CARTESIAN_POINT ( 'NONE',  ( 46.01300565698981160, -19.76292547767355856, 5.000000000000007994 ) ) ;
#2593 = ORIENTED_EDGE ( 'NONE', *, *, #3569, .F. ) ;
#2594 = CARTESIAN_POINT ( 'NONE',  ( 59.65076409923583611, -25.26434219321617292, -4.336808689942017736E-16 ) ) ;
#2595 = ORIENTED_EDGE ( 'NONE', *, *, #1603, .F. ) ;
#2596 = ORIENTED_EDGE ( 'NONE', *, *, #2347, .F. ) ;
#2597 = FACE_OUTER_BOUND ( 'NONE', #1342, .T. ) ;
#2598 = LINE ( 'NONE', #3492, #871 ) ;
#2599 = EDGE_CURVE ( 'NONE', #3078, #2910, #54, .T. ) ;
#2600 = ORIENTED_EDGE ( 'NONE', *, *, #1651, .T. ) ;
#2601 = EDGE_LOOP ( 'NONE', ( #1326, #2211, #911, #2252 ) ) ;
#2602 = DIRECTION ( 'NONE',  ( 1.000000000000000000, 0.000000000000000000, 0.000000000000000000 ) ) ;
#2603 = DIRECTION ( 'NONE',  ( -1.000000000000000000, 0.000000000000000000, 0.000000000000000000 ) ) ;
#2604 = EDGE_CURVE ( 'NONE', #1757, #2000, #3244, .T. ) ;
#2605 = CARTESIAN_POINT ( 'NONE',  ( 42.30098090330307770, -16.88341119802196744, 4.729942225402365530 ) ) ;
#2606 = VECTOR ( 'NONE', #2913, 999.9999999999998863 ) ;
#2607 = CARTESIAN_POINT ( 'NONE',  ( -9.412581462727702686, -7.443339990052506572, 5.000000000000000000 ) ) ;
#2608 = CARTESIAN_POINT ( 'NONE',  ( 73.41005891318783938, 2.172430066860121300, 0.000000000000000000 ) ) ;
#2609 = CIRCLE ( 'NONE', #872, 3.762221576582363003 ) ;
#2610 = CARTESIAN_POINT ( 'NONE',  ( 71.75660555540625296, -20.73082791361960631, 6.134753737105431703 ) ) ;
#2611 = CARTESIAN_POINT ( 'NONE',  ( -8.959963588456274053, 5.154099465690963555, 5.000000000000000000 ) ) ;
#2612 = AXIS2_PLACEMENT_3D ( 'NONE', #2935, #3477, #1982 ) ;
#2613 = CARTESIAN_POINT ( 'NONE',  ( 68.82634670168170032, -5.247627778621241745, 1.848977772720485558E-13 ) ) ;
#2614 = ORIENTED_EDGE ( 'NONE', *, *, #446, .T. ) ;
#2615 = ORIENTED_EDGE ( 'NONE', *, *, #927, .F. ) ;
#2616 = DIRECTION ( 'NONE',  ( -0.000000000000000000, 0.000000000000000000, 1.000000000000000000 ) ) ;
#2617 = DIRECTION ( 'NONE',  ( 1.000000000000000000, 0.000000000000000000, 0.000000000000000000 ) ) ;
#2618 = AXIS2_PLACEMENT_3D ( 'NONE', #86, #3434, #65 ) ;
#2619 = TOROIDAL_SURFACE ( 'NONE', #2424, 3.000000000000000000, 0.5000000000000000000 ) ;
#2620 = ORIENTED_EDGE ( 'NONE', *, *, #2695, .T. ) ;
#2621 = ORIENTED_EDGE ( 'NONE', *, *, #3473, .T. ) ;
#2622 = TOROIDAL_SURFACE ( 'NONE', #2300, 12.90000000000000036, 1.500000000000000000 ) ;
#2623 = DIRECTION ( 'NONE',  ( 0.8412535328311804284, 0.5406408174555985546, 0.000000000000000000 ) ) ;
#2624 = CARTESIAN_POINT ( 'NONE',  ( -7.998624034700963392, 5.575348738106355562, 5.000000000000000000 ) ) ;
#2625 = EDGE_CURVE ( 'NONE', #19, #510, #3287, .T. ) ;
#2626 = CARTESIAN_POINT ( 'NONE',  ( -6.934274570223737832, -9.793663062651708273, 5.000000000000000000 ) ) ;
#2627 = CARTESIAN_POINT ( 'NONE',  ( -0.2267350114589756771, 9.747363296531975863, 5.000000000000000000 ) ) ;
#2628 = CARTESIAN_POINT ( 'NONE',  ( 58.74758949093612159, -16.86212389772379794, 15.26920582600362053 ) ) ;
#2629 = CIRCLE ( 'NONE', #3059, 3.762221576582363891 ) ;
#2630 = EDGE_CURVE ( 'NONE', #1644, #273, #2817, .T. ) ;
#2631 = AXIS2_PLACEMENT_3D ( 'NONE', #3014, #1822, #3920 ) ;
#2632 = CARTESIAN_POINT ( 'NONE',  ( -4.000000000000000000, 4.898587196589412829E-16, 5.000000000000000888 ) ) ;
#2633 = CARTESIAN_POINT ( 'NONE',  ( 41.85969137243338167, -13.82924184904604736, 4.986223440290859621 ) ) ;
#2634 = CARTESIAN_POINT ( 'NONE',  ( 63.58252890345167430, 0.7493029711619609845, -4.336808689942017736E-16 ) ) ;
#2635 = EDGE_LOOP ( 'NONE', ( #3656, #1847, #3923, #3356 ) ) ;
#2636 = VECTOR ( 'NONE', #328, 1000.000000000000000 ) ;
#2637 = CARTESIAN_POINT ( 'NONE',  ( 60.14497435830462280, -28.63921173840704171, 4.728690420881815015 ) ) ;
#2638 = LINE ( 'NONE', #3167, #2606 ) ;
#2639 = ORIENTED_EDGE ( 'NONE', *, *, #2397, .T. ) ;
#2640 = EDGE_LOOP ( 'NONE', ( #2294, #1458, #3245, #1443 ) ) ;
#2641 = CARTESIAN_POINT ( 'NONE',  ( 42.53712236384968293, -18.02708192806034404, 4.357716595989198360 ) ) ;
#2642 = DIRECTION ( 'NONE',  ( -0.000000000000000000, -0.000000000000000000, -1.000000000000000000 ) ) ;
#2643 = EDGE_CURVE ( 'NONE', #3168, #3274, #252, .T. ) ;
#2644 = CARTESIAN_POINT ( 'NONE',  ( 42.46569704032049231, -17.69648613355532873, 4.512603501044986309 ) ) ;
#2645 = CARTESIAN_POINT ( 'NONE',  ( 3.538487972271886939, -9.085240936270604806, 0.000000000000000000 ) ) ;
#2646 = CYLINDRICAL_SURFACE ( 'NONE', #3893, 9.750000000000000000 ) ;
#2647 = EDGE_CURVE ( 'NONE', #1187, #2838, #370, .T. ) ;
#2648 = CARTESIAN_POINT ( 'NONE',  ( 59.57245272531130809, -9.757595425460108274, 0.000000000000000000 ) ) ;
#2649 = EDGE_CURVE ( 'NONE', #692, #1634, #690, .T. ) ;
#2650 = CARTESIAN_POINT ( 'NONE',  ( 64.74847630410482680, -21.51186553563763226, -2.990826921733615154E-12 ) ) ;
#2651 = ORIENTED_EDGE ( 'NONE', *, *, #3531, .T. ) ;
#2652 = EDGE_CURVE ( 'NONE', #36, #3724, #243, .T. ) ;
#2653 = CARTESIAN_POINT ( 'NONE',  ( 57.90032948753982112, -28.69849949701622904, 4.327510673267947361 ) ) ;
#2654 = VERTEX_POINT ( 'NONE', #1088 ) ;
#2655 = ORIENTED_EDGE ( 'NONE', *, *, #1475, .F. ) ;
#2656 = CARTESIAN_POINT ( 'NONE',  ( 42.02902073406467309, -15.26445326378950007, 4.922357933989038870 ) ) ;
#2657 = DIRECTION ( 'NONE',  ( 0.02999401688879442182, 0.3407024176482847388, -0.9396926207859082059 ) ) ;
#2658 = CARTESIAN_POINT ( 'NONE',  ( -3.894193991759024698, -11.35056179907179441, 5.000000000000000000 ) ) ;
#2659 = CARTESIAN_POINT ( 'NONE',  ( 34.62878001194849986, -12.81141447046019444, 4.172604055919556743 ) ) ;
#2660 = CARTESIAN_POINT ( 'NONE',  ( -4.648450871385579219, -11.06308747575985940, 0.000000000000000000 ) ) ;
#2661 = DIRECTION ( 'NONE',  ( 1.224646799147353207E-16, 1.000000000000000000, -0.000000000000000000 ) ) ;
#2662 = FACE_OUTER_BOUND ( 'NONE', #2635, .T. ) ;
#2663 = CARTESIAN_POINT ( 'NONE',  ( 59.57245272531130809, -9.757595425460108274, 4.000000000000003553 ) ) ;
#2664 = ORIENTED_EDGE ( 'NONE', *, *, #1366, .F. ) ;
#2665 = CIRCLE ( 'NONE', #3875, 9.750000000000000000 ) ;
#2666 = VECTOR ( 'NONE', #3285, 1000.000000000000000 ) ;
#2667 = EDGE_CURVE ( 'NONE', #775, #1662, #556, .T. ) ;
#2668 = CARTESIAN_POINT ( 'NONE',  ( 60.13646067679552942, -28.76391236481980229, 4.503041178769723984 ) ) ;
#2669 = AXIS2_PLACEMENT_3D ( 'NONE', #1051, #3693, #2520 ) ;
#2670 = EDGE_CURVE ( 'NONE', #77, #3552, #1108, .T. ) ;
#2671 = ORIENTED_EDGE ( 'NONE', *, *, #2711, .F. ) ;
#2672 = EDGE_LOOP ( 'NONE', ( #3704, #2853, #3779, #3159 ) ) ;
#2673 = CARTESIAN_POINT ( 'NONE',  ( 35.67544542759871007, -12.73796652909809879, 4.576161532859766901 ) ) ;
#2674 = CARTESIAN_POINT ( 'NONE',  ( 40.99689618716926276, -12.47271177186879854, 5.000000000000000000 ) ) ;
#2675 = AXIS2_PLACEMENT_3D ( 'NONE', #2308, #804, #2007 ) ;
#2676 = CARTESIAN_POINT ( 'NONE',  ( 64.89363262171082170, -27.16571403999596512, 5.178694235547531832 ) ) ;
#2677 = CARTESIAN_POINT ( 'NONE',  ( 58.90380154612966379, -28.62537381338066211, 5.466862749595490456 ) ) ;
#2678 = DIRECTION ( 'NONE',  ( -0.000000000000000000, -0.000000000000000000, -1.000000000000000000 ) ) ;
#2679 = DIRECTION ( 'NONE',  ( 0.000000000000000000, -1.000000000000000000, 0.000000000000000000 ) ) ;
#2680 = DIRECTION ( 'NONE',  ( 1.000000000000000000, 0.000000000000000000, 0.000000000000000000 ) ) ;
#2681 = CARTESIAN_POINT ( 'NONE',  ( 0.2023057166431432852, -9.749301316357513514, 0.6942067871618765595 ) ) ;
#2682 = LINE ( 'NONE', #2123, #576 ) ;
#2683 = CARTESIAN_POINT ( 'NONE',  ( 68.75477526393028427, -1.594079479067824101, 4.999999999999387157 ) ) ;
#2684 = ORIENTED_EDGE ( 'NONE', *, *, #1698, .T. ) ;
#2685 = VECTOR ( 'NONE', #160, 1000.000000000000000 ) ;
#2686 = CARTESIAN_POINT ( 'NONE',  ( 55.68175580510823153, -28.36995026106857054, 4.306370110147546448 ) ) ;
#2687 = CIRCLE ( 'NONE', #3842, 1.000000000000000666 ) ;
#2688 =( BOUNDED_CURVE ( )  B_SPLINE_CURVE ( 3, ( #3634, #1262, #905, #2721 ),
 .UNSPECIFIED., .F., .F. ) 
 B_SPLINE_CURVE_WITH_KNOTS ( ( 4, 4 ),
 ( 1.618119196047251532E-19, 3.059053990023091085 ),
 .UNSPECIFIED. ) 
 CURVE ( )  GEOMETRIC_REPRESENTATION_ITEM ( )  RATIONAL_B_SPLINE_CURVE ( ( 1.000000000000000000, 0.3608384120559293695, 0.3608384120559293695, 1.000000000000000000 ) ) 
 REPRESENTATION_ITEM ( '' )  );
#2689 = AXIS2_PLACEMENT_3D ( 'NONE', #2956, #1801, #3931 ) ;
#2690 = ADVANCED_BREP_SHAPE_REPRESENTATION ( '夹爪指尖2', ( #1712, #1973 ), #3237 ) ;
#2691 = ORIENTED_EDGE ( 'NONE', *, *, #493, .T. ) ;
#2692 = EDGE_CURVE ( 'NONE', #3146, #3379, #168, .T. ) ;
#2693 = CARTESIAN_POINT ( 'NONE',  ( 36.35017165547586160, -12.69448079998466206, 4.697987252294510085 ) ) ;
#2694 = FACE_OUTER_BOUND ( 'NONE', #2210, .T. ) ;
#2695 = EDGE_CURVE ( 'NONE', #2363, #1771, #2221, .T. ) ;
#2696 = CARTESIAN_POINT ( 'NONE',  ( -2.528598933626911904, -9.416405228794101134, 0.000000000000000000 ) ) ;
#2697 = DIRECTION ( 'NONE',  ( 1.000000000000000000, 0.000000000000000000, 0.000000000000000000 ) ) ;
#2698 = DIRECTION ( 'NONE',  ( 1.000000000000000000, 0.000000000000000000, 0.000000000000000000 ) ) ;
#2699 = DIRECTION ( 'NONE',  ( -0.08769663855802412034, -0.9961472278662544255, 0.000000000000000000 ) ) ;
#2700 = FACE_OUTER_BOUND ( 'NONE', #3469, .T. ) ;
#2701 = CARTESIAN_POINT ( 'NONE',  ( 60.09479574941035196, -28.65513778653069110, 4.703666059097921348 ) ) ;
#2702 = DIRECTION ( 'NONE',  ( -0.000000000000000000, -0.000000000000000000, -1.000000000000000000 ) ) ;
#2703 = CARTESIAN_POINT ( 'NONE',  ( -6.039487577932532325, 10.08264590114086801, 0.000000000000000000 ) ) ;
#2704 = CARTESIAN_POINT ( 'NONE',  ( -7.515045518445490735, 6.211810593996920815, 0.000000000000000000 ) ) ;
#2705 = CYLINDRICAL_SURFACE ( 'NONE', #1578, 12.00000000000000178 ) ;
#2706 = ORIENTED_EDGE ( 'NONE', *, *, #476, .T. ) ;
#2707 = DIRECTION ( 'NONE',  ( -0.000000000000000000, -0.000000000000000000, -1.000000000000000000 ) ) ;
#2708 = VERTEX_POINT ( 'NONE', #3541 ) ;
#2709 = CARTESIAN_POINT ( 'NONE',  ( 40.53557056497377431, -13.72668605802632591, 4.458162180609564373 ) ) ;
#2710 = CARTESIAN_POINT ( 'NONE',  ( 37.85183208520840736, -12.60812772336250021, 0.1331260861636509585 ) ) ;
#2711 = EDGE_CURVE ( 'NONE', #3312, #3833, #819, .T. ) ;
#2712 = CARTESIAN_POINT ( 'NONE',  ( 5.326903160779359325, 8.166186546710703098, 0.000000000000000000 ) ) ;
#2713 = CARTESIAN_POINT ( 'NONE',  ( 37.55767977446036809, -12.62403274320584146, 4.840789299875569718 ) ) ;
#2714 = EDGE_CURVE ( 'NONE', #568, #1056, #3723, .T. ) ;
#2715 = CARTESIAN_POINT ( 'NONE',  ( 36.72251587732301203, -12.67187836320766614, 0.2511071527654542002 ) ) ;
#2716 = EDGE_CURVE ( 'NONE', #441, #813, #2088, .T. ) ;
#2717 = CARTESIAN_POINT ( 'NONE',  ( 62.99941050195673142, -28.24515329538076003, 4.700277655532056009 ) ) ;
#2718 = CARTESIAN_POINT ( 'NONE',  ( 60.39824720067139907, 1.887717929120473759, 5.657979856674330676 ) ) ;
#2719 = DIRECTION ( 'NONE',  ( -0.000000000000000000, -0.000000000000000000, -1.000000000000000000 ) ) ;
#2720 = CARTESIAN_POINT ( 'NONE',  ( 73.25766505171256426, -9.933327363137166799, 4.999999999999999112 ) ) ;
#2721 = CARTESIAN_POINT ( 'NONE',  ( 59.05109125521528313, -23.75591510563880604, 2.011283664107882174 ) ) ;
#2722 = EDGE_LOOP ( 'NONE', ( #828, #1742, #434, #3534 ) ) ;
#2723 = DIRECTION ( 'NONE',  ( -0.000000000000000000, -0.000000000000000000, -1.000000000000000000 ) ) ;
#2724 = VERTEX_POINT ( 'NONE', #3170 ) ;
#2725 = AXIS2_PLACEMENT_3D ( 'NONE', #3066, #2989, #2697 ) ;
#2726 = CIRCLE ( 'NONE', #1967, 12.00000000000000178 ) ;
#2727 = CIRCLE ( 'NONE', #814, 9.750000000000000000 ) ;
#2728 = ORIENTED_EDGE ( 'NONE', *, *, #3853, .F. ) ;
#2729 = AXIS2_PLACEMENT_3D ( 'NONE', #3070, #1785, #1562 ) ;
#2731 = CARTESIAN_POINT ( 'NONE',  ( 58.02052813622052696, -25.12082303257633242, -5.421010862427522170E-16 ) ) ;
#2730 = DATE_TIME_ROLE ( 'creation_date' ) ;
#2732 = CARTESIAN_POINT ( 'NONE',  ( 34.53750541825432663, -12.81813254565570404, 0.9488069549028909089 ) ) ;
#2733 = ADVANCED_FACE ( 'NONE', ( #149 ), #951, .F. ) ;
#2734 = FACE_OUTER_BOUND ( 'NONE', #2880, .T. ) ;
#2735 = CARTESIAN_POINT ( 'NONE',  ( -9.743131826350435176, 0.3658991860571081389, 5.000000000000000000 ) ) ;
#2736 = CARTESIAN_POINT ( 'NONE',  ( 37.75091149971526505, -12.61356175500128884, 4.858020192199122178 ) ) ;
#2737 = AXIS2_PLACEMENT_3D ( 'NONE', #824, #525, #1750 ) ;
#2738 = CARTESIAN_POINT ( 'NONE',  ( 34.87688424428240808, -12.79340572916537688, 0.6744105159707243224 ) ) ;
#2739 = CARTESIAN_POINT ( 'NONE',  ( 53.09355997587999809, -1.560024475558894341, -5.788522884557227531E-12 ) ) ;
#2740 = FACE_OUTER_BOUND ( 'NONE', #2256, .T. ) ;
#2741 = CARTESIAN_POINT ( 'NONE',  ( -11.61202473089405629, 3.026694839111618851, 5.000000000000000000 ) ) ;
#2742 = CARTESIAN_POINT ( 'NONE',  ( -7.218085806415214023, -6.554520370799629347, 5.000000000000000000 ) ) ;
#2743 = CIRCLE ( 'NONE', #829, 0.5000000000000004441 ) ;
#2744 = DIRECTION ( 'NONE',  ( 1.000000000000000000, 0.000000000000000000, 0.000000000000000000 ) ) ;
#2745 = ORIENTED_EDGE ( 'NONE', *, *, #566, .T. ) ;
#2746 = CARTESIAN_POINT ( 'NONE',  ( 55.18297585594415722, 2.374626574609131513, 5.000000000000000000 ) ) ;
#2747 = ORIENTED_EDGE ( 'NONE', *, *, #2526, .F. ) ;
#2748 = AXIS2_PLACEMENT_3D ( 'NONE', #1179, #3591, #222 ) ;
#2749 = ORIENTED_EDGE ( 'NONE', *, *, #1151, .T. ) ;
#2750 = VECTOR ( 'NONE', #2778, 1000.000000000000000 ) ;
#2751 = ORIENTED_EDGE ( 'NONE', *, *, #664, .F. ) ;
#2752 = CARTESIAN_POINT ( 'NONE',  ( 82.92420883287685740, -27.31323899652690201, -4.336808689942017736E-16 ) ) ;
#2753 = CARTESIAN_POINT ( 'NONE',  ( 41.77517180864411017, -12.45143877154274925, 5.000000000000000888 ) ) ;
#2754 = AXIS2_PLACEMENT_3D ( 'NONE', #585, #3315, #3945 ) ;
#2755 = CARTESIAN_POINT ( 'NONE',  ( 71.05905308046341418, -23.61609506578985318, 5.000000000000000000 ) ) ;
#2756 = DIRECTION ( 'NONE',  ( 0.02999401688879441835, 0.3407024176482846833, -0.9396926207859082059 ) ) ;
#2757 = CARTESIAN_POINT ( 'NONE',  ( 66.30157618890753213, -27.08548232450546678, 4.815236652980219745 ) ) ;
#2758 = CARTESIAN_POINT ( 'NONE',  ( 39.30399345069409378, -12.53846881572932936, 0.04659655424135119434 ) ) ;
#2759 = CARTESIAN_POINT ( 'NONE',  ( 53.93542956268668576, 0.2607385651130634807, -4.336808689942017736E-16 ) ) ;
#2760 = LINE ( 'NONE', #340, #188 ) ;
#2761 = FACE_OUTER_BOUND ( 'NONE', #3681, .T. ) ;
#2762 = CARTESIAN_POINT ( 'NONE',  ( 74.49506298537949078, -14.11920960430188998, 5.000000000000000000 ) ) ;
#2763 = CARTESIAN_POINT ( 'NONE',  ( 42.38847784883309089, -17.32551955888750328, 0.3698815057518657912 ) ) ;
#2764 = ORIENTED_EDGE ( 'NONE', *, *, #2667, .F. ) ;
#2765 = EDGE_CURVE ( 'NONE', #203, #2854, #3538, .T. ) ;
#2766 = EDGE_CURVE ( 'NONE', #3584, #1056, #3263, .T. ) ;
#2767 = CARTESIAN_POINT ( 'NONE',  ( -0.2267350114589757326, 9.747363296531977639, 5.000000000000000000 ) ) ;
#2768 = ORIENTED_EDGE ( 'NONE', *, *, #3098, .T. ) ;
#2769 = EDGE_CURVE ( 'NONE', #1637, #1639, #255, .T. ) ;
#2770 = EDGE_LOOP ( 'NONE', ( #1369, #3771, #3447 ) ) ;
#2771 = ORIENTED_EDGE ( 'NONE', *, *, #3102, .T. ) ;
#2772 = CARTESIAN_POINT ( 'NONE',  ( 40.10586238012943028, -13.32275287091168359, 0.9736334155678871838 ) ) ;
#2773 = CARTESIAN_POINT ( 'NONE',  ( 52.36039260656407635, -26.99975558859081559, 5.596781499512342606 ) ) ;
#2774 = CARTESIAN_POINT ( 'NONE',  ( -10.11750779506746234, 2.117008461354665361, 5.000000000000000000 ) ) ;
#2775 = DIRECTION ( 'NONE',  ( 0.9961472278662546476, -0.08769663855802287133, 0.000000000000000000 ) ) ;
#2776 = CARTESIAN_POINT ( 'NONE',  ( 58.77703996831982636, 0.4655448725754836592, -1.065063891070430330E-12 ) ) ;
#2777 = LINE ( 'NONE', #1166, #2866 ) ;
#2778 = DIRECTION ( 'NONE',  ( -0.000000000000000000, -0.000000000000000000, -1.000000000000000000 ) ) ;
#2779 = FACE_OUTER_BOUND ( 'NONE', #1756, .T. ) ;
#2780 = CARTESIAN_POINT ( 'NONE',  ( 42.35036076091476787, -17.13600855125180544, 0.3231261897731583232 ) ) ;
#2781 = ORIENTED_EDGE ( 'NONE', *, *, #1997, .F. ) ;
#2782 = EDGE_CURVE ( 'NONE', #273, #1072, #570, .T. ) ;
#2783 = DIRECTION ( 'NONE',  ( 1.000000000000000000, 0.000000000000000000, 0.000000000000000000 ) ) ;
#2784 = ORIENTED_EDGE ( 'NONE', *, *, #3797, .F. ) ;
#2785 = CARTESIAN_POINT ( 'NONE',  ( -6.103866304610268578, 7.602980740173119756, 5.000000000000000000 ) ) ;
#2786 = VERTEX_POINT ( 'NONE', #3663 ) ;
#2787 = EDGE_CURVE ( 'NONE', #2830, #3116, #2966, .T. ) ;
#2788 = ORIENTED_EDGE ( 'NONE', *, *, #376, .T. ) ;
#2789 = VECTOR ( 'NONE', #2452, 1000.000000000000000 ) ;
#2790 = CARTESIAN_POINT ( 'NONE',  ( 41.93445205284800892, -14.53080358726168697, 0.03783125792450678371 ) ) ;
#2791 = ADVANCED_FACE ( 'NONE', ( #3345 ), #3938, .T. ) ;
#2792 = AXIS2_PLACEMENT_3D ( 'NONE', #875, #336, #2118 ) ;
#2793 = AXIS2_PLACEMENT_3D ( 'NONE', #2901, #3841, #3248 ) ;
#2794 = B_SPLINE_CURVE_WITH_KNOTS ( 'NONE', 3,
 ( #1549, #1302, #2460, #3439, #1008, #1566, #3112, #992 ),
 .UNSPECIFIED., .F., .F.,
 ( 4, 2, 2, 4 ),
 ( 0.004148590517276516502, 0.005207965488415245911, 0.005737652973984609314, 0.006267340459553973585 ),
 .UNSPECIFIED. ) ;
#2795 = CARTESIAN_POINT ( 'NONE',  ( 58.44570132743516666, -23.74326293591902015, 2.013030214988504429 ) ) ;
#2796 = DIRECTION ( 'NONE',  ( -0.000000000000000000, -0.000000000000000000, 1.000000000000000000 ) ) ;
#2797 = CARTESIAN_POINT ( 'NONE',  ( 65.55606884528431522, -27.04111094730347631, 5.863188980868641487 ) ) ;
#2798 = AXIS2_PLACEMENT_3D ( 'NONE', #1221, #3630, #3013 ) ;
#2799 = CARTESIAN_POINT ( 'NONE',  ( 35.43931557675028188, -12.75405663566258774, 0.4848238008659947473 ) ) ;
#2800 = DIRECTION ( 'NONE',  ( -0.000000000000000000, -0.000000000000000000, -1.000000000000000000 ) ) ;
#2801 = DIRECTION ( 'NONE',  ( -1.000000000000000000, 0.000000000000000000, 0.000000000000000000 ) ) ;
#2802 = DIRECTION ( 'NONE',  ( -0.000000000000000000, -0.000000000000000000, -1.000000000000000000 ) ) ;
#2803 = CARTESIAN_POINT ( 'NONE',  ( -0.9662303906370903750, -10.29135985382434448, 5.000000000000000000 ) ) ;
#2804 = CARTESIAN_POINT ( 'NONE',  ( 42.16546941976508123, -16.13595500457346787, 0.1573957044397716887 ) ) ;
#2805 = ORIENTED_EDGE ( 'NONE', *, *, #2260, .T. ) ;
#2806 = CARTESIAN_POINT ( 'NONE',  ( 51.47033064384981316, 0.7460697963390179321, 5.000000000000000000 ) ) ;
#2807 = EDGE_LOOP ( 'NONE', ( #792, #2049, #729, #362, #1795, #289, #1343 ) ) ;
#2808 = CIRCLE ( 'NONE', #3516, 3.762221576582363003 ) ;
#2809 = DIRECTION ( 'NONE',  ( 0.6548607339452835463, 0.7557495743542594901, 0.000000000000000000 ) ) ;
#2810 = EDGE_CURVE ( 'NONE', #2708, #2351, #3649, .T. ) ;
#2811 = ORIENTED_EDGE ( 'NONE', *, *, #3775, .F. ) ;
#2812 = ORIENTED_EDGE ( 'NONE', *, *, #517, .T. ) ;
#2813 = AXIS2_PLACEMENT_3D ( 'NONE', #1464, #2679, #3897 ) ;
#2814 = CARTESIAN_POINT ( 'NONE',  ( 42.58053174338328972, -18.22191864935120620, 0.8149484325173933508 ) ) ;
#2815 = ADVANCED_FACE ( 'NONE', ( #1821, #2740 ), #862, .T. ) ;
#2816 = EDGE_LOOP ( 'NONE', ( #197, #495, #3100, #1611 ) ) ;
#2817 = LINE ( 'NONE', #1626, #620 ) ;
#2818 = CARTESIAN_POINT ( 'NONE',  ( 59.57245272531130809, -9.757595425460108274, 4.000000000000003553 ) ) ;
#2819 = DIRECTION ( 'NONE',  ( 0.000000000000000000, 0.000000000000000000, 1.000000000000000000 ) ) ;
#2820 = CIRCLE ( 'NONE', #263, 3.762221576582363447 ) ;
#2821 = EDGE_CURVE ( 'NONE', #3520, #305, #3684, .T. ) ;
#2822 = CARTESIAN_POINT ( 'NONE',  ( 0.000000000000000000, 0.000000000000000000, 4.000000000000000000 ) ) ;
#2823 = CARTESIAN_POINT ( 'NONE',  ( 49.08722094997151686, -16.99324716552505876, 1.758371753712728136 ) ) ;
#2824 = DIRECTION ( 'NONE',  ( -0.000000000000000000, 0.000000000000000000, 1.000000000000000000 ) ) ;
#2825 = CARTESIAN_POINT ( 'NONE',  ( 39.54344405593394640, -12.52847478961979100, 0.03783125792452315950 ) ) ;
#2826 = DIRECTION ( 'NONE',  ( 1.000000000000000000, 0.000000000000000000, 0.000000000000000000 ) ) ;
#2827 = CARTESIAN_POINT ( 'NONE',  ( 72.69452513291925300, -18.17252079982069901, 5.000000000000623501 ) ) ;
#2828 = LINE ( 'NONE', #1657, #1906 ) ;
#2829 = CARTESIAN_POINT ( 'NONE',  ( 0.000000000000000000, 0.000000000000000000, 0.000000000000000000 ) ) ;
#2830 = VERTEX_POINT ( 'NONE', #1804 ) ;
#2831 = CARTESIAN_POINT ( 'NONE',  ( 58.02052813622052696, -25.12082303257633242, -5.421010862427522170E-16 ) ) ;
#2832 = ORIENTED_EDGE ( 'NONE', *, *, #2787, .F. ) ;
#2833 = DIRECTION ( 'NONE',  ( 0.8412535328311805394, 0.5406408174555986657, 0.000000000000000000 ) ) ;
#2834 = ORIENTED_EDGE ( 'NONE', *, *, #1497, .T. ) ;
#2835 = EDGE_LOOP ( 'NONE', ( #2087, #3484, #431, #2621 ) ) ;
#2836 = CARTESIAN_POINT ( 'NONE',  ( 47.61665605141227786, 1.931214117776951289, 5.681836447486364072 ) ) ;
#2837 = ORIENTED_EDGE ( 'NONE', *, *, #2465, .T. ) ;
#2838 = VERTEX_POINT ( 'NONE', #283 ) ;
#2839 = CARTESIAN_POINT ( 'NONE',  ( 57.89035678331742929, -28.46503222445875991, 5.078201983216344750 ) ) ;
#2840 = CARTESIAN_POINT ( 'NONE',  ( 0.000000000000000000, 0.000000000000000000, 0.000000000000000000 ) ) ;
#2841 = DIRECTION ( 'NONE',  ( 1.000000000000000000, 0.000000000000000000, 0.000000000000000000 ) ) ;
#2842 = CARTESIAN_POINT ( 'NONE',  ( -0.2874903611245177570, -9.745834869968922121, 4.115338418304426149 ) ) ;
#2843 = DIRECTION ( 'NONE',  ( 0.9594929736144972576, 0.2817325568414301151, 0.000000000000000000 ) ) ;
#2844 = DIRECTION ( 'NONE',  ( -0.4154150130018903764, 0.9096319953545165538, 0.000000000000000000 ) ) ;
#2845 = CARTESIAN_POINT ( 'NONE',  ( 58.90380154612966379, -28.62537381338066211, 5.466862749595490456 ) ) ;
#2846 = ORIENTED_EDGE ( 'NONE', *, *, #2766, .F. ) ;
#2847 = CARTESIAN_POINT ( 'NONE',  ( -8.960702652602998697, 3.842955629672761386, 5.000000000000000000 ) ) ;
#2848 = DIRECTION ( 'NONE',  ( -0.6548607339452887643, 0.7557495743542551603, 0.000000000000000000 ) ) ;
#2849 = ORIENTED_EDGE ( 'NONE', *, *, #3336, .T. ) ;
#2850 = CARTESIAN_POINT ( 'NONE',  ( 0.000000000000000000, 0.000000000000000000, 0.000000000000000000 ) ) ;
#2851 = ORIENTED_EDGE ( 'NONE', *, *, #3019, .T. ) ;
#2852 = CARTESIAN_POINT ( 'NONE',  ( 44.92053594132802630, -20.21327974334332467, 5.000000000000000000 ) ) ;
#2853 = ORIENTED_EDGE ( 'NONE', *, *, #636, .T. ) ;
#2854 = VERTEX_POINT ( 'NONE', #2439 ) ;
#2855 = CARTESIAN_POINT ( 'NONE',  ( 40.67736250311786250, -13.59603077256941361, 0.3570704537718321636 ) ) ;
#2856 = VERTEX_POINT ( 'NONE', #301 ) ;
#2857 = ORIENTED_EDGE ( 'NONE', *, *, #1522, .F. ) ;
#2858 = DIRECTION ( 'NONE',  ( -0.6548607339452821030, 0.7557495743542608224, 0.000000000000000000 ) ) ;
#2859 = APPROVAL_STATUS ( 'not_yet_approved' ) ;
#2860 = AXIS2_PLACEMENT_3D ( 'NONE', #1446, #1140, #191 ) ;
#2861 = AXIS2_PLACEMENT_3D ( 'NONE', #2611, #860, #3563 ) ;
#2862 = CARTESIAN_POINT ( 'NONE',  ( 54.79164770583882671, -24.48900558609533462, -4.336808689942017736E-16 ) ) ;
#2863 = EDGE_CURVE ( 'NONE', #1771, #2910, #2760, .T. ) ;
#2864 = TOROIDAL_SURFACE ( 'NONE', #2292, 18.00000000000000355, 1.000000000000000000 ) ;
#2865 = CARTESIAN_POINT ( 'NONE',  ( 60.39824720067139907, 1.887717929120473759, 5.657979856674330676 ) ) ;
#2866 = VECTOR ( 'NONE', #3594, 1000.000000000000000 ) ;
#2867 = DIRECTION ( 'NONE',  ( 0.8412535328311805394, 0.5406408174555986657, 0.000000000000000000 ) ) ;
#2868 = CARTESIAN_POINT ( 'NONE',  ( -8.960702652603004026, 3.842955629672763607, 0.000000000000000000 ) ) ;
#2869 = ORIENTED_EDGE ( 'NONE', *, *, #3802, .F. ) ;
#2870 = CARTESIAN_POINT ( 'NONE',  ( 72.78249535327242370, -18.17356345219813107, 6.076364361463344466 ) ) ;
#2871 = CARTESIAN_POINT ( 'NONE',  ( 0.000000000000000000, 0.000000000000000000, 0.000000000000000000 ) ) ;
#2872 = ORIENTED_EDGE ( 'NONE', *, *, #1965, .T. ) ;
#2873 = CARTESIAN_POINT ( 'NONE',  ( -3.714609627610715670, 9.014664459338561642, 5.000000000000000000 ) ) ;
#2874 =( BOUNDED_SURFACE ( )  B_SPLINE_SURFACE ( 2, 3, ( 
 ( #932, #2732, #2131, #3911, #1174, #2389, #1832, #571, #3928, #1, #3043, #313, #2090, #3298, #1498, #2710, #2410, #893, #1536, #2115, #589, #1814, #3022, #292 ),
 ( #1313, #1340, #3686, #2772, #124, #652, #374, #1021, #2491, #1643, #3063, #396, #695, #2559, #334, #1557, #1869, #3450, #3084, #955, #1886, #2855, #2533, #1851 ),
 ( #3777, #1596, #2234, #1272, #2814, #1621, #1932, #39, #80, #1909, #3405, #100, #2468, #2511, #2150, #1250, #352, #3148, #1574, #3705, #1291, #3725, #717, #2790 ) ),
 .UNSPECIFIED., .F., .F., .F. ) 
 B_SPLINE_SURFACE_WITH_KNOTS ( ( 3, 3 ),
 ( 4, 2, 2, 2, 2, 2, 2, 2, 2, 2, 2, 4 ),
 ( 0.000000000000000000, 1.000000000000000000 ),
 ( 3.141592653589793116, 3.183550055222913677, 3.225507456856034239, 3.309422260122274917, 3.393337063388515595, 3.477251866654756718, 3.561166669920997396, 3.645081473187238075, 3.812911079719719876, 3.980740686252201677, 4.148570292784683033, 4.484229505849646635 ),
 .UNSPECIFIED. ) 
 GEOMETRIC_REPRESENTATION_ITEM ( )  RATIONAL_B_SPLINE_SURFACE ( (
 ( 1.000000000000000000, 1.000000000000000000, 1.000000000000000000, 1.000000000000000000, 1.000000000000000000, 1.000000000000000000, 1.000000000000000000, 1.000000000000000000, 1.000000000000000000, 1.000000000000000000, 1.000000000000000000, 1.000000000000000000, 1.000000000000000000, 1.000000000000000000, 1.000000000000000000, 1.000000000000000000, 1.000000000000000000, 1.000000000000000000, 1.000000000000000000, 1.000000000000000000, 1.000000000000000000, 1.000000000000000000, 1.000000000000000000, 1.000000000000000000),
 ( 0.8734022485755020826, 0.8734016677155485020, 0.8736869149688302194, 0.8748068066408563048, 0.8756418351500342423, 0.8788921619207377134, 0.8820593587920505518, 0.8896917052294760486, 0.8941470880628090701, 0.9035452341758173356, 0.9084820974730050125, 0.9181838430054296563, 0.9229469856204810529, 0.9319119035428862219, 0.9361160282552707379, 0.9476864439650053429, 0.9539868001406862641, 0.9642199729564909783, 0.9681936831497788276, 0.9746731434401807448, 0.9771832575245074093, 0.9834026263794110045, 0.9858283506816998276, 0.9877673817058681971),
 ( 1.000000000000000000, 1.000000000000000000, 1.000000000000000000, 1.000000000000000000, 1.000000000000000000, 1.000000000000000000, 1.000000000000000000, 1.000000000000000000, 1.000000000000000000, 1.000000000000000000, 1.000000000000000000, 1.000000000000000000, 1.000000000000000000, 1.000000000000000000, 1.000000000000000000, 1.000000000000000000, 1.000000000000000000, 1.000000000000000000, 1.000000000000000000, 1.000000000000000000, 1.000000000000000000, 1.000000000000000000, 1.000000000000000000, 1.000000000000000000) ) ) 
 REPRESENTATION_ITEM ( '' )  SURFACE ( )  );
#2875 = ORIENTED_EDGE ( 'NONE', *, *, #1746, .F. ) ;
#2876 = ORIENTED_EDGE ( 'NONE', *, *, #3863, .F. ) ;
#2877 = CARTESIAN_POINT ( 'NONE',  ( 62.32380941480559500, -28.56103883095769191, 4.120712652401878451 ) ) ;
#2878 = DIRECTION ( 'NONE',  ( -0.9594929736145012544, 0.2817325568414162373, 0.000000000000000000 ) ) ;
#2879 = ORIENTED_EDGE ( 'NONE', *, *, #1784, .F. ) ;
#2880 = EDGE_LOOP ( 'NONE', ( #2332, #3871, #3838, #2655, #2329 ) ) ;
#2881 = CARTESIAN_POINT ( 'NONE',  ( 42.48746509732191612, -17.79884984057312991, 4.474858616301936820 ) ) ;
#2882 = DIRECTION ( 'NONE',  ( -1.000000000000000000, 0.000000000000000000, 0.000000000000000000 ) ) ;
#2883 = LINE ( 'NONE', #357, #615 ) ;
#2884 = CARTESIAN_POINT ( 'NONE',  ( 42.33875457479695115, -17.07739476756655250, 4.690055623270690255 ) ) ;
#2885 = CARTESIAN_POINT ( 'NONE',  ( 0.000000000000000000, 0.000000000000000000, 5.000000000000000000 ) ) ;
#2886 = DIRECTION ( 'NONE',  ( 0.000000000000000000, 0.9401155992315028964, 0.3408557760719219121 ) ) ;
#2887 = ORIENTED_EDGE ( 'NONE', *, *, #2714, .T. ) ;
#2888 = CIRCLE ( 'NONE', #3202, 3.762221576582363891 ) ;
#2889 = CYLINDRICAL_SURFACE ( 'NONE', #2415, 3.762221576582363003 ) ;
#2890 = CARTESIAN_POINT ( 'NONE',  ( 45.13990683898272493, -6.462202899803908274, 5.000000000000000000 ) ) ;
#2891 = VERTEX_POINT ( 'NONE', #3052 ) ;
#2892 = CARTESIAN_POINT ( 'NONE',  ( -11.94254082540289730, -1.172910326318754803, 5.000000000000000000 ) ) ;
#2893 = ORIENTED_EDGE ( 'NONE', *, *, #317, .T. ) ;
#2894 = EDGE_CURVE ( 'NONE', #2034, #2514, #3176, .T. ) ;
#2895 = ORIENTED_EDGE ( 'NONE', *, *, #664, .T. ) ;
#2896 = DIRECTION ( 'NONE',  ( -0.9961472278662544255, 0.08769663855802307950, 0.000000000000000000 ) ) ;
#2897 = CARTESIAN_POINT ( 'NONE',  ( 65.60373424946399723, -26.71706602970995448, 3.999999999999999112 ) ) ;
#2898 = ORIENTED_EDGE ( 'NONE', *, *, #3823, .T. ) ;
#2899 = ORIENTED_EDGE ( 'NONE', *, *, #933, .T. ) ;
#2900 = DIRECTION ( 'NONE',  ( 0.6548607339452835463, 0.7557495743542594901, 0.000000000000000000 ) ) ;
#2901 = CARTESIAN_POINT ( 'NONE',  ( -10.32411757120621232, -0.5082176547595769200, 0.000000000000000000 ) ) ;
#2902 = CARTESIAN_POINT ( 'NONE',  ( 3.210140906181115916, -9.213124407082538880, 4.999999999999998224 ) ) ;
#2903 = CARTESIAN_POINT ( 'NONE',  ( 42.11209795561861569, -15.81249269780297873, 4.877040853119956054 ) ) ;
#2904 = CYLINDRICAL_SURFACE ( 'NONE', #1683, 12.00000000000000178 ) ;
#2905 = DIRECTION ( 'NONE',  ( -0.000000000000000000, -0.000000000000000000, -1.000000000000000000 ) ) ;
#2906 = FACE_OUTER_BOUND ( 'NONE', #38, .T. ) ;
#2907 = CARTESIAN_POINT ( 'NONE',  ( 47.34262533132575612, -2.885870590195072971, 5.000000000000000000 ) ) ;
#2908 = CARTESIAN_POINT ( 'NONE',  ( 70.13249982701101715, -9.708515295639081444, 1.365715426553902212 ) ) ;
#2909 = VERTEX_POINT ( 'NONE', #596 ) ;
#2910 = VERTEX_POINT ( 'NONE', #1545 ) ;
#2911 = DIRECTION ( 'NONE',  ( 0.000000000000000000, 0.000000000000000000, 1.000000000000000000 ) ) ;
#2912 = EDGE_CURVE ( 'NONE', #3146, #759, #2032, .T. ) ;
#2913 = DIRECTION ( 'NONE',  ( 0.02999401688879441835, 0.3407024176482846833, -0.9396926207859082059 ) ) ;
#2914 = EDGE_CURVE ( 'NONE', #1401, #1512, #2456, .T. ) ;
#2915 = ORIENTED_EDGE ( 'NONE', *, *, #2465, .F. ) ;
#2916 = ORIENTED_EDGE ( 'NONE', *, *, #1685, .T. ) ;
#2917 = CARTESIAN_POINT ( 'NONE',  ( 3.535331853275972325, 9.713244437154374467, 0.000000000000000000 ) ) ;
#2918 = DIRECTION ( 'NONE',  ( -0.9995500782606516754, 0.01022363390414435594, -0.02819784316076878738 ) ) ;
#2919 = EDGE_CURVE ( 'NONE', #2257, #1569, #3652, .T. ) ;
#2920 = CARTESIAN_POINT ( 'NONE',  ( 42.49304538411795562, -17.82414008582279763, 4.459298207310188111 ) ) ;
#2921 = CARTESIAN_POINT ( 'NONE',  ( 42.59568168528949172, -18.28925675574487997, 56.16535285861884574 ) ) ;
#2922 = AXIS2_PLACEMENT_3D ( 'NONE', #3881, #1783, #489 ) ;
#2923 = CC_DESIGN_APPROVAL ( #3499, ( #2406 ) ) ;
#2924 = FACE_OUTER_BOUND ( 'NONE', #290, .T. ) ;
#2925 = CARTESIAN_POINT ( 'NONE',  ( -3.714609627610714782, 9.014664459338559865, 0.000000000000000000 ) ) ;
#2926 = CARTESIAN_POINT ( 'NONE',  ( 67.30859281169044550, -19.92171140355767278, 1.815281035915649044 ) ) ;
#2927 = ORIENTED_EDGE ( 'NONE', *, *, #2331, .F. ) ;
#2928 = CARTESIAN_POINT ( 'NONE',  ( 51.45663708675846948, -26.95340925413309563, 4.077583785201815303 ) ) ;
#2929 = AXIS2_PLACEMENT_3D ( 'NONE', #488, #2959, #1486 ) ;
#2930 = EDGE_CURVE ( 'NONE', #1401, #2891, #3105, .T. ) ;
#2931 = DIRECTION ( 'NONE',  ( -1.000000000000000000, 0.000000000000000000, 0.000000000000000000 ) ) ;
#2932 = VERTEX_POINT ( 'NONE', #1840 ) ;
#2933 = ORIENTED_EDGE ( 'NONE', *, *, #480, .F. ) ;
#2934 = CIRCLE ( 'NONE', #3767, 1.000000000000000000 ) ;
#2935 = CARTESIAN_POINT ( 'NONE',  ( 0.000000000000000000, 0.000000000000000000, 5.000000000000000000 ) ) ;
#2936 = DIRECTION ( 'NONE',  ( -0.000000000000000000, -0.000000000000000000, -1.000000000000000000 ) ) ;
#2937 = EDGE_CURVE ( 'NONE', #3810, #2272, #1240, .T. ) ;
#2938 = CARTESIAN_POINT ( 'NONE',  ( 40.99019789824289717, -12.47289485961265854, 2.727597716634732398E-15 ) ) ;
#2939 = CARTESIAN_POINT ( 'NONE',  ( 4.123861124485624252, 8.838999255630616503, 0.1672680224011197925 ) ) ;
#2940 = LINE ( 'NONE', #1988, #5 ) ;
#2941 = CIRCLE ( 'NONE', #2046, 9.750000000000000000 ) ;
#2942 = ADVANCED_FACE ( 'NONE', ( #557 ), #1183, .T. ) ;
#2943 = TOROIDAL_SURFACE ( 'NONE', #2631, 18.00000000000000355, 1.000000000000000000 ) ;
#2944 = DIRECTION ( 'NONE',  ( 0.000000000000000000, -0.000000000000000000, -1.000000000000000000 ) ) ;
#2945 = CARTESIAN_POINT ( 'NONE',  ( 39.00571768134228279, -0.01209638265141115693, 1.066795146073852507 ) ) ;
#2946 = CARTESIAN_POINT ( 'NONE',  ( 61.31013344410674648, -25.06286582657181938, -4.336808689942017736E-16 ) ) ;
#2947 = EDGE_LOOP ( 'NONE', ( #1885, #1684, #890, #1703 ) ) ;
#2948 = CIRCLE ( 'NONE', #2754, 3.762221576582363447 ) ;
#2949 = CARTESIAN_POINT ( 'NONE',  ( 54.21552402420939387, -28.00237730427475569, 4.501252026365669678 ) ) ;
#2950 = ORIENTED_EDGE ( 'NONE', *, *, #3509, .T. ) ;
#2951 =( BOUNDED_SURFACE ( )  B_SPLINE_SURFACE ( 3, 2, ( 
 ( #319, #337, #3047 ),
 ( #2194, #962, #1602 ),
 ( #63, #3130, #1540 ),
 ( #3432, #1855, #1255 ),
 ( #1276, #2517, #2214 ),
 ( #1837, #1627, #1577 ),
 ( #2757, #1238, #701 ),
 ( #1917, #3087, #2797 ) ),
 .UNSPECIFIED., .F., .F., .F. ) 
 B_SPLINE_SURFACE_WITH_KNOTS ( ( 4, 2, 2, 4 ),
 ( 3, 3 ),
 ( 0.000000000000000000, 0.003322116316790504377, 0.004983174475185756999, 0.006644232633581008754 ),
 ( 0.000000000000000000, 1.000000000000000000 ),
 .UNSPECIFIED. ) 
 GEOMETRIC_REPRESENTATION_ITEM ( )  RATIONAL_B_SPLINE_SURFACE ( (
 ( 1.000000000000000000, 0.6370688784602924759, 1.000000000000000000),
 ( 1.000000000000000000, 0.6782350594161846713, 1.000000000000000000),
 ( 1.000000000000000000, 0.7130677269617274883, 1.000000000000000000),
 ( 1.000000000000000000, 0.7591750410677311489, 1.000000000000000000),
 ( 1.000000000000000000, 0.7735201932687005844, 1.000000000000000000),
 ( 1.000000000000000000, 0.7999195380566666014, 1.000000000000000000),
 ( 1.000000000000000000, 0.8120395218463906106, 1.000000000000000000),
 ( 1.000000000000000000, 0.8231987702095400206, 1.000000000000000000) ) ) 
 REPRESENTATION_ITEM ( '' )  SURFACE ( )  );
#2952 = ORIENTED_EDGE ( 'NONE', *, *, #2375, .F. ) ;
#2953 = CARTESIAN_POINT ( 'NONE',  ( 42.08651222082862375, -15.65268363530502072, 4.892498821333346015 ) ) ;
#2954 = CARTESIAN_POINT ( 'NONE',  ( 40.24853769543125281, -12.49904608273470075, 0.01202069899604698774 ) ) ;
#2955 = CARTESIAN_POINT ( 'NONE',  ( 66.01726770132509614, -27.87988829105309208, 5.573796197961056187 ) ) ;
#2956 = CARTESIAN_POINT ( 'NONE',  ( 0.000000000000000000, 0.000000000000000000, 5.000000000000000000 ) ) ;
#2957 = DIRECTION ( 'NONE',  ( -0.9961472278662544255, 0.08769663855802307950, -0.000000000000000000 ) ) ;
#2958 = EDGE_CURVE ( 'NONE', #19, #1390, #2777, .T. ) ;
#2959 = DIRECTION ( 'NONE',  ( 0.000000000000000000, -0.000000000000000000, -1.000000000000000000 ) ) ;
#2960 = CARTESIAN_POINT ( 'NONE',  ( 58.14413996240158866, -23.71671473371294425, 2.013030214988504429 ) ) ;
#2961 = CYLINDRICAL_SURFACE ( 'NONE', #3524, 3.762221576582363891 ) ;
#2962 = PRODUCT_RELATED_PRODUCT_CATEGORY ( 'detail', '', ( #850 ) ) ;
#2963 = ORIENTED_EDGE ( 'NONE', *, *, #1567, .T. ) ;
#2964 = ADVANCED_FACE ( 'NONE', ( #2994 ), #266, .T. ) ;
#2965 = CARTESIAN_POINT ( 'NONE',  ( 52.11061523824006514, -27.24723447361041195, 4.446671979860615131 ) ) ;
#2966 =( BOUNDED_CURVE ( )  B_SPLINE_CURVE ( 2, ( #3360, #931, #2099 ),
 .UNSPECIFIED., .F., .F. ) 
 B_SPLINE_CURVE_WITH_KNOTS ( ( 3, 3 ),
 ( 0.000000000000000000, 1.000000000000000000 ),
 .UNSPECIFIED. ) 
 CURVE ( )  GEOMETRIC_REPRESENTATION_ITEM ( )  RATIONAL_B_SPLINE_CURVE ( ( 1.000000000000000000, 0.8734022485755020826, 1.000000000000000000 ) ) 
 REPRESENTATION_ITEM ( '' )  );
#2967 = ORIENTED_EDGE ( 'NONE', *, *, #1707, .F. ) ;
#2968 = ORIENTED_EDGE ( 'NONE', *, *, #2894, .F. ) ;
#2969 = CARTESIAN_POINT ( 'NONE',  ( 41.97236916682523855, -14.84772499933194645, 4.947976589685987747 ) ) ;
#2970 = CARTESIAN_POINT ( 'NONE',  ( 39.56150205263604391, -12.52772215098195296, 4.962826419315525150 ) ) ;
#2971 = CARTESIAN_POINT ( 'NONE',  ( 60.78951932522824109, -28.60508282617178821, 4.698764328975844506 ) ) ;
#2972 = CARTESIAN_POINT ( 'NONE',  ( 37.98717046529577601, -12.60122090844645548, 4.876618362547842978 ) ) ;
#2973 = DIRECTION ( 'NONE',  ( -1.000000000000000000, 0.000000000000000000, 0.000000000000000000 ) ) ;
#2974 = ADVANCED_FACE ( 'NONE', ( #2398 ), #3427, .T. ) ;
#2975 = LINE ( 'NONE', #3546, #3568 ) ;
#2976 = CARTESIAN_POINT ( 'NONE',  ( 0.3692386708125196537, -9.744446632503629857, 0.6396346466407948350 ) ) ;
#2977 = DIRECTION ( 'NONE',  ( 0.000000000000000000, -0.000000000000000000, -1.000000000000000000 ) ) ;
#2978 = CARTESIAN_POINT ( 'NONE',  ( 73.08484112161779933, -16.83700080347026073, 4.999999999999352518 ) ) ;
#2979 = VERTEX_POINT ( 'NONE', #2568 ) ;
#2980 = VECTOR ( 'NONE', #2707, 1000.000000000000000 ) ;
#2981 = DIRECTION ( 'NONE',  ( 0.9961472278662545365, -0.08769663855802296848, 0.000000000000000000 ) ) ;
#2982 = APPROVAL_PERSON_ORGANIZATION ( #1647, #1090, #129 ) ;
#2983 = AXIS2_PLACEMENT_3D ( 'NONE', #322, #639, #902 ) ;
#2984 = ORIENTED_EDGE ( 'NONE', *, *, #60, .T. ) ;
#2985 = CARTESIAN_POINT ( 'NONE',  ( 40.47556901489841863, -13.73859746355043399, 4.351315147119739990 ) ) ;
#2986 = LINE ( 'NONE', #1797, #750 ) ;
#2987 = CIRCLE ( 'NONE', #455, 9.750000000000000000 ) ;
#2988 = DIRECTION ( 'NONE',  ( -0.000000000000000000, -0.000000000000000000, -1.000000000000000000 ) ) ;
#2989 = DIRECTION ( 'NONE',  ( 0.000000000000000000, -0.000000000000000000, -1.000000000000000000 ) ) ;
#2990 = CARTESIAN_POINT ( 'NONE',  ( 38.21521291540112486, -12.58960635826460184, 4.893113800848126083 ) ) ;
#2991 = CARTESIAN_POINT ( 'NONE',  ( -4.728451967219454488, -10.29135985382434448, 5.000000000000000000 ) ) ;
#2992 = CARTESIAN_POINT ( 'NONE',  ( 1.748767090068500618, 9.591887909306143101, 0.000000000000000000 ) ) ;
#2993 = DIRECTION ( 'NONE',  ( -0.02999401688879442182, -0.3407024176482847388, 0.9396926207859082059 ) ) ;
#2994 = FACE_OUTER_BOUND ( 'NONE', #103, .T. ) ;
#2995 = CARTESIAN_POINT ( 'NONE',  ( 0.000000000000000000, 0.000000000000000000, 5.000000000000000000 ) ) ;
#2996 = CARTESIAN_POINT ( 'NONE',  ( 71.81266216436601724, -6.048068118441975116, 5.810833218611087148 ) ) ;
#2997 = DIRECTION ( 'NONE',  ( 0.02999401688879441488, 0.3407024176482846833, -0.9396926207859080948 ) ) ;
#2998 = ORIENTED_EDGE ( 'NONE', *, *, #3614, .F. ) ;
#2999 = CARTESIAN_POINT ( 'NONE',  ( 62.34318968992638332, -28.55819363160460611, 4.119652779043866175 ) ) ;
#3000 = ADVANCED_FACE ( 'NONE', ( #3481 ), #358, .T. ) ;
#3001 = AXIS2_PLACEMENT_3D ( 'NONE', #46, #1260, #406 ) ;
#3002 = ADVANCED_FACE ( 'NONE', ( #1608 ), #3411, .T. ) ;
#3003 = VERTEX_POINT ( 'NONE', #968 ) ;
#3004 = CARTESIAN_POINT ( 'NONE',  ( 40.78194237501578101, -13.47981847968512703, 4.726771828825490296 ) ) ;
#3005 = DIRECTION ( 'NONE',  ( 0.000000000000000000, 0.9401155992315028964, 0.3408557760719218011 ) ) ;
#3006 = EDGE_CURVE ( 'NONE', #3494, #3116, #1631, .T. ) ;
#3007 = CARTESIAN_POINT ( 'NONE',  ( 49.08658852939833395, -25.13330185154058682, 4.791705752511549399 ) ) ;
#3008 = CARTESIAN_POINT ( 'NONE',  ( 57.17111514430466457, -28.51353163652528977, 5.446173532602519352 ) ) ;
#3009 = CYLINDRICAL_SURFACE ( 'NONE', #2689, 9.750000000000000000 ) ;
#3010 = B_SPLINE_CURVE_WITH_KNOTS ( 'NONE', 3,
 ( #195, #3547, #1437, #845, #2061, #2633, #2327, #805 ),
 .UNSPECIFIED., .F., .F.,
 ( 4, 2, 2, 4 ),
 ( 0.004142766543436281201, 0.004668464327651227971, 0.005194162111866174741, 0.006245557680296070016 ),
 .UNSPECIFIED. ) ;
#3011 = CARTESIAN_POINT ( 'NONE',  ( 35.47194342106971732, -12.75183575220702181, 0.4764603415370486927 ) ) ;
#3012 = CYLINDRICAL_SURFACE ( 'NONE', #3560, 1.000000000000000222 ) ;
#3013 = DIRECTION ( 'NONE',  ( 1.000000000000000000, 0.000000000000000000, 0.000000000000000000 ) ) ;
#3014 = CARTESIAN_POINT ( 'NONE',  ( 59.57245272531130809, -9.757595425460108274, 1.000000000000000888 ) ) ;
#3015 = DIRECTION ( 'NONE',  ( 0.02999401688879442182, 0.3407024176482847388, -0.9396926207859082059 ) ) ;
#3016 = DIRECTION ( 'NONE',  ( 0.08769663855802291297, 0.9961472278662544255, 0.000000000000000000 ) ) ;
#3017 = EDGE_LOOP ( 'NONE', ( #1808, #834, #1000, #1033 ) ) ;
#3018 = CARTESIAN_POINT ( 'NONE',  ( 58.90380154612966379, -28.62537381338066211, 5.466862749595490456 ) ) ;
#3019 = EDGE_CURVE ( 'NONE', #1353, #388, #1722, .T. ) ;
#3020 = ORIENTED_EDGE ( 'NONE', *, *, #630, .F. ) ;
#3021 = CARTESIAN_POINT ( 'NONE',  ( 38.79629819647244915, -12.56140872835635314, 4.928906972859026681 ) ) ;
#3022 = CARTESIAN_POINT ( 'NONE',  ( 39.37663256073005869, -12.53543705407833642, 0.04393753685019268634 ) ) ;
#3023 = CARTESIAN_POINT ( 'NONE',  ( 62.16567634277680554, -28.10870991787998108, 5.115280103925570643 ) ) ;
#3024 = ADVANCED_FACE ( 'NONE', ( #45 ), #1874, .T. ) ;
#3025 = CARTESIAN_POINT ( 'NONE',  ( 3.630862619916180201, 9.052754371041965342, 4.687911094759404484 ) ) ;
#3026 = CARTESIAN_POINT ( 'NONE',  ( 36.29525022512829935, -12.69798985453032003, 4.688352304621318467 ) ) ;
#3027 = CARTESIAN_POINT ( 'NONE',  ( 35.45344278205169530, -12.75309433226226830, 0.4811827635228813071 ) ) ;
#3028 = CARTESIAN_POINT ( 'NONE',  ( 54.42042018660978187, -0.7385293714032965529, 1.081296285070618730E-12 ) ) ;
#3029 = DIRECTION ( 'NONE',  ( -0.000000000000000000, -0.000000000000000000, -1.000000000000000000 ) ) ;
#3030 = AXIS2_PLACEMENT_3D ( 'NONE', #3497, #2019, #1727 ) ;
#3031 = DIRECTION ( 'NONE',  ( 1.000000000000000000, 0.000000000000000000, 0.000000000000000000 ) ) ;
#3032 = CARTESIAN_POINT ( 'NONE',  ( 66.51963282256161847, -0.1318189612074685546, 5.690633604293415360 ) ) ;
#3033 = DIRECTION ( 'NONE',  ( -1.000000000000000000, 0.000000000000000000, 0.000000000000000000 ) ) ;
#3034 = ORIENTED_EDGE ( 'NONE', *, *, #982, .F. ) ;
#3035 = CARTESIAN_POINT ( 'NONE',  ( 50.77371490225538508, -0.6444247009107190172, 5.000000000005317524 ) ) ;
#3036 = VERTEX_POINT ( 'NONE', #67 ) ;
#3037 = CIRCLE ( 'NONE', #3232, 9.750000000000000000 ) ;
#3038 = VECTOR ( 'NONE', #1018, 1000.000000000000000 ) ;
#3039 = EDGE_LOOP ( 'NONE', ( #2142, #3211, #1975, #183 ) ) ;
#3040 = VECTOR ( 'NONE', #3135, 1000.000000000000000 ) ;
#3042 = CARTESIAN_POINT ( 'NONE',  ( 38.54118960852925113, -12.57349691428700211, 4.914419890216779940 ) ) ;
#3041 = PERSON_AND_ORGANIZATION ( #1984, #758 ) ;
#3043 = CARTESIAN_POINT ( 'NONE',  ( 36.53876998369298690, -12.68289069775154587, 0.2750928952158216978 ) ) ;
#3044 = CARTESIAN_POINT ( 'NONE',  ( 46.25728720395893134, -20.80267059217671033, 6.173829588324278639 ) ) ;
#3045 = EDGE_CURVE ( 'NONE', #1046, #350, #3292, .T. ) ;
#3046 = CARTESIAN_POINT ( 'NONE',  ( 2.594866792902059238, 9.398392654937641311, 4.157297399612075672 ) ) ;
#3047 = CARTESIAN_POINT ( 'NONE',  ( 70.27280939620115419, -23.02756378597455011, 6.188286488194693291 ) ) ;
#3048 = EDGE_CURVE ( 'NONE', #2786, #1232, #2552, .T. ) ;
#3049 = CARTESIAN_POINT ( 'NONE',  ( 35.44032625104352974, -12.75398779096998325, 0.4845633132021349154 ) ) ;
#3050 = CARTESIAN_POINT ( 'NONE',  ( 56.41322683855828046, -28.42721159625977378, 4.716454612051844464 ) ) ;
#3051 = EDGE_CURVE ( 'NONE', #1599, #3539, #2348, .T. ) ;
#3052 = CARTESIAN_POINT ( 'NONE',  ( -1.650000000000000133, 0.000000000000000000, 4.000000000000000000 ) ) ;
#3053 = CARTESIAN_POINT ( 'NONE',  ( 62.95624286300405004, 1.474056853555120616, 5.662136257647843784 ) ) ;
#3054 = CIRCLE ( 'NONE', #1347, 0.9999999999999998890 ) ;
#3055 = FACE_OUTER_BOUND ( 'NONE', #1402, .T. ) ;
#3056 = CARTESIAN_POINT ( 'NONE',  ( 1.343324028180502561, 11.92457464882135376, 5.000000000000000000 ) ) ;
#3057 = DIRECTION ( 'NONE',  ( -0.6548607339452886533, 0.7557495743542551603, 0.000000000000000000 ) ) ;
#3058 = ORIENTED_EDGE ( 'NONE', *, *, #2059, .T. ) ;
#3059 = AXIS2_PLACEMENT_3D ( 'NONE', #1903, #140, #2508 ) ;
#3060 = EDGE_LOOP ( 'NONE', ( #1477, #1391, #3856, #651 ) ) ;
#3061 = VECTOR ( 'NONE', #2522, 1000.000000000000000 ) ;
#3062 = ORIENTED_EDGE ( 'NONE', *, *, #3853, .T. ) ;
#3063 = CARTESIAN_POINT ( 'NONE',  ( 40.33780107991748309, -13.60072531308566823, 0.8302972157797520181 ) ) ;
#3064 = AXIS2_PLACEMENT_3D ( 'NONE', #1511, #2723, #1207 ) ;
#3065 = CARTESIAN_POINT ( 'NONE',  ( 49.68435999202764464, -25.60208298329433063, 4.752745149889113563 ) ) ;
#3066 = CARTESIAN_POINT ( 'NONE',  ( 59.57245272531130809, -9.757595425460108274, 4.000000000000003553 ) ) ;
#3067 = DIRECTION ( 'NONE',  ( -0.000000000000000000, -0.000000000000000000, -1.000000000000000000 ) ) ;
#3068 = CARTESIAN_POINT ( 'NONE',  ( 36.81580440880841110, -12.66631265156692976, 0.2391499386105287450 ) ) ;
#3069 = CARTESIAN_POINT ( 'NONE',  ( 65.81050097539454669, -27.29847716038152328, 4.786898098980529426 ) ) ;
#3070 = CARTESIAN_POINT ( 'NONE',  ( 0.000000000000000000, 0.000000000000000000, 5.000000000000000000 ) ) ;
#3071 =( BOUNDED_CURVE ( )  B_SPLINE_CURVE ( 3, ( #2960, #555, #2945, #2025 ),
 .UNSPECIFIED., .F., .F. ) 
 B_SPLINE_CURVE_WITH_KNOTS ( ( 4, 4 ),
 ( 3.141592653589793116, 6.200646643612883757 ),
 .UNSPECIFIED. ) 
 CURVE ( )  GEOMETRIC_REPRESENTATION_ITEM ( )  RATIONAL_B_SPLINE_CURVE ( ( 1.000000000000000000, 0.3608384120559294805, 0.3608384120559294805, 1.000000000000000000 ) ) 
 REPRESENTATION_ITEM ( '' )  );
#3072 = CARTESIAN_POINT ( 'NONE',  ( -10.30410784652952749, -0.8191765962152178782, 5.000000000000000000 ) ) ;
#3073 = DIRECTION ( 'NONE',  ( 0.000000000000000000, -1.000000000000000000, 0.000000000000000000 ) ) ;
#3074 = CARTESIAN_POINT ( 'NONE',  ( 42.59568168528949172, -18.28925675574487997, 1.000000000000001110 ) ) ;
#3075 = VERTEX_POINT ( 'NONE', #3713 ) ;
#3076 = ADVANCED_FACE ( 'NONE', ( #987 ), #131, .T. ) ;
#3077 = CARTESIAN_POINT ( 'NONE',  ( 48.83356315337325526, -2.397421047232054736, 4.999999999994586553 ) ) ;
#3078 = VERTEX_POINT ( 'NONE', #1895 ) ;
#3079 = CC_DESIGN_PERSON_AND_ORGANIZATION_ASSIGNMENT ( #3041, #2430, ( #3426 ) ) ;
#3080 = CARTESIAN_POINT ( 'NONE',  ( 67.91403100014065330, -6.378531666828856750, 4.000000000000003553 ) ) ;
#3081 = EDGE_CURVE ( 'NONE', #2351, #156, #647, .T. ) ;
#3082 = ORIENTED_EDGE ( 'NONE', *, *, #114, .T. ) ;
#3083 = ORIENTED_EDGE ( 'NONE', *, *, #181, .F. ) ;
#3084 = CARTESIAN_POINT ( 'NONE',  ( 40.55077713544324780, -13.71671316419676145, 0.5149405621721482307 ) ) ;
#3085 = DIRECTION ( 'NONE',  ( -0.000000000000000000, -0.000000000000000000, -1.000000000000000000 ) ) ;
#3086 = DIRECTION ( 'NONE',  ( -0.9594929736144991450, 0.2817325568414236203, 0.000000000000000000 ) ) ;
#3087 = CARTESIAN_POINT ( 'NONE',  ( 65.52441781157622813, -26.83202032909106549, 5.206718242458644674 ) ) ;
#3088 = CARTESIAN_POINT ( 'NONE',  ( 37.93179353384876151, -12.60386781351832042, 0.1265723187455697618 ) ) ;
#3089 = CARTESIAN_POINT ( 'NONE',  ( -6.376773933753629109, -8.135259246422229751, 5.000000000000000000 ) ) ;
#3090 = CARTESIAN_POINT ( 'NONE',  ( 0.6555888821085128493, 10.31580787075611561, 5.000000000000000000 ) ) ;
#3091 = CARTESIAN_POINT ( 'NONE',  ( -8.225486823948159554, -6.259956494877047639, 5.000000000000000000 ) ) ;
#3092 = CARTESIAN_POINT ( 'NONE',  ( 0.000000000000000000, 0.000000000000000000, 5.000000000000000000 ) ) ;
#3093 = CARTESIAN_POINT ( 'NONE',  ( 42.34856960705671014, -17.12698997242047128, 0.3210629769795417809 ) ) ;
#3094 = ORIENTED_EDGE ( 'NONE', *, *, #2489, .F. ) ;
#3095 = CARTESIAN_POINT ( 'NONE',  ( 54.24175364575822300, 1.053540865985853614, 5.688329710110063608 ) ) ;
#3096 = ORIENTED_EDGE ( 'NONE', *, *, #229, .T. ) ;
#3097 = CARTESIAN_POINT ( 'NONE',  ( -3.106632694473850265, 10.31580787075611561, 0.000000000000000000 ) ) ;
#3098 = EDGE_CURVE ( 'NONE', #166, #972, #1589, .T. ) ;
#3099 = ORIENTED_EDGE ( 'NONE', *, *, #2057, .T. ) ;
#3100 = ORIENTED_EDGE ( 'NONE', *, *, #1648, .F. ) ;
#3101 = COORDINATED_UNIVERSAL_TIME_OFFSET ( 8, 0, .AHEAD. ) ;
#3102 = EDGE_CURVE ( 'NONE', #1309, #1634, #1264, .T. ) ;
#3103 = AXIS2_PLACEMENT_3D ( 'NONE', #2396, #2417, #579 ) ;
#3104 = CIRCLE ( 'NONE', #1406, 12.00000000000000178 ) ;
#3105 = CIRCLE ( 'NONE', #1407, 1.650000000000000133 ) ;
#3106 = DIRECTION ( 'NONE',  ( 0.000000000000000000, 0.000000000000000000, 1.000000000000000000 ) ) ;
#3107 = DIRECTION ( 'NONE',  ( -0.1423148382732887796, 0.9898214418809321291, 0.000000000000000000 ) ) ;
#3108 = FACE_OUTER_BOUND ( 'NONE', #413, .T. ) ;
#3109 = DIRECTION ( 'NONE',  ( -0.000000000000000000, 0.000000000000000000, 1.000000000000000000 ) ) ;
#3110 = CARTESIAN_POINT ( 'NONE',  ( 40.28688223417276504, -12.49878429326968998, 0.01484619047995190157 ) ) ;
#3111 = FACE_BOUND ( 'NONE', #1189, .T. ) ;
#3112 = CARTESIAN_POINT ( 'NONE',  ( 41.78145289499521908, -12.62788951059827269, 1.083672776893469510E-16 ) ) ;
#3113 = AXIS2_PLACEMENT_3D ( 'NONE', #917, #2775, #3669 ) ;
#3114 = CARTESIAN_POINT ( 'NONE',  ( -9.655930361154716479, -3.688996837790550209, 5.000000000000000000 ) ) ;
#3115 = CARTESIAN_POINT ( 'NONE',  ( 44.85430100432794376, -10.69146509236224141, 5.965578576756872309 ) ) ;
#3116 = VERTEX_POINT ( 'NONE', #2262 ) ;
#3117 = CIRCLE ( 'NONE', #2102, 9.750000000000000000 ) ;
#3118 = ORIENTED_EDGE ( 'NONE', *, *, #910, .F. ) ;
#3119 = EDGE_CURVE ( 'NONE', #2909, #1848, #58, .T. ) ;
#3120 = CARTESIAN_POINT ( 'NONE',  ( -8.772324397136545215, -4.255446471453135260, 5.000000000000000000 ) ) ;
#3121 = ORIENTED_EDGE ( 'NONE', *, *, #3797, .T. ) ;
#3122 = CIRCLE ( 'NONE', #2427, 12.00000000000000355 ) ;
#3123 = CARTESIAN_POINT ( 'NONE',  ( 59.21100132219056178, 1.939441590524013437, 5.659144223928077366 ) ) ;
#3124 = CIRCLE ( 'NONE', #1426, 3.762221576582362559 ) ;
#3125 = ORIENTED_EDGE ( 'NONE', *, *, #1965, .F. ) ;
#3126 = EDGE_CURVE ( 'NONE', #2909, #99, #2220, .T. ) ;
#3127 = ORIENTED_EDGE ( 'NONE', *, *, #630, .T. ) ;
#3128 = CARTESIAN_POINT ( 'NONE',  ( 50.00668376345537069, -25.23783679066980312, 5.176948595015866239 ) ) ;
#3129 = DIRECTION ( 'NONE',  ( 1.000000000000000000, 0.000000000000000000, 0.000000000000000000 ) ) ;
#3130 = CARTESIAN_POINT ( 'NONE',  ( 68.84911589533813014, -24.40615957437312034, 5.220851604392066747 ) ) ;
#3131 = AXIS2_PLACEMENT_3D ( 'NONE', #2774, #2819, #3107 ) ;
#3132 = EDGE_CURVE ( 'NONE', #719, #3702, #1505, .T. ) ;
#3133 = CARTESIAN_POINT ( 'NONE',  ( 42.59568168528949172, -18.28925675574487997, 4.000000000000003553 ) ) ;
#3134 = CARTESIAN_POINT ( 'NONE',  ( -0.2476856682572394497, -9.746936448980044077, 4.133691680920998479 ) ) ;
#3135 = DIRECTION ( 'NONE',  ( 0.9961472278662544255, -0.08769663855802295460, -0.000000000000000000 ) ) ;
#3136 = DIRECTION ( 'NONE',  ( -0.000000000000000000, -0.000000000000000000, -1.000000000000000000 ) ) ;
#3137 = CARTESIAN_POINT ( 'NONE',  ( 68.70330074716285651, 2.586793383967434856, 1.000000000000000000 ) ) ;
#3138 = ORIENTED_EDGE ( 'NONE', *, *, #1707, .T. ) ;
#3139 = DIRECTION ( 'NONE',  ( -1.000000000000000000, 0.000000000000000000, 0.000000000000000000 ) ) ;
#3140 = DIRECTION ( 'NONE',  ( 0.000000000000000000, 0.000000000000000000, 1.000000000000000000 ) ) ;
#3141 = ORIENTED_EDGE ( 'NONE', *, *, #1226, .F. ) ;
#3142 = CARTESIAN_POINT ( 'NONE',  ( -5.025630336801854448, 9.032647924419228147, 5.000000000000000000 ) ) ;
#3143 =( BOUNDED_SURFACE ( )  B_SPLINE_SURFACE ( 3, 2, ( 
 ( #2253, #3446, #3145 ),
 ( #3471, #736, #3166 ),
 ( #1441, #3223, #1721 ),
 ( #2928, #512, #3583 ),
 ( #1132, #2965, #1755 ),
 ( #199, #230, #2346 ),
 ( #1739, #2949, #2082 ),
 ( #2686, #2365, #3260 ),
 ( #2386, #1425, #1454 ),
 ( #2653, #215, #3868 ),
 ( #1171, #3906, #849 ),
 ( #492, #2668, #2637 ),
 ( #2330, #1188, #250 ),
 ( #3854, #1119, #3567 ),
 ( #2999, #2065, #272 ),
 ( #1791, #830, #2012 ),
 ( #3599, #3275, #3924 ),
 ( #2047, #3293, #3885 ),
 ( #544, #564, #529 ),
 ( #2403, #1150, #3550 ) ),
 .UNSPECIFIED., .F., .F., .F. ) 
 B_SPLINE_SURFACE_WITH_KNOTS ( ( 4, 2, 2, 2, 2, 2, 2, 2, 2, 4 ),
 ( 3, 3 ),
 ( 0.005777975685142832524, 0.007947120782512395384, 0.01011626587988195825, 0.01228541097725152284, 0.01445455607462108570, 0.01662370117199064856, 0.01879284626936021316, 0.01987741881804499372, 0.02096199136672977775, 0.02313113646409933888 ),
 ( 0.000000000000000000, 0.5889175498352307025 ),
 .UNSPECIFIED. ) 
 GEOMETRIC_REPRESENTATION_ITEM ( )  RATIONAL_B_SPLINE_SURFACE ( (
 ( 1.000000000000000000, 0.8275100432130269024, 0.8581848118703918615),
 ( 1.000000000000000000, 0.8504789216830205278, 0.8770690175483553119),
 ( 1.000000000000000000, 0.8700354040302000769, 0.8931476709081205279),
 ( 1.000000000000000000, 0.9032203012749148163, 0.9204311286437676376),
 ( 1.000000000000000000, 0.9167250775383710693, 0.9315342816743847898),
 ( 1.000000000000000000, 0.9383783717752492981, 0.9493368601724538891),
 ( 1.000000000000000000, 0.9465114517309475284, 0.9560235930436027374),
 ( 1.000000000000000000, 0.9574898096798327707, 0.9650496136124300239),
 ( 1.000000000000000000, 0.9602923855247839091, 0.9673537931026601200),
 ( 1.000000000000000000, 0.9604059843992954759, 0.9674471901100005766),
 ( 1.000000000000000000, 0.9577716860676188659, 0.9652813624846994234),
 ( 1.000000000000000000, 0.9471360514981005396, 0.9565371170489098684),
 ( 1.000000000000000000, 0.9391415527306992139, 0.9499643207666248479),
 ( 1.000000000000000000, 0.9228372249916144687, 0.9365594747760800365),
 ( 1.000000000000000000, 0.9166561740036995865, 0.9314776316066692985),
 ( 1.000000000000000000, 0.9029040871939786328, 0.9201711485254318035),
 ( 1.000000000000000000, 0.8953297368808136314, 0.9139437835551476041),
 ( 1.000000000000000000, 0.8703835668307446927, 0.8934339181423287535),
 ( 1.000000000000000000, 0.8508238864210247998, 0.8773526354477940714),
 ( 1.000000000000000000, 0.8275100432130275685, 0.8581848118703923056) ) ) 
 REPRESENTATION_ITEM ( '' )  SURFACE ( )  );
#3144 = VERTEX_POINT ( 'NONE', #3526 ) ;
#3145 = CARTESIAN_POINT ( 'NONE',  ( 49.09506200313320079, -25.12087696770435841, 4.803085793996793917 ) ) ;
#3146 = VERTEX_POINT ( 'NONE', #2658 ) ;
#3147 = ORIENTED_EDGE ( 'NONE', *, *, #3334, .F. ) ;
#3148 = CARTESIAN_POINT ( 'NONE',  ( 42.08870674064490203, -15.66681419473814074, 0.1087418643760788561 ) ) ;
#3149 = EDGE_CURVE ( 'NONE', #3274, #2534, #811, .T. ) ;
#3150 = ORIENTED_EDGE ( 'NONE', *, *, #3266, .T. ) ;
#3151 = EDGE_LOOP ( 'NONE', ( #1595, #713, #3726, #1117 ) ) ;
#3152 = CARTESIAN_POINT ( 'NONE',  ( 49.40339751000011859, -24.93957320860278060, 5.857740672102335289 ) ) ;
#3153 = DIRECTION ( 'NONE',  ( 0.000000000000000000, 0.000000000000000000, 1.000000000000000000 ) ) ;
#3154 = CARTESIAN_POINT ( 'NONE',  ( 55.58000506152330900, -22.50228715577551242, -3.981826657890902270E-12 ) ) ;
#3155 = B_SPLINE_CURVE_WITH_KNOTS ( 'NONE', 3,
 ( #1060, #3491, #776, #478, #2295, #2877, #414, #3517, #1998, #179, #1043, #2555, #1081, #2273, #1907, #3208, #1664, #120, #1704, #2580 ),
 .UNSPECIFIED., .F., .F.,
 ( 4, 2, 2, 2, 2, 2, 2, 2, 2, 4 ),
 ( 0.000000000000000000, 0.002236626480096553030, 0.003354939720144828243, 0.004473252960193103457, 0.006709879440289654752, 0.008946505920386205180, 0.01118313240048275647, 0.01341975888057930777, 0.01565638536067585906, 0.01789301184077240689 ),
 .UNSPECIFIED. ) ;
#3156 = DIRECTION ( 'NONE',  ( 0.02999401688879441488, 0.3407024176482846833, -0.9396926207859080948 ) ) ;
#3157 = CARTESIAN_POINT ( 'NONE',  ( 2.724800016354728793, 9.361706119930044423, 0.7267486762199016903 ) ) ;
#3158 = CYLINDRICAL_SURFACE ( 'NONE', #2561, 3.762221576582363003 ) ;
#3159 = ORIENTED_EDGE ( 'NONE', *, *, #1594, .F. ) ;
#3160 = CARTESIAN_POINT ( 'NONE',  ( 70.27280939620115419, -23.02756378597455367, 6.188286488194689738 ) ) ;
#3161 = CARTESIAN_POINT ( 'NONE',  ( 44.92053594132798366, -20.21327974334335309, 5.000000000000000000 ) ) ;
#3162 = EDGE_LOOP ( 'NONE', ( #3296, #3227, #1914, #1883 ) ) ;
#3163 = DIRECTION ( 'NONE',  ( 1.000000000000000000, 0.000000000000000000, 0.000000000000000000 ) ) ;
#3164 = ORIENTED_EDGE ( 'NONE', *, *, #1522, .T. ) ;
#3165 = VERTEX_POINT ( 'NONE', #2004 ) ;
#3166 = CARTESIAN_POINT ( 'NONE',  ( 49.64255717987164473, -25.55761925366543608, 4.764224309499922150 ) ) ;
#3167 = CARTESIAN_POINT ( 'NONE',  ( 58.74758949093612159, -30.39978852665744213, 10.36088265056794455 ) ) ;
#3168 = VERTEX_POINT ( 'NONE', #3215 ) ;
#3169 = ORIENTED_EDGE ( 'NONE', *, *, #1273, .T. ) ;
#3170 = CARTESIAN_POINT ( 'NONE',  ( 58.79258051626931092, -2.813405642317730049, 18.76799007026043853 ) ) ;
#3171 = AXIS2_PLACEMENT_3D ( 'NONE', #642, #3696, #3395 ) ;
#3172 = AXIS2_PLACEMENT_3D ( 'NONE', #2871, #115, #1380 ) ;
#3173 = EDGE_CURVE ( 'NONE', #2530, #2979, #2726, .T. ) ;
#3174 = CARTESIAN_POINT ( 'NONE',  ( 51.61910796963094583, -20.75056467730382082, 1.910253252027506843 ) ) ;
#3175 = CARTESIAN_POINT ( 'NONE',  ( 40.35756036435237348, -13.16222907124859098, 0.1963812466730165962 ) ) ;
#3176 = CIRCLE ( 'NONE', #2475, 3.762221576582363003 ) ;
#3177 = EDGE_CURVE ( 'NONE', #1390, #923, #1198, .T. ) ;
#3178 = CARTESIAN_POINT ( 'NONE',  ( 59.32308535408332517, 0.01621249070526444014, 0.9887163358921184919 ) ) ;
#3179 = CARTESIAN_POINT ( 'NONE',  ( -0.9662303906370903750, -10.29135985382434448, 5.000000000000000000 ) ) ;
#3180 = ORIENTED_EDGE ( 'NONE', *, *, #3479, .F. ) ;
#3181 = CARTESIAN_POINT ( 'NONE',  ( -8.772324397136546992, -4.255446471453136148, 0.000000000000000000 ) ) ;
#3182 = CARTESIAN_POINT ( 'NONE',  ( 45.49686757512372282, -18.59214229663809093, 4.999999999967775111 ) ) ;
#3183 = VERTEX_POINT ( 'NONE', #2626 ) ;
#3184 = DIRECTION ( 'NONE',  ( -1.000000000000000000, 0.000000000000000000, 0.000000000000000000 ) ) ;
#3185 = TOROIDAL_SURFACE ( 'NONE', #1465, 9.000000000000001776, 1.000000000000000000 ) ;
#3186 = EDGE_LOOP ( 'NONE', ( #1456, #475, #2010, #415, #2224, #682 ) ) ;
#3187 = ORIENTED_EDGE ( 'NONE', *, *, #480, .T. ) ;
#3188 = AXIS2_PLACEMENT_3D ( 'NONE', #2217, #1297, #676 ) ;
#3189 = DIRECTION ( 'NONE',  ( -0.000000000000000000, -0.000000000000000000, -1.000000000000000000 ) ) ;
#3190 = LINE ( 'NONE', #180, #363 ) ;
#3191 = ORIENTED_EDGE ( 'NONE', *, *, #2349, .F. ) ;
#3192 = ORIENTED_EDGE ( 'NONE', *, *, #2667, .T. ) ;
#3193 = CARTESIAN_POINT ( 'NONE',  ( 40.85230824575310749, -12.47927454031229999, 4.994338186632054644 ) ) ;
#3194 = DIRECTION ( 'NONE',  ( 0.6548607339452836573, 0.7557495743542594901, 0.000000000000000000 ) ) ;
#3195 = VECTOR ( 'NONE', #2957, 1000.000000000000000 ) ;
#3196 = CARTESIAN_POINT ( 'NONE',  ( 1.207194034525919557, -9.680894602499380497, 4.614389751015915309 ) ) ;
#3197 = CIRCLE ( 'NONE', #3636, 3.762221576582363003 ) ;
#3198 = CARTESIAN_POINT ( 'NONE',  ( 42.19404640569325693, -16.30504850711992759, 4.823628274498763524 ) ) ;
#3199 = ADVANCED_FACE ( 'NONE', ( #2587 ), #1625, .F. ) ;
#3200 = CARTESIAN_POINT ( 'NONE',  ( 68.79099738572088540, 3.582940611833690170, 3.999999999999996447 ) ) ;
#3201 = CARTESIAN_POINT ( 'NONE',  ( -6.103866304610268578, 7.602980740173119756, 0.000000000000000000 ) ) ;
#3202 = AXIS2_PLACEMENT_3D ( 'NONE', #2495, #2175, #1559 ) ;
#3203 = CARTESIAN_POINT ( 'NONE',  ( 59.57245272531130809, -9.757595425460108274, 1.000000000000000888 ) ) ;
#3204 = EDGE_CURVE ( 'NONE', #3075, #2291, #3859, .T. ) ;
#3205 = CARTESIAN_POINT ( 'NONE',  ( 64.43874704660399289, -24.00044118004735338, -4.336808689942017736E-16 ) ) ;
#3206 = ORIENTED_EDGE ( 'NONE', *, *, #3913, .T. ) ;
#3207 = ORIENTED_EDGE ( 'NONE', *, *, #1385, .F. ) ;
#3208 = CARTESIAN_POINT ( 'NONE',  ( 52.13731306460476844, -27.25810616982758106, 4.117512628757694415 ) ) ;
#3209 = ADVANCED_FACE ( 'NONE', ( #150 ), #2037, .T. ) ;
#3210 = FACE_OUTER_BOUND ( 'NONE', #1287, .T. ) ;
#3211 = ORIENTED_EDGE ( 'NONE', *, *, #2863, .F. ) ;
#3212 = ORIENTED_EDGE ( 'NONE', *, *, #1440, .F. ) ;
#3213 = CARTESIAN_POINT ( 'NONE',  ( -7.144944486281366913, 7.469635673622618377, 5.000000000000000000 ) ) ;
#3214 = DIRECTION ( 'NONE',  ( -0.9961472278662544255, 0.08769663855802295460, -0.000000000000000000 ) ) ;
#3215 = CARTESIAN_POINT ( 'NONE',  ( 71.05905308046341418, -23.61609506578985318, 5.000000000000000000 ) ) ;
#3216 = CARTESIAN_POINT ( 'NONE',  ( 3.632725682947531176, 9.051930320519248951, 0.3115607588929243943 ) ) ;
#3217 = CARTESIAN_POINT ( 'NONE',  ( 0.000000000000000000, 0.000000000000000000, 5.000000000000000000 ) ) ;
#3218 = EDGE_CURVE ( 'NONE', #2207, #122, #1720, .T. ) ;
#3219 = CARTESIAN_POINT ( 'NONE',  ( 44.92053594132797656, -20.21327974334335309, 6.000000000000000000 ) ) ;
#3220 = DIRECTION ( 'NONE',  ( 0.000000000000000000, 0.000000000000000000, 1.000000000000000000 ) ) ;
#3221 = CARTESIAN_POINT ( 'NONE',  ( 68.23645849816536213, -18.67906600529737915, 1.758371753713585894 ) ) ;
#3222 = ORIENTED_EDGE ( 'NONE', *, *, #1728, .T. ) ;
#3223 = CARTESIAN_POINT ( 'NONE',  ( 50.10199139259513146, -26.24670548151090088, 4.443384309023232781 ) ) ;
#3224 = DIRECTION ( 'NONE',  ( -0.000000000000000000, -0.000000000000000000, -1.000000000000000000 ) ) ;
#3225 = ADVANCED_FACE ( 'NONE', ( #3873 ), #551, .T. ) ;
#3226 = EDGE_CURVE ( 'NONE', #2891, #3464, #1109, .T. ) ;
#3227 = ORIENTED_EDGE ( 'NONE', *, *, #1958, .F. ) ;
#3228 = ORIENTED_EDGE ( 'NONE', *, *, #2425, .T. ) ;
#3229 = DIRECTION ( 'NONE',  ( 1.000000000000000000, 0.000000000000000000, 0.000000000000000000 ) ) ;
#3230 = LINE ( 'NONE', #2003, #3672 ) ;
#3231 = CARTESIAN_POINT ( 'NONE',  ( 41.77517180864411017, -12.45143877154274925, 1.734723475976807094E-15 ) ) ;
#3232 = AXIS2_PLACEMENT_3D ( 'NONE', #3407, #1254, #3431 ) ;
#3233 = DIRECTION ( 'NONE',  ( 0.000000000000000000, 0.000000000000000000, 1.000000000000000000 ) ) ;
#3234 = VECTOR ( 'NONE', #783, 1000.000000000000000 ) ;
#3235 = FACE_BOUND ( 'NONE', #2532, .T. ) ;
#3236 = AXIS2_PLACEMENT_3D ( 'NONE', #2586, #1348, #3502 ) ;
#3237 =( GEOMETRIC_REPRESENTATION_CONTEXT ( 3 ) GLOBAL_UNCERTAINTY_ASSIGNED_CONTEXT ( ( #1754 ) ) GLOBAL_UNIT_ASSIGNED_CONTEXT ( ( #3729, #3709, #2193 ) ) REPRESENTATION_CONTEXT ( 'NONE', 'WORKASPACE' ) );
#3238 = CARTESIAN_POINT ( 'NONE',  ( 58.79258051626931092, -16.35107027125136980, 13.85966689482476077 ) ) ;
#3239 = CARTESIAN_POINT ( 'NONE',  ( -0.2486276049414969658, -9.746912579615365502, 0.8667407101442220485 ) ) ;
#3240 = VECTOR ( 'NONE', #275, 1000.000000000000000 ) ;
#3241 = CARTESIAN_POINT ( 'NONE',  ( 71.00949592136109345, -16.40594174608994393, -4.336808689942017736E-16 ) ) ;
#3242 = ORIENTED_EDGE ( 'NONE', *, *, #493, .F. ) ;
#3243 = FACE_OUTER_BOUND ( 'NONE', #2227, .T. ) ;
#3244 =( BOUNDED_CURVE ( )  B_SPLINE_CURVE ( 3, ( #1274, #1575, #2795, #61 ),
 .UNSPECIFIED., .F., .F. ) 
 B_SPLINE_CURVE_WITH_KNOTS ( ( 4, 4 ),
 ( 3.059053990023091085, 3.141592653589793116 ),
 .UNSPECIFIED. ) 
 CURVE ( )  GEOMETRIC_REPRESENTATION_ITEM ( )  RATIONAL_B_SPLINE_CURVE ( ( 1.000000000000000000, 0.9994323613230973180, 0.9994323613230973180, 1.000000000000000000 ) ) 
 REPRESENTATION_ITEM ( '' )  );
#3245 = ORIENTED_EDGE ( 'NONE', *, *, #223, .F. ) ;
#3246 = ORIENTED_EDGE ( 'NONE', *, *, #2372, .T. ) ;
#3247 = CARTESIAN_POINT ( 'NONE',  ( 42.16886469490000877, -16.15969160545789407, 4.841573033149793481 ) ) ;
#3248 = DIRECTION ( 'NONE',  ( 0.1423148382732818684, 0.9898214418809332393, 0.000000000000000000 ) ) ;
#3249 = EDGE_CURVE ( 'NONE', #928, #1591, #2086, .T. ) ;
#3250 = CARTESIAN_POINT ( 'NONE',  ( 42.53608103338554258, -18.02182976907853273, 4.354996451718222694 ) ) ;
#3251 = CARTESIAN_POINT ( 'NONE',  ( 34.73645030093971542, -12.80354840216096157, 4.251390026101671715 ) ) ;
#3252 = CARTESIAN_POINT ( 'NONE',  ( 0.000000000000000000, 0.000000000000000000, 0.000000000000000000 ) ) ;
#3253 = AXIS2_PLACEMENT_3D ( 'NONE', #1146, #3883, #3579 ) ;
#3254 = AXIS2_PLACEMENT_3D ( 'NONE', #470, #3233, #2867 ) ;
#3255 = CARTESIAN_POINT ( 'NONE',  ( 76.25560927496999852, -2.999467908197606114, 5.000000000000000000 ) ) ;
#3256 = DIRECTION ( 'NONE',  ( -0.6548607339452887643, 0.7557495743542551603, 0.000000000000000000 ) ) ;
#3257 = DIRECTION ( 'NONE',  ( 0.1423148382732818684, 0.9898214418809332393, 0.000000000000000000 ) ) ;
#3258 = ORIENTED_EDGE ( 'NONE', *, *, #3006, .T. ) ;
#3259 = AXIS2_PLACEMENT_3D ( 'NONE', #105, #3067, #379 ) ;
#3260 = CARTESIAN_POINT ( 'NONE',  ( 55.68357725894715315, -28.26807470770453889, 4.742934506706198761 ) ) ;
#3261 = ORIENTED_EDGE ( 'NONE', *, *, #993, .T. ) ;
#3262 = ORIENTED_EDGE ( 'NONE', *, *, #2219, .F. ) ;
#3263 = LINE ( 'NONE', #532, #3240 ) ;
#3264 = CARTESIAN_POINT ( 'NONE',  ( 58.74758949093612159, -16.86212389772379794, 15.26920582600362053 ) ) ;
#3265 =( BOUNDED_CURVE ( )  B_SPLINE_CURVE ( 3, ( #3123, #2836, #2317, #2078 ),
 .UNSPECIFIED., .F., .F. ) 
 B_SPLINE_CURVE_WITH_KNOTS ( ( 4, 4 ),
 ( 0.08253866356670273852, 2.075499755192380391 ),
 .UNSPECIFIED. ) 
 CURVE ( )  GEOMETRIC_REPRESENTATION_ITEM ( )  RATIONAL_B_SPLINE_CURVE ( ( 1.000000000000000000, 0.6955069813971690440, 0.6955069813971690440, 1.000000000000000000 ) ) 
 REPRESENTATION_ITEM ( '' )  );
#3266 = EDGE_CURVE ( 'NONE', #441, #793, #3104, .T. ) ;
#3267 = CARTESIAN_POINT ( 'NONE',  ( 42.50694654508127712, -17.88835976435477804, 4.428686481804031239 ) ) ;
#3268 = CARTESIAN_POINT ( 'NONE',  ( 34.56032469762597970, -12.81644585967324623, 4.099037584697985181 ) ) ;
#3269 = DIRECTION ( 'NONE',  ( 1.000000000000000000, 0.000000000000000000, 0.000000000000000000 ) ) ;
#3270 = LINE ( 'NONE', #859, #624 ) ;
#3271 = FACE_OUTER_BOUND ( 'NONE', #392, .T. ) ;
#3272 = CYLINDRICAL_SURFACE ( 'NONE', #391, 3.762221576582362115 ) ;
#3273 = CARTESIAN_POINT ( 'NONE',  ( 65.37339809508318922, 0.5209104682825642652, 5.678463843773302600 ) ) ;
#3274 = VERTEX_POINT ( 'NONE', #499 ) ;
#3275 = CARTESIAN_POINT ( 'NONE',  ( 63.46563334594618055, -28.35807203807359755, 4.437867000577025323 ) ) ;
#3276 = ORIENTED_EDGE ( 'NONE', *, *, #1295, .T. ) ;
#3277 = CARTESIAN_POINT ( 'NONE',  ( 40.09191293037718395, -13.30711936845504262, 4.000000000000001776 ) ) ;
#3278 = DIRECTION ( 'NONE',  ( 0.9594929736144971466, 0.2817325568414302261, 0.000000000000000000 ) ) ;
#3279 = CARTESIAN_POINT ( 'NONE',  ( 45.18654528525175351, -20.69573964950381040, 5.000000000000062172 ) ) ;
#3280 = LINE ( 'NONE', #3647, #2789 ) ;
#3281 = CARTESIAN_POINT ( 'NONE',  ( -4.751084474448957096, 9.180026422911224060, 5.000000000000000000 ) ) ;
#3282 = DIRECTION ( 'NONE',  ( -0.000000000000000000, -0.000000000000000000, -1.000000000000000000 ) ) ;
#3283 = ADVANCED_FACE ( 'NONE', ( #2279 ), #443, .T. ) ;
#3284 = CARTESIAN_POINT ( 'NONE',  ( -5.025630336801854448, 9.032647924419228147, 0.000000000000000000 ) ) ;
#3285 = DIRECTION ( 'NONE',  ( -0.000000000000000000, -0.000000000000000000, -1.000000000000000000 ) ) ;
#3286 = CARTESIAN_POINT ( 'NONE',  ( 0.000000000000000000, 0.000000000000000000, 4.000000000000000000 ) ) ;
#3287 = CIRCLE ( 'NONE', #1461, 3.762221576582364335 ) ;
#3288 = CARTESIAN_POINT ( 'NONE',  ( -6.028027512761525486, 10.37607268215629475, 5.000000000000000000 ) ) ;
#3289 = CARTESIAN_POINT ( 'NONE',  ( 73.13466530058997250, -16.82272580669923912, 6.045889414259525196 ) ) ;
#3290 = CARTESIAN_POINT ( 'NONE',  ( -2.277266001350169322, 10.08264590114086801, 5.000000000000000000 ) ) ;
#3291 = ORIENTED_EDGE ( 'NONE', *, *, #764, .T. ) ;
#3292 = CIRCLE ( 'NONE', #2293, 3.762221576582363003 ) ;
#3293 = CARTESIAN_POINT ( 'NONE',  ( 64.55753835069245383, -28.10745710187772417, 4.443098738073793186 ) ) ;
#3294 = EDGE_CURVE ( 'NONE', #1996, #1865, #3615, .T. ) ;
#3295 = VECTOR ( 'NONE', #1859, 1000.000000000000000 ) ;
#3296 = ORIENTED_EDGE ( 'NONE', *, *, #144, .F. ) ;
#3297 = DIRECTION ( 'NONE',  ( 0.02999401688879441835, 0.3407024176482846833, -0.9396926207859082059 ) ) ;
#3298 = CARTESIAN_POINT ( 'NONE',  ( 37.35980999816162296, -12.63492851160979846, 0.1779295024253265689 ) ) ;
#3299 = AXIS2_PLACEMENT_3D ( 'NONE', #408, #619, #1263 ) ;
#3300 = AXIS2_PLACEMENT_3D ( 'NONE', #3580, #2362, #1469 ) ;
#3301 = CARTESIAN_POINT ( 'NONE',  ( 65.52441781157622813, -26.83202032909105483, 5.206718242458618029 ) ) ;
#3302 = DIRECTION ( 'NONE',  ( 1.000000000000000000, 0.000000000000000000, 0.000000000000000000 ) ) ;
#3303 = CARTESIAN_POINT ( 'NONE',  ( 35.43982792944640892, -12.75402174312872816, 4.515307783130036334 ) ) ;
#3304 = AXIS2_PLACEMENT_3D ( 'NONE', #3179, #155, #2283 ) ;
#3305 = DIRECTION ( 'NONE',  ( -0.000000000000000000, 0.000000000000000000, 1.000000000000000000 ) ) ;
#3306 = CARTESIAN_POINT ( 'NONE',  ( 51.52304012559774549, -26.79888768690247858, 4.700043675611881966 ) ) ;
#3307 = CIRCLE ( 'NONE', #2364, 1.000000000000000000 ) ;
#3308 = CARTESIAN_POINT ( 'NONE',  ( 70.27280939620115419, -23.02756378597455011, 6.188286488194689738 ) ) ;
#3309 = DIRECTION ( 'NONE',  ( 0.9995500782606516754, -0.01022363390414424145, 0.02819784316076882902 ) ) ;
#3310 = CARTESIAN_POINT ( 'NONE',  ( 60.39824720067136354, 1.887717929120476867, 5.657979856674330676 ) ) ;
#3311 = CARTESIAN_POINT ( 'NONE',  ( 42.49203467873487483, -17.81987728081636391, 0.5356778467302009128 ) ) ;
#3312 = VERTEX_POINT ( 'NONE', #2585 ) ;
#3313 = EDGE_CURVE ( 'NONE', #928, #3078, #762, .T. ) ;
#3314 = CIRCLE ( 'NONE', #2176, 12.00000000000000533 ) ;
#3315 = DIRECTION ( 'NONE',  ( -0.000000000000000000, -0.000000000000000000, -1.000000000000000000 ) ) ;
#3316 = AXIS2_PLACEMENT_3D ( 'NONE', #655, #3342, #2453 ) ;
#3317 = ADVANCED_FACE ( 'NONE', ( #1693 ), #169, .T. ) ;
#3318 = ORIENTED_EDGE ( 'NONE', *, *, #2031, .T. ) ;
#3319 = CARTESIAN_POINT ( 'NONE',  ( 39.56150205263610786, -12.52772215098199915, 4.962826419315522486 ) ) ;
#3320 = DIRECTION ( 'NONE',  ( 0.000000000000000000, 0.000000000000000000, 1.000000000000000000 ) ) ;
#3321 = CARTESIAN_POINT ( 'NONE',  ( 48.24098021989141216, -24.46846350968129613, 4.847903165404662040 ) ) ;
#3322 = LINE ( 'NONE', #1539, #2539 ) ;
#3323 = CARTESIAN_POINT ( 'NONE',  ( 34.79999734632007602, -12.79894401267130100, 4.287233133137314134 ) ) ;
#3324 = CARTESIAN_POINT ( 'NONE',  ( 38.21684473411887240, -12.58952437237558364, 0.1067734666082631317 ) ) ;
#3325 = CARTESIAN_POINT ( 'NONE',  ( 60.82686301368174497, -28.60139313326559929, 4.698587312460317023 ) ) ;
#3326 = CARTESIAN_POINT ( 'NONE',  ( -0.9662303906370903750, -10.29135985382434448, 0.000000000000000000 ) ) ;
#3327 = CARTESIAN_POINT ( 'NONE',  ( -9.111247433184743727, 4.881686083719696256, 0.000000000000000000 ) ) ;
#3328 = CARTESIAN_POINT ( 'NONE',  ( 71.98149190550246601, -4.336144482007073364, 5.000000000000000000 ) ) ;
#3329 = CYLINDRICAL_SURFACE ( 'NONE', #614, 10.00000000000000178 ) ;
#3330 = ORIENTED_EDGE ( 'NONE', *, *, #3019, .F. ) ;
#3331 = EDGE_CURVE ( 'NONE', #2654, #99, #3346, .T. ) ;
#3332 = CARTESIAN_POINT ( 'NONE',  ( 59.15396132305617272, 2.940586702249139872, 5.000000000000000000 ) ) ;
#3333 = ORIENTED_EDGE ( 'NONE', *, *, #1362, .T. ) ;
#3334 = EDGE_CURVE ( 'NONE', #2236, #885, #3230, .T. ) ;
#3335 = ORIENTED_EDGE ( 'NONE', *, *, #1419, .F. ) ;
#3336 = EDGE_CURVE ( 'NONE', #216, #2724, #934, .T. ) ;
#3337 = CARTESIAN_POINT ( 'NONE',  ( 34.65716525028297923, -12.80932329638822864, 4.201660314596065149 ) ) ;
#3338 = PLANE ( 'NONE',  #430 ) ;
#3339 = ADVANCED_FACE ( 'NONE', ( #1412 ), #799, .T. ) ;
#3340 = CARTESIAN_POINT ( 'NONE',  ( 79.77744542865971766, -11.96882812215197944, 5.000000000000000000 ) ) ;
#3341 = CARTESIAN_POINT ( 'NONE',  ( 2.666714883688016791, 9.378358300163673889, 4.231119012204064056 ) ) ;
#3342 = DIRECTION ( 'NONE',  ( 0.000000000000000000, 0.000000000000000000, 1.000000000000000000 ) ) ;
#3343 = CARTESIAN_POINT ( 'NONE',  ( 38.22481250804646180, -12.58912375654980842, 0.1062214945620097301 ) ) ;
#3344 = CARTESIAN_POINT ( 'NONE',  ( 50.25555074229272634, -26.05001912281325360, 4.715516988291049927 ) ) ;
#3345 = FACE_OUTER_BOUND ( 'NONE', #1949, .T. ) ;
#3346 = CIRCLE ( 'NONE', #3740, 3.762221576582362559 ) ;
#3347 = DIRECTION ( 'NONE',  ( -0.000000000000000000, 0.000000000000000000, 1.000000000000000000 ) ) ;
#3348 = CARTESIAN_POINT ( 'NONE',  ( 70.26481771519938491, -2.051116941588399634, 5.000000000000000000 ) ) ;
#3349 = CARTESIAN_POINT ( 'NONE',  ( 42.53451598251180599, -18.01463257214911451, 0.6401184866444653565 ) ) ;
#3350 = VERTEX_POINT ( 'NONE', #23 ) ;
#3351 = CARTESIAN_POINT ( 'NONE',  ( 0.000000000000000000, 0.000000000000000000, 0.000000000000000000 ) ) ;
#3352 = ORIENTED_EDGE ( 'NONE', *, *, #2109, .T. ) ;
#3353 = AXIS2_PLACEMENT_3D ( 'NONE', #1105, #1408, #2878 ) ;
#3354 = VECTOR ( 'NONE', #1983, 1000.000000000000000 ) ;
#3355 = CIRCLE ( 'NONE', #3748, 18.00000000000000355 ) ;
#3356 = ORIENTED_EDGE ( 'NONE', *, *, #1790, .T. ) ;
#3357 = ORIENTED_EDGE ( 'NONE', *, *, #1320, .T. ) ;
#3358 = VECTOR ( 'NONE', #1955, 1000.000000000000000 ) ;
#3360 = CARTESIAN_POINT ( 'NONE',  ( 42.59568168528949172, -18.28925675574487997, 1.000000000000001110 ) ) ;
#3359 = COORDINATED_UNIVERSAL_TIME_OFFSET ( 8, 0, .AHEAD. ) ;
#3361 = DIRECTION ( 'NONE',  ( -0.000000000000000000, -0.000000000000000000, -1.000000000000000000 ) ) ;
#3362 = EDGE_CURVE ( 'NONE', #1491, #216, #2023, .T. ) ;
#3363 = CIRCLE ( 'NONE', #444, 14.39999999999999680 ) ;
#3364 = CARTESIAN_POINT ( 'NONE',  ( 62.17257513446597983, -28.27778208550835615, 5.596348841363639970 ) ) ;
#3365 = CARTESIAN_POINT ( 'NONE',  ( 54.62652127740241070, -27.96866200175831807, 5.486570873843326090 ) ) ;
#3366 = DIRECTION ( 'NONE',  ( 1.000000000000000000, 0.000000000000000000, 0.000000000000000000 ) ) ;
#3367 =( BOUNDED_SURFACE ( )  B_SPLINE_SURFACE ( 3, 2, ( 
 ( #3007, #895, #2117 ),
 ( #3321, #914, #935 ),
 ( #2374, #3666, #258 ),
 ( #608, #1835, #548 ),
 ( #2, #293, #2153 ),
 ( #3894, #1482, #3044 ),
 ( #3279, #1499, #2451 ),
 ( #1462, #2092, #873 ) ),
 .UNSPECIFIED., .F., .F., .F. ) 
 B_SPLINE_SURFACE_WITH_KNOTS ( ( 4, 2, 2, 4 ),
 ( 3, 3 ),
 ( -6.938893903907228378E-18, 0.003338493552404107369, 0.005007740328606164956, 0.006676987104808221676 ),
 ( 0.000000000000000000, 1.000000000000000000 ),
 .UNSPECIFIED. ) 
 GEOMETRIC_REPRESENTATION_ITEM ( )  RATIONAL_B_SPLINE_SURFACE ( (
 ( 1.000000000000000000, 0.8254802894267961877, 1.000000000000000000),
 ( 1.000000000000000000, 0.8036989955777124051, 1.000000000000000000),
 ( 1.000000000000000000, 0.7785122863377187397, 1.000000000000000000),
 ( 1.000000000000000000, 0.7340214568763215874, 1.000000000000000000),
 ( 1.000000000000000000, 0.7180184621535832257, 1.000000000000000000),
 ( 1.000000000000000000, 0.6838602645298370586, 1.000000000000000000),
 ( 1.000000000000000000, 0.6656461734461379676, 1.000000000000000000),
 ( 1.000000000000000000, 0.6459941521294583211, 1.000000000000000000) ) ) 
 REPRESENTATION_ITEM ( '' )  SURFACE ( )  );
#3368 = CC_DESIGN_DATE_AND_TIME_ASSIGNMENT ( #311, #2149, ( #2406 ) ) ;
#3369 = CARTESIAN_POINT ( 'NONE',  ( 34.53750541822680731, -12.81813254565328286, 1.000000000000000444 ) ) ;
#3370 = ADVANCED_FACE ( 'NONE', ( #3602 ), #2027, .F. ) ;
#3371 = CARTESIAN_POINT ( 'NONE',  ( 58.72341251005683915, 1.524639578281735908, -4.336808689942017736E-16 ) ) ;
#3372 = CARTESIAN_POINT ( 'NONE',  ( -7.576987870392881241, -9.305334750126894150, 5.000000000000000000 ) ) ;
#3373 = CARTESIAN_POINT ( 'NONE',  ( 58.74758949093612870, -28.98961512781018612, 10.87216631467582850 ) ) ;
#3374 = CARTESIAN_POINT ( 'NONE',  ( 41.93263458921222053, -14.51512975066025746, 4.962826419315558013 ) ) ;
#3375 = AXIS2_PLACEMENT_3D ( 'NONE', #3921, #1185, #3611 ) ;
#3376 = CYLINDRICAL_SURFACE ( 'NONE', #300, 3.762221576582363003 ) ;
#3377 = CARTESIAN_POINT ( 'NONE',  ( 67.75271067163350835, -25.64258714818396356, 6.085161497004084374 ) ) ;
#3378 = CARTESIAN_POINT ( 'NONE',  ( 53.89766326450515521, 1.943452144947277693, 5.000000000000000000 ) ) ;
#3379 = VERTEX_POINT ( 'NONE', #3645 ) ;
#3380 = DIRECTION ( 'NONE',  ( -0.000000000000000000, -0.000000000000000000, -1.000000000000000000 ) ) ;
#3381 = CIRCLE ( 'NONE', #262, 3.762221576582363891 ) ;
#3382 = ORIENTED_EDGE ( 'NONE', *, *, #1812, .F. ) ;
#3383 = VECTOR ( 'NONE', #1447, 1000.000000000000000 ) ;
#3384 = ORIENTED_EDGE ( 'NONE', *, *, #1500, .T. ) ;
#3385 = DATE_AND_TIME ( #3782, #818 ) ;
#3386 = DIRECTION ( 'NONE',  ( -0.000000000000000000, -0.000000000000000000, -1.000000000000000000 ) ) ;
#3387 = CIRCLE ( 'NONE', #3064, 3.762221576582363891 ) ;
#3388 = CARTESIAN_POINT ( 'NONE',  ( 51.47449445005798907, -26.29503184747692757, 5.134031694978979488 ) ) ;
#3389 = FACE_OUTER_BOUND ( 'NONE', #1719, .T. ) ;
#3390 = CARTESIAN_POINT ( 'NONE',  ( 34.53750541822682862, -12.81813254565328641, 0.9014474000054240044 ) ) ;
#3391 = CARTESIAN_POINT ( 'NONE',  ( 47.36468068793375608, -7.333760868842079006, -4.336808689942017736E-16 ) ) ;
#3392 = DIRECTION ( 'NONE',  ( -0.000000000000000000, -0.000000000000000000, -1.000000000000000000 ) ) ;
#3393 = CARTESIAN_POINT ( 'NONE',  ( 0.5386289757454962857, 11.98790552292131650, 5.000000000000000000 ) ) ;
#3394 = CARTESIAN_POINT ( 'NONE',  ( 61.76005495117312449, -28.37226783509878913, 5.572836235251076076 ) ) ;
#3395 = DIRECTION ( 'NONE',  ( -1.000000000000000000, 0.000000000000000000, 0.000000000000000000 ) ) ;
#3396 = CARTESIAN_POINT ( 'NONE',  ( -9.680416949197244492, 1.162767255169660618, 5.000000000000000000 ) ) ;
#3397 = B_SPLINE_CURVE_WITH_KNOTS ( 'NONE', 3,
 ( #2845, #342, #1898, #2458, #3394, #661, #47, #2244 ),
 .UNSPECIFIED., .F., .F.,
 ( 4, 2, 2, 4 ),
 ( 0.01042330798083005924, 0.01215174702580164474, 0.01388018607077323024, 0.01733706416071642206 ),
 .UNSPECIFIED. ) ;
#3398 = EDGE_CURVE ( 'NONE', #3165, #481, #2145, .T. ) ;
#3399 = CARTESIAN_POINT ( 'NONE',  ( 55.44396558230943839, 1.460819850726607250, 5.677013500887560404 ) ) ;
#3400 = VERTEX_POINT ( 'NONE', #533 ) ;
#3401 = DIRECTION ( 'NONE',  ( 0.9268420305365955292, 0.3754515287368008214, 0.000000000000000000 ) ) ;
#3402 = ORIENTED_EDGE ( 'NONE', *, *, #586, .T. ) ;
#3403 = EDGE_LOOP ( 'NONE', ( #1058, #1042, #3262 ) ) ;
#3404 = PERSON_AND_ORGANIZATION ( #1984, #758 ) ;
#3405 = CARTESIAN_POINT ( 'NONE',  ( 42.37518785502845731, -17.26111340254946924, 0.3516153356420036458 ) ) ;
#3406 = CARTESIAN_POINT ( 'NONE',  ( 50.57365557393244870, -25.68746491213170202, 5.157503667661633706 ) ) ;
#3407 = CARTESIAN_POINT ( 'NONE',  ( 0.000000000000000000, 0.000000000000000000, 5.000000000000000000 ) ) ;
#3408 = DIRECTION ( 'NONE',  ( -0.000000000000000000, 0.000000000000000000, 1.000000000000000000 ) ) ;
#3409 = CARTESIAN_POINT ( 'NONE',  ( 38.57634586459806769, -14.03011762955193831, 4.000000000000003553 ) ) ;
#3410 = CYLINDRICAL_SURFACE ( 'NONE', #686, 3.762221576582363003 ) ;
#3411 = CYLINDRICAL_SURFACE ( 'NONE', #1974, 3.762221576582363003 ) ;
#3412 = CARTESIAN_POINT ( 'NONE',  ( 40.84477612270190150, -12.47952352408824694, 0.005756942151447798882 ) ) ;
#3413 = CARTESIAN_POINT ( 'NONE',  ( 59.57245272531130809, -9.757595425460108274, 1.000000000000000888 ) ) ;
#3414 = CARTESIAN_POINT ( 'NONE',  ( 65.55606884528431522, -27.04111094730346210, 5.863188980868609512 ) ) ;
#3415 = EDGE_CURVE ( 'NONE', #1639, #2556, #3933, .T. ) ;
#3416 = CARTESIAN_POINT ( 'NONE',  ( 71.60922114508807113, -20.68499452117181647, 4.999999999999356071 ) ) ;
#3417 = CARTESIAN_POINT ( 'NONE',  ( 45.15059980514640614, -9.379111756792388732, 5.936060833081707955 ) ) ;
#3418 = ORIENTED_EDGE ( 'NONE', *, *, #854, .T. ) ;
#3419 = CARTESIAN_POINT ( 'NONE',  ( 0.000000000000000000, 0.000000000000000000, 5.000000000000000000 ) ) ;
#3420 = ORIENTED_EDGE ( 'NONE', *, *, #723, .T. ) ;
#3421 = ADVANCED_FACE ( 'NONE', ( #2373 ), #3338, .T. ) ;
#3422 = ORIENTED_EDGE ( 'NONE', *, *, #1992, .F. ) ;
#3423 = AXIS2_PLACEMENT_3D ( 'NONE', #1689, #795, #164 ) ;
#3424 = AXIS2_PLACEMENT_3D ( 'NONE', #2549, #3765, #1356 ) ;
#3425 = CARTESIAN_POINT ( 'NONE',  ( 0.000000000000000000, 0.000000000000000000, 0.000000000000000000 ) ) ;
#3426 = PRODUCT_DEFINITION_FORMATION_WITH_SPECIFIED_SOURCE ( '任何', '', #850, .NOT_KNOWN. ) ;
#3427 = TOROIDAL_SURFACE ( 'NONE', #1139, 18.00000000000000355, 1.000000000000000000 ) ;
#3428 = ORIENTED_EDGE ( 'NONE', *, *, #3098, .F. ) ;
#3429 = ORIENTED_EDGE ( 'NONE', *, *, #3294, .T. ) ;
#3430 = CARTESIAN_POINT ( 'NONE',  ( 60.74667881456357321, -28.53963248864084434, 5.523990962445138209 ) ) ;
#3431 = DIRECTION ( 'NONE',  ( 1.000000000000000000, 0.000000000000000000, 0.000000000000000000 ) ) ;
#3432 = CARTESIAN_POINT ( 'NONE',  ( 68.17199555574339342, -26.03801260834424980, 4.916303452185949219 ) ) ;
#3433 = AXIS2_PLACEMENT_3D ( 'NONE', #1420, #2944, #211 ) ;
#3434 = DIRECTION ( 'NONE',  ( 0.02999401688879442182, 0.3407024176482847388, -0.9396926207859082059 ) ) ;
#3435 = DIRECTION ( 'NONE',  ( -0.1423148382732887240, 0.9898214418809322401, 0.000000000000000000 ) ) ;
#3436 = CARTESIAN_POINT ( 'NONE',  ( -5.079080831267309470, -8.322586010937529366, 5.000000000000000000 ) ) ;
#3437 = CARTESIAN_POINT ( 'NONE',  ( 41.77517180864411017, -12.45143877154274925, 0.000000000000000000 ) ) ;
#3438 = DIRECTION ( 'NONE',  ( 0.02999401688879441835, 0.3407024176482846833, -0.9396926207859082059 ) ) ;
#3439 = CARTESIAN_POINT ( 'NONE',  ( 41.82050291574910972, -13.31981160773122497, 0.005267122384388655404 ) ) ;
#3440 = CARTESIAN_POINT ( 'NONE',  ( -2.860572556533148347, 11.65406043612308551, 0.000000000000000000 ) ) ;
#3441 = CARTESIAN_POINT ( 'NONE',  ( 44.01447659698017389, -17.55318547294201537, 5.000000000000000000 ) ) ;
#3442 = ORIENTED_EDGE ( 'NONE', *, *, #2489, .T. ) ;
#3443 = CIRCLE ( 'NONE', #511, 3.500000000000000000 ) ;
#3444 = CARTESIAN_POINT ( 'NONE',  ( 0.000000000000000000, 0.000000000000000000, 5.000000000000000000 ) ) ;
#3445 = ORIENTED_EDGE ( 'NONE', *, *, #1019, .T. ) ;
#3446 = CARTESIAN_POINT ( 'NONE',  ( 48.86736099090601471, -25.45476112369898658, 4.503229654387479464 ) ) ;
#3447 = ORIENTED_EDGE ( 'NONE', *, *, #1525, .F. ) ;
#3448 = EDGE_LOOP ( 'NONE', ( #1829, #287 ) ) ;
#3449 = CIRCLE ( 'NONE', #2108, 3.762221576582363891 ) ;
#3450 = CARTESIAN_POINT ( 'NONE',  ( 40.53108560676141536, -13.72997381426378105, 0.5465975625208601141 ) ) ;
#3451 = CC_DESIGN_PERSON_AND_ORGANIZATION_ASSIGNMENT ( #1317, #2537, ( #850 ) ) ;
#3452 = CIRCLE ( 'NONE', #518, 9.750000000000000000 ) ;
#3453 = EDGE_LOOP ( 'NONE', ( #2728, #2984, #477, #2577, #3553 ) ) ;
#3454 = ORIENTED_EDGE ( 'NONE', *, *, #1904, .T. ) ;
#3455 = CARTESIAN_POINT ( 'NONE',  ( 58.60895683751808605, -28.66255049325540938, 4.712748148506643808 ) ) ;
#3456 = CARTESIAN_POINT ( 'NONE',  ( 41.17168499621860889, -13.83048125773555981, 4.806724168564494803 ) ) ;
#3457 = CARTESIAN_POINT ( 'NONE',  ( 0.000000000000000000, 0.000000000000000000, 0.000000000000000000 ) ) ;
#3458 = CIRCLE ( 'NONE', #1259, 1.650000000000000133 ) ;
#3459 = CYLINDRICAL_SURFACE ( 'NONE', #2297, 9.750000000000000000 ) ;
#3460 = CARTESIAN_POINT ( 'NONE',  ( 55.30315139134598468, -23.15587408242208411, 1.999677411677003747 ) ) ;
#3461 = CARTESIAN_POINT ( 'NONE',  ( 0.000000000000000000, 0.000000000000000000, 0.000000000000000000 ) ) ;
#3462 = DIRECTION ( 'NONE',  ( 0.02999401688879442182, 0.3407024176482847388, -0.9396926207859082059 ) ) ;
#3463 = DIRECTION ( 'NONE',  ( 0.000000000000000000, -0.000000000000000000, -1.000000000000000000 ) ) ;
#3464 = VERTEX_POINT ( 'NONE', #870 ) ;
#3465 = DIRECTION ( 'NONE',  ( 1.000000000000000000, 0.000000000000000000, 0.000000000000000000 ) ) ;
#3466 = DIRECTION ( 'NONE',  ( 0.000000000000000000, 0.000000000000000000, -1.000000000000000000 ) ) ;
#3467 = ORIENTED_EDGE ( 'NONE', *, *, #965, .F. ) ;
#3468 = DIRECTION ( 'NONE',  ( -6.308085367188397144E-16, 0.9401155992315030074, 0.3408557760719219121 ) ) ;
#3469 = EDGE_LOOP ( 'NONE', ( #1789, #3082, #1690, #3467 ) ) ;
#3470 = EDGE_LOOP ( 'NONE', ( #542, #2299, #17, #3794 ) ) ;
#3471 = CARTESIAN_POINT ( 'NONE',  ( 49.48188801642197632, -25.87385386361686201, 4.000000001359032886 ) ) ;
#3472 = DIRECTION ( 'NONE',  ( 0.9421928113472133326, 0.3350711957862606560, 0.000000000000000000 ) ) ;
#3473 = EDGE_CURVE ( 'NONE', #2838, #217, #2986, .T. ) ;
#3474 = ADVANCED_FACE ( 'NONE', ( #2694 ), #2874, .F. ) ;
#3475 = ORIENTED_EDGE ( 'NONE', *, *, #1567, .F. ) ;
#3476 = ORIENTED_EDGE ( 'NONE', *, *, #296, .T. ) ;
#3477 = DIRECTION ( 'NONE',  ( -0.000000000000000000, 0.000000000000000000, 1.000000000000000000 ) ) ;
#3478 = DIRECTION ( 'NONE',  ( -0.000000000000000000, 0.000000000000000000, 1.000000000000000000 ) ) ;
#3479 = EDGE_CURVE ( 'NONE', #1510, #775, #627, .T. ) ;
#3480 = DIRECTION ( 'NONE',  ( -0.6548607339452821030, 0.7557495743542608224, 0.000000000000000000 ) ) ;
#3481 = FACE_OUTER_BOUND ( 'NONE', #3581, .T. ) ;
#3482 = CARTESIAN_POINT ( 'NONE',  ( 58.79258051626931092, -6.009798679704849711, 17.60908043161589376 ) ) ;
#3483 = DIRECTION ( 'NONE',  ( 0.000000000000000000, 0.000000000000000000, -1.000000000000000000 ) ) ;
#3484 = ORIENTED_EDGE ( 'NONE', *, *, #2670, .F. ) ;
#3485 = CARTESIAN_POINT ( 'NONE',  ( 0.000000000000000000, 0.000000000000000000, 5.000000000000000000 ) ) ;
#3486 = DIRECTION ( 'NONE',  ( 0.08769663855802407870, 0.9961472278662543145, 0.000000000000000000 ) ) ;
#3487 = ORIENTED_EDGE ( 'NONE', *, *, #1911, .F. ) ;
#3488 = CARTESIAN_POINT ( 'NONE',  ( 61.74605401881691336, 0.2041652845194947552, -4.336808689942016750E-16 ) ) ;
#3489 = ORIENTED_EDGE ( 'NONE', *, *, #2499, .F. ) ;
#3490 = ORIENTED_EDGE ( 'NONE', *, *, #959, .F. ) ;
#3491 = CARTESIAN_POINT ( 'NONE',  ( 65.23242023979747728, -27.91046998661703071, 4.000000000000004441 ) ) ;
#3492 = CARTESIAN_POINT ( 'NONE',  ( 2.528598933626912793, 9.416405228794097582, 3.999999999999996447 ) ) ;
#3493 = EDGE_CURVE ( 'NONE', #3807, #2028, #999, .T. ) ;
#3494 = VERTEX_POINT ( 'NONE', #3749 ) ;
#3495 = ORIENTED_EDGE ( 'NONE', *, *, #1904, .F. ) ;
#3496 = CARTESIAN_POINT ( 'NONE',  ( 40.29893047990920962, -12.49834702026114286, 4.985403291290417371 ) ) ;
#3497 = CARTESIAN_POINT ( 'NONE',  ( 0.000000000000000000, 0.000000000000000000, 5.000000000000000000 ) ) ;
#3498 = CIRCLE ( 'NONE', #2083, 0.9999999999999977796 ) ;
#3499 = APPROVAL ( #1573, '未指定' ) ;
#3500 = CIRCLE ( 'NONE', #1772, 3.762221576582364335 ) ;
#3501 = ADVANCED_FACE ( 'NONE', ( #2209 ), #59, .T. ) ;
#3502 = DIRECTION ( 'NONE',  ( -1.000000000000000000, 0.000000000000000000, 0.000000000000000000 ) ) ;
#3503 = LOCAL_TIME ( 15, 58, 26.00000000000000000, #1830 ) ;
#3504 = CARTESIAN_POINT ( 'NONE',  ( 42.05789463490366842, -15.46340297300233502, 4.907867633870664825 ) ) ;
#3505 = VECTOR ( 'NONE', #3297, 999.9999999999998863 ) ;
#3506 = EDGE_CURVE ( 'NONE', #156, #2064, #3265, .T. ) ;
#3507 = CARTESIAN_POINT ( 'NONE',  ( 0.000000000000000000, 0.000000000000000000, 5.000000000000000000 ) ) ;
#3508 = CARTESIAN_POINT ( 'NONE',  ( 46.08069715060570815, -22.04277382227953197, 4.972784731567070793 ) ) ;
#3509 = EDGE_CURVE ( 'NONE', #833, #813, #2543, .T. ) ;
#3510 = CARTESIAN_POINT ( 'NONE',  ( 68.70330074716285651, 2.586793383967433968, 0.000000000000000000 ) ) ;
#3511 = CARTESIAN_POINT ( 'NONE',  ( -4.728451967219454488, -10.29135985382434448, 0.000000000000000000 ) ) ;
#3512 = CARTESIAN_POINT ( 'NONE',  ( 69.93663160916062793, -14.41474964458623376, 3.857868118850164003E-13 ) ) ;
#3513 = TOROIDAL_SURFACE ( 'NONE', #2618, 12.49999999999998757, 1.500000000000000000 ) ;
#3514 = ORIENTED_EDGE ( 'NONE', *, *, #2499, .T. ) ;
#3515 = ORIENTED_EDGE ( 'NONE', *, *, #887, .T. ) ;
#3516 = AXIS2_PLACEMENT_3D ( 'NONE', #3808, #1073, #1699 ) ;
#3517 = CARTESIAN_POINT ( 'NONE',  ( 60.84214478885178323, -28.72973291018907105, 4.204172022780542584 ) ) ;
#3518 = LINE ( 'NONE', #1999, #53 ) ;
#3519 = VERTEX_POINT ( 'NONE', #3855 ) ;
#3520 = VERTEX_POINT ( 'NONE', #494 ) ;
#3521 = CARTESIAN_POINT ( 'NONE',  ( 41.77517180864411017, -12.45143877154274925, 5.000000000000000000 ) ) ;
#3522 = DIRECTION ( 'NONE',  ( -0.8412535328311840921, 0.5406408174555930035, 0.000000000000000000 ) ) ;
#3523 = ADVANCED_FACE ( 'NONE', ( #3210 ), #2705, .T. ) ;
#3524 = AXIS2_PLACEMENT_3D ( 'NONE', #2270, #752, #3184 ) ;
#3525 = CIRCLE ( 'NONE', #2366, 12.00000000000000355 ) ;
#3526 = CARTESIAN_POINT ( 'NONE',  ( 49.08658852939833395, -25.13330185154058682, 4.791705752511547622 ) ) ;
#3527 = CARTESIAN_POINT ( 'NONE',  ( 3.382943540494362633, 9.147920937832575206, 0.3973036123960684285 ) ) ;
#3528 = FACE_OUTER_BOUND ( 'NONE', #2352, .T. ) ;
#3529 = CARTESIAN_POINT ( 'NONE',  ( -9.245380815148957154, 3.096035139153880067, 0.000000000000000000 ) ) ;
#3530 = FACE_OUTER_BOUND ( 'NONE', #425, .T. ) ;
#3531 = EDGE_CURVE ( 'NONE', #1637, #2188, #611, .T. ) ;
#3532 = CARTESIAN_POINT ( 'NONE',  ( 61.03941884101323012, -23.66087109404055866, 1.999677411677477368 ) ) ;
#3533 = ORIENTED_EDGE ( 'NONE', *, *, #500, .T. ) ;
#3534 = ORIENTED_EDGE ( 'NONE', *, *, #1784, .T. ) ;
#3535 = EDGE_CURVE ( 'NONE', #231, #1682, #1966, .T. ) ;
#3536 = DIRECTION ( 'NONE',  ( -0.4154150130018902098, 0.9096319953545166648, 0.000000000000000000 ) ) ;
#3537 = CARTESIAN_POINT ( 'NONE',  ( -4.380276841034158153, -8.710664429071977466, 5.000000000000000000 ) ) ;
#3538 =( BOUNDED_CURVE ( )  B_SPLINE_CURVE ( 3, ( #2731, #2752, #22, #2050 ),
 .UNSPECIFIED., .F., .F. ) 
 B_SPLINE_CURVE_WITH_KNOTS ( ( 4, 4 ),
 ( 3.141592653589793116, 6.283185307179586232 ),
 .UNSPECIFIED. ) 
 CURVE ( )  GEOMETRIC_REPRESENTATION_ITEM ( )  RATIONAL_B_SPLINE_CURVE ( ( 1.000000000000000000, 0.3333333333333333703, 0.3333333333333333703, 1.000000000000000000 ) ) 
 REPRESENTATION_ITEM ( '' )  );
#3539 = VERTEX_POINT ( 'NONE', #3796 ) ;
#3540 = EDGE_LOOP ( 'NONE', ( #3020, #1702, #119, #1134, #3753 ) ) ;
#3541 = CARTESIAN_POINT ( 'NONE',  ( 70.27280939620115419, -23.02756378597455011, 6.188286488194689738 ) ) ;
#3542 = CARTESIAN_POINT ( 'NONE',  ( -9.891682374222906304, -6.793719143995277321, 5.000000000000000000 ) ) ;
#3543 = DIRECTION ( 'NONE',  ( 0.8861092362398065303, 0.4522646552506043305, 0.1013267144516146745 ) ) ;
#3544 = DIRECTION ( 'NONE',  ( -1.000000000000000000, 0.000000000000000000, 0.000000000000000000 ) ) ;
#3545 = DIRECTION ( 'NONE',  ( -0.000000000000000000, 0.000000000000000000, 1.000000000000000000 ) ) ;
#3546 = CARTESIAN_POINT ( 'NONE',  ( -4.648450871385579219, -11.06308747575985940, 5.000000000000000000 ) ) ;
#3547 = CARTESIAN_POINT ( 'NONE',  ( 41.78140558472291843, -12.62656045191412701, 5.000000000000005329 ) ) ;
#3548 = CARTESIAN_POINT ( 'NONE',  ( 60.26153970198707555, 0.3348557204648072161, -4.336808689942016750E-16 ) ) ;
#3549 = ORIENTED_EDGE ( 'NONE', *, *, #3045, .F. ) ;
#3550 = CARTESIAN_POINT ( 'NONE',  ( 65.80339091593180001, -27.27848425440122426, 4.803085793996794806 ) ) ;
#3551 = ADVANCED_FACE ( 'NONE', ( #1368 ), #145, .F. ) ;
#3552 = VERTEX_POINT ( 'NONE', #1490 ) ;
#3553 = ORIENTED_EDGE ( 'NONE', *, *, #3569, .T. ) ;
#3554 = DIRECTION ( 'NONE',  ( -0.000000000000000000, 0.000000000000000000, 1.000000000000000000 ) ) ;
#3555 = CARTESIAN_POINT ( 'NONE',  ( 41.39653267477277865, -12.85469893776120109, -1.043812432829784675E-09 ) ) ;
#3556 = CARTESIAN_POINT ( 'NONE',  ( 42.58806389279823179, -18.25562020065839874, 4.148945378171007725 ) ) ;
#3557 = VECTOR ( 'NONE', #2796, 1000.000000000000000 ) ;
#3558 = DIRECTION ( 'NONE',  ( -0.1423148382732887796, 0.9898214418809321291, 0.000000000000000000 ) ) ;
#3559 = CARTESIAN_POINT ( 'NONE',  ( -8.707127529965969615, 8.257477228361501886, 0.000000000000000000 ) ) ;
#3560 = AXIS2_PLACEMENT_3D ( 'NONE', #880, #1839, #1544 ) ;
#3561 = AXIS2_PLACEMENT_3D ( 'NONE', #3425, #269, #2581 ) ;
#3562 = CYLINDRICAL_SURFACE ( 'NONE', #2737, 1.000000000000000222 ) ;
#3563 = DIRECTION ( 'NONE',  ( -1.000000000000000000, 0.000000000000000000, 0.000000000000000000 ) ) ;
#3564 = VECTOR ( 'NONE', #2449, 1000.000000000000000 ) ;
#3565 = CARTESIAN_POINT ( 'NONE',  ( 61.66464429435691130, -0.1492847425804959827, 0.9869697850115217719 ) ) ;
#3566 = ORIENTED_EDGE ( 'NONE', *, *, #678, .T. ) ;
#3567 = CARTESIAN_POINT ( 'NONE',  ( 61.98354632902625383, -28.42481056515446625, 4.714263556032139313 ) ) ;
#3568 = VECTOR ( 'NONE', #2074, 1000.000000000000000 ) ;
#3569 = EDGE_CURVE ( 'NONE', #3274, #332, #3498, .T. ) ;
#3570 = EDGE_LOOP ( 'NONE', ( #1268, #308 ) ) ;
#3571 = ORIENTED_EDGE ( 'NONE', *, *, #3925, .T. ) ;
#3572 = CARTESIAN_POINT ( 'NONE',  ( 36.91666865094703809, -12.66025918348768364, 4.774086951373483600 ) ) ;
#3573 = CARTESIAN_POINT ( 'NONE',  ( 41.80277675005554983, -13.23597214562989954, 1.801395267514788488E-15 ) ) ;
#3574 = CARTESIAN_POINT ( 'NONE',  ( 42.55699886546033639, -18.11660125398987020, 4.289762404968882059 ) ) ;
#3575 = CARTESIAN_POINT ( 'NONE',  ( 36.73348941416952584, -12.67122123357132679, 4.750320472870148691 ) ) ;
#3576 = CARTESIAN_POINT ( 'NONE',  ( 0.7543555747012189450, 8.568734525290729209, 5.000000000000000000 ) ) ;
#3577 = DIRECTION ( 'NONE',  ( -0.000000000000000000, -0.000000000000000000, -1.000000000000000000 ) ) ;
#3578 = CYLINDRICAL_SURFACE ( 'NONE', #2084, 19.00000000000000355 ) ;
#3579 = DIRECTION ( 'NONE',  ( 0.4154150130018842701, 0.9096319953545193293, 0.000000000000000000 ) ) ;
#3580 = CARTESIAN_POINT ( 'NONE',  ( 0.000000000000000000, 0.000000000000000000, 10.00000000000000000 ) ) ;
#3581 = EDGE_LOOP ( 'NONE', ( #2812, #3813, #1047, #2583 ) ) ;
#3582 = CIRCLE ( 'NONE', #2116, 1.650000000000000133 ) ;
#3583 = CARTESIAN_POINT ( 'NONE',  ( 51.51314382196675012, -26.72705823503922673, 4.714358540922437335 ) ) ;
#3584 = VERTEX_POINT ( 'NONE', #778 ) ;
#3585 = CARTESIAN_POINT ( 'NONE',  ( 35.20945525442525081, -12.76971954851964242, 4.455808666983690713 ) ) ;
#3586 = CARTESIAN_POINT ( 'NONE',  ( 59.62598647991554657, 0.01663453305587286532, 0.9875522992960064084 ) ) ;
#3587 = ADVANCED_FACE ( 'NONE', ( #1061 ), #2274, .T. ) ;
#3588 = DIRECTION ( 'NONE',  ( 0.4154150130018842701, 0.9096319953545193293, 0.000000000000000000 ) ) ;
#3589 = CARTESIAN_POINT ( 'NONE',  ( 49.40339751000011859, -24.93957320860278060, 5.857740672102335289 ) ) ;
#3590 = CARTESIAN_POINT ( 'NONE',  ( 38.22182196113728736, -12.58927409310072498, 4.893571458676484909 ) ) ;
#3591 = DIRECTION ( 'NONE',  ( -0.000000000000000000, 0.000000000000000000, 1.000000000000000000 ) ) ;
#3592 = CARTESIAN_POINT ( 'NONE',  ( 58.02052813622052696, -25.12082303257633242, -5.421010862427522170E-16 ) ) ;
#3593 = CARTESIAN_POINT ( 'NONE',  ( -0.04555023402463131976, -9.750243643940880389, 0.7834276654687890584 ) ) ;
#3594 = DIRECTION ( 'NONE',  ( -0.000000000000000000, -0.000000000000000000, -1.000000000000000000 ) ) ;
#3595 = CYLINDRICAL_SURFACE ( 'NONE', #967, 12.00000000000000178 ) ;
#3596 = FACE_OUTER_BOUND ( 'NONE', #995, .T. ) ;
#3597 = CARTESIAN_POINT ( 'NONE',  ( 58.74758949093612159, -16.86212389772379794, 15.26920582600362053 ) ) ;
#3598 = ORIENTED_EDGE ( 'NONE', *, *, #249, .T. ) ;
#3599 = CARTESIAN_POINT ( 'NONE',  ( 63.44488099643075429, -28.36248807929700888, 4.063753405256071538 ) ) ;
#3600 = ORIENTED_EDGE ( 'NONE', *, *, #1440, .T. ) ;
#3601 = CARTESIAN_POINT ( 'NONE',  ( 37.37548863753453077, -12.63405378479672869, 4.823623298381877866 ) ) ;
#3602 = FACE_OUTER_BOUND ( 'NONE', #3403, .T. ) ;
#3603 = EDGE_CURVE ( 'NONE', #2363, #433, #3190, .T. ) ;
#3604 = CARTESIAN_POINT ( 'NONE',  ( 64.40852155777636767, -27.84904153011939698, 4.725581708967265371 ) ) ;
#3605 = CARTESIAN_POINT ( 'NONE',  ( 52.23674129668594190, -26.93671234699383632, 5.604189050918700232 ) ) ;
#3606 = CARTESIAN_POINT ( 'NONE',  ( 35.41294741138152347, -12.75585594528604894, 4.508294416819246919 ) ) ;
#3607 = EDGE_CURVE ( 'NONE', #2856, #1950, #2638, .T. ) ;
#3608 = CARTESIAN_POINT ( 'NONE',  ( 36.76791274012830968, -12.66916392103079048, 0.2452362169824607308 ) ) ;
#3609 = CARTESIAN_POINT ( 'NONE',  ( 57.87542264288057936, -28.60491049059127278, 4.715524185253906708 ) ) ;
#3610 = DIRECTION ( 'NONE',  ( 1.000000000000000000, 0.000000000000000000, 0.000000000000000000 ) ) ;
#3611 = DIRECTION ( 'NONE',  ( -0.08769663855802413421, -0.9961472278662543145, 0.000000000000000000 ) ) ;
#3612 = DIRECTION ( 'NONE',  ( -1.000000000000000000, 0.000000000000000000, 0.000000000000000000 ) ) ;
#3613 = EDGE_LOOP ( 'NONE', ( #377, #2788 ) ) ;
#3614 = EDGE_CURVE ( 'NONE', #1848, #2514, #438, .T. ) ;
#3615 = CIRCLE ( 'NONE', #3030, 12.00000000000000533 ) ;
#3616 = AXIS2_PLACEMENT_3D ( 'NONE', #1202, #941, #2381 ) ;
#3617 = CARTESIAN_POINT ( 'NONE',  ( 48.26456297642544513, -1.836086537882951175, 5.000000000000000000 ) ) ;
#3618 = AXIS2_PLACEMENT_3D ( 'NONE', #92, #49, #344 ) ;
#3619 = EDGE_LOOP ( 'NONE', ( #117, #622, #1532, #1935 ) ) ;
#3621 = CARTESIAN_POINT ( 'NONE',  ( 34.98081948432597699, -12.78589036329238304, 4.381399122228698317 ) ) ;
#3620 = PERSON_AND_ORGANIZATION ( #1984, #758 ) ;
#3622 = CARTESIAN_POINT ( 'NONE',  ( 59.92847528186342743, 0.003560320985477773235, 0.9869697850114949045 ) ) ;
#3623 = CARTESIAN_POINT ( 'NONE',  ( 62.87471429821103897, -28.09957050713789428, 5.638816456594793358 ) ) ;
#3624 = CARTESIAN_POINT ( 'NONE',  ( 2.539715223583724590, 9.413428746240786182, 4.069944250082659032 ) ) ;
#3625 = EDGE_CURVE ( 'NONE', #1063, #1644, #2598, .T. ) ;
#3626 = CARTESIAN_POINT ( 'NONE',  ( 38.10800445298600891, -12.59503048102593148, 4.885530508046453058 ) ) ;
#3627 = CARTESIAN_POINT ( 'NONE',  ( 38.21586180092864993, -12.58957380175945673, 0.1068415966336028755 ) ) ;
#3628 = CARTESIAN_POINT ( 'NONE',  ( -6.656922612848726217, -7.123754721110439725, 0.000000000000000000 ) ) ;
#3629 = CIRCLE ( 'NONE', #1102, 9.999999999999994671 ) ;
#3630 = DIRECTION ( 'NONE',  ( -0.000000000000000000, -0.000000000000000000, -1.000000000000000000 ) ) ;
#3631 =( BOUNDED_SURFACE ( )  B_SPLINE_SURFACE ( 3, 2, ( 
 ( #3160, #1398, #3738 ),
 ( #1097, #1900, #709 ),
 ( #2610, #3416, #1926 ),
 ( #2870, #2827, #1766 ),
 ( #3289, #2978, #2124 ),
 ( #864, #2383, #2762 ),
 ( #3654, #559, #847 ),
 ( #1823, #2720, #3633 ),
 ( #1508, #3941, #1204 ),
 ( #2996, #2420, #904 ),
 ( #2101, #1547, #3328 ),
 ( #883, #1842, #3348 ),
 ( #2063, #2683, #2140 ),
 ( #3032, #617, #1787 ),
 ( #3273, #3902, #541 ),
 ( #3053, #582, #1223 ),
 ( #246, #598, #1806 ),
 ( #3310, #304, #2400 ) ),
 .UNSPECIFIED., .F., .F., .F. ) 
 B_SPLINE_SURFACE_WITH_KNOTS ( ( 4, 2, 2, 2, 2, 2, 2, 2, 4 ),
 ( 3, 3 ),
 ( 4.129410532552394208, 4.398632379380792656, 4.667854226209191992, 4.937076073037591328, 5.206297919865990664, 5.475519766694390000, 5.744741613522788448, 6.013963460351186896, 6.283185307179586232 ),
 ( 0.000000000000000000, 1.000000000000000000 ),
 .UNSPECIFIED. ) 
 GEOMETRIC_REPRESENTATION_ITEM ( )  RATIONAL_B_SPLINE_SURFACE ( (
 ( 1.000000000000000000, 0.6370688784602941412, 1.000000000000000000),
 ( 1.000000000000000000, 0.6471250574968536728, 1.000000000000000000),
 ( 1.000000000000000000, 0.6578314725867518975, 1.000000000000000000),
 ( 1.000000000000000000, 0.6796594251135746889, 1.000000000000000000),
 ( 1.000000000000000000, 0.6907782820449722694, 1.000000000000000000),
 ( 1.000000000000000000, 0.7126270417820753655, 1.000000000000000000),
 ( 1.000000000000000000, 0.7233563878470430364, 1.000000000000000000),
 ( 1.000000000000000000, 0.7437513404085951407, 1.000000000000000000),
 ( 1.000000000000000000, 0.7534169420549226004, 1.000000000000000000),
 ( 1.000000000000000000, 0.7711432722862758826, 1.000000000000000000),
 ( 1.000000000000000000, 0.7792041882554978649, 1.000000000000000000),
 ( 1.000000000000000000, 0.7933097251591658683, 1.000000000000000000),
 ( 1.000000000000000000, 0.7993545514414576170, 1.000000000000000000),
 ( 1.000000000000000000, 0.8091397502187133162, 1.000000000000000000),
 ( 1.000000000000000000, 0.8128802761723616932, 1.000000000000000000),
 ( 1.000000000000000000, 0.8178863835858198872, 1.000000000000000000),
 ( 1.000000000000000000, 0.8191538161324769529, 1.000000000000000000),
 ( 1.000000000000000000, 0.8191520442889922426, 1.000000000000000000) ) ) 
 REPRESENTATION_ITEM ( '' )  SURFACE ( )  );
#3632 = DIRECTION ( 'NONE',  ( -0.000000000000000000, -0.000000000000000000, -1.000000000000000000 ) ) ;
#3633 = CARTESIAN_POINT ( 'NONE',  ( 74.13773293863629021, -9.725501678632905822, 5.000000000000000000 ) ) ;
#3634 = CARTESIAN_POINT ( 'NONE',  ( 60.23003664689701964, -0.02298788122059720884, 0.9869697850114949045 ) ) ;
#3635 = ORIENTED_EDGE ( 'NONE', *, *, #537, .F. ) ;
#3636 = AXIS2_PLACEMENT_3D ( 'NONE', #3072, #2479, #2844 ) ;
#3637 = EDGE_CURVE ( 'NONE', #948, #2034, #2343, .T. ) ;
#3638 = CARTESIAN_POINT ( 'NONE',  ( 60.41924923739812670, 2.126280330244076033, 5.000000000000000000 ) ) ;
#3639 = ORIENTED_EDGE ( 'NONE', *, *, #1685, .F. ) ;
#3640 = CIRCLE ( 'NONE', #1925, 4.000000000000000000 ) ;
#3641 = ADVANCED_FACE ( 'NONE', ( #757 ), #461, .T. ) ;
#3642 = ORIENTED_EDGE ( 'NONE', *, *, #3665, .T. ) ;
#3644 = CARTESIAN_POINT ( 'NONE',  ( 42.01360674022875230, -15.15385597864178635, 4.929568331111951807 ) ) ;
#3643 = PERSON_AND_ORGANIZATION ( #1984, #758 ) ;
#3645 = CARTESIAN_POINT ( 'NONE',  ( -3.894193991759024698, -11.35056179907179441, 0.000000000000000000 ) ) ;
#3646 = CARTESIAN_POINT ( 'NONE',  ( 63.20664431074336420, -27.81647718482758336, 5.134509857172885106 ) ) ;
#3647 = CARTESIAN_POINT ( 'NONE',  ( -11.12833698389885662, -4.490001778706653290, 5.000000000000000000 ) ) ;
#3648 = LINE ( 'NONE', #1889, #520 ) ;
#3649 =( BOUNDED_CURVE ( )  B_SPLINE_CURVE ( 3, ( #3308, #2158, #580, #2718 ),
 .UNSPECIFIED., .F., .F. ) 
 B_SPLINE_CURVE_WITH_KNOTS ( ( 4, 4 ),
 ( 4.129410532552394208, 6.283185307179586232 ),
 .UNSPECIFIED. ) 
 CURVE ( )  GEOMETRIC_REPRESENTATION_ITEM ( )  RATIONAL_B_SPLINE_CURVE ( ( 1.000000000000000000, 0.6493808464016878057, 0.6493808464016878057, 1.000000000000000000 ) ) 
 REPRESENTATION_ITEM ( '' )  );
#3650 = CARTESIAN_POINT ( 'NONE',  ( 37.66641310670915743, -12.61799067203248370, 0.1485740808715556582 ) ) ;
#3651 = CARTESIAN_POINT ( 'NONE',  ( 54.27893179925040812, -27.89040123383254866, 4.704804594519799821 ) ) ;
#3652 = LINE ( 'NONE', #1526, #502 ) ;
#3653 = FACE_OUTER_BOUND ( 'NONE', #1442, .T. ) ;
#3654 = CARTESIAN_POINT ( 'NONE',  ( 73.49754232239868657, -12.67534368952582469, 5.953719049362677929 ) ) ;
#3655 = CARTESIAN_POINT ( 'NONE',  ( 42.51621979800595597, -17.93099726635190905, 0.5930824247925990944 ) ) ;
#3656 = ORIENTED_EDGE ( 'NONE', *, *, #2716, .F. ) ;
#3657 = DIRECTION ( 'NONE',  ( 0.000000000000000000, -0.000000000000000000, -1.000000000000000000 ) ) ;
#3658 = ORIENTED_EDGE ( 'NONE', *, *, #1414, .F. ) ;
#3659 = ORIENTED_EDGE ( 'NONE', *, *, #861, .F. ) ;
#3660 = ADVANCED_FACE ( 'NONE', ( #1388 ), #3815, .F. ) ;
#3661 = ORIENTED_EDGE ( 'NONE', *, *, #1879, .T. ) ;
#3663 = CARTESIAN_POINT ( 'NONE',  ( 41.93445205284800892, -14.53080358726168697, 0.03783125792450678371 ) ) ;
#3662 = APPROVAL_STATUS ( 'not_yet_approved' ) ;
#3664 = CARTESIAN_POINT ( 'NONE',  ( 60.23003664689701964, -0.02298788122059720884, 0.9869697850114949045 ) ) ;
#3665 = EDGE_CURVE ( 'NONE', #759, #2571, #3518, .T. ) ;
#3666 = CARTESIAN_POINT ( 'NONE',  ( 48.02420399697476228, -23.25108301851599890, 5.262914214479867070 ) ) ;
#3667 = CARTESIAN_POINT ( 'NONE',  ( 4.853773095165649032, 8.460399703676191763, 4.974715095603694515 ) ) ;
#3668 = CARTESIAN_POINT ( 'NONE',  ( 45.83232961692705487, -19.83740646710518618, 6.165383110829117719 ) ) ;
#3669 = DIRECTION ( 'NONE',  ( 0.08769663855802410646, 0.9961472278662544255, 0.000000000000000000 ) ) ;
#3670 = FACE_OUTER_BOUND ( 'NONE', #2672, .T. ) ;
#3671 = DIRECTION ( 'NONE',  ( -0.9961472278662544255, 0.08769663855802295460, -0.000000000000000000 ) ) ;
#3672 = VECTOR ( 'NONE', #3214, 1000.000000000000000 ) ;
#3673 = DIRECTION ( 'NONE',  ( -0.8412535328311840921, 0.5406408174555930035, 0.000000000000000000 ) ) ;
#3674 = FACE_BOUND ( 'NONE', #1249, .T. ) ;
#3675 = CARTESIAN_POINT ( 'NONE',  ( 42.58584563357642594, -18.24554375794513561, 0.8523068591236544478 ) ) ;
#3676 = CARTESIAN_POINT ( 'NONE',  ( 66.46910680119023596, -26.53906699177819917, 5.961068406747974002 ) ) ;
#3677 = DIRECTION ( 'NONE',  ( 0.000000000000000000, 0.000000000000000000, 1.000000000000000000 ) ) ;
#3678 = ORIENTED_EDGE ( 'NONE', *, *, #3843, .F. ) ;
#3679 = CARTESIAN_POINT ( 'NONE',  ( 0.000000000000000000, 0.000000000000000000, 5.000000000000000000 ) ) ;
#3680 = AXIS2_PLACEMENT_3D ( 'NONE', #2519, #3733, #3435 ) ;
#3681 = EDGE_LOOP ( 'NONE', ( #3357, #2575, #2751, #3515 ) ) ;
#3682 = ADVANCED_FACE ( 'NONE', ( #1427 ), #865, .T. ) ;
#3683 = ORIENTED_EDGE ( 'NONE', *, *, #1362, .F. ) ;
#3684 = CIRCLE ( 'NONE', #2798, 3.500000000000000000 ) ;
#3685 = SHAPE_DEFINITION_REPRESENTATION ( #2091, #2690 ) ;
#3686 = CARTESIAN_POINT ( 'NONE',  ( 40.09479800654573722, -13.31034196859096141, 0.9869063501078007006 ) ) ;
#3687 = CIRCLE ( 'NONE', #3433, 18.00000000000000355 ) ;
#3688 = CARTESIAN_POINT ( 'NONE',  ( 52.73021276886013453, -27.01017694963046623, 5.109909136774843041 ) ) ;
#3689 = DIRECTION ( 'NONE',  ( 0.000000000000000000, 0.000000000000000000, 1.000000000000000000 ) ) ;
#3690 = DIRECTION ( 'NONE',  ( -0.000000000000000000, -0.000000000000000000, -1.000000000000000000 ) ) ;
#3691 = CARTESIAN_POINT ( 'NONE',  ( 35.50942996522939410, -12.74929142383414238, 0.4670523935914469016 ) ) ;
#3692 = CARTESIAN_POINT ( 'NONE',  ( 49.93916023837267204, -4.969767083106535921, -5.854691731421723944E-15 ) ) ;
#3693 = DIRECTION ( 'NONE',  ( -0.000000000000000000, -0.000000000000000000, -1.000000000000000000 ) ) ;
#3694 = DIRECTION ( 'NONE',  ( 1.000000000000000000, 0.000000000000000000, 0.000000000000000000 ) ) ;
#3695 = CARTESIAN_POINT ( 'NONE',  ( 0.000000000000000000, 0.000000000000000000, 0.000000000000000000 ) ) ;
#3696 = DIRECTION ( 'NONE',  ( -0.000000000000000000, -0.000000000000000000, -1.000000000000000000 ) ) ;
#3697 = CARTESIAN_POINT ( 'NONE',  ( -8.132302056181712757, 8.824152269029738704, 5.000000000000000000 ) ) ;
#3698 = AXIS2_PLACEMENT_3D ( 'NONE', #1352, #3545, #2040 ) ;
#3699 = DIRECTION ( 'NONE',  ( -0.4154150130018903209, 0.9096319953545165538, 0.000000000000000000 ) ) ;
#3700 = ORIENTED_EDGE ( 'NONE', *, *, #1251, .T. ) ;
#3701 = LINE ( 'NONE', #412, #1424 ) ;
#3702 = VERTEX_POINT ( 'NONE', #599 ) ;
#3703 = AXIS2_PLACEMENT_3D ( 'NONE', #1324, #1241, #341 ) ;
#3704 = ORIENTED_EDGE ( 'NONE', *, *, #2782, .F. ) ;
#3705 = CARTESIAN_POINT ( 'NONE',  ( 42.03111631036940565, -15.27917749824402804, 0.07865921962173680337 ) ) ;
#3706 = AXIS2_PLACEMENT_3D ( 'NONE', #2287, #429, #1659 ) ;
#3707 = CARTESIAN_POINT ( 'NONE',  ( 53.61081091955694689, -27.67518599928974510, 4.700551366089685601 ) ) ;
#3708 = ADVANCED_FACE ( 'NONE', ( #3055 ), #3376, .T. ) ;
#3709 =( NAMED_UNIT ( * ) PLANE_ANGLE_UNIT ( ) SI_UNIT ( $, .RADIAN. ) );
#3710 = CARTESIAN_POINT ( 'NONE',  ( 59.05109125521528313, -23.75591510563880604, 2.011283664107882174 ) ) ;
#3711 = CARTESIAN_POINT ( 'NONE',  ( 39.97908504811046981, -14.98251182558462347, 4.000000000000004441 ) ) ;
#3712 = CARTESIAN_POINT ( 'NONE',  ( 56.39029217320246801, -24.97730387194142310, -4.336808689942017736E-16 ) ) ;
#3713 = CARTESIAN_POINT ( 'NONE',  ( -7.998624034700959839, 5.575348738106353785, 5.000000000000000000 ) ) ;
#3714 = DIRECTION ( 'NONE',  ( 0.9594929736144972576, 0.2817325568414301151, 0.000000000000000000 ) ) ;
#3715 = DIRECTION ( 'NONE',  ( -0.9961472278662545365, 0.08769663855802410646, 0.000000000000000000 ) ) ;
#3716 = CARTESIAN_POINT ( 'NONE',  ( 42.15022838099253732, -16.04596903597221313, 0.1469903556924995747 ) ) ;
#3717 = ORIENTED_EDGE ( 'NONE', *, *, #2649, .F. ) ;
#3718 = EDGE_CURVE ( 'NONE', #2556, #1757, #2688, .T. ) ;
#3719 = CARTESIAN_POINT ( 'NONE',  ( 44.18363573691902246, -9.117633424642562545, 5.000000000000000000 ) ) ;
#3720 = ORIENTED_EDGE ( 'NONE', *, *, #1151, .F. ) ;
#3721 = FACE_OUTER_BOUND ( 'NONE', #3908, .T. ) ;
#3722 = ORIENTED_EDGE ( 'NONE', *, *, #1360, .T. ) ;
#3723 = B_SPLINE_CURVE_WITH_KNOTS ( 'NONE', 3,
 ( #2334, #1692, #3496, #3193, #2584, #1122, #816, #1744, #2301, #3521 ),
 .UNSPECIFIED., .F., .F.,
 ( 4, 2, 2, 2, 4 ),
 ( 0.005326944014678497256, 0.006452005878430012997, 0.007014536810305770434, 0.007295802276243650020, 0.007577067742181528738 ),
 .UNSPECIFIED. ) ;
#3724 = VERTEX_POINT ( 'NONE', #583 ) ;
#3725 = CARTESIAN_POINT ( 'NONE',  ( 41.97431981738578344, -14.86296162211630190, 0.05282458265306840678 ) ) ;
#3726 = ORIENTED_EDGE ( 'NONE', *, *, #2347, .T. ) ;
#3727 = VERTEX_POINT ( 'NONE', #325 ) ;
#3728 = CARTESIAN_POINT ( 'NONE',  ( 51.72701187632384290, -26.64788284174238342, 5.638619017269421718 ) ) ;
#3729 =( LENGTH_UNIT ( ) NAMED_UNIT ( * ) SI_UNIT ( .MILLI., .METRE. ) );
#3730 = CARTESIAN_POINT ( 'NONE',  ( -4.380276841034158153, -8.710664429071977466, 5.000000000000000000 ) ) ;
#3731 = ADVANCED_FACE ( 'NONE', ( #2125 ), #2481, .T. ) ;
#3732 = DIRECTION ( 'NONE',  ( -0.000000000000000000, -0.000000000000000000, -1.000000000000000000 ) ) ;
#3733 = DIRECTION ( 'NONE',  ( 0.000000000000000000, 0.000000000000000000, 1.000000000000000000 ) ) ;
#3734 = CARTESIAN_POINT ( 'NONE',  ( 0.000000000000000000, 0.000000000000000000, 5.000000000000000000 ) ) ;
#3735 = CARTESIAN_POINT ( 'NONE',  ( 58.79258051626931092, -16.35107027125136980, 13.85966689482476077 ) ) ;
#3736 = LINE ( 'NONE', #2223, #1209 ) ;
#3737 = DIRECTION ( 'NONE',  ( 0.000000000000000000, -1.000000000000000000, 0.000000000000000000 ) ) ;
#3738 = CARTESIAN_POINT ( 'NONE',  ( 71.05905308046341418, -23.61609506578985673, 5.000000000000000000 ) ) ;
#3739 = DIRECTION ( 'NONE',  ( -0.000000000000000000, -0.000000000000000000, -1.000000000000000000 ) ) ;
#3740 = AXIS2_PLACEMENT_3D ( 'NONE', #3820, #1089, #3522 ) ;
#3741 = ORIENTED_EDGE ( 'NONE', *, *, #3493, .T. ) ;
#3742 = CYLINDRICAL_SURFACE ( 'NONE', #708, 3.762221576582363003 ) ;
#3743 = ADVANCED_FACE ( 'NONE', ( #32 ), #3329, .F. ) ;
#3744 = ORIENTED_EDGE ( 'NONE', *, *, #1698, .F. ) ;
#3745 = CARTESIAN_POINT ( 'NONE',  ( -0.4127191702219250580, -9.741260846858139644, -48.69552528001440805 ) ) ;
#3746 = ORIENTED_EDGE ( 'NONE', *, *, #1475, .T. ) ;
#3747 = VECTOR ( 'NONE', #2174, 1000.000000000000000 ) ;
#3748 = AXIS2_PLACEMENT_3D ( 'NONE', #1404, #2616, #3835 ) ;
#3749 = CARTESIAN_POINT ( 'NONE',  ( -0.4127191702219250580, -9.741260846858139644, 1.000000000000000888 ) ) ;
#3750 = VECTOR ( 'NONE', #3386, 1000.000000000000000 ) ;
#3751 = AXIS2_PLACEMENT_3D ( 'NONE', #1488, #2702, #3919 ) ;
#3752 = EDGE_LOOP ( 'NONE', ( #1593, #2510, #2289, #97, #491 ) ) ;
#3753 = ORIENTED_EDGE ( 'NONE', *, *, #2765, .F. ) ;
#3754 = CARTESIAN_POINT ( 'NONE',  ( 54.37403721721600647, -27.72473049622392693, 5.089558577798208638 ) ) ;
#3755 = CARTESIAN_POINT ( 'NONE',  ( -11.78923103425785790, 2.239203345141189239, 5.000000000000000000 ) ) ;
#3756 = CARTESIAN_POINT ( 'NONE',  ( 48.62225515536414377, -24.23870997182514486, 5.955552766742041371 ) ) ;
#3757 = CARTESIAN_POINT ( 'NONE',  ( 42.21501165500311004, -17.53177849966012047, 4.000000000000002665 ) ) ;
#3758 = CARTESIAN_POINT ( 'NONE',  ( 52.75730907759591304, -21.73565670613636414, 1.948278818698482961 ) ) ;
#3759 = DIRECTION ( 'NONE',  ( 0.000000000000000000, 0.000000000000000000, 1.000000000000000000 ) ) ;
#3760 = CARTESIAN_POINT ( 'NONE',  ( -5.460564090080127109, 8.077421607055521591, 5.000000000000000000 ) ) ;
#3761 = CARTESIAN_POINT ( 'NONE',  ( 0.000000000000000000, 0.000000000000000000, 4.500000000000000888 ) ) ;
#3762 = ORIENTED_EDGE ( 'NONE', *, *, #517, .F. ) ;
#3763 = CIRCLE ( 'NONE', #763, 3.762221576582363003 ) ;
#3764 = DIRECTION ( 'NONE',  ( 1.000000000000000000, 0.000000000000000000, 0.000000000000000000 ) ) ;
#3765 = DIRECTION ( 'NONE',  ( -0.000000000000000000, 0.000000000000000000, 1.000000000000000000 ) ) ;
#3766 = ORIENTED_EDGE ( 'NONE', *, *, #1793, .T. ) ;
#3767 = AXIS2_PLACEMENT_3D ( 'NONE', #3137, #3715, #2480 ) ;
#3768 = DIRECTION ( 'NONE',  ( 1.000000000000000000, 0.000000000000000000, 0.000000000000000000 ) ) ;
#3769 = ADVANCED_FACE ( 'NONE', ( #971 ), #2103, .T. ) ;
#3770 = ADVANCED_FACE ( 'NONE', ( #884 ), #2404, .T. ) ;
#3771 = ORIENTED_EDGE ( 'NONE', *, *, #3048, .T. ) ;
#3772 = CIRCLE ( 'NONE', #1474, 3.762221576582363003 ) ;
#3773 = DIRECTION ( 'NONE',  ( 0.000000000000000000, 0.000000000000000000, 1.000000000000000000 ) ) ;
#3774 = AXIS2_PLACEMENT_3D ( 'NONE', #1570, #733, #3468 ) ;
#3775 = EDGE_CURVE ( 'NONE', #2830, #2786, #2557, .T. ) ;
#3776 =( BOUNDED_SURFACE ( )  B_SPLINE_SURFACE ( 3, 2, ( 
 ( #1866, #2551, #1038 ),
 ( #1076, #196, #2594 ),
 ( #3532, #2311, #2946 ),
 ( #791, #1701, #3205 ),
 ( #2290, #2650, #1736 ),
 ( #2926, #3830, #474 ),
 ( #3221, #3792, #1057 ),
 ( #1752, #806, #3241 ),
 ( #1971, #3512, #2044 ),
 ( #773, #1099, #213 ),
 ( #2908, #2576, #3851 ),
 ( #1993, #176, #1400 ),
 ( #490, #2613, #1116 ),
 ( #2009, #1358, #1422 ),
 ( #826, #1718, #456 ),
 ( #2341, #1438, #2634 ),
 ( #3565, #3488, #3811 ),
 ( #2328, #3548, #509 ) ),
 .UNSPECIFIED., .F., .F., .F. ) 
 B_SPLINE_SURFACE_WITH_KNOTS ( ( 4, 2, 2, 2, 2, 2, 2, 2, 4 ),
 ( 3, 3 ),
 ( 3.141592653589793116, 3.534291735288517255, 3.926990816987241395, 4.319689898685965090, 4.712388980384689674, 5.105088062083414258, 5.497787143782137953, 5.890486225480861648, 6.283185307179586232 ),
 ( 0.000000000000000000, 1.000000000000000000 ),
 .UNSPECIFIED. ) 
 GEOMETRIC_REPRESENTATION_ITEM ( )  RATIONAL_B_SPLINE_SURFACE ( (
 ( 1.000000000000000000, 0.5735764363510457153, 1.000000000000000000),
 ( 1.000000000000000000, 0.5735464613660952171, 1.000000000000000000),
 ( 1.000000000000000000, 0.5774898308512550482, 1.000000000000000000),
 ( 1.000000000000000000, 0.5921379645390878466, 1.000000000000000000),
 ( 1.000000000000000000, 0.6028384121574369425, 1.000000000000000000),
 ( 1.000000000000000000, 0.6285471792411526648, 1.000000000000000000),
 ( 1.000000000000000000, 0.6435232272129867148, 1.000000000000000000),
 ( 1.000000000000000000, 0.6748959455952158182, 1.000000000000000000),
 ( 1.000000000000000000, 0.6912780784993136640, 1.000000000000000000),
 ( 1.000000000000000000, 0.7229354838737817035, 1.000000000000000000),
 ( 1.000000000000000000, 0.7382077142316150198, 1.000000000000000000),
 ( 1.000000000000000000, 0.7657107957853782620, 1.000000000000000000),
 ( 1.000000000000000000, 0.7779425145264414754, 1.000000000000000000),
 ( 1.000000000000000000, 0.7980300503667266954, 1.000000000000000000),
 ( 1.000000000000000000, 0.8058871847678360512, 1.000000000000000000),
 ( 1.000000000000000000, 0.8164478053776412780, 1.000000000000000000),
 ( 1.000000000000000000, 0.8191520442889920206, 1.000000000000000000),
 ( 1.000000000000000000, 0.8191520442889920206, 1.000000000000000000) ) ) 
 REPRESENTATION_ITEM ( '' )  SURFACE ( )  );
#3777 = CARTESIAN_POINT ( 'NONE',  ( 42.59568168528949172, -18.28925675574487997, 1.000000000000001110 ) ) ;
#3778 = CIRCLE ( 'NONE', #327, 12.49999999999998579 ) ;
#3779 = ORIENTED_EDGE ( 'NONE', *, *, #854, .F. ) ;
#3780 = EDGE_LOOP ( 'NONE', ( #2237, #2048, #2312, #2126 ) ) ;
#3781 = CARTESIAN_POINT ( 'NONE',  ( 68.18486871470454957, -26.02962413334523006, 4.916930875941687873 ) ) ;
#3782 = CALENDAR_DATE ( 2026, 12, 3 ) ;
#3783 = AXIS2_PLACEMENT_3D ( 'NONE', #1286, #2185, #3699 ) ;
#3784 = CARTESIAN_POINT ( 'NONE',  ( -6.376773933753629109, -8.135259246422229751, 5.000000000000000000 ) ) ;
#3785 = DIRECTION ( 'NONE',  ( 0.000000000000000000, 0.9401155992315028964, 0.3408557760719219121 ) ) ;
#3786 = CARTESIAN_POINT ( 'NONE',  ( 5.091957589986478183, 8.319444410281287006, 1.180199239840992627E-16 ) ) ;
#3787 = DIRECTION ( 'NONE',  ( 1.000000000000000000, 0.000000000000000000, 0.000000000000000000 ) ) ;
#3788 = EDGE_LOOP ( 'NONE', ( #121, #1953, #1554, #3903, #1357 ) ) ;
#3789 = FACE_OUTER_BOUND ( 'NONE', #1022, .T. ) ;
#3790 = CARTESIAN_POINT ( 'NONE',  ( 43.86776823522720292, -10.50967701353534522, 5.000000000000000000 ) ) ;
#3791 = VERTEX_POINT ( 'NONE', #896 ) ;
#3792 = CARTESIAN_POINT ( 'NONE',  ( 67.95830361738453007, -18.55145270395781765, -4.336808689942017736E-16 ) ) ;
#3793 = ORIENTED_EDGE ( 'NONE', *, *, #205, .T. ) ;
#3794 = ORIENTED_EDGE ( 'NONE', *, *, #2080, .T. ) ;
#3795 = CARTESIAN_POINT ( 'NONE',  ( 34.53750541822665099, -12.81813254565326865, 3.999999999999996447 ) ) ;
#3796 = CARTESIAN_POINT ( 'NONE',  ( -11.94254082540289730, -1.172910326318754803, 0.000000000000000000 ) ) ;
#3797 = EDGE_CURVE ( 'NONE', #2582, #1390, #2285, .T. ) ;
#3798 = EDGE_LOOP ( 'NONE', ( #440, #2916, #3533, #2851, #3206, #868, #3062, #3246 ) ) ;
#3799 = ORIENTED_EDGE ( 'NONE', *, *, #3218, .F. ) ;
#3800 = CARTESIAN_POINT ( 'NONE',  ( 42.29413332870376507, -16.84861290441068249, 4.737265874373354002 ) ) ;
#3801 = DIRECTION ( 'NONE',  ( -1.858261615565591829E-18, 0.9401155992315028964, 0.3408557760719219121 ) ) ;
#3802 = EDGE_CURVE ( 'NONE', #2979, #2402, #3280, .T. ) ;
#3803 = CARTESIAN_POINT ( 'NONE',  ( -3.106632694473850265, 10.31580787075611561, 5.000000000000000000 ) ) ;
#3804 = CARTESIAN_POINT ( 'NONE',  ( 42.31495692037577783, -16.95595082546658006, 4.715847073308163218 ) ) ;
#3805 = FACE_OUTER_BOUND ( 'NONE', #3780, .T. ) ;
#3806 = DIRECTION ( 'NONE',  ( 0.02999401688879442182, 0.3407024176482847388, -0.9396926207859082059 ) ) ;
#3807 = VERTEX_POINT ( 'NONE', #2735 ) ;
#3808 = CARTESIAN_POINT ( 'NONE',  ( -6.128663263119058513, -8.323771706143375582, 0.000000000000000000 ) ) ;
#3809 = CARTESIAN_POINT ( 'NONE',  ( 45.94202453731266900, -6.848742916766947353, 5.000000000000000888 ) ) ;
#3810 = VERTEX_POINT ( 'NONE', #1237 ) ;
#3811 = CARTESIAN_POINT ( 'NONE',  ( 61.98388443610210174, 1.237601257005518152, -4.336808689942017736E-16 ) ) ;
#3812 = ORIENTED_EDGE ( 'NONE', *, *, #2652, .F. ) ;
#3813 = ORIENTED_EDGE ( 'NONE', *, *, #3665, .F. ) ;
#3814 = CARTESIAN_POINT ( 'NONE',  ( -11.12833698389885662, -4.490001778706653290, 0.000000000000000000 ) ) ;
#3815 = CYLINDRICAL_SURFACE ( 'NONE', #436, 10.99999999999998757 ) ;
#3816 = ORIENTED_EDGE ( 'NONE', *, *, #226, .T. ) ;
#3817 = AXIS2_PLACEMENT_3D ( 'NONE', #1893, #986, #130 ) ;
#3818 = ORIENTED_EDGE ( 'NONE', *, *, #3051, .T. ) ;
#3819 = DIRECTION ( 'NONE',  ( -0.000000000000000000, 0.000000000000000000, 1.000000000000000000 ) ) ;
#3820 = CARTESIAN_POINT ( 'NONE',  ( -8.225486823948159554, -6.259956494877047639, 0.000000000000000000 ) ) ;
#3821 = CC_DESIGN_SECURITY_CLASSIFICATION ( #2406, ( #3426 ) ) ;
#3822 = AXIS2_PLACEMENT_3D ( 'NONE', #1258, #1960, #1005 ) ;
#3823 = EDGE_CURVE ( 'NONE', #2724, #156, #3322, .T. ) ;
#3824 = CARTESIAN_POINT ( 'NONE',  ( 42.34461018765539819, -17.10701748540148515, 4.683458098006520132 ) ) ;
#3825 = DIRECTION ( 'NONE',  ( -0.000000000000000000, -0.000000000000000000, -1.000000000000000000 ) ) ;
#3826 = CARTESIAN_POINT ( 'NONE',  ( 58.74758949093612159, -16.86212389772379794, 15.26920582600362053 ) ) ;
#3827 = EDGE_CURVE ( 'NONE', #2932, #1950, #1655, .T. ) ;
#3828 = DIRECTION ( 'NONE',  ( -0.000000000000000000, -0.000000000000000000, -1.000000000000000000 ) ) ;
#3829 = FACE_OUTER_BOUND ( 'NONE', #3798, .T. ) ;
#3830 = CARTESIAN_POINT ( 'NONE',  ( 66.98221568228545664, -19.69131462050609827, 2.873594190584536381E-12 ) ) ;
#3831 = VERTEX_POINT ( 'NONE', #2712 ) ;
#3832 = AXIS2_PLACEMENT_3D ( 'NONE', #2524, #3737, #2505 ) ;
#3833 = VERTEX_POINT ( 'NONE', #549 ) ;
#3834 = AXIS2_PLACEMENT_3D ( 'NONE', #3695, #970, #1325 ) ;
#3835 = DIRECTION ( 'NONE',  ( 1.000000000000000000, 0.000000000000000000, 0.000000000000000000 ) ) ;
#3836 = DIRECTION ( 'NONE',  ( 0.9961472278662544255, -0.08769663855802307950, -0.000000000000000000 ) ) ;
#3837 = CIRCLE ( 'NONE', #1153, 9.000000000000007105 ) ;
#3838 = ORIENTED_EDGE ( 'NONE', *, *, #3827, .F. ) ;
#3839 = ORIENTED_EDGE ( 'NONE', *, *, #803, .T. ) ;
#3840 = DIRECTION ( 'NONE',  ( 0.000000000000000000, 0.000000000000000000, 1.000000000000000000 ) ) ;
#3841 = DIRECTION ( 'NONE',  ( -0.000000000000000000, -0.000000000000000000, -1.000000000000000000 ) ) ;
#3842 = AXIS2_PLACEMENT_3D ( 'NONE', #942, #989, #1546 ) ;
#3843 = EDGE_CURVE ( 'NONE', #1187, #1063, #1455, .T. ) ;
#3844 = AXIS2_PLACEMENT_3D ( 'NONE', #85, #401, #42 ) ;
#3845 = CARTESIAN_POINT ( 'NONE',  ( 42.41081205688953304, -17.43537680769756548, 4.601917727400526736 ) ) ;
#3846 = CARTESIAN_POINT ( 'NONE',  ( 5.326903160779359325, 8.166186546710703098, 0.000000000000000000 ) ) ;
#3847 = CARTESIAN_POINT ( 'NONE',  ( -2.860572556533148347, 11.65406043612308551, 5.000000000000000000 ) ) ;
#3848 = DIRECTION ( 'NONE',  ( -0.000000000000000000, 0.000000000000000000, 1.000000000000000000 ) ) ;
#3849 = CARTESIAN_POINT ( 'NONE',  ( 0.8711660281131549111, -9.716783378793646619, 0.4817929414300429758 ) ) ;
#3850 = EDGE_CURVE ( 'NONE', #99, #2514, #1078, .T. ) ;
#3851 = CARTESIAN_POINT ( 'NONE',  ( 71.62018523376167423, -9.469114113517367315, -4.336808689942017736E-16 ) ) ;
#3852 = ORIENTED_EDGE ( 'NONE', *, *, #2630, .F. ) ;
#3853 = EDGE_CURVE ( 'NONE', #1881, #332, #810, .T. ) ;
#3854 = CARTESIAN_POINT ( 'NONE',  ( 61.97095550354074334, -28.60928656150062821, 4.140484491206994022 ) ) ;
#3855 = CARTESIAN_POINT ( 'NONE',  ( -9.680416949197240939, 1.162767255169660174, 5.000000000000000000 ) ) ;
#3856 = ORIENTED_EDGE ( 'NONE', *, *, #678, .F. ) ;
#3857 = VERTEX_POINT ( 'NONE', #3914 ) ;
#3858 = CARTESIAN_POINT ( 'NONE',  ( 42.22647279063761516, -16.48434925172417920, 4.797148363041469743 ) ) ;
#3859 = LINE ( 'NONE', #2624, #3354 ) ;
#3860 = CARTESIAN_POINT ( 'NONE',  ( 42.59568168528949172, -18.28925675574488707, 4.074617797411574038 ) ) ;
#3861 = CARTESIAN_POINT ( 'NONE',  ( 2.528598933626913237, 9.416405228794099358, 0.9282140913995633458 ) ) ;
#3862 = DIRECTION ( 'NONE',  ( 0.9961472278662544255, -0.08769663855802307950, 0.000000000000000000 ) ) ;
#3863 = EDGE_CURVE ( 'NONE', #373, #270, #1191, .T. ) ;
#3864 = DIRECTION ( 'NONE',  ( 0.000000000000000000, -0.000000000000000000, -1.000000000000000000 ) ) ;
#3865 = CARTESIAN_POINT ( 'NONE',  ( -2.963700234361556607, 9.288647959786468178, 5.000000000000000000 ) ) ;
#3866 = CARTESIAN_POINT ( 'NONE',  ( -10.32411757120621232, -0.5082176547595769200, 5.000000000000000000 ) ) ;
#3867 = VERTEX_POINT ( 'NONE', #279 ) ;
#3868 = CARTESIAN_POINT ( 'NONE',  ( 57.91558335839609128, -28.60653272621519605, 4.749006948334249856 ) ) ;
#3869 = VERTEX_POINT ( 'NONE', #1501 ) ;
#3870 = AXIS2_PLACEMENT_3D ( 'NONE', #1213, #3320, #3278 ) ;
#3871 = ORIENTED_EDGE ( 'NONE', *, *, #738, .F. ) ;
#3872 = CARTESIAN_POINT ( 'NONE',  ( 0.000000000000000000, 0.000000000000000000, 5.000000000000000000 ) ) ;
#3873 = FACE_OUTER_BOUND ( 'NONE', #2429, .T. ) ;
#3874 = CARTESIAN_POINT ( 'NONE',  ( 42.10551588410987023, -15.77122471683462379, 4.880986562022144426 ) ) ;
#3875 = AXIS2_PLACEMENT_3D ( 'NONE', #1346, #3478, #1601 ) ;
#3876 = CARTESIAN_POINT ( 'NONE',  ( 36.12485841450001089, -12.70880650655868216, 4.659783730287953674 ) ) ;
#3877 = AXIS2_PLACEMENT_3D ( 'NONE', #1138, #2354, #1066 ) ;
#3878 = LINE ( 'NONE', #3576, #3195 ) ;
#3879 = CIRCLE ( 'NONE', #302, 12.00000000000000178 ) ;
#3880 = DIRECTION ( 'NONE',  ( -1.000000000000000000, 1.224646799147353454E-16, 0.000000000000000000 ) ) ;
#3881 = CARTESIAN_POINT ( 'NONE',  ( 0.000000000000000000, 0.000000000000000000, 5.000000000000000000 ) ) ;
#3882 = AXIS2_PLACEMENT_3D ( 'NONE', #2917, #3554, #2602 ) ;
#3883 = DIRECTION ( 'NONE',  ( -0.000000000000000000, -0.000000000000000000, -1.000000000000000000 ) ) ;
#3884 = ORIENTED_EDGE ( 'NONE', *, *, #2219, .T. ) ;
#3885 = CARTESIAN_POINT ( 'NONE',  ( 64.48588634356791260, -27.81072025266911041, 4.739472180817441149 ) ) ;
#3886 = EDGE_CURVE ( 'NONE', #948, #3379, #3936, .T. ) ;
#3887 = EDGE_CURVE ( 'NONE', #1423, #1075, #3037, .T. ) ;
#3888 = AXIS2_PLACEMENT_3D ( 'NONE', #338, #3305, #938 ) ;
#3889 = ADVANCED_FACE ( 'NONE', ( #1049 ), #2259, .F. ) ;
#3890 = ORIENTED_EDGE ( 'NONE', *, *, #1062, .F. ) ;
#3891 = ORIENTED_EDGE ( 'NONE', *, *, #1934, .F. ) ;
#3892 = CARTESIAN_POINT ( 'NONE',  ( 35.91253798818592458, -12.72236614367182383, 4.622757320577780327 ) ) ;
#3893 = AXIS2_PLACEMENT_3D ( 'NONE', #3217, #2905, #1418 ) ;
#3894 = CARTESIAN_POINT ( 'NONE',  ( 45.47386439253355661, -21.16070564164092005, 4.993943061135601269 ) ) ;
#3895 = CARTESIAN_POINT ( 'NONE',  ( 5.091662274160042578, 8.319637048399489032, 5.000000000000000000 ) ) ;
#3896 = CARTESIAN_POINT ( 'NONE',  ( 35.43397607016161288, -12.75442069395908895, 4.513791311957817243 ) ) ;
#3897 = DIRECTION ( 'NONE',  ( 0.000000000000000000, 0.000000000000000000, -1.000000000000000000 ) ) ;
#3898 = VECTOR ( 'NONE', #1141, 1000.000000000000000 ) ;
#3899 = LINE ( 'NONE', #788, #1845 ) ;
#3900 = CARTESIAN_POINT ( 'NONE',  ( 2.215713693614440150, -9.501133807038623758, 0.1422374864524968419 ) ) ;
#3901 = CARTESIAN_POINT ( 'NONE',  ( 0.000000000000000000, 0.000000000000000000, 0.000000000000000000 ) ) ;
#3902 = CARTESIAN_POINT ( 'NONE',  ( 65.48186138664536315, 0.7258832257066107907, 5.000000000000001776 ) ) ;
#3903 = ORIENTED_EDGE ( 'NONE', *, *, #2094, .T. ) ;
#3904 = CIRCLE ( 'NONE', #2177, 3.762221576582363003 ) ;
#3905 = DESIGN_CONTEXT ( 'detailed design', #2152, 'design' ) ;
#3906 = CARTESIAN_POINT ( 'NONE',  ( 58.65083653672900965, -28.74960289933885704, 4.537077688632741079 ) ) ;
#3907 = EDGE_CURVE ( 'NONE', #1865, #2466, #1916, .T. ) ;
#3908 = EDGE_LOOP ( 'NONE', ( #2277, #326, #925, #1087 ) ) ;
#3909 = CARTESIAN_POINT ( 'NONE',  ( 40.10602101098527328, -13.32281513447106214, 4.026954464861779215 ) ) ;
#3910 = EDGE_CURVE ( 'NONE', #510, #2387, #2665, .T. ) ;
#3911 = CARTESIAN_POINT ( 'NONE',  ( 34.65604739774073551, -12.80940523260674624, 0.7992725041192435542 ) ) ;
#3912 = CARTESIAN_POINT ( 'NONE',  ( 65.81050097539453247, -27.29847716038153749, 4.786898098980532090 ) ) ;
#3913 = EDGE_CURVE ( 'NONE', #388, #1615, #1275, .T. ) ;
#3914 = CARTESIAN_POINT ( 'NONE',  ( -9.412581462727702686, -7.443339990052506572, 0.000000000000000000 ) ) ;
#3915 = CARTESIAN_POINT ( 'NONE',  ( 35.21815209542825187, -12.76926964241417828, 4.453561640202135408 ) ) ;
#3916 = FACE_OUTER_BOUND ( 'NONE', #851, .T. ) ;
#3917 = CARTESIAN_POINT ( 'NONE',  ( -8.410437171827107150, -6.009179260718303439, 0.000000000000000000 ) ) ;
#3918 = CARTESIAN_POINT ( 'NONE',  ( 58.61587620566304935, -28.65090797796752398, 4.712560357370385589 ) ) ;
#3919 = DIRECTION ( 'NONE',  ( -1.000000000000000000, 0.000000000000000000, 0.000000000000000000 ) ) ;
#3920 = DIRECTION ( 'NONE',  ( 1.000000000000000000, 0.000000000000000000, 0.000000000000000000 ) ) ;
#3921 = CARTESIAN_POINT ( 'NONE',  ( 58.02052813622052696, -25.12082303257633242, 1.499999999999999556 ) ) ;
#3922 = DIRECTION ( 'NONE',  ( 0.000000000000000000, 0.000000000000000000, -1.000000000000000000 ) ) ;
#3923 = ORIENTED_EDGE ( 'NONE', *, *, #1964, .T. ) ;
#3924 = CARTESIAN_POINT ( 'NONE',  ( 63.42827307080825250, -28.11454797266444317, 4.720359374021603216 ) ) ;
#3925 = EDGE_CURVE ( 'NONE', #510, #923, #961, .T. ) ;
#3926 = ORIENTED_EDGE ( 'NONE', *, *, #2444, .T. ) ;
#3927 = CARTESIAN_POINT ( 'NONE',  ( 40.14500435060663364, -13.36654373991577138, 4.054886703754042365 ) ) ;
#3928 = CARTESIAN_POINT ( 'NONE',  ( 35.90225641447756288, -12.72303756235036332, 0.3792308662877083014 ) ) ;
#3929 = CARTESIAN_POINT ( 'NONE',  ( -9.451552241617092065, -2.393879743007762961, 5.000000000000000000 ) ) ;
#3930 = CARTESIAN_POINT ( 'NONE',  ( 3.014944293756314231, 9.273040276165311013, 4.440607508290649541 ) ) ;
#3931 = DIRECTION ( 'NONE',  ( -1.000000000000000000, 0.000000000000000000, 0.000000000000000000 ) ) ;
#3932 = ADVANCED_FACE ( 'NONE', ( #742 ), #2864, .T. ) ;
#3933 =( BOUNDED_CURVE ( )  B_SPLINE_CURVE ( 3, ( #913, #3586, #3622, #3664 ),
 .UNSPECIFIED., .F., .F. ) 
 B_SPLINE_CURVE_WITH_KNOTS ( ( 4, 4 ),
 ( 6.200646643612883757, 6.283185307179586232 ),
 .UNSPECIFIED. ) 
 CURVE ( )  GEOMETRIC_REPRESENTATION_ITEM ( )  RATIONAL_B_SPLINE_CURVE ( ( 1.000000000000000000, 0.9994323613230970960, 0.9994323613230970960, 1.000000000000000000 ) ) 
 REPRESENTATION_ITEM ( '' )  );
#3934 = CARTESIAN_POINT ( 'NONE',  ( 39.54344405593394640, -12.52847478961979100, 0.03783125792452315950 ) ) ;
#3935 = CARTESIAN_POINT ( 'NONE',  ( 57.50789821014759440, -28.56953334241302045, 4.716356504828154605 ) ) ;
#3936 = CIRCLE ( 'NONE', #2215, 12.00000000000000355 ) ;
#3937 = EDGE_CURVE ( 'NONE', #568, #719, #2166, .T. ) ;
#3938 = CYLINDRICAL_SURFACE ( 'NONE', #3616, 12.00000000000000178 ) ;
#3939 = CIRCLE ( 'NONE', #3424, 9.750000000000000000 ) ;
#3940 = CARTESIAN_POINT ( 'NONE',  ( -10.68082785797387224, 5.469910078632857164, 0.000000000000000000 ) ) ;
#3941 = CARTESIAN_POINT ( 'NONE',  ( 72.93935138873662538, -8.569658458103218024, 5.000000000000000000 ) ) ;
#3942 = DIRECTION ( 'NONE',  ( 0.9961472278662545365, -0.08769663855802296848, 0.000000000000000000 ) ) ;
#3943 = ORIENTED_EDGE ( 'NONE', *, *, #1110, .F. ) ;
#3944 = AXIS2_PLACEMENT_3D ( 'NONE', #3213, #442, #2623 ) ;
#3945 = DIRECTION ( 'NONE',  ( -0.8412535328311842031, 0.5406408174555928925, 0.000000000000000000 ) ) ;
#3946 = EDGE_LOOP ( 'NONE', ( #3121, #926, #2664, #1077 ) ) ;
#3947 = ORIENTED_EDGE ( 'NONE', *, *, #87, .F. ) ;
#3948 = CARTESIAN_POINT ( 'NONE',  ( 40.38086002875905933, -13.65185964118639639, 4.211725216942518557 ) ) ;
ENDSEC;
END-ISO-10303-21;
