ISO-10303-21;
HEADER;
FILE_DESCRIPTION (( 'STEP AP203' ),
    '1' );
FILE_NAME ('star102_指环左.STEP',
    '2026-04-14T07:43:21',
    ( '' ),
    ( '' ),
    'SwSTEP 2.0',
    'SolidWorks 2021',
    '' );
FILE_SCHEMA (( 'CONFIG_CONTROL_DESIGN' ));
ENDSEC;

DATA;
#1 = VERTEX_POINT ( 'NONE', #3737 ) ;
#2 = CIRCLE ( 'NONE', #1460, 1.000000000000000000 ) ;
#3 = VERTEX_POINT ( 'NONE', #3192 ) ;
#4 = DIRECTION ( 'NONE',  ( -0.8412535328311843141, 0.5406408174555928925, 0.000000000000000000 ) ) ;
#5 = AXIS2_PLACEMENT_3D ( 'NONE', #861, #231, #3918 ) ;
#6 = CARTESIAN_POINT ( 'NONE',  ( -6.103866304610268578, 7.602980740173119756, 0.000000000000000000 ) ) ;
#7 = EDGE_CURVE ( 'NONE', #3648, #2110, #404, .T. ) ;
#8 = DIRECTION ( 'NONE',  ( -0.000000000000000000, -0.000000000000000000, -1.000000000000000000 ) ) ;
#9 = EDGE_CURVE ( 'NONE', #1950, #2272, #1681, .T. ) ;
#10 = AXIS2_PLACEMENT_3D ( 'NONE', #936, #952, #922 ) ;
#11 = DIRECTION ( 'NONE',  ( 0.08870069432740626536, 0.3303179759963836837, 0.9396926207859080948 ) ) ;
#12 = LINE ( 'NONE', #2142, #1729 ) ;
#13 = ADVANCED_FACE ( 'NONE', ( #156 ), #1959, .T. ) ;
#14 = CARTESIAN_POINT ( 'NONE',  ( 37.37143544770081149, -4.833710128689403973, 7.128818744042865418 ) ) ;
#15 = CIRCLE ( 'NONE', #3505, 1.050000000000000266 ) ;
#16 = CARTESIAN_POINT ( 'NONE',  ( 43.09157530381686740, -1.476020946829515568, 1.000000000000000888 ) ) ;
#17 = VECTOR ( 'NONE', #368, 1000.000000000000000 ) ;
#18 = CARTESIAN_POINT ( 'NONE',  ( 2.528598933626911460, 9.416405228794101134, -54.44988512710717288 ) ) ;
#19 = AXIS2_PLACEMENT_3D ( 'NONE', #1054, #3770, #3219 ) ;
#20 = VECTOR ( 'NONE', #1312, 1000.000000000000000 ) ;
#21 = ADVANCED_FACE ( 'NONE', ( #92 ), #1354, .F. ) ;
#22 = VERTEX_POINT ( 'NONE', #2838 ) ;
#23 = CARTESIAN_POINT ( 'NONE',  ( 0.000000000000000000, 0.000000000000000000, 6.200000000000000178 ) ) ;
#24 = DIRECTION ( 'NONE',  ( -0.000000000000000000, 0.000000000000000000, 1.000000000000000000 ) ) ;
#25 = PRODUCT_DEFINITION_FORMATION_WITH_SPECIFIED_SOURCE ( '任何', '', #2178, .NOT_KNOWN. ) ;
#26 = AXIS2_PLACEMENT_3D ( 'NONE', #3356, #3061, #1234 ) ;
#27 = ORIENTED_EDGE ( 'NONE', *, *, #2879, .F. ) ;
#28 = VERTEX_POINT ( 'NONE', #389 ) ;
#29 =( BOUNDED_CURVE ( )  B_SPLINE_CURVE ( 3, ( #2538, #448, #1023, #1666 ),
 .UNSPECIFIED., .F., .T. ) 
 B_SPLINE_CURVE_WITH_KNOTS ( ( 4, 4 ),
 ( 3.388769465302619022, 5.540108495519198151 ),
 .UNSPECIFIED. ) 
 CURVE ( )  GEOMETRIC_REPRESENTATION_ITEM ( )  RATIONAL_B_SPLINE_CURVE ( ( 1.000000000000000000, 0.6500954918449113329, 0.6500954918449113329, 1.000000000000000000 ) ) 
 REPRESENTATION_ITEM ( '' )  );
#30 = DIRECTION ( 'NONE',  ( -0.000000000000000000, 0.000000000000000000, 1.000000000000000000 ) ) ;
#31 = CARTESIAN_POINT ( 'NONE',  ( -8.394264104813469629, -4.959720772245162834, 6.200000000000000178 ) ) ;
#32 = DIRECTION ( 'NONE',  ( -5.342749193930370250E-18, -0.9434112412789964486, 0.3316251344943916268 ) ) ;
#33 = DIRECTION ( 'NONE',  ( -1.000000000000000000, 0.000000000000000000, 0.000000000000000000 ) ) ;
#34 = DIRECTION ( 'NONE',  ( -0.000000000000000000, -0.000000000000000000, -1.000000000000000000 ) ) ;
#35 = CARTESIAN_POINT ( 'NONE',  ( 74.20278130710738651, -10.72962141571071193, 6.200000000001423039 ) ) ;
#36 = EDGE_CURVE ( 'NONE', #1289, #2926, #2816, .T. ) ;
#37 = ORIENTED_EDGE ( 'NONE', *, *, #412, .T. ) ;
#38 = ORIENTED_EDGE ( 'NONE', *, *, #998, .T. ) ;
#39 = CARTESIAN_POINT ( 'NONE',  ( 60.56348123872448497, -5.817339552778483025, 12.28161910199199980 ) ) ;
#40 = CYLINDRICAL_SURFACE ( 'NONE', #970, 10.99999999999997158 ) ;
#41 = EDGE_CURVE ( 'NONE', #434, #146, #2855, .T. ) ;
#42 = ORIENTED_EDGE ( 'NONE', *, *, #2089, .F. ) ;
#43 = ORIENTED_EDGE ( 'NONE', *, *, #3435, .F. ) ;
#44 = COORDINATED_UNIVERSAL_TIME_OFFSET ( 8, 0, .AHEAD. ) ;
#45 = DIRECTION ( 'NONE',  ( 0.000000000000000000, 0.000000000000000000, 1.000000000000000000 ) ) ;
#46 = DIRECTION ( 'NONE',  ( 1.000000000000000000, 0.000000000000000000, 0.000000000000000000 ) ) ;
#47 = CARTESIAN_POINT ( 'NONE',  ( 50.55064315194532298, -17.03889185624278468, 1.089746747972091034 ) ) ;
#48 = DIRECTION ( 'NONE',  ( -0.000000000000000000, -0.000000000000000000, 1.000000000000000000 ) ) ;
#49 = CARTESIAN_POINT ( 'NONE',  ( -1.050000000000000266, 8.000000000000000000, -13.79999999999999893 ) ) ;
#50 = CARTESIAN_POINT ( 'NONE',  ( 74.48080389052951489, -9.247272918709253275, 7.247518319977478640 ) ) ;
#51 = DIRECTION ( 'NONE',  ( -1.000000000000000000, 0.000000000000000000, 0.000000000000000000 ) ) ;
#52 = ORIENTED_EDGE ( 'NONE', *, *, #597, .F. ) ;
#53 = ADVANCED_FACE ( 'NONE', ( #2223 ), #3776, .F. ) ;
#54 = ORIENTED_EDGE ( 'NONE', *, *, #3854, .F. ) ;
#55 = DIRECTION ( 'NONE',  ( 1.000000000000000000, 0.000000000000000000, 0.000000000000000000 ) ) ;
#56 = CARTESIAN_POINT ( 'NONE',  ( -10.04909972764970050, 2.421008771658812453, 0.000000000000000000 ) ) ;
#57 = AXIS2_PLACEMENT_3D ( 'NONE', #1084, #3029, #2989 ) ;
#58 = ORIENTED_EDGE ( 'NONE', *, *, #3714, .T. ) ;
#59 = EDGE_LOOP ( 'NONE', ( #3863, #2334, #2586, #933 ) ) ;
#60 = EDGE_CURVE ( 'NONE', #2287, #2234, #254, .T. ) ;
#61 = AXIS2_PLACEMENT_3D ( 'NONE', #1133, #224, #1450 ) ;
#62 = PERSON_AND_ORGANIZATION ( #3064, #213 ) ;
#63 = LINE ( 'NONE', #989, #272 ) ;
#64 = CARTESIAN_POINT ( 'NONE',  ( 43.09157530381686740, -1.476020946829515568, 1.000000000000000888 ) ) ;
#65 = CIRCLE ( 'NONE', #1530, 3.762221576582363891 ) ;
#66 = UNCERTAINTY_MEASURE_WITH_UNIT (LENGTH_MEASURE( 1.000000000000000082E-05 ), #1776, 'distance_accuracy_value', 'NONE');
#67 = CARTESIAN_POINT ( 'NONE',  ( -8.132302056181712757, 8.824152269029738704, 6.200000000000000178 ) ) ;
#68 = AXIS2_PLACEMENT_3D ( 'NONE', #2964, #515, #2724 ) ;
#69 = DIRECTION ( 'NONE',  ( 1.000000000000000000, 0.000000000000000000, 0.000000000000000000 ) ) ;
#70 = CIRCLE ( 'NONE', #10, 1.000000000000000000 ) ;
#71 = FACE_OUTER_BOUND ( 'NONE', #2620, .T. ) ;
#72 = CIRCLE ( 'NONE', #517, 3.762221576582363891 ) ;
#73 = AXIS2_PLACEMENT_3D ( 'NONE', #1171, #2643, #2681 ) ;
#74 = DIRECTION ( 'NONE',  ( -1.000000000000000000, 0.000000000000000000, 0.000000000000000000 ) ) ;
#75 = AXIS2_PLACEMENT_3D ( 'NONE', #851, #3584, #3255 ) ;
#76 = VERTEX_POINT ( 'NONE', #1060 ) ;
#77 = CARTESIAN_POINT ( 'NONE',  ( 3.535331853275972325, 9.713244437154374467, 0.000000000000000000 ) ) ;
#78 = DIRECTION ( 'NONE',  ( 0.08870069432740626536, 0.3303179759963836837, 0.9396926207859080948 ) ) ;
#79 = CC_DESIGN_PERSON_AND_ORGANIZATION_ASSIGNMENT ( #3360, #3102, ( #2200 ) ) ;
#80 = VERTEX_POINT ( 'NONE', #3406 ) ;
#81 = ORIENTED_EDGE ( 'NONE', *, *, #1201, .T. ) ;
#82 = CIRCLE ( 'NONE', #1735, 9.750000000000000000 ) ;
#83 = APPROVAL_ROLE ( '' ) ;
#84 = DIRECTION ( 'NONE',  ( -1.000000000000000000, 0.000000000000000000, 0.000000000000000000 ) ) ;
#85 = FACE_OUTER_BOUND ( 'NONE', #943, .T. ) ;
#86 = EDGE_CURVE ( 'NONE', #652, #374, #2244, .T. ) ;
#87 = ORIENTED_EDGE ( 'NONE', *, *, #2449, .F. ) ;
#88 = CARTESIAN_POINT ( 'NONE',  ( -12.52788697591600986, 2.540997260946908032, 6.200000000000000178 ) ) ;
#89 = CARTESIAN_POINT ( 'NONE',  ( 74.70370965555871123, -2.037544741049976071, 6.200000000000001954 ) ) ;
#90 = EDGE_CURVE ( 'NONE', #2257, #2797, #1923, .T. ) ;
#91 = CARTESIAN_POINT ( 'NONE',  ( -2.528598933626911904, -9.416405228794101134, 1.000000000000001776 ) ) ;
#92 = FACE_OUTER_BOUND ( 'NONE', #1116, .T. ) ;
#93 = VERTEX_POINT ( 'NONE', #1938 ) ;
#94 = CARTESIAN_POINT ( 'NONE',  ( 62.20102312275032830, -21.08009125248062432, 1.051721181301298547 ) ) ;
#95 = CYLINDRICAL_SURFACE ( 'NONE', #1404, 5.500000000000000000 ) ;
#96 = ORIENTED_EDGE ( 'NONE', *, *, #2687, .T. ) ;
#97 = VERTEX_POINT ( 'NONE', #468 ) ;
#98 = CARTESIAN_POINT ( 'NONE',  ( 60.15705922339965639, 7.527631182148775579, 6.823032264506376343 ) ) ;
#99 = DIRECTION ( 'NONE',  ( 0.000000000000000000, -0.9434112412789963376, 0.3316251344943918489 ) ) ;
#100 = ORIENTED_EDGE ( 'NONE', *, *, #2850, .F. ) ;
#101 = VERTEX_POINT ( 'NONE', #3469 ) ;
#102 = DIRECTION ( 'NONE',  ( -0.4863335834657757650, 0.8737732232068783356, 0.000000000000000000 ) ) ;
#103 = EDGE_CURVE ( 'NONE', #101, #1574, #750, .T. ) ;
#104 = DIRECTION ( 'NONE',  ( -0.000000000000000000, -0.000000000000000000, -1.000000000000000000 ) ) ;
#105 = CARTESIAN_POINT ( 'NONE',  ( -11.12833698389885662, -4.490001778706653290, 6.200000000000000178 ) ) ;
#106 = EDGE_CURVE ( 'NONE', #425, #3451, #1583, .T. ) ;
#107 = CARTESIAN_POINT ( 'NONE',  ( 43.10734808567836041, -1.515899792635846177, 5.495800078619192952 ) ) ;
#108 = ADVANCED_FACE ( 'NONE', ( #2517 ), #2280, .T. ) ;
#109 = DIRECTION ( 'NONE',  ( 0.9657851516711897233, -0.2593434803719908976, 0.000000000000000000 ) ) ;
#110 = DIRECTION ( 'NONE',  ( -0.000000000000000000, -0.000000000000000000, 1.000000000000000000 ) ) ;
#111 = ORIENTED_EDGE ( 'NONE', *, *, #9, .T. ) ;
#112 = DIRECTION ( 'NONE',  ( -0.000000000000000000, -0.000000000000000000, -1.000000000000000000 ) ) ;
#113 = CARTESIAN_POINT ( 'NONE',  ( -8.132302056181712757, 8.824152269029738704, 0.000000000000000000 ) ) ;
#114 = VERTEX_POINT ( 'NONE', #2821 ) ;
#115 = ORIENTED_EDGE ( 'NONE', *, *, #2585, .F. ) ;
#116 = CARTESIAN_POINT ( 'NONE',  ( 6.706854249492520736, 5.656854249492620390, -13.79999999999999893 ) ) ;
#117 = APPROVAL_ROLE ( '' ) ;
#118 = CARTESIAN_POINT ( 'NONE',  ( -4.606854249492021935, 5.656854249492139886, -13.79999999999999893 ) ) ;
#119 = VERTEX_POINT ( 'NONE', #1316 ) ;
#120 = ORIENTED_EDGE ( 'NONE', *, *, #960, .F. ) ;
#121 = FACE_BOUND ( 'NONE', #3713, .T. ) ;
#122 =( BOUNDED_SURFACE ( )  B_SPLINE_SURFACE ( 3, 2, ( 
 ( #3149, #426, #159 ),
 ( #2209, #3409, #3115 ),
 ( #3135, #1319, #407 ),
 ( #489, #3903, #2679 ),
 ( #3599, #2326, #2021 ),
 ( #2974, #2995, #1444 ),
 ( #508, #192, #281 ),
 ( #2958, #3253, #1087 ),
 ( #2702, #2310, #1701 ),
 ( #1170, #3210, #867 ),
 ( #3227, #3520, #259 ),
 ( #2917, #2642, #789 ),
 ( #239, #1725, #2657 ),
 ( #1462, #2006, #2622 ),
 ( #3842, #1401, #2365 ),
 ( #3556, #2940, #2083 ),
 ( #1768, #3878, #1109 ),
 ( #533, #2390, #1489 ),
 ( #3289, #828, #3538 ),
 ( #2043, #1424, #807 ),
 ( #571, #1786, #219 ),
 ( #3860, #1127, #2344 ),
 ( #1751, #1147, #849 ),
 ( #3582, #2065, #3272 ),
 ( #549, #2482, #596 ),
 ( #318, #2163, #2740 ),
 ( #3054, #3640, #338 ),
 ( #3092, #35, #1551 ),
 ( #50, #3352, #3076 ),
 ( #2408, #668, #629 ),
 ( #3699, #1884, #1258 ),
 ( #963, #2190, #3389 ),
 ( #3615, #370, #1528 ),
 ( #614, #2462, #356 ) ),
 .UNSPECIFIED., .F., .F., .F. ) 
 B_SPLINE_SURFACE_WITH_KNOTS ( ( 4, 2, 2, 2, 2, 2, 2, 2, 2, 2, 2, 2, 2, 2, 2, 2, 4 ),
 ( 3, 3 ),
 ( 0.8133007600428556749, 1.108726243510127052, 1.404151726977398429, 1.699577210444669806, 1.995002693911941405, 2.290428177379213004, 2.585853660846484381, 2.881279144313755758, 3.176704627781027135, 3.472130111248298512, 3.767555594715569889, 4.062981078182841266, 4.358406561650112643, 4.653832045117384020, 4.949257528584655397, 5.244683012051926774, 5.540108495519198151 ),
 ( 0.000000000000000000, 1.000000000000000000 ),
 .UNSPECIFIED. ) 
 GEOMETRIC_REPRESENTATION_ITEM ( )  RATIONAL_B_SPLINE_SURFACE ( (
 ( 1.000000000000000000, 0.6184644683513755847, 1.000000000000000000),
 ( 1.000000000000000000, 0.6283563939410622412, 1.000000000000000000),
 ( 1.000000000000000000, 0.6393928214210808925, 1.000000000000000000),
 ( 1.000000000000000000, 0.6625493557295811797, 1.000000000000000000),
 ( 1.000000000000000000, 0.6746651364363964731, 1.000000000000000000),
 ( 1.000000000000000000, 0.6988468756395587178, 1.000000000000000000),
 ( 1.000000000000000000, 0.7109112479353656422, 1.000000000000000000),
 ( 1.000000000000000000, 0.7340275128546616124, 1.000000000000000000),
 ( 1.000000000000000000, 0.7450791629639494928, 1.000000000000000000),
 ( 1.000000000000000000, 0.7654006797065273648, 1.000000000000000000),
 ( 1.000000000000000000, 0.7746707981512966912, 1.000000000000000000),
 ( 1.000000000000000000, 0.7908503045356766181, 1.000000000000000000),
 ( 1.000000000000000000, 0.7977600239148261441, 1.000000000000000000),
 ( 1.000000000000000000, 0.8088200742447766434, 1.000000000000000000),
 ( 1.000000000000000000, 0.8129706558660171334, 1.000000000000000000),
 ( 1.000000000000000000, 0.8182848463423876284, 1.000000000000000000),
 ( 1.000000000000000000, 0.8194485771004685892, 1.000000000000000000),
 ( 1.000000000000000000, 0.8187268317571830822, 1.000000000000000000),
 ( 1.000000000000000000, 0.8168413391210251895, 1.000000000000000000),
 ( 1.000000000000000000, 0.8101226587415371050, 1.000000000000000000),
 ( 1.000000000000000000, 0.8052893169012821373, 1.000000000000000000),
 ( 1.000000000000000000, 0.7929427656109983014, 1.000000000000000000),
 ( 1.000000000000000000, 0.7854292793925816696, 1.000000000000000000),
 ( 1.000000000000000000, 0.7681631321001736179, 1.000000000000000000),
 ( 1.000000000000000000, 0.7584101373616219943, 1.000000000000000000),
 ( 1.000000000000000000, 0.7372880359677157491, 1.000000000000000000),
 ( 1.000000000000000000, 0.7259187440027187188, 1.000000000000000000),
 ( 1.000000000000000000, 0.7023782894164679602, 1.000000000000000000),
 ( 1.000000000000000000, 0.6902075926597857070, 1.000000000000000000),
 ( 1.000000000000000000, 0.6660679195809400266, 1.000000000000000000),
 ( 1.000000000000000000, 0.6541010270238388769, 1.000000000000000000),
 ( 1.000000000000000000, 0.6315279295262122838, 1.000000000000000000),
 ( 1.000000000000000000, 0.6209261304680989690, 1.000000000000000000),
 ( 1.000000000000000000, 0.6116124780246950943, 1.000000000000000000) ) ) 
 REPRESENTATION_ITEM ( '' )  SURFACE ( )  );
#123 = AXIS2_PLACEMENT_3D ( 'NONE', #2236, #1879, #2511 ) ;
#124 = CARTESIAN_POINT ( 'NONE',  ( 73.27230652869540961, 0.5041544468704219906, 6.294488002901856838 ) ) ;
#125 = ADVANCED_FACE ( 'NONE', ( #862 ), #1374, .T. ) ;
#126 = AXIS2_PLACEMENT_3D ( 'NONE', #1785, #2389, #2621 ) ;
#127 = DIRECTION ( 'NONE',  ( -0.000000000000000000, -0.000000000000000000, 1.000000000000000000 ) ) ;
#128 = CIRCLE ( 'NONE', #3052, 1.050000000000703260 ) ;
#129 = EDGE_CURVE ( 'NONE', #2068, #243, #630, .T. ) ;
#130 = CARTESIAN_POINT ( 'NONE',  ( -5.656854249492281994, 5.656854249492139886, -13.79999999999999893 ) ) ;
#131 = VERTEX_POINT ( 'NONE', #3612 ) ;
#132 = CARTESIAN_POINT ( 'NONE',  ( 0.000000000000000000, 0.000000000000000000, 6.200000000000000178 ) ) ;
#133 = AXIS2_PLACEMENT_3D ( 'NONE', #294, #1499, #3932 ) ;
#134 = CARTESIAN_POINT ( 'NONE',  ( 1.343324028180502561, 11.92457464882135376, 6.200000000000000178 ) ) ;
#135 = AXIS2_PLACEMENT_3D ( 'NONE', #1248, #2748, #2133 ) ;
#136 = ADVANCED_FACE ( 'NONE', ( #1184 ), #565, .T. ) ;
#137 = VECTOR ( 'NONE', #2659, 1000.000000000000114 ) ;
#138 = ORIENTED_EDGE ( 'NONE', *, *, #1160, .F. ) ;
#139 = ORIENTED_EDGE ( 'NONE', *, *, #3094, .T. ) ;
#140 = DIRECTION ( 'NONE',  ( 0.8412535328311805394, 0.5406408174555986657, 0.000000000000000000 ) ) ;
#141 = DIRECTION ( 'NONE',  ( -0.000000000000000000, -0.000000000000000000, 1.000000000000000000 ) ) ;
#142 = VECTOR ( 'NONE', #3211, 1000.000000000000000 ) ;
#143 = AXIS2_PLACEMENT_3D ( 'NONE', #1082, #3515, #785 ) ;
#144 = DIRECTION ( 'NONE',  ( 1.099079834179962470E-17, -0.9434112412789963376, 0.3316251344943915713 ) ) ;
#145 = AXIS2_PLACEMENT_3D ( 'NONE', #1740, #2295, #1653 ) ;
#146 = VERTEX_POINT ( 'NONE', #3348 ) ;
#147 = CIRCLE ( 'NONE', #526, 1.000000000000002442 ) ;
#148 = ORIENTED_EDGE ( 'NONE', *, *, #3422, .T. ) ;
#149 = DIRECTION ( 'NONE',  ( -1.000000000000000000, 0.000000000000000000, 0.000000000000000000 ) ) ;
#150 = DIRECTION ( 'NONE',  ( -0.000000000000000000, 0.000000000000000000, 1.000000000000000000 ) ) ;
#151 = AXIS2_PLACEMENT_3D ( 'NONE', #1931, #432, #144 ) ;
#152 = DIRECTION ( 'NONE',  ( 0.000000000000000000, 0.000000000000000000, 1.000000000000000000 ) ) ;
#153 = CARTESIAN_POINT ( 'NONE',  ( -7.998624034700959839, 5.575348738106353785, 6.200000000000000178 ) ) ;
#154 = LINE ( 'NONE', #2262, #2302 ) ;
#155 = CARTESIAN_POINT ( 'NONE',  ( 69.33425834098720486, 4.432232929156119994, 7.168417780761819458 ) ) ;
#156 = FACE_OUTER_BOUND ( 'NONE', #1682, .T. ) ;
#157 = ORIENTED_EDGE ( 'NONE', *, *, #1463, .F. ) ;
#158 = CARTESIAN_POINT ( 'NONE',  ( 56.09592396296434913, -22.45435111358932545, -4.336808689942017736E-16 ) ) ;
#159 = CARTESIAN_POINT ( 'NONE',  ( 52.19796585968396130, 6.173397585376303454, 6.200000000000000178 ) ) ;
#160 = ORIENTED_EDGE ( 'NONE', *, *, #1747, .T. ) ;
#161 = VERTEX_POINT ( 'NONE', #174 ) ;
#162 = CARTESIAN_POINT ( 'NONE',  ( -5.316835701505224776, 10.75784635153335245, 6.200000000000000178 ) ) ;
#163 = CARTESIAN_POINT ( 'NONE',  ( 72.83596343402564344, 1.089137618339781621, 6.340680999888743230 ) ) ;
#164 = CARTESIAN_POINT ( 'NONE',  ( 0.000000000000000000, 0.000000000000000000, 1.000000000000000000 ) ) ;
#165 = EDGE_CURVE ( 'NONE', #2234, #3005, #3106, .T. ) ;
#166 = ORIENTED_EDGE ( 'NONE', *, *, #2405, .F. ) ;
#167 = ORIENTED_EDGE ( 'NONE', *, *, #1831, .T. ) ;
#168 = DIRECTION ( 'NONE',  ( -0.000000000000000000, 0.000000000000000000, 1.000000000000000000 ) ) ;
#169 = CARTESIAN_POINT ( 'NONE',  ( 61.59517589021085371, 7.407713454113306284, 6.240304426490233425 ) ) ;
#170 = CARTESIAN_POINT ( 'NONE',  ( 71.23001179011784245, 2.204403521037984426, 6.577535269854338118 ) ) ;
#171 = CARTESIAN_POINT ( 'NONE',  ( -8.225486823948159554, -6.259956494877047639, 6.200000000000000178 ) ) ;
#172 = CARTESIAN_POINT ( 'NONE',  ( 5.656854249492480058, 5.656854249492620390, 0.000000000000000000 ) ) ;
#173 = CC_DESIGN_PERSON_AND_ORGANIZATION_ASSIGNMENT ( #3068, #3122, ( #1283 ) ) ;
#174 = CARTESIAN_POINT ( 'NONE',  ( -5.500000000000000000, 6.735557395310442023E-16, 5.200000000000001066 ) ) ;
#175 = ORIENTED_EDGE ( 'NONE', *, *, #1852, .T. ) ;
#176 = CARTESIAN_POINT ( 'NONE',  ( 48.22080162001904569, 4.001263866548896431, 5.200000000000000178 ) ) ;
#177 = ORIENTED_EDGE ( 'NONE', *, *, #3668, .T. ) ;
#178 = ORIENTED_EDGE ( 'NONE', *, *, #3049, .F. ) ;
#179 = CARTESIAN_POINT ( 'NONE',  ( -0.9662303906370903750, -10.29135985382434448, 6.200000000000000178 ) ) ;
#180 = VERTEX_POINT ( 'NONE', #2593 ) ;
#181 = EDGE_CURVE ( 'NONE', #1629, #1051, #1775, .T. ) ;
#182 = ORIENTED_EDGE ( 'NONE', *, *, #3854, .T. ) ;
#183 = DIRECTION ( 'NONE',  ( 0.000000000000000000, 0.000000000000000000, 1.000000000000000000 ) ) ;
#184 = CARTESIAN_POINT ( 'NONE',  ( 71.83901999780114522, 2.796208202702476164, 6.109973455327363467 ) ) ;
#185 = CYLINDRICAL_SURFACE ( 'NONE', #909, 3.762221576582363003 ) ;
#186 = CARTESIAN_POINT ( 'NONE',  ( 55.74318873396001806, 0.8539927868164091107, -4.336808689942017243E-16 ) ) ;
#187 = CIRCLE ( 'NONE', #2097, 0.9999999999999996669 ) ;
#188 = CARTESIAN_POINT ( 'NONE',  ( 65.16592171053800087, 6.654153707762791470, 6.664229948230752321 ) ) ;
#189 = VECTOR ( 'NONE', #127, 1000.000000000000000 ) ;
#190 = ORIENTED_EDGE ( 'NONE', *, *, #357, .T. ) ;
#191 = CYLINDRICAL_SURFACE ( 'NONE', #126, 3.762221576582363003 ) ;
#192 = CARTESIAN_POINT ( 'NONE',  ( 45.98571321890880625, -4.281863682896514867, 6.199999999999999289 ) ) ;
#193 = CARTESIAN_POINT ( 'NONE',  ( 0.000000000000000000, 0.000000000000000000, 6.200000000000000178 ) ) ;
#194 = CIRCLE ( 'NONE', #3629, 12.00000000000000178 ) ;
#195 = CARTESIAN_POINT ( 'NONE',  ( 4.606854249492434938, -5.656854249492140774, 6.200000000000000178 ) ) ;
#196 = VERTEX_POINT ( 'NONE', #1165 ) ;
#197 = AXIS2_PLACEMENT_3D ( 'NONE', #2198, #1911, #1305 ) ;
#198 = ORIENTED_EDGE ( 'NONE', *, *, #2102, .F. ) ;
#199 = DIRECTION ( 'NONE',  ( 1.000000000000000000, 0.000000000000000000, 0.000000000000000000 ) ) ;
#200 = CARTESIAN_POINT ( 'NONE',  ( 8.000000000000339284, 3.395909370058713179E-13, -13.79999999999999893 ) ) ;
#201 = ORIENTED_EDGE ( 'NONE', *, *, #412, .F. ) ;
#202 = VERTEX_POINT ( 'NONE', #3657 ) ;
#203 = AXIS2_PLACEMENT_3D ( 'NONE', #3794, #3421, #1038 ) ;
#204 = CIRCLE ( 'NONE', #3247, 1.000000000000000666 ) ;
#205 = LINE ( 'NONE', #2587, #2618 ) ;
#206 = CARTESIAN_POINT ( 'NONE',  ( 66.61813913086770356, 6.051430470367257008, 6.183455942388904170 ) ) ;
#207 = CARTESIAN_POINT ( 'NONE',  ( 73.22873662574136233, 1.321558161364034145, 6.201516505331399642 ) ) ;
#208 = EDGE_CURVE ( 'NONE', #1326, #632, #1524, .T. ) ;
#209 = DIRECTION ( 'NONE',  ( -0.000000000000000000, -0.000000000000000000, 1.000000000000000000 ) ) ;
#210 = CIRCLE ( 'NONE', #651, 3.762221576582364335 ) ;
#211 = AXIS2_PLACEMENT_3D ( 'NONE', #3935, #351, #2757 ) ;
#212 = CARTESIAN_POINT ( 'NONE',  ( 56.89051398438667206, 1.865566310195446720, 1.948278818698397030 ) ) ;
#213 = ORGANIZATION ( '未指定', '未指定', '' ) ;
#214 = AXIS2_PLACEMENT_3D ( 'NONE', #1287, #3705, #3722 ) ;
#215 = EDGE_CURVE ( 'NONE', #2797, #2110, #2026, .T. ) ;
#216 = DIRECTION ( 'NONE',  ( -1.000000000000000000, 0.000000000000000000, 0.000000000000000000 ) ) ;
#217 = ORIENTED_EDGE ( 'NONE', *, *, #1045, .T. ) ;
#218 = DIRECTION ( 'NONE',  ( -0.000000000000000000, -0.000000000000000000, -1.000000000000000000 ) ) ;
#219 = CARTESIAN_POINT ( 'NONE',  ( 63.92111139830214483, -23.36466993113718971, 6.200000000000000178 ) ) ;
#220 = DIRECTION ( 'NONE',  ( -0.000000000000000000, 0.000000000000000000, 1.000000000000000000 ) ) ;
#221 = CARTESIAN_POINT ( 'NONE',  ( 53.90628826038537369, 6.074846255451775257, 7.426074282055687981 ) ) ;
#222 = VERTEX_POINT ( 'NONE', #2735 ) ;
#223 = ORIENTED_EDGE ( 'NONE', *, *, #2009, .F. ) ;
#224 = DIRECTION ( 'NONE',  ( 0.000000000000000000, -0.000000000000000000, -1.000000000000000000 ) ) ;
#225 = DIRECTION ( 'NONE',  ( -1.000000000000000000, 0.000000000000000000, 0.000000000000000000 ) ) ;
#226 = VERTEX_POINT ( 'NONE', #2403 ) ;
#227 = VERTEX_POINT ( 'NONE', #878 ) ;
#228 = CYLINDRICAL_SURFACE ( 'NONE', #2753, 3.762221576582363003 ) ;
#229 = CARTESIAN_POINT ( 'NONE',  ( 71.94315135248899651, 1.657244597369169625, 7.450689892268535175 ) ) ;
#230 = DIRECTION ( 'NONE',  ( -0.9594929736144992560, 0.2817325568414236758, 0.000000000000000000 ) ) ;
#231 = DIRECTION ( 'NONE',  ( -0.000000000000000000, -0.000000000000000000, 1.000000000000000000 ) ) ;
#232 = EDGE_CURVE ( 'NONE', #101, #832, #566, .T. ) ;
#233 = CARTESIAN_POINT ( 'NONE',  ( 74.14538336179562350, 0.3535912387024467418, 5.317756441919562427 ) ) ;
#234 = CARTESIAN_POINT ( 'NONE',  ( -6.949999999999157296, -3.405706544451890981E-13, 0.000000000000000000 ) ) ;
#235 = EDGE_CURVE ( 'NONE', #3559, #3178, #1140, .T. ) ;
#236 = EDGE_CURVE ( 'NONE', #3039, #897, #3396, .T. ) ;
#237 = ORIENTED_EDGE ( 'NONE', *, *, #2836, .F. ) ;
#238 = CARTESIAN_POINT ( 'NONE',  ( 68.64004246420515187, -0.01428002369275129836, -4.336808689942017736E-16 ) ) ;
#239 = CARTESIAN_POINT ( 'NONE',  ( 48.38786923252850158, -17.22058499076101157, 6.927219050835789815 ) ) ;
#240 = CARTESIAN_POINT ( 'NONE',  ( 0.000000000000000000, 8.000000000000000000, 6.200000000000000178 ) ) ;
#241 = CARTESIAN_POINT ( 'NONE',  ( -8.410437171827107150, -6.009179260718303439, 0.000000000000000000 ) ) ;
#242 = ORIENTED_EDGE ( 'NONE', *, *, #2639, .F. ) ;
#243 = VERTEX_POINT ( 'NONE', #905 ) ;
#244 = CARTESIAN_POINT ( 'NONE',  ( 57.39217553701080732, 7.341097213226753126, 6.368778661058716928 ) ) ;
#245 = CARTESIAN_POINT ( 'NONE',  ( 61.63494206330813796, 7.404660922203468054, 6.144955823595979361 ) ) ;
#246 = ORIENTED_EDGE ( 'NONE', *, *, #1543, .F. ) ;
#247 = ORIENTED_EDGE ( 'NONE', *, *, #1153, .F. ) ;
#248 = CARTESIAN_POINT ( 'NONE',  ( 66.65498111307731222, 6.029898779503721329, 6.220295514814019988 ) ) ;
#249 = DIRECTION ( 'NONE',  ( -0.000000000000000000, 0.000000000000000000, 1.000000000000000000 ) ) ;
#250 = CARTESIAN_POINT ( 'NONE',  ( 62.58681735671508761, 7.318994838105930434, 6.601255230723306333 ) ) ;
#251 = FACE_OUTER_BOUND ( 'NONE', #1665, .T. ) ;
#252 = FACE_OUTER_BOUND ( 'NONE', #3293, .T. ) ;
#253 = EDGE_CURVE ( 'NONE', #1927, #1, #589, .T. ) ;
#254 = CIRCLE ( 'NONE', #3812, 3.762221576582363891 ) ;
#255 = CARTESIAN_POINT ( 'NONE',  ( 1.728146906006783556, 9.465953994470163835, 0.4937940722868808807 ) ) ;
#256 = EDGE_CURVE ( 'NONE', #1875, #2272, #2159, .T. ) ;
#257 = AXIS2_PLACEMENT_3D ( 'NONE', #2011, #1671, #3743 ) ;
#258 = FACE_OUTER_BOUND ( 'NONE', #636, .T. ) ;
#259 = CARTESIAN_POINT ( 'NONE',  ( 45.44659275464447035, -13.60073179923518261, 6.200000000000000178 ) ) ;
#260 = DIRECTION ( 'NONE',  ( 0.000000000000000000, 0.000000000000000000, 1.000000000000000000 ) ) ;
#261 = CARTESIAN_POINT ( 'NONE',  ( 6.706854249492520736, 5.656854249492620390, 6.200000000000000178 ) ) ;
#262 = EDGE_CURVE ( 'NONE', #2598, #1850, #314, .T. ) ;
#263 = CIRCLE ( 'NONE', #2353, 3.762221576582362559 ) ;
#264 = EDGE_LOOP ( 'NONE', ( #302, #1207, #428, #852 ) ) ;
#265 = ORIENTED_EDGE ( 'NONE', *, *, #2567, .T. ) ;
#266 = DIRECTION ( 'NONE',  ( 0.000000000000000000, -0.9434112412789964486, 0.3316251344943915158 ) ) ;
#267 = APPLICATION_CONTEXT ( 'configuration controlled 3d designs of mechanical parts and assemblies' ) ;
#268 = EDGE_CURVE ( 'NONE', #3497, #2843, #263, .T. ) ;
#269 = TOROIDAL_SURFACE ( 'NONE', #1848, 12.89999999999998259, 1.500000000000000000 ) ;
#270 = ORIENTED_EDGE ( 'NONE', *, *, #3430, .F. ) ;
#271 = VERTEX_POINT ( 'NONE', #2443 ) ;
#272 = VECTOR ( 'NONE', #1989, 1000.000000000000000 ) ;
#273 = DIRECTION ( 'NONE',  ( 0.8412535328311805394, 0.5406408174555986657, 0.000000000000000000 ) ) ;
#274 = DIRECTION ( 'NONE',  ( 1.000000000000000000, 0.000000000000000000, 0.000000000000000000 ) ) ;
#275 = AXIS2_PLACEMENT_3D ( 'NONE', #1826, #3033, #1227 ) ;
#276 = CARTESIAN_POINT ( 'NONE',  ( 59.76591398852781367, 7.418942032818148569, 6.543182402697400590 ) ) ;
#277 = DIRECTION ( 'NONE',  ( -0.000000000000000000, -0.000000000000000000, -1.000000000000000000 ) ) ;
#278 = CARTESIAN_POINT ( 'NONE',  ( 49.36804100773545656, -17.88841971325034663, -4.336808689942017736E-16 ) ) ;
#279 = AXIS2_PLACEMENT_3D ( 'NONE', #3940, #2761, #2460 ) ;
#280 = CYLINDRICAL_SURFACE ( 'NONE', #3376, 1.050000000000524514 ) ;
#281 = CARTESIAN_POINT ( 'NONE',  ( 45.01502495856816211, -4.079233405644099975, 6.200000000000000178 ) ) ;
#282 = CARTESIAN_POINT ( 'NONE',  ( 65.97083524797454857, -17.45637317687481627, 6.200000000000000178 ) ) ;
#283 = CARTESIAN_POINT ( 'NONE',  ( 60.56348123872448497, 5.975300963208945326, 8.136304920812113650 ) ) ;
#284 = AXIS2_PLACEMENT_3D ( 'NONE', #1032, #1306, #1008 ) ;
#285 = ORIENTED_EDGE ( 'NONE', *, *, #918, .F. ) ;
#286 = ORIENTED_EDGE ( 'NONE', *, *, #1906, .T. ) ;
#287 = CARTESIAN_POINT ( 'NONE',  ( 87.14024193595442114, -3.243760837995189217, -4.336808689942017736E-16 ) ) ;
#288 = ADVANCED_FACE ( 'NONE', ( #251 ), #3284, .T. ) ;
#289 = CARTESIAN_POINT ( 'NONE',  ( 5.656854249492959674, -5.656854249492140774, 0.000000000000000000 ) ) ;
#290 =( BOUNDED_CURVE ( )  B_SPLINE_CURVE ( 3, ( #1454, #2017, #1418, #3222 ),
 .UNSPECIFIED., .F., .T. ) 
 B_SPLINE_CURVE_WITH_KNOTS ( ( 4, 4 ),
 ( 3.141592653589793116, 6.036008495466759882 ),
 .UNSPECIFIED. ) 
 CURVE ( )  GEOMETRIC_REPRESENTATION_ITEM ( )  RATIONAL_B_SPLINE_CURVE ( ( 1.000000000000000000, 0.4155160194804835561, 0.4155160194804835561, 1.000000000000000000 ) ) 
 REPRESENTATION_ITEM ( '' )  );
#291 = VERTEX_POINT ( 'NONE', #938 ) ;
#292 = EDGE_LOOP ( 'NONE', ( #1995, #1513, #2215, #3353 ) ) ;
#293 = B_SPLINE_CURVE_WITH_KNOTS ( 'NONE', 3,
 ( #3663, #669, #2146, #1885, #1282, #1059, #155, #1353, #2575, #1640, #2304, #188, #2592, #1661, #3775, #2279, #2516, #1921, #2220, #1937 ),
 .UNSPECIFIED., .F., .F.,
 ( 4, 2, 2, 2, 2, 2, 2, 2, 2, 4 ),
 ( 0.000000000000000000, 0.001804374189697316097, 0.003608748379394631327, 0.005413122569091945689, 0.007217496758789260919, 0.009021870948486575281, 0.01082624513818388964, 0.01172843223303252601, 0.01263061932788116411, 0.01443499351757848020 ),
 .UNSPECIFIED. ) ;
#294 = CARTESIAN_POINT ( 'NONE',  ( -0.8000000000000000444, 0.000000000000000000, 6.200000000000000178 ) ) ;
#295 = DIRECTION ( 'NONE',  ( -0.000000000000000000, -0.000000000000000000, -1.000000000000000000 ) ) ;
#296 = CARTESIAN_POINT ( 'NONE',  ( 61.62421100104201344, 7.379330688754483170, 6.452288955695244965 ) ) ;
#297 = DIRECTION ( 'NONE',  ( -0.9960583250120629284, 0.02941537968607202402, 0.08368123213772718505 ) ) ;
#298 = FACE_OUTER_BOUND ( 'NONE', #670, .T. ) ;
#299 = DIRECTION ( 'NONE',  ( 0.000000000000000000, 0.000000000000000000, -1.000000000000000000 ) ) ;
#300 = CARTESIAN_POINT ( 'NONE',  ( -7.999999999999661604, -3.405706544451890981E-13, 0.000000000000000000 ) ) ;
#301 = CARTESIAN_POINT ( 'NONE',  ( 43.45186305072331834, -2.365543868039674980, 0.02043065123652958517 ) ) ;
#302 = ORIENTED_EDGE ( 'NONE', *, *, #3044, .F. ) ;
#303 = EDGE_LOOP ( 'NONE', ( #1934, #3827 ) ) ;
#304 = CARTESIAN_POINT ( 'NONE',  ( -8.772324397136545215, -4.255446471453135260, 6.200000000000000178 ) ) ;
#305 = DIRECTION ( 'NONE',  ( 0.1423148382732820072, 0.9898214418809331283, 0.000000000000000000 ) ) ;
#306 = EDGE_CURVE ( 'NONE', #2135, #652, #2478, .T. ) ;
#307 = ORIENTED_EDGE ( 'NONE', *, *, #2031, .F. ) ;
#308 = ORIENTED_EDGE ( 'NONE', *, *, #2127, .T. ) ;
#309 = CARTESIAN_POINT ( 'NONE',  ( 55.96571263010986996, 7.087403411039026047, 6.403873448175209759 ) ) ;
#310 = DIRECTION ( 'NONE',  ( 0.000000000000000000, 0.000000000000000000, 1.000000000000000000 ) ) ;
#311 = CYLINDRICAL_SURFACE ( 'NONE', #1865, 1.050000000000703260 ) ;
#312 = EDGE_CURVE ( 'NONE', #227, #243, #1968, .T. ) ;
#313 = DIRECTION ( 'NONE',  ( -0.000000000000000000, -0.000000000000000000, -1.000000000000000000 ) ) ;
#314 = LINE ( 'NONE', #3937, #376 ) ;
#315 = DIRECTION ( 'NONE',  ( -0.9657851516711897233, 0.2593434803719909532, 0.000000000000000000 ) ) ;
#316 = CARTESIAN_POINT ( 'NONE',  ( 72.83596343402555817, 1.089137618339757863, 6.340680999888787639 ) ) ;
#317 = CARTESIAN_POINT ( 'NONE',  ( 74.97945524817347973, -2.714795363734038958, 6.200000000000000178 ) ) ;
#318 = CARTESIAN_POINT ( 'NONE',  ( 72.58486634273239702, -15.02777007149391864, 7.113035775618211431 ) ) ;
#319 = DIRECTION ( 'NONE',  ( 1.000000000000000000, 0.000000000000000000, 0.000000000000000000 ) ) ;
#320 = ORIENTED_EDGE ( 'NONE', *, *, #671, .T. ) ;
#321 = ORIENTED_EDGE ( 'NONE', *, *, #2498, .F. ) ;
#322 = CARTESIAN_POINT ( 'NONE',  ( 5.500000000000000000, 0.000000000000000000, -3.800000000000000266 ) ) ;
#323 = CARTESIAN_POINT ( 'NONE',  ( -7.218085806415214023, -6.554520370799629347, 6.200000000000000178 ) ) ;
#324 = AXIS2_PLACEMENT_3D ( 'NONE', #23, #3037, #345 ) ;
#325 = ORIENTED_EDGE ( 'NONE', *, *, #3811, .F. ) ;
#326 = CIRCLE ( 'NONE', #574, 9.750000000000000000 ) ;
#327 = EDGE_LOOP ( 'NONE', ( #2563, #2470, #1347, #3768, #797 ) ) ;
#328 = DIRECTION ( 'NONE',  ( -0.000000000000000000, 0.000000000000000000, 1.000000000000000000 ) ) ;
#329 = CIRCLE ( 'NONE', #1784, 3.762221576582363003 ) ;
#330 = FACE_OUTER_BOUND ( 'NONE', #1774, .T. ) ;
#331 = ORIENTED_EDGE ( 'NONE', *, *, #1334, .T. ) ;
#332 = AXIS2_PLACEMENT_3D ( 'NONE', #3274, #1770, #1172 ) ;
#333 = CARTESIAN_POINT ( 'NONE',  ( 49.15495834889936333, -14.38453677302627121, 1.184718964083979920 ) ) ;
#334 = ADVANCED_FACE ( 'NONE', ( #1011 ), #3443, .T. ) ;
#335 = DIRECTION ( 'NONE',  ( 0.08870069432740627924, 0.3303179759963836837, 0.9396926207859082059 ) ) ;
#336 = DIRECTION ( 'NONE',  ( -0.000000000000000000, -0.000000000000000000, -1.000000000000000000 ) ) ;
#337 = AXIS2_PLACEMENT_3D ( 'NONE', #391, #766, #3428 ) ;
#338 = CARTESIAN_POINT ( 'NONE',  ( 74.17913491667162873, -14.04988455376482825, 6.200000000000000178 ) ) ;
#339 = EDGE_CURVE ( 'NONE', #1429, #1308, #3750, .T. ) ;
#340 = AXIS2_PLACEMENT_3D ( 'NONE', #172, #2853, #1373 ) ;
#341 = TOROIDAL_SURFACE ( 'NONE', #1476, 18.00000000000000355, 1.000000000000000000 ) ;
#342 = VECTOR ( 'NONE', #1351, 1000.000000000000000 ) ;
#343 = ORIENTED_EDGE ( 'NONE', *, *, #3342, .T. ) ;
#344 = ORIENTED_EDGE ( 'NONE', *, *, #3405, .F. ) ;
#345 = DIRECTION ( 'NONE',  ( -1.000000000000000000, 0.000000000000000000, 0.000000000000000000 ) ) ;
#346 = LINE ( 'NONE', #323, #2625 ) ;
#347 = AXIS2_PLACEMENT_3D ( 'NONE', #1209, #2168, #1814 ) ;
#348 = VERTEX_POINT ( 'NONE', #1578 ) ;
#349 = VERTEX_POINT ( 'NONE', #1859 ) ;
#350 = DIRECTION ( 'NONE',  ( -0.000000000000000000, 0.000000000000000000, 1.000000000000000000 ) ) ;
#351 = DIRECTION ( 'NONE',  ( -0.8353992579088360682, -0.5496435935088901381, -0.000000000000000000 ) ) ;
#352 = CARTESIAN_POINT ( 'NONE',  ( 47.25973734316762176, -13.24466511412405012, -4.336808689942017736E-16 ) ) ;
#353 = CARTESIAN_POINT ( 'NONE',  ( 0.000000000000000000, 0.000000000000000000, 5.200000000000001066 ) ) ;
#354 = ADVANCED_FACE ( 'NONE', ( #993 ), #2476, .T. ) ;
#355 = LINE ( 'NONE', #613, #1971 ) ;
#356 = CARTESIAN_POINT ( 'NONE',  ( 73.27611496012622183, 1.349593929684141713, 6.200000000000000178 ) ) ;
#357 = EDGE_CURVE ( 'NONE', #1407, #2751, #187, .T. ) ;
#358 = EDGE_CURVE ( 'NONE', #3518, #615, #3624, .T. ) ;
#359 = VERTEX_POINT ( 'NONE', #162 ) ;
#360 = ORIENTED_EDGE ( 'NONE', *, *, #3342, .F. ) ;
#361 = DIRECTION ( 'NONE',  ( 1.000000000000000000, 0.000000000000000000, 0.000000000000000000 ) ) ;
#362 = ORIENTED_EDGE ( 'NONE', *, *, #2954, .T. ) ;
#363 = ORIENTED_EDGE ( 'NONE', *, *, #3544, .T. ) ;
#364 = DIRECTION ( 'NONE',  ( 0.9594929736144972576, 0.2817325568414301151, 0.000000000000000000 ) ) ;
#365 = CARTESIAN_POINT ( 'NONE',  ( 75.85322847138036195, -2.228461780268263581, 5.200000000000000178 ) ) ;
#366 = DIRECTION ( 'NONE',  ( -0.000000000000000000, -0.000000000000000000, -1.000000000000000000 ) ) ;
#367 = CARTESIAN_POINT ( 'NONE',  ( -10.68082785797387224, 5.469910078632857164, 0.000000000000000000 ) ) ;
#368 = DIRECTION ( 'NONE',  ( -0.000000000000000000, -0.000000000000000000, -1.000000000000000000 ) ) ;
#369 = DIRECTION ( 'NONE',  ( 0.000000000000000000, 0.000000000000000000, 1.000000000000000000 ) ) ;
#370 = CARTESIAN_POINT ( 'NONE',  ( 72.90880423556913570, -0.5088850407904875750, 6.199999999997331201 ) ) ;
#371 = ORIENTED_EDGE ( 'NONE', *, *, #1334, .F. ) ;
#372 = DIRECTION ( 'NONE',  ( -1.000000000000000000, 0.000000000000000000, 0.000000000000000000 ) ) ;
#373 = EDGE_CURVE ( 'NONE', #2720, #492, #2597, .T. ) ;
#374 = VERTEX_POINT ( 'NONE', #3783 ) ;
#375 = ORIENTED_EDGE ( 'NONE', *, *, #3562, .T. ) ;
#376 = VECTOR ( 'NONE', #2122, 1000.000000000000000 ) ;
#377 = EDGE_CURVE ( 'NONE', #2172, #2956, #1383, .T. ) ;
#378 = DATE_TIME_ROLE ( 'creation_date' ) ;
#379 = CARTESIAN_POINT ( 'NONE',  ( 56.13031664089082540, 6.965683689778240151, 7.261002076304952979 ) ) ;
#380 = CARTESIAN_POINT ( 'NONE',  ( -5.460564090080127997, 8.077421607055523367, 0.000000000000000000 ) ) ;
#381 = AXIS2_PLACEMENT_3D ( 'NONE', #1955, #2531, #3162 ) ;
#382 = ORIENTED_EDGE ( 'NONE', *, *, #339, .T. ) ;
#383 = CARTESIAN_POINT ( 'NONE',  ( 74.97945524817347973, -2.714795363734037625, 5.200000000000000178 ) ) ;
#384 = LINE ( 'NONE', #417, #342 ) ;
#385 = AXIS2_PLACEMENT_3D ( 'NONE', #1687, #2828, #2008 ) ;
#386 = CARTESIAN_POINT ( 'NONE',  ( 6.791818740117426359E-13, -8.000000000000000000, 0.000000000000000000 ) ) ;
#387 = CIRCLE ( 'NONE', #2366, 3.762221576582363891 ) ;
#388 = CIRCLE ( 'NONE', #203, 8.750000000000000000 ) ;
#389 = CARTESIAN_POINT ( 'NONE',  ( -6.949999999999157296, -3.405706544451890981E-13, 6.200000000000000178 ) ) ;
#390 = ORIENTED_EDGE ( 'NONE', *, *, #2826, .T. ) ;
#391 = CARTESIAN_POINT ( 'NONE',  ( 0.000000000000000000, 0.000000000000000000, 6.200000000000000178 ) ) ;
#392 = TOROIDAL_SURFACE ( 'NONE', #1221, 12.49999999999997335, 1.500000000000000000 ) ;
#393 = ORIENTED_EDGE ( 'NONE', *, *, #494, .T. ) ;
#394 = EDGE_CURVE ( 'NONE', #3848, #1875, #2600, .T. ) ;
#395 = VERTEX_POINT ( 'NONE', #1967 ) ;
#396 = CARTESIAN_POINT ( 'NONE',  ( 0.6555888821085128493, 10.31580787075611561, 6.200000000000000178 ) ) ;
#397 = DIRECTION ( 'NONE',  ( -0.000000000000000000, -0.000000000000000000, 1.000000000000000000 ) ) ;
#398 = ADVANCED_FACE ( 'NONE', ( #3823 ), #1093, .F. ) ;
#399 = EDGE_LOOP ( 'NONE', ( #2380, #2903 ) ) ;
#400 = DIRECTION ( 'NONE',  ( -1.000000000000000000, 0.000000000000000000, 0.000000000000000000 ) ) ;
#401 = DIRECTION ( 'NONE',  ( 0.9594929736144972576, 0.2817325568414301151, 0.000000000000000000 ) ) ;
#402 = FACE_OUTER_BOUND ( 'NONE', #2013, .T. ) ;
#403 = DIRECTION ( 'NONE',  ( 0.000000000000000000, 0.000000000000000000, 1.000000000000000000 ) ) ;
#404 = LINE ( 'NONE', #982, #2219 ) ;
#405 = VERTEX_POINT ( 'NONE', #2314 ) ;
#406 = CARTESIAN_POINT ( 'NONE',  ( 66.14569832570902008, -18.94708117750549192, 1.184718964084743087 ) ) ;
#407 = CARTESIAN_POINT ( 'NONE',  ( 49.69277197402617929, 4.247266448136749695, 6.200000000000000178 ) ) ;
#408 = ORIENTED_EDGE ( 'NONE', *, *, #3939, .F. ) ;
#409 = ORIENTED_EDGE ( 'NONE', *, *, #690, .F. ) ;
#410 = EDGE_CURVE ( 'NONE', #2450, #226, #1778, .T. ) ;
#411 = COORDINATED_UNIVERSAL_TIME_OFFSET ( 8, 0, .AHEAD. ) ;
#412 = EDGE_CURVE ( 'NONE', #146, #2211, #635, .T. ) ;
#413 = DIRECTION ( 'NONE',  ( 1.224646799147353207E-16, 1.000000000000000000, 0.000000000000000000 ) ) ;
#414 = ORIENTED_EDGE ( 'NONE', *, *, #2102, .T. ) ;
#415 = ORIENTED_EDGE ( 'NONE', *, *, #690, .T. ) ;
#416 = ADVANCED_FACE ( 'NONE', ( #2923 ), #2523, .F. ) ;
#417 = CARTESIAN_POINT ( 'NONE',  ( -10.28893766292894085, 6.175577848943564874, 6.200000000000000178 ) ) ;
#418 = DIRECTION ( 'NONE',  ( -0.4154150130018902098, 0.9096319953545166648, 0.000000000000000000 ) ) ;
#419 = CYLINDRICAL_SURFACE ( 'NONE', #1601, 3.762221576582363003 ) ;
#420 =( BOUNDED_SURFACE ( )  B_SPLINE_SURFACE ( 3, 2, ( 
 ( #3570, #819, #3791 ),
 ( #2355, #2033, #1952 ),
 ( #481, #184, #1695 ),
 ( #1715, #3507, #3160 ),
 ( #1655, #3480, #3220 ),
 ( #2871, #2929, #2318 ),
 ( #2588, #1741, #2275 ),
 ( #1392, #756, #463 ),
 ( #1677, #206, #1350 ),
 ( #2609, #2633, #1416 ),
 ( #3832, #3851, #1119 ),
 ( #2572, #1976, #3181 ),
 ( #2337, #3239, #169 ),
 ( #2949, #1369, #3809 ),
 ( #1076, #873, #583 ),
 ( #1801, #622, #2755 ),
 ( #3024, #3608, #309 ),
 ( #560, #900, #921 ),
 ( #606, #1515, #3344 ),
 ( #1478, #3654, #2730 ) ),
 .UNSPECIFIED., .F., .F., .F. ) 
 B_SPLINE_SURFACE_WITH_KNOTS ( ( 4, 2, 2, 2, 2, 2, 2, 2, 2, 4 ),
 ( 3, 3 ),
 ( 1.691355389077386917E-17, 0.002676220928140855826, 0.005352441856281694305, 0.006690552320352113544, 0.008028662784422532783, 0.01070488371256337126, 0.01338110464070420974, 0.01605732556884504822, 0.01873354649698588670, 0.02140976742512672518 ),
 ( 0.000000000000000000, 1.000000000000000000 ),
 .UNSPECIFIED. ) 
 GEOMETRIC_REPRESENTATION_ITEM ( )  RATIONAL_B_SPLINE_SURFACE ( (
 ( 1.000000000000000000, 0.8658398162085472194, 1.000000000000000000),
 ( 1.000000000000000000, 0.8959697111416877746, 1.000000000000000000),
 ( 1.000000000000000000, 0.9191865853292816579, 1.000000000000000000),
 ( 1.000000000000000000, 0.9560658243909949672, 1.000000000000000000),
 ( 1.000000000000000000, 0.9696450687752548037, 1.000000000000000000),
 ( 1.000000000000000000, 0.9838954785932353397, 1.000000000000000000),
 ( 1.000000000000000000, 0.9876427278832174972, 1.000000000000000000),
 ( 1.000000000000000000, 0.9934316243645525679, 1.000000000000000000),
 ( 1.000000000000000000, 0.9954707635980768465, 1.000000000000000000),
 ( 1.000000000000000000, 0.9996020798870597357, 1.000000000000000000),
 ( 1.000000000000000000, 0.9998003078000575750, 1.000000000000000000),
 ( 1.000000000000000000, 0.9997607423855189301, 1.000000000000000000),
 ( 1.000000000000000000, 0.9994665768153393470, 1.000000000000000000),
 ( 1.000000000000000000, 0.9935217276163571531, 1.000000000000000000),
 ( 1.000000000000000000, 0.9876995529359329229, 1.000000000000000000),
 ( 1.000000000000000000, 0.9681944830591755480, 1.000000000000000000),
 ( 1.000000000000000000, 0.9546142832456520066, 1.000000000000000000),
 ( 1.000000000000000000, 0.9180808812690476328, 1.000000000000000000),
 ( 1.000000000000000000, 0.8952004406842871687, 1.000000000000000000),
 ( 1.000000000000000000, 0.8658482072369977356, 1.000000000000000000) ) ) 
 REPRESENTATION_ITEM ( '' )  SURFACE ( )  );
#421 = B_SPLINE_CURVE_WITH_KNOTS ( 'NONE', 3,
 ( #2340, #484, #233, #823, #1720, #2591 ),
 .UNSPECIFIED., .F., .F.,
 ( 4, 2, 4 ),
 ( 0.000000000000000000, 0.002319131925393403282, 0.004638263850786806565 ),
 .UNSPECIFIED. ) ;
#422 = EDGE_CURVE ( 'NONE', #3440, #3590, #1261, .T. ) ;
#423 = DIRECTION ( 'NONE',  ( -0.1423148382732887796, 0.9898214418809321291, 0.000000000000000000 ) ) ;
#424 = CARTESIAN_POINT ( 'NONE',  ( -3.894193991759024698, -11.35056179907179441, 6.200000000000000178 ) ) ;
#425 = VERTEX_POINT ( 'NONE', #3762 ) ;
#426 = CARTESIAN_POINT ( 'NONE',  ( 52.89633573215801476, 5.111950349202360577, 6.199999999999994849 ) ) ;
#427 = CARTESIAN_POINT ( 'NONE',  ( -2.493311093315059512, -9.293868842382707385, 5.706030766349027061 ) ) ;
#428 = ORIENTED_EDGE ( 'NONE', *, *, #1145, .T. ) ;
#429 = EDGE_LOOP ( 'NONE', ( #2648, #96, #2192, #2803, #3018 ) ) ;
#430 = DIRECTION ( 'NONE',  ( -0.000000000000000000, -0.000000000000000000, -1.000000000000000000 ) ) ;
#431 = CARTESIAN_POINT ( 'NONE',  ( 63.37740044425463282, -27.11422469358670639, -54.44988512710717288 ) ) ;
#432 = DIRECTION ( 'NONE',  ( 0.08870069432740626536, 0.3303179759963836837, 0.9396926207859080948 ) ) ;
#433 = EDGE_CURVE ( 'NONE', #2720, #1194, #1029, .T. ) ;
#434 = VERTEX_POINT ( 'NONE', #578 ) ;
#435 = EDGE_LOOP ( 'NONE', ( #2020, #360, #58, #2432 ) ) ;
#436 = DIRECTION ( 'NONE',  ( 0.000000000000000000, 0.000000000000000000, 1.000000000000000000 ) ) ;
#437 = CARTESIAN_POINT ( 'NONE',  ( 1.748767090068500618, 9.591887909306143101, 6.200000000000000178 ) ) ;
#438 = CIRCLE ( 'NONE', #1782, 3.762221576582363003 ) ;
#439 = LINE ( 'NONE', #3161, #2556 ) ;
#440 = AXIS2_PLACEMENT_3D ( 'NONE', #2452, #2148, #1286 ) ;
#441 = CARTESIAN_POINT ( 'NONE',  ( 59.25153723044969212, -11.46879986611805435, 6.200000000000000178 ) ) ;
#442 = DIRECTION ( 'NONE',  ( -0.000000000000000000, -0.000000000000000000, -1.000000000000000000 ) ) ;
#443 = CARTESIAN_POINT ( 'NONE',  ( -2.860572556533148347, 11.65406043612308551, 6.200000000000000178 ) ) ;
#444 = CIRCLE ( 'NONE', #510, 12.00000000000000533 ) ;
#445 = CARTESIAN_POINT ( 'NONE',  ( 60.69653228021559954, -5.321862588783907277, 13.69115803317086311 ) ) ;
#446 = EDGE_CURVE ( 'NONE', #93, #1289, #3485, .T. ) ;
#447 = ORIENTED_EDGE ( 'NONE', *, *, #2277, .F. ) ;
#448 = CARTESIAN_POINT ( 'NONE',  ( 72.65395046315606464, -22.95740164739640576, 6.943883592343766509 ) ) ;
#449 = AXIS2_PLACEMENT_3D ( 'NONE', #1727, #1466, #2976 ) ;
#450 = CARTESIAN_POINT ( 'NONE',  ( 70.33043894642501925, 3.995179880327250022, 5.832111957233010457 ) ) ;
#451 = AXIS2_PLACEMENT_3D ( 'NONE', #1333, #403, #423 ) ;
#452 = EDGE_LOOP ( 'NONE', ( #713, #1939, #1897, #1799, #2489 ) ) ;
#453 = ORIENTED_EDGE ( 'NONE', *, *, #792, .F. ) ;
#454 = DIRECTION ( 'NONE',  ( 0.1423148382732818684, 0.9898214418809332393, 0.000000000000000000 ) ) ;
#455 = CARTESIAN_POINT ( 'NONE',  ( -6.706854249492492315, -5.656854249492621278, -13.79999999999999893 ) ) ;
#456 = TOROIDAL_SURFACE ( 'NONE', #2874, 6.500000000000000000, 1.000000000000000000 ) ;
#457 = APPLICATION_CONTEXT ( 'configuration controlled 3d designs of mechanical parts and assemblies' ) ;
#458 = AXIS2_PLACEMENT_3D ( 'NONE', #2274, #3506, #149 ) ;
#459 = ORIENTED_EDGE ( 'NONE', *, *, #2728, .T. ) ;
#460 = CIRCLE ( 'NONE', #3836, 1.050000000000000266 ) ;
#461 = ORIENTED_EDGE ( 'NONE', *, *, #2687, .F. ) ;
#462 = FACE_OUTER_BOUND ( 'NONE', #3749, .T. ) ;
#463 = CARTESIAN_POINT ( 'NONE',  ( 67.04804213337615693, 5.835643143909459596, 6.294088441400533362 ) ) ;
#464 = CIRCLE ( 'NONE', #781, 12.00000000000000178 ) ;
#465 = CARTESIAN_POINT ( 'NONE',  ( 72.69013326549938370, -23.44394648763157463, 1.000000000000000000 ) ) ;
#466 = DIRECTION ( 'NONE',  ( -0.000000000000000000, -0.000000000000000000, -1.000000000000000000 ) ) ;
#467 = EDGE_CURVE ( 'NONE', #2330, #22, #3568, .T. ) ;
#468 = CARTESIAN_POINT ( 'NONE',  ( -12.52788697591600986, 2.540997260946908032, 0.000000000000000000 ) ) ;
#469 = VERTEX_POINT ( 'NONE', #2980 ) ;
#470 = LINE ( 'NONE', #2247, #2226 ) ;
#471 = CARTESIAN_POINT ( 'NONE',  ( 52.39896090880216661, 6.252435919119830210, 5.480753366082100619 ) ) ;
#472 = CARTESIAN_POINT ( 'NONE',  ( 67.92118501189725066, 5.463953420500018865, 6.013374829408613564 ) ) ;
#473 = CARTESIAN_POINT ( 'NONE',  ( 60.49572411327299193, 7.515457391043420365, 6.788400114578493572 ) ) ;
#474 = EDGE_CURVE ( 'NONE', #1699, #950, #1470, .T. ) ;
#475 = ORIENTED_EDGE ( 'NONE', *, *, #1380, .F. ) ;
#476 = EDGE_LOOP ( 'NONE', ( #3669, #3915, #2166, #2377 ) ) ;
#477 = CARTESIAN_POINT ( 'NONE',  ( 73.17640577038802974, 1.458050830012598276, 6.054486946009077108 ) ) ;
#478 = ORIENTED_EDGE ( 'NONE', *, *, #1340, .T. ) ;
#479 = ORIENTED_EDGE ( 'NONE', *, *, #86, .T. ) ;
#480 = DIRECTION ( 'NONE',  ( 1.000000000000000000, 0.000000000000000000, 0.000000000000000000 ) ) ;
#481 = CARTESIAN_POINT ( 'NONE',  ( 71.79387198381267865, 2.834044564910040087, 5.681027526819275586 ) ) ;
#482 = CARTESIAN_POINT ( 'NONE',  ( -2.493275625899677106, -9.293726108106989514, 0.4939137709541919774 ) ) ;
#483 = DIRECTION ( 'NONE',  ( 0.08870069432740626536, 0.3303179759963836837, 0.9396926207859080948 ) ) ;
#484 = CARTESIAN_POINT ( 'NONE',  ( 73.65399897010665597, 0.9475709916761738683, 5.387210070494270475 ) ) ;
#485 = DIRECTION ( 'NONE',  ( -0.000000000000000000, -0.000000000000000000, -1.000000000000000000 ) ) ;
#486 = CC_DESIGN_PERSON_AND_ORGANIZATION_ASSIGNMENT ( #1855, #2844, ( #25 ) ) ;
#487 = ORIENTED_EDGE ( 'NONE', *, *, #1425, .T. ) ;
#488 = CARTESIAN_POINT ( 'NONE',  ( 66.32843280651843543, -19.13430884146304578, -1.859819794455672282E-13 ) ) ;
#489 = CARTESIAN_POINT ( 'NONE',  ( 48.45734689354402036, 1.239463943429182979, 7.322324814981945096 ) ) ;
#490 = CARTESIAN_POINT ( 'NONE',  ( -0.4909592881253906360, -8.928148144104280703, 6.200000000000000178 ) ) ;
#491 = CARTESIAN_POINT ( 'NONE',  ( 1.343324028180502561, 11.92457464882135376, 6.200000000000000178 ) ) ;
#492 = VERTEX_POINT ( 'NONE', #3276 ) ;
#493 = CARTESIAN_POINT ( 'NONE',  ( 60.56348123872448497, 6.352665459720553187, 8.003654867014354579 ) ) ;
#494 = EDGE_CURVE ( 'NONE', #653, #1066, #555, .T. ) ;
#495 = CARTESIAN_POINT ( 'NONE',  ( 75.49975738747244236, -1.593396510742030037, 6.116250113142756462 ) ) ;
#496 = ORIENTED_EDGE ( 'NONE', *, *, #1517, .F. ) ;
#497 = ORIENTED_EDGE ( 'NONE', *, *, #973, .T. ) ;
#498 = EDGE_CURVE ( 'NONE', #3178, #2211, #569, .T. ) ;
#499 = CARTESIAN_POINT ( 'NONE',  ( -5.500000000000000000, 6.735557395310442023E-16, 1.000000000000000000 ) ) ;
#500 = DIRECTION ( 'NONE',  ( 0.1423148382732818684, 0.9898214418809332393, 0.000000000000000000 ) ) ;
#501 = CARTESIAN_POINT ( 'NONE',  ( -2.528598933626910572, -9.416405228794099358, 0.8672931607296190393 ) ) ;
#502 = DIRECTION ( 'NONE',  ( 1.000000000000000000, 0.000000000000000000, 0.000000000000000000 ) ) ;
#503 = CARTESIAN_POINT ( 'NONE',  ( 48.69065371175783241, -3.087145900542946020, -4.336808689942017736E-16 ) ) ;
#504 = AXIS2_PLACEMENT_3D ( 'NONE', #1898, #2181, #1619 ) ;
#505 = DIRECTION ( 'NONE',  ( 0.2593434803719876225, 0.9657851516711906115, 0.000000000000000000 ) ) ;
#506 = CIRCLE ( 'NONE', #2983, 1.000000000000000000 ) ;
#507 = VERTEX_POINT ( 'NONE', #3910 ) ;
#508 = CARTESIAN_POINT ( 'NONE',  ( 45.99252427362917217, -4.311788184118218403, 7.189477575967014644 ) ) ;
#509 = DIRECTION ( 'NONE',  ( 1.000000000000000000, 0.000000000000000000, 0.000000000000000000 ) ) ;
#510 = AXIS2_PLACEMENT_3D ( 'NONE', #1764, #2079, #2300 ) ;
#511 = DIRECTION ( 'NONE',  ( 1.000000000000000000, 0.000000000000000000, 0.000000000000000000 ) ) ;
#512 = AXIS2_PLACEMENT_3D ( 'NONE', #2525, #3398, #3844 ) ;
#513 = VERTEX_POINT ( 'NONE', #3846 ) ;
#514 = DIRECTION ( 'NONE',  ( -0.000000000000000000, -0.000000000000000000, -1.000000000000000000 ) ) ;
#515 = DIRECTION ( 'NONE',  ( 0.000000000000000000, -0.000000000000000000, -1.000000000000000000 ) ) ;
#516 = CARTESIAN_POINT ( 'NONE',  ( 54.16983118476584025, 6.862993251954000229, 5.676864300777818784 ) ) ;
#517 = AXIS2_PLACEMENT_3D ( 'NONE', #241, #3881, #2191 ) ;
#518 = EDGE_LOOP ( 'NONE', ( #115, #726, #237, #2437 ) ) ;
#519 = EDGE_LOOP ( 'NONE', ( #2864, #3670, #3058, #2342 ) ) ;
#520 = CIRCLE ( 'NONE', #2750, 3.762221576582363003 ) ;
#521 = DIRECTION ( 'NONE',  ( 1.000000000000000000, 0.000000000000000000, 0.000000000000000000 ) ) ;
#522 = CARTESIAN_POINT ( 'NONE',  ( 68.36612148514329590, 5.193489802862900184, 6.224946906945370451 ) ) ;
#523 = LINE ( 'NONE', #3205, #2818 ) ;
#524 = EDGE_CURVE ( 'NONE', #349, #675, #3691, .T. ) ;
#525 = EDGE_CURVE ( 'NONE', #897, #3039, #3949, .T. ) ;
#526 = AXIS2_PLACEMENT_3D ( 'NONE', #465, #3482, #3108 ) ;
#527 = CARTESIAN_POINT ( 'NONE',  ( 61.62248827533322526, 7.404559539419887315, 6.216344654227062172 ) ) ;
#528 = CARTESIAN_POINT ( 'NONE',  ( 50.00594305778305682, -3.822356572182551204, 1.634284573445882183 ) ) ;
#529 = APPROVAL_PERSON_ORGANIZATION ( #2827, #1902, #974 ) ;
#530 = CIRCLE ( 'NONE', #3057, 3.762221576582363447 ) ;
#531 = ORIENTED_EDGE ( 'NONE', *, *, #1840, .F. ) ;
#532 = CARTESIAN_POINT ( 'NONE',  ( 67.45501276122567447, -18.00840476763112363, -1.842357763449944796E-13 ) ) ;
#533 = CARTESIAN_POINT ( 'NONE',  ( 57.95051749834934895, -22.96154696492873626, 6.859373010380292790 ) ) ;
#534 = CARTESIAN_POINT ( 'NONE',  ( -2.269255453254919175, -8.450620077122906082, 6.200000000000000178 ) ) ;
#535 = CARTESIAN_POINT ( 'NONE',  ( 1.050000000001382494, -8.000000000000000000, 6.200000000000000178 ) ) ;
#536 = ORIENTED_EDGE ( 'NONE', *, *, #2932, .T. ) ;
#537 = ORIENTED_EDGE ( 'NONE', *, *, #3230, .T. ) ;
#538 = CARTESIAN_POINT ( 'NONE',  ( 72.55477024675325026, 1.470142708091803696, 6.369229688121598620 ) ) ;
#539 = ORIENTED_EDGE ( 'NONE', *, *, #2468, .F. ) ;
#540 = ORIENTED_EDGE ( 'NONE', *, *, #357, .F. ) ;
#541 = ADVANCED_FACE ( 'NONE', ( #3294 ), #1494, .T. ) ;
#542 = CARTESIAN_POINT ( 'NONE',  ( 65.74422290558085535, 6.346964502678262399, 6.474381684173431850 ) ) ;
#543 = DIRECTION ( 'NONE',  ( -1.000000000000000000, 0.000000000000000000, 0.000000000000000000 ) ) ;
#544 = CARTESIAN_POINT ( 'NONE',  ( 56.87936753900179809, 7.384439678517318306, 6.226346745613522415 ) ) ;
#545 = CARTESIAN_POINT ( 'NONE',  ( -10.04909972764970050, 2.421008771658812453, 6.200000000000000178 ) ) ;
#546 = EDGE_CURVE ( 'NONE', #1302, #76, #1712, .T. ) ;
#547 = CARTESIAN_POINT ( 'NONE',  ( 1.468796456984841514, 8.625841232479809051, 0.000000000000000000 ) ) ;
#548 = CARTESIAN_POINT ( 'NONE',  ( 72.06966654994866417, -11.16737600657795859, -4.336808689942017736E-16 ) ) ;
#549 = CARTESIAN_POINT ( 'NONE',  ( 70.89525422608252825, -17.52913661959955505, 7.049851198681071907 ) ) ;
#550 = EDGE_CURVE ( 'NONE', #1675, #202, #1114, .T. ) ;
#551 = DIRECTION ( 'NONE',  ( 0.5092607541120757197, -0.8606122729320097031, -4.875981824136353966E-15 ) ) ;
#552 = CARTESIAN_POINT ( 'NONE',  ( 0.000000000000000000, 0.000000000000000000, 6.200000000000000178 ) ) ;
#553 = ORIENTED_EDGE ( 'NONE', *, *, #3022, .F. ) ;
#554 = B_SPLINE_CURVE_WITH_KNOTS ( 'NONE', 3,
 ( #3312, #3014, #301, #1507, #2718, #1842, #3369, #3942, #1204, #16 ),
 .UNSPECIFIED., .F., .F.,
 ( 4, 2, 2, 2, 4 ),
 ( -6.425540843757275160E-06, 0.0004403277429997302234, 0.0008870810268432177117, 0.001333834310686705200, 0.001780587594530193014 ),
 .UNSPECIFIED. ) ;
#555 = LINE ( 'NONE', #3320, #1526 ) ;
#556 = DIRECTION ( 'NONE',  ( -0.000000000000000000, 0.000000000000000000, 1.000000000000000000 ) ) ;
#557 =( BOUNDED_CURVE ( )  B_SPLINE_CURVE ( 3, ( #3941, #14, #912, #2125 ),
 .UNSPECIFIED., .F., .T. ) 
 B_SPLINE_CURVE_WITH_KNOTS ( ( 4, 4 ),
 ( 0.8133007600428555639, 3.388769465302619022 ),
 .UNSPECIFIED. ) 
 CURVE ( )  GEOMETRIC_REPRESENTATION_ITEM ( )  RATIONAL_B_SPLINE_CURVE ( ( 1.000000000000000000, 0.5195313835854482587, 0.5195313835854482587, 1.000000000000000000 ) ) 
 REPRESENTATION_ITEM ( '' )  );
#558 = ORIENTED_EDGE ( 'NONE', *, *, #103, .T. ) ;
#559 = ORIENTED_EDGE ( 'NONE', *, *, #268, .F. ) ;
#560 = CARTESIAN_POINT ( 'NONE',  ( 54.16915331338811512, 6.862381176402910121, 5.676727491724635755 ) ) ;
#561 = CARTESIAN_POINT ( 'NONE',  ( 71.98583110606303137, 1.065256728238466177, 6.382090412714765293 ) ) ;
#562 = DIRECTION ( 'NONE',  ( 0.000000000000000000, 0.000000000000000000, 1.000000000000000000 ) ) ;
#563 = ADVANCED_FACE ( 'NONE', ( #1731 ), #3166, .T. ) ;
#564 = CARTESIAN_POINT ( 'NONE',  ( 54.36308944639942808, 6.290435589948631723, 7.400892329326877572 ) ) ;
#565 = CYLINDRICAL_SURFACE ( 'NONE', #1003, 14.39999999999998259 ) ;
#566 = CIRCLE ( 'NONE', #2852, 3.762221576582363891 ) ;
#567 = DIRECTION ( 'NONE',  ( -1.000000000000000000, 0.000000000000000000, 0.000000000000000000 ) ) ;
#568 = EDGE_CURVE ( 'NONE', #1309, #2705, #2646, .T. ) ;
#569 = CIRCLE ( 'NONE', #2029, 12.89999999999997904 ) ;
#570 = CARTESIAN_POINT ( 'NONE',  ( 64.02093992596880412, 1.505019268972840774, 2.013030214986528232 ) ) ;
#571 = CARTESIAN_POINT ( 'NONE',  ( 63.64391011239306550, -22.44559218723949456, 6.903094450836713136 ) ) ;
#572 = FACE_OUTER_BOUND ( 'NONE', #604, .T. ) ;
#573 = DIRECTION ( 'NONE',  ( -0.000000000000000000, 0.000000000000000000, 1.000000000000000000 ) ) ;
#574 = AXIS2_PLACEMENT_3D ( 'NONE', #2239, #2834, #3717 ) ;
#575 = ADVANCED_FACE ( 'NONE', ( #1208 ), #2722, .T. ) ;
#576 = EDGE_LOOP ( 'NONE', ( #2967, #1710, #2362, #2805, #408, #1469 ) ) ;
#577 = ORIENTED_EDGE ( 'NONE', *, *, #358, .F. ) ;
#578 = CARTESIAN_POINT ( 'NONE',  ( 60.49572411327299193, 7.515457391043420365, 6.788400114578493572 ) ) ;
#579 = AXIS2_PLACEMENT_3D ( 'NONE', #18, #3642, #914 ) ;
#580 = CIRCLE ( 'NONE', #2232, 18.00000000000000355 ) ;
#581 = ORIENTED_EDGE ( 'NONE', *, *, #2449, .T. ) ;
#582 = ORIENTED_EDGE ( 'NONE', *, *, #129, .T. ) ;
#583 = CARTESIAN_POINT ( 'NONE',  ( 58.74739414645772229, 7.498675050088405847, 6.329991644552760199 ) ) ;
#584 = DIRECTION ( 'NONE',  ( -0.000000000000000000, 0.000000000000000000, 1.000000000000000000 ) ) ;
#585 = CARTESIAN_POINT ( 'NONE',  ( -5.079080831267309470, -8.322586010937529366, 0.000000000000000000 ) ) ;
#586 = AXIS2_PLACEMENT_3D ( 'NONE', #2835, #2532, #703 ) ;
#587 = CARTESIAN_POINT ( 'NONE',  ( 58.86796375449850416, 7.487350577245835304, 6.965931896912803012 ) ) ;
#588 = CIRCLE ( 'NONE', #3765, 3.762221576582363447 ) ;
#589 = LINE ( 'NONE', #2420, #1070 ) ;
#590 = DIRECTION ( 'NONE',  ( -0.000000000000000000, 0.000000000000000000, 1.000000000000000000 ) ) ;
#591 = CIRCLE ( 'NONE', #2374, 3.762221576582364335 ) ;
#592 = CIRCLE ( 'NONE', #3511, 0.9999999999999991118 ) ;
#593 = DIRECTION ( 'NONE',  ( -0.000000000000000000, -0.000000000000000000, -1.000000000000000000 ) ) ;
#594 = AXIS2_PLACEMENT_3D ( 'NONE', #1744, #2651, #2951 ) ;
#595 = CARTESIAN_POINT ( 'NONE',  ( 5.656854249492959674, -5.656854249492140774, 6.200000000000000178 ) ) ;
#596 = CARTESIAN_POINT ( 'NONE',  ( 71.66120621684036962, -18.16196380192229043, 6.200000000000000178 ) ) ;
#597 = EDGE_CURVE ( 'NONE', #2811, #2884, #1264, .T. ) ;
#598 = CARTESIAN_POINT ( 'NONE',  ( 8.000000000000339284, 3.395909370058713179E-13, 6.200000000000000178 ) ) ;
#599 = DIRECTION ( 'NONE',  ( -0.000000000000000000, 0.000000000000000000, 1.000000000000000000 ) ) ;
#600 = VERTEX_POINT ( 'NONE', #916 ) ;
#601 = DIRECTION ( 'NONE',  ( 0.08870069432740627924, 0.3303179759963836837, 0.9396926207859082059 ) ) ;
#602 = DIRECTION ( 'NONE',  ( -5.342749193930370250E-18, -0.9434112412789964486, 0.3316251344943916268 ) ) ;
#603 = ADVANCED_FACE ( 'NONE', ( #1872 ), #2132, .T. ) ;
#604 = EDGE_LOOP ( 'NONE', ( #3747, #1005, #1749, #857 ) ) ;
#605 = ORIENTED_EDGE ( 'NONE', *, *, #2787, .T. ) ;
#606 = CARTESIAN_POINT ( 'NONE',  ( 53.27629414196303514, 6.591689513655360599, 5.592698522224785584 ) ) ;
#607 = DIRECTION ( 'NONE',  ( 1.000000000000000000, 0.000000000000000000, 0.000000000000000000 ) ) ;
#608 = CARTESIAN_POINT ( 'NONE',  ( -2.277266001350169322, 10.08264590114086801, 6.200000000000000178 ) ) ;
#609 = CARTESIAN_POINT ( 'NONE',  ( 59.80448862432696444, 7.531452475716275075, 6.861200408793544980 ) ) ;
#610 = DIRECTION ( 'NONE',  ( 0.000000000000000000, 0.000000000000000000, 1.000000000000000000 ) ) ;
#611 = CARTESIAN_POINT ( 'NONE',  ( -3.826502395702260806, -9.602268910230696619, 6.200000000000000178 ) ) ;
#612 = CYLINDRICAL_SURFACE ( 'NONE', #2436, 5.500000000000000000 ) ;
#613 = CARTESIAN_POINT ( 'NONE',  ( -12.78816239593672321, -0.5328811956230991020, 6.200000000000000178 ) ) ;
#614 = CARTESIAN_POINT ( 'NONE',  ( 72.44324573895137576, 0.8567499150302405608, 7.451860353448985563 ) ) ;
#615 = VERTEX_POINT ( 'NONE', #3355 ) ;
#616 = EDGE_LOOP ( 'NONE', ( #2372, #2668, #3619, #898 ) ) ;
#617 = DIRECTION ( 'NONE',  ( 0.08870069432740626536, 0.3303179759963836837, 0.9396926207859080948 ) ) ;
#618 = DIRECTION ( 'NONE',  ( 0.000000000000000000, 0.000000000000000000, -1.000000000000000000 ) ) ;
#619 = ORIENTED_EDGE ( 'NONE', *, *, #2156, .T. ) ;
#620 = EDGE_CURVE ( 'NONE', #1067, #131, #2433, .T. ) ;
#621 = ORIENTED_EDGE ( 'NONE', *, *, #3002, .F. ) ;
#622 = CARTESIAN_POINT ( 'NONE',  ( 56.87342700325045541, 7.405687402526126561, 6.152427489451234521 ) ) ;
#623 = CARTESIAN_POINT ( 'NONE',  ( 0.000000000000000000, 0.000000000000000000, 5.200000000000000178 ) ) ;
#624 = CYLINDRICAL_SURFACE ( 'NONE', #3323, 12.00000000000000178 ) ;
#625 = CARTESIAN_POINT ( 'NONE',  ( 0.000000000000000000, 0.000000000000000000, 0.000000000000000000 ) ) ;
#626 = CARTESIAN_POINT ( 'NONE',  ( 2.269255453254920951, 8.450620077122911411, 5.200000000000000178 ) ) ;
#627 = DIRECTION ( 'NONE',  ( -0.000000000000000000, -0.000000000000000000, -1.000000000000000000 ) ) ;
#628 = DIRECTION ( 'NONE',  ( -0.000000000000000000, 0.000000000000000000, 1.000000000000000000 ) ) ;
#629 = CARTESIAN_POINT ( 'NONE',  ( 75.60212533481794139, -6.164484193145122859, 6.200000000000000178 ) ) ;
#630 = CIRCLE ( 'NONE', #1259, 9.750000000000000000 ) ;
#631 = ORIENTED_EDGE ( 'NONE', *, *, #1734, .T. ) ;
#632 = VERTEX_POINT ( 'NONE', #304 ) ;
#633 = DIRECTION ( 'NONE',  ( -0.000000000000000000, -0.000000000000000000, -1.000000000000000000 ) ) ;
#634 = DIRECTION ( 'NONE',  ( -0.000000000000000000, -0.000000000000000000, -1.000000000000000000 ) ) ;
#635 = CIRCLE ( 'NONE', #3417, 1.499999999999999778 ) ;
#636 = EDGE_LOOP ( 'NONE', ( #2640, #2727, #729, #764 ) ) ;
#637 = ORIENTED_EDGE ( 'NONE', *, *, #3535, .F. ) ;
#638 = CALENDAR_DATE ( 2026, 14, 4 ) ;
#639 = LINE ( 'NONE', #3299, #2867 ) ;
#640 = AXIS2_PLACEMENT_3D ( 'NONE', #2742, #1843, #2164 ) ;
#641 = DIRECTION ( 'NONE',  ( 1.000000000000000000, 0.000000000000000000, 0.000000000000000000 ) ) ;
#642 = CIRCLE ( 'NONE', #449, 9.750000000000000000 ) ;
#643 = DIRECTION ( 'NONE',  ( -0.000000000000000000, -0.000000000000000000, 1.000000000000000000 ) ) ;
#644 = ADVANCED_FACE ( 'NONE', ( #2208 ), #688, .T. ) ;
#645 = EDGE_CURVE ( 'NONE', #1442, #1531, #3019, .T. ) ;
#646 = CARTESIAN_POINT ( 'NONE',  ( 76.75677695463078010, -21.37168227771161000, 1.202417330962618491 ) ) ;
#647 = CIRCLE ( 'NONE', #2557, 12.00000000000000178 ) ;
#648 = CARTESIAN_POINT ( 'NONE',  ( 60.56348123872448497, 4.560184101290451153, 8.633742622553700841 ) ) ;
#649 = AXIS2_PLACEMENT_3D ( 'NONE', #3290, #2918, #509 ) ;
#650 = CIRCLE ( 'NONE', #3121, 1.050000000000040457 ) ;
#651 = AXIS2_PLACEMENT_3D ( 'NONE', #1726, #260, #1464 ) ;
#652 = VERTEX_POINT ( 'NONE', #3649 ) ;
#653 = VERTEX_POINT ( 'NONE', #3337 ) ;
#654 = DIRECTION ( 'NONE',  ( 0.6652859234174119951, 0.7465886686138770711, -0.000000000000000000 ) ) ;
#655 = DIRECTION ( 'NONE',  ( -0.000000000000000000, -0.000000000000000000, -1.000000000000000000 ) ) ;
#656 = CIRCLE ( 'NONE', #3772, 3.762221576582363003 ) ;
#657 = ORIENTED_EDGE ( 'NONE', *, *, #3136, .F. ) ;
#658 = VERTEX_POINT ( 'NONE', #1888 ) ;
#659 = APPLICATION_PROTOCOL_DEFINITION ( 'international standard', 'config_control_design', 1994, #457 ) ;
#660 = DIRECTION ( 'NONE',  ( 1.000000000000000000, 0.000000000000000000, 0.000000000000000000 ) ) ;
#661 = CARTESIAN_POINT ( 'NONE',  ( 0.000000000000000000, 0.000000000000000000, 6.200000000000000178 ) ) ;
#662 = EDGE_CURVE ( 'NONE', #2938, #3913, #2854, .T. ) ;
#663 = DIRECTION ( 'NONE',  ( 1.000000000000000000, 0.000000000000000000, 0.000000000000000000 ) ) ;
#664 = CARTESIAN_POINT ( 'NONE',  ( 56.46147869509608341, -21.09303934315429885, 0.9869697850114953486 ) ) ;
#665 = DIRECTION ( 'NONE',  ( 1.000000000000000000, 0.000000000000000000, 0.000000000000000000 ) ) ;
#666 = EDGE_CURVE ( 'NONE', #950, #892, #3882, .T. ) ;
#667 = DIRECTION ( 'NONE',  ( -0.000000000000000000, -0.000000000000000000, -1.000000000000000000 ) ) ;
#668 = CARTESIAN_POINT ( 'NONE',  ( 74.47998479021339335, -6.194061676384139403, 6.199999999999997513 ) ) ;
#669 = CARTESIAN_POINT ( 'NONE',  ( 72.13830448342767454, 1.376866083523053730, 7.461230445017510426 ) ) ;
#670 = EDGE_LOOP ( 'NONE', ( #148, #3928, #2662, #3142 ) ) ;
#671 = EDGE_CURVE ( 'NONE', #202, #2705, #438, .T. ) ;
#672 = ORIENTED_EDGE ( 'NONE', *, *, #3567, .T. ) ;
#673 = DIRECTION ( 'NONE',  ( -0.000000000000000000, -0.000000000000000000, -1.000000000000000000 ) ) ;
#674 = CARTESIAN_POINT ( 'NONE',  ( 9.050000000000592237, 3.395909370058713179E-13, -13.79999999999999893 ) ) ;
#675 = VERTEX_POINT ( 'NONE', #1533 ) ;
#676 = VERTEX_POINT ( 'NONE', #945 ) ;
#677 = CARTESIAN_POINT ( 'NONE',  ( 43.09157530381686740, -1.476020946829515568, 5.349728085984211567 ) ) ;
#678 = DIRECTION ( 'NONE',  ( 0.000000000000000000, 0.000000000000000000, 1.000000000000000000 ) ) ;
#679 = CARTESIAN_POINT ( 'NONE',  ( 59.81747866753612186, 7.527834732825001929, 6.859998041280034542 ) ) ;
#680 = CARTESIAN_POINT ( 'NONE',  ( 0.6555888821085128493, 10.31580787075611561, 6.200000000000000178 ) ) ;
#681 = DIRECTION ( 'NONE',  ( 0.4154150130018840481, 0.9096319953545194403, 0.000000000000000000 ) ) ;
#682 = DIRECTION ( 'NONE',  ( 0.3606619116656576418, -0.9326966202756784563, 0.000000000000000000 ) ) ;
#683 = DIRECTION ( 'NONE',  ( 0.08870069432740626536, 0.3303179759963836837, 0.9396926207859080948 ) ) ;
#684 = EDGE_CURVE ( 'NONE', #2744, #775, #3048, .T. ) ;
#685 = EDGE_CURVE ( 'NONE', #2751, #405, #2601, .T. ) ;
#686 = CARTESIAN_POINT ( 'NONE',  ( 0.000000000000000000, 0.000000000000000000, 0.000000000000000000 ) ) ;
#687 = ORIENTED_EDGE ( 'NONE', *, *, #410, .T. ) ;
#688 = CYLINDRICAL_SURFACE ( 'NONE', #3364, 1.000000000000000000 ) ;
#689 = DIRECTION ( 'NONE',  ( 1.000000000000000000, 0.000000000000000000, 0.000000000000000000 ) ) ;
#690 = EDGE_CURVE ( 'NONE', #359, #675, #2422, .T. ) ;
#691 = ORIENTED_EDGE ( 'NONE', *, *, #1703, .T. ) ;
#692 = ORIENTED_EDGE ( 'NONE', *, *, #2080, .T. ) ;
#693 = DIRECTION ( 'NONE',  ( -0.000000000000000000, -0.000000000000000000, -1.000000000000000000 ) ) ;
#694 = AXIS2_PLACEMENT_3D ( 'NONE', #2278, #466, #401 ) ;
#695 = ORIENTED_EDGE ( 'NONE', *, *, #2712, .T. ) ;
#696 = ORIENTED_EDGE ( 'NONE', *, *, #1420, .F. ) ;
#697 = DIRECTION ( 'NONE',  ( 0.000000000000000000, 0.000000000000000000, 1.000000000000000000 ) ) ;
#698 = VECTOR ( 'NONE', #430, 1000.000000000000000 ) ;
#699 = B_SPLINE_CURVE_WITH_KNOTS ( 'NONE', 3,
 ( #2002, #3207, #2972, #255, #1459, #1748, #1186, #3308, #1487, #547 ),
 .UNSPECIFIED., .F., .F.,
 ( 4, 2, 2, 2, 4 ),
 ( 1.951563910473907981E-18, 0.0003926569788687523472, 0.0007853139577375027429, 0.001177970936606253247, 0.001570627915475003534 ),
 .UNSPECIFIED. ) ;
#700 = CYLINDRICAL_SURFACE ( 'NONE', #3067, 9.750000000000000000 ) ;
#701 = CIRCLE ( 'NONE', #767, 3.762221576582363891 ) ;
#702 = DIRECTION ( 'NONE',  ( -0.000000000000000000, 0.000000000000000000, 1.000000000000000000 ) ) ;
#703 = DIRECTION ( 'NONE',  ( 1.000000000000000000, 0.000000000000000000, 0.000000000000000000 ) ) ;
#704 = TOROIDAL_SURFACE ( 'NONE', #586, 6.500000000000000000, 1.000000000000000000 ) ;
#705 = DIRECTION ( 'NONE',  ( 0.8412535328311805394, 0.5406408174555985546, 0.000000000000000000 ) ) ;
#706 = ADVANCED_FACE ( 'NONE', ( #1555 ), #1247, .T. ) ;
#707 = VECTOR ( 'NONE', #335, 999.9999999999998863 ) ;
#708 = ORIENTED_EDGE ( 'NONE', *, *, #884, .T. ) ;
#709 = CARTESIAN_POINT ( 'NONE',  ( 64.20604343898114053, -21.87288684408757078, -4.336808689942017736E-16 ) ) ;
#710 = FACE_OUTER_BOUND ( 'NONE', #3528, .T. ) ;
#711 = CIRCLE ( 'NONE', #2936, 3.762221576582363003 ) ;
#712 = CIRCLE ( 'NONE', #3579, 1.050000000000259837 ) ;
#713 = ORIENTED_EDGE ( 'NONE', *, *, #1523, .F. ) ;
#714 = ORIENTED_EDGE ( 'NONE', *, *, #1052, .F. ) ;
#715 = DIRECTION ( 'NONE',  ( 0.000000000000000000, -0.9434112412789963376, 0.3316251344943916268 ) ) ;
#716 = AXIS2_PLACEMENT_3D ( 'NONE', #2197, #678, #1594 ) ;
#717 = ADVANCED_FACE ( 'NONE', ( #2167, #3373 ), #3392, .T. ) ;
#718 = AXIS2_PLACEMENT_3D ( 'NONE', #1561, #3045, #46 ) ;
#719 = DIRECTION ( 'NONE',  ( -0.08870069432740626536, -0.3303179759963836837, -0.9396926207859080948 ) ) ;
#720 = ORIENTED_EDGE ( 'NONE', *, *, #3316, .F. ) ;
#721 = ORIENTED_EDGE ( 'NONE', *, *, #1543, .T. ) ;
#722 = EDGE_CURVE ( 'NONE', #1194, #93, #470, .T. ) ;
#723 = CARTESIAN_POINT ( 'NONE',  ( 73.66939586594740774, -0.1066916483363806456, 6.259687004167810542 ) ) ;
#724 = DIRECTION ( 'NONE',  ( -0.9594929736144991450, 0.2817325568414236203, 0.000000000000000000 ) ) ;
#725 = CARTESIAN_POINT ( 'NONE',  ( 5.656854249492480058, 5.656854249492620390, -13.79999999999999893 ) ) ;
#726 = ORIENTED_EDGE ( 'NONE', *, *, #908, .T. ) ;
#727 = CARTESIAN_POINT ( 'NONE',  ( -2.473917942235150047, -9.221434512326668553, 5.817338619897202356 ) ) ;
#728 = EDGE_CURVE ( 'NONE', #1061, #3278, #1042, .T. ) ;
#729 = ORIENTED_EDGE ( 'NONE', *, *, #3316, .T. ) ;
#730 = ORIENTED_EDGE ( 'NONE', *, *, #1496, .F. ) ;
#731 = DIRECTION ( 'NONE',  ( 0.000000000000000000, -0.000000000000000000, -1.000000000000000000 ) ) ;
#732 = CARTESIAN_POINT ( 'NONE',  ( 73.12604939000701165, 1.511874705501724758, 5.481361999777484506 ) ) ;
#733 = CARTESIAN_POINT ( 'NONE',  ( -6.376773933753629109, -8.135259246422229751, 0.000000000000000000 ) ) ;
#734 = ADVANCED_BREP_SHAPE_REPRESENTATION ( 'star102_指环左', ( #1296, #716 ), #3578 ) ;
#735 = DIRECTION ( 'NONE',  ( 0.000000000000000000, 0.000000000000000000, 1.000000000000000000 ) ) ;
#736 = EDGE_CURVE ( 'NONE', #1000, #80, #2266, .T. ) ;
#737 = ORIENTED_EDGE ( 'NONE', *, *, #1852, .F. ) ;
#738 = VERTEX_POINT ( 'NONE', #1962 ) ;
#739 = DIRECTION ( 'NONE',  ( 0.000000000000000000, 0.000000000000000000, 1.000000000000000000 ) ) ;
#740 = CARTESIAN_POINT ( 'NONE',  ( 0.000000000000000000, 0.000000000000000000, 1.000000000000000000 ) ) ;
#741 = DIRECTION ( 'NONE',  ( 0.08371745885103293316, 0.000000000000000000, 0.9964895318484412456 ) ) ;
#742 = DIRECTION ( 'NONE',  ( -0.000000000000000000, 0.000000000000000000, 1.000000000000000000 ) ) ;
#743 = DIRECTION ( 'NONE',  ( 0.08870069432740627924, 0.3303179759963836837, 0.9396926207859082059 ) ) ;
#744 = ORIENTED_EDGE ( 'NONE', *, *, #2202, .F. ) ;
#745 = EDGE_LOOP ( 'NONE', ( #1597, #2580, #3297, #3724 ) ) ;
#746 = ORIENTED_EDGE ( 'NONE', *, *, #1387, .T. ) ;
#747 = DIRECTION ( 'NONE',  ( -0.000000000000000000, -0.000000000000000000, 1.000000000000000000 ) ) ;
#748 = DIRECTION ( 'NONE',  ( 1.000000000000000000, 0.000000000000000000, 0.000000000000000000 ) ) ;
#749 = DIRECTION ( 'NONE',  ( -0.6548607339452886533, 0.7557495743542551603, 0.000000000000000000 ) ) ;
#750 = CIRCLE ( 'NONE', #2978, 12.00000000000000178 ) ;
#751 = ORIENTED_EDGE ( 'NONE', *, *, #3074, .T. ) ;
#752 = AXIS2_PLACEMENT_3D ( 'NONE', #1006, #2230, #715 ) ;
#753 = VERTEX_POINT ( 'NONE', #1611 ) ;
#754 = ADVANCED_FACE ( 'NONE', ( #1683 ), #2059, .T. ) ;
#755 = DIRECTION ( 'NONE',  ( 0.000000000000000000, -0.000000000000000000, -1.000000000000000000 ) ) ;
#756 = CARTESIAN_POINT ( 'NONE',  ( 67.05424242296641069, 5.861524900093411539, 6.179996648003147186 ) ) ;
#757 = AXIS2_PLACEMENT_3D ( 'NONE', #2103, #336, #2427 ) ;
#758 = CARTESIAN_POINT ( 'NONE',  ( 59.93705846895525013, 2.227409786531914015, 1.997437701741586302 ) ) ;
#759 = DIRECTION ( 'NONE',  ( 0.000000000000000000, 0.000000000000000000, 1.000000000000000000 ) ) ;
#760 = CARTESIAN_POINT ( 'NONE',  ( -5.079080831267309470, -8.322586010937529366, 6.200000000000000178 ) ) ;
#761 = EDGE_CURVE ( 'NONE', #3518, #2785, #65, .T. ) ;
#762 = CARTESIAN_POINT ( 'NONE',  ( 60.56348123872448497, -5.817339552778483913, 12.28161910199199625 ) ) ;
#763 = CIRCLE ( 'NONE', #3753, 3.762221576582364335 ) ;
#764 = ORIENTED_EDGE ( 'NONE', *, *, #809, .T. ) ;
#765 = ORIENTED_EDGE ( 'NONE', *, *, #3862, .F. ) ;
#766 = DIRECTION ( 'NONE',  ( -0.000000000000000000, -0.000000000000000000, -1.000000000000000000 ) ) ;
#767 = AXIS2_PLACEMENT_3D ( 'NONE', #2457, #3673, #2985 ) ;
#768 = LINE ( 'NONE', #491, #2487 ) ;
#769 = CIRCLE ( 'NONE', #1981, 12.00000000000000178 ) ;
#770 = ORIENTED_EDGE ( 'NONE', *, *, #2385, .F. ) ;
#771 = ORIENTED_EDGE ( 'NONE', *, *, #1205, .F. ) ;
#772 = CARTESIAN_POINT ( 'NONE',  ( -9.412581462727702686, -7.443339990052506572, 6.200000000000000178 ) ) ;
#773 = AXIS2_PLACEMENT_3D ( 'NONE', #598, #850, #3700 ) ;
#774 = CIRCLE ( 'NONE', #1405, 1.050000000000703260 ) ;
#775 = VERTEX_POINT ( 'NONE', #3902 ) ;
#776 = AXIS2_PLACEMENT_3D ( 'NONE', #860, #3834, #2969 ) ;
#777 = ORIENTED_EDGE ( 'NONE', *, *, #2887, .F. ) ;
#778 = FACE_BOUND ( 'NONE', #2684, .T. ) ;
#779 = CARTESIAN_POINT ( 'NONE',  ( -10.32411757120621232, -0.5082176547595769200, 0.000000000000000000 ) ) ;
#780 = CARTESIAN_POINT ( 'NONE',  ( 68.25611317444098347, 5.188467494437215777, 7.021762379372156637 ) ) ;
#781 = AXIS2_PLACEMENT_3D ( 'NONE', #2214, #3459, #1913 ) ;
#782 = DIRECTION ( 'NONE',  ( -1.000000000000000000, 0.000000000000000000, 0.000000000000000000 ) ) ;
#783 = ADVANCED_FACE ( 'NONE', ( #258 ), #191, .T. ) ;
#784 = CARTESIAN_POINT ( 'NONE',  ( -11.40501160019360860, -3.731716816620635147, 0.000000000000000000 ) ) ;
#785 = DIRECTION ( 'NONE',  ( 1.000000000000000000, 0.000000000000000000, 0.000000000000000000 ) ) ;
#786 = CARTESIAN_POINT ( 'NONE',  ( 0.000000000000000000, 0.000000000000000000, 6.200000000000000178 ) ) ;
#787 = ORIENTED_EDGE ( 'NONE', *, *, #2294, .F. ) ;
#788 = CARTESIAN_POINT ( 'NONE',  ( 62.44004183234253702, 1.170899962354050805, -4.336808689942017736E-16 ) ) ;
#789 = CARTESIAN_POINT ( 'NONE',  ( 46.74776644740801856, -16.46351022965102118, 6.200000000000000178 ) ) ;
#790 = CARTESIAN_POINT ( 'NONE',  ( 60.56348123872448497, -19.40246142719601607, 17.05702103871122688 ) ) ;
#791 = CARTESIAN_POINT ( 'NONE',  ( 55.80543257474354135, 6.862790386924391584, 7.291278297446371681 ) ) ;
#792 = EDGE_CURVE ( 'NONE', #1629, #1270, #3859, .T. ) ;
#793 = ORIENTED_EDGE ( 'NONE', *, *, #2494, .T. ) ;
#794 = EDGE_LOOP ( 'NONE', ( #3318, #1973, #3473, #2999 ) ) ;
#795 = CARTESIAN_POINT ( 'NONE',  ( -11.12833698389885662, -4.490001778706653290, 6.200000000000000178 ) ) ;
#796 = ORIENTED_EDGE ( 'NONE', *, *, #1686, .T. ) ;
#797 = ORIENTED_EDGE ( 'NONE', *, *, #525, .F. ) ;
#798 = FACE_OUTER_BOUND ( 'NONE', #3169, .T. ) ;
#799 = FACE_OUTER_BOUND ( 'NONE', #3707, .T. ) ;
#800 = CARTESIAN_POINT ( 'NONE',  ( -2.371321895631778087, -8.556800082314866884, -4.383395502041003022E-17 ) ) ;
#801 = DIRECTION ( 'NONE',  ( -0.000000000000000000, -0.000000000000000000, -1.000000000000000000 ) ) ;
#802 = B_SPLINE_CURVE_WITH_KNOTS ( 'NONE', 3,
 ( #3571, #800, #1077, #2056, #3265, #2382, #482, #1417, #501, #2911 ),
 .UNSPECIFIED., .F., .F.,
 ( 4, 2, 2, 2, 4 ),
 ( 4.810906374828147690E-21, 0.0003925462881593538736, 0.0007850925763187077472, 0.001177638864478061567, 0.001570185152637415494 ),
 .UNSPECIFIED. ) ;
#803 = CARTESIAN_POINT ( 'NONE',  ( 48.39133036665918297, -9.835112167784460624, 1.365715426554918510 ) ) ;
#804 = DIRECTION ( 'NONE',  ( -0.000000000000000000, 0.000000000000000000, 1.000000000000000000 ) ) ;
#805 = ORIENTED_EDGE ( 'NONE', *, *, #3562, .F. ) ;
#806 = CARTESIAN_POINT ( 'NONE',  ( 69.93657875824032999, -4.829988169258754738, 1.815281035917751806 ) ) ;
#807 = CARTESIAN_POINT ( 'NONE',  ( 62.41194168537088416, -23.73682584099762849, 6.200000000000000178 ) ) ;
#808 = DIRECTION ( 'NONE',  ( 1.000000000000000000, 0.000000000000000000, 0.000000000000000000 ) ) ;
#809 = EDGE_CURVE ( 'NONE', #1574, #2706, #2795, .T. ) ;
#810 = CARTESIAN_POINT ( 'NONE',  ( -6.656922612848727105, -7.123754721110441501, 6.200000000000000178 ) ) ;
#811 = ORIENTED_EDGE ( 'NONE', *, *, #3404, .F. ) ;
#812 = DIRECTION ( 'NONE',  ( 0.6548607339452835463, 0.7557495743542594901, 0.000000000000000000 ) ) ;
#813 = DIRECTION ( 'NONE',  ( -1.000000000000000000, 0.000000000000000000, 0.000000000000000000 ) ) ;
#814 = CARTESIAN_POINT ( 'NONE',  ( 52.39896090880216661, 6.252435919119829322, 5.480753366082102396 ) ) ;
#815 = ADVANCED_FACE ( 'NONE', ( #71 ), #949, .T. ) ;
#816 = ORIENTED_EDGE ( 'NONE', *, *, #394, .T. ) ;
#817 = ORIENTED_EDGE ( 'NONE', *, *, #339, .F. ) ;
#818 = DIRECTION ( 'NONE',  ( 1.000000000000000000, 0.000000000000000000, 0.000000000000000000 ) ) ;
#819 = CARTESIAN_POINT ( 'NONE',  ( 73.17640577038793026, 1.458050830012699306, 6.054486946009409287 ) ) ;
#820 = CARTESIAN_POINT ( 'NONE',  ( 69.40952809141479918, 4.397905614351502734, 7.178570949239730936 ) ) ;
#821 = FACE_OUTER_BOUND ( 'NONE', #2048, .T. ) ;
#822 = CARTESIAN_POINT ( 'NONE',  ( 53.12486760649640871, 5.622000575667676969, 7.442830070761608852 ) ) ;
#823 = CARTESIAN_POINT ( 'NONE',  ( 75.05514057792120752, -0.8932759899531392822, 5.224113918459925010 ) ) ;
#824 = VECTOR ( 'NONE', #673, 1000.000000000000000 ) ;
#825 = CARTESIAN_POINT ( 'NONE',  ( 60.69653228021559954, 6.848142423715128935, 9.413193798193216111 ) ) ;
#826 = AXIS2_PLACEMENT_3D ( 'NONE', #3226, #1126, #2343 ) ;
#827 = EDGE_LOOP ( 'NONE', ( #2410, #1558, #3275, #3410 ) ) ;
#828 = CARTESIAN_POINT ( 'NONE',  ( 59.38723066354962299, -23.29398846830546432, 6.200000000001977263 ) ) ;
#829 = CARTESIAN_POINT ( 'NONE',  ( -6.039487577932532325, 10.08264590114086801, 6.200000000000000178 ) ) ;
#830 = AXIS2_PLACEMENT_3D ( 'NONE', #1969, #3176, #1673 ) ;
#831 = ADVANCED_FACE ( 'NONE', ( #941 ), #2762, .T. ) ;
#832 = VERTEX_POINT ( 'NONE', #3368 ) ;
#833 = AXIS2_PLACEMENT_3D ( 'NONE', #1615, #1111, #2808 ) ;
#834 = ORIENTED_EDGE ( 'NONE', *, *, #3163, .F. ) ;
#835 = DIRECTION ( 'NONE',  ( 0.000000000000000000, 0.000000000000000000, 1.000000000000000000 ) ) ;
#836 = ORIENTED_EDGE ( 'NONE', *, *, #3636, .T. ) ;
#837 = EDGE_CURVE ( 'NONE', #653, #1112, #1206, .T. ) ;
#838 = ORIENTED_EDGE ( 'NONE', *, *, #36, .F. ) ;
#839 = CIRCLE ( 'NONE', #2616, 1.050000000000703260 ) ;
#840 = AXIS2_PLACEMENT_3D ( 'NONE', #3922, #2637, #2341 ) ;
#841 = CARTESIAN_POINT ( 'NONE',  ( -0.3511891185768624135, -9.002081883431019449, -6.742282790700693193E-17 ) ) ;
#842 = DIRECTION ( 'NONE',  ( -0.000000000000000000, 0.000000000000000000, 1.000000000000000000 ) ) ;
#843 = VECTOR ( 'NONE', #2910, 1000.000000000000000 ) ;
#844 = CARTESIAN_POINT ( 'NONE',  ( 59.73512347670764910, 7.523787427708064079, 6.221595366464195642 ) ) ;
#845 = EDGE_CURVE ( 'NONE', #3682, #3225, #2777, .T. ) ;
#846 = CARTESIAN_POINT ( 'NONE',  ( 52.06805561666048021, -1.504064058358367983, 5.757840877945938856E-12 ) ) ;
#847 = CARTESIAN_POINT ( 'NONE',  ( 1.745051646699451231, 9.565321693383770807, 5.464630093085985685 ) ) ;
#848 = CARTESIAN_POINT ( 'NONE',  ( 69.55097057617027190, -4.934444084134793407, 3.580066514316928184E-13 ) ) ;
#849 = CARTESIAN_POINT ( 'NONE',  ( 68.14017375509452279, -21.35923290830073284, 6.200000000000000178 ) ) ;
#850 = DIRECTION ( 'NONE',  ( 0.000000000000000000, 0.000000000000000000, 1.000000000000000000 ) ) ;
#851 = CARTESIAN_POINT ( 'NONE',  ( 0.6555888821085128493, 10.31580787075611561, 0.000000000000000000 ) ) ;
#852 = ORIENTED_EDGE ( 'NONE', *, *, #2277, .T. ) ;
#853 = VERTEX_POINT ( 'NONE', #1257 ) ;
#854 = CARTESIAN_POINT ( 'NONE',  ( 64.38948627156855764, 6.847001861660431565, 6.216615341076489720 ) ) ;
#855 = ADVANCED_FACE ( 'NONE', ( #1809 ), #1226, .T. ) ;
#856 = EDGE_LOOP ( 'NONE', ( #3279, #453, #2308, #2195 ) ) ;
#857 = ORIENTED_EDGE ( 'NONE', *, *, #662, .T. ) ;
#858 = CARTESIAN_POINT ( 'NONE',  ( 66.61051770835983632, 6.079396076122018933, 6.810349885891914923 ) ) ;
#859 = EDGE_CURVE ( 'NONE', #1442, #395, #2, .T. ) ;
#860 = CARTESIAN_POINT ( 'NONE',  ( -5.656854249491801490, -5.656854249492621278, -13.79999999999999893 ) ) ;
#861 = CARTESIAN_POINT ( 'NONE',  ( 0.000000000000000000, 8.000000000000000000, -13.79999999999999893 ) ) ;
#862 = FACE_OUTER_BOUND ( 'NONE', #3100, .T. ) ;
#863 = CARTESIAN_POINT ( 'NONE',  ( 52.94583878142364597, -0.2674437647828316056, 1.815281035916609165 ) ) ;
#864 = ADVANCED_FACE ( 'NONE', ( #1550 ), #1393, .T. ) ;
#865 = CARTESIAN_POINT ( 'NONE',  ( 1.568601424092125551, 8.869570047153473524, 6.175141378551773030 ) ) ;
#866 = CARTESIAN_POINT ( 'NONE',  ( 70.70020674047975717, -9.379412774499716221, 1.634284573444557020 ) ) ;
#867 = CARTESIAN_POINT ( 'NONE',  ( 45.00100500903155165, -12.06068918644245969, 6.200000000000000178 ) ) ;
#868 = DIRECTION ( 'NONE',  ( 0.000000000000000000, 0.000000000000000000, 1.000000000000000000 ) ) ;
#869 = ORIENTED_EDGE ( 'NONE', *, *, #3512, .T. ) ;
#870 = ORIENTED_EDGE ( 'NONE', *, *, #1639, .F. ) ;
#871 = ORIENTED_EDGE ( 'NONE', *, *, #1662, .F. ) ;
#872 = ORIENTED_EDGE ( 'NONE', *, *, #3476, .T. ) ;
#873 = CARTESIAN_POINT ( 'NONE',  ( 58.74813413524301353, 7.547318853187213961, 6.171656133522025911 ) ) ;
#874 = CARTESIAN_POINT ( 'NONE',  ( -6.500000000000000000, 7.960204194457795477E-16, 0.000000000000000000 ) ) ;
#875 = CYLINDRICAL_SURFACE ( 'NONE', #3126, 3.762221576582363891 ) ;
#876 = EDGE_CURVE ( 'NONE', #3117, #1232, #1717, .T. ) ;
#877 = CARTESIAN_POINT ( 'NONE',  ( 56.06409279220016373, 6.775736438554574192, 6.663580724496473096 ) ) ;
#878 = CARTESIAN_POINT ( 'NONE',  ( -11.40501160019360860, -3.731716816620635147, 6.200000000000000178 ) ) ;
#879 = CARTESIAN_POINT ( 'NONE',  ( 51.50049299191800145, -18.20666467188570437, 1.051721181301741526 ) ) ;
#880 = AXIS2_PLACEMENT_3D ( 'NONE', #130, #1336, #3425 ) ;
#881 = FACE_OUTER_BOUND ( 'NONE', #616, .T. ) ;
#882 = B_SPLINE_CURVE_WITH_KNOTS ( 'NONE', 3,
 ( #3453, #3818, #3780, #427, #727, #1942, #1088, #2311, #3150, #1644 ),
 .UNSPECIFIED., .F., .F.,
 ( 4, 2, 2, 2, 4 ),
 ( 0.000000000000000000, 0.0003925077204052969415, 0.0007850154408105938829, 0.001177523161215890879, 0.001570030881621187766 ),
 .UNSPECIFIED. ) ;
#883 = EDGE_CURVE ( 'NONE', #1407, #114, #2027, .T. ) ;
#884 = EDGE_CURVE ( 'NONE', #359, #101, #3388, .T. ) ;
#885 = VECTOR ( 'NONE', #1047, 1000.000000000000114 ) ;
#886 = DIRECTION ( 'NONE',  ( 0.2593434803719908421, 0.9657851516711897233, 0.000000000000000000 ) ) ;
#887 = CARTESIAN_POINT ( 'NONE',  ( 56.09592396296434913, -22.45435111358932545, 1.499999999999999556 ) ) ;
#888 = DIRECTION ( 'NONE',  ( 0.9657851516711896123, -0.2593434803719908421, 0.000000000000000000 ) ) ;
#889 = CARTESIAN_POINT ( 'NONE',  ( 52.73221643573198492, 5.361394061567974489, 7.435003402773697090 ) ) ;
#890 = VECTOR ( 'NONE', #3470, 1000.000000000000000 ) ;
#891 = EDGE_LOOP ( 'NONE', ( #497, #1046, #3251, #1914 ) ) ;
#892 = VERTEX_POINT ( 'NONE', #648 ) ;
#893 = CARTESIAN_POINT ( 'NONE',  ( 60.69653228021559954, -5.321862588783907277, 13.69115803317086311 ) ) ;
#894 = AXIS2_PLACEMENT_3D ( 'NONE', #1121, #313, #3631 ) ;
#895 = CARTESIAN_POINT ( 'NONE',  ( -4.606854249492021935, 5.656854249492139886, 6.200000000000000178 ) ) ;
#896 = AXIS2_PLACEMENT_3D ( 'NONE', #396, #3726, #364 ) ;
#897 = VERTEX_POINT ( 'NONE', #3660 ) ;
#898 = ORIENTED_EDGE ( 'NONE', *, *, #2375, .F. ) ;
#899 = AXIS2_PLACEMENT_3D ( 'NONE', #1446, #3291, #2107 ) ;
#900 = CARTESIAN_POINT ( 'NONE',  ( 54.11237084185796675, 6.847963097059580839, 6.108867530831005865 ) ) ;
#901 = DIRECTION ( 'NONE',  ( 0.08870069432740626536, 0.3303179759963836837, 0.9396926207859080948 ) ) ;
#902 = FACE_OUTER_BOUND ( 'NONE', #2544, .T. ) ;
#903 = CIRCLE ( 'NONE', #1095, 0.9999999999999977796 ) ;
#904 = CARTESIAN_POINT ( 'NONE',  ( 54.05933618120353401, 6.770137083587780324, 6.217826146347992911 ) ) ;
#905 = CARTESIAN_POINT ( 'NONE',  ( -9.451552241617092065, -2.393879743007762961, 6.200000000000000178 ) ) ;
#906 = FACE_OUTER_BOUND ( 'NONE', #1146, .T. ) ;
#907 = CIRCLE ( 'NONE', #3439, 6.500000000000000000 ) ;
#908 = EDGE_CURVE ( 'NONE', #3828, #161, #506, .T. ) ;
#909 = AXIS2_PLACEMENT_3D ( 'NONE', #3550, #2000, #1697 ) ;
#910 = LINE ( 'NONE', #2738, #707 ) ;
#911 = CIRCLE ( 'NONE', #347, 3.762221576582363447 ) ;
#912 = CARTESIAN_POINT ( 'NONE',  ( 41.77894896903364241, -23.02018818005275946, 6.765267695815769144 ) ) ;
#913 = DIRECTION ( 'NONE',  ( -0.000000000000000000, 0.000000000000000000, 1.000000000000000000 ) ) ;
#914 = DIRECTION ( 'NONE',  ( -0.9657851516711896123, 0.2593434803719908976, 0.000000000000000000 ) ) ;
#915 = ORIENTED_EDGE ( 'NONE', *, *, #995, .T. ) ;
#916 = CARTESIAN_POINT ( 'NONE',  ( 2.269255453254920507, 8.450620077122911411, 6.200000000000000178 ) ) ;
#917 = DIRECTION ( 'NONE',  ( -1.000000000000000000, 0.000000000000000000, 0.000000000000000000 ) ) ;
#918 = EDGE_CURVE ( 'NONE', #676, #1773, #3296, .T. ) ;
#919 = ORIENTED_EDGE ( 'NONE', *, *, #2977, .F. ) ;
#920 = ORIENTED_EDGE ( 'NONE', *, *, #1593, .T. ) ;
#921 = CARTESIAN_POINT ( 'NONE',  ( 54.18456358690490759, 6.540243623826122565, 6.409480689859375246 ) ) ;
#922 = DIRECTION ( 'NONE',  ( 0.000000000000000000, 0.000000000000000000, -1.000000000000000000 ) ) ;
#923 = CARTESIAN_POINT ( 'NONE',  ( -3.894193991759024698, -11.35056179907179441, 0.000000000000000000 ) ) ;
#924 = CARTESIAN_POINT ( 'NONE',  ( 0.6555888821085128493, 10.31580787075611561, 6.200000000000000178 ) ) ;
#925 = CARTESIAN_POINT ( 'NONE',  ( -6.949999999999157296, -3.405706544451890981E-13, -13.79999999999999893 ) ) ;
#926 = CARTESIAN_POINT ( 'NONE',  ( 6.791818740117426359E-13, -8.000000000000000000, 0.000000000000000000 ) ) ;
#927 = DIRECTION ( 'NONE',  ( -0.000000000000000000, 0.000000000000000000, 1.000000000000000000 ) ) ;
#928 = DIRECTION ( 'NONE',  ( -1.000000000000000000, 0.000000000000000000, 0.000000000000000000 ) ) ;
#929 = ORIENTED_EDGE ( 'NONE', *, *, #3919, .T. ) ;
#930 = DIRECTION ( 'NONE',  ( 0.9657851516711897233, -0.2593434803719908976, 0.000000000000000000 ) ) ;
#931 = DIRECTION ( 'NONE',  ( -0.000000000000000000, -0.000000000000000000, -1.000000000000000000 ) ) ;
#932 = ORIENTED_EDGE ( 'NONE', *, *, #3517, .F. ) ;
#933 = ORIENTED_EDGE ( 'NONE', *, *, #722, .T. ) ;
#934 = EDGE_CURVE ( 'NONE', #1195, #2287, #355, .T. ) ;
#935 = SHAPE_DEFINITION_REPRESENTATION ( #3090, #734 ) ;
#936 = CARTESIAN_POINT ( 'NONE',  ( 6.500000000000000000, 0.000000000000000000, 5.200000000000001066 ) ) ;
#937 = CARTESIAN_POINT ( 'NONE',  ( 72.44324573895137576, 0.8567499150302603228, 7.451860353448987340 ) ) ;
#938 = CARTESIAN_POINT ( 'NONE',  ( -2.860572556533148347, 11.65406043612308551, 0.000000000000000000 ) ) ;
#939 = CARTESIAN_POINT ( 'NONE',  ( 53.02581142977457773, -21.27144319116600357, -4.336808689942017736E-16 ) ) ;
#940 = DIRECTION ( 'NONE',  ( 1.000000000000000000, 0.000000000000000000, 0.000000000000000000 ) ) ;
#941 = FACE_OUTER_BOUND ( 'NONE', #1812, .T. ) ;
#942 = DIRECTION ( 'NONE',  ( -0.000000000000000000, -0.000000000000000000, -1.000000000000000000 ) ) ;
#943 = EDGE_LOOP ( 'NONE', ( #1910, #1493, #1178, #3796 ) ) ;
#944 = EDGE_LOOP ( 'NONE', ( #3218, #3620, #2570, #2288 ) ) ;
#945 = CARTESIAN_POINT ( 'NONE',  ( 6.706854249493484410, -5.656854249492140774, 6.200000000000000178 ) ) ;
#946 = CARTESIAN_POINT ( 'NONE',  ( -8.959963588456274053, 5.154099465690963555, 6.200000000000000178 ) ) ;
#947 = AXIS2_PLACEMENT_3D ( 'NONE', #3693, #366, #1276 ) ;
#948 = ORIENTED_EDGE ( 'NONE', *, *, #3015, .F. ) ;
#949 = TOROIDAL_SURFACE ( 'NONE', #1079, 18.00000000000000355, 1.000000000000000000 ) ;
#950 = VERTEX_POINT ( 'NONE', #1581 ) ;
#951 = DATE_TIME_ROLE ( 'classification_date' ) ;
#952 = DIRECTION ( 'NONE',  ( 0.000000000000000000, -1.000000000000000000, 0.000000000000000000 ) ) ;
#953 = CIRCLE ( 'NONE', #3174, 3.762221576582363891 ) ;
#954 = FACE_OUTER_BOUND ( 'NONE', #3454, .T. ) ;
#955 = EDGE_CURVE ( 'NONE', #1400, #738, #557, .T. ) ;
#956 = CIRCLE ( 'NONE', #133, 12.00000000000000533 ) ;
#957 = CARTESIAN_POINT ( 'NONE',  ( 50.28530443788460502, -17.20116931541747007, -6.505213034913026604E-16 ) ) ;
#958 = LINE ( 'NONE', #1900, #1602 ) ;
#959 = AXIS2_PLACEMENT_3D ( 'NONE', #2504, #3666, #602 ) ;
#960 = EDGE_CURVE ( 'NONE', #652, #2135, #1266, .T. ) ;
#961 = CIRCLE ( 'NONE', #3431, 1.050000000000259837 ) ;
#962 = CARTESIAN_POINT ( 'NONE',  ( 39.70569393964341742, -7.341019027545727660, 6.200000000000001066 ) ) ;
#963 = CARTESIAN_POINT ( 'NONE',  ( 73.74522484150963919, -1.796743214864340521, 7.402599720827016228 ) ) ;
#964 = VECTOR ( 'NONE', #48, 1000.000000000000000 ) ;
#965 = AXIS2_PLACEMENT_3D ( 'NONE', #2409, #2066, #3843 ) ;
#966 = ORIENTED_EDGE ( 'NONE', *, *, #256, .F. ) ;
#967 = ORIENTED_EDGE ( 'NONE', *, *, #2206, .T. ) ;
#968 = DIRECTION ( 'NONE',  ( -1.000000000000000000, 0.000000000000000000, 0.000000000000000000 ) ) ;
#969 = FACE_OUTER_BOUND ( 'NONE', #3095, .T. ) ;
#970 = AXIS2_PLACEMENT_3D ( 'NONE', #1556, #78, #3038 ) ;
#971 = EDGE_LOOP ( 'NONE', ( #3560, #929, #1737, #167 ) ) ;
#972 = ORIENTED_EDGE ( 'NONE', *, *, #3379, .F. ) ;
#973 = EDGE_CURVE ( 'NONE', #2843, #196, #326, .T. ) ;
#974 = APPROVAL_ROLE ( '' ) ;
#975 = DIRECTION ( 'NONE',  ( 0.000000000000000000, 0.000000000000000000, 1.000000000000000000 ) ) ;
#976 = LINE ( 'NONE', #3438, #2759 ) ;
#977 = CARTESIAN_POINT ( 'NONE',  ( 0.000000000000000000, 0.000000000000000000, 6.200000000000000178 ) ) ;
#978 = DIRECTION ( 'NONE',  ( -0.000000000000000000, -0.000000000000000000, -1.000000000000000000 ) ) ;
#979 = CARTESIAN_POINT ( 'NONE',  ( 57.33901989140390754, -21.32868656513369743, 0.9869697850114944604 ) ) ;
#980 = DIRECTION ( 'NONE',  ( 0.000000000000000000, 0.000000000000000000, 1.000000000000000000 ) ) ;
#981 = EDGE_CURVE ( 'NONE', #1699, #513, #1240, .T. ) ;
#982 = CARTESIAN_POINT ( 'NONE',  ( -2.269255453254920507, -8.450620077122909635, 0.000000000000000000 ) ) ;
#983 = ORIENTED_EDGE ( 'NONE', *, *, #1362, .F. ) ;
#984 = DIRECTION ( 'NONE',  ( 0.2593434803719908421, 0.9657851516711897233, 0.000000000000000000 ) ) ;
#985 = CARTESIAN_POINT ( 'NONE',  ( -0.8000000000000000444, 0.000000000000000000, 6.200000000000000178 ) ) ;
#986 = ORIENTED_EDGE ( 'NONE', *, *, #3136, .T. ) ;
#987 = ORIENTED_EDGE ( 'NONE', *, *, #3594, .T. ) ;
#988 = COORDINATED_UNIVERSAL_TIME_OFFSET ( 8, 0, .AHEAD. ) ;
#989 = CARTESIAN_POINT ( 'NONE',  ( -6.039487577932532325, 10.08264590114086801, 6.200000000000000178 ) ) ;
#990 = CARTESIAN_POINT ( 'NONE',  ( -9.451552241617092065, -2.393879743007762961, 0.000000000000000000 ) ) ;
#991 = ORIENTED_EDGE ( 'NONE', *, *, #736, .F. ) ;
#992 = ORIENTED_EDGE ( 'NONE', *, *, #1831, .F. ) ;
#993 = FACE_OUTER_BOUND ( 'NONE', #3152, .T. ) ;
#994 = CARTESIAN_POINT ( 'NONE',  ( 0.000000000000000000, 0.000000000000000000, 6.200000000000000178 ) ) ;
#995 = EDGE_CURVE ( 'NONE', #114, #1874, #2540, .T. ) ;
#996 = CARTESIAN_POINT ( 'NONE',  ( 0.000000000000000000, 0.000000000000000000, 6.200000000000000178 ) ) ;
#997 = CARTESIAN_POINT ( 'NONE',  ( 43.16244502779677816, -1.654178094483661488, 5.750981622035159724 ) ) ;
#998 = EDGE_CURVE ( 'NONE', #1452, #1992, #3695, .T. ) ;
#999 = CARTESIAN_POINT ( 'NONE',  ( 49.54798958329812564, 4.885622617706922632, 5.223877297525146624 ) ) ;
#1000 = VERTEX_POINT ( 'NONE', #1352 ) ;
#1001 = CARTESIAN_POINT ( 'NONE',  ( 63.60808529143856305, -20.54522293137594602, 1.089746747971328755 ) ) ;
#1002 = CARTESIAN_POINT ( 'NONE',  ( 63.37740044425463282, -27.11422469358670639, 1.000000000000000888 ) ) ;
#1003 = AXIS2_PLACEMENT_3D ( 'NONE', #1521, #3596, #1503 ) ;
#1004 = ORIENTED_EDGE ( 'NONE', *, *, #422, .T. ) ;
#1005 = ORIENTED_EDGE ( 'NONE', *, *, #3914, .T. ) ;
#1006 = CARTESIAN_POINT ( 'NONE',  ( 58.56771561635784451, -13.24949401269711302, -8.861464865690923176 ) ) ;
#1007 = PERSON_AND_ORGANIZATION_ROLE ( 'design_owner' ) ;
#1008 = DIRECTION ( 'NONE',  ( 0.5805650321279304249, -0.8142138806666804340, 0.000000000000000000 ) ) ;
#1009 = EDGE_LOOP ( 'NONE', ( #2825, #3340 ) ) ;
#1010 = ORIENTED_EDGE ( 'NONE', *, *, #2879, .T. ) ;
#1011 = FACE_OUTER_BOUND ( 'NONE', #1896, .T. ) ;
#1012 = CIRCLE ( 'NONE', #1975, 3.762221576582363447 ) ;
#1013 = DIRECTION ( 'NONE',  ( -0.4154150130018903764, 0.9096319953545165538, 0.000000000000000000 ) ) ;
#1014 = DIRECTION ( 'NONE',  ( -0.000000000000000000, 0.000000000000000000, 1.000000000000000000 ) ) ;
#1015 = AXIS2_PLACEMENT_3D ( 'NONE', #623, #3345, #1560 ) ;
#1016 = FACE_OUTER_BOUND ( 'NONE', #856, .T. ) ;
#1017 = CARTESIAN_POINT ( 'NONE',  ( -2.070630938732226145, 11.82000370201147454, 0.000000000000000000 ) ) ;
#1018 = AXIS2_PLACEMENT_3D ( 'NONE', #3718, #980, #3145 ) ;
#1019 = DIRECTION ( 'NONE',  ( 1.000000000000000000, 0.000000000000000000, 0.000000000000000000 ) ) ;
#1020 = CIRCLE ( 'NONE', #2553, 5.500000000000000000 ) ;
#1021 = ORIENTED_EDGE ( 'NONE', *, *, #2227, .F. ) ;
#1022 = DIRECTION ( 'NONE',  ( 0.000000000000000000, -0.9434112412789963376, 0.3316251344943915713 ) ) ;
#1023 = CARTESIAN_POINT ( 'NONE',  ( 79.23837007052149772, -10.73320050246504387, 7.243062966893549337 ) ) ;
#1024 = CARTESIAN_POINT ( 'NONE',  ( 65.31688526521233484, 6.561744555423699943, 6.146845367219612832 ) ) ;
#1025 = AXIS2_PLACEMENT_3D ( 'NONE', #3548, #150, #521 ) ;
#1026 = AXIS2_PLACEMENT_3D ( 'NONE', #1519, #2155, #641 ) ;
#1027 = ORIENTED_EDGE ( 'NONE', *, *, #3190, .T. ) ;
#1028 = ORIENTED_EDGE ( 'NONE', *, *, #1045, .F. ) ;
#1029 = LINE ( 'NONE', #2251, #2793 ) ;
#1030 = CIRCLE ( 'NONE', #3905, 1.000000000000000000 ) ;
#1031 = CARTESIAN_POINT ( 'NONE',  ( 0.000000000000000000, 0.000000000000000000, 0.000000000000000000 ) ) ;
#1032 = CARTESIAN_POINT ( 'NONE',  ( 48.80136665214697445, 3.187049985882214553, 5.200000000000000178 ) ) ;
#1033 = ORIENTED_EDGE ( 'NONE', *, *, #1837, .F. ) ;
#1034 = ORIENTED_EDGE ( 'NONE', *, *, #1268, .T. ) ;
#1035 = FACE_OUTER_BOUND ( 'NONE', #3849, .T. ) ;
#1036 = DIRECTION ( 'NONE',  ( 0.6548607339452835463, 0.7557495743542594901, 0.000000000000000000 ) ) ;
#1037 = DIRECTION ( 'NONE',  ( -0.9657851516711896123, 0.2593434803719908976, -0.000000000000000000 ) ) ;
#1038 = DIRECTION ( 'NONE',  ( 1.000000000000000000, 0.000000000000000000, 0.000000000000000000 ) ) ;
#1039 = CARTESIAN_POINT ( 'NONE',  ( 65.97083524797454857, -17.45637317687481627, 5.199999999999996625 ) ) ;
#1040 = DIRECTION ( 'NONE',  ( -0.000000000000000000, -0.000000000000000000, -1.000000000000000000 ) ) ;
#1041 = ORIENTED_EDGE ( 'NONE', *, *, #2765, .F. ) ;
#1042 = LINE ( 'NONE', #3170, #3752 ) ;
#1043 = CARTESIAN_POINT ( 'NONE',  ( 49.93233759943566241, 4.150297991751909166, 6.211948569957852939 ) ) ;
#1044 = ORIENTED_EDGE ( 'NONE', *, *, #3553, .T. ) ;
#1045 = EDGE_CURVE ( 'NONE', #2598, #2518, #2861, .T. ) ;
#1046 = ORIENTED_EDGE ( 'NONE', *, *, #2728, .F. ) ;
#1047 = DIRECTION ( 'NONE',  ( -0.9657851516711896123, 0.2593434803719908421, -0.000000000000000000 ) ) ;
#1048 = CARTESIAN_POINT ( 'NONE',  ( -7.515045518445490735, 6.211810593996920815, 0.000000000000000000 ) ) ;
#1049 = DIRECTION ( 'NONE',  ( 0.000000000000000000, 0.000000000000000000, 1.000000000000000000 ) ) ;
#1050 = CARTESIAN_POINT ( 'NONE',  ( -2.528598933626911904, -9.416405228794101134, 5.200000000000000178 ) ) ;
#1051 = VERTEX_POINT ( 'NONE', #153 ) ;
#1052 = EDGE_CURVE ( 'NONE', #3451, #950, #3563, .T. ) ;
#1053 = ORIENTED_EDGE ( 'NONE', *, *, #215, .T. ) ;
#1054 = CARTESIAN_POINT ( 'NONE',  ( -7.366847990940307511, 7.250878532086780126, 6.200000000000000178 ) ) ;
#1055 = LINE ( 'NONE', #437, #843 ) ;
#1056 = LINE ( 'NONE', #2217, #3003 ) ;
#1057 = CARTESIAN_POINT ( 'NONE',  ( 5.656854249492959674, -5.656854249492140774, -13.79999999999999893 ) ) ;
#1058 = DIRECTION ( 'NONE',  ( -0.000000000000000000, -0.000000000000000000, 1.000000000000000000 ) ) ;
#1059 = CARTESIAN_POINT ( 'NONE',  ( 69.78900816774012128, 4.058144301471798165, 7.230193752496854032 ) ) ;
#1060 = CARTESIAN_POINT ( 'NONE',  ( -6.103866304610268578, 7.602980740173119756, 6.200000000000000178 ) ) ;
#1061 = VERTEX_POINT ( 'NONE', #91 ) ;
#1062 = CARTESIAN_POINT ( 'NONE',  ( 59.32246892815012984, -21.54080399495654063, 1.000322588323211415 ) ) ;
#1063 = CARTESIAN_POINT ( 'NONE',  ( 59.93705846895525013, 2.227409786531914015, 1.997437701741586302 ) ) ;
#1064 = CARTESIAN_POINT ( 'NONE',  ( -6.103866304610268578, 7.602980740173119756, 6.200000000000000178 ) ) ;
#1065 = DIRECTION ( 'NONE',  ( 1.000000000000000000, 0.000000000000000000, 0.000000000000000000 ) ) ;
#1066 = VERTEX_POINT ( 'NONE', #3734 ) ;
#1067 = VERTEX_POINT ( 'NONE', #1679 ) ;
#1068 = CARTESIAN_POINT ( 'NONE',  ( -2.277266001350169322, 10.08264590114086801, 0.000000000000000000 ) ) ;
#1069 = EDGE_CURVE ( 'NONE', #469, #2257, #1650, .T. ) ;
#1070 = VECTOR ( 'NONE', #485, 1000.000000000000000 ) ;
#1071 = B_SPLINE_CURVE_WITH_KNOTS ( 'NONE', 3,
 ( #814, #1757, #516, #1431, #3867, #1816, #2965, #245, #2664, #1154, #1024, #1926, #472, #2007, #450, #1627, #2841, #2284 ),
 .UNSPECIFIED., .F., .F.,
 ( 4, 2, 2, 2, 2, 2, 2, 2, 4 ),
 ( 0.000000000000000000, 0.002818160997477257151, 0.005636321994954514303, 0.008454482992431771454, 0.01127264398990902861, 0.01409080498738628576, 0.01690896598486354291, 0.01972712698234080006, 0.02254528797981805721 ),
 .UNSPECIFIED. ) ;
#1072 = ORIENTED_EDGE ( 'NONE', *, *, #306, .F. ) ;
#1073 = AXIS2_PLACEMENT_3D ( 'NONE', #2707, #1813, #199 ) ;
#1074 = ORIENTED_EDGE ( 'NONE', *, *, #666, .F. ) ;
#1075 = CARTESIAN_POINT ( 'NONE',  ( -2.963700234361556607, 9.288647959786468178, 0.000000000000000000 ) ) ;
#1076 = CARTESIAN_POINT ( 'NONE',  ( 58.76707351947641911, 7.548050897766932721, 6.007293126329065203 ) ) ;
#1077 = CARTESIAN_POINT ( 'NONE',  ( -2.382035656858189299, -8.687038517917832436, 0.02496022245734112396 ) ) ;
#1078 = ADVANCED_FACE ( 'NONE', ( #1016 ), #1314, .T. ) ;
#1079 = AXIS2_PLACEMENT_3D ( 'NONE', #2143, #927, #3032 ) ;
#1080 = CARTESIAN_POINT ( 'NONE',  ( 60.85026270536909720, 2.231054471720987031, 2.007806146773767786 ) ) ;
#1081 = EDGE_CURVE ( 'NONE', #3769, #161, #2261, .T. ) ;
#1082 = CARTESIAN_POINT ( 'NONE',  ( 0.000000000000000000, 0.000000000000000000, 0.000000000000000000 ) ) ;
#1083 = CIRCLE ( 'NONE', #2676, 12.00000000000000178 ) ;
#1084 = CARTESIAN_POINT ( 'NONE',  ( -10.30410784652952749, -0.8191765962152178782, 6.200000000000000178 ) ) ;
#1085 = EDGE_LOOP ( 'NONE', ( #1245, #2889 ) ) ;
#1086 = CARTESIAN_POINT ( 'NONE',  ( 56.36831535287735306, -21.43997604835256610, -4.336808689942017736E-16 ) ) ;
#1087 = CARTESIAN_POINT ( 'NONE',  ( 44.56106758177477190, -7.271692559588914584, 6.200000000000000178 ) ) ;
#1088 = CARTESIAN_POINT ( 'NONE',  ( -2.413462677535516132, -8.928989597843425940, 6.076046525878508575 ) ) ;
#1089 = FACE_OUTER_BOUND ( 'NONE', #1125, .T. ) ;
#1090 = VECTOR ( 'NONE', #299, 1000.000000000000000 ) ;
#1091 = EDGE_LOOP ( 'NONE', ( #2335, #1792, #3407, #1554 ) ) ;
#1092 = ORIENTED_EDGE ( 'NONE', *, *, #3476, .F. ) ;
#1093 = CYLINDRICAL_SURFACE ( 'NONE', #257, 1.050000000000691047 ) ;
#1094 = CARTESIAN_POINT ( 'NONE',  ( 73.71361550132129992, 0.8793364602001324526, 6.020640183227609299 ) ) ;
#1095 = AXIS2_PLACEMENT_3D ( 'NONE', #2975, #551, #1490 ) ;
#1096 = CIRCLE ( 'NONE', #3188, 1.050000000000691047 ) ;
#1097 = ORIENTED_EDGE ( 'NONE', *, *, #208, .T. ) ;
#1098 = CIRCLE ( 'NONE', #2052, 9.750000000000000000 ) ;
#1099 = ORIENTED_EDGE ( 'NONE', *, *, #859, .F. ) ;
#1100 = CARTESIAN_POINT ( 'NONE',  ( -0.8000000000000000444, 0.000000000000000000, 0.000000000000000000 ) ) ;
#1101 = FACE_OUTER_BOUND ( 'NONE', #1625, .T. ) ;
#1102 = CARTESIAN_POINT ( 'NONE',  ( 67.82741175937194100, 5.295148950111629560, 6.589479178175610130 ) ) ;
#1103 = CARTESIAN_POINT ( 'NONE',  ( -0.9662303906370903750, -10.29135985382434448, 6.200000000000000178 ) ) ;
#1104 = ADVANCED_FACE ( 'NONE', ( #3144 ), #2218, .F. ) ;
#1105 = CARTESIAN_POINT ( 'NONE',  ( 63.37740044425463282, -27.11422469358670639, 5.199999999999996625 ) ) ;
#1106 = EDGE_CURVE ( 'NONE', #1360, #1927, #2483, .T. ) ;
#1107 = ORIENTED_EDGE ( 'NONE', *, *, #235, .F. ) ;
#1108 = CARTESIAN_POINT ( 'NONE',  ( 70.51603950312251357, -10.90431455009778894, -1.159095159131509523E-12 ) ) ;
#1109 = CARTESIAN_POINT ( 'NONE',  ( 54.87991777059416876, -23.22333621280624527, 6.200000000000000178 ) ) ;
#1110 = DIRECTION ( 'NONE',  ( 1.000000000000000000, 0.000000000000000000, 0.000000000000000000 ) ) ;
#1111 = DIRECTION ( 'NONE',  ( -0.000000000000000000, 0.000000000000000000, 1.000000000000000000 ) ) ;
#1112 = VERTEX_POINT ( 'NONE', #2875 ) ;
#1113 = ORIENTED_EDGE ( 'NONE', *, *, #1548, .F. ) ;
#1114 = LINE ( 'NONE', #3233, #2222 ) ;
#1115 = CARTESIAN_POINT ( 'NONE',  ( 73.68050603901342299, -0.1248431512227817231, 6.258807995413279812 ) ) ;
#1116 = EDGE_LOOP ( 'NONE', ( #2527, #1538, #816, #2626 ) ) ;
#1117 = ORIENTED_EDGE ( 'NONE', *, *, #2252, .F. ) ;
#1118 = FACE_BOUND ( 'NONE', #1235, .T. ) ;
#1119 = CARTESIAN_POINT ( 'NONE',  ( 64.38607337876813119, 6.848005331797005546, 6.216557996339913572 ) ) ;
#1120 = CARTESIAN_POINT ( 'NONE',  ( 1.050000000001382494, -8.000000000000000000, 0.000000000000000000 ) ) ;
#1121 = CARTESIAN_POINT ( 'NONE',  ( -7.144944486281366913, 7.469635673622618377, 6.200000000000000178 ) ) ;
#1122 = DIRECTION ( 'NONE',  ( 0.4154150130018842701, 0.9096319953545193293, 0.000000000000000000 ) ) ;
#1123 = CARTESIAN_POINT ( 'NONE',  ( 1.728117508298825156, 9.465808130636261808, 5.706264801771921746 ) ) ;
#1124 = EDGE_CURVE ( 'NONE', #1158, #3456, #194, .T. ) ;
#1125 = EDGE_LOOP ( 'NONE', ( #536, #1132, #2152, #3503 ) ) ;
#1126 = DIRECTION ( 'NONE',  ( 0.000000000000000000, 0.000000000000000000, 1.000000000000000000 ) ) ;
#1127 = CARTESIAN_POINT ( 'NONE',  ( 66.43175709615947255, -21.49050926933500349, 6.200000000000677858 ) ) ;
#1128 = DIRECTION ( 'NONE',  ( 0.000000000000000000, 0.000000000000000000, 1.000000000000000000 ) ) ;
#1129 = CARTESIAN_POINT ( 'NONE',  ( -0.9662303906370903750, -10.29135985382434448, 6.200000000000000178 ) ) ;
#1130 = EDGE_CURVE ( 'NONE', #2781, #2720, #2851, .T. ) ;
#1131 = EDGE_LOOP ( 'NONE', ( #1010, #1811, #1422, #2824 ) ) ;
#1132 = ORIENTED_EDGE ( 'NONE', *, *, #446, .F. ) ;
#1133 = CARTESIAN_POINT ( 'NONE',  ( 59.25153723044969212, -11.46879986611805435, 5.199999999999996625 ) ) ;
#1134 = ADVANCED_FACE ( 'NONE', ( #3483 ), #2897, .T. ) ;
#1135 = ORIENTED_EDGE ( 'NONE', *, *, #2425, .F. ) ;
#1136 = ORIENTED_EDGE ( 'NONE', *, *, #3079, .T. ) ;
#1137 = CARTESIAN_POINT ( 'NONE',  ( 77.25153723044969922, -11.46879986611805435, 5.199999999999996625 ) ) ;
#1138 = CARTESIAN_POINT ( 'NONE',  ( 6.706854249493484410, -5.656854249492140774, 0.000000000000000000 ) ) ;
#1139 = FACE_OUTER_BOUND ( 'NONE', #3782, .T. ) ;
#1140 = CIRCLE ( 'NONE', #3875, 1.499999999999999778 ) ;
#1141 = CARTESIAN_POINT ( 'NONE',  ( 63.95542654074059641, 6.935888638684972740, 6.413292175302771625 ) ) ;
#1142 = CARTESIAN_POINT ( 'NONE',  ( 59.80491582743321999, 1.617379361977015373, -4.336808689942017736E-16 ) ) ;
#1143 = DIRECTION ( 'NONE',  ( 1.000000000000000000, 0.000000000000000000, 0.000000000000000000 ) ) ;
#1144 = AXIS2_PLACEMENT_3D ( 'NONE', #386, #3447, #1918 ) ;
#1145 = EDGE_CURVE ( 'NONE', #1569, #1051, #763, .T. ) ;
#1146 = EDGE_LOOP ( 'NONE', ( #201, #307, #2469, #3107 ) ) ;
#1147 = CARTESIAN_POINT ( 'NONE',  ( 67.71244146362168692, -20.69038335165749132, 6.199999999999323386 ) ) ;
#1148 = AXIS2_PLACEMENT_3D ( 'NONE', #626, #315, #1545 ) ;
#1149 = DIRECTION ( 'NONE',  ( -0.9594929736145012544, 0.2817325568414162373, 0.000000000000000000 ) ) ;
#1150 = AXIS2_PLACEMENT_3D ( 'NONE', #1802, #350, #1197 ) ;
#1151 = ORIENTED_EDGE ( 'NONE', *, *, #2089, .T. ) ;
#1152 = CARTESIAN_POINT ( 'NONE',  ( 61.13001223160991771, 7.435892998156035105, 6.254144294300079565 ) ) ;
#1153 = EDGE_CURVE ( 'NONE', #97, #2884, #444, .T. ) ;
#1154 = CARTESIAN_POINT ( 'NONE',  ( 64.41349941697666281, 6.840928294081034089, 6.175947352329093754 ) ) ;
#1155 = CIRCLE ( 'NONE', #2364, 12.00000000000000355 ) ;
#1156 = CIRCLE ( 'NONE', #451, 3.762221576582363891 ) ;
#1157 = ORIENTED_EDGE ( 'NONE', *, *, #1358, .F. ) ;
#1158 = VERTEX_POINT ( 'NONE', #784 ) ;
#1159 = TOROIDAL_SURFACE ( 'NONE', #3639, 18.00000000000000355, 1.000000000000000000 ) ;
#1160 = EDGE_CURVE ( 'NONE', #2594, #2751, #421, .T. ) ;
#1161 = CARTESIAN_POINT ( 'NONE',  ( 63.63674392462662155, -26.14843954191552200, 1.000000000000000000 ) ) ;
#1162 = CYLINDRICAL_SURFACE ( 'NONE', #3901, 14.39999999999998259 ) ;
#1163 = CIRCLE ( 'NONE', #2690, 1.000000000000000000 ) ;
#1164 = CARTESIAN_POINT ( 'NONE',  ( 58.39984539223576832, 7.440937518101785386, 7.019489267692339496 ) ) ;
#1165 = CARTESIAN_POINT ( 'NONE',  ( -4.380276841034158153, -8.710664429071977466, 0.000000000000000000 ) ) ;
#1166 = CARTESIAN_POINT ( 'NONE',  ( 48.46380131051080298, -8.208014993301427253, 5.908492159674908845E-12 ) ) ;
#1167 = CIRCLE ( 'NONE', #284, 1.000000000000000000 ) ;
#1168 = CARTESIAN_POINT ( 'NONE',  ( 1.748767090068500618, 9.591887909306143101, 5.200000000000000178 ) ) ;
#1169 = DIRECTION ( 'NONE',  ( -0.000000000000000000, -0.000000000000000000, -1.000000000000000000 ) ) ;
#1170 = CARTESIAN_POINT ( 'NONE',  ( 45.96422234408042584, -11.83154340379945069, 7.028530081035825106 ) ) ;
#1171 = CARTESIAN_POINT ( 'NONE',  ( 6.791818740117426359E-13, -8.000000000000000000, -13.79999999999999893 ) ) ;
#1172 = DIRECTION ( 'NONE',  ( 0.4154150130018841591, 0.9096319953545193293, 0.000000000000000000 ) ) ;
#1173 = ORIENTED_EDGE ( 'NONE', *, *, #1621, .T. ) ;
#1174 = ORIENTED_EDGE ( 'NONE', *, *, #2638, .T. ) ;
#1175 = CARTESIAN_POINT ( 'NONE',  ( 53.31883395100611267, 6.186522202097521017, 6.396356971156934357 ) ) ;
#1176 = DIRECTION ( 'NONE',  ( 0.000000000000000000, 0.000000000000000000, 1.000000000000000000 ) ) ;
#1177 = EDGE_CURVE ( 'NONE', #1991, #1629, #953, .T. ) ;
#1178 = ORIENTED_EDGE ( 'NONE', *, *, #3906, .F. ) ;
#1179 = ORIENTED_EDGE ( 'NONE', *, *, #1947, .T. ) ;
#1180 = DIRECTION ( 'NONE',  ( -0.000000000000000000, -0.000000000000000000, -1.000000000000000000 ) ) ;
#1181 = CARTESIAN_POINT ( 'NONE',  ( 73.12604939000701165, 1.511874705501721206, 5.481361999777482730 ) ) ;
#1182 = ADVANCED_FACE ( 'NONE', ( #252 ), #1217, .T. ) ;
#1183 = CARTESIAN_POINT ( 'NONE',  ( 56.11537600594397190, 6.992626318982159361, 7.269192708433085848 ) ) ;
#1184 = FACE_OUTER_BOUND ( 'NONE', #1887, .T. ) ;
#1185 = LINE ( 'NONE', #925, #2739 ) ;
#1186 = CARTESIAN_POINT ( 'NONE',  ( 1.643919806653025839, 9.101797997576349886, 0.1237538824205112187 ) ) ;
#1187 = CARTESIAN_POINT ( 'NONE',  ( 70.38186458306925886, -6.315526069193238001, 1.758371753713041663 ) ) ;
#1188 = DIRECTION ( 'NONE',  ( -0.000000000000000000, -0.000000000000000000, -1.000000000000000000 ) ) ;
#1189 = CARTESIAN_POINT ( 'NONE',  ( 1.050000000000000266, 8.000000000000000000, -13.79999999999999893 ) ) ;
#1190 = LINE ( 'NONE', #810, #1211 ) ;
#1191 = ORIENTED_EDGE ( 'NONE', *, *, #1743, .T. ) ;
#1192 = EDGE_LOOP ( 'NONE', ( #2042, #992, #2010, #3787 ) ) ;
#1193 = DIRECTION ( 'NONE',  ( -1.000000000000000000, 0.000000000000000000, 0.000000000000000000 ) ) ;
#1194 = VERTEX_POINT ( 'NONE', #1255 ) ;
#1195 = VERTEX_POINT ( 'NONE', #3658 ) ;
#1196 = ADVANCED_FACE ( 'NONE', ( #298 ), #2477, .T. ) ;
#1197 = DIRECTION ( 'NONE',  ( 1.000000000000000000, 0.000000000000000000, 0.000000000000000000 ) ) ;
#1198 = DIRECTION ( 'NONE',  ( -0.9657851516711897233, 0.2593434803719908976, 0.000000000000000000 ) ) ;
#1199 = DIRECTION ( 'NONE',  ( -0.000000000000000000, 0.000000000000000000, 1.000000000000000000 ) ) ;
#1200 = FACE_BOUND ( 'NONE', #3023, .T. ) ;
#1201 = EDGE_CURVE ( 'NONE', #2135, #28, #1185, .T. ) ;
#1202 = CARTESIAN_POINT ( 'NONE',  ( -1.972319854284031670, 10.14670602713487213, 0.000000000000000000 ) ) ;
#1203 = CARTESIAN_POINT ( 'NONE',  ( 6.500000000000000000, 0.000000000000000000, 1.000000000000000000 ) ) ;
#1204 = CARTESIAN_POINT ( 'NONE',  ( 43.09157530381687451, -1.476020946829515568, 0.8502719140157865008 ) ) ;
#1205 = EDGE_CURVE ( 'NONE', #1773, #676, #1909, .T. ) ;
#1206 = CIRCLE ( 'NONE', #3172, 1.050000000000259837 ) ;
#1207 = ORIENTED_EDGE ( 'NONE', *, *, #2530, .F. ) ;
#1208 = FACE_OUTER_BOUND ( 'NONE', #1987, .T. ) ;
#1209 = CARTESIAN_POINT ( 'NONE',  ( -1.972319854284031670, 10.14670602713487213, 6.200000000000000178 ) ) ;
#1210 = CIRCLE ( 'NONE', #3235, 3.762221576582362559 ) ;
#1211 = VECTOR ( 'NONE', #2346, 1000.000000000000000 ) ;
#1212 = ORIENTED_EDGE ( 'NONE', *, *, #3857, .F. ) ;
#1213 = VERTEX_POINT ( 'NONE', #2404 ) ;
#1214 = AXIS2_PLACEMENT_3D ( 'NONE', #3487, #109, #1315 ) ;
#1215 = CARTESIAN_POINT ( 'NONE',  ( -6.706854249492492315, -5.656854249492621278, 0.000000000000000000 ) ) ;
#1216 = CARTESIAN_POINT ( 'NONE',  ( -5.656854249492281994, 5.656854249492139886, 6.200000000000000178 ) ) ;
#1217 =( BOUNDED_SURFACE ( )  B_SPLINE_SURFACE ( 3, 2, ( 
 ( #2018, #3897, #2913 ),
 ( #2039, #1457, #2322 ),
 ( #3873, #1142, #1781 ),
 ( #212, #2062, #3575 ),
 ( #3855, #186, #3223 ),
 ( #863, #1397, #1372 ),
 ( #3245, #846, #3285 ),
 ( #528, #2615, #503 ),
 ( #1746, #2953, #1439 ),
 ( #3268, #1166, #3837 ),
 ( #803, #2971, #2674 ),
 ( #2387, #3349, #352 ),
 ( #333, #1838, #2775 ),
 ( #47, #957, #278 ),
 ( #879, #1562, #2700 ),
 ( #3047, #3921, #939 ),
 ( #3676, #2123, #2182 ),
 ( #664, #2158, #3072 ) ),
 .UNSPECIFIED., .F., .F., .F. ) 
 B_SPLINE_SURFACE_WITH_KNOTS ( ( 4, 2, 2, 2, 2, 2, 2, 2, 4 ),
 ( 3, 3 ),
 ( -8.881784197001252323E-16, 0.3926990816987233623, 0.7853981633974476129, 1.178097245096171974, 1.570796326794896114, 1.963495408493620475, 2.356194490192344837, 2.748893571891068976, 3.141592653589793116 ),
 ( 0.000000000000000000, 1.000000000000000000 ),
 .UNSPECIFIED. ) 
 GEOMETRIC_REPRESENTATION_ITEM ( )  RATIONAL_B_SPLINE_SURFACE ( (
 ( 1.000000000000000000, 0.5735764363510460484, 1.000000000000000000),
 ( 1.000000000000000000, 0.5735464613669281064, 1.000000000000000000),
 ( 1.000000000000000000, 0.5774898308501444921, 1.000000000000000000),
 ( 1.000000000000000000, 0.5921379645401986247, 1.000000000000000000),
 ( 1.000000000000000000, 0.6028384121582044397, 1.000000000000000000),
 ( 1.000000000000000000, 0.6285471792403827251, 1.000000000000000000),
 ( 1.000000000000000000, 0.6435232272147592969, 1.000000000000000000),
 ( 1.000000000000000000, 0.6748959455934466778, 1.000000000000000000),
 ( 1.000000000000000000, 0.6912780784979103421, 1.000000000000000000),
 ( 1.000000000000000000, 0.7229354838751845813, 1.000000000000000000),
 ( 1.000000000000000000, 0.7382077142315596197, 1.000000000000000000),
 ( 1.000000000000000000, 0.7657107957854339952, 1.000000000000000000),
 ( 1.000000000000000000, 0.7779425145264778907, 1.000000000000000000),
 ( 1.000000000000000000, 0.7980300503666905021, 1.000000000000000000),
 ( 1.000000000000000000, 0.8058871847679571765, 1.000000000000000000),
 ( 1.000000000000000000, 0.8164478053775199307, 1.000000000000000000),
 ( 1.000000000000000000, 0.8191600913242642612, 1.000000000000000000),
 ( 1.000000000000000000, 0.8191520442889923537, 1.000000000000000000) ) ) 
 REPRESENTATION_ITEM ( '' )  SURFACE ( )  );
#1218 = VECTOR ( 'NONE', #2675, 1000.000000000000000 ) ;
#1219 = DIRECTION ( 'NONE',  ( -0.8412535328311840921, 0.5406408174555930035, 0.000000000000000000 ) ) ;
#1220 = DIRECTION ( 'NONE',  ( -0.000000000000000000, -0.000000000000000000, -1.000000000000000000 ) ) ;
#1221 = AXIS2_PLACEMENT_3D ( 'NONE', #2022, #2045, #3273 ) ;
#1222 = CIRCLE ( 'NONE', #1026, 9.750000000000000000 ) ;
#1223 = FACE_OUTER_BOUND ( 'NONE', #827, .T. ) ;
#1224 = ADVANCED_FACE ( 'NONE', ( #3331, #1860, #3365, #1522, #2421, #2736, #3385, #2100, #2444, #1200 ), #3306, .F. ) ;
#1225 = VECTOR ( 'NONE', #397, 1000.000000000000000 ) ;
#1226 = CYLINDRICAL_SURFACE ( 'NONE', #3109, 1.000000000000000000 ) ;
#1227 = DIRECTION ( 'NONE',  ( 1.000000000000000000, 0.000000000000000000, 0.000000000000000000 ) ) ;
#1228 = CARTESIAN_POINT ( 'NONE',  ( -10.30410784652952749, -0.8191765962152178782, 0.000000000000000000 ) ) ;
#1229 = CARTESIAN_POINT ( 'NONE',  ( -5.656854249492281994, 5.656854249492139886, -13.79999999999999893 ) ) ;
#1230 = ADVANCED_FACE ( 'NONE', ( #1807 ), #3011, .T. ) ;
#1231 = ORIENTED_EDGE ( 'NONE', *, *, #1518, .T. ) ;
#1232 = VERTEX_POINT ( 'NONE', #3030 ) ;
#1233 = DIRECTION ( 'NONE',  ( 1.000000000000000000, 0.000000000000000000, 0.000000000000000000 ) ) ;
#1234 = DIRECTION ( 'NONE',  ( 1.000000000000000000, 0.000000000000000000, 0.000000000000000000 ) ) ;
#1235 = EDGE_LOOP ( 'NONE', ( #1041, #1509 ) ) ;
#1236 = ORIENTED_EDGE ( 'NONE', *, *, #3028, .F. ) ;
#1237 = CARTESIAN_POINT ( 'NONE',  ( -5.656854249491801490, -5.656854249492621278, 0.000000000000000000 ) ) ;
#1238 = DIRECTION ( 'NONE',  ( 1.000000000000000000, 0.000000000000000000, 0.000000000000000000 ) ) ;
#1239 = DIRECTION ( 'NONE',  ( -0.8412535328311842031, 0.5406408174555928925, 0.000000000000000000 ) ) ;
#1240 =( BOUNDED_CURVE ( )  B_SPLINE_CURVE ( 3, ( #1980, #1637, #979, #2574 ),
 .UNSPECIFIED., .F., .T. ) 
 B_SPLINE_CURVE_WITH_KNOTS ( ( 4, 4 ),
 ( 2.894415841876966766, 3.141592653589793116 ),
 .UNSPECIFIED. ) 
 CURVE ( )  GEOMETRIC_REPRESENTATION_ITEM ( )  RATIONAL_B_SPLINE_CURVE ( ( 1.000000000000000000, 0.9949151125126599604, 0.9949151125126599604, 1.000000000000000000 ) ) 
 REPRESENTATION_ITEM ( '' )  );
#1241 = CARTESIAN_POINT ( 'NONE',  ( -9.615881436223883583, -1.611621607104151810, 0.000000000000000000 ) ) ;
#1242 = DIRECTION ( 'NONE',  ( 0.000000000000000000, 0.000000000000000000, -1.000000000000000000 ) ) ;
#1243 = FACE_OUTER_BOUND ( 'NONE', #264, .T. ) ;
#1244 = CARTESIAN_POINT ( 'NONE',  ( 52.73221643573198492, 5.361394061567974489, 7.435003402773697090 ) ) ;
#1245 = ORIENTED_EDGE ( 'NONE', *, *, #1420, .T. ) ;
#1246 = ORIENTED_EDGE ( 'NONE', *, *, #1358, .T. ) ;
#1247 = CYLINDRICAL_SURFACE ( 'NONE', #2670, 19.00000000000000355 ) ;
#1248 = CARTESIAN_POINT ( 'NONE',  ( 5.656854249492480058, 5.656854249492620390, 0.000000000000000000 ) ) ;
#1249 = VERTEX_POINT ( 'NONE', #3938 ) ;
#1250 = EDGE_LOOP ( 'NONE', ( #2130, #393, #605, #553 ) ) ;
#1251 = ADVANCED_FACE ( 'NONE', ( #906 ), #269, .T. ) ;
#1252 = CALENDAR_DATE ( 2026, 14, 4 ) ;
#1253 = CARTESIAN_POINT ( 'NONE',  ( 0.000000000000000000, 0.000000000000000000, 6.200000000000000178 ) ) ;
#1254 = CARTESIAN_POINT ( 'NONE',  ( 8.000000000000339284, 3.395909370058713179E-13, 0.000000000000000000 ) ) ;
#1255 = CARTESIAN_POINT ( 'NONE',  ( 2.528598933626911460, 9.416405228794101134, 5.199999999999996625 ) ) ;
#1256 = CARTESIAN_POINT ( 'NONE',  ( -12.78816239593672321, -0.5328811956230991020, 0.000000000000000000 ) ) ;
#1257 = CARTESIAN_POINT ( 'NONE',  ( -4.380276841034158153, -8.710664429071977466, 6.200000000000000178 ) ) ;
#1258 = CARTESIAN_POINT ( 'NONE',  ( 75.43884890174348357, -4.554824609889552178, 6.200000000000000178 ) ) ;
#1259 = AXIS2_PLACEMENT_3D ( 'NONE', #1780, #1199, #2099 ) ;
#1260 = EDGE_CURVE ( 'NONE', #2348, #3201, #1012, .T. ) ;
#1261 = CIRCLE ( 'NONE', #1323, 1.050000000000691047 ) ;
#1262 = ORIENTED_EDGE ( 'NONE', *, *, #955, .F. ) ;
#1263 = ORIENTED_EDGE ( 'NONE', *, *, #1260, .T. ) ;
#1264 = LINE ( 'NONE', #3946, #3229 ) ;
#1265 = CARTESIAN_POINT ( 'NONE',  ( 4.606854249492434938, -5.656854249492140774, -13.79999999999999893 ) ) ;
#1266 = CIRCLE ( 'NONE', #3488, 1.050000000000504530 ) ;
#1267 = EDGE_LOOP ( 'NONE', ( #120, #479, #3806, #3377 ) ) ;
#1268 = EDGE_CURVE ( 'NONE', #3257, #2394, #1210, .T. ) ;
#1269 = CIRCLE ( 'NONE', #3564, 8.750000000000000000 ) ;
#1270 = VERTEX_POINT ( 'NONE', #1048 ) ;
#1271 = DATE_AND_TIME ( #1252, #2496 ) ;
#1272 = DIRECTION ( 'NONE',  ( -0.000000000000000000, -0.000000000000000000, -1.000000000000000000 ) ) ;
#1273 = AXIS2_PLACEMENT_3D ( 'NONE', #171, #3466, #3813 ) ;
#1274 = CARTESIAN_POINT ( 'NONE',  ( 0.000000000000000000, 0.000000000000000000, 0.000000000000000000 ) ) ;
#1275 = ADVANCED_FACE ( 'NONE', ( #2012 ), #3457, .T. ) ;
#1276 = DIRECTION ( 'NONE',  ( -1.000000000000000000, 0.000000000000000000, 0.000000000000000000 ) ) ;
#1277 = CIRCLE ( 'NONE', #512, 12.00000000000000355 ) ;
#1278 = LINE ( 'NONE', #2583, #698 ) ;
#1279 = CARTESIAN_POINT ( 'NONE',  ( 52.75962282046782548, 5.319739298844152309, 5.480753366082095290 ) ) ;
#1280 = AXIS2_PLACEMENT_3D ( 'NONE', #887, #2778, #2144 ) ;
#1281 = DIRECTION ( 'NONE',  ( -0.000000000000000000, 0.000000000000000000, 1.000000000000000000 ) ) ;
#1282 = CARTESIAN_POINT ( 'NONE',  ( 70.64573217754346501, 3.248196084604121570, 7.337319349722468687 ) ) ;
#1283 = SECURITY_CLASSIFICATION ( '', '', #1324 ) ;
#1284 = CARTESIAN_POINT ( 'NONE',  ( 0.000000000000000000, 0.000000000000000000, 6.200000000000000178 ) ) ;
#1285 = ORIENTED_EDGE ( 'NONE', *, *, #568, .F. ) ;
#1286 = DIRECTION ( 'NONE',  ( 0.8412535328311804284, 0.5406408174555985546, 0.000000000000000000 ) ) ;
#1287 = CARTESIAN_POINT ( 'NONE',  ( 0.000000000000000000, 0.000000000000000000, 5.200000000000001066 ) ) ;
#1288 = EDGE_LOOP ( 'NONE', ( #1053, #2268, #1688, #363, #3931, #2599 ) ) ;
#1289 = VERTEX_POINT ( 'NONE', #2315 ) ;
#1290 = APPROVAL_STATUS ( 'not_yet_approved' ) ;
#1291 = CARTESIAN_POINT ( 'NONE',  ( 49.94629047341184958, 4.160949053024389777, 6.212319469344071088 ) ) ;
#1292 = DIRECTION ( 'NONE',  ( 0.9594929736144972576, 0.2817325568414301151, 0.000000000000000000 ) ) ;
#1293 = ORIENTED_EDGE ( 'NONE', *, *, #3049, .T. ) ;
#1294 = VERTEX_POINT ( 'NONE', #1994 ) ;
#1295 = CARTESIAN_POINT ( 'NONE',  ( -7.999999999999661604, -3.405706544451890981E-13, 0.000000000000000000 ) ) ;
#1296 = MANIFOLD_SOLID_BREP ( '移动面1', #3164 ) ;
#1297 = ADVANCED_FACE ( 'NONE', ( #3154 ), #3016, .T. ) ;
#1298 = CARTESIAN_POINT ( 'NONE',  ( -6.934274570223737832, -9.793663062651708273, 6.200000000000000178 ) ) ;
#1299 = CARTESIAN_POINT ( 'NONE',  ( 48.87100810325122069, 4.464885473587078657, 5.200000000000001954 ) ) ;
#1300 = ORIENTED_EDGE ( 'NONE', *, *, #1906, .F. ) ;
#1301 = CARTESIAN_POINT ( 'NONE',  ( 52.47879434007589339, 5.746568442110227437, 6.340376683041049510 ) ) ;
#1302 = VERTEX_POINT ( 'NONE', #67 ) ;
#1303 = ORIENTED_EDGE ( 'NONE', *, *, #2271, .T. ) ;
#1304 = APPROVAL_STATUS ( 'not_yet_approved' ) ;
#1305 = DIRECTION ( 'NONE',  ( 1.000000000000000000, 0.000000000000000000, 0.000000000000000000 ) ) ;
#1306 = DIRECTION ( 'NONE',  ( -0.8142138806666806561, -0.5805650321279299808, -1.007119790563549335E-15 ) ) ;
#1307 = EDGE_CURVE ( 'NONE', #2348, #2352, #1278, .T. ) ;
#1308 = VERTEX_POINT ( 'NONE', #367 ) ;
#1309 = VERTEX_POINT ( 'NONE', #2906 ) ;
#1310 = DIRECTION ( 'NONE',  ( 0.6548607339452836573, 0.7557495743542594901, 0.000000000000000000 ) ) ;
#1311 = CARTESIAN_POINT ( 'NONE',  ( -7.366847990940307511, 7.250878532086780126, 0.000000000000000000 ) ) ;
#1312 = DIRECTION ( 'NONE',  ( -0.000000000000000000, -0.000000000000000000, -1.000000000000000000 ) ) ;
#1313 = ADVANCED_FACE ( 'NONE', ( #1945 ), #3474, .T. ) ;
#1314 = CYLINDRICAL_SURFACE ( 'NONE', #381, 3.762221576582363891 ) ;
#1315 = DIRECTION ( 'NONE',  ( 0.2593434803719875670, 0.9657851516711903894, 0.000000000000000000 ) ) ;
#1316 = CARTESIAN_POINT ( 'NONE',  ( -6.656922612848726217, -7.123754721110439725, 0.000000000000000000 ) ) ;
#1317 = EDGE_CURVE ( 'NONE', #3, #1730, #2424, .T. ) ;
#1318 = EDGE_LOOP ( 'NONE', ( #2246, #2150, #2147, #3236 ) ) ;
#1319 = CARTESIAN_POINT ( 'NONE',  ( 50.55878527487224972, 3.408443912529762088, 6.199999999999993960 ) ) ;
#1320 = ORIENTED_EDGE ( 'NONE', *, *, #2639, .T. ) ;
#1321 = ORIENTED_EDGE ( 'NONE', *, *, #2185, .F. ) ;
#1322 = DIRECTION ( 'NONE',  ( 0.000000000000000000, 0.000000000000000000, 1.000000000000000000 ) ) ;
#1323 = AXIS2_PLACEMENT_3D ( 'NONE', #3139, #1322, #2545 ) ;
#1324 = SECURITY_CLASSIFICATION_LEVEL ( 'unclassified' ) ;
#1325 = CARTESIAN_POINT ( 'NONE',  ( -9.655930361154716479, -3.688996837790550209, 0.000000000000000000 ) ) ;
#1326 = VERTEX_POINT ( 'NONE', #795 ) ;
#1327 = VERTEX_POINT ( 'NONE', #1648 ) ;
#1328 = FACE_BOUND ( 'NONE', #1771, .T. ) ;
#1329 = CIRCLE ( 'NONE', #1654, 1.050000000000524514 ) ;
#1330 = LINE ( 'NONE', #2819, #3441 ) ;
#1331 = AXIS2_PLACEMENT_3D ( 'NONE', #3213, #1403, #1065 ) ;
#1332 = DIRECTION ( 'NONE',  ( 1.000000000000000000, 0.000000000000000000, 0.000000000000000000 ) ) ;
#1333 = CARTESIAN_POINT ( 'NONE',  ( -10.11750779506746234, 2.117008461354665361, 6.200000000000000178 ) ) ;
#1334 = EDGE_CURVE ( 'NONE', #2087, #2131, #1269, .T. ) ;
#1335 = AXIS2_PLACEMENT_3D ( 'NONE', #164, #1364, #2112 ) ;
#1336 = DIRECTION ( 'NONE',  ( -0.000000000000000000, -0.000000000000000000, 1.000000000000000000 ) ) ;
#1337 = ORIENTED_EDGE ( 'NONE', *, *, #2426, .F. ) ;
#1338 = CARTESIAN_POINT ( 'NONE',  ( -1.050000000000000266, 8.000000000000000000, 6.200000000000000178 ) ) ;
#1339 = DIRECTION ( 'NONE',  ( -0.000000000000000000, -0.000000000000000000, -1.000000000000000000 ) ) ;
#1340 = EDGE_CURVE ( 'NONE', #2706, #2966, #329, .T. ) ;
#1341 = ADVANCED_FACE ( 'NONE', ( #1345 ), #2290, .F. ) ;
#1342 = VECTOR ( 'NONE', #2912, 1000.000000000000000 ) ;
#1343 = VERTEX_POINT ( 'NONE', #2565 ) ;
#1344 = VERTEX_POINT ( 'NONE', #772 ) ;
#1345 = FACE_OUTER_BOUND ( 'NONE', #292, .T. ) ;
#1346 = CARTESIAN_POINT ( 'NONE',  ( -4.606854249491110664, -5.656854249492621278, 0.000000000000000000 ) ) ;
#1347 = ORIENTED_EDGE ( 'NONE', *, *, #2258, .F. ) ;
#1348 = EDGE_LOOP ( 'NONE', ( #2893, #991, #2229, #3580 ) ) ;
#1349 = CYLINDRICAL_SURFACE ( 'NONE', #19, 3.762221576582362115 ) ;
#1350 = CARTESIAN_POINT ( 'NONE',  ( 66.61499691480871377, 6.033150469071868471, 6.278741320522391867 ) ) ;
#1351 = DIRECTION ( 'NONE',  ( -0.000000000000000000, -0.000000000000000000, -1.000000000000000000 ) ) ;
#1352 = CARTESIAN_POINT ( 'NONE',  ( -9.891682374222906304, -6.793719143995277321, 6.200000000000000178 ) ) ;
#1353 = CARTESIAN_POINT ( 'NONE',  ( 68.37209881811330092, 5.120024588545328825, 7.037491368748023390 ) ) ;
#1354 = CYLINDRICAL_SURFACE ( 'NONE', #3748, 1.050000000000040457 ) ;
#1355 = ADVANCED_FACE ( 'NONE', ( #1409 ), #2629, .T. ) ;
#1356 = VERTEX_POINT ( 'NONE', #895 ) ;
#1357 = CARTESIAN_POINT ( 'NONE',  ( 57.85236020902106446, -21.46653447505042323, 0.9869697850104447445 ) ) ;
#1358 = EDGE_CURVE ( 'NONE', #1382, #1704, #3493, .T. ) ;
#1359 = CARTESIAN_POINT ( 'NONE',  ( 48.80136665214697445, 3.187049985882211889, 6.200000000000000178 ) ) ;
#1360 = VERTEX_POINT ( 'NONE', #3887 ) ;
#1361 = ORIENTED_EDGE ( 'NONE', *, *, #1662, .T. ) ;
#1362 = EDGE_CURVE ( 'NONE', #146, #3559, #3300, .T. ) ;
#1363 = DIRECTION ( 'NONE',  ( 0.000000000000000000, 0.000000000000000000, 1.000000000000000000 ) ) ;
#1364 = DIRECTION ( 'NONE',  ( 0.000000000000000000, -0.000000000000000000, -1.000000000000000000 ) ) ;
#1365 = EDGE_LOOP ( 'NONE', ( #2049, #2502, #3200, #3889 ) ) ;
#1366 = ORIENTED_EDGE ( 'NONE', *, *, #1380, .T. ) ;
#1367 = ADVANCED_FACE ( 'NONE', ( #3866 ), #1815, .T. ) ;
#1368 = DIRECTION ( 'NONE',  ( 1.000000000000000000, 0.000000000000000000, 0.000000000000000000 ) ) ;
#1369 = CARTESIAN_POINT ( 'NONE',  ( 59.70882323989894047, 7.549357844320420341, 6.179553973269159783 ) ) ;
#1370 = CARTESIAN_POINT ( 'NONE',  ( 72.44324573895136155, 0.8567499150302640976, 7.451860353448978458 ) ) ;
#1371 = CYLINDRICAL_SURFACE ( 'NONE', #1544, 1.000000000000000000 ) ;
#1372 = CARTESIAN_POINT ( 'NONE',  ( 52.01202969918540475, 0.8802284917603974135, -4.336808689942017736E-16 ) ) ;
#1373 = DIRECTION ( 'NONE',  ( 1.000000000000000000, 0.000000000000000000, 0.000000000000000000 ) ) ;
#1374 = CYLINDRICAL_SURFACE ( 'NONE', #2351, 3.762221576582363003 ) ;
#1375 = ORIENTED_EDGE ( 'NONE', *, *, #1657, .T. ) ;
#1376 = CARTESIAN_POINT ( 'NONE',  ( 59.33976549905332121, -21.89591702485459024, 1.084202172485504434E-15 ) ) ;
#1377 = CARTESIAN_POINT ( 'NONE',  ( 48.87247653432250161, 4.465932520011013374, 5.200000000218677698 ) ) ;
#1378 = CARTESIAN_POINT ( 'NONE',  ( -8.132302056181712757, 8.824152269029738704, 6.200000000000000178 ) ) ;
#1379 = FACE_OUTER_BOUND ( 'NONE', #971, .T. ) ;
#1380 = EDGE_CURVE ( 'NONE', #222, #1850, #128, .T. ) ;
#1381 = ORIENTED_EDGE ( 'NONE', *, *, #1160, .T. ) ;
#1382 = VERTEX_POINT ( 'NONE', #3604 ) ;
#1383 = LINE ( 'NONE', #3803, #885 ) ;
#1384 = CARTESIAN_POINT ( 'NONE',  ( -10.30410784652952749, -0.8191765962152178782, 6.200000000000000178 ) ) ;
#1385 = CARTESIAN_POINT ( 'NONE',  ( -11.12833698389885662, -4.490001778706653290, 0.000000000000000000 ) ) ;
#1386 = AXIS2_PLACEMENT_3D ( 'NONE', #786, #1806, #3816 ) ;
#1387 = EDGE_CURVE ( 'NONE', #1992, #1452, #1329, .T. ) ;
#1388 = ORIENTED_EDGE ( 'NONE', *, *, #1886, .T. ) ;
#1389 = AXIS2_PLACEMENT_3D ( 'NONE', #2865, #2582, #3498 ) ;
#1390 = EDGE_LOOP ( 'NONE', ( #3504, #286, #1074, #714 ) ) ;
#1391 = FACE_BOUND ( 'NONE', #1943, .T. ) ;
#1392 = CARTESIAN_POINT ( 'NONE',  ( 67.04733106574950341, 5.864626893101835492, 6.063109883111416742 ) ) ;
#1393 = TOROIDAL_SURFACE ( 'NONE', #3626, 8.750000000000000000, 1.000000000000000000 ) ;
#1394 = DIRECTION ( 'NONE',  ( 0.000000000000000000, 0.000000000000000000, 1.000000000000000000 ) ) ;
#1395 = ADVANCED_FACE ( 'NONE', ( #2719 ), #3662, .F. ) ;
#1396 = CIRCLE ( 'NONE', #2925, 12.00000000000000355 ) ;
#1397 = CARTESIAN_POINT ( 'NONE',  ( 53.22724952734796489, -0.5510150967522854382, -4.336808689942018229E-16 ) ) ;
#1398 = CARTESIAN_POINT ( 'NONE',  ( -4.728451967219453600, -10.29135985382434448, 6.200000000000000178 ) ) ;
#1399 = AXIS2_PLACEMENT_3D ( 'NONE', #3412, #3086, #2789 ) ;
#1400 = VERTEX_POINT ( 'NONE', #1244 ) ;
#1401 = CARTESIAN_POINT ( 'NONE',  ( 51.26771744405678533, -20.50927485550842277, 6.200000000000663647 ) ) ;
#1402 = CARTESIAN_POINT ( 'NONE',  ( -0.1980352320212146189, -9.043208485867502588, 6.200000000000000178 ) ) ;
#1403 = DIRECTION ( 'NONE',  ( -0.000000000000000000, 0.000000000000000000, 1.000000000000000000 ) ) ;
#1404 = AXIS2_PLACEMENT_3D ( 'NONE', #3756, #2595, #2283 ) ;
#1405 = AXIS2_PLACEMENT_3D ( 'NONE', #926, #2776, #665 ) ;
#1406 = ORIENTED_EDGE ( 'NONE', *, *, #467, .F. ) ;
#1407 = VERTEX_POINT ( 'NONE', #2463 ) ;
#1408 = CARTESIAN_POINT ( 'NONE',  ( 62.99561314417473312, 3.239826171304569069, -4.336808689942017736E-16 ) ) ;
#1409 = FACE_OUTER_BOUND ( 'NONE', #3546, .T. ) ;
#1410 = AXIS2_PLACEMENT_3D ( 'NONE', #3202, #436, #2259 ) ;
#1411 = CIRCLE ( 'NONE', #1606, 3.762221576582363447 ) ;
#1412 = ORIENTED_EDGE ( 'NONE', *, *, #1703, .F. ) ;
#1413 = CIRCLE ( 'NONE', #3651, 3.762221576582363003 ) ;
#1414 = ORIENTED_EDGE ( 'NONE', *, *, #3862, .T. ) ;
#1415 = ADVANCED_FACE ( 'NONE', ( #3680 ), #3943, .T. ) ;
#1416 = CARTESIAN_POINT ( 'NONE',  ( 65.29470844329975421, 6.567849153317665944, 6.237365441817656730 ) ) ;
#1417 = CARTESIAN_POINT ( 'NONE',  ( -2.520582713995185742, -9.390828202196932040, 0.7354715076719966493 ) ) ;
#1418 = CARTESIAN_POINT ( 'NONE',  ( 42.33476015250830216, 2.157157335426849620, 1.797582669037381065 ) ) ;
#1419 = DIRECTION ( 'NONE',  ( 0.000000000000000000, 0.000000000000000000, 1.000000000000000000 ) ) ;
#1420 = EDGE_CURVE ( 'NONE', #395, #1557, #2796, .T. ) ;
#1421 = CARTESIAN_POINT ( 'NONE',  ( 1.672660529863047474, 9.210166899622370451, 6.002531702778504119 ) ) ;
#1422 = ORIENTED_EDGE ( 'NONE', *, *, #3934, .F. ) ;
#1423 = CARTESIAN_POINT ( 'NONE',  ( 72.20686244208802407, -9.401982494090898257, -4.336808689942017736E-16 ) ) ;
#1424 = CARTESIAN_POINT ( 'NONE',  ( 62.28090567927840482, -23.02185557609534783, 6.199999999998002664 ) ) ;
#1425 = EDGE_CURVE ( 'NONE', #2956, #1061, #1529, .T. ) ;
#1426 = CYLINDRICAL_SURFACE ( 'NONE', #73, 1.050000000000703260 ) ;
#1427 = CARTESIAN_POINT ( 'NONE',  ( -1.024417370216223144, 9.696033676282239000, 6.200000000000000178 ) ) ;
#1428 = EDGE_LOOP ( 'NONE', ( #3625, #1072, #81, #2814 ) ) ;
#1429 = VERTEX_POINT ( 'NONE', #3242 ) ;
#1430 = CARTESIAN_POINT ( 'NONE',  ( 69.50110026480112424, 4.415509233429067315, 6.380614557529078468 ) ) ;
#1431 = CARTESIAN_POINT ( 'NONE',  ( 55.99862273115858358, 7.274116729727841069, 5.827782224737847017 ) ) ;
#1432 = ORIENTED_EDGE ( 'NONE', *, *, #2227, .T. ) ;
#1433 = ORIENTED_EDGE ( 'NONE', *, *, #3778, .F. ) ;
#1434 = CARTESIAN_POINT ( 'NONE',  ( -0.9662303906370903750, -10.29135985382434448, 6.200000000000000178 ) ) ;
#1435 = CARTESIAN_POINT ( 'NONE',  ( 72.17827402637527712, 0.6999549233609986265, 6.268814856298660310 ) ) ;
#1436 = CARTESIAN_POINT ( 'NONE',  ( 0.000000000000000000, 0.000000000000000000, 0.000000000000000000 ) ) ;
#1437 = ADVANCED_FACE ( 'NONE', ( #2061 ), #2419, .T. ) ;
#1438 = CARTESIAN_POINT ( 'NONE',  ( 62.55913716665022406, 7.264912807279108264, 6.213918354770633812 ) ) ;
#1439 = CARTESIAN_POINT ( 'NONE',  ( 47.92503775816159362, -4.683788997279399346, -4.336808689942017736E-16 ) ) ;
#1440 = DIRECTION ( 'NONE',  ( -0.000000000000000000, -0.000000000000000000, 1.000000000000000000 ) ) ;
#1441 = ADVANCED_FACE ( 'NONE', ( #3551 ), #3936, .F. ) ;
#1442 = VERTEX_POINT ( 'NONE', #3595 ) ;
#1443 = CARTESIAN_POINT ( 'NONE',  ( 63.73166874844073249, 0.8240577902625694229, -4.336808689942017736E-16 ) ) ;
#1444 = CARTESIAN_POINT ( 'NONE',  ( 45.46607179553155476, -2.511454813648315465, 6.200000000000000178 ) ) ;
#1445 = DIRECTION ( 'NONE',  ( 0.000000000000000000, -0.000000000000000000, -1.000000000000000000 ) ) ;
#1446 = CARTESIAN_POINT ( 'NONE',  ( 8.000000000000339284, 3.395909370058713179E-13, -13.79999999999999893 ) ) ;
#1447 = ADVANCED_FACE ( 'NONE', ( #2384 ), #3667, .F. ) ;
#1448 = ORIENTED_EDGE ( 'NONE', *, *, #2031, .T. ) ;
#1449 = ORIENTED_EDGE ( 'NONE', *, *, #3544, .F. ) ;
#1450 = DIRECTION ( 'NONE',  ( 1.000000000000000000, 4.473760543308606732E-15, 0.000000000000000000 ) ) ;
#1451 = ORIENTED_EDGE ( 'NONE', *, *, #2127, .F. ) ;
#1452 = VERTEX_POINT ( 'NONE', #1138 ) ;
#1453 = CARTESIAN_POINT ( 'NONE',  ( 72.20446283685332389, 1.264024580391685637, 7.459197560031809004 ) ) ;
#1454 = CARTESIAN_POINT ( 'NONE',  ( 56.46147869509609052, -21.09303934315430240, 0.9869697850114944604 ) ) ;
#1455 = CARTESIAN_POINT ( 'NONE',  ( 65.31543331300161981, 6.598030296991155730, 6.677157759137869242 ) ) ;
#1456 = CARTESIAN_POINT ( 'NONE',  ( 0.000000000000000000, 0.000000000000000000, 6.200000000000000178 ) ) ;
#1457 = CARTESIAN_POINT ( 'NONE',  ( 61.14841491624089542, 1.517742134439065138, 3.542518027638059723E-13 ) ) ;
#1458 = VECTOR ( 'NONE', #747, 1000.000000000000000 ) ;
#1459 = CARTESIAN_POINT ( 'NONE',  ( 1.714630524273002665, 9.392139749628734435, 0.3824559836384525680 ) ) ;
#1460 = AXIS2_PLACEMENT_3D ( 'NONE', #1203, #3678, #1242 ) ;
#1461 = CARTESIAN_POINT ( 'NONE',  ( -7.515045518445490735, 6.211810593996920815, 6.200000000000000178 ) ) ;
#1462 = CARTESIAN_POINT ( 'NONE',  ( 50.29842322537206911, -19.39569213059825259, 6.891681337361700521 ) ) ;
#1463 = EDGE_CURVE ( 'NONE', #3117, #2797, #1396, .T. ) ;
#1464 = DIRECTION ( 'NONE',  ( 0.4154150130018840481, 0.9096319953545194403, 0.000000000000000000 ) ) ;
#1465 = EDGE_CURVE ( 'NONE', #2110, #1061, #802, .T. ) ;
#1466 = DIRECTION ( 'NONE',  ( -0.000000000000000000, 0.000000000000000000, 1.000000000000000000 ) ) ;
#1467 = ORIENTED_EDGE ( 'NONE', *, *, #60, .T. ) ;
#1468 = AXIS2_PLACEMENT_3D ( 'NONE', #3689, #901, #1856 ) ;
#1469 = ORIENTED_EDGE ( 'NONE', *, *, #1947, .F. ) ;
#1470 = LINE ( 'NONE', #1794, #2286 ) ;
#1471 = CARTESIAN_POINT ( 'NONE',  ( 60.56348123872448497, -5.817339552778483913, 12.28161910199199625 ) ) ;
#1472 = ADVANCED_FACE ( 'NONE', ( #2016 ), #3221, .T. ) ;
#1473 = CIRCLE ( 'NONE', #3434, 3.762221576582363891 ) ;
#1474 = ORIENTED_EDGE ( 'NONE', *, *, #934, .F. ) ;
#1475 = ORIENTED_EDGE ( 'NONE', *, *, #446, .T. ) ;
#1476 = AXIS2_PLACEMENT_3D ( 'NONE', #1787, #1752, #1110 ) ;
#1477 = CIRCLE ( 'NONE', #279, 6.500000000000000000 ) ;
#1478 = CARTESIAN_POINT ( 'NONE',  ( 52.39896090880119317, 6.252435919119454510, 5.480753366097880885 ) ) ;
#1479 = CARTESIAN_POINT ( 'NONE',  ( -10.28893766292894085, 6.175577848943564874, 6.200000000000000178 ) ) ;
#1480 = CARTESIAN_POINT ( 'NONE',  ( 0.000000000000000000, 0.000000000000000000, 6.200000000000000178 ) ) ;
#1481 = CIRCLE ( 'NONE', #594, 6.500000000000000000 ) ;
#1482 = CARTESIAN_POINT ( 'NONE',  ( 63.96847501914066925, 7.002958100522575613, 6.600827289992353464 ) ) ;
#1483 = DIRECTION ( 'NONE',  ( -1.000000000000000000, 0.000000000000000000, 0.000000000000000000 ) ) ;
#1484 = DIRECTION ( 'NONE',  ( 0.000000000000000000, 0.000000000000000000, 1.000000000000000000 ) ) ;
#1485 = CC_DESIGN_APPROVAL ( #2758, ( #1283 ) ) ;
#1486 = CIRCLE ( 'NONE', #1853, 12.00000000000000533 ) ;
#1487 = CARTESIAN_POINT ( 'NONE',  ( 1.522466631635128298, 8.747275638790489083, 5.421010862427522170E-17 ) ) ;
#1488 = CARTESIAN_POINT ( 'NONE',  ( 67.12563179114404477, -1.416025458096898726, -4.336808689942017736E-16 ) ) ;
#1489 = CARTESIAN_POINT ( 'NONE',  ( 57.83675790654137217, -23.90001879005716390, 6.200000000000000178 ) ) ;
#1490 = DIRECTION ( 'NONE',  ( 0.8606122729320089260, 0.5092607541120769410, 0.000000000000000000 ) ) ;
#1491 = DIRECTION ( 'NONE',  ( 0.9960583250120629284, -0.02941537968607213852, -0.08368123213772714342 ) ) ;
#1492 = APPROVAL ( #1290, '未指定' ) ;
#1493 = ORIENTED_EDGE ( 'NONE', *, *, #373, .T. ) ;
#1494 = CYLINDRICAL_SURFACE ( 'NONE', #3950, 3.762221576582363003 ) ;
#1495 = ORIENTED_EDGE ( 'NONE', *, *, #845, .T. ) ;
#1496 = EDGE_CURVE ( 'NONE', #2352, #3497, #2169, .T. ) ;
#1497 = ORIENTED_EDGE ( 'NONE', *, *, #1933, .T. ) ;
#1498 = DIRECTION ( 'NONE',  ( -0.2593434803719876225, -0.9657851516711906115, 0.000000000000000000 ) ) ;
#1499 = DIRECTION ( 'NONE',  ( 0.000000000000000000, 0.000000000000000000, 1.000000000000000000 ) ) ;
#1500 = FACE_OUTER_BOUND ( 'NONE', #1288, .T. ) ;
#1501 = CARTESIAN_POINT ( 'NONE',  ( 52.22801351218020471, 6.127728379196693886, 6.201495386997939008 ) ) ;
#1502 = EDGE_CURVE ( 'NONE', #180, #1531, #70, .T. ) ;
#1503 = DIRECTION ( 'NONE',  ( 0.000000000000000000, -0.9434112412789963376, 0.3316251344943916268 ) ) ;
#1504 = DIRECTION ( 'NONE',  ( -0.000000000000000000, -0.000000000000000000, -1.000000000000000000 ) ) ;
#1505 = CARTESIAN_POINT ( 'NONE',  ( -7.576987870392881241, -9.305334750126894150, 0.000000000000000000 ) ) ;
#1506 = DIRECTION ( 'NONE',  ( 1.000000000000000000, 0.000000000000000000, 0.000000000000000000 ) ) ;
#1507 = CARTESIAN_POINT ( 'NONE',  ( 43.34372407092235591, -2.102844841436311896, 0.1039746133598980077 ) ) ;
#1508 = EDGE_LOOP ( 'NONE', ( #190, #138, #1451, #87 ) ) ;
#1509 = ORIENTED_EDGE ( 'NONE', *, *, #422, .F. ) ;
#1510 = CARTESIAN_POINT ( 'NONE',  ( 59.25153723044969212, -11.46879986611805435, 1.000000000000000888 ) ) ;
#1511 = CARTESIAN_POINT ( 'NONE',  ( -3.106632694473850265, 10.31580787075611561, 0.000000000000000000 ) ) ;
#1512 = FACE_OUTER_BOUND ( 'NONE', #2549, .T. ) ;
#1513 = ORIENTED_EDGE ( 'NONE', *, *, #3307, .T. ) ;
#1514 = ORIENTED_EDGE ( 'NONE', *, *, #2134, .T. ) ;
#1515 = CARTESIAN_POINT ( 'NONE',  ( 53.19870175751972852, 6.565380530015077376, 6.088488001562518015 ) ) ;
#1516 = LINE ( 'NONE', #1820, #3496 ) ;
#1517 = EDGE_CURVE ( 'NONE', #1642, #2908, #3633, .T. ) ;
#1518 = EDGE_CURVE ( 'NONE', #2211, #3178, #3429, .T. ) ;
#1519 = CARTESIAN_POINT ( 'NONE',  ( 0.000000000000000000, 0.000000000000000000, 6.200000000000000178 ) ) ;
#1520 = CARTESIAN_POINT ( 'NONE',  ( 52.88740859670796368, 5.125518636758705782, 6.267177004154462772 ) ) ;
#1521 = CARTESIAN_POINT ( 'NONE',  ( 58.56771561635784451, -13.24949401269711302, -8.861464865690923176 ) ) ;
#1522 = FACE_OUTER_BOUND ( 'NONE', #3702, .T. ) ;
#1523 = EDGE_CURVE ( 'NONE', #3263, #892, #2175, .T. ) ;
#1524 = CIRCLE ( 'NONE', #57, 3.762221576582363003 ) ;
#1525 = CARTESIAN_POINT ( 'NONE',  ( -7.576987870392881241, -9.305334750126894150, 6.200000000000000178 ) ) ;
#1526 = VECTOR ( 'NONE', #2050, 1000.000000000000000 ) ;
#1527 = CARTESIAN_POINT ( 'NONE',  ( -6.500000000000000000, 7.960204194457795477E-16, 5.200000000000001066 ) ) ;
#1528 = CARTESIAN_POINT ( 'NONE',  ( 74.07151479183086451, 0.005428192348861044306, 6.200000000000000178 ) ) ;
#1529 = LINE ( 'NONE', #2734, #1591 ) ;
#1530 = AXIS2_PLACEMENT_3D ( 'NONE', #2916, #218, #2005 ) ;
#1531 = VERTEX_POINT ( 'NONE', #2773 ) ;
#1532 = EDGE_LOOP ( 'NONE', ( #2454, #2962, #1136, #3231, #3372, #414 ) ) ;
#1533 = CARTESIAN_POINT ( 'NONE',  ( -3.714609627610714782, 9.014664459338559865, 6.200000000000000178 ) ) ;
#1534 = CYLINDRICAL_SURFACE ( 'NONE', #3191, 12.00000000000000178 ) ;
#1535 = AXIS2_PLACEMENT_3D ( 'NONE', #2546, #2333, #454 ) ;
#1536 = AXIS2_PLACEMENT_3D ( 'NONE', #2119, #45, #273 ) ;
#1537 = ORIENTED_EDGE ( 'NONE', *, *, #410, .F. ) ;
#1538 = ORIENTED_EDGE ( 'NONE', *, *, #2080, .F. ) ;
#1539 = CIRCLE ( 'NONE', #1214, 1.499999999999998890 ) ;
#1540 = CARTESIAN_POINT ( 'NONE',  ( -7.999999999999661604, -3.405706544451890981E-13, 6.200000000000000178 ) ) ;
#1541 = DIRECTION ( 'NONE',  ( -1.000000000000000000, 0.000000000000000000, 0.000000000000000000 ) ) ;
#1542 = CIRCLE ( 'NONE', #3898, 10.99999999999997158 ) ;
#1543 = EDGE_CURVE ( 'NONE', #1294, #1871, #3501, .T. ) ;
#1544 = AXIS2_PLACEMENT_3D ( 'NONE', #2590, #3446, #3810 ) ;
#1545 = DIRECTION ( 'NONE',  ( -0.2593434803719908421, -0.9657851516711897233, 0.000000000000000000 ) ) ;
#1546 = AXIS2_PLACEMENT_3D ( 'NONE', #2145, #3093, #1869 ) ;
#1547 = CARTESIAN_POINT ( 'NONE',  ( 59.25153723044969212, -11.46879986611805435, 1.000000000000000888 ) ) ;
#1548 = EDGE_CURVE ( 'NONE', #374, #28, #1658, .T. ) ;
#1549 = CIRCLE ( 'NONE', #718, 5.500000000000000000 ) ;
#1550 = FACE_OUTER_BOUND ( 'NONE', #1739, .T. ) ;
#1551 = CARTESIAN_POINT ( 'NONE',  ( 75.18621061588403620, -10.98400834469328835, 6.200000000000000178 ) ) ;
#1552 = ORIENTED_EDGE ( 'NONE', *, *, #498, .T. ) ;
#1553 = EDGE_CURVE ( 'NONE', #2908, #1642, #2297, .T. ) ;
#1554 = ORIENTED_EDGE ( 'NONE', *, *, #2183, .F. ) ;
#1555 = FACE_OUTER_BOUND ( 'NONE', #3099, .T. ) ;
#1556 = CARTESIAN_POINT ( 'NONE',  ( 58.56771561635784451, -13.24949401269711302, -8.861464865690923176 ) ) ;
#1557 = VERTEX_POINT ( 'NONE', #874 ) ;
#1558 = ORIENTED_EDGE ( 'NONE', *, *, #1081, .T. ) ;
#1559 = CALENDAR_DATE ( 2026, 14, 4 ) ;
#1560 = DIRECTION ( 'NONE',  ( 1.000000000000000000, 2.664535259100375697E-14, 0.000000000000000000 ) ) ;
#1561 = CARTESIAN_POINT ( 'NONE',  ( 0.000000000000000000, 0.000000000000000000, 5.200000000000001066 ) ) ;
#1562 = CARTESIAN_POINT ( 'NONE',  ( 51.24984562413835931, -18.42798328867276680, 1.798546467873537090E-13 ) ) ;
#1563 = DIRECTION ( 'NONE',  ( -0.000000000000000000, 0.000000000000000000, 1.000000000000000000 ) ) ;
#1564 = CARTESIAN_POINT ( 'NONE',  ( -5.316835701505224776, 10.75784635153335245, 6.200000000000000178 ) ) ;
#1565 = CYLINDRICAL_SURFACE ( 'NONE', #3375, 3.762221576582363003 ) ;
#1566 = FACE_OUTER_BOUND ( 'NONE', #1692, .T. ) ;
#1567 = EDGE_CURVE ( 'NONE', #1000, #348, #701, .T. ) ;
#1568 = ORIENTED_EDGE ( 'NONE', *, *, #685, .T. ) ;
#1569 = VERTEX_POINT ( 'NONE', #1479 ) ;
#1570 = DIRECTION ( 'NONE',  ( 0.000000000000000000, -0.9434112412789964486, 0.3316251344943915713 ) ) ;
#1571 = DIRECTION ( 'NONE',  ( 0.000000000000000000, 0.000000000000000000, 1.000000000000000000 ) ) ;
#1572 = EDGE_CURVE ( 'NONE', #3602, #1194, #2991, .T. ) ;
#1573 = ORIENTED_EDGE ( 'NONE', *, *, #215, .F. ) ;
#1574 = VERTEX_POINT ( 'NONE', #1835 ) ;
#1575 = CARTESIAN_POINT ( 'NONE',  ( 65.97083524797454857, -17.45637317687481627, 60.09593062444025691 ) ) ;
#1576 = EDGE_CURVE ( 'NONE', #3708, #2071, #1849, .T. ) ;
#1577 = DIRECTION ( 'NONE',  ( -0.000000000000000000, -0.000000000000000000, -1.000000000000000000 ) ) ;
#1578 = CARTESIAN_POINT ( 'NONE',  ( -8.394264104813469629, -4.959720772245162834, 6.200000000000000178 ) ) ;
#1579 = CARTESIAN_POINT ( 'NONE',  ( 74.70692282940399309, -2.045436522565927895, 6.200000000000004619 ) ) ;
#1580 = CARTESIAN_POINT ( 'NONE',  ( 62.63005841204298463, 1.878514400869543799, 2.013030214988505318 ) ) ;
#1581 = CARTESIAN_POINT ( 'NONE',  ( 60.56348123872448497, -16.19486320684741543, 15.92949558143029520 ) ) ;
#1582 = CARTESIAN_POINT ( 'NONE',  ( 6.950000000000085443, 3.397195249197818264E-13, -13.79999999999999893 ) ) ;
#1583 = CIRCLE ( 'NONE', #1708, 12.49999999999996980 ) ;
#1584 = AXIS2_PLACEMENT_3D ( 'NONE', #3416, #697, #1310 ) ;
#1585 = ORIENTED_EDGE ( 'NONE', *, *, #2973, .F. ) ;
#1586 = VERTEX_POINT ( 'NONE', #2154 ) ;
#1587 = DIRECTION ( 'NONE',  ( -0.000000000000000000, -0.000000000000000000, 1.000000000000000000 ) ) ;
#1588 = DIRECTION ( 'NONE',  ( -0.4154150130018902098, 0.9096319953545166648, 0.000000000000000000 ) ) ;
#1589 = AXIS2_PLACEMENT_3D ( 'NONE', #2500, #702, #3110 ) ;
#1590 = ORIENTED_EDGE ( 'NONE', *, *, #2530, .T. ) ;
#1591 = VECTOR ( 'NONE', #2952, 1000.000000000000000 ) ;
#1592 = EDGE_LOOP ( 'NONE', ( #3845, #838, #3319, #2661 ) ) ;
#1593 = EDGE_CURVE ( 'NONE', #2071, #2966, #1516, .T. ) ;
#1594 = DIRECTION ( 'NONE',  ( 1.000000000000000000, 0.000000000000000000, 0.000000000000000000 ) ) ;
#1595 = CARTESIAN_POINT ( 'NONE',  ( 55.16098121344237626, 6.629949016992592092, 7.345337127126770227 ) ) ;
#1596 = CARTESIAN_POINT ( 'NONE',  ( 72.69013326549938370, -23.44394648763157818, 6.200000000000000178 ) ) ;
#1597 = ORIENTED_EDGE ( 'NONE', *, *, #165, .T. ) ;
#1598 = ORIENTED_EDGE ( 'NONE', *, *, #1657, .F. ) ;
#1599 = AXIS2_PLACEMENT_3D ( 'NONE', #3403, #2780, #51 ) ;
#1600 = DIRECTION ( 'NONE',  ( -0.9594929736144992560, 0.2817325568414236758, 0.000000000000000000 ) ) ;
#1601 = AXIS2_PLACEMENT_3D ( 'NONE', #2877, #442, #3402 ) ;
#1602 = VECTOR ( 'NONE', #1881, 1000.000000000000000 ) ;
#1603 = CARTESIAN_POINT ( 'NONE',  ( 60.56348123872448497, -17.60998006876591049, 16.42693328317188772 ) ) ;
#1604 = AXIS2_PLACEMENT_3D ( 'NONE', #2941, #1445, #808 ) ;
#1605 = CARTESIAN_POINT ( 'NONE',  ( 43.56611540050975862, -2.638876762441341839, 6.200000000000000178 ) ) ;
#1606 = AXIS2_PLACEMENT_3D ( 'NONE', #2872, #3773, #3509 ) ;
#1607 = B_SPLINE_CURVE_WITH_KNOTS ( 'NONE', 3,
 ( #3577, #1721, #865, #3270, #1421, #3856, #1123, #847, #3552, #1168 ),
 .UNSPECIFIED., .F., .F.,
 ( 4, 2, 2, 2, 4 ),
 ( 0.000000000000000000, 0.0003926973059999089625, 0.0007853946119998179249, 0.001178091917999726833, 0.001570789223999635850 ),
 .UNSPECIFIED. ) ;
#1608 = AXIS2_PLACEMENT_3D ( 'NONE', #3727, #693, #2548 ) ;
#1609 = CARTESIAN_POINT ( 'NONE',  ( 58.56771561635784451, 0.3356278617204170311, -13.63686680241015736 ) ) ;
#1610 = ORIENTED_EDGE ( 'NONE', *, *, #3616, .F. ) ;
#1611 = CARTESIAN_POINT ( 'NONE',  ( 9.050000000000592237, 3.395909370058713179E-13, 0.000000000000000000 ) ) ;
#1612 = CARTESIAN_POINT ( 'NONE',  ( -6.656922612848726217, -7.123754721110439725, 6.200000000000000178 ) ) ;
#1613 = ORIENTED_EDGE ( 'NONE', *, *, #7, .T. ) ;
#1614 = EDGE_LOOP ( 'NONE', ( #987, #3817, #2354, #1033, #1818 ) ) ;
#1615 = CARTESIAN_POINT ( 'NONE',  ( 0.000000000000000000, 0.000000000000000000, 6.200000000000000178 ) ) ;
#1616 = DIRECTION ( 'NONE',  ( 0.000000000000000000, 0.000000000000000000, 1.000000000000000000 ) ) ;
#1617 = EDGE_CURVE ( 'NONE', #2072, #1407, #580, .T. ) ;
#1618 = ORIENTED_EDGE ( 'NONE', *, *, #1711, .F. ) ;
#1619 = DIRECTION ( 'NONE',  ( 0.4154150130018841591, 0.9096319953545193293, 0.000000000000000000 ) ) ;
#1620 = CARTESIAN_POINT ( 'NONE',  ( 63.63674392462662155, -26.14843954191551845, 6.200000000000000178 ) ) ;
#1621 = EDGE_CURVE ( 'NONE', #243, #3005, #639, .T. ) ;
#1622 = DIRECTION ( 'NONE',  ( 1.000000000000000000, 0.000000000000000000, 0.000000000000000000 ) ) ;
#1623 = DIRECTION ( 'NONE',  ( 0.000000000000000000, -0.9434112412789964486, 0.3316251344943915713 ) ) ;
#1624 = DIRECTION ( 'NONE',  ( 0.000000000000000000, -0.9434112412789963376, 0.3316251344943918489 ) ) ;
#1625 = EDGE_LOOP ( 'NONE', ( #308, #932, #2630, #1406 ) ) ;
#1626 = FACE_OUTER_BOUND ( 'NONE', #794, .T. ) ;
#1627 = CARTESIAN_POINT ( 'NONE',  ( 71.79722633045669511, 2.830935020818724279, 5.680599431547125988 ) ) ;
#1628 = ORIENTED_EDGE ( 'NONE', *, *, #1572, .F. ) ;
#1629 = VERTEX_POINT ( 'NONE', #3655 ) ;
#1630 = PRODUCT_RELATED_PRODUCT_CATEGORY ( 'detail', '', ( #2178 ) ) ;
#1631 = CARTESIAN_POINT ( 'NONE',  ( -3.106632694473850265, 10.31580787075611561, 6.200000000000000178 ) ) ;
#1632 = CARTESIAN_POINT ( 'NONE',  ( 60.69653228021559954, -5.321862588783907277, 13.69115803317086311 ) ) ;
#1633 = ORIENTED_EDGE ( 'NONE', *, *, #208, .F. ) ;
#1634 = ORIENTED_EDGE ( 'NONE', *, *, #2694, .T. ) ;
#1635 = EDGE_CURVE ( 'NONE', #3682, #507, #2547, .T. ) ;
#1636 = DIRECTION ( 'NONE',  ( -0.000000000000000000, -0.000000000000000000, -1.000000000000000000 ) ) ;
#1637 = CARTESIAN_POINT ( 'NONE',  ( 58.24127440176996373, -21.44557941400574208, 0.9921938532262313259 ) ) ;
#1638 = EDGE_CURVE ( 'NONE', #3118, #3788, #2429, .T. ) ;
#1639 = EDGE_CURVE ( 'NONE', #131, #3869, #1788, .T. ) ;
#1640 = CARTESIAN_POINT ( 'NONE',  ( 66.81116735133400653, 5.991537345799354597, 6.834175786144256470 ) ) ;
#1641 = DIRECTION ( 'NONE',  ( 0.000000000000000000, 0.000000000000000000, 1.000000000000000000 ) ) ;
#1642 = VERTEX_POINT ( 'NONE', #1215 ) ;
#1643 = FACE_OUTER_BOUND ( 'NONE', #1592, .T. ) ;
#1644 = CARTESIAN_POINT ( 'NONE',  ( -2.367781342622153229, -8.424162798285033560, 6.200000000000000178 ) ) ;
#1645 = ORIENTED_EDGE ( 'NONE', *, *, #568, .T. ) ;
#1646 = ORIENTED_EDGE ( 'NONE', *, *, #3933, .F. ) ;
#1647 = AXIS2_PLACEMENT_3D ( 'NONE', #3081, #654, #2799 ) ;
#1648 = CARTESIAN_POINT ( 'NONE',  ( -9.412581462727702686, -7.443339990052506572, 0.000000000000000000 ) ) ;
#1649 = CARTESIAN_POINT ( 'NONE',  ( -12.80000000000000249, 0.000000000000000000, 0.000000000000000000 ) ) ;
#1650 = CIRCLE ( 'NONE', #3886, 12.00000000000000355 ) ;
#1651 = ORIENTED_EDGE ( 'NONE', *, *, #41, .F. ) ;
#1652 = EDGE_LOOP ( 'NONE', ( #343, #2945 ) ) ;
#1653 = DIRECTION ( 'NONE',  ( -1.000000000000000000, 0.000000000000000000, 0.000000000000000000 ) ) ;
#1654 = AXIS2_PLACEMENT_3D ( 'NONE', #289, #2090, #3622 ) ;
#1655 = CARTESIAN_POINT ( 'NONE',  ( 69.53749160736398949, 4.533859488546176486, 5.898176705143047371 ) ) ;
#1656 = CYLINDRICAL_SURFACE ( 'NONE', #1863, 12.00000000000000178 ) ;
#1657 = EDGE_CURVE ( 'NONE', #1302, #1991, #1083, .T. ) ;
#1658 = CIRCLE ( 'NONE', #3821, 1.050000000000504530 ) ;
#1659 = CARTESIAN_POINT ( 'NONE',  ( 2.528598933626912348, 9.416405228794101134, 1.000000000000000000 ) ) ;
#1660 = CIRCLE ( 'NONE', #3894, 1.050000000000703260 ) ;
#1661 = CARTESIAN_POINT ( 'NONE',  ( 63.72924386586296919, 7.058800732509528331, 6.600011638901674971 ) ) ;
#1662 = EDGE_CURVE ( 'NONE', #3, #2811, #956, .T. ) ;
#1663 = CIRCLE ( 'NONE', #2749, 1.050000000000253841 ) ;
#1664 = DIRECTION ( 'NONE',  ( -0.08870069432740626536, -0.3303179759963836837, -0.9396926207859080948 ) ) ;
#1665 = EDGE_LOOP ( 'NONE', ( #3295, #2644, #3442, #3127 ) ) ;
#1666 = CARTESIAN_POINT ( 'NONE',  ( 72.44324573895137576, 0.8567499150302603228, 7.451860353448987340 ) ) ;
#1667 = CIRCLE ( 'NONE', #1025, 9.999999999999994671 ) ;
#1668 = AXIS2_PLACEMENT_3D ( 'NONE', #3751, #1014, #3871 ) ;
#1669 = VERTEX_POINT ( 'NONE', #2416 ) ;
#1670 = ORIENTED_EDGE ( 'NONE', *, *, #546, .F. ) ;
#1671 = DIRECTION ( 'NONE',  ( -0.000000000000000000, -0.000000000000000000, 1.000000000000000000 ) ) ;
#1672 = TOROIDAL_SURFACE ( 'NONE', #151, 12.49999999999997335, 1.500000000000000000 ) ;
#1673 = DIRECTION ( 'NONE',  ( -1.000000000000000000, 0.000000000000000000, 0.000000000000000000 ) ) ;
#1674 = ORIENTED_EDGE ( 'NONE', *, *, #1861, .F. ) ;
#1675 = VERTEX_POINT ( 'NONE', #2508 ) ;
#1676 = CYLINDRICAL_SURFACE ( 'NONE', #145, 12.00000000000000178 ) ;
#1677 = CARTESIAN_POINT ( 'NONE',  ( 66.61310825155852910, 6.053495279558698705, 6.086521935421095542 ) ) ;
#1678 = CARTESIAN_POINT ( 'NONE',  ( 74.38619270514227821, -1.379357360568150170, 6.212349863591319021 ) ) ;
#1679 = CARTESIAN_POINT ( 'NONE',  ( -8.960702652602998697, 3.842955629672761386, 6.200000000000000178 ) ) ;
#1680 = DIRECTION ( 'NONE',  ( 0.000000000000000000, 0.000000000000000000, 1.000000000000000000 ) ) ;
#1681 = LINE ( 'NONE', #2265, #3041 ) ;
#1682 = EDGE_LOOP ( 'NONE', ( #2927, #3909, #2398, #920 ) ) ;
#1683 = FACE_OUTER_BOUND ( 'NONE', #327, .T. ) ;
#1684 = CARTESIAN_POINT ( 'NONE',  ( 52.33178749913575700, 6.226460816587315428, 6.054070164882502603 ) ) ;
#1685 = DIRECTION ( 'NONE',  ( -0.000000000000000000, -0.000000000000000000, -1.000000000000000000 ) ) ;
#1686 = EDGE_CURVE ( 'NONE', #1000, #1344, #1277, .T. ) ;
#1687 = CARTESIAN_POINT ( 'NONE',  ( 0.000000000000000000, 0.000000000000000000, 0.000000000000000000 ) ) ;
#1688 = ORIENTED_EDGE ( 'NONE', *, *, #1425, .F. ) ;
#1689 = ORIENTED_EDGE ( 'NONE', *, *, #181, .F. ) ;
#1690 = DIRECTION ( 'NONE',  ( -0.8412535328311840921, 0.5406408174555930035, 0.000000000000000000 ) ) ;
#1691 = ADVANCED_FACE ( 'NONE', ( #1089 ), #3701, .T. ) ;
#1692 = EDGE_LOOP ( 'NONE', ( #777, #3080, #1263, #1929 ) ) ;
#1693 = ORIENTED_EDGE ( 'NONE', *, *, #2245, .T. ) ;
#1694 = FACE_OUTER_BOUND ( 'NONE', #3426, .T. ) ;
#1695 = CARTESIAN_POINT ( 'NONE',  ( 71.64286693739835243, 2.553535381773224699, 6.410254768456261409 ) ) ;
#1696 = CARTESIAN_POINT ( 'NONE',  ( 69.59679613495796957, 4.470205893402194874, 6.226601881875116540 ) ) ;
#1697 = DIRECTION ( 'NONE',  ( -1.000000000000000000, 0.000000000000000000, 0.000000000000000000 ) ) ;
#1698 = CARTESIAN_POINT ( 'NONE',  ( 31.95129517118463269, -15.97076410428955562, -4.336808689942017736E-16 ) ) ;
#1699 = VERTEX_POINT ( 'NONE', #2312 ) ;
#1700 = CARTESIAN_POINT ( 'NONE',  ( 62.63005841204301305, 1.878514400869537360, 2.013030214988503541 ) ) ;
#1701 = CARTESIAN_POINT ( 'NONE',  ( 44.55821443298057716, -8.895969518731133618, 6.200000000000000178 ) ) ;
#1702 = CARTESIAN_POINT ( 'NONE',  ( 52.47879434007588628, 5.746568442110225661, 6.340376683041048622 ) ) ;
#1703 = EDGE_CURVE ( 'NONE', #1850, #3647, #3304, .T. ) ;
#1704 = VERTEX_POINT ( 'NONE', #3123 ) ;
#1705 = ORIENTED_EDGE ( 'NONE', *, *, #60, .F. ) ;
#1706 = DIRECTION ( 'NONE',  ( 0.9960583250120629284, -0.02941537968607213852, -0.08368123213772714342 ) ) ;
#1707 = CARTESIAN_POINT ( 'NONE',  ( 75.85322847138036195, -2.228461780268258696, 5.200000000000000178 ) ) ;
#1708 = AXIS2_PLACEMENT_3D ( 'NONE', #445, #1664, #1624 ) ;
#1709 = ADVANCED_FACE ( 'NONE', ( #1379 ), #3539, .T. ) ;
#1710 = ORIENTED_EDGE ( 'NONE', *, *, #728, .F. ) ;
#1711 = EDGE_CURVE ( 'NONE', #2966, #2785, #2106, .T. ) ;
#1712 = CIRCLE ( 'NONE', #3558, 3.762221576582363891 ) ;
#1713 = EDGE_LOOP ( 'NONE', ( #2892, #2798, #948, #1890 ) ) ;
#1714 = FACE_BOUND ( 'NONE', #3004, .T. ) ;
#1715 = CARTESIAN_POINT ( 'NONE',  ( 70.32264868922314349, 4.000912831635046629, 5.832834428535084825 ) ) ;
#1716 = CARTESIAN_POINT ( 'NONE',  ( 0.000000000000000000, 0.000000000000000000, 6.200000000000000178 ) ) ;
#1717 = CIRCLE ( 'NONE', #757, 3.762221576582363891 ) ;
#1718 = DIRECTION ( 'NONE',  ( 1.000000000000000000, 0.000000000000000000, 0.000000000000000000 ) ) ;
#1719 = AXIS2_PLACEMENT_3D ( 'NONE', #3694, #590, #2141 ) ;
#1720 = CARTESIAN_POINT ( 'NONE',  ( 75.47461396176551318, -1.548222471969824321, 5.200000000000001066 ) ) ;
#1721 = CARTESIAN_POINT ( 'NONE',  ( 1.522451784611238423, 8.747242045839778157, 6.199999999999997513 ) ) ;
#1722 = AXIS2_PLACEMENT_3D ( 'NONE', #2731, #584, #3043 ) ;
#1723 = ORIENTED_EDGE ( 'NONE', *, *, #2425, .T. ) ;
#1724 = CARTESIAN_POINT ( 'NONE',  ( 70.54877744932544203, -9.332411385608258669, -4.336808689942017736E-16 ) ) ;
#1725 = CARTESIAN_POINT ( 'NONE',  ( 48.21217821639647383, -17.33339577014474742, 6.199999999997305444 ) ) ;
#1726 = CARTESIAN_POINT ( 'NONE',  ( -7.366847990940307511, 7.250878532086780126, 6.200000000000000178 ) ) ;
#1727 = CARTESIAN_POINT ( 'NONE',  ( 0.000000000000000000, 0.000000000000000000, 6.200000000000000178 ) ) ;
#1728 = CIRCLE ( 'NONE', #1280, 1.499999999999998890 ) ;
#1729 = VECTOR ( 'NONE', #627, 1000.000000000000000 ) ;
#1730 = VERTEX_POINT ( 'NONE', #3494 ) ;
#1731 = FACE_OUTER_BOUND ( 'NONE', #1944, .T. ) ;
#1732 = DIRECTION ( 'NONE',  ( -0.08870069432740626536, -0.3303179759963836837, -0.9396926207859080948 ) ) ;
#1733 = AXIS2_PLACEMENT_3D ( 'NONE', #1228, #3055, #1013 ) ;
#1734 = EDGE_CURVE ( 'NONE', #3415, #3201, #2608, .T. ) ;
#1735 = AXIS2_PLACEMENT_3D ( 'NONE', #1436, #249, #274 ) ;
#1736 = LOCAL_TIME ( 15, 43, 21.00000000000000000, #44 ) ;
#1737 = ORIENTED_EDGE ( 'NONE', *, *, #2271, .F. ) ;
#1738 = TOROIDAL_SURFACE ( 'NONE', #959, 12.89999999999998259, 1.500000000000000000 ) ;
#1739 = EDGE_LOOP ( 'NONE', ( #390, #1628, #744, #972 ) ) ;
#1740 = CARTESIAN_POINT ( 'NONE',  ( 0.000000000000000000, 0.000000000000000000, 6.200000000000000178 ) ) ;
#1741 = CARTESIAN_POINT ( 'NONE',  ( 67.90676358276861890, 5.451959183749275795, 6.172314499536196486 ) ) ;
#1742 = CARTESIAN_POINT ( 'NONE',  ( 72.55919867507897436, 2.032577159747282813, 6.211325193323347982 ) ) ;
#1743 = EDGE_CURVE ( 'NONE', #3566, #1249, #768, .T. ) ;
#1744 = CARTESIAN_POINT ( 'NONE',  ( 0.000000000000000000, 0.000000000000000000, 6.200000000000000178 ) ) ;
#1745 = CARTESIAN_POINT ( 'NONE',  ( 58.36220376523903042, 7.296005757286407878, 6.608006904967621331 ) ) ;
#1746 = CARTESIAN_POINT ( 'NONE',  ( 49.32586448317784544, -5.250999511721802904, 1.567155498039978889 ) ) ;
#1747 = EDGE_CURVE ( 'NONE', #22, #114, #3167, .T. ) ;
#1748 = CARTESIAN_POINT ( 'NONE',  ( 1.672810131641078835, 9.210756911637174582, 0.1979323122639741472 ) ) ;
#1749 = ORIENTED_EDGE ( 'NONE', *, *, #3567, .F. ) ;
#1750 = CARTESIAN_POINT ( 'NONE',  ( 71.16649934897010610, -14.53073594500651922, -4.336808689942017736E-16 ) ) ;
#1751 = CARTESIAN_POINT ( 'NONE',  ( 67.59497835275715261, -20.54814267872796307, 6.966350754071125806 ) ) ;
#1752 = DIRECTION ( 'NONE',  ( -0.000000000000000000, 0.000000000000000000, 1.000000000000000000 ) ) ;
#1753 = CARTESIAN_POINT ( 'NONE',  ( 4.606854249492439379, 5.656854249492620390, 0.000000000000000000 ) ) ;
#1754 = ORIENTED_EDGE ( 'NONE', *, *, #546, .T. ) ;
#1755 = ORIENTED_EDGE ( 'NONE', *, *, #1553, .F. ) ;
#1756 = CARTESIAN_POINT ( 'NONE',  ( 61.60142478754678308, 7.386429113079622688, 6.241493196253950160 ) ) ;
#1757 = CARTESIAN_POINT ( 'NONE',  ( 53.27419235255086960, 6.590876778441269401, 5.592430365308556084 ) ) ;
#1758 =( BOUNDED_SURFACE ( )  B_SPLINE_SURFACE ( 3, 2, ( 
 ( #471, #1684, #1301 ),
 ( #2560, #2901, #2520 ),
 ( #2248, #2886, #3452 ),
 ( #3779, #1925, #1043 ),
 ( #1377, #2267, #3471 ),
 ( #176, #2859, #1359 ) ),
 .UNSPECIFIED., .F., .F., .T. ) 
 B_SPLINE_SURFACE_WITH_KNOTS ( ( 4, 2, 4 ),
 ( 3, 3 ),
 ( 0.000000000000000000, 0.002252745380943909671, 0.004505490761887819343 ),
 ( 0.000000000000000000, 1.000000000000000000 ),
 .UNSPECIFIED. ) 
 GEOMETRIC_REPRESENTATION_ITEM ( )  RATIONAL_B_SPLINE_SURFACE ( (
 ( 1.000000000000000000, 0.8658482072360460524, 1.000000000000000000),
 ( 1.000000000000000000, 0.8432185327687253817, 1.000000000000000000),
 ( 1.000000000000000000, 0.8188751100850845122, 1.000000000000000000),
 ( 1.000000000000000000, 0.7662282004825052839, 1.000000000000000000),
 ( 1.000000000000000000, 0.7379028177097501917, 1.000000000000000000),
 ( 1.000000000000000000, 0.7071067811865481278, 1.000000000000000000) ) ) 
 REPRESENTATION_ITEM ( '' )  SURFACE ( )  );
#1759 = EDGE_LOOP ( 'NONE', ( #3524, #1908, #3777, #2786 ) ) ;
#1760 = ORIENTED_EDGE ( 'NONE', *, *, #1069, .F. ) ;
#1761 = CARTESIAN_POINT ( 'NONE',  ( 66.59742291914086820, 5.970144451731613344, 6.519740042522021994 ) ) ;
#1762 = DIRECTION ( 'NONE',  ( -0.000000000000000000, -0.000000000000000000, -1.000000000000000000 ) ) ;
#1763 = CARTESIAN_POINT ( 'NONE',  ( 64.42394224663127034, 6.879831682603550824, 6.618188324675553069 ) ) ;
#1764 = CARTESIAN_POINT ( 'NONE',  ( -0.8000000000000000444, 0.000000000000000000, 0.000000000000000000 ) ) ;
#1765 = CARTESIAN_POINT ( 'NONE',  ( -8.772324397136546992, -4.255446471453136148, 6.200000000000000178 ) ) ;
#1766 = EDGE_CURVE ( 'NONE', #1343, #3433, #2743, .T. ) ;
#1767 = CARTESIAN_POINT ( 'NONE',  ( 62.99561314417476154, 3.239826171304560187, -4.336808689942017736E-16 ) ) ;
#1768 = CARTESIAN_POINT ( 'NONE',  ( 55.18545675762915437, -22.32963604394680246, 6.857008319433773202 ) ) ;
#1769 = FACE_OUTER_BOUND ( 'NONE', #3653, .T. ) ;
#1770 = DIRECTION ( 'NONE',  ( 0.000000000000000000, 0.000000000000000000, 1.000000000000000000 ) ) ;
#1771 = EDGE_LOOP ( 'NONE', ( #3591, #1113 ) ) ;
#1772 = DIRECTION ( 'NONE',  ( 0.08870069432740626536, 0.3303179759963836837, 0.9396926207859080948 ) ) ;
#1773 = VERTEX_POINT ( 'NONE', #195 ) ;
#1774 = EDGE_LOOP ( 'NONE', ( #2014, #1117, #1598, #3761 ) ) ;
#1775 = CIRCLE ( 'NONE', #1386, 9.750000000000000000 ) ;
#1776 =( LENGTH_UNIT ( ) NAMED_UNIT ( * ) SI_UNIT ( .MILLI., .METRE. ) );
#1777 = LINE ( 'NONE', #2987, #2754 ) ;
#1778 = CIRCLE ( 'NONE', #2920, 8.999999999999994671 ) ;
#1779 = CARTESIAN_POINT ( 'NONE',  ( 54.79218002930994658, 6.483374142674655616, 7.373367651403975209 ) ) ;
#1780 = CARTESIAN_POINT ( 'NONE',  ( 0.000000000000000000, 0.000000000000000000, 6.200000000000000178 ) ) ;
#1781 = CARTESIAN_POINT ( 'NONE',  ( 59.74592016941897299, 3.753983432444531587, -4.336808689942017736E-16 ) ) ;
#1782 = AXIS2_PLACEMENT_3D ( 'NONE', #77, #1829, #2193 ) ;
#1783 = CARTESIAN_POINT ( 'NONE',  ( 0.000000000000000000, 0.000000000000000000, 1.000000000000000000 ) ) ;
#1784 = AXIS2_PLACEMENT_3D ( 'NONE', #1068, #1363, #140 ) ;
#1785 = CARTESIAN_POINT ( 'NONE',  ( -2.277266001350169322, 10.08264590114086801, 6.200000000000000178 ) ) ;
#1786 = CARTESIAN_POINT ( 'NONE',  ( 63.71892191025998642, -22.65133716349036419, 6.199999999999332267 ) ) ;
#1787 = CARTESIAN_POINT ( 'NONE',  ( 59.25153723044969212, -11.46879986611805435, 5.199999999999996625 ) ) ;
#1788 = CIRCLE ( 'NONE', #1150, 9.750000000000000000 ) ;
#1789 = ADVANCED_FACE ( 'NONE', ( #3710 ), #3116, .T. ) ;
#1790 = ORIENTED_EDGE ( 'NONE', *, *, #883, .T. ) ;
#1791 = AXIS2_PLACEMENT_3D ( 'NONE', #1237, #30, #607 ) ;
#1792 = ORIENTED_EDGE ( 'NONE', *, *, #1130, .F. ) ;
#1793 = B_SPLINE_CURVE_WITH_KNOTS ( 'NONE', 3,
 ( #1605, #2820, #3448, #2514, #3735, #3467, #997, #107, #677, #1892 ),
 .UNSPECIFIED., .F., .F.,
 ( 4, 2, 2, 2, 4 ),
 ( -6.425540843755046616E-06, 0.0004403277429997306570, 0.0008870810268432163023, 0.001333834310686702164, 0.001780587594530187810 ),
 .UNSPECIFIED. ) ;
#1794 = CARTESIAN_POINT ( 'NONE',  ( 58.56771561635784451, -23.62701766676604365, -5.213588386252624218 ) ) ;
#1795 = DIRECTION ( 'NONE',  ( -0.000000000000000000, -0.000000000000000000, -1.000000000000000000 ) ) ;
#1796 = CIRCLE ( 'NONE', #2113, 1.050000000000000266 ) ;
#1797 = EDGE_CURVE ( 'NONE', #3708, #2706, #63, .T. ) ;
#1798 = ORIENTED_EDGE ( 'NONE', *, *, #2694, .F. ) ;
#1799 = ORIENTED_EDGE ( 'NONE', *, *, #474, .T. ) ;
#1800 = AXIS2_PLACEMENT_3D ( 'NONE', #1100, #183, #3831 ) ;
#1801 = CARTESIAN_POINT ( 'NONE',  ( 56.90111907556084248, 7.408457682590971594, 5.890776275069922185 ) ) ;
#1802 = CARTESIAN_POINT ( 'NONE',  ( 0.000000000000000000, 0.000000000000000000, 0.000000000000000000 ) ) ;
#1803 = DIRECTION ( 'NONE',  ( 0.9594929736144971466, 0.2817325568414302261, 0.000000000000000000 ) ) ;
#1804 = CIRCLE ( 'NONE', #3380, 3.762221576582363003 ) ;
#1805 = CARTESIAN_POINT ( 'NONE',  ( 52.68053543324006682, 6.310507744622354309, 6.206754909085200111 ) ) ;
#1806 = DIRECTION ( 'NONE',  ( -0.000000000000000000, 0.000000000000000000, 1.000000000000000000 ) ) ;
#1807 = FACE_OUTER_BOUND ( 'NONE', #1348, .T. ) ;
#1808 = CYLINDRICAL_SURFACE ( 'NONE', #3830, 3.762221576582363003 ) ;
#1809 = FACE_OUTER_BOUND ( 'NONE', #576, .T. ) ;
#1810 = CARTESIAN_POINT ( 'NONE',  ( -6.028027512761525486, 10.37607268215629475, 6.200000000000000178 ) ) ;
#1811 = ORIENTED_EDGE ( 'NONE', *, *, #1985, .F. ) ;
#1812 = EDGE_LOOP ( 'NONE', ( #2411, #1135, #2313, #3173 ) ) ;
#1813 = DIRECTION ( 'NONE',  ( -0.000000000000000000, 0.000000000000000000, 1.000000000000000000 ) ) ;
#1814 = DIRECTION ( 'NONE',  ( 1.000000000000000000, 0.000000000000000000, 0.000000000000000000 ) ) ;
#1815 = CYLINDRICAL_SURFACE ( 'NONE', #3819, 3.762221576582363003 ) ;
#1816 = CARTESIAN_POINT ( 'NONE',  ( 58.80975077816439267, 7.549320032545725923, 6.009750324178241065 ) ) ;
#1817 = ORIENTED_EDGE ( 'NONE', *, *, #3857, .T. ) ;
#1818 = ORIENTED_EDGE ( 'NONE', *, *, #1979, .F. ) ;
#1819 = EDGE_CURVE ( 'NONE', #3683, #3708, #3238, .T. ) ;
#1820 = CARTESIAN_POINT ( 'NONE',  ( -5.460564090080127997, 8.077421607055523367, 6.200000000000000178 ) ) ;
#1821 = DIRECTION ( 'NONE',  ( -0.2593434803719908976, -0.9657851516711897233, 0.000000000000000000 ) ) ;
#1822 = CARTESIAN_POINT ( 'NONE',  ( 60.27065690543913945, 7.529271362873169338, 6.810202985963962341 ) ) ;
#1823 = CARTESIAN_POINT ( 'NONE',  ( 5.656854249492480058, 5.656854249492620390, 6.200000000000000178 ) ) ;
#1824 = CARTESIAN_POINT ( 'NONE',  ( 60.56348123872448497, -5.817339552778483025, 12.28161910199199980 ) ) ;
#1825 = CARTESIAN_POINT ( 'NONE',  ( -8.707127529965969615, 8.257477228361501886, 6.200000000000000178 ) ) ;
#1826 = CARTESIAN_POINT ( 'NONE',  ( 0.000000000000000000, 8.000000000000000000, -13.79999999999999893 ) ) ;
#1827 = ORIENTED_EDGE ( 'NONE', *, *, #1638, .F. ) ;
#1828 = ORIENTED_EDGE ( 'NONE', *, *, #1886, .F. ) ;
#1829 = DIRECTION ( 'NONE',  ( -0.000000000000000000, 0.000000000000000000, 1.000000000000000000 ) ) ;
#1830 = LINE ( 'NONE', #2453, #2435 ) ;
#1831 = EDGE_CURVE ( 'NONE', #3913, #2172, #3757, .T. ) ;
#1832 = ORIENTED_EDGE ( 'NONE', *, *, #394, .F. ) ;
#1833 = ORIENTED_EDGE ( 'NONE', *, *, #2846, .T. ) ;
#1834 =( NAMED_UNIT ( * ) PLANE_ANGLE_UNIT ( ) SI_UNIT ( $, .RADIAN. ) );
#1835 = CARTESIAN_POINT ( 'NONE',  ( -6.028027512761525486, 10.37607268215629475, 0.000000000000000000 ) ) ;
#1836 = DIRECTION ( 'NONE',  ( 0.000000000000000000, 0.000000000000000000, 1.000000000000000000 ) ) ;
#1837 = EDGE_CURVE ( 'NONE', #434, #1400, #2513, .T. ) ;
#1838 = CARTESIAN_POINT ( 'NONE',  ( 48.90301510300267296, -14.45503988982386545, -6.505213034913028576E-16 ) ) ;
#1839 = LINE ( 'NONE', #1298, #3641 ) ;
#1840 = EDGE_CURVE ( 'NONE', #3201, #119, #1190, .T. ) ;
#1841 = DIRECTION ( 'NONE',  ( -0.000000000000000000, -0.000000000000000000, -1.000000000000000000 ) ) ;
#1842 = CARTESIAN_POINT ( 'NONE',  ( 43.20145889358752811, -1.751722157000374258, 0.3397751025456545726 ) ) ;
#1843 = DIRECTION ( 'NONE',  ( -0.000000000000000000, -0.000000000000000000, 1.000000000000000000 ) ) ;
#1844 = AXIS2_PLACEMENT_3D ( 'NONE', #3333, #34, #3698 ) ;
#1845 = ORIENTED_EDGE ( 'NONE', *, *, #934, .T. ) ;
#1846 = CARTESIAN_POINT ( 'NONE',  ( -4.751084474448957096, 9.180026422911224060, 6.200000000000000178 ) ) ;
#1847 = CARTESIAN_POINT ( 'NONE',  ( 60.69653228021559954, -17.49186760128294083, 17.96912226814850655 ) ) ;
#1848 = AXIS2_PLACEMENT_3D ( 'NONE', #1824, #11, #32 ) ;
#1849 = CIRCLE ( 'NONE', #1536, 3.762221576582363003 ) ;
#1850 = VERTEX_POINT ( 'NONE', #535 ) ;
#1851 = ORIENTED_EDGE ( 'NONE', *, *, #685, .F. ) ;
#1852 = EDGE_CURVE ( 'NONE', #1569, #1669, #2041, .T. ) ;
#1853 = AXIS2_PLACEMENT_3D ( 'NONE', #985, #3947, #305 ) ;
#1854 = AXIS2_PLACEMENT_3D ( 'NONE', #2085, #573, #2704 ) ;
#1855 = PERSON_AND_ORGANIZATION ( #3064, #213 ) ;
#1856 = DIRECTION ( 'NONE',  ( 0.000000000000000000, -0.9434112412789964486, 0.3316251344943915158 ) ) ;
#1857 = DIRECTION ( 'NONE',  ( 0.000000000000000000, 0.000000000000000000, 1.000000000000000000 ) ) ;
#1858 = VECTOR ( 'NONE', #1685, 1000.000000000000000 ) ;
#1859 = CARTESIAN_POINT ( 'NONE',  ( -2.963700234361555719, 9.288647959786464625, 6.200000000000000178 ) ) ;
#1860 = FACE_BOUND ( 'NONE', #1652, .T. ) ;
#1861 = EDGE_CURVE ( 'NONE', #1309, #1927, #3056, .T. ) ;
#1862 = AXIS2_PLACEMENT_3D ( 'NONE', #282, #220, #3904 ) ;
#1863 = AXIS2_PLACEMENT_3D ( 'NONE', #994, #1935, #782 ) ;
#1864 = CC_DESIGN_APPROVAL ( #1492, ( #2200 ) ) ;
#1865 = AXIS2_PLACEMENT_3D ( 'NONE', #3301, #2790, #2139 ) ;
#1866 = DIRECTION ( 'NONE',  ( 1.000000000000000000, 0.000000000000000000, 0.000000000000000000 ) ) ;
#1867 = LINE ( 'NONE', #760, #2806 ) ;
#1868 = EDGE_CURVE ( 'NONE', #1067, #1730, #642, .T. ) ;
#1869 = DIRECTION ( 'NONE',  ( 1.000000000000000000, 0.000000000000000000, 0.000000000000000000 ) ) ;
#1870 = DIRECTION ( 'NONE',  ( 1.000000000000000000, 0.000000000000000000, 0.000000000000000000 ) ) ;
#1871 = VERTEX_POINT ( 'NONE', #3927 ) ;
#1872 = FACE_OUTER_BOUND ( 'NONE', #3930, .T. ) ;
#1873 = LINE ( 'NONE', #674, #3128 ) ;
#1874 = VERTEX_POINT ( 'NONE', #2392 ) ;
#1875 = VERTEX_POINT ( 'NONE', #261 ) ;
#1876 = PERSON_AND_ORGANIZATION_ROLE ( 'design_supplier' ) ;
#1877 = CARTESIAN_POINT ( 'NONE',  ( 51.17220668336333489, 5.014461197363895728, 6.259308253660849530 ) ) ;
#1878 = DIRECTION ( 'NONE',  ( -0.2593434803719908421, -0.9657851516711897233, 0.000000000000000000 ) ) ;
#1879 = DIRECTION ( 'NONE',  ( -0.000000000000000000, -0.000000000000000000, -1.000000000000000000 ) ) ;
#1880 = CARTESIAN_POINT ( 'NONE',  ( 5.656854249492959674, -5.656854249492140774, 6.200000000000000178 ) ) ;
#1881 = DIRECTION ( 'NONE',  ( -0.000000000000000000, -0.000000000000000000, -1.000000000000000000 ) ) ;
#1882 = ADVANCED_FACE ( 'NONE', ( #2942 ), #3315, .F. ) ;
#1883 = DIRECTION ( 'NONE',  ( 1.224646799147353207E-16, 1.000000000000000000, 0.000000000000000000 ) ) ;
#1884 = CARTESIAN_POINT ( 'NONE',  ( 74.28274345805510848, -4.698251067939901660, 6.199999999999999289 ) ) ;
#1885 = CARTESIAN_POINT ( 'NONE',  ( 71.04772993483354071, 2.812389855001751648, 7.382862184493340862 ) ) ;
#1886 = EDGE_CURVE ( 'NONE', #632, #348, #3244, .T. ) ;
#1887 = EDGE_LOOP ( 'NONE', ( #2770, #2848, #2922, #3059, #537 ) ) ;
#1888 = CARTESIAN_POINT ( 'NONE',  ( -0.04003029796723883010, -9.049236663125187263, 0.000000000000000000 ) ) ;
#1889 = FACE_OUTER_BOUND ( 'NONE', #3411, .T. ) ;
#1890 = ORIENTED_EDGE ( 'NONE', *, *, #1307, .T. ) ;
#1891 = ORIENTED_EDGE ( 'NONE', *, *, #2636, .F. ) ;
#1892 = CARTESIAN_POINT ( 'NONE',  ( 43.09157530381686740, -1.476020946829515568, 5.199999999999996625 ) ) ;
#1893 = MECHANICAL_CONTEXT ( 'NONE', #267, 'mechanical' ) ;
#1894 = CARTESIAN_POINT ( 'NONE',  ( 59.13613527830447936, 7.502760507118281019, 6.935775036729813436 ) ) ;
#1895 = DIRECTION ( 'NONE',  ( -0.000000000000000000, -0.000000000000000000, -1.000000000000000000 ) ) ;
#1896 = EDGE_LOOP ( 'NONE', ( #558, #720, #325, #708 ) ) ;
#1897 = ORIENTED_EDGE ( 'NONE', *, *, #2258, .T. ) ;
#1898 = CARTESIAN_POINT ( 'NONE',  ( 0.000000000000000000, 0.000000000000000000, 0.000000000000000000 ) ) ;
#1899 = LINE ( 'NONE', #88, #2305 ) ;
#1900 = CARTESIAN_POINT ( 'NONE',  ( -4.648450871385579219, -11.06308747575985940, 6.200000000000000178 ) ) ;
#1901 = CARTESIAN_POINT ( 'NONE',  ( -7.218085806415211358, -6.554520370799626683, 6.200000000000000178 ) ) ;
#1902 = APPROVAL ( #1304, '未指定' ) ;
#1903 = DIRECTION ( 'NONE',  ( -0.000000000000000000, -0.000000000000000000, -1.000000000000000000 ) ) ;
#1904 = ORIENTED_EDGE ( 'NONE', *, *, #1635, .F. ) ;
#1905 = CARTESIAN_POINT ( 'NONE',  ( 59.25153723044969212, -11.46879986611805435, 1.000000000000000888 ) ) ;
#1906 = EDGE_CURVE ( 'NONE', #425, #892, #2802, .T. ) ;
#1907 = AXIS2_PLACEMENT_3D ( 'NONE', #3665, #2783, #55 ) ;
#1908 = ORIENTED_EDGE ( 'NONE', *, *, #3184, .T. ) ;
#1909 = CIRCLE ( 'NONE', #2604, 1.050000000000524514 ) ;
#1910 = ORIENTED_EDGE ( 'NONE', *, *, #433, .F. ) ;
#1911 = DIRECTION ( 'NONE',  ( 0.000000000000000000, -0.000000000000000000, -1.000000000000000000 ) ) ;
#1912 = AXIS2_PLACEMENT_3D ( 'NONE', #2213, #975, #2328 ) ;
#1913 = DIRECTION ( 'NONE',  ( -0.8412535328311843141, 0.5406408174555928925, 0.000000000000000000 ) ) ;
#1914 = ORIENTED_EDGE ( 'NONE', *, *, #3367, .T. ) ;
#1915 = CARTESIAN_POINT ( 'NONE',  ( 0.000000000000000000, 0.000000000000000000, 6.200000000000000178 ) ) ;
#1916 = AXIS2_PLACEMENT_3D ( 'NONE', #132, #112, #3740 ) ;
#1917 = CIRCLE ( 'NONE', #2813, 19.00000000000000355 ) ;
#1918 = DIRECTION ( 'NONE',  ( 1.000000000000000000, 0.000000000000000000, 0.000000000000000000 ) ) ;
#1919 = AXIS2_PLACEMENT_3D ( 'NONE', #779, #1998, #500 ) ;
#1920 = TOROIDAL_SURFACE ( 'NONE', #2240, 6.500000000000000000, 1.000000000000000000 ) ;
#1921 = CARTESIAN_POINT ( 'NONE',  ( 61.67568175703381428, 7.436380942265252258, 6.674107474403045970 ) ) ;
#1922 = CIRCLE ( 'NONE', #214, 5.500000000000000000 ) ;
#1923 = LINE ( 'NONE', #424, #3414 ) ;
#1924 = ORIENTED_EDGE ( 'NONE', *, *, #3379, .T. ) ;
#1925 = CARTESIAN_POINT ( 'NONE',  ( 49.49385283325191409, 4.854165408024667450, 6.062189238736016783 ) ) ;
#1926 = CARTESIAN_POINT ( 'NONE',  ( 67.07218732883792711, 5.872665209202702741, 6.065011409529343034 ) ) ;
#1927 = VERTEX_POINT ( 'NONE', #1427 ) ;
#1928 = EDGE_CURVE ( 'NONE', #469, #3664, #387, .T. ) ;
#1929 = ORIENTED_EDGE ( 'NONE', *, *, #1840, .T. ) ;
#1930 = DIRECTION ( 'NONE',  ( -0.08371745885103293316, 0.000000000000000000, -0.9964895318484412456 ) ) ;
#1931 = CARTESIAN_POINT ( 'NONE',  ( 60.56348123872448497, -5.817339552778483025, 12.28161910199199980 ) ) ;
#1932 = ORIENTED_EDGE ( 'NONE', *, *, #3668, .F. ) ;
#1933 = EDGE_CURVE ( 'NONE', #291, #3118, #3826, .T. ) ;
#1934 = ORIENTED_EDGE ( 'NONE', *, *, #1553, .T. ) ;
#1935 = DIRECTION ( 'NONE',  ( -0.000000000000000000, -0.000000000000000000, -1.000000000000000000 ) ) ;
#1936 = DIRECTION ( 'NONE',  ( -0.000000000000000000, 0.000000000000000000, 1.000000000000000000 ) ) ;
#1937 = CARTESIAN_POINT ( 'NONE',  ( 60.49572411327299193, 7.515457391043420365, 6.788400114578493572 ) ) ;
#1938 = CARTESIAN_POINT ( 'NONE',  ( 43.09157530381686740, -1.476020946829515568, 5.199999999999996625 ) ) ;
#1939 = ORIENTED_EDGE ( 'NONE', *, *, #2468, .T. ) ;
#1940 = DIRECTION ( 'NONE',  ( 0.9657851516711896123, -0.2593434803719908976, -0.000000000000000000 ) ) ;
#1941 = FACE_OUTER_BOUND ( 'NONE', #2550, .T. ) ;
#1942 = CARTESIAN_POINT ( 'NONE',  ( -2.434025904581087030, -9.039744235660567284, 6.001852398719492498 ) ) ;
#1943 = EDGE_LOOP ( 'NONE', ( #3065, #2505 ) ) ;
#1944 = EDGE_LOOP ( 'NONE', ( #3627, #1027, #246, #1337 ) ) ;
#1945 = FACE_OUTER_BOUND ( 'NONE', #2831, .T. ) ;
#1946 = DIRECTION ( 'NONE',  ( -0.6548607339452821030, 0.7557495743542608224, 0.000000000000000000 ) ) ;
#1947 = EDGE_CURVE ( 'NONE', #226, #658, #2067, .T. ) ;
#1948 = DIRECTION ( 'NONE',  ( -0.000000000000000000, -0.000000000000000000, -1.000000000000000000 ) ) ;
#1949 = ORIENTED_EDGE ( 'NONE', *, *, #2073, .T. ) ;
#1950 = VERTEX_POINT ( 'NONE', #1753 ) ;
#1951 = DIRECTION ( 'NONE',  ( 0.9657851516711896123, -0.2593434803719908421, 0.000000000000000000 ) ) ;
#1952 = CARTESIAN_POINT ( 'NONE',  ( 72.27228483541280468, 1.852898712286592975, 6.397909570565809112 ) ) ;
#1953 = EDGE_CURVE ( 'NONE', #1158, #3005, #72, .T. ) ;
#1954 = FACE_OUTER_BOUND ( 'NONE', #1091, .T. ) ;
#1955 = CARTESIAN_POINT ( 'NONE',  ( -5.025630336801854448, 9.032647924419228147, 6.200000000000000178 ) ) ;
#1956 = CARTESIAN_POINT ( 'NONE',  ( -7.998624034700959839, 5.575348738106353785, 0.000000000000000000 ) ) ;
#1957 = ADVANCED_FACE ( 'NONE', ( #2129 ), #2204, .F. ) ;
#1958 = DIRECTION ( 'NONE',  ( 1.000000000000000000, 0.000000000000000000, 0.000000000000000000 ) ) ;
#1959 = CYLINDRICAL_SURFACE ( 'NONE', #1960, 9.750000000000000000 ) ;
#1960 = AXIS2_PLACEMENT_3D ( 'NONE', #2883, #3754, #3111 ) ;
#1961 = ORIENTED_EDGE ( 'NONE', *, *, #973, .F. ) ;
#1962 = CARTESIAN_POINT ( 'NONE',  ( 59.60174122946085618, -22.98394425214558723, 6.868374865505606053 ) ) ;
#1963 = CYLINDRICAL_SURFACE ( 'NONE', #1916, 9.750000000000000000 ) ;
#1964 = AXIS2_PLACEMENT_3D ( 'NONE', #1295, #2815, #663 ) ;
#1965 = VERTEX_POINT ( 'NONE', #3077 ) ;
#1966 = EDGE_LOOP ( 'NONE', ( #38, #746 ) ) ;
#1967 = CARTESIAN_POINT ( 'NONE',  ( 6.500000000000000000, 0.000000000000000000, 0.000000000000000000 ) ) ;
#1968 = CIRCLE ( 'NONE', #123, 3.762221576582363891 ) ;
#1969 = CARTESIAN_POINT ( 'NONE',  ( -0.8000000000000000444, 0.000000000000000000, 6.200000000000000178 ) ) ;
#1970 = LINE ( 'NONE', #455, #3246 ) ;
#1971 = VECTOR ( 'NONE', #1841, 1000.000000000000000 ) ;
#1972 = ADVANCED_FACE ( 'NONE', ( #1566 ), #3035, .T. ) ;
#1973 = ORIENTED_EDGE ( 'NONE', *, *, #2405, .T. ) ;
#1974 = ORIENTED_EDGE ( 'NONE', *, *, #3002, .T. ) ;
#1975 = AXIS2_PLACEMENT_3D ( 'NONE', #611, #1220, #1239 ) ;
#1976 = CARTESIAN_POINT ( 'NONE',  ( 62.53729816242542938, 7.268922258045855678, 6.196241641166386316 ) ) ;
#1977 = CARTESIAN_POINT ( 'NONE',  ( -5.079080831267307694, -8.322586010937525813, 6.200000000000000178 ) ) ;
#1978 = AXIS2_PLACEMENT_3D ( 'NONE', #3195, #3799, #3522 ) ;
#1979 = EDGE_CURVE ( 'NONE', #2869, #434, #293, .T. ) ;
#1980 = CARTESIAN_POINT ( 'NONE',  ( 59.15447863818382501, -21.44193472881666906, 1.002562298258411255 ) ) ;
#1981 = AXIS2_PLACEMENT_3D ( 'NONE', #3322, #3277, #3260 ) ;
#1982 = DIRECTION ( 'NONE',  ( 0.000000000000000000, -0.9434112412789962265, 0.3316251344943916268 ) ) ;
#1983 = VECTOR ( 'NONE', #3228, 1000.000000000000000 ) ;
#1984 = CARTESIAN_POINT ( 'NONE',  ( 52.39896090880216661, 6.252435919119829322, 5.480753366082102396 ) ) ;
#1985 = EDGE_CURVE ( 'NONE', #1343, #291, #3736, .T. ) ;
#1986 = VECTOR ( 'NONE', #3597, 1000.000000000000000 ) ;
#1987 = EDGE_LOOP ( 'NONE', ( #1151, #447, #1689, #3083 ) ) ;
#1988 = DIRECTION ( 'NONE',  ( 0.9657851516711896123, -0.2593434803719908421, -0.000000000000000000 ) ) ;
#1989 = DIRECTION ( 'NONE',  ( -0.000000000000000000, -0.000000000000000000, -1.000000000000000000 ) ) ;
#1990 = CIRCLE ( 'NONE', #2118, 1.050000000000259837 ) ;
#1991 = VERTEX_POINT ( 'NONE', #3423 ) ;
#1992 = VERTEX_POINT ( 'NONE', #3165 ) ;
#1993 = CIRCLE ( 'NONE', #135, 1.050000000000040457 ) ;
#1994 = CARTESIAN_POINT ( 'NONE',  ( 73.43672193411326532, -24.10923241104898906, 1.000000000000000888 ) ) ;
#1995 = ORIENTED_EDGE ( 'NONE', *, *, #3282, .F. ) ;
#1996 = VERTEX_POINT ( 'NONE', #1017 ) ;
#1997 = CARTESIAN_POINT ( 'NONE',  ( 0.000000000000000000, 0.000000000000000000, 6.200000000000000178 ) ) ;
#1998 = DIRECTION ( 'NONE',  ( -0.000000000000000000, -0.000000000000000000, -1.000000000000000000 ) ) ;
#1999 = DIRECTION ( 'NONE',  ( -0.9594929736144991450, 0.2817325568414236203, 0.000000000000000000 ) ) ;
#2000 = DIRECTION ( 'NONE',  ( -0.000000000000000000, -0.000000000000000000, -1.000000000000000000 ) ) ;
#2001 = DIRECTION ( 'NONE',  ( -0.000000000000000000, -0.000000000000000000, -1.000000000000000000 ) ) ;
#2002 = CARTESIAN_POINT ( 'NONE',  ( 1.748767090068500618, 9.591887909306143101, 1.000000000000001776 ) ) ;
#2003 = DIRECTION ( 'NONE',  ( 0.08371745885103293316, 0.000000000000000000, 0.9964895318484412456 ) ) ;
#2004 = ORIENTED_EDGE ( 'NONE', *, *, #106, .T. ) ;
#2005 = DIRECTION ( 'NONE',  ( 0.6548607339452835463, 0.7557495743542594901, 0.000000000000000000 ) ) ;
#2006 = CARTESIAN_POINT ( 'NONE',  ( 50.13821243448850140, -19.55313796478372623, 6.200000000002664713 ) ) ;
#2007 = CARTESIAN_POINT ( 'NONE',  ( 69.54781837771891162, 4.527059631146299168, 5.897335095960850815 ) ) ;
#2008 = DIRECTION ( 'NONE',  ( 1.000000000000000000, 0.000000000000000000, 0.000000000000000000 ) ) ;
#2009 = EDGE_CURVE ( 'NONE', #1195, #2068, #1156, .T. ) ;
#2010 = ORIENTED_EDGE ( 'NONE', *, *, #662, .F. ) ;
#2011 = CARTESIAN_POINT ( 'NONE',  ( -5.656854249491801490, -5.656854249492621278, -13.79999999999999893 ) ) ;
#2012 = FACE_OUTER_BOUND ( 'NONE', #2136, .T. ) ;
#2013 = EDGE_LOOP ( 'NONE', ( #2569, #3262, #3113, #1173 ) ) ;
#2014 = ORIENTED_EDGE ( 'NONE', *, *, #358, .T. ) ;
#2015 = DIRECTION ( 'NONE',  ( 0.000000000000000000, -1.000000000000000000, 0.000000000000000000 ) ) ;
#2016 = FACE_OUTER_BOUND ( 'NONE', #1365, .T. ) ;
#2017 = CARTESIAN_POINT ( 'NONE',  ( 39.54659667150729518, -16.55086516861009116, 0.9869697850114944604 ) ) ;
#2018 = CARTESIAN_POINT ( 'NONE',  ( 62.63005841204298463, 1.878514400869541801, 2.013030214988503541 ) ) ;
#2019 = DIRECTION ( 'NONE',  ( 1.000000000000000000, 0.000000000000000000, 0.000000000000000000 ) ) ;
#2020 = ORIENTED_EDGE ( 'NONE', *, *, #845, .F. ) ;
#2021 = CARTESIAN_POINT ( 'NONE',  ( 46.77744476061694456, 0.4321386348585709580, 6.200000000000000178 ) ) ;
#2022 = CARTESIAN_POINT ( 'NONE',  ( 60.56348123872448497, -5.817339552778483025, 12.28161910199199980 ) ) ;
#2023 = ORIENTED_EDGE ( 'NONE', *, *, #2541, .T. ) ;
#2024 = CARTESIAN_POINT ( 'NONE',  ( 67.05402461062341501, 5.855252184199868815, 6.292507871985285384 ) ) ;
#2025 = ADVANCED_FACE ( 'NONE', ( #2837 ), #2109, .T. ) ;
#2026 = CIRCLE ( 'NONE', #2281, 3.762221576582363003 ) ;
#2027 =( BOUNDED_CURVE ( )  B_SPLINE_CURVE ( 3, ( #317, #2162, #2481, #3091, #3310, #962, #2189 ),
 .UNSPECIFIED., .F., .T. ) 
 B_SPLINE_CURVE_WITH_KNOTS ( ( 4, 3, 4 ),
 ( 1.019459965722111949, 3.103438853674707065, 5.187417741627301737 ),
 .UNSPECIFIED. ) 
 CURVE ( )  GEOMETRIC_REPRESENTATION_ITEM ( )  RATIONAL_B_SPLINE_CURVE ( ( 1.000000000000000000, 0.6696690344589830701, 0.6696690344589830701, 1.000000000000000000, 0.6696690344589828481, 0.6696690344589828481, 1.000000000000000000 ) ) 
 REPRESENTATION_ITEM ( '' )  );
#2028 = ORIENTED_EDGE ( 'NONE', *, *, #876, .T. ) ;
#2029 = AXIS2_PLACEMENT_3D ( 'NONE', #893, #1772, #266 ) ;
#2030 = ORIENTED_EDGE ( 'NONE', *, *, #2954, .F. ) ;
#2031 = EDGE_CURVE ( 'NONE', #3559, #146, #2745, .T. ) ;
#2032 = CYLINDRICAL_SURFACE ( 'NONE', #458, 12.00000000000000178 ) ;
#2033 = CARTESIAN_POINT ( 'NONE',  ( 72.54295242672614563, 2.140278115691482963, 6.089529741317742939 ) ) ;
#2034 = CARTESIAN_POINT ( 'NONE',  ( 67.94262996491430329, 5.421036017345953972, 6.223980446302047831 ) ) ;
#2035 = AXIS2_PLACEMENT_3D ( 'NONE', #595, #369, #1866 ) ;
#2036 = CARTESIAN_POINT ( 'NONE',  ( -6.039487577932532325, 10.08264590114086801, 0.000000000000000000 ) ) ;
#2037 = CARTESIAN_POINT ( 'NONE',  ( 54.52548982471537187, 6.900055088056521235, 6.220368123673406302 ) ) ;
#2038 = AXIS2_PLACEMENT_3D ( 'NONE', #1384, #2253, #2890 ) ;
#2039 = CARTESIAN_POINT ( 'NONE',  ( 61.23917689811685250, 2.252009532766716671, 2.013030214991512246 ) ) ;
#2040 = CARTESIAN_POINT ( 'NONE',  ( 42.83223182344487867, -2.441806098500707289, 0.000000000000000000 ) ) ;
#2041 = CIRCLE ( 'NONE', #332, 12.00000000000000533 ) ;
#2042 = ORIENTED_EDGE ( 'NONE', *, *, #2185, .T. ) ;
#2043 = CARTESIAN_POINT ( 'NONE',  ( 62.23125935337029091, -22.79909016376796416, 6.887425125914430346 ) ) ;
#2044 = VECTOR ( 'NONE', #1680, 1000.000000000000000 ) ;
#2045 = DIRECTION ( 'NONE',  ( 0.08870069432740626536, 0.3303179759963836837, 0.9396926207859080948 ) ) ;
#2046 = DIRECTION ( 'NONE',  ( -0.000000000000000000, -0.000000000000000000, -1.000000000000000000 ) ) ;
#2047 = CIRCLE ( 'NONE', #2934, 1.000000000000000000 ) ;
#2048 = EDGE_LOOP ( 'NONE', ( #1651, #3157, #2224, #2581, #1448 ) ) ;
#2049 = ORIENTED_EDGE ( 'NONE', *, *, #1639, .T. ) ;
#2050 = DIRECTION ( 'NONE',  ( -0.000000000000000000, -0.000000000000000000, 1.000000000000000000 ) ) ;
#2051 = VECTOR ( 'NONE', #888, 1000.000000000000114 ) ;
#2052 = AXIS2_PLACEMENT_3D ( 'NONE', #1480, #3593, #1718 ) ;
#2053 = ORIENTED_EDGE ( 'NONE', *, *, #884, .F. ) ;
#2054 = CIRCLE ( 'NONE', #3071, 3.762221576582364335 ) ;
#2055 = ORIENTED_EDGE ( 'NONE', *, *, #3404, .T. ) ;
#2056 = CARTESIAN_POINT ( 'NONE',  ( -2.413423522138888444, -8.928895547662140331, 0.1237875677492144832 ) ) ;
#2057 = CARTESIAN_POINT ( 'NONE',  ( 0.000000000000000000, 0.000000000000000000, 5.200000000000001066 ) ) ;
#2058 = EDGE_CURVE ( 'NONE', #2921, #3039, #1539, .T. ) ;
#2059 =( BOUNDED_SURFACE ( )  B_SPLINE_SURFACE ( 3, 2, ( 
 ( #2885, #1086, #158 ),
 ( #1357, #3134, #3797 ),
 ( #1062, #1376, #2309 ),
 ( #94, #2519, #3739 ),
 ( #1001, #3427, #709 ),
 ( #406, #488, #3877 ),
 ( #3252, #532, #3209 ),
 ( #2325, #3581, #3537 ),
 ( #2064, #2363, #1750 ),
 ( #3288, #1108, #548 ),
 ( #866, #1724, #1423 ),
 ( #1187, #2677, #3598 ),
 ( #806, #848, #2957 ),
 ( #2641, #2082, #2993 ),
 ( #2407, #1488, #238 ),
 ( #3924, #2656, #2939 ),
 ( #570, #1443, #3271 ),
 ( #1700, #788, #1767 ) ),
 .UNSPECIFIED., .F., .F., .T. ) 
 B_SPLINE_SURFACE_WITH_KNOTS ( ( 4, 2, 2, 2, 2, 2, 2, 2, 4 ),
 ( 3, 3 ),
 ( 3.141592653589793116, 3.534291735288517255, 3.926990816987241395, 4.319689898685965090, 4.712388980384689674, 5.105088062083413369, 5.497787143782137065, 5.890486225480861648, 6.283185307179585344 ),
 ( 0.000000000000000000, 1.000000000000000000 ),
 .UNSPECIFIED. ) 
 GEOMETRIC_REPRESENTATION_ITEM ( )  RATIONAL_B_SPLINE_SURFACE ( (
 ( 1.000000000000000000, 0.8191520442889919096, 1.000000000000000000),
 ( 1.000000000000000000, 0.8191600913243328730, 1.000000000000000000),
 ( 1.000000000000000000, 0.8164478053774286703, 1.000000000000000000),
 ( 1.000000000000000000, 0.8058871847680493250, 1.000000000000000000),
 ( 1.000000000000000000, 0.7980300503665967993, 1.000000000000000000),
 ( 1.000000000000000000, 0.7779425145265715935, 1.000000000000000000),
 ( 1.000000000000000000, 0.7657107957853785951, 1.000000000000000000),
 ( 1.000000000000000000, 0.7382077142316153529, 1.000000000000000000),
 ( 1.000000000000000000, 0.7229354838740713607, 1.000000000000000000),
 ( 1.000000000000000000, 0.6912780784990233407, 1.000000000000000000),
 ( 1.000000000000000000, 0.6748959455948326802, 1.000000000000000000),
 ( 1.000000000000000000, 0.6435232272133701859, 1.000000000000000000),
 ( 1.000000000000000000, 0.6285471792404219160, 1.000000000000000000),
 ( 1.000000000000000000, 0.6028384121581665811, 1.000000000000000000),
 ( 1.000000000000000000, 0.5921379645401383396, 1.000000000000000000),
 ( 1.000000000000000000, 0.5774898308502059985, 1.000000000000000000),
 ( 1.000000000000000000, 0.5735464613668821432, 1.000000000000000000),
 ( 1.000000000000000000, 0.5735764363510459374, 1.000000000000000000) ) ) 
 REPRESENTATION_ITEM ( '' )  SURFACE ( )  );
#2060 = EDGE_CURVE ( 'NONE', #1112, #653, #961, .T. ) ;
#2061 = FACE_OUTER_BOUND ( 'NONE', #3605, .T. ) ;
#2062 = CARTESIAN_POINT ( 'NONE',  ( 57.08885359897086431, 1.279162994093166361, -4.336808689942017736E-16 ) ) ;
#2063 = CARTESIAN_POINT ( 'NONE',  ( 5.656854249492959674, -5.656854249492140774, -13.79999999999999893 ) ) ;
#2064 = CARTESIAN_POINT ( 'NONE',  ( 69.76567262396139313, -13.96352543056233309, 1.432844501959823047 ) ) ;
#2065 = CARTESIAN_POINT ( 'NONE',  ( 70.00088464100997498, -18.74764037581494591, 6.200000000000693845 ) ) ;
#2066 = DIRECTION ( 'NONE',  ( -0.000000000000000000, -0.000000000000000000, 1.000000000000000000 ) ) ;
#2067 = LINE ( 'NONE', #2961, #137 ) ;
#2068 = VERTEX_POINT ( 'NONE', #3189 ) ;
#2069 = CARTESIAN_POINT ( 'NONE',  ( 62.53851897056125608, 7.249368629572426670, 6.223183653688959538 ) ) ;
#2070 = DIRECTION ( 'NONE',  ( 0.000000000000000000, -0.9434112412789962265, 0.3316251344943916268 ) ) ;
#2071 = VERTEX_POINT ( 'NONE', #2533 ) ;
#2072 = VERTEX_POINT ( 'NONE', #2880 ) ;
#2073 = EDGE_CURVE ( 'NONE', #2781, #93, #2241, .T. ) ;
#2074 =( NAMED_UNIT ( * ) SI_UNIT ( $, .STERADIAN. ) SOLID_ANGLE_UNIT ( ) );
#2075 = CARTESIAN_POINT ( 'NONE',  ( 67.85299519160888337, 5.434300484163542500, 6.967253513729260384 ) ) ;
#2076 = CARTESIAN_POINT ( 'NONE',  ( -10.11750779506746234, 2.117008461354665361, 6.200000000000000178 ) ) ;
#2077 = CARTESIAN_POINT ( 'NONE',  ( 53.13717340024230396, 6.475531012474414538, 6.211023906616015111 ) ) ;
#2078 = DIRECTION ( 'NONE',  ( -0.000000000000000000, -0.000000000000000000, -1.000000000000000000 ) ) ;
#2079 = DIRECTION ( 'NONE',  ( 0.000000000000000000, 0.000000000000000000, 1.000000000000000000 ) ) ;
#2080 = EDGE_CURVE ( 'NONE', #3848, #1950, #2551, .T. ) ;
#2081 = DIRECTION ( 'NONE',  ( 0.000000000000000000, 0.000000000000000000, 1.000000000000000000 ) ) ;
#2082 = CARTESIAN_POINT ( 'NONE',  ( 68.07729556619406708, -2.458100164313028912, -3.750459876038384384E-13 ) ) ;
#2083 = CARTESIAN_POINT ( 'NONE',  ( 53.45626616827411937, -22.65123758583125024, 6.200000000000000178 ) ) ;
#2084 = FACE_OUTER_BOUND ( 'NONE', #3198, .T. ) ;
#2085 = CARTESIAN_POINT ( 'NONE',  ( 0.000000000000000000, 0.000000000000000000, 6.200000000000000178 ) ) ;
#2086 = ORIENTED_EDGE ( 'NONE', *, *, #3914, .F. ) ;
#2087 = VERTEX_POINT ( 'NONE', #3814 ) ;
#2088 = CARTESIAN_POINT ( 'NONE',  ( 63.00366889923639491, 7.162120687953995812, 6.217695299176309476 ) ) ;
#2089 = EDGE_CURVE ( 'NONE', #1270, #3378, #2180, .T. ) ;
#2090 = DIRECTION ( 'NONE',  ( -0.000000000000000000, 0.000000000000000000, 1.000000000000000000 ) ) ;
#2091 = CARTESIAN_POINT ( 'NONE',  ( -6.934274570223737832, -9.793663062651708273, 0.000000000000000000 ) ) ;
#2092 = EDGE_LOOP ( 'NONE', ( #1092, #1755, #1320, #2847 ) ) ;
#2093 = ORIENTED_EDGE ( 'NONE', *, *, #3141, .T. ) ;
#2094 = AXIS2_PLACEMENT_3D ( 'NONE', #1823, #3010, #2914 ) ;
#2095 = CARTESIAN_POINT ( 'NONE',  ( 0.6555888821085128493, 10.31580787075611561, 0.000000000000000000 ) ) ;
#2096 = DIRECTION ( 'NONE',  ( 0.000000000000000000, 0.000000000000000000, 1.000000000000000000 ) ) ;
#2097 = AXIS2_PLACEMENT_3D ( 'NONE', #383, #102, #2216 ) ;
#2098 = CARTESIAN_POINT ( 'NONE',  ( 60.23471119634668725, 7.426907778164800966, 6.519133908197071392 ) ) ;
#2099 = DIRECTION ( 'NONE',  ( 1.000000000000000000, 0.000000000000000000, 0.000000000000000000 ) ) ;
#2100 = FACE_BOUND ( 'NONE', #1966, .T. ) ;
#2101 = LINE ( 'NONE', #1398, #1218 ) ;
#2102 = EDGE_CURVE ( 'NONE', #492, #2087, #699, .T. ) ;
#2103 = CARTESIAN_POINT ( 'NONE',  ( -0.9662303906370903750, -10.29135985382434448, 0.000000000000000000 ) ) ;
#2104 = LINE ( 'NONE', #1810, #2678 ) ;
#2105 = CARTESIAN_POINT ( 'NONE',  ( -6.028027512761525486, 10.37607268215629475, 6.200000000000000178 ) ) ;
#2106 = CIRCLE ( 'NONE', #385, 9.750000000000000000 ) ;
#2107 = DIRECTION ( 'NONE',  ( 1.000000000000000000, 0.000000000000000000, 0.000000000000000000 ) ) ;
#2108 = ADVANCED_FACE ( 'NONE', ( #881 ), #1808, .T. ) ;
#2109 = TOROIDAL_SURFACE ( 'NONE', #2614, 9.000000000000001776, 1.000000000000000000 ) ;
#2110 = VERTEX_POINT ( 'NONE', #2955 ) ;
#2111 = CARTESIAN_POINT ( 'NONE',  ( 72.25598811178285530, 1.836731585217803442, 6.386075548319357864 ) ) ;
#2112 = DIRECTION ( 'NONE',  ( 1.000000000000000000, 0.000000000000000000, 0.000000000000000000 ) ) ;
#2113 = AXIS2_PLACEMENT_3D ( 'NONE', #240, #1128, #2623 ) ;
#2114 = CIRCLE ( 'NONE', #840, 0.9999999999999971134 ) ;
#2115 = ORIENTED_EDGE ( 'NONE', *, *, #2562, .T. ) ;
#2116 = ORIENTED_EDGE ( 'NONE', *, *, #2245, .F. ) ;
#2117 = CIRCLE ( 'NONE', #1862, 8.999999999999994671 ) ;
#2118 = AXIS2_PLACEMENT_3D ( 'NONE', #1216, #1836, #3690 ) ;
#2119 = CARTESIAN_POINT ( 'NONE',  ( -2.277266001350169322, 10.08264590114086801, 6.200000000000000178 ) ) ;
#2120 = PLANE ( 'NONE',  #2944 ) ;
#2121 = CARTESIAN_POINT ( 'NONE',  ( 55.93961359740158912, 7.236125007758257510, 6.225764626676713931 ) ) ;
#2122 = DIRECTION ( 'NONE',  ( -0.000000000000000000, -0.000000000000000000, 1.000000000000000000 ) ) ;
#2123 = CARTESIAN_POINT ( 'NONE',  ( 54.92906243891882667, -21.05349168462856824, -3.014500698283701334E-12 ) ) ;
#2124 = DIRECTION ( 'NONE',  ( -0.000000000000000000, 0.000000000000000000, 1.000000000000000000 ) ) ;
#2125 = CARTESIAN_POINT ( 'NONE',  ( 59.60174122946085618, -22.98394425214558723, 6.868374865505606053 ) ) ;
#2126 = FACE_OUTER_BOUND ( 'NONE', #2210, .T. ) ;
#2127 = EDGE_CURVE ( 'NONE', #2330, #2594, #2114, .T. ) ;
#2128 = DIRECTION ( 'NONE',  ( -0.000000000000000000, 0.000000000000000000, 1.000000000000000000 ) ) ;
#2129 = FACE_OUTER_BOUND ( 'NONE', #1250, .T. ) ;
#2130 = ORIENTED_EDGE ( 'NONE', *, *, #837, .F. ) ;
#2131 = VERTEX_POINT ( 'NONE', #2406 ) ;
#2132 = CYLINDRICAL_SURFACE ( 'NONE', #3046, 3.762221576582363003 ) ;
#2133 = DIRECTION ( 'NONE',  ( 1.000000000000000000, 0.000000000000000000, 0.000000000000000000 ) ) ;
#2134 = EDGE_CURVE ( 'NONE', #2272, #1875, #650, .T. ) ;
#2135 = VERTEX_POINT ( 'NONE', #234 ) ;
#2136 = EDGE_LOOP ( 'NONE', ( #3868, #3822, #1633, #2023 ) ) ;
#2137 = DIRECTION ( 'NONE',  ( -0.9657851516711906115, 0.2593434803719876225, 0.000000000000000000 ) ) ;
#2138 = DIRECTION ( 'NONE',  ( 1.000000000000000000, 0.000000000000000000, 0.000000000000000000 ) ) ;
#2139 = DIRECTION ( 'NONE',  ( 1.000000000000000000, 0.000000000000000000, 0.000000000000000000 ) ) ;
#2140 = CARTESIAN_POINT ( 'NONE',  ( -7.144944486281366913, 7.469635673622618377, 0.000000000000000000 ) ) ;
#2141 = DIRECTION ( 'NONE',  ( 1.000000000000000000, 0.000000000000000000, 0.000000000000000000 ) ) ;
#2142 = CARTESIAN_POINT ( 'NONE',  ( -2.963700234361556607, 9.288647959786468178, 6.200000000000000178 ) ) ;
#2143 = CARTESIAN_POINT ( 'NONE',  ( 59.25153723044969212, -11.46879986611805435, 5.199999999999996625 ) ) ;
#2144 = DIRECTION ( 'NONE',  ( -0.2593434803719922299, -0.9657851516711892792, 0.000000000000000000 ) ) ;
#2145 = CARTESIAN_POINT ( 'NONE',  ( -7.999999999999661604, -3.405706544451890981E-13, -13.79999999999999893 ) ) ;
#2146 = CARTESIAN_POINT ( 'NONE',  ( 71.79624140783892017, 1.874203070419132366, 7.444896474968387245 ) ) ;
#2147 = ORIENTED_EDGE ( 'NONE', *, *, #3022, .T. ) ;
#2148 = DIRECTION ( 'NONE',  ( -0.000000000000000000, -0.000000000000000000, -1.000000000000000000 ) ) ;
#2149 = DIRECTION ( 'NONE',  ( -0.000000000000000000, -0.000000000000000000, -1.000000000000000000 ) ) ;
#2150 = ORIENTED_EDGE ( 'NONE', *, *, #2060, .F. ) ;
#2151 = ADVANCED_FACE ( 'NONE', ( #3614 ), #280, .F. ) ;
#2152 = ORIENTED_EDGE ( 'NONE', *, *, #3422, .F. ) ;
#2153 = APPROVAL_DATE_TIME ( #1271, #2758 ) ;
#2154 = CARTESIAN_POINT ( 'NONE',  ( 9.050000000000592237, 3.395909370058713179E-13, 6.200000000000000178 ) ) ;
#2155 = DIRECTION ( 'NONE',  ( -0.000000000000000000, 0.000000000000000000, 1.000000000000000000 ) ) ;
#2156 = EDGE_CURVE ( 'NONE', #3664, #1232, #2101, .T. ) ;
#2157 = DIRECTION ( 'NONE',  ( -0.000000000000000000, -0.000000000000000000, -1.000000000000000000 ) ) ;
#2158 = CARTESIAN_POINT ( 'NONE',  ( 56.36831535287735306, -21.43997604835255544, 1.951563910473907981E-15 ) ) ;
#2159 = CIRCLE ( 'NONE', #2094, 1.050000000000040457 ) ;
#2160 = LINE ( 'NONE', #3350, #1090 ) ;
#2161 = AXIS2_PLACEMENT_3D ( 'NONE', #39, #617, #1570 ) ;
#2162 = CARTESIAN_POINT ( 'NONE',  ( 78.56414187005796634, -16.10164910067609512, 6.200000000000000178 ) ) ;
#2163 = CARTESIAN_POINT ( 'NONE',  ( 72.66895735058449191, -15.04663372294588264, 6.199999999999999289 ) ) ;
#2164 = DIRECTION ( 'NONE',  ( 1.000000000000000000, 0.000000000000000000, 0.000000000000000000 ) ) ;
#2165 = EDGE_LOOP ( 'NONE', ( #2746, #765, #2979, #2249 ) ) ;
#2166 = ORIENTED_EDGE ( 'NONE', *, *, #2221, .T. ) ;
#2167 = FACE_OUTER_BOUND ( 'NONE', #2752, .T. ) ;
#2168 = DIRECTION ( 'NONE',  ( 0.000000000000000000, -0.000000000000000000, -1.000000000000000000 ) ) ;
#2169 = CIRCLE ( 'NONE', #3891, 12.00000000000000178 ) ;
#2170 = AXIS2_PLACEMENT_3D ( 'NONE', #2095, #2399, #3609 ) ;
#2171 = ORIENTED_EDGE ( 'NONE', *, *, #1502, .T. ) ;
#2172 = VERTEX_POINT ( 'NONE', #1105 ) ;
#2173 = CIRCLE ( 'NONE', #2179, 12.00000000000000355 ) ;
#2174 = ADVANCED_FACE ( 'NONE', ( #3286 ), #456, .T. ) ;
#2175 = LINE ( 'NONE', #3381, #3569 ) ;
#2176 = ADVANCED_FACE ( 'NONE', ( #2654 ), #3224, .T. ) ;
#2177 = CARTESIAN_POINT ( 'NONE',  ( -6.128663263119058513, -8.323771706143375582, 6.200000000000000178 ) ) ;
#2178 = PRODUCT ( 'star102_指环左', 'star102_指环左', '', ( #1893 ) ) ;
#2179 = AXIS2_PLACEMENT_3D ( 'NONE', #2566, #1049, #749 ) ;
#2180 = CIRCLE ( 'NONE', #143, 9.750000000000000000 ) ;
#2181 = DIRECTION ( 'NONE',  ( 0.000000000000000000, 0.000000000000000000, 1.000000000000000000 ) ) ;
#2182 = CARTESIAN_POINT ( 'NONE',  ( 54.51537678804803022, -22.02992482735044533, -4.336808689942017736E-16 ) ) ;
#2183 = EDGE_CURVE ( 'NONE', #2131, #1382, #3248, .T. ) ;
#2184 = CIRCLE ( 'NONE', #1410, 12.00000000000000178 ) ;
#2185 = EDGE_CURVE ( 'NONE', #2537, #2172, #592, .T. ) ;
#2186 = AXIS2_PLACEMENT_3D ( 'NONE', #2076, #801, #543 ) ;
#2187 = CARTESIAN_POINT ( 'NONE',  ( 4.606854249492439379, 5.656854249492620390, 6.200000000000000178 ) ) ;
#2188 = VECTOR ( 'NONE', #2458, 1000.000000000000000 ) ;
#2189 = CARTESIAN_POINT ( 'NONE',  ( 48.80136665214694602, 3.187049985882191017, 6.200000000000000178 ) ) ;
#2190 = CARTESIAN_POINT ( 'NONE',  ( 73.50267230858352718, -1.850077405587565949, 6.199999999999999289 ) ) ;
#2191 = DIRECTION ( 'NONE',  ( -0.4154150130018903209, 0.9096319953545165538, 0.000000000000000000 ) ) ;
#2192 = ORIENTED_EDGE ( 'NONE', *, *, #1523, .T. ) ;
#2193 = DIRECTION ( 'NONE',  ( 1.000000000000000000, 0.000000000000000000, 0.000000000000000000 ) ) ;
#2194 = CARTESIAN_POINT ( 'NONE',  ( 1.050000000000000266, 8.000000000000000000, 6.200000000000000178 ) ) ;
#2195 = ORIENTED_EDGE ( 'NONE', *, *, #2252, .T. ) ;
#2196 = ORIENTED_EDGE ( 'NONE', *, *, #525, .T. ) ;
#2197 = CARTESIAN_POINT ( 'NONE',  ( 0.000000000000000000, 0.000000000000000000, 0.000000000000000000 ) ) ;
#2198 = CARTESIAN_POINT ( 'NONE',  ( 65.97083524797454857, -17.45637317687481627, 5.199999999999996625 ) ) ;
#2199 = LINE ( 'NONE', #3399, #2870 ) ;
#2200 = PRODUCT_DEFINITION ( '未知', '', #25, #3731 ) ;
#2201 = DIRECTION ( 'NONE',  ( -0.000000000000000000, -0.000000000000000000, -1.000000000000000000 ) ) ;
#2202 = EDGE_CURVE ( 'NONE', #1213, #3602, #1607, .T. ) ;
#2203 = DIRECTION ( 'NONE',  ( -0.9960583250120629284, 0.02941537968607202402, 0.08368123213772718505 ) ) ;
#2204 = CYLINDRICAL_SURFACE ( 'NONE', #3309, 1.050000000000259837 ) ;
#2205 = DIRECTION ( 'NONE',  ( 0.000000000000000000, 0.000000000000000000, 1.000000000000000000 ) ) ;
#2206 = EDGE_CURVE ( 'NONE', #632, #2744, #2388, .T. ) ;
#2207 = ORIENTED_EDGE ( 'NONE', *, *, #2385, .T. ) ;
#2208 = FACE_OUTER_BOUND ( 'NONE', #2782, .T. ) ;
#2209 = CARTESIAN_POINT ( 'NONE',  ( 51.50451645378004883, 4.546557287309336282, 7.410531801993530898 ) ) ;
#2210 = EDGE_LOOP ( 'NONE', ( #1904, #1495, #1634, #2726 ) ) ;
#2211 = VERTEX_POINT ( 'NONE', #825 ) ;
#2212 = DATE_AND_TIME ( #1559, #3383 ) ;
#2213 = CARTESIAN_POINT ( 'NONE',  ( -2.277266001350169322, 10.08264590114086801, 6.200000000000000178 ) ) ;
#2214 = CARTESIAN_POINT ( 'NONE',  ( 0.000000000000000000, 0.000000000000000000, 6.200000000000000178 ) ) ;
#2215 = ORIENTED_EDGE ( 'NONE', *, *, #3715, .T. ) ;
#2216 = DIRECTION ( 'NONE',  ( -0.8737732232068782245, -0.4863335834657760981, 0.000000000000000000 ) ) ;
#2217 = CARTESIAN_POINT ( 'NONE',  ( -2.070630938732226145, 11.82000370201147454, 6.200000000000000178 ) ) ;
#2218 = CYLINDRICAL_SURFACE ( 'NONE', #2480, 1.050000000000524514 ) ;
#2219 = VECTOR ( 'NONE', #3132, 1000.000000000000114 ) ;
#2220 = CARTESIAN_POINT ( 'NONE',  ( 61.08711867605578050, 7.494198872420927415, 6.727923620624577161 ) ) ;
#2221 = EDGE_CURVE ( 'NONE', #1452, #676, #3089, .T. ) ;
#2222 = VECTOR ( 'NONE', #514, 1000.000000000000000 ) ;
#2223 = FACE_OUTER_BOUND ( 'NONE', #1318, .T. ) ;
#2224 = ORIENTED_EDGE ( 'NONE', *, *, #955, .T. ) ;
#2225 = DIRECTION ( 'NONE',  ( -0.000000000000000000, 0.000000000000000000, 1.000000000000000000 ) ) ;
#2226 = VECTOR ( 'NONE', #1940, 1000.000000000000114 ) ;
#2227 = EDGE_CURVE ( 'NONE', #2518, #3648, #774, .T. ) ;
#2228 = ORIENTED_EDGE ( 'NONE', *, *, #498, .F. ) ;
#2229 = ORIENTED_EDGE ( 'NONE', *, *, #1567, .T. ) ;
#2230 = DIRECTION ( 'NONE',  ( 0.08870069432740626536, 0.3303179759963836837, 0.9396926207859080948 ) ) ;
#2231 = COORDINATED_UNIVERSAL_TIME_OFFSET ( 8, 0, .AHEAD. ) ;
#2232 = AXIS2_PLACEMENT_3D ( 'NONE', #3361, #2696, #2138 ) ;
#2233 = DIRECTION ( 'NONE',  ( 0.000000000000000000, 0.000000000000000000, 1.000000000000000000 ) ) ;
#2234 = VERTEX_POINT ( 'NONE', #1241 ) ;
#2235 = ORIENTED_EDGE ( 'NONE', *, *, #1567, .F. ) ;
#2236 = CARTESIAN_POINT ( 'NONE',  ( -8.410437171827107150, -6.009179260718303439, 6.200000000000000178 ) ) ;
#2237 = DIRECTION ( 'NONE',  ( -0.000000000000000000, -0.000000000000000000, -1.000000000000000000 ) ) ;
#2238 = AXIS2_PLACEMENT_3D ( 'NONE', #2800, #3321, #618 ) ;
#2239 = CARTESIAN_POINT ( 'NONE',  ( 0.000000000000000000, 0.000000000000000000, 0.000000000000000000 ) ) ;
#2240 = AXIS2_PLACEMENT_3D ( 'NONE', #2057, #842, #2383 ) ;
#2241 = LINE ( 'NONE', #3449, #2044 ) ;
#2242 = CC_DESIGN_SECURITY_CLASSIFICATION ( #1283, ( #25 ) ) ;
#2243 = AXIS2_PLACEMENT_3D ( 'NONE', #1632, #719, #99 ) ;
#2244 = LINE ( 'NONE', #2536, #2475 ) ;
#2245 = EDGE_CURVE ( 'NONE', #1871, #2781, #1917, .T. ) ;
#2246 = ORIENTED_EDGE ( 'NONE', *, *, #494, .F. ) ;
#2247 = CARTESIAN_POINT ( 'NONE',  ( 2.528598933626911460, 9.416405228794101134, 5.199999999999996625 ) ) ;
#2248 = CARTESIAN_POINT ( 'NONE',  ( 50.94172423558180895, 5.635965137993772522, 5.317147215697114682 ) ) ;
#2249 = ORIENTED_EDGE ( 'NONE', *, *, #3784, .T. ) ;
#2250 = ORIENTED_EDGE ( 'NONE', *, *, #2134, .F. ) ;
#2251 = CARTESIAN_POINT ( 'NONE',  ( 2.528598933626911460, 9.416405228794101134, -54.44988512710717288 ) ) ;
#2252 = EDGE_CURVE ( 'NONE', #1991, #615, #3401, .T. ) ;
#2253 = DIRECTION ( 'NONE',  ( -0.000000000000000000, -0.000000000000000000, -1.000000000000000000 ) ) ;
#2254 = DIRECTION ( 'NONE',  ( 1.000000000000000000, 0.000000000000000000, 0.000000000000000000 ) ) ;
#2255 = CARTESIAN_POINT ( 'NONE',  ( 6.791818740117426359E-13, -8.000000000000000000, 6.200000000000000178 ) ) ;
#2256 = ORIENTED_EDGE ( 'NONE', *, *, #2585, .T. ) ;
#2257 = VERTEX_POINT ( 'NONE', #2479 ) ;
#2258 = EDGE_CURVE ( 'NONE', #2921, #1699, #2992, .T. ) ;
#2259 = DIRECTION ( 'NONE',  ( 0.8412535328311805394, 0.5406408174555985546, 0.000000000000000000 ) ) ;
#2260 = CARTESIAN_POINT ( 'NONE',  ( 74.97945524817347973, -2.714795363734038958, 6.200000000000000178 ) ) ;
#2261 = LINE ( 'NONE', #3187, #189 ) ;
#2262 = CARTESIAN_POINT ( 'NONE',  ( -1.050000000000024247, -8.000000000000000000, -13.79999999999999893 ) ) ;
#2263 = DIRECTION ( 'NONE',  ( -0.000000000000000000, 0.000000000000000000, 1.000000000000000000 ) ) ;
#2264 = B_SPLINE_CURVE_WITH_KNOTS ( 'NONE', 3,
 ( #3264, #2695, #841, #3006 ),
 .UNSPECIFIED., .F., .F.,
 ( 4, 4 ),
 ( 6.776264534754620788E-21, 0.0004676244797380894576 ),
 .UNSPECIFIED. ) ;
#2265 = CARTESIAN_POINT ( 'NONE',  ( 4.606854249492439379, 5.656854249492620390, -13.79999999999999893 ) ) ;
#2266 = LINE ( 'NONE', #3519, #890 ) ;
#2267 = CARTESIAN_POINT ( 'NONE',  ( 48.82875821108689252, 4.434759716302091981, 6.116486900631756818 ) ) ;
#2268 = ORIENTED_EDGE ( 'NONE', *, *, #1465, .T. ) ;
#2269 = ORIENTED_EDGE ( 'NONE', *, *, #2296, .T. ) ;
#2270 = CARTESIAN_POINT ( 'NONE',  ( 74.19830370905660288, 0.2844330761406675956, 6.016450316886264638 ) ) ;
#2271 = EDGE_CURVE ( 'NONE', #3913, #1294, #2160, .T. ) ;
#2272 = VERTEX_POINT ( 'NONE', #2187 ) ;
#2273 = ORIENTED_EDGE ( 'NONE', *, *, #3044, .T. ) ;
#2274 = CARTESIAN_POINT ( 'NONE',  ( 0.000000000000000000, 0.000000000000000000, 6.200000000000000178 ) ) ;
#2275 = CARTESIAN_POINT ( 'NONE',  ( 67.89146400169842366, 5.404588538949185228, 6.324490975752251387 ) ) ;
#2276 = DIRECTION ( 'NONE',  ( 0.000000000000000000, -0.000000000000000000, -1.000000000000000000 ) ) ;
#2277 = EDGE_CURVE ( 'NONE', #1051, #3378, #2446, .T. ) ;
#2278 = CARTESIAN_POINT ( 'NONE',  ( -4.751084474448957096, 9.180026422911224060, 6.200000000000000178 ) ) ;
#2279 = CARTESIAN_POINT ( 'NONE',  ( 62.84949233217988507, 7.248489277424264188, 6.610187633817840691 ) ) ;
#2280 = CYLINDRICAL_SURFACE ( 'NONE', #2729, 9.750000000000000000 ) ;
#2281 = AXIS2_PLACEMENT_3D ( 'NONE', #2386, #3920, #2699 ) ;
#2282 = ORIENTED_EDGE ( 'NONE', *, *, #620, .F. ) ;
#2283 = DIRECTION ( 'NONE',  ( 1.000000000000000000, 0.000000000000000000, 0.000000000000000000 ) ) ;
#2284 = CARTESIAN_POINT ( 'NONE',  ( 73.12604939000701165, 1.511874705501721206, 5.481361999777482730 ) ) ;
#2285 = DIRECTION ( 'NONE',  ( 0.000000000000000000, 0.000000000000000000, -1.000000000000000000 ) ) ;
#2286 = VECTOR ( 'NONE', #601, 999.9999999999998863 ) ;
#2287 = VERTEX_POINT ( 'NONE', #1256 ) ;
#2288 = ORIENTED_EDGE ( 'NONE', *, *, #3829, .T. ) ;
#2289 = AXIS2_PLACEMENT_3D ( 'NONE', #2858, #3114, #1022 ) ;
#2290 = CYLINDRICAL_SURFACE ( 'NONE', #3888, 1.050000000000253841 ) ;
#2291 = CARTESIAN_POINT ( 'NONE',  ( 2.269255453254920507, 8.450620077122911411, 1.000000000000000000 ) ) ;
#2292 = ORIENTED_EDGE ( 'NONE', *, *, #3687, .T. ) ;
#2293 = ORIENTED_EDGE ( 'NONE', *, *, #3738, .F. ) ;
#2294 = EDGE_CURVE ( 'NONE', #1557, #395, #1477, .T. ) ;
#2295 = DIRECTION ( 'NONE',  ( -0.000000000000000000, -0.000000000000000000, -1.000000000000000000 ) ) ;
#2296 = EDGE_CURVE ( 'NONE', #1249, #2087, #588, .T. ) ;
#2297 = CIRCLE ( 'NONE', #1791, 1.050000000000691047 ) ;
#2298 = DIRECTION ( 'NONE',  ( -0.000000000000000000, -0.000000000000000000, -1.000000000000000000 ) ) ;
#2299 = CARTESIAN_POINT ( 'NONE',  ( 62.63005841204298463, 1.878514400869543799, 2.013030214988505318 ) ) ;
#2300 = DIRECTION ( 'NONE',  ( 0.1423148382732820072, 0.9898214418809331283, 0.000000000000000000 ) ) ;
#2301 = ADVANCED_FACE ( 'NONE', ( #3051 ), #3659, .T. ) ;
#2302 = VECTOR ( 'NONE', #1058, 1000.000000000000000 ) ;
#2303 = AXIS2_PLACEMENT_3D ( 'NONE', #283, #1491, #2368 ) ;
#2304 = CARTESIAN_POINT ( 'NONE',  ( 66.27189566896399242, 6.233687071098584553, 6.770009051737193140 ) ) ;
#2305 = VECTOR ( 'NONE', #104, 1000.000000000000000 ) ;
#2306 = DIRECTION ( 'NONE',  ( 1.000000000000000000, 0.000000000000000000, 0.000000000000000000 ) ) ;
#2307 = AXIS2_PLACEMENT_3D ( 'NONE', #2935, #3899, #216 ) ;
#2308 = ORIENTED_EDGE ( 'NONE', *, *, #1177, .F. ) ;
#2309 = CARTESIAN_POINT ( 'NONE',  ( 59.34561693772238300, -22.96850837473036933, -4.336808689942017736E-16 ) ) ;
#2310 = CARTESIAN_POINT ( 'NONE',  ( 45.45348182458069175, -8.832566556316169937, 6.200000000000001066 ) ) ;
#2311 = CARTESIAN_POINT ( 'NONE',  ( -2.382209468794890928, -8.688584061400424829, 6.174534848744364979 ) ) ;
#2312 = CARTESIAN_POINT ( 'NONE',  ( 59.15447863818382501, -21.44193472881666906, 1.002562298258411255 ) ) ;
#2313 = ORIENTED_EDGE ( 'NONE', *, *, #1686, .F. ) ;
#2314 = CARTESIAN_POINT ( 'NONE',  ( 78.25153723044969922, -11.46879986611805435, 5.199999999999996625 ) ) ;
#2315 = CARTESIAN_POINT ( 'NONE',  ( 48.22080162001904569, 4.001263866548895543, 5.199999999999996625 ) ) ;
#2316 = ORIENTED_EDGE ( 'NONE', *, *, #3517, .T. ) ;
#2317 = ORIENTED_EDGE ( 'NONE', *, *, #1106, .T. ) ;
#2318 = CARTESIAN_POINT ( 'NONE',  ( 68.30275217640590313, 5.170714247291538612, 6.339602824696514816 ) ) ;
#2319 = CARTESIAN_POINT ( 'NONE',  ( 71.48530480855728797, 3.025408172067786339, 6.220808900162813515 ) ) ;
#2320 = ADVANCED_FACE ( 'NONE', ( #2794 ), #3313, .T. ) ;
#2321 = B_SPLINE_CURVE_WITH_KNOTS ( 'NONE', 3,
 ( #2260, #89, #1678, #723, #124, #2552 ),
 .UNSPECIFIED., .F., .F.,
 ( 4, 2, 4 ),
 ( 0.000000000000000000, 0.002189813378583581674, 0.004379626757167163348 ),
 .UNSPECIFIED. ) ;
#2322 = CARTESIAN_POINT ( 'NONE',  ( 61.41506596925977846, 3.664252457558117015, -4.336808689942017736E-16 ) ) ;
#2323 = EDGE_CURVE ( 'NONE', #22, #2926, #204, .T. ) ;
#2324 = EDGE_LOOP ( 'NONE', ( #3741, #2510, #2171, #834 ) ) ;
#2325 = CARTESIAN_POINT ( 'NONE',  ( 69.08559404935337511, -15.39216837010582495, 1.365715426554038547 ) ) ;
#2326 = CARTESIAN_POINT ( 'NONE',  ( 47.74811846660819015, -0.07818356752211166882, 6.199999999998578204 ) ) ;
#2327 = FACE_OUTER_BOUND ( 'NONE', #2645, .T. ) ;
#2328 = DIRECTION ( 'NONE',  ( 0.8412535328311805394, 0.5406408174555986657, 0.000000000000000000 ) ) ;
#2329 = EDGE_CURVE ( 'NONE', #469, #3117, #958, .T. ) ;
#2330 = VERTEX_POINT ( 'NONE', #316 ) ;
#2331 = ORIENTED_EDGE ( 'NONE', *, *, #3637, .T. ) ;
#2332 = CARTESIAN_POINT ( 'NONE',  ( 56.00039367109748412, 7.074193875558331790, 6.398938100852880950 ) ) ;
#2333 = DIRECTION ( 'NONE',  ( -0.000000000000000000, -0.000000000000000000, -1.000000000000000000 ) ) ;
#2334 = ORIENTED_EDGE ( 'NONE', *, *, #1130, .T. ) ;
#2335 = ORIENTED_EDGE ( 'NONE', *, *, #3435, .T. ) ;
#2336 = FACE_BOUND ( 'NONE', #3138, .T. ) ;
#2337 = CARTESIAN_POINT ( 'NONE',  ( 61.59905886741881886, 7.409193691662490977, 6.143666722188336315 ) ) ;
#2338 = DIRECTION ( 'NONE',  ( -1.000000000000000000, 0.000000000000000000, 0.000000000000000000 ) ) ;
#2339 = CARTESIAN_POINT ( 'NONE',  ( 56.96862585471608753, 7.048110803373962341, 6.654388003753955338 ) ) ;
#2340 = CARTESIAN_POINT ( 'NONE',  ( 73.12604939000701165, 1.511874705501721206, 5.481361999777482730 ) ) ;
#2341 = DIRECTION ( 'NONE',  ( -0.7302374820819822476, -0.6831933985062844661, 0.000000000000000000 ) ) ;
#2342 = ORIENTED_EDGE ( 'NONE', *, *, #2378, .T. ) ;
#2343 = DIRECTION ( 'NONE',  ( 0.8412535328311805394, 0.5406408174555986657, 0.000000000000000000 ) ) ;
#2344 = CARTESIAN_POINT ( 'NONE',  ( 66.78540849059635320, -22.17579831402661839, 6.200000000000000178 ) ) ;
#2345 = CARTESIAN_POINT ( 'NONE',  ( -4.728451967219454488, -10.29135985382434448, 6.200000000000000178 ) ) ;
#2346 = DIRECTION ( 'NONE',  ( -0.000000000000000000, -0.000000000000000000, -1.000000000000000000 ) ) ;
#2347 = ORIENTED_EDGE ( 'NONE', *, *, #3141, .F. ) ;
#2348 = VERTEX_POINT ( 'NONE', #1525 ) ;
#2349 = CARTESIAN_POINT ( 'NONE',  ( 70.25112746750573933, 3.841239296346595555, 6.402551432128388065 ) ) ;
#2350 = ADVANCED_FACE ( 'NONE', ( #1223 ), #612, .F. ) ;
#2351 = AXIS2_PLACEMENT_3D ( 'NONE', #924, #277, #1483 ) ;
#2352 = VERTEX_POINT ( 'NONE', #1505 ) ;
#2353 = AXIS2_PLACEMENT_3D ( 'NONE', #3330, #610, #1219 ) ;
#2354 = ORIENTED_EDGE ( 'NONE', *, *, #2812, .T. ) ;
#2355 = CARTESIAN_POINT ( 'NONE',  ( 72.48372173469432767, 2.198432466031404076, 5.595911564709178165 ) ) ;
#2356 = CARTESIAN_POINT ( 'NONE',  ( 70.37280016978749586, 3.930552153336111854, 6.226081175268523005 ) ) ;
#2357 = VECTOR ( 'NONE', #1169, 1000.000000000000000 ) ;
#2358 = CARTESIAN_POINT ( 'NONE',  ( -9.615881436223883583, -1.611621607104151810, 6.200000000000000178 ) ) ;
#2359 = CARTESIAN_POINT ( 'NONE',  ( 64.42441101813727755, 6.818621421290653295, 6.214487466558330730 ) ) ;
#2360 = DIRECTION ( 'NONE',  ( 0.9657851516711909445, -0.2593434803719867343, 0.000000000000000000 ) ) ;
#2361 = AXIS2_PLACEMENT_3D ( 'NONE', #552, #599, #511 ) ;
#2362 = ORIENTED_EDGE ( 'NONE', *, *, #1465, .F. ) ;
#2363 = CARTESIAN_POINT ( 'NONE',  ( 69.83795008498110235, -13.94764157957647832, 1.107489914237966152E-12 ) ) ;
#2364 = AXIS2_PLACEMENT_3D ( 'NONE', #1274, #2096, #1803 ) ;
#2365 = CARTESIAN_POINT ( 'NONE',  ( 50.84114533853642826, -21.08881109116675390, 6.200000000000000178 ) ) ;
#2366 = AXIS2_PLACEMENT_3D ( 'NONE', #1129, #2046, #1149 ) ;
#2367 = CARTESIAN_POINT ( 'NONE',  ( -1.050000000000000266, 8.000000000000000000, 0.000000000000000000 ) ) ;
#2368 = DIRECTION ( 'NONE',  ( -0.08371745885103293316, 0.000000000000000000, -0.9964895318484412456 ) ) ;
#2369 = CIRCLE ( 'NONE', #649, 18.00000000000000355 ) ;
#2370 = EDGE_CURVE ( 'NONE', #738, #3559, #910, .T. ) ;
#2371 = ORIENTED_EDGE ( 'NONE', *, *, #1145, .F. ) ;
#2372 = ORIENTED_EDGE ( 'NONE', *, *, #2948, .F. ) ;
#2373 = CARTESIAN_POINT ( 'NONE',  ( 52.47879434007588628, 5.746568442110225661, 6.340376683041048622 ) ) ;
#2374 = AXIS2_PLACEMENT_3D ( 'NONE', #1311, #2495, #681 ) ;
#2375 = EDGE_CURVE ( 'NONE', #349, #3788, #12, .T. ) ;
#2376 = LOCAL_TIME ( 15, 43, 21.00000000000000000, #411 ) ;
#2377 = ORIENTED_EDGE ( 'NONE', *, *, #918, .T. ) ;
#2378 = EDGE_CURVE ( 'NONE', #3257, #3497, #1839, .T. ) ;
#2379 = AXIS2_PLACEMENT_3D ( 'NONE', #1254, #2417, #1238 ) ;
#2380 = ORIENTED_EDGE ( 'NONE', *, *, #2060, .T. ) ;
#2381 = DIRECTION ( 'NONE',  ( 0.000000000000000000, 0.000000000000000000, 1.000000000000000000 ) ) ;
#2382 = CARTESIAN_POINT ( 'NONE',  ( -2.473807125504178472, -9.220990523396343619, 0.3820703655584704594 ) ) ;
#2383 = DIRECTION ( 'NONE',  ( 1.000000000000000000, 0.000000000000000000, 0.000000000000000000 ) ) ;
#2384 = FACE_OUTER_BOUND ( 'NONE', #1614, .T. ) ;
#2385 = EDGE_CURVE ( 'NONE', #1232, #196, #520, .T. ) ;
#2386 = CARTESIAN_POINT ( 'NONE',  ( -6.128663263119058513, -8.323771706143375582, 0.000000000000000000 ) ) ;
#2387 = CARTESIAN_POINT ( 'NONE',  ( 48.70967252406996550, -12.89899887309213078, 1.241628246287479032 ) ) ;
#2388 = LINE ( 'NONE', #1765, #1986 ) ;
#2389 = DIRECTION ( 'NONE',  ( -0.000000000000000000, -0.000000000000000000, -1.000000000000000000 ) ) ;
#2390 = CARTESIAN_POINT ( 'NONE',  ( 57.92229653377304999, -23.20015098226746630, 6.200000000000001954 ) ) ;
#2391 = FACE_OUTER_BOUND ( 'NONE', #891, .T. ) ;
#2392 = CARTESIAN_POINT ( 'NONE',  ( 43.56611540050975862, -2.638876762441341839, 6.200000000000000178 ) ) ;
#2393 = EDGE_LOOP ( 'NONE', ( #2709, #3292, #621, #1723 ) ) ;
#2394 = VERTEX_POINT ( 'NONE', #1977 ) ;
#2395 = CARTESIAN_POINT ( 'NONE',  ( 54.18992702552572638, 6.542926690112055965, 6.409675505703497755 ) ) ;
#2396 = DIRECTION ( 'NONE',  ( 1.000000000000000000, 0.000000000000000000, 0.000000000000000000 ) ) ;
#2397 = ORIENTED_EDGE ( 'NONE', *, *, #1106, .F. ) ;
#2398 = ORIENTED_EDGE ( 'NONE', *, *, #2712, .F. ) ;
#2399 = DIRECTION ( 'NONE',  ( 0.000000000000000000, 0.000000000000000000, 1.000000000000000000 ) ) ;
#2400 = ADVANCED_FACE ( 'NONE', ( #1954 ), #1371, .T. ) ;
#2401 = FACE_OUTER_BOUND ( 'NONE', #518, .T. ) ;
#2402 = CARTESIAN_POINT ( 'NONE',  ( 53.22492602787507820, 5.367870732872076722, 6.376331213105815188 ) ) ;
#2403 = CARTESIAN_POINT ( 'NONE',  ( 63.63674392462662155, -26.14843954191552200, 0.000000000000000000 ) ) ;
#2404 = CARTESIAN_POINT ( 'NONE',  ( 1.468796456984841514, 8.625841232479809051, 6.200000000000000178 ) ) ;
#2405 = EDGE_CURVE ( 'NONE', #3769, #1442, #1020, .T. ) ;
#2406 = CARTESIAN_POINT ( 'NONE',  ( 2.269255453254920507, 8.450620077122911411, 0.000000000000000000 ) ) ;
#2407 = CARTESIAN_POINT ( 'NONE',  ( 67.59104411522156397, -1.007860270399550506, 1.948278818698004455 ) ) ;
#2408 = CARTESIAN_POINT ( 'NONE',  ( 74.60510884128846953, -6.218213395664866638, 7.312998414918680190 ) ) ;
#2409 = CARTESIAN_POINT ( 'NONE',  ( 5.656854249492480058, 5.656854249492620390, -13.79999999999999893 ) ) ;
#2410 = ORIENTED_EDGE ( 'NONE', *, *, #3481, .T. ) ;
#2411 = ORIENTED_EDGE ( 'NONE', *, *, #3462, .T. ) ;
#2412 = CARTESIAN_POINT ( 'NONE',  ( -8.959963588456274053, 5.154099465690963555, 6.200000000000000178 ) ) ;
#2413 = DIRECTION ( 'NONE',  ( -1.000000000000000000, 0.000000000000000000, 0.000000000000000000 ) ) ;
#2414 = EDGE_LOOP ( 'NONE', ( #2631, #2256 ) ) ;
#2415 = ORIENTED_EDGE ( 'NONE', *, *, #524, .F. ) ;
#2416 = CARTESIAN_POINT ( 'NONE',  ( -10.68082785797387224, 5.469910078632857164, 6.200000000000000178 ) ) ;
#2417 = DIRECTION ( 'NONE',  ( -0.000000000000000000, 0.000000000000000000, 1.000000000000000000 ) ) ;
#2418 = AXIS2_PLACEMENT_3D ( 'NONE', #977, #2157, #3730 ) ;
#2419 = CYLINDRICAL_SURFACE ( 'NONE', #894, 3.762221576582363891 ) ;
#2420 = CARTESIAN_POINT ( 'NONE',  ( -1.024417370216223588, 9.696033676282242553, 6.200000000000000178 ) ) ;
#2421 = FACE_BOUND ( 'NONE', #303, .T. ) ;
#2422 = CIRCLE ( 'NONE', #440, 3.762221576582363891 ) ;
#2423 = CARTESIAN_POINT ( 'NONE',  ( -7.998624034700963392, 5.575348738106355562, 6.200000000000000178 ) ) ;
#2424 = CIRCLE ( 'NONE', #1535, 3.762221576582363891 ) ;
#2425 = EDGE_CURVE ( 'NONE', #1344, #1327, #1330, .T. ) ;
#2426 = EDGE_CURVE ( 'NONE', #2450, #1294, #147, .T. ) ;
#2427 = DIRECTION ( 'NONE',  ( -0.9594929736145012544, 0.2817325568414162373, 0.000000000000000000 ) ) ;
#2428 = CARTESIAN_POINT ( 'NONE',  ( 0.000000000000000000, 8.000000000000000000, 0.000000000000000000 ) ) ;
#2429 = CIRCLE ( 'NONE', #2170, 3.762221576582363003 ) ;
#2430 = CARTESIAN_POINT ( 'NONE',  ( 54.84182528864634065, 6.500017106645896270, 7.369059265751676691 ) ) ;
#2431 = ORIENTED_EDGE ( 'NONE', *, *, #2445, .F. ) ;
#2432 = ORIENTED_EDGE ( 'NONE', *, *, #3589, .T. ) ;
#2433 = LINE ( 'NONE', #2485, #824 ) ;
#2434 = CARTESIAN_POINT ( 'NONE',  ( 62.99561314417473312, 3.239826171304569069, -4.336808689942017736E-16 ) ) ;
#2435 = VECTOR ( 'NONE', #931, 1000.000000000000000 ) ;
#2436 = AXIS2_PLACEMENT_3D ( 'NONE', #3387, #3031, #940 ) ;
#2437 = ORIENTED_EDGE ( 'NONE', *, *, #1502, .F. ) ;
#2438 = ORIENTED_EDGE ( 'NONE', *, *, #1819, .T. ) ;
#2439 = AXIS2_PLACEMENT_3D ( 'NONE', #193, #3557, #2997 ) ;
#2440 = CIRCLE ( 'NONE', #2937, 1.000000000000000000 ) ;
#2441 = DIRECTION ( 'NONE',  ( 0.08870069432740627924, 0.3303179759963836837, 0.9396926207859082059 ) ) ;
#2442 = DIRECTION ( 'NONE',  ( -1.000000000000000000, 0.000000000000000000, 0.000000000000000000 ) ) ;
#2443 = CARTESIAN_POINT ( 'NONE',  ( 6.950000000000085443, 3.397195249197818264E-13, 0.000000000000000000 ) ) ;
#2444 = FACE_BOUND ( 'NONE', #3432, .T. ) ;
#2445 = EDGE_CURVE ( 'NONE', #675, #832, #439, .T. ) ;
#2446 = LINE ( 'NONE', #2423, #17 ) ;
#2447 = DIRECTION ( 'NONE',  ( -0.000000000000000000, 0.000000000000000000, 1.000000000000000000 ) ) ;
#2448 = FACE_OUTER_BOUND ( 'NONE', #2666, .T. ) ;
#2449 = EDGE_CURVE ( 'NONE', #1407, #2330, #2321, .T. ) ;
#2450 = VERTEX_POINT ( 'NONE', #2896 ) ;
#2451 = ORIENTED_EDGE ( 'NONE', *, *, #2445, .T. ) ;
#2452 = CARTESIAN_POINT ( 'NONE',  ( -7.144944486281366913, 7.469635673622618377, 6.200000000000000178 ) ) ;
#2453 = CARTESIAN_POINT ( 'NONE',  ( -11.40501160019360860, -3.731716816620635147, 6.200000000000000178 ) ) ;
#2454 = ORIENTED_EDGE ( 'NONE', *, *, #2296, .F. ) ;
#2455 = ORIENTED_EDGE ( 'NONE', *, *, #684, .F. ) ;
#2456 = DIRECTION ( 'NONE',  ( 0.9594929736144971466, 0.2817325568414302261, 0.000000000000000000 ) ) ;
#2457 = CARTESIAN_POINT ( 'NONE',  ( -6.376773933753629109, -8.135259246422229751, 6.200000000000000178 ) ) ;
#2458 = DIRECTION ( 'NONE',  ( -0.000000000000000000, -0.000000000000000000, -1.000000000000000000 ) ) ;
#2459 = CARTESIAN_POINT ( 'NONE',  ( -8.225486823948159554, -6.259956494877047639, 6.200000000000000178 ) ) ;
#2460 = DIRECTION ( 'NONE',  ( 1.000000000000000000, 0.000000000000000000, 0.000000000000000000 ) ) ;
#2461 = CARTESIAN_POINT ( 'NONE',  ( -5.656854249492281994, 5.656854249492139886, 0.000000000000000000 ) ) ;
#2462 = CARTESIAN_POINT ( 'NONE',  ( 72.16286127144064722, 0.6908345430830558076, 6.199999999999999289 ) ) ;
#2463 = CARTESIAN_POINT ( 'NONE',  ( 74.97945524817347973, -2.714795363734038958, 6.200000000000000178 ) ) ;
#2464 = ORIENTED_EDGE ( 'NONE', *, *, #1985, .T. ) ;
#2465 = ORIENTED_EDGE ( 'NONE', *, *, #1593, .F. ) ;
#2466 = CARTESIAN_POINT ( 'NONE',  ( 59.25153723044969212, -11.46879986611805435, 60.09593062444025691 ) ) ;
#2467 = FACE_OUTER_BOUND ( 'NONE', #429, .T. ) ;
#2468 = EDGE_CURVE ( 'NONE', #3263, #2921, #2613, .T. ) ;
#2469 = ORIENTED_EDGE ( 'NONE', *, *, #235, .T. ) ;
#2470 = ORIENTED_EDGE ( 'NONE', *, *, #981, .F. ) ;
#2471 = ADVANCED_FACE ( 'NONE', ( #3129 ), #1656, .T. ) ;
#2472 = DIRECTION ( 'NONE',  ( 0.000000000000000000, 0.000000000000000000, 1.000000000000000000 ) ) ;
#2473 = LINE ( 'NONE', #31, #2188 ) ;
#2474 = ORIENTED_EDGE ( 'NONE', *, *, #2329, .F. ) ;
#2475 = VECTOR ( 'NONE', #3450, 1000.000000000000000 ) ;
#2476 = CYLINDRICAL_SURFACE ( 'NONE', #947, 12.00000000000000178 ) ;
#2477 = CYLINDRICAL_SURFACE ( 'NONE', #1148, 1.000000000000000000 ) ;
#2478 = CIRCLE ( 'NONE', #1964, 1.050000000000504530 ) ;
#2479 = CARTESIAN_POINT ( 'NONE',  ( -3.894193991759024698, -11.35056179907179441, 6.200000000000000178 ) ) ;
#2480 = AXIS2_PLACEMENT_3D ( 'NONE', #1057, #3420, #3130 ) ;
#2481 = CARTESIAN_POINT ( 'NONE',  ( 69.31806558762474424, -26.48352349723170462, 6.200000000000000178 ) ) ;
#2482 = CARTESIAN_POINT ( 'NONE',  ( 71.00873644083920055, -17.59257333794425548, 6.199999999999999289 ) ) ;
#2483 = CIRCLE ( 'NONE', #694, 3.762221576582363447 ) ;
#2484 = EDGE_LOOP ( 'NONE', ( #2984, #3347, #2627, #1191 ) ) ;
#2485 = CARTESIAN_POINT ( 'NONE',  ( -8.960702652603004026, 3.842955629672763607, 6.200000000000000178 ) ) ;
#2486 = DIRECTION ( 'NONE',  ( -0.000000000000000000, -0.000000000000000000, 1.000000000000000000 ) ) ;
#2487 = VECTOR ( 'NONE', #1272, 1000.000000000000000 ) ;
#2488 = ORIENTED_EDGE ( 'NONE', *, *, #3230, .F. ) ;
#2489 = ORIENTED_EDGE ( 'NONE', *, *, #666, .T. ) ;
#2490 = CIRCLE ( 'NONE', #1018, 1.050000000000504530 ) ;
#2491 = PERSON_AND_ORGANIZATION ( #3064, #213 ) ;
#2492 = CARTESIAN_POINT ( 'NONE',  ( 49.35853352265847604, 3.692852991268795293, 6.200000000000001954 ) ) ;
#2493 = CARTESIAN_POINT ( 'NONE',  ( -5.656854249491801490, -5.656854249492621278, 6.200000000000000178 ) ) ;
#2494 = EDGE_CURVE ( 'NONE', #1996, #1, #1411, .T. ) ;
#2495 = DIRECTION ( 'NONE',  ( 0.000000000000000000, 0.000000000000000000, 1.000000000000000000 ) ) ;
#2496 = LOCAL_TIME ( 15, 43, 21.00000000000000000, #988 ) ;
#2497 = DIRECTION ( 'NONE',  ( -0.9254233156505490276, -0.3578494173419920488, -0.1246414110893372951 ) ) ;
#2498 = EDGE_CURVE ( 'NONE', #1360, #1996, #1056, .T. ) ;
#2499 = CIRCLE ( 'NONE', #3712, 3.762221576582363003 ) ;
#2500 = CARTESIAN_POINT ( 'NONE',  ( 5.656854249492959674, -5.656854249492140774, 0.000000000000000000 ) ) ;
#2501 = CARTESIAN_POINT ( 'NONE',  ( 50.94126262099184999, 5.635740689985204277, 5.317107076501156548 ) ) ;
#2502 = ORIENTED_EDGE ( 'NONE', *, *, #3784, .F. ) ;
#2503 = DIRECTION ( 'NONE',  ( 0.000000000000000000, 0.000000000000000000, -1.000000000000000000 ) ) ;
#2504 = CARTESIAN_POINT ( 'NONE',  ( 60.56348123872448497, -5.817339552778483025, 12.28161910199199980 ) ) ;
#2505 = ORIENTED_EDGE ( 'NONE', *, *, #3715, .F. ) ;
#2506 = ORIENTED_EDGE ( 'NONE', *, *, #1153, .T. ) ;
#2507 = APPROVAL_DATE_TIME ( #2212, #1492 ) ;
#2508 = CARTESIAN_POINT ( 'NONE',  ( 0.5386289757454962857, 11.98790552292131650, 6.200000000000000178 ) ) ;
#2509 = CYLINDRICAL_SURFACE ( 'NONE', #1608, 9.750000000000000000 ) ;
#2510 = ORIENTED_EDGE ( 'NONE', *, *, #3758, .F. ) ;
#2511 = DIRECTION ( 'NONE',  ( -0.4154150130018903209, 0.9096319953545165538, 0.000000000000000000 ) ) ;
#2512 = CARTESIAN_POINT ( 'NONE',  ( 61.75251721573517472, 2.114161622848941491, 2.013030214988504873 ) ) ;
#2513 = B_SPLINE_CURVE_WITH_KNOTS ( 'NONE', 3,
 ( #473, #98, #679, #1894, #3103, #2902, #2596, #379, #791, #1595, #2430, #221, #3618, #889 ),
 .UNSPECIFIED., .F., .F.,
 ( 4, 2, 2, 2, 2, 2, 4 ),
 ( 0.01443499351757848020, 0.01546827692040302765, 0.01650156032322757510, 0.01856812712887667347, 0.01960141053170121050, 0.02063469393452575101, 0.02270126074017482509 ),
 .UNSPECIFIED. ) ;
#2514 = CARTESIAN_POINT ( 'NONE',  ( 43.34372407092234170, -2.102844841436308787, 6.096025386640098631 ) ) ;
#2515 = EDGE_CURVE ( 'NONE', #615, #1270, #3514, .T. ) ;
#2516 = CARTESIAN_POINT ( 'NONE',  ( 62.55630482436900763, 7.301460274562310282, 6.622403696277050500 ) ) ;
#2517 = FACE_OUTER_BOUND ( 'NONE', #3463, .T. ) ;
#2518 = VERTEX_POINT ( 'NONE', #3465 ) ;
#2519 = CARTESIAN_POINT ( 'NONE',  ( 62.30708650303249385, -21.39719784729674501, 1.084202172485504237E-15 ) ) ;
#2520 = CARTESIAN_POINT ( 'NONE',  ( 51.80114308656344235, 5.395703390845752345, 6.293211440164906634 ) ) ;
#2521 = ORIENTED_EDGE ( 'NONE', *, *, #3502, .F. ) ;
#2522 = ORIENTED_EDGE ( 'NONE', *, *, #1617, .F. ) ;
#2523 = CYLINDRICAL_SURFACE ( 'NONE', #752, 10.99999999999997158 ) ;
#2524 = APPROVAL_DATE_TIME ( #3085, #1902 ) ;
#2525 = CARTESIAN_POINT ( 'NONE',  ( 0.000000000000000000, 0.000000000000000000, 6.200000000000000178 ) ) ;
#2526 = DIRECTION ( 'NONE',  ( 1.000000000000000000, 0.000000000000000000, 0.000000000000000000 ) ) ;
#2527 = ORIENTED_EDGE ( 'NONE', *, *, #9, .F. ) ;
#2528 = ORIENTED_EDGE ( 'NONE', *, *, #597, .T. ) ;
#2529 = DIRECTION ( 'NONE',  ( -0.000000000000000000, -0.000000000000000000, -1.000000000000000000 ) ) ;
#2530 = EDGE_CURVE ( 'NONE', #1569, #1429, #384, .T. ) ;
#2531 = DIRECTION ( 'NONE',  ( -0.000000000000000000, -0.000000000000000000, -1.000000000000000000 ) ) ;
#2532 = DIRECTION ( 'NONE',  ( -0.000000000000000000, 0.000000000000000000, 1.000000000000000000 ) ) ;
#2533 = CARTESIAN_POINT ( 'NONE',  ( -5.460564090080127109, 8.077421607055521591, 6.200000000000000178 ) ) ;
#2534 = ADVANCED_FACE ( 'NONE', ( #2573 ), #700, .T. ) ;
#2535 = AXIS2_PLACEMENT_3D ( 'NONE', #1510, #3721, #3684 ) ;
#2536 = CARTESIAN_POINT ( 'NONE',  ( -9.050000000000165912, -3.404420665312785391E-13, -13.79999999999999893 ) ) ;
#2537 = VERTEX_POINT ( 'NONE', #1620 ) ;
#2538 = CARTESIAN_POINT ( 'NONE',  ( 59.60174122946085618, -22.98394425214558723, 6.868374865505606053 ) ) ;
#2539 = LINE ( 'NONE', #1378, #2873 ) ;
#2540 = CIRCLE ( 'NONE', #3366, 18.00000000000000355 ) ;
#2541 = EDGE_CURVE ( 'NONE', #1326, #3456, #2833, .T. ) ;
#2542 = ORIENTED_EDGE ( 'NONE', *, *, #236, .T. ) ;
#2543 = AXIS2_PLACEMENT_3D ( 'NONE', #1471, #1732, #2070 ) ;
#2544 = EDGE_LOOP ( 'NONE', ( #487, #3565, #3478, #3703 ) ) ;
#2545 = DIRECTION ( 'NONE',  ( 1.000000000000000000, 0.000000000000000000, 0.000000000000000000 ) ) ;
#2546 = CARTESIAN_POINT ( 'NONE',  ( -10.32411757120621232, -0.5082176547595769200, 6.200000000000000178 ) ) ;
#2547 = CIRCLE ( 'NONE', #2801, 1.050000000000000266 ) ;
#2548 = DIRECTION ( 'NONE',  ( -1.000000000000000000, 0.000000000000000000, 0.000000000000000000 ) ) ;
#2549 = EDGE_LOOP ( 'NONE', ( #3884, #100, #1828, #967 ) ) ;
#2550 = EDGE_LOOP ( 'NONE', ( #2115, #2431, #2415, #3148 ) ) ;
#2551 = CIRCLE ( 'NONE', #340, 1.050000000000040457 ) ;
#2552 = CARTESIAN_POINT ( 'NONE',  ( 72.83596343402555817, 1.089137618339757863, 6.340680999888787639 ) ) ;
#2553 = AXIS2_PLACEMENT_3D ( 'NONE', #740, #2276, #2849 ) ;
#2554 = CIRCLE ( 'NONE', #1800, 12.00000000000000533 ) ;
#2555 = DIRECTION ( 'NONE',  ( -0.000000000000000000, -0.000000000000000000, -1.000000000000000000 ) ) ;
#2556 = VECTOR ( 'NONE', #1636, 1000.000000000000000 ) ;
#2557 = AXIS2_PLACEMENT_3D ( 'NONE', #2769, #1571, #1588 ) ;
#2558 = CARTESIAN_POINT ( 'NONE',  ( -10.11750779506746234, 2.117008461354665361, 0.000000000000000000 ) ) ;
#2559 = ORIENTED_EDGE ( 'NONE', *, *, #2638, .F. ) ;
#2560 = CARTESIAN_POINT ( 'NONE',  ( 51.65971137953948755, 5.966577535347609818, 5.386427266253108748 ) ) ;
#2561 = CARTESIAN_POINT ( 'NONE',  ( -0.3511897967838811807, -9.002081524682221669, 6.200000000000000178 ) ) ;
#2562 = EDGE_CURVE ( 'NONE', #3788, #832, #3646, .T. ) ;
#2563 = ORIENTED_EDGE ( 'NONE', *, *, #3324, .F. ) ;
#2564 = ORIENTED_EDGE ( 'NONE', *, *, #2329, .T. ) ;
#2565 = CARTESIAN_POINT ( 'NONE',  ( -2.860572556533148347, 11.65406043612308551, 6.200000000000000178 ) ) ;
#2566 = CARTESIAN_POINT ( 'NONE',  ( 0.000000000000000000, 0.000000000000000000, 0.000000000000000000 ) ) ;
#2567 = EDGE_CURVE ( 'NONE', #3781, #119, #82, .T. ) ;
#2568 = DIRECTION ( 'NONE',  ( 0.000000000000000000, 0.000000000000000000, 1.000000000000000000 ) ) ;
#2569 = ORIENTED_EDGE ( 'NONE', *, *, #1953, .F. ) ;
#2570 = ORIENTED_EDGE ( 'NONE', *, *, #3112, .T. ) ;
#2571 = CARTESIAN_POINT ( 'NONE',  ( 6.706854249492520736, 5.656854249492620390, 0.000000000000000000 ) ) ;
#2572 = CARTESIAN_POINT ( 'NONE',  ( 62.53776761440389720, 7.268816902540504721, 6.174342921352041991 ) ) ;
#2573 = FACE_OUTER_BOUND ( 'NONE', #745, .T. ) ;
#2574 = CARTESIAN_POINT ( 'NONE',  ( 56.46147869509609052, -21.09303934315430240, 0.9869697850114944604 ) ) ;
#2575 = CARTESIAN_POINT ( 'NONE',  ( 67.86066230831241342, 5.435472527849591451, 6.967666918653649510 ) ) ;
#2576 = CARTESIAN_POINT ( 'NONE',  ( 48.22080162001904569, 4.001263866548895543, 5.199999999999996625 ) ) ;
#2577 = ORIENTED_EDGE ( 'NONE', *, *, #3481, .F. ) ;
#2578 = DIRECTION ( 'NONE',  ( 1.000000000000000000, 0.000000000000000000, 0.000000000000000000 ) ) ;
#2579 = ADVANCED_FACE ( 'NONE', ( #821 ), #1162, .T. ) ;
#2580 = ORIENTED_EDGE ( 'NONE', *, *, #1621, .F. ) ;
#2581 = ORIENTED_EDGE ( 'NONE', *, *, #2370, .T. ) ;
#2582 = DIRECTION ( 'NONE',  ( -0.000000000000000000, 0.000000000000000000, 1.000000000000000000 ) ) ;
#2583 = CARTESIAN_POINT ( 'NONE',  ( -7.576987870392881241, -9.305334750126894150, 6.200000000000000178 ) ) ;
#2584 = VERTEX_POINT ( 'NONE', #3610 ) ;
#2585 = EDGE_CURVE ( 'NONE', #3828, #180, #1481, .T. ) ;
#2586 = ORIENTED_EDGE ( 'NONE', *, *, #433, .T. ) ;
#2587 = CARTESIAN_POINT ( 'NONE',  ( -2.269255453254919175, -8.450620077122906082, 6.200000000000000178 ) ) ;
#2588 = CARTESIAN_POINT ( 'NONE',  ( 67.89706150476158086, 5.456831429701386682, 6.012555176912775856 ) ) ;
#2589 = CARTESIAN_POINT ( 'NONE',  ( 0.000000000000000000, 0.000000000000000000, 0.000000000000000000 ) ) ;
#2590 = CARTESIAN_POINT ( 'NONE',  ( 2.269255453254920951, 8.450620077122911411, 1.000000000000000000 ) ) ;
#2591 = CARTESIAN_POINT ( 'NONE',  ( 75.85322847138036195, -2.228461780268263581, 5.200000000000000178 ) ) ;
#2592 = CARTESIAN_POINT ( 'NONE',  ( 64.59924637691786131, 6.832625936237634257, 6.623011591943539500 ) ) ;
#2593 = CARTESIAN_POINT ( 'NONE',  ( 6.500000000000000000, 0.000000000000000000, 6.200000000000001066 ) ) ;
#2594 = VERTEX_POINT ( 'NONE', #1181 ) ;
#2595 = DIRECTION ( 'NONE',  ( -0.000000000000000000, -0.000000000000000000, 1.000000000000000000 ) ) ;
#2596 = CARTESIAN_POINT ( 'NONE',  ( 57.11295194005204934, 7.235124734871309471, 7.163400785896910428 ) ) ;
#2597 = CIRCLE ( 'NONE', #1389, 9.750000000000000000 ) ;
#2598 = VERTEX_POINT ( 'NONE', #1120 ) ;
#2599 = ORIENTED_EDGE ( 'NONE', *, *, #90, .T. ) ;
#2600 = LINE ( 'NONE', #116, #1458 ) ;
#2601 = CIRCLE ( 'NONE', #1907, 19.00000000000000355 ) ;
#2602 = CARTESIAN_POINT ( 'NONE',  ( 74.14649580290772235, 0.3521744260880811939, 5.317615990746029198 ) ) ;
#2603 = CC_DESIGN_DATE_AND_TIME_ASSIGNMENT ( #2772, #378, ( #2200 ) ) ;
#2604 = AXIS2_PLACEMENT_3D ( 'NONE', #1880, #1484, #3613 ) ;
#2605 = ORIENTED_EDGE ( 'NONE', *, *, #165, .F. ) ;
#2606 = ORIENTED_EDGE ( 'NONE', *, *, #2515, .F. ) ;
#2607 = DIRECTION ( 'NONE',  ( 1.000000000000000000, 0.000000000000000000, 0.000000000000000000 ) ) ;
#2608 = CIRCLE ( 'NONE', #833, 9.750000000000000000 ) ;
#2609 = CARTESIAN_POINT ( 'NONE',  ( 65.29211997336952322, 6.570201780594105756, 6.147776176946085691 ) ) ;
#2610 = CARTESIAN_POINT ( 'NONE',  ( 71.07147829864895527, 2.776677770444359261, 7.383309990803262224 ) ) ;
#2611 = ADVANCED_FACE ( 'NONE', ( #3241 ), #185, .T. ) ;
#2612 = LINE ( 'NONE', #2358, #1342 ) ;
#2613 =( BOUNDED_CURVE ( )  B_SPLINE_CURVE ( 3, ( #758, #1080, #2512, #2299 ),
 .UNSPECIFIED., .F., .T. ) 
 B_SPLINE_CURVE_WITH_KNOTS ( ( 4, 4 ),
 ( 6.036008495466759882, 6.283185307179586232 ),
 .UNSPECIFIED. ) 
 CURVE ( )  GEOMETRIC_REPRESENTATION_ITEM ( )  RATIONAL_B_SPLINE_CURVE ( ( 1.000000000000000000, 0.9949151125126599604, 0.9949151125126599604, 1.000000000000000000 ) ) 
 REPRESENTATION_ITEM ( '' )  );
#2614 = AXIS2_PLACEMENT_3D ( 'NONE', #1039, #2263, #3146 ) ;
#2615 = CARTESIAN_POINT ( 'NONE',  ( 50.16054725468801223, -3.857534734065633852, -5.478325278569968788E-12 ) ) ;
#2616 = AXIS2_PLACEMENT_3D ( 'NONE', #3744, #3101, #2254 ) ;
#2617 = EDGE_CURVE ( 'NONE', #2068, #2234, #2612, .T. ) ;
#2618 = VECTOR ( 'NONE', #1951, 1000.000000000000114 ) ;
#2619 = CIRCLE ( 'NONE', #211, 1.000000000000000222 ) ;
#2620 = EDGE_LOOP ( 'NONE', ( #2086, #1851, #540, #2522 ) ) ;
#2621 = DIRECTION ( 'NONE',  ( -1.000000000000000000, 0.000000000000000000, 0.000000000000000000 ) ) ;
#2622 = CARTESIAN_POINT ( 'NONE',  ( 49.65000672409013305, -20.09868075104588314, 6.200000000000000178 ) ) ;
#2623 = DIRECTION ( 'NONE',  ( 1.000000000000000000, 0.000000000000000000, 0.000000000000000000 ) ) ;
#2624 = CARTESIAN_POINT ( 'NONE',  ( 51.81175912621716861, 5.401200020249059541, 6.293950327363686092 ) ) ;
#2625 = VECTOR ( 'NONE', #2149, 1000.000000000000000 ) ;
#2626 = ORIENTED_EDGE ( 'NONE', *, *, #256, .T. ) ;
#2627 = ORIENTED_EDGE ( 'NONE', *, *, #3512, .F. ) ;
#2628 = CARTESIAN_POINT ( 'NONE',  ( 71.29070630832258360, 2.880001418012574366, 6.408402327376740537 ) ) ;
#2629 = CYLINDRICAL_SURFACE ( 'NONE', #830, 12.00000000000000178 ) ;
#2630 = ORIENTED_EDGE ( 'NONE', *, *, #2323, .F. ) ;
#2631 = ORIENTED_EDGE ( 'NONE', *, *, #3758, .T. ) ;
#2632 = LINE ( 'NONE', #3479, #2876 ) ;
#2633 = CARTESIAN_POINT ( 'NONE',  ( 65.29583687314861606, 6.568941054976676241, 6.192398765368371194 ) ) ;
#2634 = CARTESIAN_POINT ( 'NONE',  ( 67.08773972867031432, 5.838703421218130352, 6.221655016965697449 ) ) ;
#2635 = CARTESIAN_POINT ( 'NONE',  ( 0.000000000000000000, 8.000000000000000000, 6.200000000000000178 ) ) ;
#2636 = EDGE_CURVE ( 'NONE', #1356, #1066, #712, .T. ) ;
#2637 = DIRECTION ( 'NONE',  ( -0.6776126831129694050, 0.7242724836409291100, 0.1275555609334324825 ) ) ;
#2638 = EDGE_CURVE ( 'NONE', #3664, #853, #1804, .T. ) ;
#2639 = EDGE_CURVE ( 'NONE', #2908, #3590, #523, .T. ) ;
#2640 = ORIENTED_EDGE ( 'NONE', *, *, #1797, .F. ) ;
#2641 = CARTESIAN_POINT ( 'NONE',  ( 68.54089395519316952, -2.175633086041774078, 1.910253252026172133 ) ) ;
#2642 = CARTESIAN_POINT ( 'NONE',  ( 47.41403400845490523, -16.05874728825482478, 6.200000000004050271 ) ) ;
#2643 = DIRECTION ( 'NONE',  ( -0.000000000000000000, -0.000000000000000000, 1.000000000000000000 ) ) ;
#2644 = ORIENTED_EDGE ( 'NONE', *, *, #2541, .F. ) ;
#2645 = EDGE_LOOP ( 'NONE', ( #1300, #2030, #3490, #344 ) ) ;
#2646 = LINE ( 'NONE', #3096, #2733 ) ;
#2647 = ORIENTED_EDGE ( 'NONE', *, *, #103, .F. ) ;
#2648 = ORIENTED_EDGE ( 'NONE', *, *, #981, .T. ) ;
#2649 = DIRECTION ( 'NONE',  ( -1.000000000000000000, 0.000000000000000000, 0.000000000000000000 ) ) ;
#2650 = CARTESIAN_POINT ( 'NONE',  ( 65.77669931198883546, 6.378685718312072872, 6.217655740878533344 ) ) ;
#2651 = DIRECTION ( 'NONE',  ( 0.000000000000000000, -0.000000000000000000, -1.000000000000000000 ) ) ;
#2652 = CARTESIAN_POINT ( 'NONE',  ( 62.56659006717202232, 7.253723581894543138, 6.413467316353400172 ) ) ;
#2653 = ADVANCED_FACE ( 'NONE', ( #1139 ), #3572, .F. ) ;
#2654 = FACE_OUTER_BOUND ( 'NONE', #1532, .T. ) ;
#2655 = ORIENTED_EDGE ( 'NONE', *, *, #1861, .T. ) ;
#2656 = CARTESIAN_POINT ( 'NONE',  ( 64.94435520637871662, 0.2372793538237004951, -4.336808689942017736E-16 ) ) ;
#2657 = CARTESIAN_POINT ( 'NONE',  ( 47.60318789538330009, -17.78588412419986398, 6.200000000000000178 ) ) ;
#2658 = CARTESIAN_POINT ( 'NONE',  ( -1.050000000000024247, -8.000000000000000000, 6.200000000000000178 ) ) ;
#2659 = DIRECTION ( 'NONE',  ( -0.9657851516711896123, 0.2593434803719908421, -0.000000000000000000 ) ) ;
#2660 = ADVANCED_FACE ( 'NONE', ( #2401 ), #1920, .T. ) ;
#2661 = ORIENTED_EDGE ( 'NONE', *, *, #1747, .F. ) ;
#2662 = ORIENTED_EDGE ( 'NONE', *, *, #2826, .F. ) ;
#2663 = CARTESIAN_POINT ( 'NONE',  ( 67.89850894935337067, 5.425303339779977030, 6.325761369864117079 ) ) ;
#2664 = CARTESIAN_POINT ( 'NONE',  ( 62.57225002109793621, 7.262587308289157662, 6.175002087781591875 ) ) ;
#2665 = ADVANCED_FACE ( 'NONE', ( #3533 ), #3266, .T. ) ;
#2666 = EDGE_LOOP ( 'NONE', ( #919, #2577, #2767, #787 ) ) ;
#2667 = VECTOR ( 'NONE', #1587, 1000.000000000000000 ) ;
#2668 = ORIENTED_EDGE ( 'NONE', *, *, #2959, .T. ) ;
#2669 = CARTESIAN_POINT ( 'NONE',  ( 68.22496508503600410, 5.038083634059471017, 6.610579524310510102 ) ) ;
#2670 = AXIS2_PLACEMENT_3D ( 'NONE', #2466, #2503, #968 ) ;
#2671 = CARTESIAN_POINT ( 'NONE',  ( -0.2267350114589757326, 9.747363296531977639, 0.000000000000000000 ) ) ;
#2672 = CARTESIAN_POINT ( 'NONE',  ( 65.30624789232631144, 6.514881246997812347, 6.453192808019272420 ) ) ;
#2673 = CARTESIAN_POINT ( 'NONE',  ( 38.85098435239503090, 9.723413180604353556, -4.336808689942017736E-16 ) ) ;
#2674 = CARTESIAN_POINT ( 'NONE',  ( 46.88467466504560832, -9.812542448192910882, -4.336808689942017736E-16 ) ) ;
#2675 = DIRECTION ( 'NONE',  ( -0.000000000000000000, -0.000000000000000000, -1.000000000000000000 ) ) ;
#2676 = AXIS2_PLACEMENT_3D ( 'NONE', #1253, #2472, #3007 ) ;
#2677 = CARTESIAN_POINT ( 'NONE',  ( 70.07681144163608167, -6.339977516691071457, -4.336808689942017736E-16 ) ) ;
#2678 = VECTOR ( 'NONE', #1188, 1000.000000000000000 ) ;
#2679 = CARTESIAN_POINT ( 'NONE',  ( 47.63760510000088289, 1.807581351111517742, 6.200000000000000178 ) ) ;
#2680 = VECTOR ( 'NONE', #3131, 1000.000000000000000 ) ;
#2681 = DIRECTION ( 'NONE',  ( 1.000000000000000000, 0.000000000000000000, 0.000000000000000000 ) ) ;
#2682 = AXIS2_PLACEMENT_3D ( 'NONE', #1161, #2137, #1498 ) ;
#2683 = VECTOR ( 'NONE', #2990, 1000.000000000000114 ) ;
#2684 = EDGE_LOOP ( 'NONE', ( #3523, #1798 ) ) ;
#2685 = EDGE_LOOP ( 'NONE', ( #362, #2004 ) ) ;
#2686 = CARTESIAN_POINT ( 'NONE',  ( 56.92765049344569661, 7.266807623336259070, 6.380735905673023289 ) ) ;
#2687 = EDGE_CURVE ( 'NONE', #513, #3263, #290, .T. ) ;
#2688 = CARTESIAN_POINT ( 'NONE',  ( -10.32411757120621232, -0.5082176547595769200, 6.200000000000000178 ) ) ;
#2689 = DIRECTION ( 'NONE',  ( -0.000000000000000000, -0.000000000000000000, -1.000000000000000000 ) ) ;
#2690 = AXIS2_PLACEMENT_3D ( 'NONE', #1137, #2015, #3531 ) ;
#2691 = VERTEX_POINT ( 'NONE', #3281 ) ;
#2692 = AXIS2_PLACEMENT_3D ( 'NONE', #946, #3097, #3393 ) ;
#2693 = ORIENTED_EDGE ( 'NONE', *, *, #1463, .T. ) ;
#2694 = EDGE_CURVE ( 'NONE', #3225, #3137, #460, .T. ) ;
#2695 = CARTESIAN_POINT ( 'NONE',  ( -0.1980344653336320315, -9.043208515118033475, 6.656266525853700016E-17 ) ) ;
#2696 = DIRECTION ( 'NONE',  ( -0.000000000000000000, 0.000000000000000000, 1.000000000000000000 ) ) ;
#2697 = CARTESIAN_POINT ( 'NONE',  ( 58.56771561635784451, -13.24949401269711302, -8.861464865690923176 ) ) ;
#2698 = CARTESIAN_POINT ( 'NONE',  ( 57.01706991988193352, 7.229436206580821533, 7.173607659401763037 ) ) ;
#2699 = DIRECTION ( 'NONE',  ( -0.9594929736144992560, 0.2817325568414236758, 0.000000000000000000 ) ) ;
#2700 = CARTESIAN_POINT ( 'NONE',  ( 50.45149464293542252, -19.20024491859208737, -4.336808689942017736E-16 ) ) ;
#2701 = CARTESIAN_POINT ( 'NONE',  ( 0.6555888821085128493, 10.31580787075611561, 6.200000000000000178 ) ) ;
#2702 = CARTESIAN_POINT ( 'NONE',  ( 45.55597925354940969, -8.850745211925721279, 7.089920563850347968 ) ) ;
#2703 = CARTESIAN_POINT ( 'NONE',  ( 1.748767090068500618, 9.591887909306143101, 5.200000000000000178 ) ) ;
#2704 = DIRECTION ( 'NONE',  ( 1.000000000000000000, 0.000000000000000000, 0.000000000000000000 ) ) ;
#2705 = VERTEX_POINT ( 'NONE', #2671 ) ;
#2706 = VERTEX_POINT ( 'NONE', #2036 ) ;
#2707 = CARTESIAN_POINT ( 'NONE',  ( 0.000000000000000000, 0.000000000000000000, 6.200000000000000178 ) ) ;
#2708 = ORIENTED_EDGE ( 'NONE', *, *, #312, .F. ) ;
#2709 = ORIENTED_EDGE ( 'NONE', *, *, #3028, .T. ) ;
#2710 = DIRECTION ( 'NONE',  ( -0.000000000000000000, -0.000000000000000000, -1.000000000000000000 ) ) ;
#2711 = DIRECTION ( 'NONE',  ( -0.000000000000000000, -0.000000000000000000, -1.000000000000000000 ) ) ;
#2712 = EDGE_CURVE ( 'NONE', #2071, #76, #1098, .T. ) ;
#2713 = CARTESIAN_POINT ( 'NONE',  ( 61.66424521736163911, 7.456027601494757739, 6.672545779272336830 ) ) ;
#2714 = CARTESIAN_POINT ( 'NONE',  ( 56.09592396296434913, -22.45435111358932545, -4.336808689942017736E-16 ) ) ;
#2715 = DIRECTION ( 'NONE',  ( -1.000000000000000000, 0.000000000000000000, 0.000000000000000000 ) ) ;
#2716 = CARTESIAN_POINT ( 'NONE',  ( 59.15447863818382501, -21.44193472881666906, 1.002562298258411255 ) ) ;
#2717 = DIRECTION ( 'NONE',  ( -1.000000000000000000, 1.224646799147352468E-16, 0.000000000000000000 ) ) ;
#2718 = CARTESIAN_POINT ( 'NONE',  ( 43.29253398508046757, -1.977136385732028323, 0.1668738935008965973 ) ) ;
#2719 = FACE_OUTER_BOUND ( 'NONE', #1267, .T. ) ;
#2720 = VERTEX_POINT ( 'NONE', #3853 ) ;
#2721 = ORIENTED_EDGE ( 'NONE', *, *, #2948, .T. ) ;
#2722 = CYLINDRICAL_SURFACE ( 'NONE', #324, 9.750000000000000000 ) ;
#2723 = DIRECTION ( 'NONE',  ( -0.000000000000000000, -0.000000000000000000, 1.000000000000000000 ) ) ;
#2724 = DIRECTION ( 'NONE',  ( 1.000000000000000000, 0.000000000000000000, 0.000000000000000000 ) ) ;
#2725 = CARTESIAN_POINT ( 'NONE',  ( 0.000000000000000000, 0.000000000000000000, 6.200000000000000178 ) ) ;
#2726 = ORIENTED_EDGE ( 'NONE', *, *, #3714, .F. ) ;
#2727 = ORIENTED_EDGE ( 'NONE', *, *, #1819, .F. ) ;
#2728 = EDGE_CURVE ( 'NONE', #853, #196, #1777, .T. ) ;
#2729 = AXIS2_PLACEMENT_3D ( 'NONE', #1284, #1903, #74 ) ;
#2730 = CARTESIAN_POINT ( 'NONE',  ( 52.47879434007306543, 5.746568442112662822, 6.340376683054817164 ) ) ;
#2731 = CARTESIAN_POINT ( 'NONE',  ( 59.25153723044969212, -11.46879986611805435, 1.000000000000000888 ) ) ;
#2732 = DIRECTION ( 'NONE',  ( 0.9657851516711896123, -0.2593434803719908421, 0.000000000000000000 ) ) ;
#2733 = VECTOR ( 'NONE', #2768, 1000.000000000000000 ) ;
#2734 = CARTESIAN_POINT ( 'NONE',  ( -2.528598933626911904, -9.416405228794101134, 6.200000000000000178 ) ) ;
#2735 = CARTESIAN_POINT ( 'NONE',  ( -0.04003029796722216288, -9.049236663125189040, 6.200000000000000178 ) ) ;
#2736 = FACE_BOUND ( 'NONE', #1009, .T. ) ;
#2737 = VECTOR ( 'NONE', #667, 1000.000000000000000 ) ;
#2738 = CARTESIAN_POINT ( 'NONE',  ( 58.56771561635784451, -26.83461588711464429, -4.086062928971689878 ) ) ;
#2739 = VECTOR ( 'NONE', #643, 1000.000000000000000 ) ;
#2740 = CARTESIAN_POINT ( 'NONE',  ( 73.46177412641783633, -15.51064409225346274, 6.200000000000000178 ) ) ;
#2741 = EDGE_CURVE ( 'NONE', #2394, #853, #1222, .T. ) ;
#2742 = CARTESIAN_POINT ( 'NONE',  ( -7.999999999999661604, -3.405706544451890981E-13, -13.79999999999999893 ) ) ;
#2743 = CIRCLE ( 'NONE', #896, 3.762221576582363003 ) ;
#2744 = VERTEX_POINT ( 'NONE', #3382 ) ;
#2745 = CIRCLE ( 'NONE', #3635, 14.39999999999998259 ) ;
#2746 = ORIENTED_EDGE ( 'NONE', *, *, #3880, .F. ) ;
#2747 = CARTESIAN_POINT ( 'NONE',  ( 0.000000000000000000, 0.000000000000000000, 0.000000000000000000 ) ) ;
#2748 = DIRECTION ( 'NONE',  ( -0.000000000000000000, 0.000000000000000000, 1.000000000000000000 ) ) ;
#2749 = AXIS2_PLACEMENT_3D ( 'NONE', #3171, #2225, #689 ) ;
#2750 = AXIS2_PLACEMENT_3D ( 'NONE', #3732, #3182, #1600 ) ;
#2751 = VERTEX_POINT ( 'NONE', #365 ) ;
#2752 = EDGE_LOOP ( 'NONE', ( #1552, #1231 ) ) ;
#2753 = AXIS2_PLACEMENT_3D ( 'NONE', #1434, #2298, #2649 ) ;
#2754 = VECTOR ( 'NONE', #3008, 1000.000000000000000 ) ;
#2755 = CARTESIAN_POINT ( 'NONE',  ( 56.88038000052502241, 7.279843716438003653, 6.383307819505938063 ) ) ;
#2756 = DIRECTION ( 'NONE',  ( 1.000000000000000000, 0.000000000000000000, 0.000000000000000000 ) ) ;
#2757 = DIRECTION ( 'NONE',  ( 0.5496435935088902491, -0.8353992579088360682, 0.000000000000000000 ) ) ;
#2758 = APPROVAL ( #3745, '未指定' ) ;
#2759 = VECTOR ( 'NONE', #1895, 1000.000000000000000 ) ;
#2760 = CARTESIAN_POINT ( 'NONE',  ( -6.376773933753629109, -8.135259246422229751, 6.200000000000000178 ) ) ;
#2761 = DIRECTION ( 'NONE',  ( -0.000000000000000000, 0.000000000000000000, 1.000000000000000000 ) ) ;
#2762 = CYLINDRICAL_SURFACE ( 'NONE', #1844, 12.00000000000000178 ) ;
#2763 = DIRECTION ( 'NONE',  ( 1.000000000000000000, 0.000000000000000000, 0.000000000000000000 ) ) ;
#2764 = ADVANCED_FACE ( 'NONE', ( #330 ), #624, .T. ) ;
#2765 = EDGE_CURVE ( 'NONE', #3590, #3440, #1096, .T. ) ;
#2766 = ORIENTED_EDGE ( 'NONE', *, *, #90, .F. ) ;
#2767 = ORIENTED_EDGE ( 'NONE', *, *, #859, .T. ) ;
#2768 = DIRECTION ( 'NONE',  ( -0.000000000000000000, -0.000000000000000000, -1.000000000000000000 ) ) ;
#2769 = CARTESIAN_POINT ( 'NONE',  ( 0.000000000000000000, 0.000000000000000000, 6.200000000000000178 ) ) ;
#2770 = ORIENTED_EDGE ( 'NONE', *, *, #1979, .T. ) ;
#2771 = ORIENTED_EDGE ( 'NONE', *, *, #3880, .T. ) ;
#2772 = DATE_AND_TIME ( #638, #2376 ) ;
#2773 = CARTESIAN_POINT ( 'NONE',  ( 5.500000000000000000, 0.000000000000000000, 5.200000000000001066 ) ) ;
#2774 = CARTESIAN_POINT ( 'NONE',  ( -12.80000000000000249, 0.000000000000000000, 6.200000000000000178 ) ) ;
#2775 = CARTESIAN_POINT ( 'NONE',  ( 47.77184834339092845, -14.91004388350338061, -4.336808689942017736E-16 ) ) ;
#2776 = DIRECTION ( 'NONE',  ( -0.000000000000000000, 0.000000000000000000, 1.000000000000000000 ) ) ;
#2777 = LINE ( 'NONE', #49, #3419 ) ;
#2778 = DIRECTION ( 'NONE',  ( -0.9657851516711897233, 0.2593434803719910642, -0.000000000000000000 ) ) ;
#2779 = ADVANCED_FACE ( 'NONE', ( #954 ), #3346, .T. ) ;
#2780 = DIRECTION ( 'NONE',  ( -0.000000000000000000, -0.000000000000000000, -1.000000000000000000 ) ) ;
#2781 = VERTEX_POINT ( 'NONE', #64 ) ;
#2782 = EDGE_LOOP ( 'NONE', ( #1449, #3133, #1321, #1932, #805, #1433 ) ) ;
#2783 = DIRECTION ( 'NONE',  ( 0.000000000000000000, -0.000000000000000000, -1.000000000000000000 ) ) ;
#2784 = LINE ( 'NONE', #1265, #3445 ) ;
#2785 = VERTEX_POINT ( 'NONE', #6 ) ;
#2786 = ORIENTED_EDGE ( 'NONE', *, *, #2221, .F. ) ;
#2787 = EDGE_CURVE ( 'NONE', #1066, #1356, #1990, .T. ) ;
#2788 = DATE_AND_TIME ( #3437, #1736 ) ;
#2789 = DIRECTION ( 'NONE',  ( 1.000000000000000000, 0.000000000000000000, 0.000000000000000000 ) ) ;
#2790 = DIRECTION ( 'NONE',  ( -0.000000000000000000, -0.000000000000000000, 1.000000000000000000 ) ) ;
#2791 = AXIS2_PLACEMENT_3D ( 'NONE', #625, #2899, #2306 ) ;
#2792 = CARTESIAN_POINT ( 'NONE',  ( 75.09163782227770412, -0.9469150920101747637, 6.062132136959217377 ) ) ;
#2793 = VECTOR ( 'NONE', #835, 1000.000000000000000 ) ;
#2794 = FACE_OUTER_BOUND ( 'NONE', #2324, .T. ) ;
#2795 = CIRCLE ( 'NONE', #826, 3.762221576582363003 ) ;
#2796 = CIRCLE ( 'NONE', #2863, 6.500000000000000000 ) ;
#2797 = VERTEX_POINT ( 'NONE', #923 ) ;
#2798 = ORIENTED_EDGE ( 'NONE', *, *, #2378, .F. ) ;
#2799 = DIRECTION ( 'NONE',  ( -0.7465886686138771822, 0.6652859234174118841, 0.000000000000000000 ) ) ;
#2800 = CARTESIAN_POINT ( 'NONE',  ( 77.25153723044969922, -11.46879986611805435, 1.000000000000000888 ) ) ;
#2801 = AXIS2_PLACEMENT_3D ( 'NONE', #3916, #3069, #3025 ) ;
#2802 = CIRCLE ( 'NONE', #2303, 1.499999999999999778 ) ;
#2803 = ORIENTED_EDGE ( 'NONE', *, *, #3405, .T. ) ;
#2804 = ADVANCED_FACE ( 'NONE', ( #1500 ), #875, .T. ) ;
#2805 = ORIENTED_EDGE ( 'NONE', *, *, #7, .F. ) ;
#2806 = VECTOR ( 'NONE', #2555, 1000.000000000000000 ) ;
#2807 = COORDINATED_UNIVERSAL_TIME_OFFSET ( 8, 0, .AHEAD. ) ;
#2808 = DIRECTION ( 'NONE',  ( 1.000000000000000000, 0.000000000000000000, 0.000000000000000000 ) ) ;
#2809 = DIRECTION ( 'NONE',  ( -0.9657851516711896123, 0.2593434803719908976, -0.000000000000000000 ) ) ;
#2810 = CIRCLE ( 'NONE', #1919, 3.762221576582363891 ) ;
#2811 = VERTEX_POINT ( 'NONE', #2774 ) ;
#2812 = EDGE_CURVE ( 'NONE', #22, #1400, #2619, .T. ) ;
#2813 = AXIS2_PLACEMENT_3D ( 'NONE', #1547, #2124, #3696 ) ;
#2814 = ORIENTED_EDGE ( 'NONE', *, *, #3386, .T. ) ;
#2815 = DIRECTION ( 'NONE',  ( -0.000000000000000000, 0.000000000000000000, 1.000000000000000000 ) ) ;
#2816 = B_SPLINE_CURVE_WITH_KNOTS ( 'NONE', 3,
 ( #2576, #1299, #999, #2501, #3168, #1984 ),
 .UNSPECIFIED., .F., .F.,
 ( 4, 2, 4 ),
 ( 0.000000000000000000, 0.002395450196218847083, 0.004790900392437694166 ),
 .UNSPECIFIED. ) ;
#2817 = CARTESIAN_POINT ( 'NONE',  ( 0.000000000000000000, 0.000000000000000000, 6.200000000000000178 ) ) ;
#2818 = VECTOR ( 'NONE', #209, 1000.000000000000000 ) ;
#2819 = CARTESIAN_POINT ( 'NONE',  ( -9.412581462727702686, -7.443339990052506572, 6.200000000000000178 ) ) ;
#2820 = CARTESIAN_POINT ( 'NONE',  ( 43.50842434716574303, -2.501587538166651026, 6.199999999999996625 ) ) ;
#2821 = CARTESIAN_POINT ( 'NONE',  ( 48.80136665214694602, 3.187049985882191017, 6.200000000000000178 ) ) ;
#2822 = ORIENTED_EDGE ( 'NONE', *, *, #3534, .T. ) ;
#2823 = CARTESIAN_POINT ( 'NONE',  ( -6.934274570223737832, -9.793663062651708273, 6.200000000000000178 ) ) ;
#2824 = ORIENTED_EDGE ( 'NONE', *, *, #2498, .T. ) ;
#2825 = ORIENTED_EDGE ( 'NONE', *, *, #306, .T. ) ;
#2826 = EDGE_CURVE ( 'NONE', #600, #1194, #2440, .T. ) ;
#2827 = PERSON_AND_ORGANIZATION ( #3064, #213 ) ;
#2828 = DIRECTION ( 'NONE',  ( -0.000000000000000000, 0.000000000000000000, 1.000000000000000000 ) ) ;
#2829 = DIRECTION ( 'NONE',  ( -0.6548607339452887643, 0.7557495743542551603, 0.000000000000000000 ) ) ;
#2830 = ORIENTED_EDGE ( 'NONE', *, *, #2977, .T. ) ;
#2831 = EDGE_LOOP ( 'NONE', ( #3841, #1174, #459, #770 ) ) ;
#2832 = ADVANCED_FACE ( 'NONE', ( #3656 ), #311, .F. ) ;
#2833 = LINE ( 'NONE', #105, #20 ) ;
#2834 = DIRECTION ( 'NONE',  ( -0.000000000000000000, 0.000000000000000000, 1.000000000000000000 ) ) ;
#2835 = CARTESIAN_POINT ( 'NONE',  ( 0.000000000000000000, 0.000000000000000000, 1.000000000000000000 ) ) ;
#2836 = EDGE_CURVE ( 'NONE', #1531, #161, #1549, .T. ) ;
#2837 = FACE_OUTER_BOUND ( 'NONE', #1192, .T. ) ;
#2838 = CARTESIAN_POINT ( 'NONE',  ( 52.47879434007588628, 5.746568442110225661, 6.340376683041048622 ) ) ;
#2839 = ORIENTED_EDGE ( 'NONE', *, *, #761, .F. ) ;
#2840 = FACE_OUTER_BOUND ( 'NONE', #2484, .T. ) ;
#2841 = CARTESIAN_POINT ( 'NONE',  ( 72.48516240147687029, 2.196892596228648298, 5.595654630547984176 ) ) ;
#2842 = ORIENTED_EDGE ( 'NONE', *, *, #2856, .T. ) ;
#2843 = VERTEX_POINT ( 'NONE', #585 ) ;
#2844 = PERSON_AND_ORGANIZATION_ROLE ( 'creator' ) ;
#2845 = DIRECTION ( 'NONE',  ( -0.6548607339452887643, 0.7557495743542551603, 0.000000000000000000 ) ) ;
#2846 = EDGE_CURVE ( 'NONE', #753, #271, #3371, .T. ) ;
#2847 = ORIENTED_EDGE ( 'NONE', *, *, #2765, .T. ) ;
#2848 = ORIENTED_EDGE ( 'NONE', *, *, #41, .T. ) ;
#2849 = DIRECTION ( 'NONE',  ( 1.000000000000000000, 0.000000000000000000, 0.000000000000000000 ) ) ;
#2850 = EDGE_CURVE ( 'NONE', #348, #775, #2473, .T. ) ;
#2851 = LINE ( 'NONE', #1659, #3424 ) ;
#2852 = AXIS2_PLACEMENT_3D ( 'NONE', #2140, #8, #3516 ) ;
#2853 = DIRECTION ( 'NONE',  ( -0.000000000000000000, 0.000000000000000000, 1.000000000000000000 ) ) ;
#2854 = CIRCLE ( 'NONE', #1647, 1.000000000000002442 ) ;
#2855 = LINE ( 'NONE', #1609, #3554 ) ;
#2856 = EDGE_CURVE ( 'NONE', #1704, #2450, #3573, .T. ) ;
#2857 = ORIENTED_EDGE ( 'NONE', *, *, #3430, .T. ) ;
#2858 = CARTESIAN_POINT ( 'NONE',  ( 60.69653228021559954, -5.321862588783908166, 13.69115803317086311 ) ) ;
#2859 = CARTESIAN_POINT ( 'NONE',  ( 48.22080162001903147, 4.001263866548891990, 6.199999999999998401 ) ) ;
#2860 = CARTESIAN_POINT ( 'NONE',  ( -10.68082785797387224, 5.469910078632857164, 6.200000000000000178 ) ) ;
#2861 = CIRCLE ( 'NONE', #1144, 1.050000000000703260 ) ;
#2862 = ORIENTED_EDGE ( 'NONE', *, *, #3934, .T. ) ;
#2863 = AXIS2_PLACEMENT_3D ( 'NONE', #3034, #2128, #319 ) ;
#2864 = ORIENTED_EDGE ( 'NONE', *, *, #268, .T. ) ;
#2865 = CARTESIAN_POINT ( 'NONE',  ( 0.000000000000000000, 0.000000000000000000, 1.000000000000000000 ) ) ;
#2866 = DIRECTION ( 'NONE',  ( 0.000000000000000000, -0.000000000000000000, -1.000000000000000000 ) ) ;
#2867 = VECTOR ( 'NONE', #2710, 1000.000000000000000 ) ;
#2868 = DIRECTION ( 'NONE',  ( -0.8412535328311842031, 0.5406408174555928925, 0.000000000000000000 ) ) ;
#2869 = VERTEX_POINT ( 'NONE', #937 ) ;
#2870 = VECTOR ( 'NONE', #2809, 1000.000000000000114 ) ;
#2871 = CARTESIAN_POINT ( 'NONE',  ( 68.31347675308762746, 5.237568472165366806, 5.985336042947616342 ) ) ;
#2872 = CARTESIAN_POINT ( 'NONE',  ( -4.751084474448957096, 9.180026422911224060, 0.000000000000000000 ) ) ;
#2873 = VECTOR ( 'NONE', #1339, 1000.000000000000000 ) ;
#2874 = AXIS2_PLACEMENT_3D ( 'NONE', #1783, #804, #2019 ) ;
#2875 = CARTESIAN_POINT ( 'NONE',  ( -4.606854249492021935, 5.656854249492139886, 0.000000000000000000 ) ) ;
#2876 = VECTOR ( 'NONE', #3158, 1000.000000000000000 ) ;
#2877 = CARTESIAN_POINT ( 'NONE',  ( -8.410437171827107150, -6.009179260718303439, 6.200000000000000178 ) ) ;
#2878 = AXIS2_PLACEMENT_3D ( 'NONE', #3418, #152, #1036 ) ;
#2879 = EDGE_CURVE ( 'NONE', #1996, #291, #1155, .T. ) ;
#2880 = CARTESIAN_POINT ( 'NONE',  ( 77.25153723044969922, -11.46879986611805435, 6.200000000000000178 ) ) ;
#2881 = ADVANCED_FACE ( 'NONE', ( #902 ), #2120, .T. ) ;
#2882 = CIRCLE ( 'NONE', #26, 9.750000000000000000 ) ;
#2883 = CARTESIAN_POINT ( 'NONE',  ( 0.000000000000000000, 0.000000000000000000, 6.200000000000000178 ) ) ;
#2884 = VERTEX_POINT ( 'NONE', #1649 ) ;
#2885 = CARTESIAN_POINT ( 'NONE',  ( 56.46147869509609052, -21.09303934315430240, 0.9869697850114953486 ) ) ;
#2886 = CARTESIAN_POINT ( 'NONE',  ( 50.86658032924287198, 5.597697823891476077, 6.016251519736687037 ) ) ;
#2887 = EDGE_CURVE ( 'NONE', #2352, #119, #530, .T. ) ;
#2888 = ORIENTED_EDGE ( 'NONE', *, *, #2567, .F. ) ;
#2889 = ORIENTED_EDGE ( 'NONE', *, *, #2294, .T. ) ;
#2890 = DIRECTION ( 'NONE',  ( -1.000000000000000000, 0.000000000000000000, 0.000000000000000000 ) ) ;
#2891 = DIRECTION ( 'NONE',  ( -0.000000000000000000, -0.000000000000000000, 1.000000000000000000 ) ) ;
#2892 = ORIENTED_EDGE ( 'NONE', *, *, #1496, .T. ) ;
#2893 = ORIENTED_EDGE ( 'NONE', *, *, #3455, .F. ) ;
#2894 = CARTESIAN_POINT ( 'NONE',  ( 8.000000000000339284, 3.395909370058713179E-13, 6.200000000000000178 ) ) ;
#2895 = CARTESIAN_POINT ( 'NONE',  ( -9.245380815148957154, 3.096035139153880067, 0.000000000000000000 ) ) ;
#2896 = CARTESIAN_POINT ( 'NONE',  ( 72.69013326549938370, -23.44394648763157463, 0.000000000000000000 ) ) ;
#2897 = CYLINDRICAL_SURFACE ( 'NONE', #1273, 3.762221576582363003 ) ;
#2898 = CARTESIAN_POINT ( 'NONE',  ( -5.656854249492281994, 5.656854249492139886, 0.000000000000000000 ) ) ;
#2899 = DIRECTION ( 'NONE',  ( -0.000000000000000000, 0.000000000000000000, 1.000000000000000000 ) ) ;
#2900 = ORIENTED_EDGE ( 'NONE', *, *, #2562, .F. ) ;
#2901 = CARTESIAN_POINT ( 'NONE',  ( 51.57862174079546946, 5.931913626503901860, 6.020270309770277883 ) ) ;
#2902 = CARTESIAN_POINT ( 'NONE',  ( 57.77864671262968699, 7.362591860337774463, 7.089258743422775844 ) ) ;
#2903 = ORIENTED_EDGE ( 'NONE', *, *, #837, .T. ) ;
#2904 = ORIENTED_EDGE ( 'NONE', *, *, #2959, .F. ) ;
#2905 = ADVANCED_FACE ( 'NONE', ( #3104 ), #1672, .T. ) ;
#2906 = CARTESIAN_POINT ( 'NONE',  ( -0.2267350114589756771, 9.747363296531975863, 6.200000000000000178 ) ) ;
#2907 = ORIENTED_EDGE ( 'NONE', *, *, #809, .F. ) ;
#2908 = VERTEX_POINT ( 'NONE', #1346 ) ;
#2909 = FACE_OUTER_BOUND ( 'NONE', #1713, .T. ) ;
#2910 = DIRECTION ( 'NONE',  ( -0.000000000000000000, -0.000000000000000000, -1.000000000000000000 ) ) ;
#2911 = CARTESIAN_POINT ( 'NONE',  ( -2.528598933626911904, -9.416405228794101134, 1.000000000000001776 ) ) ;
#2912 = DIRECTION ( 'NONE',  ( -0.000000000000000000, -0.000000000000000000, -1.000000000000000000 ) ) ;
#2913 = CARTESIAN_POINT ( 'NONE',  ( 62.99561314417473312, 3.239826171304565516, -4.336808689942017736E-16 ) ) ;
#2914 = DIRECTION ( 'NONE',  ( 1.000000000000000000, 0.000000000000000000, 0.000000000000000000 ) ) ;
#2915 = ORIENTED_EDGE ( 'NONE', *, *, #2787, .F. ) ;
#2916 = CARTESIAN_POINT ( 'NONE',  ( -8.959963588456274053, 5.154099465690963555, 0.000000000000000000 ) ) ;
#2917 = CARTESIAN_POINT ( 'NONE',  ( 47.59007349612868865, -15.97633792017079379, 6.949242479853731780 ) ) ;
#2918 = DIRECTION ( 'NONE',  ( -0.000000000000000000, 0.000000000000000000, 1.000000000000000000 ) ) ;
#2919 = CARTESIAN_POINT ( 'NONE',  ( 48.80136665214694602, 3.187049985882191017, 6.200000000000000178 ) ) ;
#2920 = AXIS2_PLACEMENT_3D ( 'NONE', #3525, #731, #3215 ) ;
#2921 = VERTEX_POINT ( 'NONE', #3766 ) ;
#2922 = ORIENTED_EDGE ( 'NONE', *, *, #1362, .T. ) ;
#2923 = FACE_OUTER_BOUND ( 'NONE', #452, .T. ) ;
#2924 = CARTESIAN_POINT ( 'NONE',  ( 73.28140009309429104, 0.4919631627086353820, 6.293525322751144735 ) ) ;
#2925 = AXIS2_PLACEMENT_3D ( 'NONE', #2589, #3532, #1999 ) ;
#2926 = VERTEX_POINT ( 'NONE', #3140 ) ;
#2927 = ORIENTED_EDGE ( 'NONE', *, *, #1711, .T. ) ;
#2928 = AXIS2_PLACEMENT_3D ( 'NONE', #3628, #328, #2756 ) ;
#2929 = CARTESIAN_POINT ( 'NONE',  ( 68.32544527721127281, 5.231071166810938422, 6.168063388310546458 ) ) ;
#2930 = DIRECTION ( 'NONE',  ( -0.000000000000000000, -0.000000000000000000, -1.000000000000000000 ) ) ;
#2931 = CARTESIAN_POINT ( 'NONE',  ( -5.656854249492281994, 5.656854249492139886, 6.200000000000000178 ) ) ;
#2932 = EDGE_CURVE ( 'NONE', #114, #1289, #1167, .T. ) ;
#2933 = DIRECTION ( 'NONE',  ( 0.6548607339452835463, 0.7557495743542594901, 0.000000000000000000 ) ) ;
#2934 = AXIS2_PLACEMENT_3D ( 'NONE', #2291, #3458, #3527 ) ;
#2935 = CARTESIAN_POINT ( 'NONE',  ( -1.972319854284031670, 10.14670602713487213, 6.200000000000000178 ) ) ;
#2936 = AXIS2_PLACEMENT_3D ( 'NONE', #3879, #868, #3600 ) ;
#2937 = AXIS2_PLACEMENT_3D ( 'NONE', #3026, #1198, #1878 ) ;
#2938 = VERTEX_POINT ( 'NONE', #1596 ) ;
#2939 = CARTESIAN_POINT ( 'NONE',  ( 66.06572567736303370, 2.056918248881307143, -4.336808689942017736E-16 ) ) ;
#2940 = CARTESIAN_POINT ( 'NONE',  ( 53.74926232746440746, -22.00797871207643297, 6.199999999999342926 ) ) ;
#2941 = CARTESIAN_POINT ( 'NONE',  ( 59.25153723044969212, -11.46879986611805435, 5.199999999999996625 ) ) ;
#2942 = FACE_OUTER_BOUND ( 'NONE', #944, .T. ) ;
#2943 = APPROVAL_PERSON_ORGANIZATION ( #3397, #1492, #83 ) ;
#2944 = AXIS2_PLACEMENT_3D ( 'NONE', #3328, #1821, #2732 ) ;
#2945 = ORIENTED_EDGE ( 'NONE', *, *, #1635, .T. ) ;
#2946 = ORIENTED_EDGE ( 'NONE', *, *, #1928, .T. ) ;
#2947 = ORIENTED_EDGE ( 'NONE', *, *, #2617, .F. ) ;
#2948 = EDGE_CURVE ( 'NONE', #3433, #349, #2499, .T. ) ;
#2949 = CARTESIAN_POINT ( 'NONE',  ( 59.71797309005575016, 7.548874444704379627, 6.060001589624511631 ) ) ;
#2950 = CARTESIAN_POINT ( 'NONE',  ( 71.75143701956616837, 1.454526354870440130, 6.464377455824472207 ) ) ;
#2951 = DIRECTION ( 'NONE',  ( 1.000000000000000000, 0.000000000000000000, 0.000000000000000000 ) ) ;
#2952 = DIRECTION ( 'NONE',  ( -0.000000000000000000, -0.000000000000000000, -1.000000000000000000 ) ) ;
#2953 = CARTESIAN_POINT ( 'NONE',  ( 49.40145192452281009, -5.234388252534749597, -6.179961564927448695E-12 ) ) ;
#2954 = EDGE_CURVE ( 'NONE', #3451, #425, #3839, .T. ) ;
#2955 = CARTESIAN_POINT ( 'NONE',  ( -2.367781342622153673, -8.424162798285033560, 0.000000000000000000 ) ) ;
#2956 = VERTEX_POINT ( 'NONE', #1050 ) ;
#2957 = CARTESIAN_POINT ( 'NONE',  ( 71.31968876375532318, -4.304481058778739211, -4.336808689942017736E-16 ) ) ;
#2958 = CARTESIAN_POINT ( 'NONE',  ( 45.56173887601705985, -7.320427250244293305, 7.122674401599567773 ) ) ;
#2959 = EDGE_CURVE ( 'NONE', #3433, #3118, #976, .T. ) ;
#2960 = CARTESIAN_POINT ( 'NONE',  ( -4.606854249491110664, -5.656854249492621278, 6.200000000000000178 ) ) ;
#2961 = CARTESIAN_POINT ( 'NONE',  ( -2.269255453254920507, -8.450620077122909635, 0.000000000000000000 ) ) ;
#2962 = ORIENTED_EDGE ( 'NONE', *, *, #1743, .F. ) ;
#2963 = CARTESIAN_POINT ( 'NONE',  ( 58.78843530026842501, 7.500765584545358244, 6.328634546540504502 ) ) ;
#2964 = CARTESIAN_POINT ( 'NONE',  ( 59.25153723044969212, -11.46879986611805435, 0.000000000000000000 ) ) ;
#2965 = CARTESIAN_POINT ( 'NONE',  ( 59.75556681195079989, 7.547879520845770074, 6.061968783009221262 ) ) ;
#2966 = VERTEX_POINT ( 'NONE', #380 ) ;
#2967 = ORIENTED_EDGE ( 'NONE', *, *, #3933, .T. ) ;
#2968 = CARTESIAN_POINT ( 'NONE',  ( 71.84998082770307803, 2.705164693152124489, 6.218276000188009078 ) ) ;
#2969 = DIRECTION ( 'NONE',  ( 1.000000000000000000, 0.000000000000000000, 0.000000000000000000 ) ) ;
#2970 = CARTESIAN_POINT ( 'NONE',  ( 65.33096995866993950, 6.536384694509534299, 6.216373515918256487 ) ) ;
#2971 = CARTESIAN_POINT ( 'NONE',  ( 48.26262996627750113, -9.798243444570106320, -1.913004509646023380E-13 ) ) ;
#2972 = CARTESIAN_POINT ( 'NONE',  ( 1.745135002398316093, 9.565838604633693620, 0.7369223197847314388 ) ) ;
#2973 = EDGE_CURVE ( 'NONE', #3647, #1965, #1660, .T. ) ;
#2974 = CARTESIAN_POINT ( 'NONE',  ( 46.41749558724363567, -2.833847443246744646, 7.223518467073014371 ) ) ;
#2975 = CARTESIAN_POINT ( 'NONE',  ( 73.27611496012620762, 1.349593929684162585, 7.200000000000001066 ) ) ;
#2976 = DIRECTION ( 'NONE',  ( 1.000000000000000000, 0.000000000000000000, 0.000000000000000000 ) ) ;
#2977 = EDGE_CURVE ( 'NONE', #3769, #1557, #1030, .T. ) ;
#2978 = AXIS2_PLACEMENT_3D ( 'NONE', #686, #2205, #705 ) ;
#2979 = ORIENTED_EDGE ( 'NONE', *, *, #1317, .T. ) ;
#2980 = CARTESIAN_POINT ( 'NONE',  ( -4.648450871385579219, -11.06308747575985940, 6.200000000000000178 ) ) ;
#2981 = AXIS2_PLACEMENT_3D ( 'NONE', #1456, #2078, #3896 ) ;
#2982 = ORIENTED_EDGE ( 'NONE', *, *, #550, .T. ) ;
#2983 = AXIS2_PLACEMENT_3D ( 'NONE', #1527, #1883, #2717 ) ;
#2984 = ORIENTED_EDGE ( 'NONE', *, *, #3502, .T. ) ;
#2985 = DIRECTION ( 'NONE',  ( -0.6548607339452821030, 0.7557495743542608224, 0.000000000000000000 ) ) ;
#2986 = AXIS2_PLACEMENT_3D ( 'NONE', #179, #3526, #813 ) ;
#2987 = CARTESIAN_POINT ( 'NONE',  ( -4.380276841034158153, -8.710664429071977466, 6.200000000000000178 ) ) ;
#2988 = CARTESIAN_POINT ( 'NONE',  ( 53.60636891421707872, 5.611809216628784291, 6.456298526329121934 ) ) ;
#2989 = DIRECTION ( 'NONE',  ( -0.4154150130018903764, 0.9096319953545165538, 0.000000000000000000 ) ) ;
#2990 = DIRECTION ( 'NONE',  ( 0.9657851516711896123, -0.2593434803719908976, 0.000000000000000000 ) ) ;
#2991 = CIRCLE ( 'NONE', #1015, 9.750000000000000000 ) ;
#2992 =( BOUNDED_CURVE ( )  B_SPLINE_CURVE ( 3, ( #1580, #3716, #646, #2716 ),
 .UNSPECIFIED., .F., .T. ) 
 B_SPLINE_CURVE_WITH_KNOTS ( ( 4, 4 ),
 ( 0.000000000000000000, 2.894415841876966766 ),
 .UNSPECIFIED. ) 
 CURVE ( )  GEOMETRIC_REPRESENTATION_ITEM ( )  RATIONAL_B_SPLINE_CURVE ( ( 1.000000000000000000, 0.4155160194804835561, 0.4155160194804835561, 1.000000000000000000 ) ) 
 REPRESENTATION_ITEM ( '' )  );
#2993 = CARTESIAN_POINT ( 'NONE',  ( 69.72349609939648474, -1.326105229037121580, -4.336808689942017736E-16 ) ) ;
#2994 = CIRCLE ( 'NONE', #3576, 12.00000000000000178 ) ;
#2995 = CARTESIAN_POINT ( 'NONE',  ( 46.45188454983804860, -2.814408502067324402, 6.200000000001373301 ) ) ;
#2996 = EDGE_CURVE ( 'NONE', #1874, #600, #2199, .T. ) ;
#2997 = DIRECTION ( 'NONE',  ( -1.000000000000000000, 0.000000000000000000, 0.000000000000000000 ) ) ;
#2998 = CIRCLE ( 'NONE', #1733, 3.762221576582363003 ) ;
#2999 = ORIENTED_EDGE ( 'NONE', *, *, #2836, .T. ) ;
#3000 = CARTESIAN_POINT ( 'NONE',  ( 80.24055275474404425, -28.93793812288908640, -4.336808689942017736E-16 ) ) ;
#3001 = ADVANCED_FACE ( 'NONE', ( #85 ), #2509, .T. ) ;
#3002 = EDGE_CURVE ( 'NONE', #1344, #3415, #3256, .T. ) ;
#3003 = VECTOR ( 'NONE', #3143, 1000.000000000000000 ) ;
#3004 = EDGE_LOOP ( 'NONE', ( #285, #771 ) ) ;
#3005 = VERTEX_POINT ( 'NONE', #990 ) ;
#3006 = CARTESIAN_POINT ( 'NONE',  ( -0.4909592881253760921, -8.928148144104289585, 0.000000000000000000 ) ) ;
#3007 = DIRECTION ( 'NONE',  ( 0.6548607339452836573, 0.7557495743542594901, 0.000000000000000000 ) ) ;
#3008 = DIRECTION ( 'NONE',  ( -0.000000000000000000, -0.000000000000000000, -1.000000000000000000 ) ) ;
#3009 = CARTESIAN_POINT ( 'NONE',  ( 52.73221643573199202, 5.361394061567973601, 7.435003402773689096 ) ) ;
#3010 = DIRECTION ( 'NONE',  ( 0.000000000000000000, 0.000000000000000000, 1.000000000000000000 ) ) ;
#3011 = CYLINDRICAL_SURFACE ( 'NONE', #3697, 3.762221576582363003 ) ;
#3012 = DIRECTION ( 'NONE',  ( 1.000000000000000000, 0.000000000000000000, 0.000000000000000000 ) ) ;
#3013 = DIRECTION ( 'NONE',  ( 1.000000000000000000, 0.000000000000000000, 0.000000000000000000 ) ) ;
#3014 = CARTESIAN_POINT ( 'NONE',  ( 43.50842434715565332, -2.501587538170899183, 1.154929423581238512E-15 ) ) ;
#3015 = EDGE_CURVE ( 'NONE', #2348, #3257, #464, .T. ) ;
#3016 =( BOUNDED_SURFACE ( )  B_SPLINE_SURFACE ( 3, 2, ( 
 ( #1707, #3847, #3088 ),
 ( #3763, #495, #1579 ),
 ( #3199, #2792, #3824 ),
 ( #2602, #2270, #1115 ),
 ( #3543, #1094, #2924 ),
 ( #732, #477, #163 ) ),
 .UNSPECIFIED., .F., .F., .T. ) 
 B_SPLINE_SURFACE_WITH_KNOTS ( ( 4, 2, 4 ),
 ( 3, 3 ),
 ( 0.000000000000000000, 0.002197191639373601620, 0.004394383278747203241 ),
 ( 0.000000000000000000, 1.000000000000000000 ),
 .UNSPECIFIED. ) 
 GEOMETRIC_REPRESENTATION_ITEM ( )  RATIONAL_B_SPLINE_SURFACE ( (
 ( 1.000000000000000000, 0.7071067811865463515, 1.000000000000000000),
 ( 1.000000000000000000, 0.7379916741544763070, 1.000000000000000000),
 ( 1.000000000000000000, 0.7662954418097630560, 1.000000000000000000),
 ( 1.000000000000000000, 0.8189276698951916122, 1.000000000000000000),
 ( 1.000000000000000000, 0.8432487423202321697, 1.000000000000000000),
 ( 1.000000000000000000, 0.8658398162085177985, 1.000000000000000000) ) ) 
 REPRESENTATION_ITEM ( '' )  SURFACE ( )  );
#3017 = ORIENTED_EDGE ( 'NONE', *, *, #3159, .T. ) ;
#3018 = ORIENTED_EDGE ( 'NONE', *, *, #474, .F. ) ;
#3019 = LINE ( 'NONE', #322, #2667 ) ;
#3020 = DIRECTION ( 'NONE',  ( 0.4154150130018842701, 0.9096319953545193293, 0.000000000000000000 ) ) ;
#3021 = ORIENTED_EDGE ( 'NONE', *, *, #2426, .T. ) ;
#3022 = EDGE_CURVE ( 'NONE', #1112, #1356, #3124, .T. ) ;
#3023 = EDGE_LOOP ( 'NONE', ( #692, #2093 ) ) ;
#3024 = CARTESIAN_POINT ( 'NONE',  ( 55.98148832137879083, 7.270720000366530655, 5.826448314892920699 ) ) ;
#3025 = DIRECTION ( 'NONE',  ( 1.000000000000000000, 0.000000000000000000, 0.000000000000000000 ) ) ;
#3026 = CARTESIAN_POINT ( 'NONE',  ( 2.269255453254920507, 8.450620077122911411, 5.200000000000000178 ) ) ;
#3027 = CARTESIAN_POINT ( 'NONE',  ( 54.81312870621277966, 6.254460399623706479, 6.603151237768400073 ) ) ;
#3028 = EDGE_CURVE ( 'NONE', #1327, #3781, #656, .T. ) ;
#3029 = DIRECTION ( 'NONE',  ( 0.000000000000000000, 0.000000000000000000, 1.000000000000000000 ) ) ;
#3030 = CARTESIAN_POINT ( 'NONE',  ( -4.728451967219454488, -10.29135985382434448, 0.000000000000000000 ) ) ;
#3031 = DIRECTION ( 'NONE',  ( -0.000000000000000000, -0.000000000000000000, 1.000000000000000000 ) ) ;
#3032 = DIRECTION ( 'NONE',  ( 1.000000000000000000, 0.000000000000000000, 0.000000000000000000 ) ) ;
#3033 = DIRECTION ( 'NONE',  ( -0.000000000000000000, -0.000000000000000000, 1.000000000000000000 ) ) ;
#3034 = CARTESIAN_POINT ( 'NONE',  ( 0.000000000000000000, 0.000000000000000000, 0.000000000000000000 ) ) ;
#3035 = CYLINDRICAL_SURFACE ( 'NONE', #1599, 3.762221576582363891 ) ;
#3036 = ORIENTED_EDGE ( 'NONE', *, *, #3282, .T. ) ;
#3037 = DIRECTION ( 'NONE',  ( -0.000000000000000000, -0.000000000000000000, -1.000000000000000000 ) ) ;
#3038 = DIRECTION ( 'NONE',  ( 0.000000000000000000, -0.9434112412789963376, 0.3316251344943916268 ) ) ;
#3039 = VERTEX_POINT ( 'NONE', #2434 ) ;
#3040 = ORIENTED_EDGE ( 'NONE', *, *, #3778, .T. ) ;
#3041 = VECTOR ( 'NONE', #3147, 1000.000000000000000 ) ;
#3042 = CARTESIAN_POINT ( 'NONE',  ( 0.000000000000000000, 0.000000000000000000, 6.200000000000000178 ) ) ;
#3043 = DIRECTION ( 'NONE',  ( 1.000000000000000000, 0.000000000000000000, 0.000000000000000000 ) ) ;
#3044 = EDGE_CURVE ( 'NONE', #1429, #3378, #2054, .T. ) ;
#3045 = DIRECTION ( 'NONE',  ( -0.000000000000000000, 0.000000000000000000, 1.000000000000000000 ) ) ;
#3046 = AXIS2_PLACEMENT_3D ( 'NONE', #1846, #3408, #372 ) ;
#3047 = CARTESIAN_POINT ( 'NONE',  ( 53.76104008115663646, -20.04738663341992932, 1.000322588322769324 ) ) ;
#3048 = CIRCLE ( 'NONE', #3234, 9.750000000000000000 ) ;
#3049 = EDGE_CURVE ( 'NONE', #2705, #1, #2882, .T. ) ;
#3050 = ADVANCED_FACE ( 'NONE', ( #2467 ), #40, .F. ) ;
#3051 = FACE_OUTER_BOUND ( 'NONE', #3586, .T. ) ;
#3052 = AXIS2_PLACEMENT_3D ( 'NONE', #3911, #1176, #2396 ) ;
#3053 = CARTESIAN_POINT ( 'NONE',  ( -2.269255453254920063, -8.450620077122909635, 1.000000000000000000 ) ) ;
#3054 = CARTESIAN_POINT ( 'NONE',  ( 73.25879094453057405, -13.65015065319451359, 7.146361030714691864 ) ) ;
#3055 = DIRECTION ( 'NONE',  ( 0.000000000000000000, 0.000000000000000000, 1.000000000000000000 ) ) ;
#3056 = CIRCLE ( 'NONE', #2361, 9.750000000000000000 ) ;
#3057 = AXIS2_PLACEMENT_3D ( 'NONE', #3786, #1948, #2868 ) ;
#3058 = ORIENTED_EDGE ( 'NONE', *, *, #1268, .F. ) ;
#3059 = ORIENTED_EDGE ( 'NONE', *, *, #2370, .F. ) ;
#3060 = DIRECTION ( 'NONE',  ( -0.000000000000000000, 0.000000000000000000, 1.000000000000000000 ) ) ;
#3061 = DIRECTION ( 'NONE',  ( -0.000000000000000000, 0.000000000000000000, 1.000000000000000000 ) ) ;
#3062 = CIRCLE ( 'NONE', #1335, 5.500000000000000000 ) ;
#3063 = AXIS2_PLACEMENT_3D ( 'NONE', #3634, #2201, #33 ) ;
#3064 = PERSON ( '未指定', '未指定', '未指定', ('未指定'), ('未指定'), ('未指定') ) ;
#3065 = ORIENTED_EDGE ( 'NONE', *, *, #3829, .F. ) ;
#3066 = ORIENTED_EDGE ( 'NONE', *, *, #524, .T. ) ;
#3067 = AXIS2_PLACEMENT_3D ( 'NONE', #1915, #3792, #400 ) ;
#3068 = PERSON_AND_ORGANIZATION ( #3064, #213 ) ;
#3069 = DIRECTION ( 'NONE',  ( -0.000000000000000000, 0.000000000000000000, 1.000000000000000000 ) ) ;
#3070 = DIRECTION ( 'NONE',  ( -1.000000000000000000, 0.000000000000000000, 0.000000000000000000 ) ) ;
#3071 = AXIS2_PLACEMENT_3D ( 'NONE', #56, #655, #3020 ) ;
#3072 = CARTESIAN_POINT ( 'NONE',  ( 56.09592396296434202, -22.45435111358932190, -4.336808689942017736E-16 ) ) ;
#3073 = DIRECTION ( 'NONE',  ( 1.000000000000000000, 0.000000000000000000, 0.000000000000000000 ) ) ;
#3074 = EDGE_CURVE ( 'NONE', #3415, #3781, #346, .T. ) ;
#3075 = DIRECTION ( 'NONE',  ( 0.9657851516711897233, -0.2593434803719908976, 0.000000000000000000 ) ) ;
#3076 = CARTESIAN_POINT ( 'NONE',  ( 75.47579820650828708, -9.379279273837838105, 6.200000000000000178 ) ) ;
#3077 = CARTESIAN_POINT ( 'NONE',  ( -0.4909592881253906360, -8.928148144104280703, 6.200000000000000178 ) ) ;
#3078 = ORIENTED_EDGE ( 'NONE', *, *, #3015, .T. ) ;
#3079 = EDGE_CURVE ( 'NONE', #3566, #1213, #911, .T. ) ;
#3080 = ORIENTED_EDGE ( 'NONE', *, *, #1307, .F. ) ;
#3081 = CARTESIAN_POINT ( 'NONE',  ( 72.69013326549938370, -23.44394648763157818, 5.200000000000000178 ) ) ;
#3082 = FACE_OUTER_BOUND ( 'NONE', #1131, .T. ) ;
#3083 = ORIENTED_EDGE ( 'NONE', *, *, #792, .T. ) ;
#3084 = ORIENTED_EDGE ( 'NONE', *, *, #3553, .F. ) ;
#3085 = DATE_AND_TIME ( #3725, #3444 ) ;
#3086 = DIRECTION ( 'NONE',  ( -0.000000000000000000, 0.000000000000000000, 1.000000000000000000 ) ) ;
#3087 = DIRECTION ( 'NONE',  ( 0.000000000000000000, -0.000000000000000000, -1.000000000000000000 ) ) ;
#3088 = CARTESIAN_POINT ( 'NONE',  ( 74.97945524817347973, -2.714795363734044287, 6.200000000000000178 ) ) ;
#3089 = LINE ( 'NONE', #3677, #964 ) ;
#3090 = PRODUCT_DEFINITION_SHAPE ( 'NONE', 'NONE',  #2200 ) ;
#3091 = CARTESIAN_POINT ( 'NONE',  ( 56.40402231839998848, -23.57205477278154859, 6.200000000000000178 ) ) ;
#3092 = CARTESIAN_POINT ( 'NONE',  ( 74.20681964512291984, -10.75971936714796051, 7.213606553611260352 ) ) ;
#3093 = DIRECTION ( 'NONE',  ( -0.000000000000000000, -0.000000000000000000, 1.000000000000000000 ) ) ;
#3094 = EDGE_CURVE ( 'NONE', #227, #1326, #647, .T. ) ;
#3095 = EDGE_LOOP ( 'NONE', ( #983, #37, #2228, #1107 ) ) ;
#3096 = CARTESIAN_POINT ( 'NONE',  ( -0.2267350114589757326, 9.747363296531977639, 6.200000000000000178 ) ) ;
#3097 = DIRECTION ( 'NONE',  ( -0.000000000000000000, -0.000000000000000000, -1.000000000000000000 ) ) ;
#3098 = ADVANCED_FACE ( 'NONE', ( #1889 ), #3374, .T. ) ;
#3099 = EDGE_LOOP ( 'NONE', ( #1303, #721, #1693, #1949, #1475, #3258, #2316, #1381, #1568, #836 ) ) ;
#3100 = EDGE_LOOP ( 'NONE', ( #2904, #3802, #2464, #1497 ) ) ;
#3101 = DIRECTION ( 'NONE',  ( -0.000000000000000000, 0.000000000000000000, 1.000000000000000000 ) ) ;
#3102 = PERSON_AND_ORGANIZATION_ROLE ( 'creator' ) ;
#3103 = CARTESIAN_POINT ( 'NONE',  ( 58.79375793197784361, 7.477317774030241893, 6.974675255766142890 ) ) ;
#3104 = FACE_OUTER_BOUND ( 'NONE', #1390, .T. ) ;
#3105 = ORIENTED_EDGE ( 'NONE', *, *, #1933, .F. ) ;
#3106 = CIRCLE ( 'NONE', #2791, 9.750000000000000000 ) ;
#3107 = ORIENTED_EDGE ( 'NONE', *, *, #1518, .F. ) ;
#3108 = DIRECTION ( 'NONE',  ( 0.7465886686138771822, -0.6652859234174118841, 0.000000000000000000 ) ) ;
#3109 = AXIS2_PLACEMENT_3D ( 'NONE', #3053, #3075, #886 ) ;
#3110 = DIRECTION ( 'NONE',  ( 1.000000000000000000, 0.000000000000000000, 0.000000000000000000 ) ) ;
#3111 = DIRECTION ( 'NONE',  ( -1.000000000000000000, 0.000000000000000000, 0.000000000000000000 ) ) ;
#3112 = EDGE_CURVE ( 'NONE', #753, #1586, #1873, .T. ) ;
#3113 = ORIENTED_EDGE ( 'NONE', *, *, #312, .T. ) ;
#3114 = DIRECTION ( 'NONE',  ( 0.08870069432740625148, 0.3303179759963837392, 0.9396926207859080948 ) ) ;
#3115 = CARTESIAN_POINT ( 'NONE',  ( 50.88747500681410685, 5.311171655903645927, 6.200000000000000178 ) ) ;
#3116 = TOROIDAL_SURFACE ( 'NONE', #1399, 8.750000000000000000, 1.000000000000000000 ) ;
#3117 = VERTEX_POINT ( 'NONE', #3650 ) ;
#3118 = VERTEX_POINT ( 'NONE', #1511 ) ;
#3119 = ADVANCED_FACE ( 'NONE', ( #3082 ), #1534, .T. ) ;
#3120 = AXIS2_PLACEMENT_3D ( 'NONE', #2725, #2689, #225 ) ;
#3121 = AXIS2_PLACEMENT_3D ( 'NONE', #3840, #2081, #3012 ) ;
#3122 = PERSON_AND_ORGANIZATION_ROLE ( 'classification_officer' ) ;
#3123 = CARTESIAN_POINT ( 'NONE',  ( 77.25153723044969922, -11.46879986611805435, 0.000000000000000000 ) ) ;
#3124 = LINE ( 'NONE', #118, #1225 ) ;
#3125 = AXIS2_PLACEMENT_3D ( 'NONE', #1997, #3530, #818 ) ;
#3126 = AXIS2_PLACEMENT_3D ( 'NONE', #2177, #2711, #2442 ) ;
#3127 = ORIENTED_EDGE ( 'NONE', *, *, #3196, .T. ) ;
#3128 = VECTOR ( 'NONE', #2723, 1000.000000000000000 ) ;
#3129 = FACE_OUTER_BOUND ( 'NONE', #3688, .T. ) ;
#3130 = DIRECTION ( 'NONE',  ( 1.000000000000000000, 0.000000000000000000, 0.000000000000000000 ) ) ;
#3131 = DIRECTION ( 'NONE',  ( -0.000000000000000000, -0.000000000000000000, -1.000000000000000000 ) ) ;
#3132 = DIRECTION ( 'NONE',  ( -0.9657851516711896123, 0.2593434803719908421, -0.000000000000000000 ) ) ;
#3133 = ORIENTED_EDGE ( 'NONE', *, *, #377, .F. ) ;
#3134 = CARTESIAN_POINT ( 'NONE',  ( 57.80756826683841609, -21.82646041207307164, 5.855032475188279473E-12 ) ) ;
#3135 = CARTESIAN_POINT ( 'NONE',  ( 50.38475300048888528, 3.541923331683675347, 7.382621752374237012 ) ) ;
#3136 = EDGE_CURVE ( 'NONE', #2811, #1195, #1486, .T. ) ;
#3137 = VERTEX_POINT ( 'NONE', #2194 ) ;
#3138 = EDGE_LOOP ( 'NONE', ( #1891, #2915 ) ) ;
#3139 = CARTESIAN_POINT ( 'NONE',  ( -5.656854249491801490, -5.656854249492621278, 6.200000000000000178 ) ) ;
#3140 = CARTESIAN_POINT ( 'NONE',  ( 52.39896090880216661, 6.252435919119829322, 5.480753366082102396 ) ) ;
#3141 = EDGE_CURVE ( 'NONE', #1950, #3848, #1993, .T. ) ;
#3142 = ORIENTED_EDGE ( 'NONE', *, *, #2996, .F. ) ;
#3143 = DIRECTION ( 'NONE',  ( -0.000000000000000000, -0.000000000000000000, -1.000000000000000000 ) ) ;
#3144 = FACE_OUTER_BOUND ( 'NONE', #1759, .T. ) ;
#3145 = DIRECTION ( 'NONE',  ( 1.000000000000000000, 0.000000000000000000, 0.000000000000000000 ) ) ;
#3146 = DIRECTION ( 'NONE',  ( 1.000000000000000000, 0.000000000000000000, 0.000000000000000000 ) ) ;
#3147 = DIRECTION ( 'NONE',  ( -0.000000000000000000, -0.000000000000000000, 1.000000000000000000 ) ) ;
#3148 = ORIENTED_EDGE ( 'NONE', *, *, #2375, .T. ) ;
#3149 = CARTESIAN_POINT ( 'NONE',  ( 52.73221643573198492, 5.361394061567977154, 7.435003402773696202 ) ) ;
#3150 = CARTESIAN_POINT ( 'NONE',  ( -2.371322819465879306, -8.556834691271625104, 6.200000000000000178 ) ) ;
#3151 = ORIENTED_EDGE ( 'NONE', *, *, #3616, .T. ) ;
#3152 = EDGE_LOOP ( 'NONE', ( #657, #2528, #182, #1474 ) ) ;
#3153 = CC_DESIGN_DATE_AND_TIME_ASSIGNMENT ( #2788, #951, ( #1283 ) ) ;
#3154 = FACE_OUTER_BOUND ( 'NONE', #1508, .T. ) ;
#3155 = LINE ( 'NONE', #431, #3764 ) ;
#3156 = ORIENTED_EDGE ( 'NONE', *, *, #253, .T. ) ;
#3157 = ORIENTED_EDGE ( 'NONE', *, *, #1837, .T. ) ;
#3158 = DIRECTION ( 'NONE',  ( -0.000000000000000000, -0.000000000000000000, -1.000000000000000000 ) ) ;
#3159 = EDGE_CURVE ( 'NONE', #1675, #1309, #1413, .T. ) ;
#3160 = CARTESIAN_POINT ( 'NONE',  ( 70.26010610383198696, 3.833772065899882175, 6.402730172445798118 ) ) ;
#3161 = CARTESIAN_POINT ( 'NONE',  ( -3.714609627610715670, 9.014664459338561642, 6.200000000000000178 ) ) ;
#3162 = DIRECTION ( 'NONE',  ( -1.000000000000000000, 0.000000000000000000, 0.000000000000000000 ) ) ;
#3163 = EDGE_CURVE ( 'NONE', #161, #1531, #1922, .T. ) ;
#3164 = CLOSED_SHELL ( 'NONE', ( #1182, #2905, #3186, #3692, #563, #3050, #136, #2174, #2660, #2350, #3357, #3671, #1341, #1104, #3588, #2653, #1395, #1957, #3907, #354, #2779, #2108, #3001, #3645, #2301, #3486, #2534, #1472, #575, #13, #3269, #108, #3805, #1224, #2176, #3216, #2611, #603, #3119, #125, #1437, #334, #783, #3098, #2764, #1078, #3343, #3789, #3759, #1367, #1355, #2665, #3390, #288, #1275, #1230, #831, #541, #1972, #3800, #1134, #1313, #2471, #2804, #53, #3733, #398, #2832, #2151, #1882, #21, #1441, #1415, #2881, #3212, #2320, #3363, #706, #2579, #416, #717, #3287, #1447, #1709, #1789, #2400, #3243, #3838, #855, #644, #2025, #815, #1297, #3923, #3261, #1691, #1196, #864, #1251, #3709, #754 ) ) ;
#3165 = CARTESIAN_POINT ( 'NONE',  ( 4.606854249492434938, -5.656854249492140774, 0.000000000000000000 ) ) ;
#3166 = TOROIDAL_SURFACE ( 'NONE', #2535, 18.00000000000000355, 1.000000000000000000 ) ;
#3167 = B_SPLINE_CURVE_WITH_KNOTS ( 'NONE', 3,
 ( #1702, #2624, #1877, #1291, #2492, #2919 ),
 .UNSPECIFIED., .F., .F.,
 ( 4, 2, 4 ),
 ( 8.182674270850422113E-18, 0.002241547266831937172, 0.004483094533663865670 ),
 .UNSPECIFIED. ) ;
#3168 = CARTESIAN_POINT ( 'NONE',  ( 51.65937110235524443, 5.966445954491522485, 5.386383847216678511 ) ) ;
#3169 = EDGE_LOOP ( 'NONE', ( #2331, #672, #3495, #1790, #915, #3359, #1924, #3807, #869, #3017, #2655, #2397, #2862, #3179, #2721, #3066, #409, #3461, #2438, #3945, #695, #1670, #1375, #3197, #3755, #2371, #175, #3151, #3686, #3237, #1361, #986, #3232, #582, #2708, #139, #1097, #1388, #2235, #796, #1974, #631, #3890, #3078, #1034, #3555, #2559, #3541, #3536, #2292, #3040, #1585, #1412, #475, #177 ) ) ;
#3170 = CARTESIAN_POINT ( 'NONE',  ( 63.37740044425467545, -27.11422469358671350, 1.000000000000000000 ) ) ;
#3171 = CARTESIAN_POINT ( 'NONE',  ( 8.000000000000339284, 3.395909370058713179E-13, 0.000000000000000000 ) ) ;
#3172 = AXIS2_PLACEMENT_3D ( 'NONE', #2461, #1281, #3013 ) ;
#3173 = ORIENTED_EDGE ( 'NONE', *, *, #736, .T. ) ;
#3174 = AXIS2_PLACEMENT_3D ( 'NONE', #3206, #1419, #2933 ) ;
#3175 = ORIENTED_EDGE ( 'NONE', *, *, #232, .F. ) ;
#3176 = DIRECTION ( 'NONE',  ( -0.000000000000000000, -0.000000000000000000, -1.000000000000000000 ) ) ;
#3177 = AXIS2_PLACEMENT_3D ( 'NONE', #1716, #2930, #2338 ) ;
#3178 = VERTEX_POINT ( 'NONE', #1847 ) ;
#3179 = ORIENTED_EDGE ( 'NONE', *, *, #1766, .T. ) ;
#3180 = VECTOR ( 'NONE', #3925, 1000.000000000000000 ) ;
#3181 = CARTESIAN_POINT ( 'NONE',  ( 62.53669633240573233, 7.268076384443283189, 6.218119486774384974 ) ) ;
#3182 = DIRECTION ( 'NONE',  ( -0.000000000000000000, -0.000000000000000000, -1.000000000000000000 ) ) ;
#3183 = CIRCLE ( 'NONE', #3706, 1.050000000000253841 ) ;
#3184 = EDGE_CURVE ( 'NONE', #1992, #1773, #2784, .T. ) ;
#3185 = VECTOR ( 'NONE', #978, 1000.000000000000000 ) ;
#3186 = ADVANCED_FACE ( 'NONE', ( #969 ), #1738, .T. ) ;
#3187 = CARTESIAN_POINT ( 'NONE',  ( -5.500000000000000000, 6.735557395310442023E-16, -3.800000000000000266 ) ) ;
#3188 = AXIS2_PLACEMENT_3D ( 'NONE', #2493, #1857, #3362 ) ;
#3189 = CARTESIAN_POINT ( 'NONE',  ( -9.615881436223880030, -1.611621607104151366, 6.200000000000000178 ) ) ;
#3190 = EDGE_CURVE ( 'NONE', #1704, #1871, #3311, .T. ) ;
#3191 = AXIS2_PLACEMENT_3D ( 'NONE', #3338, #634, #917 ) ;
#3192 = CARTESIAN_POINT ( 'NONE',  ( -12.52788697591600986, 2.540997260946908032, 6.200000000000000178 ) ) ;
#3193 = ORIENTED_EDGE ( 'NONE', *, *, #262, .T. ) ;
#3194 = FACE_OUTER_BOUND ( 'NONE', #3601, .T. ) ;
#3195 = CARTESIAN_POINT ( 'NONE',  ( 6.791818740117426359E-13, -8.000000000000000000, 6.200000000000000178 ) ) ;
#3196 = EDGE_CURVE ( 'NONE', #227, #1158, #1830, .T. ) ;
#3197 = ORIENTED_EDGE ( 'NONE', *, *, #1177, .T. ) ;
#3198 = EDGE_LOOP ( 'NONE', ( #2347, #111, #1514, #1832 ) ) ;
#3199 = CARTESIAN_POINT ( 'NONE',  ( 75.05587527617480248, -0.8943909923944268758, 5.224064293868067033 ) ) ;
#3200 = ORIENTED_EDGE ( 'NONE', *, *, #1868, .F. ) ;
#3201 = VERTEX_POINT ( 'NONE', #1612 ) ;
#3202 = CARTESIAN_POINT ( 'NONE',  ( 0.000000000000000000, 0.000000000000000000, 6.200000000000000178 ) ) ;
#3203 = CARTESIAN_POINT ( 'NONE',  ( 73.43672193411326532, -24.10923241104898906, 5.199999999999996625 ) ) ;
#3204 = CARTESIAN_POINT ( 'NONE',  ( 70.06028849472357933, 3.571923874065771276, 6.669817056538326128 ) ) ;
#3205 = CARTESIAN_POINT ( 'NONE',  ( -4.606854249491110664, -5.656854249492621278, -13.79999999999999893 ) ) ;
#3206 = CARTESIAN_POINT ( 'NONE',  ( -5.025630336801854448, 9.032647924419228147, 6.200000000000000178 ) ) ;
#3207 = CARTESIAN_POINT ( 'NONE',  ( 1.748767090068500396, 9.591887909306143101, 0.8672292613063661282 ) ) ;
#3208 = ORIENTED_EDGE ( 'NONE', *, *, #3939, .T. ) ;
#3209 = CARTESIAN_POINT ( 'NONE',  ( 68.35698533445092551, -18.90993519086947927, -4.336808689942017736E-16 ) ) ;
#3210 = CARTESIAN_POINT ( 'NONE',  ( 45.81980093538246024, -11.84307760889464056, 6.200000000000000178 ) ) ;
#3211 = DIRECTION ( 'NONE',  ( -0.000000000000000000, -0.000000000000000000, -1.000000000000000000 ) ) ;
#3212 = ADVANCED_FACE ( 'NONE', ( #1626 ), #95, .F. ) ;
#3213 = CARTESIAN_POINT ( 'NONE',  ( 59.25153723044969212, -11.46879986611805435, 5.199999999999996625 ) ) ;
#3214 = EDGE_LOOP ( 'NONE', ( #2542, #2196 ) ) ;
#3215 = DIRECTION ( 'NONE',  ( 1.000000000000000000, 7.709882115452480139E-16, 0.000000000000000000 ) ) ;
#3216 = ADVANCED_FACE ( 'NONE', ( #2840 ), #3798, .T. ) ;
#3217 = ORIENTED_EDGE ( 'NONE', *, *, #373, .F. ) ;
#3218 = ORIENTED_EDGE ( 'NONE', *, *, #3307, .F. ) ;
#3219 = DIRECTION ( 'NONE',  ( -1.000000000000000000, 0.000000000000000000, 0.000000000000000000 ) ) ;
#3220 = CARTESIAN_POINT ( 'NONE',  ( 69.50279177191069380, 4.414192226774661165, 6.380662206730165487 ) ) ;
#3221 = CYLINDRICAL_SURFACE ( 'NONE', #3177, 9.750000000000000000 ) ;
#3222 = CARTESIAN_POINT ( 'NONE',  ( 59.93705846895525013, 2.227409786531914015, 1.997437701741586302 ) ) ;
#3223 = CARTESIAN_POINT ( 'NONE',  ( 54.88549366816761932, 2.658361901801550076, -4.336808689942017736E-16 ) ) ;
#3224 = CYLINDRICAL_SURFACE ( 'NONE', #2307, 3.762221576582363891 ) ;
#3225 = VERTEX_POINT ( 'NONE', #1338 ) ;
#3226 = CARTESIAN_POINT ( 'NONE',  ( -2.277266001350169322, 10.08264590114086801, 0.000000000000000000 ) ) ;
#3227 = CARTESIAN_POINT ( 'NONE',  ( 46.37817344546544263, -13.28164679026653516, 6.999901197188033386 ) ) ;
#3228 = DIRECTION ( 'NONE',  ( -0.000000000000000000, -0.000000000000000000, 1.000000000000000000 ) ) ;
#3229 = VECTOR ( 'NONE', #633, 1000.000000000000000 ) ;
#3230 = EDGE_CURVE ( 'NONE', #738, #2869, #29, .T. ) ;
#3231 = ORIENTED_EDGE ( 'NONE', *, *, #2202, .T. ) ;
#3232 = ORIENTED_EDGE ( 'NONE', *, *, #2009, .T. ) ;
#3233 = CARTESIAN_POINT ( 'NONE',  ( 0.5386289757454962857, 11.98790552292131650, 6.200000000000000178 ) ) ;
#3234 = AXIS2_PLACEMENT_3D ( 'NONE', #2747, #3060, #1233 ) ;
#3235 = AXIS2_PLACEMENT_3D ( 'NONE', #2459, #3785, #1690 ) ;
#3236 = ORIENTED_EDGE ( 'NONE', *, *, #2636, .T. ) ;
#3237 = ORIENTED_EDGE ( 'NONE', *, *, #1317, .F. ) ;
#3238 = CIRCLE ( 'NONE', #1912, 3.762221576582363003 ) ;
#3239 = CARTESIAN_POINT ( 'NONE',  ( 61.59475181754147144, 7.409708373403782744, 6.191807621973032028 ) ) ;
#3240 = CARTESIAN_POINT ( 'NONE',  ( 0.000000000000000000, 0.000000000000000000, 0.000000000000000000 ) ) ;
#3241 = FACE_OUTER_BOUND ( 'NONE', #3326, .T. ) ;
#3242 = CARTESIAN_POINT ( 'NONE',  ( -10.28893766292894085, 6.175577848943564874, 0.000000000000000000 ) ) ;
#3243 = ADVANCED_FACE ( 'NONE', ( #3194 ), #1159, .T. ) ;
#3244 = CIRCLE ( 'NONE', #1854, 9.750000000000000000 ) ;
#3245 = CARTESIAN_POINT ( 'NONE',  ( 51.81628635074391553, -1.330088401649690555, 1.758371753711717833 ) ) ;
#3246 = VECTOR ( 'NONE', #2891, 1000.000000000000000 ) ;
#3247 = AXIS2_PLACEMENT_3D ( 'NONE', #1279, #2497, #682 ) ;
#3248 = LINE ( 'NONE', #2040, #2683 ) ;
#3249 = CIRCLE ( 'NONE', #2682, 0.9999999999999991118 ) ;
#3250 = AXIS2_PLACEMENT_3D ( 'NONE', #608, #295, #3070 ) ;
#3251 = ORIENTED_EDGE ( 'NONE', *, *, #2741, .F. ) ;
#3252 = CARTESIAN_POINT ( 'NONE',  ( 67.27525075639778152, -17.88443654063146937, 1.241628246288357440 ) ) ;
#3253 = CARTESIAN_POINT ( 'NONE',  ( 45.49319601698895355, -7.290385637732466506, 6.200000000000001066 ) ) ;
#3254 = CYLINDRICAL_SURFACE ( 'NONE', #2439, 9.750000000000000000 ) ;
#3255 = DIRECTION ( 'NONE',  ( 0.9594929736144972576, 0.2817325568414301151, 0.000000000000000000 ) ) ;
#3256 = CIRCLE ( 'NONE', #3585, 3.762221576582363003 ) ;
#3257 = VERTEX_POINT ( 'NONE', #2823 ) ;
#3258 = ORIENTED_EDGE ( 'NONE', *, *, #36, .T. ) ;
#3259 = CARTESIAN_POINT ( 'NONE',  ( 71.62423297617081630, 2.541520658578533709, 6.405756269762274080 ) ) ;
#3260 = DIRECTION ( 'NONE',  ( 1.000000000000000000, 0.000000000000000000, 0.000000000000000000 ) ) ;
#3261 = ADVANCED_FACE ( 'NONE', ( #1643 ), #1758, .T. ) ;
#3262 = ORIENTED_EDGE ( 'NONE', *, *, #3196, .F. ) ;
#3263 = VERTEX_POINT ( 'NONE', #1063 ) ;
#3264 = CARTESIAN_POINT ( 'NONE',  ( -0.04003029796723883010, -9.049236663125187263, 0.000000000000000000 ) ) ;
#3265 = CARTESIAN_POINT ( 'NONE',  ( -2.433910366342580289, -9.039156934153989909, 0.1976920962374122681 ) ) ;
#3266 = CYLINDRICAL_SURFACE ( 'NONE', #2186, 3.762221576582363003 ) ;
#3267 = CARTESIAN_POINT ( 'NONE',  ( 53.52956627935415668, 5.859792192294757562, 7.435542064725585654 ) ) ;
#3268 = CARTESIAN_POINT ( 'NONE',  ( 48.51839928719511619, -8.257968862379151176, 1.432844501960020889 ) ) ;
#3269 = ADVANCED_FACE ( 'NONE', ( #1941 ), #1963, .T. ) ;
#3270 = CARTESIAN_POINT ( 'NONE',  ( 1.643914850885500822, 9.101695803190859024, 6.076412539606675267 ) ) ;
#3271 = CARTESIAN_POINT ( 'NONE',  ( 64.57616031908717957, 2.815399885047430661, -4.336808689942017736E-16 ) ) ;
#3272 = CARTESIAN_POINT ( 'NONE',  ( 70.57822673205858166, -19.35218878324058167, 6.200000000000000178 ) ) ;
#3273 = DIRECTION ( 'NONE',  ( 1.099079834179962470E-17, -0.9434112412789963376, 0.3316251344943915713 ) ) ;
#3274 = CARTESIAN_POINT ( 'NONE',  ( 0.000000000000000000, 0.000000000000000000, 6.200000000000000178 ) ) ;
#3275 = ORIENTED_EDGE ( 'NONE', *, *, #3163, .T. ) ;
#3276 = CARTESIAN_POINT ( 'NONE',  ( 1.748767090068500618, 9.591887909306143101, 1.000000000000001776 ) ) ;
#3277 = DIRECTION ( 'NONE',  ( -0.000000000000000000, 0.000000000000000000, 1.000000000000000000 ) ) ;
#3278 = VERTEX_POINT ( 'NONE', #1002 ) ;
#3279 = ORIENTED_EDGE ( 'NONE', *, *, #2515, .T. ) ;
#3280 = CARTESIAN_POINT ( 'NONE',  ( 69.37099338582972052, 4.207840033494182563, 6.659135923149532843 ) ) ;
#3281 = CARTESIAN_POINT ( 'NONE',  ( 6.950000000000085443, 3.397195249197818264E-13, 6.200000000000000178 ) ) ;
#3282 = EDGE_CURVE ( 'NONE', #271, #753, #1663, .T. ) ;
#3283 = CARTESIAN_POINT ( 'NONE',  ( 54.39821647153414830, 6.051535142325776384, 6.567601535652651812 ) ) ;
#3284 = CYLINDRICAL_SURFACE ( 'NONE', #2981, 12.00000000000000178 ) ;
#3285 = CARTESIAN_POINT ( 'NONE',  ( 50.73455177269113392, -0.3045897514133754092, -4.336808689942017736E-16 ) ) ;
#3286 = FACE_OUTER_BOUND ( 'NONE', #3358, .T. ) ;
#3287 = ADVANCED_FACE ( 'NONE', ( #710 ), #122, .F. ) ;
#3288 = CARTESIAN_POINT ( 'NONE',  ( 70.57313781994379553, -10.95655607990617497, 1.567155498040177619 ) ) ;
#3289 = CARTESIAN_POINT ( 'NONE',  ( 59.38438309017493566, -23.05708386086376294, 6.865563023744638116 ) ) ;
#3290 = CARTESIAN_POINT ( 'NONE',  ( 59.25153723044969212, -11.46879986611805435, 6.200000000000000178 ) ) ;
#3291 = DIRECTION ( 'NONE',  ( -0.000000000000000000, -0.000000000000000000, 1.000000000000000000 ) ) ;
#3292 = ORIENTED_EDGE ( 'NONE', *, *, #3074, .F. ) ;
#3293 = EDGE_LOOP ( 'NONE', ( #461, #3820, #3864, #3883, #539 ) ) ;
#3294 = FACE_OUTER_BOUND ( 'NONE', #2393, .T. ) ;
#3295 = ORIENTED_EDGE ( 'NONE', *, *, #1124, .T. ) ;
#3296 = CIRCLE ( 'NONE', #2035, 1.050000000000524514 ) ;
#3297 = ORIENTED_EDGE ( 'NONE', *, *, #129, .F. ) ;
#3298 = APPLICATION_PROTOCOL_DEFINITION ( 'international standard', 'config_control_design', 1994, #267 ) ;
#3299 = CARTESIAN_POINT ( 'NONE',  ( -9.451552241617092065, -2.393879743007762961, 6.200000000000000178 ) ) ;
#3300 = CIRCLE ( 'NONE', #2543, 14.39999999999998259 ) ;
#3301 = CARTESIAN_POINT ( 'NONE',  ( 6.791818740117426359E-13, -8.000000000000000000, -13.79999999999999893 ) ) ;
#3302 = CARTESIAN_POINT ( 'NONE',  ( 58.78105163151747092, 7.520029100186519599, 6.223869034374033049 ) ) ;
#3303 = CARTESIAN_POINT ( 'NONE',  ( 62.99561314417473312, 3.239826171304569069, -4.336808689942017736E-16 ) ) ;
#3304 = CIRCLE ( 'NONE', #1978, 1.050000000000703260 ) ;
#3305 = B_SPLINE_CURVE_WITH_KNOTS ( 'NONE', 3,
 ( #490, #2561, #1402, #3861 ),
 .UNSPECIFIED., .F., .F.,
 ( 4, 4 ),
 ( 3.252606517456513302E-19, 0.0004676244797381227968 ),
 .UNSPECIFIED. ) ;
#3306 = PLANE ( 'NONE',  #1719 ) ;
#3307 = EDGE_CURVE ( 'NONE', #271, #2691, #3679, .T. ) ;
#3308 = CARTESIAN_POINT ( 'NONE',  ( 1.569108121640949705, 8.871045426933584110, 0.02536401843278532006 ) ) ;
#3309 = AXIS2_PLACEMENT_3D ( 'NONE', #1229, #3681, #1870 ) ;
#3310 = CARTESIAN_POINT ( 'NONE',  ( 43.48997904917523982, -20.66058604833138901, 6.200000000000001066 ) ) ;
#3311 = CIRCLE ( 'NONE', #2238, 1.000000000000000000 ) ;
#3312 = CARTESIAN_POINT ( 'NONE',  ( 43.56611540050975862, -2.638876762441346280, 0.000000000000000000 ) ) ;
#3313 = TOROIDAL_SURFACE ( 'NONE', #3436, 6.500000000000000000, 1.000000000000000000 ) ;
#3314 = LINE ( 'NONE', #1189, #1983 ) ;
#3315 = CYLINDRICAL_SURFACE ( 'NONE', #899, 1.050000000000253841 ) ;
#3316 = EDGE_CURVE ( 'NONE', #3683, #1574, #2104, .T. ) ;
#3317 = CIRCLE ( 'NONE', #1604, 19.00000000000000355 ) ;
#3318 = ORIENTED_EDGE ( 'NONE', *, *, #1081, .F. ) ;
#3319 = ORIENTED_EDGE ( 'NONE', *, *, #2932, .F. ) ;
#3320 = CARTESIAN_POINT ( 'NONE',  ( -6.706854249492542053, 5.656854249492139886, -13.79999999999999893 ) ) ;
#3321 = DIRECTION ( 'NONE',  ( 0.000000000000000000, -1.000000000000000000, 0.000000000000000000 ) ) ;
#3322 = CARTESIAN_POINT ( 'NONE',  ( 0.000000000000000000, 0.000000000000000000, 0.000000000000000000 ) ) ;
#3323 = AXIS2_PLACEMENT_3D ( 'NONE', #661, #1577, #1541 ) ;
#3324 = EDGE_CURVE ( 'NONE', #513, #897, #1728, .T. ) ;
#3325 = ORIENTED_EDGE ( 'NONE', *, *, #232, .T. ) ;
#3326 = EDGE_LOOP ( 'NONE', ( #320, #1285, #3675, #2982 ) ) ;
#3327 = DIRECTION ( 'NONE',  ( 0.000000000000000000, 0.000000000000000000, 1.000000000000000000 ) ) ;
#3328 = CARTESIAN_POINT ( 'NONE',  ( -2.528598933626911460, -9.416405228794099358, -54.44988512710717288 ) ) ;
#3329 = CARTESIAN_POINT ( 'NONE',  ( 58.30255800746398620, 7.499631649686397949, 6.224796611240982713 ) ) ;
#3330 = CARTESIAN_POINT ( 'NONE',  ( -8.225486823948159554, -6.259956494877047639, 0.000000000000000000 ) ) ;
#3331 = FACE_BOUND ( 'NONE', #3214, .T. ) ;
#3332 = DIRECTION ( 'NONE',  ( 0.000000000000000000, -0.000000000000000000, -1.000000000000000000 ) ) ;
#3333 = CARTESIAN_POINT ( 'NONE',  ( 0.000000000000000000, 0.000000000000000000, 6.200000000000000178 ) ) ;
#3334 = CYLINDRICAL_SURFACE ( 'NONE', #275, 1.050000000000000266 ) ;
#3335 = ORIENTED_EDGE ( 'NONE', *, *, #2973, .T. ) ;
#3336 = ORIENTED_EDGE ( 'NONE', *, *, #1124, .F. ) ;
#3337 = CARTESIAN_POINT ( 'NONE',  ( -6.706854249492542053, 5.656854249492139886, 0.000000000000000000 ) ) ;
#3338 = CARTESIAN_POINT ( 'NONE',  ( 0.000000000000000000, 0.000000000000000000, 6.200000000000000178 ) ) ;
#3339 = EDGE_CURVE ( 'NONE', #1382, #2781, #554, .T. ) ;
#3340 = ORIENTED_EDGE ( 'NONE', *, *, #960, .T. ) ;
#3341 = ORIENTED_EDGE ( 'NONE', *, *, #876, .F. ) ;
#3342 = EDGE_CURVE ( 'NONE', #507, #3682, #15, .T. ) ;
#3343 = ADVANCED_FACE ( 'NONE', ( #1243 ), #1565, .T. ) ;
#3344 = CARTESIAN_POINT ( 'NONE',  ( 53.31815863036900538, 6.186168524465709417, 6.396311963846422088 ) ) ;
#3345 = DIRECTION ( 'NONE',  ( 0.000000000000000000, -0.000000000000000000, -1.000000000000000000 ) ) ;
#3346 = CYLINDRICAL_SURFACE ( 'NONE', #3250, 3.762221576582363003 ) ;
#3347 = ORIENTED_EDGE ( 'NONE', *, *, #550, .F. ) ;
#3348 = CARTESIAN_POINT ( 'NONE',  ( 60.56348123872448497, 7.767782321639046472, 7.506217165272761171 ) ) ;
#3349 = CARTESIAN_POINT ( 'NONE',  ( 48.49199109517341100, -12.91624112364526766, 1.831515741719577318E-13 ) ) ;
#3350 = CARTESIAN_POINT ( 'NONE',  ( 73.43672193411326532, -24.10923241104898906, 60.09593062444025691 ) ) ;
#3351 = DIRECTION ( 'NONE',  ( -0.000000000000000000, -0.000000000000000000, 1.000000000000000000 ) ) ;
#3352 = CARTESIAN_POINT ( 'NONE',  ( 74.43293871879122037, -9.210898844064059787, 6.200000000000000178 ) ) ;
#3353 = ORIENTED_EDGE ( 'NONE', *, *, #3112, .F. ) ;
#3354 = ORIENTED_EDGE ( 'NONE', *, *, #2887, .T. ) ;
#3355 = CARTESIAN_POINT ( 'NONE',  ( -8.707127529965969615, 8.257477228361501886, 0.000000000000000000 ) ) ;
#3356 = CARTESIAN_POINT ( 'NONE',  ( 0.000000000000000000, 0.000000000000000000, 0.000000000000000000 ) ) ;
#3357 = ADVANCED_FACE ( 'NONE', ( #2126 ), #3334, .F. ) ;
#3358 = EDGE_LOOP ( 'NONE', ( #166, #2830, #696, #1099 ) ) ;
#3359 = ORIENTED_EDGE ( 'NONE', *, *, #2996, .T. ) ;
#3360 = PERSON_AND_ORGANIZATION ( #3064, #213 ) ;
#3361 = CARTESIAN_POINT ( 'NONE',  ( 59.25153723044969212, -11.46879986611805435, 6.200000000000000178 ) ) ;
#3362 = DIRECTION ( 'NONE',  ( 1.000000000000000000, 0.000000000000000000, 0.000000000000000000 ) ) ;
#3363 = ADVANCED_FACE ( 'NONE', ( #2448 ), #704, .T. ) ;
#3364 = AXIS2_PLACEMENT_3D ( 'NONE', #3704, #930, #984 ) ;
#3365 = FACE_BOUND ( 'NONE', #1085, .T. ) ;
#3366 = AXIS2_PLACEMENT_3D ( 'NONE', #441, #1936, #1622 ) ;
#3367 = EDGE_CURVE ( 'NONE', #2394, #2843, #1867, .T. ) ;
#3368 = CARTESIAN_POINT ( 'NONE',  ( -3.714609627610714782, 9.014664459338559865, 0.000000000000000000 ) ) ;
#3369 = CARTESIAN_POINT ( 'NONE',  ( 43.16244502779679237, -1.654178094483661488, 0.4490183779648392326 ) ) ;
#3370 = AXIS2_PLACEMENT_3D ( 'NONE', #1575, #2285, #84 ) ;
#3371 = CIRCLE ( 'NONE', #2379, 1.050000000000253841 ) ;
#3372 = ORIENTED_EDGE ( 'NONE', *, *, #3906, .T. ) ;
#3373 = FACE_BOUND ( 'NONE', #2685, .T. ) ;
#3374 = CYLINDRICAL_SURFACE ( 'NONE', #2692, 3.762221576582363003 ) ;
#3375 = AXIS2_PLACEMENT_3D ( 'NONE', #3661, #942, #928 ) ;
#3376 = AXIS2_PLACEMENT_3D ( 'NONE', #2063, #1440, #1143 ) ;
#3377 = ORIENTED_EDGE ( 'NONE', *, *, #1201, .F. ) ;
#3378 = VERTEX_POINT ( 'NONE', #1956 ) ;
#3379 = EDGE_CURVE ( 'NONE', #600, #1213, #388, .T. ) ;
#3380 = AXIS2_PLACEMENT_3D ( 'NONE', #1103, #1762, #230 ) ;
#3381 = CARTESIAN_POINT ( 'NONE',  ( 58.56771561635784451, -2.871970358628178843, -12.50934134512922036 ) ) ;
#3382 = CARTESIAN_POINT ( 'NONE',  ( -8.772324397136546992, -4.255446471453136148, 0.000000000000000000 ) ) ;
#3383 = LOCAL_TIME ( 15, 43, 21.00000000000000000, #2231 ) ;
#3384 = AXIS2_PLACEMENT_3D ( 'NONE', #3630, #3087, #3674 ) ;
#3385 = FACE_BOUND ( 'NONE', #399, .T. ) ;
#3386 = EDGE_CURVE ( 'NONE', #28, #374, #2490, .T. ) ;
#3387 = CARTESIAN_POINT ( 'NONE',  ( 0.000000000000000000, 0.000000000000000000, -3.800000000000000266 ) ) ;
#3388 = LINE ( 'NONE', #1564, #2737 ) ;
#3389 = CARTESIAN_POINT ( 'NONE',  ( 74.67348206009602052, -1.469651107615522312, 6.200000000000000178 ) ) ;
#3390 = ADVANCED_FACE ( 'NONE', ( #402 ), #419, .T. ) ;
#3391 = ORIENTED_EDGE ( 'NONE', *, *, #761, .T. ) ;
#3392 = PLANE ( 'NONE',  #2289 ) ;
#3393 = DIRECTION ( 'NONE',  ( -1.000000000000000000, 0.000000000000000000, 0.000000000000000000 ) ) ;
#3394 = EDGE_LOOP ( 'NONE', ( #198, #3217, #43, #371 ) ) ;
#3395 = ORIENTED_EDGE ( 'NONE', *, *, #2812, .F. ) ;
#3396 =( BOUNDED_CURVE ( )  B_SPLINE_CURVE ( 3, ( #3303, #2673, #1698, #2714 ),
 .UNSPECIFIED., .F., .T. ) 
 B_SPLINE_CURVE_WITH_KNOTS ( ( 4, 4 ),
 ( -8.881784197001252323E-16, 3.141592653589793116 ),
 .UNSPECIFIED. ) 
 CURVE ( )  GEOMETRIC_REPRESENTATION_ITEM ( )  RATIONAL_B_SPLINE_CURVE ( ( 1.000000000000000000, 0.3333333333333330373, 0.3333333333333330373, 1.000000000000000000 ) ) 
 REPRESENTATION_ITEM ( '' )  );
#3397 = PERSON_AND_ORGANIZATION ( #3064, #213 ) ;
#3398 = DIRECTION ( 'NONE',  ( 0.000000000000000000, 0.000000000000000000, 1.000000000000000000 ) ) ;
#3399 = CARTESIAN_POINT ( 'NONE',  ( 2.269255453254920951, 8.450620077122911411, 6.200000000000000178 ) ) ;
#3400 = ORIENTED_EDGE ( 'NONE', *, *, #262, .F. ) ;
#3401 = LINE ( 'NONE', #1825, #3185 ) ;
#3402 = DIRECTION ( 'NONE',  ( -1.000000000000000000, 0.000000000000000000, 0.000000000000000000 ) ) ;
#3403 = CARTESIAN_POINT ( 'NONE',  ( -3.826502395702260806, -9.602268910230696619, 6.200000000000000178 ) ) ;
#3404 = EDGE_CURVE ( 'NONE', #2518, #3647, #154, .T. ) ;
#3405 = EDGE_CURVE ( 'NONE', #892, #950, #1542, .T. ) ;
#3406 = CARTESIAN_POINT ( 'NONE',  ( -9.891682374222906304, -6.793719143995277321, 0.000000000000000000 ) ) ;
#3407 = ORIENTED_EDGE ( 'NONE', *, *, #3339, .F. ) ;
#3408 = DIRECTION ( 'NONE',  ( -0.000000000000000000, -0.000000000000000000, -1.000000000000000000 ) ) ;
#3409 = CARTESIAN_POINT ( 'NONE',  ( 51.69113567764433270, 4.357770556542407192, 6.200000000016732571 ) ) ;
#3410 = ORIENTED_EDGE ( 'NONE', *, *, #645, .F. ) ;
#3411 = EDGE_LOOP ( 'NONE', ( #2839, #637, #1754, #2822 ) ) ;
#3412 = CARTESIAN_POINT ( 'NONE',  ( 0.000000000000000000, 0.000000000000000000, 1.000000000000000000 ) ) ;
#3413 = CARTESIAN_POINT ( 'NONE',  ( -9.655930361154716479, -3.688996837790550209, 6.200000000000000178 ) ) ;
#3414 = VECTOR ( 'NONE', #1040, 1000.000000000000000 ) ;
#3415 = VERTEX_POINT ( 'NONE', #1901 ) ;
#3416 = CARTESIAN_POINT ( 'NONE',  ( 0.000000000000000000, 0.000000000000000000, 0.000000000000000000 ) ) ;
#3417 = AXIS2_PLACEMENT_3D ( 'NONE', #493, #1706, #1930 ) ;
#3418 = CARTESIAN_POINT ( 'NONE',  ( -5.025630336801854448, 9.032647924419228147, 0.000000000000000000 ) ) ;
#3419 = VECTOR ( 'NONE', #3351, 1000.000000000000000 ) ;
#3420 = DIRECTION ( 'NONE',  ( -0.000000000000000000, -0.000000000000000000, 1.000000000000000000 ) ) ;
#3421 = DIRECTION ( 'NONE',  ( -0.000000000000000000, 0.000000000000000000, 1.000000000000000000 ) ) ;
#3422 = EDGE_CURVE ( 'NONE', #1874, #93, #1793, .T. ) ;
#3423 = CARTESIAN_POINT ( 'NONE',  ( -8.707127529965969615, 8.257477228361501886, 6.200000000000000178 ) ) ;
#3424 = VECTOR ( 'NONE', #1037, 1000.000000000000114 ) ;
#3425 = DIRECTION ( 'NONE',  ( 1.000000000000000000, 0.000000000000000000, 0.000000000000000000 ) ) ;
#3426 = EDGE_LOOP ( 'NONE', ( #3021, #3540, #1646, #1537 ) ) ;
#3427 = CARTESIAN_POINT ( 'NONE',  ( 63.75643985352589027, -20.81858995727150230, 1.804441067462431979E-13 ) ) ;
#3428 = DIRECTION ( 'NONE',  ( -1.000000000000000000, 0.000000000000000000, 0.000000000000000000 ) ) ;
#3429 = CIRCLE ( 'NONE', #1468, 12.89999999999997904 ) ;
#3430 = EDGE_CURVE ( 'NONE', #658, #2598, #839, .T. ) ;
#3431 = AXIS2_PLACEMENT_3D ( 'NONE', #2898, #742, #1958 ) ;
#3432 = EDGE_LOOP ( 'NONE', ( #1833, #3036 ) ) ;
#3433 = VERTEX_POINT ( 'NONE', #1631 ) ;
#3434 = AXIS2_PLACEMENT_3D ( 'NONE', #733, #3825, #1946 ) ;
#3435 = EDGE_CURVE ( 'NONE', #2131, #2720, #2047, .T. ) ;
#3436 = AXIS2_PLACEMENT_3D ( 'NONE', #353, #1563, #69 ) ;
#3437 = CALENDAR_DATE ( 2026, 14, 4 ) ;
#3438 = CARTESIAN_POINT ( 'NONE',  ( -3.106632694473850265, 10.31580787075611561, 6.200000000000000178 ) ) ;
#3439 = AXIS2_PLACEMENT_3D ( 'NONE', #2817, #755, #2607 ) ;
#3440 = VERTEX_POINT ( 'NONE', #3475 ) ;
#3441 = VECTOR ( 'NONE', #2529, 1000.000000000000000 ) ;
#3442 = ORIENTED_EDGE ( 'NONE', *, *, #3094, .F. ) ;
#3443 = CYLINDRICAL_SURFACE ( 'NONE', #2418, 12.00000000000000178 ) ;
#3444 = LOCAL_TIME ( 15, 43, 21.00000000000000000, #2807 ) ;
#3445 = VECTOR ( 'NONE', #2486, 1000.000000000000000 ) ;
#3446 = DIRECTION ( 'NONE',  ( -0.9657851516711897233, 0.2593434803719909532, 0.000000000000000000 ) ) ;
#3447 = DIRECTION ( 'NONE',  ( -0.000000000000000000, 0.000000000000000000, 1.000000000000000000 ) ) ;
#3448 = CARTESIAN_POINT ( 'NONE',  ( 43.45186305072332544, -2.365543868039671427, 6.179569348763467751 ) ) ;
#3449 = CARTESIAN_POINT ( 'NONE',  ( 43.09157530381686740, -1.476020946829515568, -54.44988512710717288 ) ) ;
#3450 = DIRECTION ( 'NONE',  ( -0.000000000000000000, -0.000000000000000000, 1.000000000000000000 ) ) ;
#3451 = VERTEX_POINT ( 'NONE', #3500 ) ;
#3452 = CARTESIAN_POINT ( 'NONE',  ( 51.15721655431827486, 5.004939579977744302, 6.258573607877580436 ) ) ;
#3453 = CARTESIAN_POINT ( 'NONE',  ( -2.528598933626911904, -9.416405228794101134, 5.200000000000000178 ) ) ;
#3454 = EDGE_LOOP ( 'NONE', ( #3529, #3723, #478, #2465 ) ) ;
#3455 = EDGE_CURVE ( 'NONE', #80, #775, #1473, .T. ) ;
#3456 = VERTEX_POINT ( 'NONE', #1385 ) ;
#3457 = CYLINDRICAL_SURFACE ( 'NONE', #2038, 3.762221576582363003 ) ;
#3458 = DIRECTION ( 'NONE',  ( 0.9657851516711897233, -0.2593434803719908421, 0.000000000000000000 ) ) ;
#3459 = DIRECTION ( 'NONE',  ( 0.000000000000000000, 0.000000000000000000, 1.000000000000000000 ) ) ;
#3460 = EDGE_CURVE ( 'NONE', #3278, #2172, #3155, .T. ) ;
#3461 = ORIENTED_EDGE ( 'NONE', *, *, #3811, .T. ) ;
#3462 = EDGE_CURVE ( 'NONE', #80, #1327, #2173, .T. ) ;
#3463 = EDGE_LOOP ( 'NONE', ( #1293, #3729, #1674, #1645 ) ) ;
#3464 = CARTESIAN_POINT ( 'NONE',  ( -6.500000000000000000, 7.960204194457795477E-16, 6.200000000000001066 ) ) ;
#3465 = CARTESIAN_POINT ( 'NONE',  ( -1.050000000000024247, -8.000000000000000000, 0.000000000000000000 ) ) ;
#3466 = DIRECTION ( 'NONE',  ( -0.000000000000000000, -0.000000000000000000, -1.000000000000000000 ) ) ;
#3467 = CARTESIAN_POINT ( 'NONE',  ( 43.20145889358752811, -1.751722157000373592, 5.860224897454345161 ) ) ;
#3468 = DIRECTION ( 'NONE',  ( -0.08870069432740626536, -0.3303179759963836837, -0.9396926207859080948 ) ) ;
#3469 = CARTESIAN_POINT ( 'NONE',  ( -5.316835701505224776, 10.75784635153335245, 0.000000000000000000 ) ) ;
#3470 = DIRECTION ( 'NONE',  ( -0.000000000000000000, -0.000000000000000000, -1.000000000000000000 ) ) ;
#3471 = CARTESIAN_POINT ( 'NONE',  ( 49.35085698710526714, 3.685884137380389891, 6.200000000000001954 ) ) ;
#3472 = ORIENTED_EDGE ( 'NONE', *, *, #3190, .F. ) ;
#3473 = ORIENTED_EDGE ( 'NONE', *, *, #645, .T. ) ;
#3474 = CYLINDRICAL_SURFACE ( 'NONE', #2986, 3.762221576582363003 ) ;
#3475 = CARTESIAN_POINT ( 'NONE',  ( -6.706854249492492315, -5.656854249492621278, 6.200000000000000178 ) ) ;
#3476 = EDGE_CURVE ( 'NONE', #1642, #3440, #1970, .T. ) ;
#3477 = ORIENTED_EDGE ( 'NONE', *, *, #671, .F. ) ;
#3478 = ORIENTED_EDGE ( 'NONE', *, *, #3460, .T. ) ;
#3479 = CARTESIAN_POINT ( 'NONE',  ( -9.245380815148958931, 3.096035139153880511, 6.200000000000000178 ) ) ;
#3480 = CARTESIAN_POINT ( 'NONE',  ( 69.56062860272696469, 4.519779077202701778, 6.153729944387233530 ) ) ;
#3481 = EDGE_CURVE ( 'NONE', #1442, #3769, #3062, .T. ) ;
#3482 = DIRECTION ( 'NONE',  ( -0.6652859234174119951, -0.7465886686138770711, -0.000000000000000000 ) ) ;
#3483 = FACE_OUTER_BOUND ( 'NONE', #519, .T. ) ;
#3484 = CARTESIAN_POINT ( 'NONE',  ( 60.56348123872448497, -5.817339552778483025, 12.28161910199199980 ) ) ;
#3485 = CIRCLE ( 'NONE', #61, 19.00000000000000355 ) ;
#3486 = ADVANCED_FACE ( 'NONE', ( #1512 ), #3623, .T. ) ;
#3487 = CARTESIAN_POINT ( 'NONE',  ( 62.99561314417473312, 3.239826171304569069, 1.499999999999999556 ) ) ;
#3488 = AXIS2_PLACEMENT_3D ( 'NONE', #300, #2447, #1332 ) ;
#3489 = ORIENTED_EDGE ( 'NONE', *, *, #3339, .T. ) ;
#3490 = ORIENTED_EDGE ( 'NONE', *, *, #1052, .T. ) ;
#3491 = DIRECTION ( 'NONE',  ( -0.000000000000000000, 0.000000000000000000, 1.000000000000000000 ) ) ;
#3492 = LINE ( 'NONE', #1064, #1858 ) ;
#3493 = CIRCLE ( 'NONE', #68, 18.00000000000000355 ) ;
#3494 = CARTESIAN_POINT ( 'NONE',  ( -9.245380815148957154, 3.096035139153880067, 6.200000000000000178 ) ) ;
#3495 = ORIENTED_EDGE ( 'NONE', *, *, #1617, .T. ) ;
#3496 = VECTOR ( 'NONE', #1180, 1000.000000000000000 ) ;
#3497 = VERTEX_POINT ( 'NONE', #2091 ) ;
#3498 = DIRECTION ( 'NONE',  ( 1.000000000000000000, 0.000000000000000000, 0.000000000000000000 ) ) ;
#3499 = DIRECTION ( 'NONE',  ( -0.000000000000000000, -0.000000000000000000, 1.000000000000000000 ) ) ;
#3500 = CARTESIAN_POINT ( 'NONE',  ( 60.69653228021559954, -17.11450310477133385, 17.83647221435075281 ) ) ;
#3501 = CIRCLE ( 'NONE', #1722, 19.00000000000000355 ) ;
#3502 = EDGE_CURVE ( 'NONE', #1249, #202, #769, .T. ) ;
#3503 = ORIENTED_EDGE ( 'NONE', *, *, #995, .F. ) ;
#3504 = ORIENTED_EDGE ( 'NONE', *, *, #106, .F. ) ;
#3505 = AXIS2_PLACEMENT_3D ( 'NONE', #2428, #913, #2763 ) ;
#3506 = DIRECTION ( 'NONE',  ( -0.000000000000000000, -0.000000000000000000, -1.000000000000000000 ) ) ;
#3507 = CARTESIAN_POINT ( 'NONE',  ( 70.35606409909682668, 3.976360112987957329, 6.142114103572207107 ) ) ;
#3508 = CARTESIAN_POINT ( 'NONE',  ( 67.03071856893926395, 5.879253022419608676, 6.861669576202905851 ) ) ;
#3509 = DIRECTION ( 'NONE',  ( 0.9594929736144972576, 0.2817325568414301151, 0.000000000000000000 ) ) ;
#3510 = AXIS2_PLACEMENT_3D ( 'NONE', #3790, #168, #1368 ) ;
#3511 = AXIS2_PLACEMENT_3D ( 'NONE', #3874, #2360, #505 ) ;
#3512 = EDGE_CURVE ( 'NONE', #3566, #1675, #2994, .T. ) ;
#3513 = CC_DESIGN_APPROVAL ( #1902, ( #25 ) ) ;
#3514 = CIRCLE ( 'NONE', #2878, 3.762221576582363891 ) ;
#3515 = DIRECTION ( 'NONE',  ( -0.000000000000000000, 0.000000000000000000, 1.000000000000000000 ) ) ;
#3516 = DIRECTION ( 'NONE',  ( 0.8412535328311804284, 0.5406408174555985546, 0.000000000000000000 ) ) ;
#3517 = EDGE_CURVE ( 'NONE', #2926, #2594, #1071, .T. ) ;
#3518 = VERTEX_POINT ( 'NONE', #113 ) ;
#3519 = CARTESIAN_POINT ( 'NONE',  ( -9.891682374222906304, -6.793719143995277321, 6.200000000000000178 ) ) ;
#3520 = CARTESIAN_POINT ( 'NONE',  ( 46.21550417743294759, -13.31924295632233601, 6.199999999995865707 ) ) ;
#3521 = LINE ( 'NONE', #2860, #142 ) ;
#3522 = DIRECTION ( 'NONE',  ( 1.000000000000000000, 0.000000000000000000, 0.000000000000000000 ) ) ;
#3523 = ORIENTED_EDGE ( 'NONE', *, *, #3589, .F. ) ;
#3524 = ORIENTED_EDGE ( 'NONE', *, *, #1387, .F. ) ;
#3525 = CARTESIAN_POINT ( 'NONE',  ( 65.97083524797454857, -17.45637317687481627, 0.000000000000000000 ) ) ;
#3526 = DIRECTION ( 'NONE',  ( -0.000000000000000000, -0.000000000000000000, -1.000000000000000000 ) ) ;
#3527 = DIRECTION ( 'NONE',  ( 0.2593434803719908421, 0.9657851516711897233, 0.000000000000000000 ) ) ;
#3528 = EDGE_LOOP ( 'NONE', ( #3801, #581, #3606, #2488, #1262, #3395, #160 ) ) ;
#3529 = ORIENTED_EDGE ( 'NONE', *, *, #1576, .F. ) ;
#3530 = DIRECTION ( 'NONE',  ( -0.000000000000000000, 0.000000000000000000, 1.000000000000000000 ) ) ;
#3531 = DIRECTION ( 'NONE',  ( 0.000000000000000000, 0.000000000000000000, -1.000000000000000000 ) ) ;
#3532 = DIRECTION ( 'NONE',  ( 0.000000000000000000, 0.000000000000000000, 1.000000000000000000 ) ) ;
#3533 = FACE_OUTER_BOUND ( 'NONE', #3858, .T. ) ;
#3534 = EDGE_CURVE ( 'NONE', #76, #2785, #3492, .T. ) ;
#3535 = EDGE_CURVE ( 'NONE', #1302, #3518, #2539, .T. ) ;
#3536 = ORIENTED_EDGE ( 'NONE', *, *, #1069, .T. ) ;
#3537 = CARTESIAN_POINT ( 'NONE',  ( 70.40088339537823003, -16.12737904174373682, -4.336808689942017736E-16 ) ) ;
#3538 = CARTESIAN_POINT ( 'NONE',  ( 59.36957262586760464, -24.00451719171437048, 6.200000000000000178 ) ) ;
#3539 = CYLINDRICAL_SURFACE ( 'NONE', #3370, 10.00000000000000178 ) ;
#3540 = ORIENTED_EDGE ( 'NONE', *, *, #3919, .F. ) ;
#3541 = ORIENTED_EDGE ( 'NONE', *, *, #1928, .F. ) ;
#3542 = CARTESIAN_POINT ( 'NONE',  ( -9.655930361154716479, -3.688996837790550209, 6.200000000000000178 ) ) ;
#3543 = CARTESIAN_POINT ( 'NONE',  ( 73.65486722418982879, 0.9466429503969666648, 5.387055230987108700 ) ) ;
#3544 = EDGE_CURVE ( 'NONE', #2956, #2584, #882, .T. ) ;
#3545 = ORIENTED_EDGE ( 'NONE', *, *, #3455, .T. ) ;
#3546 = EDGE_LOOP ( 'NONE', ( #52, #871, #1414, #2506 ) ) ;
#3547 = PLANE ( 'NONE',  #3125 ) ;
#3548 = CARTESIAN_POINT ( 'NONE',  ( 65.97083524797454857, -17.45637317687481627, 1.000000000000000888 ) ) ;
#3549 = CARTESIAN_POINT ( 'NONE',  ( 70.94456941323178967, 2.570034413157419539, 6.612393977075983642 ) ) ;
#3550 = CARTESIAN_POINT ( 'NONE',  ( 3.535331853275972325, 9.713244437154374467, 6.200000000000000178 ) ) ;
#3551 = FACE_OUTER_BOUND ( 'NONE', #435, .T. ) ;
#3552 = CARTESIAN_POINT ( 'NONE',  ( 1.748767090068500618, 9.591887909306141324, 5.332758045444061956 ) ) ;
#3553 = EDGE_CURVE ( 'NONE', #1669, #1308, #3521, .T. ) ;
#3554 = VECTOR ( 'NONE', #743, 999.9999999999998863 ) ;
#3555 = ORIENTED_EDGE ( 'NONE', *, *, #2741, .T. ) ;
#3556 = CARTESIAN_POINT ( 'NONE',  ( 53.85461117760414140, -21.79334190733641918, 6.860833940805714626 ) ) ;
#3557 = DIRECTION ( 'NONE',  ( -0.000000000000000000, -0.000000000000000000, -1.000000000000000000 ) ) ;
#3558 = AXIS2_PLACEMENT_3D ( 'NONE', #2412, #3621, #812 ) ;
#3559 = VERTEX_POINT ( 'NONE', #790 ) ;
#3560 = ORIENTED_EDGE ( 'NONE', *, *, #3460, .F. ) ;
#3561 = CARTESIAN_POINT ( 'NONE',  ( 56.09592396296434913, -22.45435111358932545, -4.336808689942017736E-16 ) ) ;
#3562 = EDGE_CURVE ( 'NONE', #1965, #222, #3305, .T. ) ;
#3563 = CIRCLE ( 'NONE', #3815, 1.499999999999999778 ) ;
#3564 = AXIS2_PLACEMENT_3D ( 'NONE', #1031, #2866, #3804 ) ;
#3565 = ORIENTED_EDGE ( 'NONE', *, *, #728, .T. ) ;
#3566 = VERTEX_POINT ( 'NONE', #134 ) ;
#3567 = EDGE_CURVE ( 'NONE', #2938, #2072, #2369, .T. ) ;
#3568 = B_SPLINE_CURVE_WITH_KNOTS ( 'NONE', 3,
 ( #3587, #538, #2111, #3259, #2628, #2349, #1430, #2663, #2024, #3603, #854, #2088, #2069, #1756, #1152, #3865, #2963, #244, #2686, #2332, #3885, #2395, #1175, #2373 ),
 .UNSPECIFIED., .F., .F.,
 ( 4, 2, 2, 2, 2, 2, 2, 2, 2, 2, 2, 4 ),
 ( 1.831884623202964312E-17, 0.001419405048064327143, 0.002838810096128636072, 0.005677620192257282553, 0.008516430288385929900, 0.01135524038451457551, 0.01277464543257888011, 0.01419405048064318470, 0.01703286057677178694, 0.01845226562483609153, 0.01987167067290039613, 0.02271048076902900531 ),
 .UNSPECIFIED. ) ;
#3569 = VECTOR ( 'NONE', #2441, 999.9999999999998863 ) ;
#3570 = CARTESIAN_POINT ( 'NONE',  ( 73.12604939000705428, 1.511874705501680349, 5.481361999777866423 ) ) ;
#3571 = CARTESIAN_POINT ( 'NONE',  ( -2.367781342622153673, -8.424162798285033560, 0.000000000000000000 ) ) ;
#3572 = CYLINDRICAL_SURFACE ( 'NONE', #776, 1.050000000000691047 ) ;
#3573 = CIRCLE ( 'NONE', #3384, 18.00000000000000355 ) ;
#3574 = CARTESIAN_POINT ( 'NONE',  ( 64.41402385812254749, 6.808478780704364297, 6.422549527624809684 ) ) ;
#3575 = CARTESIAN_POINT ( 'NONE',  ( 56.48034913371072463, 3.250977454257147237, -4.336808689942017736E-16 ) ) ;
#3576 = AXIS2_PLACEMENT_3D ( 'NONE', #3948, #556, #3912 ) ;
#3577 = CARTESIAN_POINT ( 'NONE',  ( 1.468796456984841514, 8.625841232479809051, 6.200000000000000178 ) ) ;
#3578 =( GEOMETRIC_REPRESENTATION_CONTEXT ( 3 ) GLOBAL_UNCERTAINTY_ASSIGNED_CONTEXT ( ( #66 ) ) GLOBAL_UNIT_ASSIGNED_CONTEXT ( ( #1776, #1834, #2074 ) ) REPRESENTATION_CONTEXT ( 'NONE', 'WORKASPACE' ) );
#3579 = AXIS2_PLACEMENT_3D ( 'NONE', #2931, #1394, #3893 ) ;
#3580 = ORIENTED_EDGE ( 'NONE', *, *, #2850, .T. ) ;
#3581 = CARTESIAN_POINT ( 'NONE',  ( 69.21545094307477086, -15.42473035662640513, 1.902162487926609078E-13 ) ) ;
#3582 = CARTESIAN_POINT ( 'NONE',  ( 69.87978031834963133, -18.65256751721277695, 7.019999864881000029 ) ) ;
#3583 = LINE ( 'NONE', #534, #2051 ) ;
#3584 = DIRECTION ( 'NONE',  ( 0.000000000000000000, 0.000000000000000000, 1.000000000000000000 ) ) ;
#3585 = AXIS2_PLACEMENT_3D ( 'NONE', #3413, #2233, #2845 ) ;
#3586 = EDGE_LOOP ( 'NONE', ( #265, #531, #3876, #751 ) ) ;
#3587 = CARTESIAN_POINT ( 'NONE',  ( 72.83596343402555817, 1.089137618339757863, 6.340680999888787639 ) ) ;
#3588 = ADVANCED_FACE ( 'NONE', ( #1769 ), #1426, .F. ) ;
#3589 = EDGE_CURVE ( 'NONE', #3137, #3225, #1796, .T. ) ;
#3590 = VERTEX_POINT ( 'NONE', #2960 ) ;
#3591 = ORIENTED_EDGE ( 'NONE', *, *, #3386, .F. ) ;
#3592 = CARTESIAN_POINT ( 'NONE',  ( 65.75287673276842781, 6.438795065504380410, 6.718123657611399402 ) ) ;
#3593 = DIRECTION ( 'NONE',  ( -0.000000000000000000, 0.000000000000000000, 1.000000000000000000 ) ) ;
#3594 = EDGE_CURVE ( 'NONE', #2869, #2330, #903, .T. ) ;
#3595 = CARTESIAN_POINT ( 'NONE',  ( 5.500000000000000000, 0.000000000000000000, 1.000000000000000000 ) ) ;
#3596 = DIRECTION ( 'NONE',  ( 0.08870069432740626536, 0.3303179759963836837, 0.9396926207859080948 ) ) ;
#3597 = DIRECTION ( 'NONE',  ( -0.000000000000000000, -0.000000000000000000, -1.000000000000000000 ) ) ;
#3598 = CARTESIAN_POINT ( 'NONE',  ( 71.83179976397690325, -5.969859828161692583, -4.336808689942017736E-16 ) ) ;
#3599 = CARTESIAN_POINT ( 'NONE',  ( 47.64998480517873958, -0.05804591579335201951, 7.289946285610047205 ) ) ;
#3600 = DIRECTION ( 'NONE',  ( -0.9594929736144992560, 0.2817325568414236758, 0.000000000000000000 ) ) ;
#3601 = EDGE_LOOP ( 'NONE', ( #3472, #1157, #3489, #2116 ) ) ;
#3602 = VERTEX_POINT ( 'NONE', #2703 ) ;
#3603 = CARTESIAN_POINT ( 'NONE',  ( 65.29872741629034749, 6.566319462023110454, 6.237483328140002392 ) ) ;
#3604 = CARTESIAN_POINT ( 'NONE',  ( 43.56611540050975862, -2.638876762441346280, 0.000000000000000000 ) ) ;
#3605 = EDGE_LOOP ( 'NONE', ( #3175, #2053, #415, #2451 ) ) ;
#3606 = ORIENTED_EDGE ( 'NONE', *, *, #3594, .F. ) ;
#3607 = CC_DESIGN_PERSON_AND_ORGANIZATION_ASSIGNMENT ( #62, #1007, ( #2178 ) ) ;
#3608 = CARTESIAN_POINT ( 'NONE',  ( 55.94059723271285378, 7.263068997209299660, 6.140865745654754626 ) ) ;
#3609 = DIRECTION ( 'NONE',  ( 0.9594929736144972576, 0.2817325568414301151, 0.000000000000000000 ) ) ;
#3610 = CARTESIAN_POINT ( 'NONE',  ( -2.367781342622153229, -8.424162798285033560, 6.200000000000000178 ) ) ;
#3611 = CARTESIAN_POINT ( 'NONE',  ( 60.20869060285272667, 7.507379469009141992, 6.220256474077200615 ) ) ;
#3612 = CARTESIAN_POINT ( 'NONE',  ( -8.960702652603004026, 3.842955629672763607, 0.000000000000000000 ) ) ;
#3613 = DIRECTION ( 'NONE',  ( 1.000000000000000000, 0.000000000000000000, 0.000000000000000000 ) ) ;
#3614 = FACE_OUTER_BOUND ( 'NONE', #476, .T. ) ;
#3615 = CARTESIAN_POINT ( 'NONE',  ( 73.18484276936126776, -0.4081383184731061098, 7.429072908475522929 ) ) ;
#3616 = EDGE_CURVE ( 'NONE', #1669, #1067, #210, .T. ) ;
#3617 = CARTESIAN_POINT ( 'NONE',  ( -0.4909592881253760921, -8.928148144104289585, 0.000000000000000000 ) ) ;
#3618 = CARTESIAN_POINT ( 'NONE',  ( 53.30702990620989823, 5.742903519065736262, 7.446461092745927601 ) ) ;
#3619 = ORIENTED_EDGE ( 'NONE', *, *, #1638, .T. ) ;
#3620 = ORIENTED_EDGE ( 'NONE', *, *, #2846, .F. ) ;
#3621 = DIRECTION ( 'NONE',  ( -0.000000000000000000, -0.000000000000000000, -1.000000000000000000 ) ) ;
#3622 = DIRECTION ( 'NONE',  ( 1.000000000000000000, 0.000000000000000000, 0.000000000000000000 ) ) ;
#3623 = CYLINDRICAL_SURFACE ( 'NONE', #3120, 9.750000000000000000 ) ;
#3624 = CIRCLE ( 'NONE', #1584, 12.00000000000000178 ) ;
#3625 = ORIENTED_EDGE ( 'NONE', *, *, #86, .F. ) ;
#3626 = AXIS2_PLACEMENT_3D ( 'NONE', #3638, #628, #1506 ) ;
#3627 = ORIENTED_EDGE ( 'NONE', *, *, #2856, .F. ) ;
#3628 = CARTESIAN_POINT ( 'NONE',  ( -5.656854249491801490, -5.656854249492621278, 0.000000000000000000 ) ) ;
#3629 = AXIS2_PLACEMENT_3D ( 'NONE', #3793, #759, #418 ) ;
#3630 = CARTESIAN_POINT ( 'NONE',  ( 59.25153723044969212, -11.46879986611805435, 0.000000000000000000 ) ) ;
#3631 = DIRECTION ( 'NONE',  ( -1.000000000000000000, 0.000000000000000000, 0.000000000000000000 ) ) ;
#3632 = CARTESIAN_POINT ( 'NONE',  ( 60.56348123872448497, -17.98734456527751746, 16.55958333696964502 ) ) ;
#3633 = CIRCLE ( 'NONE', #2928, 1.050000000000691047 ) ;
#3634 = CARTESIAN_POINT ( 'NONE',  ( 0.000000000000000000, 0.000000000000000000, 6.200000000000000178 ) ) ;
#3635 = AXIS2_PLACEMENT_3D ( 'NONE', #762, #3468, #1982 ) ;
#3636 = EDGE_CURVE ( 'NONE', #405, #3913, #3317, .T. ) ;
#3637 = EDGE_CURVE ( 'NONE', #2537, #2938, #2117, .T. ) ;
#3638 = CARTESIAN_POINT ( 'NONE',  ( 0.000000000000000000, 0.000000000000000000, 5.200000000000000178 ) ) ;
#3639 = AXIS2_PLACEMENT_3D ( 'NONE', #1905, #3491, #2578 ) ;
#3640 = CARTESIAN_POINT ( 'NONE',  ( 73.31474474216034309, -13.64445331345917189, 6.199999999998622613 ) ) ;
#3641 = VECTOR ( 'NONE', #2237, 1000.000000000000000 ) ;
#3642 = DIRECTION ( 'NONE',  ( 0.2593434803719908976, 0.9657851516711896123, -0.000000000000000000 ) ) ;
#3643 = CYLINDRICAL_SURFACE ( 'NONE', #1546, 1.050000000000504530 ) ;
#3644 = TOROIDAL_SURFACE ( 'NONE', #3510, 9.000000000000001776, 1.000000000000000000 ) ;
#3645 = ADVANCED_FACE ( 'NONE', ( #2391 ), #3254, .T. ) ;
#3646 = CIRCLE ( 'NONE', #1668, 9.750000000000000000 ) ;
#3647 = VERTEX_POINT ( 'NONE', #2658 ) ;
#3648 = VERTEX_POINT ( 'NONE', #3617 ) ;
#3649 = CARTESIAN_POINT ( 'NONE',  ( -9.050000000000165912, -3.404420665312785391E-13, 0.000000000000000000 ) ) ;
#3650 = CARTESIAN_POINT ( 'NONE',  ( -4.648450871385579219, -11.06308747575985940, 0.000000000000000000 ) ) ;
#3651 = AXIS2_PLACEMENT_3D ( 'NONE', #3685, #24, #361 ) ;
#3652 = ORIENTED_EDGE ( 'NONE', *, *, #1953, .T. ) ;
#3653 = EDGE_LOOP ( 'NONE', ( #1021, #2055, #3335, #375, #1366, #3400, #270, #3208 ) ) ;
#3654 = CARTESIAN_POINT ( 'NONE',  ( 52.33178749913447092, 6.226460816586816271, 6.054070164895677841 ) ) ;
#3655 = CARTESIAN_POINT ( 'NONE',  ( -7.515045518445488959, 6.211810593996919039, 6.200000000000000178 ) ) ;
#3656 = FACE_OUTER_BOUND ( 'NONE', #3719, .T. ) ;
#3657 = CARTESIAN_POINT ( 'NONE',  ( 0.5386289757454962857, 11.98790552292131650, 0.000000000000000000 ) ) ;
#3658 = CARTESIAN_POINT ( 'NONE',  ( -12.78816239593672321, -0.5328811956230991020, 6.200000000000000178 ) ) ;
#3659 = CYLINDRICAL_SURFACE ( 'NONE', #3063, 9.750000000000000000 ) ;
#3660 = CARTESIAN_POINT ( 'NONE',  ( 56.09592396296434913, -22.45435111358932545, -4.336808689942017736E-16 ) ) ;
#3661 = CARTESIAN_POINT ( 'NONE',  ( -10.04909972764970050, 2.421008771658812453, 6.200000000000000178 ) ) ;
#3662 = CYLINDRICAL_SURFACE ( 'NONE', #640, 1.050000000000504530 ) ;
#3663 = CARTESIAN_POINT ( 'NONE',  ( 72.44324573895137576, 0.8567499150302603228, 7.451860353448987340 ) ) ;
#3664 = VERTEX_POINT ( 'NONE', #2345 ) ;
#3665 = CARTESIAN_POINT ( 'NONE',  ( 59.25153723044969212, -11.46879986611805435, 5.199999999999996625 ) ) ;
#3666 = DIRECTION ( 'NONE',  ( 0.08870069432740626536, 0.3303179759963836837, 0.9396926207859080948 ) ) ;
#3667 =( BOUNDED_SURFACE ( )  B_SPLINE_SURFACE ( 3, 2, ( 
 ( #1501, #1520, #3009 ),
 ( #1805, #2402, #822 ),
 ( #2077, #2988, #3267 ),
 ( #904, #3283, #564 ),
 ( #2037, #3027, #1779 ),
 ( #2121, #877, #1183 ),
 ( #544, #2339, #2698 ),
 ( #3329, #1745, #1164 ),
 ( #3302, #3895, #587 ),
 ( #844, #276, #609 ),
 ( #3611, #2098, #1822 ),
 ( #527, #296, #2713 ),
 ( #1438, #2652, #250 ),
 ( #3872, #1141, #1482 ),
 ( #2359, #3574, #1763 ),
 ( #2970, #2672, #1455 ),
 ( #2650, #542, #3592 ),
 ( #248, #1761, #858 ),
 ( #2634, #3833, #3508 ),
 ( #2034, #1102, #2075 ),
 ( #522, #2669, #780 ),
 ( #1696, #3280, #820 ),
 ( #2356, #3204, #3852 ),
 ( #2319, #3549, #2610 ),
 ( #2968, #170, #3870 ),
 ( #1742, #2950, #229 ),
 ( #3892, #561, #1453 ),
 ( #207, #1435, #1370 ) ),
 .UNSPECIFIED., .F., .F., .F. ) 
 B_SPLINE_SURFACE_WITH_KNOTS ( ( 4, 2, 2, 2, 2, 2, 2, 2, 2, 2, 2, 2, 2, 4 ),
 ( 3, 3 ),
 ( 0.004161555611912264724, 0.005703118167523901078, 0.007244680723135536564, 0.01032780583435880840, 0.01186936838997044302, 0.01341093094558207938, 0.01649405605680535208, 0.01803561861241698844, 0.01957718116802862479, 0.02111874372364026115, 0.02266030627925189750, 0.02574343139047517021, 0.02728499394608680656, 0.02882655650169844291 ),
 ( 0.03435382677248530886, 1.000000000000000000 ),
 .UNSPECIFIED. ) 
 GEOMETRIC_REPRESENTATION_ITEM ( )  RATIONAL_B_SPLINE_SURFACE ( (
 ( 0.9746861542150730973, 0.6315716739131790325, 1.000000000000000000),
 ( 0.9770390980329470842, 0.6658174048685203683, 1.000000000000000000),
 ( 0.9790944736655777803, 0.6957322036803503806, 1.000000000000000000),
 ( 0.9828072037947694906, 0.7497688347925116625, 1.000000000000000000),
 ( 0.9844646736633884121, 0.7738923462661490005, 1.000000000000000000),
 ( 0.9889792281510805250, 0.8395990653107342494, 1.000000000000000000),
 ( 0.9912995528491456154, 0.8733700439186182773, 1.000000000000000000),
 ( 0.9940778298597972018, 0.9138062525112070622, 1.000000000000000000),
 ( 0.9948851620372031190, 0.9255565035495051385, 1.000000000000000000),
 ( 0.9962574609429073469, 0.9455295172517700353, 1.000000000000000000),
 ( 0.9968203846962113701, 0.9537225456010149927, 1.000000000000000000),
 ( 0.9981697532659714600, 0.9733618215788644168, 1.000000000000000000),
 ( 0.9986222526146261158, 0.9799476868399814578, 1.000000000000000000),
 ( 0.9986248432634086125, 0.9799853922286642094, 1.000000000000000000),
 ( 0.9985107831418924551, 0.9783253133927374279, 1.000000000000000000),
 ( 0.9980591396248030822, 0.9717519042630886617, 1.000000000000000000),
 ( 0.9977216995509868847, 0.9668406599343123409, 1.000000000000000000),
 ( 0.9968182847482598419, 0.9536919820779830026, 1.000000000000000000),
 ( 0.9962524461968549350, 0.9454565305349553750, 1.000000000000000000),
 ( 0.9948720676683200370, 0.9253659226140855676, 1.000000000000000000),
 ( 0.9940533639602291416, 0.9134501655499179806, 1.000000000000000000),
 ( 0.9912391292273006194, 0.8724906131896168482, 1.000000000000000000),
 ( 0.9888917856715755406, 0.8383263907978762974, 1.000000000000000000),
 ( 0.9843477252606678274, 0.7721902301744683061, 1.000000000000000000),
 ( 0.9826523427116067300, 0.7475149216522314344, 1.000000000000000000),
 ( 0.9788047129563983706, 0.6915149048172799517, 1.000000000000000000),
 ( 0.9766740809234748522, 0.6605047927992790946, 1.000000000000000000),
 ( 0.9742315432756932791, 0.6249550756752217939, 1.000000000000000000) ) ) 
 REPRESENTATION_ITEM ( '' )  SURFACE ( )  );
#3668 = EDGE_CURVE ( 'NONE', #222, #2537, #3583, .T. ) ;
#3669 = ORIENTED_EDGE ( 'NONE', *, *, #3184, .F. ) ;
#3670 = ORIENTED_EDGE ( 'NONE', *, *, #3367, .F. ) ;
#3671 = ADVANCED_FACE ( 'NONE', ( #2084 ), #3926, .F. ) ;
#3672 = PERSON_AND_ORGANIZATION ( #3064, #213 ) ;
#3673 = DIRECTION ( 'NONE',  ( -0.000000000000000000, -0.000000000000000000, -1.000000000000000000 ) ) ;
#3674 = DIRECTION ( 'NONE',  ( 1.000000000000000000, 0.000000000000000000, 0.000000000000000000 ) ) ;
#3675 = ORIENTED_EDGE ( 'NONE', *, *, #3159, .F. ) ;
#3676 = CARTESIAN_POINT ( 'NONE',  ( 55.07059718117041314, -20.71954421125877133, 0.9869697850104636183 ) ) ;
#3677 = CARTESIAN_POINT ( 'NONE',  ( 6.706854249493484410, -5.656854249492140774, -13.79999999999999893 ) ) ;
#3678 = DIRECTION ( 'NONE',  ( 0.000000000000000000, -1.000000000000000000, 0.000000000000000000 ) ) ;
#3679 = LINE ( 'NONE', #1582, #3180 ) ;
#3680 = FACE_OUTER_BOUND ( 'NONE', #59, .T. ) ;
#3681 = DIRECTION ( 'NONE',  ( -0.000000000000000000, -0.000000000000000000, 1.000000000000000000 ) ) ;
#3682 = VERTEX_POINT ( 'NONE', #2367 ) ;
#3683 = VERTEX_POINT ( 'NONE', #2105 ) ;
#3684 = DIRECTION ( 'NONE',  ( 1.000000000000000000, 0.000000000000000000, 0.000000000000000000 ) ) ;
#3685 = CARTESIAN_POINT ( 'NONE',  ( 3.535331853275972325, 9.713244437154374467, 6.200000000000000178 ) ) ;
#3686 = ORIENTED_EDGE ( 'NONE', *, *, #1868, .T. ) ;
#3687 = EDGE_CURVE ( 'NONE', #2257, #2584, #711, .T. ) ;
#3688 = EDGE_LOOP ( 'NONE', ( #2693, #2766, #1760, #2564 ) ) ;
#3689 = CARTESIAN_POINT ( 'NONE',  ( 60.69653228021559954, -5.321862588783907277, 13.69115803317086311 ) ) ;
#3690 = DIRECTION ( 'NONE',  ( 1.000000000000000000, 0.000000000000000000, 0.000000000000000000 ) ) ;
#3691 = CIRCLE ( 'NONE', #1073, 9.750000000000000000 ) ;
#3692 = ADVANCED_FACE ( 'NONE', ( #572 ), #341, .T. ) ;
#3693 = CARTESIAN_POINT ( 'NONE',  ( -0.8000000000000000444, 0.000000000000000000, 6.200000000000000178 ) ) ;
#3694 = CARTESIAN_POINT ( 'NONE',  ( 0.000000000000000000, 0.000000000000000000, 0.000000000000000000 ) ) ;
#3695 = CIRCLE ( 'NONE', #1589, 1.050000000000524514 ) ;
#3696 = DIRECTION ( 'NONE',  ( 1.000000000000000000, 0.000000000000000000, 0.000000000000000000 ) ) ;
#3697 = AXIS2_PLACEMENT_3D ( 'NONE', #2760, #1504, #2715 ) ;
#3698 = DIRECTION ( 'NONE',  ( -1.000000000000000000, 0.000000000000000000, 0.000000000000000000 ) ) ;
#3699 = CARTESIAN_POINT ( 'NONE',  ( 74.45541383152912829, -4.701983266243026094, 7.344558465253011370 ) ) ;
#3700 = DIRECTION ( 'NONE',  ( 1.000000000000000000, 0.000000000000000000, 0.000000000000000000 ) ) ;
#3701 = TOROIDAL_SURFACE ( 'NONE', #1331, 18.00000000000000355, 1.000000000000000000 ) ;
#3702 = EDGE_LOOP ( 'NONE', ( #2857, #217, #1432, #1613, #1573, #157, #2028, #2207, #1961, #559, #730, #3354, #2888, #1236, #3720, #3545, #2455, #2293, #3336, #3652, #2605, #1705, #54, #247, #2771, #870, #1212, #817, #2273, #42, #2606, #577, #3391, #1618, #3908, #2907, #2647, #3325, #2900, #1827, #3105, #27, #793, #178, #3477, #2521, #2269, #331, #3760, #1246, #2842, #687, #1179 ) ) ;
#3703 = ORIENTED_EDGE ( 'NONE', *, *, #377, .T. ) ;
#3704 = CARTESIAN_POINT ( 'NONE',  ( -2.269255453254920063, -8.450620077122909635, 5.200000000000000178 ) ) ;
#3705 = DIRECTION ( 'NONE',  ( -0.000000000000000000, 0.000000000000000000, 1.000000000000000000 ) ) ;
#3706 = AXIS2_PLACEMENT_3D ( 'NONE', #2894, #739, #480 ) ;
#3707 = EDGE_LOOP ( 'NONE', ( #2946, #619, #3341, #2474 ) ) ;
#3708 = VERTEX_POINT ( 'NONE', #829 ) ;
#3709 = ADVANCED_FACE ( 'NONE', ( #2327 ), #392, .T. ) ;
#3710 = FACE_OUTER_BOUND ( 'NONE', #3394, .T. ) ;
#3711 = CARTESIAN_POINT ( 'NONE',  ( -6.500000000000000000, 7.960204194457795477E-16, 1.000000000000000000 ) ) ;
#3712 = AXIS2_PLACEMENT_3D ( 'NONE', #680, #2568, #1292 ) ;
#3713 = EDGE_LOOP ( 'NONE', ( #966, #2250 ) ) ;
#3714 = EDGE_CURVE ( 'NONE', #507, #3137, #3314, .T. ) ;
#3715 = EDGE_CURVE ( 'NONE', #2691, #1586, #3835, .T. ) ;
#3716 = CARTESIAN_POINT ( 'NONE',  ( 79.54494043563178707, -2.663659773674670994, 2.013030214988505318 ) ) ;
#3717 = DIRECTION ( 'NONE',  ( 1.000000000000000000, 0.000000000000000000, 0.000000000000000000 ) ) ;
#3718 = CARTESIAN_POINT ( 'NONE',  ( -7.999999999999661604, -3.405706544451890981E-13, 6.200000000000000178 ) ) ;
#3719 = EDGE_LOOP ( 'NONE', ( #811, #1028, #3193, #691 ) ) ;
#3720 = ORIENTED_EDGE ( 'NONE', *, *, #3462, .F. ) ;
#3721 = DIRECTION ( 'NONE',  ( -0.000000000000000000, 0.000000000000000000, 1.000000000000000000 ) ) ;
#3722 = DIRECTION ( 'NONE',  ( 1.000000000000000000, 0.000000000000000000, 0.000000000000000000 ) ) ;
#3723 = ORIENTED_EDGE ( 'NONE', *, *, #1797, .T. ) ;
#3724 = ORIENTED_EDGE ( 'NONE', *, *, #2617, .T. ) ;
#3725 = CALENDAR_DATE ( 2026, 14, 4 ) ;
#3726 = DIRECTION ( 'NONE',  ( 0.000000000000000000, 0.000000000000000000, 1.000000000000000000 ) ) ;
#3727 = CARTESIAN_POINT ( 'NONE',  ( 0.000000000000000000, 0.000000000000000000, 6.200000000000000178 ) ) ;
#3728 = CC_DESIGN_PERSON_AND_ORGANIZATION_ASSIGNMENT ( #3672, #1876, ( #25 ) ) ;
#3729 = ORIENTED_EDGE ( 'NONE', *, *, #253, .F. ) ;
#3730 = DIRECTION ( 'NONE',  ( -1.000000000000000000, 0.000000000000000000, 0.000000000000000000 ) ) ;
#3731 = DESIGN_CONTEXT ( 'detailed design', #457, 'design' ) ;
#3732 = CARTESIAN_POINT ( 'NONE',  ( -0.9662303906370903750, -10.29135985382434448, 0.000000000000000000 ) ) ;
#3733 = ADVANCED_FACE ( 'NONE', ( #3944 ), #3643, .F. ) ;
#3734 = CARTESIAN_POINT ( 'NONE',  ( -6.706854249492542053, 5.656854249492139886, 6.200000000000000178 ) ) ;
#3735 = CARTESIAN_POINT ( 'NONE',  ( 43.29253398508046047, -1.977136385732026103, 6.033126106499102193 ) ) ;
#3736 = LINE ( 'NONE', #443, #2680 ) ;
#3737 = CARTESIAN_POINT ( 'NONE',  ( -1.024417370216223144, 9.696033676282239000, 0.000000000000000000 ) ) ;
#3738 = EDGE_CURVE ( 'NONE', #3456, #2744, #2998, .T. ) ;
#3739 = CARTESIAN_POINT ( 'NONE',  ( 62.61118797342604836, -22.46550239654082759, -4.336808689942017736E-16 ) ) ;
#3740 = DIRECTION ( 'NONE',  ( -1.000000000000000000, 0.000000000000000000, 0.000000000000000000 ) ) ;
#3741 = ORIENTED_EDGE ( 'NONE', *, *, #908, .F. ) ;
#3742 = ORIENTED_EDGE ( 'NONE', *, *, #2494, .F. ) ;
#3743 = DIRECTION ( 'NONE',  ( 1.000000000000000000, 0.000000000000000000, 0.000000000000000000 ) ) ;
#3744 = CARTESIAN_POINT ( 'NONE',  ( 6.791818740117426359E-13, -8.000000000000000000, 0.000000000000000000 ) ) ;
#3745 = APPROVAL_STATUS ( 'not_yet_approved' ) ;
#3746 = DIRECTION ( 'NONE',  ( -1.000000000000000000, 1.224646799147352468E-16, 0.000000000000000000 ) ) ;
#3747 = ORIENTED_EDGE ( 'NONE', *, *, #3636, .F. ) ;
#3748 = AXIS2_PLACEMENT_3D ( 'NONE', #725, #110, #1019 ) ;
#3749 = EDGE_LOOP ( 'NONE', ( #382, #3084, #737, #1590 ) ) ;
#3750 = CIRCLE ( 'NONE', #504, 12.00000000000000533 ) ;
#3751 = CARTESIAN_POINT ( 'NONE',  ( 0.000000000000000000, 0.000000000000000000, 0.000000000000000000 ) ) ;
#3752 = VECTOR ( 'NONE', #1988, 1000.000000000000114 ) ;
#3753 = AXIS2_PLACEMENT_3D ( 'NONE', #545, #2001, #1122 ) ;
#3754 = DIRECTION ( 'NONE',  ( -0.000000000000000000, -0.000000000000000000, -1.000000000000000000 ) ) ;
#3755 = ORIENTED_EDGE ( 'NONE', *, *, #181, .T. ) ;
#3756 = CARTESIAN_POINT ( 'NONE',  ( 0.000000000000000000, 0.000000000000000000, -3.800000000000000266 ) ) ;
#3757 = CIRCLE ( 'NONE', #197, 9.999999999999994671 ) ;
#3758 = EDGE_CURVE ( 'NONE', #180, #3828, #907, .T. ) ;
#3759 = ADVANCED_FACE ( 'NONE', ( #1035 ), #1349, .T. ) ;
#3760 = ORIENTED_EDGE ( 'NONE', *, *, #2183, .T. ) ;
#3761 = ORIENTED_EDGE ( 'NONE', *, *, #3535, .T. ) ;
#3762 = CARTESIAN_POINT ( 'NONE',  ( 60.69653228021559954, 6.470777927203521074, 9.545843851990976958 ) ) ;
#3763 = CARTESIAN_POINT ( 'NONE',  ( 75.47365873980874085, -1.546506268531644190, 5.200000000440267556 ) ) ;
#3764 = VECTOR ( 'NONE', #141, 1000.000000000000000 ) ;
#3765 = AXIS2_PLACEMENT_3D ( 'NONE', #1202, #3332, #3073 ) ;
#3766 = CARTESIAN_POINT ( 'NONE',  ( 62.63005841204298463, 1.878514400869543799, 2.013030214988505318 ) ) ;
#3767 = AXIS2_PLACEMENT_3D ( 'NONE', #3042, #2381, #2456 ) ;
#3768 = ORIENTED_EDGE ( 'NONE', *, *, #2058, .T. ) ;
#3769 = VERTEX_POINT ( 'NONE', #499 ) ;
#3770 = DIRECTION ( 'NONE',  ( -0.000000000000000000, -0.000000000000000000, -1.000000000000000000 ) ) ;
#3771 = APPROVAL_PERSON_ORGANIZATION ( #2491, #2758, #117 ) ;
#3772 = AXIS2_PLACEMENT_3D ( 'NONE', #1325, #1616, #2829 ) ;
#3773 = DIRECTION ( 'NONE',  ( -0.000000000000000000, -0.000000000000000000, -1.000000000000000000 ) ) ;
#3774 = DIRECTION ( 'NONE',  ( 0.000000000000000000, 0.000000000000000000, 1.000000000000000000 ) ) ;
#3775 = CARTESIAN_POINT ( 'NONE',  ( 63.43546186766092632, 7.127290453864938868, 6.598931813587650019 ) ) ;
#3776 = CYLINDRICAL_SURFACE ( 'NONE', #880, 1.050000000000259837 ) ;
#3777 = ORIENTED_EDGE ( 'NONE', *, *, #1205, .T. ) ;
#3778 = EDGE_CURVE ( 'NONE', #2584, #1965, #205, .T. ) ;
#3779 = CARTESIAN_POINT ( 'NONE',  ( 49.54842427588057774, 4.885880713044495671, 5.223897139973767700 ) ) ;
#3780 = CARTESIAN_POINT ( 'NONE',  ( -2.520728868092884767, -9.391331190868003276, 5.462975621401011672 ) ) ;
#3781 = VERTEX_POINT ( 'NONE', #3808 ) ;
#3782 = EDGE_LOOP ( 'NONE', ( #496, #872, #1004, #242 ) ) ;
#3783 = CARTESIAN_POINT ( 'NONE',  ( -9.050000000000165912, -3.404420665312785391E-13, 6.200000000000000178 ) ) ;
#3784 = EDGE_CURVE ( 'NONE', #1730, #3869, #2632, .T. ) ;
#3785 = DIRECTION ( 'NONE',  ( 0.000000000000000000, 0.000000000000000000, 1.000000000000000000 ) ) ;
#3786 = CARTESIAN_POINT ( 'NONE',  ( -3.826502395702260806, -9.602268910230696619, 0.000000000000000000 ) ) ;
#3787 = ORIENTED_EDGE ( 'NONE', *, *, #3637, .F. ) ;
#3788 = VERTEX_POINT ( 'NONE', #1075 ) ;
#3789 = ADVANCED_FACE ( 'NONE', ( #462 ), #2032, .T. ) ;
#3790 = CARTESIAN_POINT ( 'NONE',  ( 65.97083524797454857, -17.45637317687481627, 1.000000000000000888 ) ) ;
#3791 = CARTESIAN_POINT ( 'NONE',  ( 72.83596343402555817, 1.089137618340021874, 6.340680999889103830 ) ) ;
#3792 = DIRECTION ( 'NONE',  ( -0.000000000000000000, -0.000000000000000000, -1.000000000000000000 ) ) ;
#3793 = CARTESIAN_POINT ( 'NONE',  ( 0.000000000000000000, 0.000000000000000000, 0.000000000000000000 ) ) ;
#3794 = CARTESIAN_POINT ( 'NONE',  ( 0.000000000000000000, 0.000000000000000000, 6.200000000000000178 ) ) ;
#3795 = DIRECTION ( 'NONE',  ( -0.1423148382732887796, 0.9898214418809321291, 0.000000000000000000 ) ) ;
#3796 = ORIENTED_EDGE ( 'NONE', *, *, #1572, .T. ) ;
#3797 = CARTESIAN_POINT ( 'NONE',  ( 57.67647113787761981, -22.87877739984200431, -4.336808689942017736E-16 ) ) ;
#3798 = CYLINDRICAL_SURFACE ( 'NONE', #337, 12.00000000000000178 ) ;
#3799 = DIRECTION ( 'NONE',  ( 0.000000000000000000, 0.000000000000000000, 1.000000000000000000 ) ) ;
#3800 = ADVANCED_FACE ( 'NONE', ( #2909 ), #1676, .T. ) ;
#3801 = ORIENTED_EDGE ( 'NONE', *, *, #883, .F. ) ;
#3802 = ORIENTED_EDGE ( 'NONE', *, *, #1766, .F. ) ;
#3803 = CARTESIAN_POINT ( 'NONE',  ( -2.528598933626911460, -9.416405228794099358, 5.199999999999996625 ) ) ;
#3804 = DIRECTION ( 'NONE',  ( 1.000000000000000000, 2.309263891220325920E-14, 0.000000000000000000 ) ) ;
#3805 = ADVANCED_FACE ( 'NONE', ( #3850, #778, #121, #1391, #1714, #1118, #1328, #2336, #798 ), #3547, .T. ) ;
#3806 = ORIENTED_EDGE ( 'NONE', *, *, #1548, .T. ) ;
#3807 = ORIENTED_EDGE ( 'NONE', *, *, #3079, .F. ) ;
#3808 = CARTESIAN_POINT ( 'NONE',  ( -7.218085806415214023, -6.554520370799629347, 0.000000000000000000 ) ) ;
#3809 = CARTESIAN_POINT ( 'NONE',  ( 59.70422963673456707, 7.523588839879877810, 6.296475536608959089 ) ) ;
#3810 = DIRECTION ( 'NONE',  ( -0.2593434803719908421, -0.9657851516711897233, 0.000000000000000000 ) ) ;
#3811 = EDGE_CURVE ( 'NONE', #359, #3683, #2184, .T. ) ;
#3812 = AXIS2_PLACEMENT_3D ( 'NONE', #2558, #1641, #3795 ) ;
#3813 = DIRECTION ( 'NONE',  ( -1.000000000000000000, 0.000000000000000000, 0.000000000000000000 ) ) ;
#3814 = CARTESIAN_POINT ( 'NONE',  ( 1.468796456984841514, 8.625841232479809051, 0.000000000000000000 ) ) ;
#3815 = AXIS2_PLACEMENT_3D ( 'NONE', #1603, #2203, #741 ) ;
#3816 = DIRECTION ( 'NONE',  ( 1.000000000000000000, 0.000000000000000000, 0.000000000000000000 ) ) ;
#3817 = ORIENTED_EDGE ( 'NONE', *, *, #467, .T. ) ;
#3818 = CARTESIAN_POINT ( 'NONE',  ( -2.528598933626911016, -9.416405228794099358, 5.332720260684732594 ) ) ;
#3819 = AXIS2_PLACEMENT_3D ( 'NONE', #2688, #1795, #2413 ) ;
#3820 = ORIENTED_EDGE ( 'NONE', *, *, #3324, .T. ) ;
#3821 = AXIS2_PLACEMENT_3D ( 'NONE', #1540, #3327, #660 ) ;
#3822 = ORIENTED_EDGE ( 'NONE', *, *, #2206, .F. ) ;
#3823 = FACE_OUTER_BOUND ( 'NONE', #2092, .T. ) ;
#3824 = CARTESIAN_POINT ( 'NONE',  ( 74.39326057766581357, -1.393521434277062765, 6.212032146893750273 ) ) ;
#3825 = DIRECTION ( 'NONE',  ( -0.000000000000000000, -0.000000000000000000, -1.000000000000000000 ) ) ;
#3826 = CIRCLE ( 'NONE', #75, 3.762221576582363003 ) ;
#3827 = ORIENTED_EDGE ( 'NONE', *, *, #1517, .T. ) ;
#3828 = VERTEX_POINT ( 'NONE', #3464 ) ;
#3829 = EDGE_CURVE ( 'NONE', #1586, #2691, #3183, .T. ) ;
#3830 = AXIS2_PLACEMENT_3D ( 'NONE', #2701, #593, #567 ) ;
#3831 = DIRECTION ( 'NONE',  ( 0.1423148382732820072, 0.9898214418809331283, 0.000000000000000000 ) ) ;
#3832 = CARTESIAN_POINT ( 'NONE',  ( 64.38549170063566862, 6.848953920948627427, 6.176553098849671741 ) ) ;
#3833 = CARTESIAN_POINT ( 'NONE',  ( 67.01538738660549654, 5.759312905680852523, 6.544130574476388240 ) ) ;
#3834 = DIRECTION ( 'NONE',  ( -0.000000000000000000, -0.000000000000000000, 1.000000000000000000 ) ) ;
#3835 = CIRCLE ( 'NONE', #773, 1.050000000000253841 ) ;
#3836 = AXIS2_PLACEMENT_3D ( 'NONE', #2635, #562, #502 ) ;
#3837 = CARTESIAN_POINT ( 'NONE',  ( 47.02187055719779352, -8.047148935705578765, -4.336808689942017736E-16 ) ) ;
#3838 = ADVANCED_FACE ( 'NONE', ( #1694 ), #3644, .T. ) ;
#3839 = CIRCLE ( 'NONE', #2243, 12.49999999999996980 ) ;
#3840 = CARTESIAN_POINT ( 'NONE',  ( 5.656854249492480058, 5.656854249492620390, 6.200000000000000178 ) ) ;
#3841 = ORIENTED_EDGE ( 'NONE', *, *, #2156, .F. ) ;
#3842 = CARTESIAN_POINT ( 'NONE',  ( 51.41093994263088263, -20.32627721486422345, 6.878171545709094836 ) ) ;
#3843 = DIRECTION ( 'NONE',  ( 1.000000000000000000, 0.000000000000000000, 0.000000000000000000 ) ) ;
#3844 = DIRECTION ( 'NONE',  ( -0.6548607339452886533, 0.7557495743542551603, 0.000000000000000000 ) ) ;
#3845 = ORIENTED_EDGE ( 'NONE', *, *, #2323, .T. ) ;
#3846 = CARTESIAN_POINT ( 'NONE',  ( 56.46147869509609052, -21.09303934315430240, 0.9869697850114944604 ) ) ;
#3847 = CARTESIAN_POINT ( 'NONE',  ( 75.85322847138036195, -2.228461780268264469, 6.200000000000002842 ) ) ;
#3848 = VERTEX_POINT ( 'NONE', #2571 ) ;
#3849 = EDGE_LOOP ( 'NONE', ( #1817, #2282, #1610, #1044 ) ) ;
#3850 = FACE_BOUND ( 'NONE', #2414, .T. ) ;
#3851 = CARTESIAN_POINT ( 'NONE',  ( 64.38587425772855966, 6.848868310733864817, 6.196563498107038548 ) ) ;
#3852 = CARTESIAN_POINT ( 'NONE',  ( 70.11372774388686935, 3.796410123107890389, 7.275880849488630453 ) ) ;
#3853 = CARTESIAN_POINT ( 'NONE',  ( 2.528598933626911460, 9.416405228794101134, 1.000000000000000888 ) ) ;
#3854 = EDGE_CURVE ( 'NONE', #2884, #2287, #2554, .T. ) ;
#3855 = CARTESIAN_POINT ( 'NONE',  ( 55.48345181570693541, 1.330697989094772771, 1.910253252027317217 ) ) ;
#3856 = CARTESIAN_POINT ( 'NONE',  ( 1.714540820364166773, 9.391692183611795031, 5.818134769452806943 ) ) ;
#3857 = EDGE_CURVE ( 'NONE', #1308, #131, #591, .T. ) ;
#3858 = EDGE_LOOP ( 'NONE', ( #1467, #2947, #223, #1845 ) ) ;
#3859 = LINE ( 'NONE', #1461, #2357 ) ;
#3860 = CARTESIAN_POINT ( 'NONE',  ( 66.32593914803209145, -21.32004729696482315, 6.942559759591746982 ) ) ;
#3861 = CARTESIAN_POINT ( 'NONE',  ( -0.04003029796722216288, -9.049236663125189040, 6.200000000000000178 ) ) ;
#3862 = EDGE_CURVE ( 'NONE', #3, #97, #1899, .T. ) ;
#3863 = ORIENTED_EDGE ( 'NONE', *, *, #2073, .F. ) ;
#3864 = ORIENTED_EDGE ( 'NONE', *, *, #236, .F. ) ;
#3865 = CARTESIAN_POINT ( 'NONE',  ( 59.72283993404080604, 7.523087337665668173, 6.295879403603533042 ) ) ;
#3866 = FACE_OUTER_BOUND ( 'NONE', #2165, .T. ) ;
#3867 = CARTESIAN_POINT ( 'NONE',  ( 56.93422517271266514, 7.412781756628502805, 5.893043029338422834 ) ) ;
#3868 = ORIENTED_EDGE ( 'NONE', *, *, #3738, .T. ) ;
#3869 = VERTEX_POINT ( 'NONE', #2895 ) ;
#3870 = CARTESIAN_POINT ( 'NONE',  ( 71.37526554602260376, 2.415610924290152450, 7.412737962217542886 ) ) ;
#3871 = DIRECTION ( 'NONE',  ( 1.000000000000000000, 0.000000000000000000, 0.000000000000000000 ) ) ;
#3872 = CARTESIAN_POINT ( 'NONE',  ( 63.96188393655612714, 6.943570858928381107, 6.213907569286226895 ) ) ;
#3873 = CARTESIAN_POINT ( 'NONE',  ( 59.76906817899099877, 2.326279052672202141, 1.999677411677090122 ) ) ;
#3874 = CARTESIAN_POINT ( 'NONE',  ( 63.63674392462662155, -26.14843954191551845, 5.200000000000000178 ) ) ;
#3875 = AXIS2_PLACEMENT_3D ( 'NONE', #3632, #297, #2003 ) ;
#3876 = ORIENTED_EDGE ( 'NONE', *, *, #1734, .F. ) ;
#3877 = CARTESIAN_POINT ( 'NONE',  ( 67.07950740794400701, -20.09475343404387004, -4.336808689942017736E-16 ) ) ;
#3878 = CARTESIAN_POINT ( 'NONE',  ( 55.10810646681747471, -22.55803808647814535, 6.200000000000001066 ) ) ;
#3879 = CARTESIAN_POINT ( 'NONE',  ( -6.128663263119058513, -8.323771706143375582, 6.200000000000000178 ) ) ;
#3880 = EDGE_CURVE ( 'NONE', #97, #3869, #2810, .T. ) ;
#3881 = DIRECTION ( 'NONE',  ( -0.000000000000000000, -0.000000000000000000, -1.000000000000000000 ) ) ;
#3882 = CIRCLE ( 'NONE', #2161, 10.99999999999997158 ) ;
#3883 = ORIENTED_EDGE ( 'NONE', *, *, #2058, .F. ) ;
#3884 = ORIENTED_EDGE ( 'NONE', *, *, #684, .T. ) ;
#3885 = CARTESIAN_POINT ( 'NONE',  ( 55.54105988218338297, 6.956421036859860685, 6.405101682234829674 ) ) ;
#3886 = AXIS2_PLACEMENT_3D ( 'NONE', #996, #3774, #724 ) ;
#3887 = CARTESIAN_POINT ( 'NONE',  ( -2.070630938732226145, 11.82000370201147454, 6.200000000000000178 ) ) ;
#3888 = AXIS2_PLACEMENT_3D ( 'NONE', #200, #3499, #748 ) ;
#3889 = ORIENTED_EDGE ( 'NONE', *, *, #620, .T. ) ;
#3890 = ORIENTED_EDGE ( 'NONE', *, *, #1260, .F. ) ;
#3891 = AXIS2_PLACEMENT_3D ( 'NONE', #3240, #310, #4 ) ;
#3892 = CARTESIAN_POINT ( 'NONE',  ( 72.90038785584712855, 1.683389153376691150, 6.206939359094159059 ) ) ;
#3893 = DIRECTION ( 'NONE',  ( 1.000000000000000000, 0.000000000000000000, 0.000000000000000000 ) ) ;
#3894 = AXIS2_PLACEMENT_3D ( 'NONE', #2255, #735, #2526 ) ;
#3895 = CARTESIAN_POINT ( 'NONE',  ( 58.83020478114607954, 7.354187917612859060, 6.587636394401243045 ) ) ;
#3896 = DIRECTION ( 'NONE',  ( -1.000000000000000000, 0.000000000000000000, 0.000000000000000000 ) ) ;
#3897 = CARTESIAN_POINT ( 'NONE',  ( 62.44004183234250149, 1.170899962354056356, -4.336808689942017736E-16 ) ) ;
#3898 = AXIS2_PLACEMENT_3D ( 'NONE', #3484, #683, #1623 ) ;
#3899 = DIRECTION ( 'NONE',  ( -0.000000000000000000, -0.000000000000000000, -1.000000000000000000 ) ) ;
#3900 = CIRCLE ( 'NONE', #3767, 12.00000000000000355 ) ;
#3901 = AXIS2_PLACEMENT_3D ( 'NONE', #2697, #483, #3917 ) ;
#3902 = CARTESIAN_POINT ( 'NONE',  ( -8.394264104813469629, -4.959720772245162834, 0.000000000000000000 ) ) ;
#3903 = CARTESIAN_POINT ( 'NONE',  ( 48.59029123457576560, 1.183417608733075888, 6.199999999999993072 ) ) ;
#3904 = DIRECTION ( 'NONE',  ( 1.000000000000000000, 0.000000000000000000, 0.000000000000000000 ) ) ;
#3905 = AXIS2_PLACEMENT_3D ( 'NONE', #3711, #413, #3746 ) ;
#3906 = EDGE_CURVE ( 'NONE', #3602, #492, #1055, .T. ) ;
#3907 = ADVANCED_FACE ( 'NONE', ( #799 ), #228, .T. ) ;
#3908 = ORIENTED_EDGE ( 'NONE', *, *, #1340, .F. ) ;
#3909 = ORIENTED_EDGE ( 'NONE', *, *, #3534, .F. ) ;
#3910 = CARTESIAN_POINT ( 'NONE',  ( 1.050000000000000266, 8.000000000000000000, 0.000000000000000000 ) ) ;
#3911 = CARTESIAN_POINT ( 'NONE',  ( 6.791818740117426359E-13, -8.000000000000000000, 6.200000000000000178 ) ) ;
#3912 = DIRECTION ( 'NONE',  ( 1.000000000000000000, 0.000000000000000000, 0.000000000000000000 ) ) ;
#3913 = VERTEX_POINT ( 'NONE', #3203 ) ;
#3914 = EDGE_CURVE ( 'NONE', #405, #2072, #1163, .T. ) ;
#3915 = ORIENTED_EDGE ( 'NONE', *, *, #998, .F. ) ;
#3916 = CARTESIAN_POINT ( 'NONE',  ( 0.000000000000000000, 8.000000000000000000, 0.000000000000000000 ) ) ;
#3917 = DIRECTION ( 'NONE',  ( 0.000000000000000000, -0.9434112412789963376, 0.3316251344943916268 ) ) ;
#3918 = DIRECTION ( 'NONE',  ( 1.000000000000000000, 0.000000000000000000, 0.000000000000000000 ) ) ;
#3919 = EDGE_CURVE ( 'NONE', #3278, #1294, #1667, .T. ) ;
#3920 = DIRECTION ( 'NONE',  ( 0.000000000000000000, 0.000000000000000000, 1.000000000000000000 ) ) ;
#3921 = CARTESIAN_POINT ( 'NONE',  ( 53.56817983197774424, -20.34606599269339711, -1.783900081008559135E-13 ) ) ;
#3922 = CARTESIAN_POINT ( 'NONE',  ( 72.39581190792502241, 0.8286813069954286348, 5.481361999777489835 ) ) ;
#3923 = ADVANCED_FACE ( 'NONE', ( #1101 ), #420, .T. ) ;
#3924 = CARTESIAN_POINT ( 'NONE',  ( 65.33049702598198394, 0.8328616911356520047, 1.999677411677481143 ) ) ;
#3925 = DIRECTION ( 'NONE',  ( -0.000000000000000000, -0.000000000000000000, 1.000000000000000000 ) ) ;
#3926 = CYLINDRICAL_SURFACE ( 'NONE', #965, 1.050000000000040457 ) ;
#3927 = CARTESIAN_POINT ( 'NONE',  ( 78.25153723044969922, -11.46879986611805435, 1.000000000000000888 ) ) ;
#3928 = ORIENTED_EDGE ( 'NONE', *, *, #722, .F. ) ;
#3929 = DIRECTION ( 'NONE',  ( -0.000000000000000000, -0.000000000000000000, -1.000000000000000000 ) ) ;
#3930 = EDGE_LOOP ( 'NONE', ( #3742, #321, #2317, #3156 ) ) ;
#3931 = ORIENTED_EDGE ( 'NONE', *, *, #3687, .F. ) ;
#3932 = DIRECTION ( 'NONE',  ( 0.1423148382732820072, 0.9898214418809331283, 0.000000000000000000 ) ) ;
#3933 = EDGE_CURVE ( 'NONE', #226, #3278, #3249, .T. ) ;
#3934 = EDGE_CURVE ( 'NONE', #1360, #1343, #3900, .T. ) ;
#3935 = CARTESIAN_POINT ( 'NONE',  ( 52.19796585968395419, 6.173397585376303454, 7.199999999999997513 ) ) ;
#3936 = CYLINDRICAL_SURFACE ( 'NONE', #5, 1.050000000000000266 ) ;
#3937 = CARTESIAN_POINT ( 'NONE',  ( 1.050000000001382494, -8.000000000000000000, -13.79999999999999893 ) ) ;
#3938 = CARTESIAN_POINT ( 'NONE',  ( 1.343324028180502561, 11.92457464882135376, 0.000000000000000000 ) ) ;
#3939 = EDGE_CURVE ( 'NONE', #658, #3648, #2264, .T. ) ;
#3940 = CARTESIAN_POINT ( 'NONE',  ( 0.000000000000000000, 0.000000000000000000, 0.000000000000000000 ) ) ;
#3941 = CARTESIAN_POINT ( 'NONE',  ( 52.73221643573198492, 5.361394061567974489, 7.435003402773697090 ) ) ;
#3942 = CARTESIAN_POINT ( 'NONE',  ( 43.10734808567836041, -1.515899792635845289, 0.7041999213808057823 ) ) ;
#3943 = PLANE ( 'NONE',  #579 ) ;
#3944 = FACE_OUTER_BOUND ( 'NONE', #1428, .T. ) ;
#3945 = ORIENTED_EDGE ( 'NONE', *, *, #1576, .T. ) ;
#3946 = CARTESIAN_POINT ( 'NONE',  ( -12.80000000000000249, 0.000000000000000000, 6.200000000000000178 ) ) ;
#3947 = DIRECTION ( 'NONE',  ( 0.000000000000000000, 0.000000000000000000, 1.000000000000000000 ) ) ;
#3948 = CARTESIAN_POINT ( 'NONE',  ( 0.000000000000000000, 0.000000000000000000, 6.200000000000000178 ) ) ;
#3949 =( BOUNDED_CURVE ( )  B_SPLINE_CURVE ( 3, ( #3561, #3000, #287, #1408 ),
 .UNSPECIFIED., .F., .T. ) 
 B_SPLINE_CURVE_WITH_KNOTS ( ( 4, 4 ),
 ( 3.141592653589793116, 6.283185307179585344 ),
 .UNSPECIFIED. ) 
 CURVE ( )  GEOMETRIC_REPRESENTATION_ITEM ( )  RATIONAL_B_SPLINE_CURVE ( ( 1.000000000000000000, 0.3333333333333333703, 0.3333333333333333703, 1.000000000000000000 ) ) 
 REPRESENTATION_ITEM ( '' )  );
#3950 = AXIS2_PLACEMENT_3D ( 'NONE', #3542, #3929, #1193 ) ;
ENDSEC;
END-ISO-10303-21;
